timestamp,temperature_raw,temperature_corrected,temperature_bias_est,temperature_uncertainty_std,temperature_ci95_lower,temperature_ci95_upper,temperature_ci99_lower,temperature_ci99_upper,pressure_raw,pressure_corrected,pressure_bias_est,pressure_uncertainty_std,pressure_ci95_lower,pressure_ci95_upper,pressure_ci99_lower,pressure_ci99_upper,humidity_raw,humidity_corrected,humidity_bias_est,humidity_uncertainty_std,humidity_ci95_lower,humidity_ci95_upper,humidity_ci99_lower,humidity_ci99_upper,wind_speed_raw,wind_speed_corrected,wind_speed_bias_est,wind_speed_uncertainty_std,wind_speed_ci95_lower,wind_speed_ci95_upper,wind_speed_ci99_lower,wind_speed_ci99_upper,is_anomaly,anomaly_severity,anomaly_type,anomaly_confidence
2026-09-01 00:00:00,15.270482430928983,15.27,0.0,1.417,12.49,18.05,11.62,18.92,1026.4103227738035,1026.41,0.0,1.421,1023.63,1029.2,1022.75,1030.07,89.40702316575548,89.41,0.0,2.049,85.39,93.42,84.13,94.69,4.859412627597085,4.86,0.0,1.469,1.98,7.74,1.07,8.64,False,NORMAL,NORMAL,0.813
2026-09-01 00:05:00,14.949580069047563,14.95,0.005,1.417,12.17,17.72,11.3,18.59,1026.1481000249103,1026.15,0.001,1.42,1023.36,1028.93,1022.49,1029.81,88.66870065478699,88.67,-0.0,1.909,84.93,92.41,83.75,93.59,1.7012663216137964,1.66,0.039,1.475,0.0,4.55,0.0,5.46,False,NORMAL,NORMAL,0.763
2026-09-01 00:10:00,15.200387693600748,15.2,-0.0,1.416,12.43,17.98,11.55,18.85,1026.5400324022432,1026.54,-0.001,1.42,1023.76,1029.32,1022.88,1030.2,91.44446794207276,91.45,-0.002,1.942,87.64,95.25,86.44,96.45,5.862453463585882,5.84,0.027,1.471,2.95,8.72,2.05,9.63,False,NORMAL,NORMAL,0.632
2026-09-01 00:15:00,15.49032660959441,15.49,-0.001,1.415,12.72,18.26,11.85,19.14,1026.2522387293352,1026.25,-0.0,1.419,1023.47,1029.03,1022.6,1029.91,91.2856541532258,91.29,-0.002,1.938,87.49,95.09,86.29,96.28,6.250026832573804,6.23,0.025,1.471,3.34,9.11,2.44,10.01,False,NORMAL,NORMAL,0.7
2026-09-01 00:20:00,14.730668429031683,14.73,-0.001,1.415,11.96,17.5,11.09,18.38,1026.4379035231136,1026.44,-0.0,1.419,1023.66,1029.22,1022.78,1030.09,90.54216917632995,90.54,-0.002,1.934,86.75,94.33,85.56,95.53,10.071626577317435,10.05,0.025,1.471,7.16,12.93,6.26,13.84,False,NORMAL,NORMAL,0.66
2026-09-01 00:25:00,14.677338029418948,14.68,-0.001,1.415,11.91,17.45,11.03,18.32,1026.4586998565367,1026.46,-0.0,1.419,1023.68,1029.24,1022.8,1030.11,91.14727624370227,91.15,-0.002,1.933,87.36,94.94,86.17,96.13,3.0207079965668657,3.0,0.025,1.471,0.11,5.88,0.0,6.79,False,NORMAL,NORMAL,0.739
2026-09-01 00:30:00,15.352822448941637,15.35,-0.001,1.415,12.58,18.13,11.71,19.0,1026.606784830639,1026.61,-0.0,1.419,1023.83,1029.39,1022.95,1030.26,90.93688110970278,90.94,-0.002,1.933,87.15,94.73,85.96,95.92,0.7506817777605612,0.73,0.025,1.471,0.0,3.61,0.0,4.52,False,NORMAL,NORMAL,0.694
2026-09-01 00:35:00,14.981769099494782,14.98,-0.001,1.415,12.21,17.76,11.34,18.63,1026.1893924916376,1026.19,-0.0,1.419,1023.41,1028.97,1022.53,1029.85,91.49107534727173,91.49,-0.002,1.933,87.7,95.28,86.51,96.47,4.8847804652144795,4.86,0.025,1.471,1.98,7.74,1.07,8.65,False,NORMAL,NORMAL,0.643
2026-09-01 00:40:00,14.444206936320844,14.44,-0.001,1.415,11.67,17.22,10.8,18.09,1025.9132829805521,1025.91,-0.0,1.419,1023.13,1028.69,1022.26,1029.57,90.7413066034338,90.74,-0.002,1.934,86.95,94.53,85.76,95.72,6.092023857701803,6.07,0.025,1.471,3.18,8.95,2.28,9.86,False,NORMAL,NORMAL,0.771
2026-09-01 00:45:00,14.809794323185116,14.81,-0.001,1.415,12.04,17.58,11.17,18.45,1026.3717783451887,1026.37,-0.0,1.419,1023.59,1029.15,1022.72,1030.03,91.24197709222778,91.24,-0.002,1.934,87.45,95.03,86.26,96.22,6.875197985163658,6.85,0.025,1.471,3.97,9.73,3.06,10.64,False,NORMAL,NORMAL,0.655
2026-09-01 00:50:00,14.371775807623756,14.37,-0.001,1.415,11.6,17.15,10.73,18.02,1026.5898017689478,1026.59,-0.0,1.419,1023.81,1029.37,1022.93,1030.25,92.02007116670217,92.02,-0.002,1.934,88.23,95.81,87.04,97.0,2.552306301306053,2.53,0.025,1.471,0.0,5.41,0.0,6.32,False,NORMAL,NORMAL,0.729
2026-09-01 00:55:00,14.338847642239537,14.34,-0.001,1.415,11.57,17.11,10.7,17.98,1026.4786645310191,1026.48,-0.0,1.419,1023.7,1029.26,1022.82,1030.13,90.99584651280078,91.0,-0.002,1.934,87.21,94.79,86.02,95.98,3.0298792880500534,3.0,0.025,1.471,0.12,5.89,0.0,6.79,False,NORMAL,NORMAL,0.769
2026-09-01 01:00:00,14.593568579073139,14.59,-0.001,1.415,11.82,17.37,10.95,18.24,1026.2949864756956,1026.3,-0.0,1.419,1023.51,1029.08,1022.64,1029.95,90.73898641748818,90.74,-0.002,1.934,86.95,94.53,85.76,95.72,4.662532408369094,4.64,0.025,1.471,1.75,7.52,0.85,8.43,False,NORMAL,NORMAL,0.786
2026-09-01 01:05:00,13.7067848156744,13.71,-0.001,1.415,10.93,16.48,10.06,17.35,1026.158172678245,1026.16,-0.0,1.419,1023.38,1028.94,1022.5,1029.81,91.01432198950091,91.02,-0.002,1.934,87.23,94.81,86.03,96.0,3.4844776769323724,3.46,0.025,1.471,0.58,6.34,0.0,7.25,False,NORMAL,NORMAL,0.731
2026-09-01 01:10:00,13.761132038278292,13.76,-0.001,1.415,10.99,16.53,10.12,17.41,1026.319084430296,1026.32,-0.0,1.419,1023.54,1029.1,1022.66,1029.97,90.47422729761635,90.48,-0.002,1.934,86.69,94.27,85.49,95.46,7.719173137243849,7.69,0.025,1.471,4.81,10.58,3.9,11.48,False,NORMAL,NORMAL,0.729
2026-09-01 01:15:00,14.20889357043662,14.21,-0.001,1.415,11.44,16.98,10.57,17.85,1026.015854950104,1026.02,-0.0,1.419,1023.23,1028.8,1022.36,1029.67,91.88182086599164,91.88,-0.002,1.934,88.09,95.67,86.9,96.87,4.406863420595637,4.38,0.025,1.471,1.5,7.27,0.59,8.17,False,NORMAL,NORMAL,0.711
2026-09-01 01:20:00,14.015109067556015,14.02,-0.001,1.415,11.24,16.79,10.37,17.66,1026.195043374247,1026.2,-0.0,1.419,1023.41,1028.98,1022.54,1029.85,90.76448807531273,90.77,-0.002,1.934,86.98,94.56,85.78,95.75,6.972935809974978,6.95,0.025,1.472,4.06,9.83,3.16,10.74,False,NORMAL,NORMAL,0.719
2026-09-01 01:25:00,14.536111497643835,14.54,-0.001,1.415,11.76,17.31,10.89,18.18,1026.1590075962738,1026.16,-0.0,1.419,1023.38,1028.94,1022.5,1029.81,90.57390674272794,90.58,-0.002,1.934,86.78,94.37,85.59,95.56,5.127042290681855,5.1,0.025,1.472,2.22,7.99,1.31,8.89,False,NORMAL,NORMAL,0.79
2026-09-01 01:30:00,14.041124907110955,14.04,-0.001,1.415,11.27,16.81,10.4,17.69,1026.1997763436152,1026.2,-0.0,1.419,1023.42,1028.98,1022.54,1029.86,90.25840658213788,90.26,-0.002,1.934,86.47,94.05,85.28,95.24,6.69827394259267,6.67,0.025,1.472,3.79,9.56,2.88,10.46,False,NORMAL,NORMAL,0.766
2026-09-01 01:35:00,13.837096971110105,13.84,-0.001,1.415,11.06,16.61,10.19,17.48,1026.4102811731486,1026.41,-0.0,1.419,1023.63,1029.19,1022.75,1030.07,91.21074258921402,91.21,-0.002,1.934,87.42,95.0,86.23,96.2,3.497909534834889,3.47,0.025,1.472,0.59,6.36,0.0,7.26,False,NORMAL,NORMAL,0.754
2026-09-01 01:40:00,14.989733036777112,14.99,-0.001,1.415,12.22,17.76,11.35,18.64,1026.0088835853685,1026.01,-0.0,1.419,1023.23,1028.79,1022.35,1029.66,91.17507659363434,91.18,-0.002,1.934,87.39,94.97,86.19,96.16,7.338584740509524,7.31,0.025,1.472,4.43,10.2,3.52,11.1,False,NORMAL,NORMAL,0.515
2026-09-01 01:45:00,14.318396670556712,14.32,-0.001,1.415,11.55,17.09,10.67,17.96,1025.8255425191878,1025.83,-0.0,1.419,1023.04,1028.61,1022.17,1029.48,90.44671056202412,90.45,-0.002,1.934,86.66,94.24,85.47,95.43,3.1160977401624455,3.09,0.025,1.472,0.21,5.98,0.0,6.88,False,NORMAL,NORMAL,0.739
2026-09-01 01:50:00,14.444736334150527,14.45,-0.001,1.415,11.67,17.22,10.8,18.09,1025.8481715809012,1025.85,-0.0,1.419,1023.07,1028.63,1022.19,1029.5,90.99231391151669,90.99,-0.002,1.934,87.2,94.79,86.01,95.98,4.888122465516764,4.86,0.025,1.472,1.98,7.75,1.07,8.65,False,NORMAL,NORMAL,0.802
2026-09-01 01:55:00,13.860631647573484,13.86,-0.001,1.415,11.09,16.63,10.22,17.51,1025.5351023983653,1025.54,-0.0,1.419,1022.75,1028.32,1021.88,1029.19,89.90948469872065,89.91,-0.002,1.935,86.12,93.7,84.93,94.89,2.698967946662355,2.67,0.025,1.472,0.0,5.56,0.0,6.46,False,NORMAL,NORMAL,0.736
2026-09-01 02:00:00,14.22937370871845,14.23,-0.001,1.415,11.46,17.0,10.59,17.87,1025.6431313668222,1025.64,-0.0,1.419,1022.86,1028.42,1021.99,1029.3,90.78173518507049,90.78,-0.002,1.935,86.99,94.58,85.8,95.77,4.418388014134312,4.39,0.025,1.472,1.51,7.28,0.6,8.18,False,NORMAL,NORMAL,0.757
2026-09-01 02:05:00,14.511881904877729,14.51,-0.001,1.415,11.74,17.29,10.87,18.16,1025.6313244703508,1025.63,-0.0,1.419,1022.85,1028.41,1021.98,1029.29,90.93508557673923,90.94,-0.002,1.935,87.14,94.73,85.95,95.92,3.4037071594617188,3.38,0.025,1.472,0.49,6.26,0.0,7.17,False,NORMAL,NORMAL,0.816
2026-09-01 02:10:00,14.031290078274635,14.03,-0.001,1.415,11.26,16.81,10.39,17.68,1025.5580736589764,1025.56,-0.0,1.419,1022.78,1028.34,1021.9,1029.21,91.52923614767326,91.53,-0.002,1.935,87.74,95.32,86.55,96.51,3.0632830644573086,3.04,0.025,1.472,0.15,5.92,0.0,6.83,False,NORMAL,NORMAL,0.773
2026-09-01 02:15:00,14.66992649134365,14.67,-0.001,1.415,11.9,17.44,11.03,18.32,1025.6021914692208,1025.6,-0.0,1.419,1022.82,1028.38,1021.95,1029.26,90.33415706248265,90.34,-0.002,1.935,86.54,94.13,85.35,95.32,10.157584018707364,10.13,0.025,1.472,7.25,13.02,6.34,13.92,False,NORMAL,NORMAL,0.647
2026-09-01 02:20:00,14.311131472299303,14.31,-0.001,1.415,11.54,17.09,10.67,17.96,1025.3973993077468,1025.4,-0.0,1.419,1022.62,1028.18,1021.74,1029.05,90.05571074440965,90.06,-0.002,1.935,86.26,93.85,85.07,95.04,2.297141431994008,2.27,0.025,1.472,0.0,5.16,0.0,6.06,False,NORMAL,NORMAL,0.692
2026-09-01 02:25:00,14.470221949541292,14.47,-0.001,1.415,11.7,17.24,10.83,18.12,1025.6292068731213,1025.63,-0.0,1.419,1022.85,1028.41,1021.97,1029.29,90.25812789494152,90.26,-0.002,1.935,86.47,94.05,85.28,95.24,6.843012468591424,6.82,0.025,1.472,3.93,9.7,3.03,10.61,False,NORMAL,NORMAL,0.77
2026-09-01 02:30:00,14.3854932856065,14.39,-0.001,1.415,11.61,17.16,10.74,18.03,1025.4003338988791,1025.4,-0.0,1.419,1022.62,1028.18,1021.74,1029.06,90.0317256575109,90.03,-0.002,1.935,86.24,93.83,85.05,95.02,11.198316110887218,11.17,0.025,1.472,8.29,14.06,7.38,14.96,False,NORMAL,NORMAL,0.731
2026-09-01 02:35:00,15.410117007496698,15.41,-0.001,1.415,12.64,18.18,11.77,19.06,1025.3372149402858,1025.34,-0.0,1.419,1022.56,1028.12,1021.68,1028.99,91.43850477672954,91.44,-0.002,1.935,87.65,95.23,86.46,96.42,0.7798019707710075,0.75,0.025,1.472,0.0,3.64,0.0,4.55,False,NORMAL,NORMAL,0.568
2026-09-01 02:40:00,14.710577515605353,14.71,-0.001,1.415,11.94,17.48,11.07,18.36,1025.22688664187,1025.23,-0.0,1.419,1022.45,1028.01,1021.57,1028.88,91.49667617383771,91.5,-0.002,1.935,87.71,95.29,86.51,96.48,6.026795738343634,6.0,0.025,1.472,3.12,8.89,2.21,9.79,False,NORMAL,NORMAL,0.733
2026-09-01 02:45:00,14.343389330560838,14.34,-0.001,1.415,11.57,17.12,10.7,17.99,1025.2360621043676,1025.24,-0.0,1.419,1022.45,1028.02,1021.58,1028.89,90.85721812958552,90.86,-0.002,1.935,87.07,94.65,85.87,95.84,2.969857587160365,2.94,0.025,1.472,0.06,5.83,0.0,6.74,False,NORMAL,NORMAL,0.807
2026-09-01 02:50:00,15.149699560918299,15.15,-0.001,1.415,12.38,17.92,11.51,18.8,1025.272611530981,1025.27,-0.0,1.419,1022.49,1028.05,1021.62,1028.93,91.36306430719334,91.36,-0.002,1.935,87.57,95.16,86.38,96.35,1.1181416676499194,1.09,0.025,1.472,0.0,3.98,0.0,4.88,False,NORMAL,NORMAL,0.709
2026-09-01 02:55:00,14.390244823319808,14.39,-0.001,1.415,11.62,17.16,10.75,18.04,1024.9542906089691,1024.95,-0.0,1.419,1022.17,1027.74,1021.3,1028.61,90.76731629422251,90.77,-0.002,1.935,86.98,94.56,85.78,95.75,3.949494903190926,3.92,0.025,1.472,1.04,6.81,0.13,7.72,False,NORMAL,NORMAL,0.735
2026-09-01 03:00:00,15.0237016295583,15.02,-0.001,1.415,12.25,17.8,11.38,18.67,1024.9207058914774,1024.92,-0.0,1.419,1022.14,1027.7,1021.26,1028.58,90.69625045884307,90.7,-0.002,1.935,86.9,94.49,85.71,95.68,9.098676716531775,9.07,0.025,1.472,6.19,11.96,5.28,12.87,False,NORMAL,NORMAL,0.707
2026-09-01 03:05:00,14.22151393970773,14.22,-0.001,1.415,11.45,17.0,10.58,17.87,1024.9085775705107,1024.91,-0.0,1.419,1022.13,1027.69,1021.25,1028.56,90.5221888954036,90.52,-0.002,1.935,86.73,94.32,85.54,95.51,0.5983345513885998,0.57,0.025,1.472,0.0,3.46,0.0,4.37,False,NORMAL,NORMAL,0.633
2026-09-01 03:10:00,14.542962175857959,14.54,-0.001,1.415,11.77,17.32,10.9,18.19,1024.686718856193,1024.69,-0.0,1.419,1021.91,1027.47,1021.03,1028.34,90.55564887301107,90.56,-0.002,1.936,86.76,94.35,85.57,95.54,5.1783442595659475,5.15,0.025,1.472,2.27,8.04,1.36,8.95,False,NORMAL,NORMAL,0.772
2026-09-01 03:15:00,15.225439684613724,15.23,-0.001,1.415,12.45,18.0,11.58,18.87,1024.7000235897008,1024.7,-0.0,1.419,1021.92,1027.48,1021.04,1028.36,89.98368636999606,89.99,-0.002,1.936,86.19,93.78,85.0,94.97,4.588279347568562,4.56,0.025,1.472,1.68,7.45,0.77,8.36,False,NORMAL,NORMAL,0.808
2026-09-01 03:20:00,15.51811785878178,15.52,-0.001,1.415,12.75,18.29,11.87,19.16,1024.6857411412072,1024.69,-0.0,1.419,1021.9,1027.47,1021.03,1028.34,90.90965389918023,90.91,-0.002,1.936,87.12,94.71,85.92,95.9,7.906616230563327,7.88,0.025,1.472,5.0,10.77,4.09,11.67,False,NORMAL,NORMAL,0.801
2026-09-01 03:25:00,15.370863755491294,15.37,-0.001,1.415,12.6,18.15,11.73,19.02,1024.82264280096,1024.82,-0.0,1.419,1022.04,1027.6,1021.17,1028.48,90.74733547067564,90.75,-0.002,1.936,86.95,94.54,85.76,95.74,1.629158917426193,1.6,0.025,1.472,0.0,4.49,0.0,5.4,False,NORMAL,NORMAL,0.759
2026-09-01 03:30:00,15.339161562261973,15.34,-0.001,1.415,12.57,18.11,11.69,18.99,1024.6653250965553,1024.67,-0.0,1.419,1021.88,1027.45,1021.01,1028.32,91.13802261092842,91.14,-0.002,1.936,87.35,94.93,86.15,96.13,5.883238024030803,5.86,0.025,1.472,2.97,8.74,2.07,9.65,False,NORMAL,NORMAL,0.799
2026-09-01 03:35:00,15.351571393574291,15.35,-0.001,1.415,12.58,18.13,11.71,19.0,1024.5896794219273,1024.59,-0.0,1.419,1021.81,1027.37,1020.93,1028.25,90.81294968757057,90.81,-0.002,1.936,87.02,94.61,85.83,95.8,5.871819034534403,5.85,0.025,1.472,2.96,8.73,2.05,9.64,False,NORMAL,NORMAL,0.829
2026-09-01 03:40:00,14.970650311988845,14.97,-0.001,1.415,12.2,17.75,11.33,18.62,1024.6233153600936,1024.62,-0.0,1.419,1021.84,1027.41,1020.97,1028.28,90.65882543273973,90.66,-0.002,1.936,86.87,94.45,85.67,95.65,5.78384214319355,5.76,0.025,1.472,2.87,8.64,1.97,9.55,False,NORMAL,NORMAL,0.83
2026-09-01 03:45:00,15.367586918655158,15.37,-0.001,1.415,12.59,18.14,11.72,19.01,1024.4105491512364,1024.41,-0.0,1.419,1021.63,1027.19,1020.75,1028.07,90.33168266270917,90.33,-0.002,1.936,86.54,94.13,85.35,95.32,9.29011073837708,9.26,0.025,1.472,6.38,12.15,5.47,13.06,False,NORMAL,NORMAL,0.768
2026-09-01 03:50:00,15.568117221695795,15.57,-0.001,1.415,12.8,18.34,11.92,19.21,1024.4257267776798,1024.43,-0.0,1.419,1021.64,1027.21,1020.77,1028.08,90.81700311723644,90.82,-0.002,1.936,87.02,94.61,85.83,95.81,7.238510242600948,7.21,0.025,1.472,4.33,10.1,3.42,11.01,False,NORMAL,NORMAL,0.82
2026-09-01 03:55:00,16.275414135406393,16.28,-0.001,1.415,13.5,19.05,12.63,19.92,1024.2882954949976,1024.29,-0.0,1.419,1021.51,1027.07,1020.63,1027.94,91.19794445498044,91.2,-0.002,1.936,87.4,94.99,86.21,96.19,1.1388989051924963,1.11,0.025,1.472,0.0,4.0,0.0,4.91,False,NORMAL,NORMAL,0.658
2026-09-01 04:00:00,16.09350960878459,16.09,-0.001,1.415,13.32,18.87,12.45,19.74,1024.2809142678789,1024.28,-0.0,1.419,1021.5,1027.06,1020.63,1027.94,90.24487255252023,90.25,-0.002,1.936,86.45,94.04,85.26,95.23,4.389411712131863,4.36,0.025,1.472,1.48,7.25,0.57,8.16,False,NORMAL,NORMAL,0.825
2026-09-01 04:05:00,15.35760637098415,15.36,-0.001,1.415,12.58,18.13,11.71,19.0,1024.0918245993544,1024.09,-0.0,1.419,1021.31,1026.87,1020.44,1027.75,90.81033603943548,90.81,-0.002,1.936,87.02,94.61,85.82,95.8,3.917837499653678,3.89,0.025,1.473,1.01,6.78,0.1,7.69,False,NORMAL,NORMAL,0.82
2026-09-01 04:10:00,16.30243624405484,16.3,-0.001,1.415,13.53,19.08,12.66,19.95,1023.7524273431305,1023.75,-0.0,1.419,1020.97,1026.53,1020.1,1027.41,90.9471700198067,90.95,-0.002,1.936,87.15,94.74,85.96,95.94,3.3512880074218883,3.33,0.025,1.473,0.44,6.21,0.0,7.12,False,NORMAL,NORMAL,0.687
2026-09-01 04:15:00,16.131925493250048,16.13,-0.001,1.415,13.36,18.91,12.49,19.78,1024.038085983057,1024.04,-0.0,1.419,1021.26,1026.82,1020.38,1027.69,89.58834922039603,89.59,-0.002,1.936,85.79,93.39,84.6,94.58,4.261241443882531,4.24,0.025,1.473,1.35,7.12,0.44,8.03,False,NORMAL,NORMAL,0.756
2026-09-01 04:20:00,16.131474796320735,16.13,-0.001,1.415,13.36,18.91,12.49,19.78,1024.2126653414223,1024.21,-0.0,1.419,1021.43,1026.99,1020.56,1027.87,90.5251796396402,90.53,-0.002,1.936,86.73,94.32,85.54,95.51,3.8296101515112584,3.8,0.025,1.473,0.92,6.69,0.01,7.6,False,NORMAL,NORMAL,0.81
2026-09-01 04:25:00,16.766281155497914,16.77,-0.001,1.415,13.99,19.54,13.12,20.41,1024.0803362827198,1024.08,-0.0,1.419,1021.3,1026.86,1020.42,1027.74,89.58168781036656,89.58,-0.002,1.936,85.79,93.38,84.59,94.57,4.1386244117622795,4.11,0.025,1.473,1.23,7.0,0.32,7.91,False,NORMAL,NORMAL,0.77
2026-09-01 04:30:00,17.056410272534002,17.06,-0.001,1.415,14.28,19.83,13.41,20.7,1024.0295655140515,1024.03,-0.0,1.419,1021.25,1026.81,1020.37,1027.69,89.22844565458388,89.23,-0.002,1.937,85.43,93.03,84.24,94.22,10.827851875184141,10.8,0.025,1.473,7.92,13.69,7.01,14.6,False,NORMAL,NORMAL,0.704
2026-09-01 04:35:00,17.141904582409317,17.14,-0.001,1.415,14.37,19.92,13.5,20.79,1024.0148010386183,1024.01,-0.0,1.419,1021.23,1026.8,1020.36,1027.67,88.25476552607282,88.26,-0.002,1.937,84.46,92.05,83.27,93.25,1.6755565729885076,1.65,0.025,1.473,0.0,4.54,0.0,5.44,False,NORMAL,NORMAL,0.735
2026-09-01 04:40:00,16.562017875736128,16.56,-0.001,1.415,13.79,19.34,12.92,20.21,1023.7886487158802,1023.79,-0.0,1.419,1021.01,1026.57,1020.13,1027.44,90.40045358494275,90.4,-0.002,1.937,86.61,94.2,85.41,95.39,8.789699881718827,8.76,0.025,1.473,5.88,11.65,4.97,12.56,False,NORMAL,NORMAL,0.674
2026-09-01 04:45:00,16.905209183583377,16.91,-0.001,1.415,14.13,19.68,13.26,20.55,1023.7523254803285,1023.75,-0.0,1.419,1020.97,1026.53,1020.1,1027.41,89.34421196782488,89.35,-0.002,1.937,85.55,93.14,84.36,94.33,4.449162744294609,4.42,0.025,1.473,1.54,7.31,0.63,8.22,False,NORMAL,NORMAL,0.78
2026-09-01 04:50:00,17.29541088694818,17.3,-0.001,1.415,14.52,20.07,13.65,20.94,1023.5789307583528,1023.58,-0.0,1.419,1020.8,1026.36,1019.92,1027.24,86.72759128895868,86.73,-0.002,1.937,82.93,90.53,81.74,91.72,5.437719725049644,5.41,0.025,1.473,2.53,8.3,1.62,9.21,False,NORMAL,NORMAL,0.781
2026-09-01 04:55:00,17.689900949285406,17.69,-0.001,1.415,14.92,20.46,14.04,21.34,1023.5745499359824,1023.57,-0.0,1.419,1020.79,1026.36,1019.92,1027.23,87.27489377468366,87.28,-0.002,1.937,83.48,91.07,82.29,92.27,7.323542127721841,7.3,0.025,1.473,4.41,10.19,3.5,11.09,False,NORMAL,NORMAL,0.805
2026-09-01 05:00:00,17.24749912846869,17.25,-0.001,1.415,14.47,20.02,13.6,20.89,1023.6662967418655,1023.67,-0.0,1.419,1020.88,1026.45,1020.01,1027.32,87.93082287702319,87.93,-0.002,1.937,84.14,91.73,82.94,92.92,3.6772378407314426,3.65,0.025,1.473,0.77,6.54,0.0,7.45,False,NORMAL,NORMAL,0.797
2026-09-01 05:05:00,17.507040929329634,17.51,-0.001,1.415,14.73,20.28,13.86,21.15,1023.7081241461207,1023.71,-0.0,1.419,1020.93,1026.49,1020.05,1027.36,86.52872204720997,86.53,-0.002,1.937,82.73,90.33,81.54,91.52,4.1263175230680895,4.1,0.025,1.473,1.21,6.99,0.31,7.9,False,NORMAL,NORMAL,0.79
2026-09-01 05:10:00,17.28349594833533,17.28,-0.001,1.415,14.51,20.06,13.64,20.93,1023.4619237236817,1023.46,-0.0,1.419,1020.68,1026.24,1019.81,1027.12,90.48327583722671,90.48,-0.002,1.937,86.69,94.28,85.49,95.47,3.9920185908280037,3.97,0.025,1.473,1.08,6.85,0.17,7.76,False,NORMAL,NORMAL,0.749
2026-09-01 05:15:00,17.394801126662454,17.4,-0.001,1.415,14.62,20.17,13.75,21.04,1023.3723449534549,1023.37,-0.0,1.419,1020.59,1026.15,1019.72,1027.03,84.97362032900999,84.98,-0.002,1.937,81.18,88.77,79.99,89.97,3.7688982575759846,3.74,0.025,1.473,0.86,6.63,0.0,7.54,False,NORMAL,NORMAL,0.75
2026-09-01 05:20:00,18.348013840289447,18.35,-0.001,1.415,15.57,21.12,14.7,21.99,1023.3987594983164,1023.4,-0.0,1.419,1020.62,1026.18,1019.74,1027.06,83.51854029363803,83.52,-0.002,1.937,79.72,87.32,78.53,88.51,8.86396253146531,8.84,0.025,1.473,5.95,11.73,5.04,12.63,False,NORMAL,NORMAL,0.708
2026-09-01 05:25:00,18.71762143761248,18.72,-0.001,1.415,15.94,21.49,15.07,22.36,1023.4494793435383,1023.45,-0.0,1.419,1020.67,1026.23,1019.79,1027.11,79.18219883358523,79.18,-0.002,1.937,75.39,82.98,74.19,84.17,7.30834282568764,7.28,0.025,1.473,4.4,10.17,3.49,11.08,False,NORMAL,NORMAL,0.797
2026-09-01 05:30:00,18.300780592257325,18.3,-0.001,1.415,15.53,21.08,14.66,21.95,1023.1051819071209,1023.11,-0.0,1.419,1020.32,1025.89,1019.45,1026.76,82.43480742002329,82.44,-0.002,1.937,78.64,86.23,77.45,87.43,1.8684694041004384,1.84,0.025,1.473,0.0,4.73,0.0,5.64,False,NORMAL,NORMAL,0.705
2026-09-01 05:35:00,18.887728302131578,18.89,-0.001,1.415,16.11,21.66,15.24,22.53,1022.9416671257418,1022.94,-0.0,1.419,1020.16,1025.72,1019.29,1026.6,79.44130553487524,79.44,-0.002,1.937,75.65,83.24,74.45,84.43,1.8604919149856505,1.84,0.025,1.473,0.0,4.72,0.0,5.63,False,NORMAL,NORMAL,0.751
2026-09-01 05:40:00,18.78990422860252,18.79,-0.001,1.415,16.02,21.56,15.14,22.44,1023.1697446003552,1023.17,-0.0,1.419,1020.39,1025.95,1019.51,1026.83,78.53514361954349,78.54,-0.002,1.937,74.74,82.33,73.55,83.53,4.10989572010411,4.08,0.025,1.473,1.2,6.97,0.29,7.88,False,NORMAL,NORMAL,0.807
2026-09-01 05:45:00,18.548272582285115,18.55,-0.001,1.415,15.77,21.32,14.9,22.2,1023.0373659866724,1023.04,-0.0,1.419,1020.26,1025.82,1019.38,1026.69,80.09190791951127,80.09,-0.002,1.938,76.3,83.89,75.1,85.08,1.7725862928929967,1.75,0.025,1.473,0.0,4.63,0.0,5.54,False,NORMAL,NORMAL,0.813
2026-09-01 05:50:00,19.114016160650873,19.11,-0.001,1.416,16.34,21.89,15.47,22.76,1023.1143322789492,1023.11,-0.0,1.419,1020.33,1025.9,1019.46,1026.77,81.32287109115998,81.32,-0.002,1.938,77.53,85.12,76.33,86.32,5.403453378835194,5.38,0.025,1.473,2.49,8.27,1.58,9.17,False,NORMAL,NORMAL,0.797
2026-09-01 05:55:00,19.749806522059007,19.75,-0.001,1.416,16.98,22.52,16.1,23.4,1023.1404110244488,1023.14,-0.0,1.419,1020.36,1025.92,1019.48,1026.8,77.11544045680391,77.12,-0.002,1.938,73.32,80.91,72.13,82.11,2.1662229915050317,2.14,0.025,1.473,0.0,5.03,0.0,5.94,False,NORMAL,NORMAL,0.774
2026-09-01 06:00:00,19.287320801708695,19.29,-0.001,1.416,16.51,22.06,15.64,22.93,1023.068567128782,1023.07,-0.0,1.419,1020.29,1025.85,1019.41,1026.72,78.1246553981765,78.13,-0.002,1.938,74.33,81.92,73.13,83.12,4.727843439632075,4.7,0.025,1.473,1.82,7.59,0.91,8.5,False,NORMAL,NORMAL,0.837
2026-09-01 06:05:00,20.096421210384435,20.1,-0.001,1.416,17.32,22.87,16.45,23.74,1023.3303553066448,1023.33,-0.0,1.419,1020.55,1026.11,1019.67,1026.99,74.93627420674525,74.94,-0.002,1.938,71.14,78.74,69.95,79.93,0.4681833433149916,0.44,0.025,1.473,0.0,3.33,0.0,4.24,False,NORMAL,NORMAL,0.681
2026-09-01 06:10:00,18.59335840579361,18.59,-0.001,1.416,15.82,21.37,14.95,22.24,1023.1393807218415,1023.14,-0.0,1.419,1020.36,1025.92,1019.48,1026.8,81.06087467149587,81.06,-0.002,1.938,77.26,84.86,76.07,86.05,3.3934135145185094,3.37,0.025,1.473,0.48,6.26,0.0,7.16,False,NORMAL,NORMAL,0.595
2026-09-01 06:15:00,20.142416407397914,20.14,-0.001,1.416,17.37,22.92,16.5,23.79,1023.1152712776629,1023.12,-0.0,1.419,1020.33,1025.9,1019.46,1026.77,76.51656021366452,76.52,-0.002,1.938,72.72,80.32,71.53,81.51,5.848374268055356,5.82,0.025,1.473,2.94,8.71,2.03,9.62,False,NORMAL,NORMAL,0.612
2026-09-01 06:20:00,20.022504705429164,20.02,-0.001,1.416,17.25,22.8,16.38,23.67,1023.1452995174253,1023.15,-0.0,1.419,1020.36,1025.93,1019.49,1026.8,75.54746040829757,75.55,-0.002,1.938,71.75,79.35,70.56,80.54,4.474053023004888,4.45,0.025,1.473,1.56,7.34,0.65,8.24,False,NORMAL,NORMAL,0.817
2026-09-01 06:25:00,20.04366938064886,20.04,-0.001,1.416,17.27,22.82,16.4,23.69,1022.8648346241179,1022.86,-0.0,1.419,1020.08,1025.65,1019.21,1026.52,74.9898249383183,74.99,-0.002,1.938,71.19,78.79,70.0,79.98,10.762360075193683,10.74,0.025,1.473,7.85,13.62,6.94,14.53,False,NORMAL,NORMAL,0.763
2026-09-01 06:30:00,20.37704273651267,20.38,-0.001,1.416,17.6,23.15,16.73,24.02,1023.1771216756202,1023.18,-0.0,1.419,1020.4,1025.96,1019.52,1026.83,75.80398400339894,75.81,-0.002,1.938,72.01,79.6,70.81,80.8,7.91751217663908,7.89,0.025,1.473,5.0,10.78,4.1,11.69,False,NORMAL,NORMAL,0.657
2026-09-01 06:35:00,19.72377959186551,19.72,-0.001,1.416,16.95,22.5,16.08,23.37,1022.997366860424,1023.0,-0.0,1.419,1020.22,1025.78,1019.34,1026.65,76.2981517401675,76.3,-0.002,1.938,72.5,80.1,71.31,81.29,3.668282499813628,3.64,0.025,1.473,0.76,6.53,0.0,7.44,False,NORMAL,NORMAL,0.792
2026-09-01 06:40:00,20.6107320341236,20.61,-0.001,1.416,17.84,23.39,16.96,24.26,1023.0986343920829,1023.1,-0.0,1.419,1020.32,1025.88,1019.44,1026.76,74.4577118997402,74.46,-0.002,1.938,70.66,78.26,69.47,79.45,1.1866947623495527,1.16,0.025,1.473,0.0,4.05,0.0,4.96,False,NORMAL,NORMAL,0.624
2026-09-01 06:45:00,21.02248596749513,21.02,-0.001,1.416,18.25,23.8,17.38,24.67,1022.8284374935117,1022.83,-0.0,1.419,1020.05,1025.61,1019.17,1026.48,68.11400003191238,68.12,-0.002,1.938,64.32,71.91,63.12,73.11,7.517876332538985,7.49,0.025,1.473,4.6,10.38,3.7,11.29,False,NORMAL,NORMAL,0.698
2026-09-01 06:50:00,21.653006225190293,21.65,-0.001,1.416,18.88,24.43,18.01,25.3,1022.7490937317194,1022.75,-0.0,1.419,1019.97,1025.53,1019.09,1026.41,70.59269296132499,70.59,-0.002,1.938,66.8,74.39,65.6,75.59,8.559094064338833,8.53,0.025,1.474,5.65,11.42,4.74,12.33,False,NORMAL,NORMAL,0.706
2026-09-01 06:55:00,21.037836127530827,21.04,-0.001,1.416,18.26,23.81,17.39,24.69,1023.0995308513218,1023.1,-0.0,1.419,1020.32,1025.88,1019.44,1026.76,70.1785680918864,70.18,-0.002,1.938,66.38,73.98,65.19,75.17,7.209595937270858,7.18,0.025,1.474,4.3,10.07,3.39,10.98,False,NORMAL,NORMAL,0.802
2026-09-01 07:00:00,21.106050198022558,21.11,-0.001,1.416,18.33,23.88,17.46,24.75,1023.0297038427655,1023.03,-0.0,1.419,1020.25,1025.81,1019.37,1026.69,71.32786220081395,71.33,-0.002,1.938,67.53,75.13,66.34,76.32,2.035062799508456,2.01,0.025,1.474,0.0,4.9,0.0,5.81,False,NORMAL,NORMAL,0.795
2026-09-01 07:05:00,21.413975435663193,21.41,-0.001,1.416,18.64,24.19,17.77,25.06,1022.835987767181,1022.84,-0.0,1.419,1020.05,1025.62,1019.18,1026.49,66.99075474301789,66.99,-0.002,1.939,63.19,70.79,62.0,71.99,13.665093833818622,13.64,0.025,1.474,10.75,16.53,9.84,17.44,False,NORMAL,NORMAL,0.632
2026-09-01 07:10:00,22.16691580969107,22.17,-0.001,1.416,19.39,24.94,18.52,25.81,1022.8405063637338,1022.84,-0.0,1.419,1020.06,1025.62,1019.18,1026.5,65.4086420861138,65.41,-0.002,1.939,61.61,69.21,60.42,70.4,3.0084231122810703,2.98,0.025,1.474,0.09,5.87,0.0,6.78,False,NORMAL,NORMAL,0.712
2026-09-01 07:15:00,22.11909668915737,22.12,-0.001,1.416,19.35,24.89,18.47,25.77,1023.140984114375,1023.14,-0.0,1.419,1020.36,1025.92,1019.48,1026.8,64.74257478300052,64.74,-0.002,1.939,60.94,68.54,59.75,69.74,6.242190167182923,6.22,0.025,1.474,3.33,9.11,2.42,10.01,False,NORMAL,NORMAL,0.827
2026-09-01 07:20:00,21.963216107296237,21.96,-0.001,1.416,19.19,24.74,18.32,25.61,1022.7964648824658,1022.8,-0.0,1.419,1020.01,1025.58,1019.14,1026.45,67.09032203724003,67.09,-0.002,1.939,63.29,70.89,62.1,72.09,8.496291096617169,8.47,0.025,1.474,5.58,11.36,4.67,12.27,False,NORMAL,NORMAL,0.765
2026-09-01 07:25:00,22.56855150283611,22.57,-0.001,1.416,19.79,25.34,18.92,26.22,1023.2254185914202,1023.23,-0.0,1.419,1020.44,1026.01,1019.57,1026.88,64.48508813749906,64.49,-0.002,1.939,60.69,68.29,59.49,69.48,2.8514094115803745,2.83,0.025,1.474,0.0,5.71,0.0,6.62,False,NORMAL,NORMAL,0.692
2026-09-01 07:30:00,22.590717711524814,22.59,-0.001,1.416,19.82,25.37,18.94,26.24,1022.8494339245592,1022.85,-0.0,1.419,1020.07,1025.63,1019.19,1026.51,66.13157155475342,66.13,-0.002,1.939,62.33,69.93,61.14,71.13,8.500625054682317,8.48,0.025,1.474,5.59,11.36,4.68,12.27,False,NORMAL,NORMAL,0.57
2026-09-01 07:35:00,23.128421822437907,23.13,-0.001,1.416,20.35,25.9,19.48,26.78,1023.0870956096849,1023.09,-0.0,1.419,1020.31,1025.87,1019.43,1026.74,63.600405926877364,63.6,-0.002,1.939,59.8,67.4,58.61,68.6,3.3469324802397042,3.32,0.025,1.474,0.43,6.21,0.0,7.12,False,NORMAL,NORMAL,0.765
2026-09-01 07:40:00,22.64957161206507,22.65,-0.001,1.416,19.88,25.43,19.0,26.3,1022.9500831655038,1022.95,-0.0,1.419,1020.17,1025.73,1019.29,1026.61,64.91421528500165,64.92,-0.002,1.939,61.12,68.72,59.92,69.91,10.646541085383825,10.62,0.025,1.474,7.73,13.51,6.82,14.42,False,NORMAL,NORMAL,0.765
2026-09-01 07:45:00,22.989025625173365,22.99,-0.001,1.416,20.21,25.76,19.34,26.64,1023.0990484993729,1023.1,-0.0,1.419,1020.32,1025.88,1019.44,1026.76,62.152273446144484,62.15,-0.002,1.939,58.35,65.95,57.16,67.15,3.160732946342047,3.14,0.025,1.474,0.25,6.02,0.0,6.93,False,NORMAL,NORMAL,0.747
2026-09-01 07:50:00,23.153130033928267,23.15,-0.001,1.416,20.38,25.93,19.51,26.8,1022.9372262802649,1022.94,-0.0,1.419,1020.16,1025.72,1019.28,1026.59,61.85265202371068,61.85,-0.002,1.939,58.05,65.65,56.86,66.85,9.631949185150116,9.61,0.025,1.474,6.72,12.5,5.81,13.4,False,NORMAL,NORMAL,0.79
2026-09-01 07:55:00,22.914551754793717,22.92,-0.001,1.416,20.14,25.69,19.27,26.56,1023.005696567019,1023.01,-0.0,1.419,1020.22,1025.79,1019.35,1026.66,66.46193092903415,66.46,-0.002,1.939,62.66,70.26,61.47,71.46,1.290233465948115,1.27,0.025,1.474,0.0,4.15,0.0,5.06,False,NORMAL,NORMAL,0.59
2026-09-01 08:00:00,23.808408285016696,23.81,-0.001,1.416,21.03,26.58,20.16,27.46,1023.0484427217226,1023.05,-0.0,1.419,1020.27,1025.83,1019.39,1026.71,60.009043469905414,60.01,-0.002,1.939,56.21,63.81,55.02,65.01,6.113089047955089,6.09,0.025,1.474,3.2,8.98,2.29,9.88,False,NORMAL,NORMAL,0.715
2026-09-01 08:05:00,23.984319061263122,23.99,-0.001,1.416,21.21,26.76,20.34,27.63,1022.9049990562445,1022.91,-0.0,1.419,1020.12,1025.69,1019.25,1026.56,61.79176151582345,61.79,-0.002,1.939,57.99,65.59,56.8,66.79,4.835114596760546,4.81,0.025,1.474,1.92,7.7,1.01,8.61,False,NORMAL,NORMAL,0.762
2026-09-01 08:10:00,24.07172979063281,24.07,-0.001,1.416,21.3,26.85,20.43,27.72,1023.1802197439972,1023.18,-0.0,1.419,1020.4,1025.96,1019.52,1026.84,59.4473258035952,59.45,-0.002,1.939,55.65,63.25,54.45,64.44,4.511096480091177,4.49,0.025,1.474,1.6,7.37,0.69,8.28,False,NORMAL,NORMAL,0.819
2026-09-01 08:15:00,24.165404069030505,24.17,-0.001,1.416,21.39,26.94,20.52,27.81,1023.0065411661946,1023.01,-0.0,1.419,1020.22,1025.79,1019.35,1026.66,59.214795316855266,59.22,-0.002,1.939,55.42,63.02,54.22,64.21,2.838551453718902,2.81,0.025,1.474,0.0,5.7,0.0,6.61,False,NORMAL,NORMAL,0.83
2026-09-01 08:20:00,23.882328661865472,23.88,-0.001,1.416,21.11,26.66,20.24,27.53,1023.0642282887835,1023.06,-0.0,1.419,1020.28,1025.85,1019.41,1026.72,60.971990024314245,60.97,-0.002,1.94,57.17,64.77,55.98,65.97,6.2939494677866925,6.27,0.025,1.474,3.38,9.16,2.47,10.07,False,NORMAL,NORMAL,0.85
2026-09-01 08:25:00,24.469056972009188,24.47,-0.001,1.416,21.69,27.25,20.82,28.12,1022.9648370303918,1022.96,-0.0,1.419,1020.18,1025.75,1019.31,1026.62,59.97157777755083,59.97,-0.002,1.94,56.17,63.77,54.98,64.97,2.640927435557267,2.62,0.025,1.474,0.0,5.5,0.0,6.41,False,NORMAL,NORMAL,0.725
2026-09-01 08:30:00,24.68858428787021,24.69,-0.001,1.416,21.91,27.46,21.04,28.34,1022.7454932753766,1022.75,-0.0,1.419,1019.96,1025.53,1019.09,1026.4,58.49813349066667,58.5,-0.002,1.94,54.7,62.3,53.5,63.5,5.191834608652125,5.17,0.025,1.474,2.28,8.06,1.37,8.96,False,NORMAL,NORMAL,0.733
2026-09-01 08:35:00,24.692547975859686,24.69,-0.001,1.416,21.92,27.47,21.05,28.34,1023.1173311175777,1023.12,-0.0,1.419,1020.34,1025.9,1019.46,1026.77,56.825695532112775,56.83,-0.002,1.94,53.03,60.63,51.83,61.82,3.152983314064568,3.13,0.025,1.474,0.24,6.02,0.0,6.93,False,NORMAL,NORMAL,0.792
2026-09-01 08:40:00,25.13608436764547,25.14,-0.001,1.416,22.36,27.91,21.49,28.78,1023.5242118497963,1023.52,-0.0,1.419,1020.74,1026.31,1019.87,1027.18,55.77467190960144,55.78,-0.002,1.94,51.97,59.58,50.78,60.77,10.381396704766455,10.36,0.025,1.474,7.47,13.25,6.56,14.15,False,NORMAL,NORMAL,0.727
2026-09-01 08:45:00,25.548627205881004,25.55,-0.001,1.416,22.77,28.32,21.9,29.2,1023.2964400256539,1023.3,-0.0,1.419,1020.51,1026.08,1019.64,1026.95,54.81129846679511,54.81,-0.002,1.94,51.01,58.61,49.82,59.81,1.0105598995587677,0.99,0.025,1.474,0.0,3.87,0.0,4.78,False,NORMAL,NORMAL,0.685
2026-09-01 08:50:00,26.32707565636518,26.33,-0.001,1.416,23.55,29.1,22.68,29.98,1023.1922883111583,1023.19,-0.0,1.419,1020.41,1025.97,1019.54,1026.85,53.71075397209053,53.71,-0.002,1.94,49.91,57.51,48.72,58.71,2.820877247203499,2.8,0.025,1.474,0.0,5.69,0.0,6.59,False,NORMAL,NORMAL,0.752
2026-09-01 08:55:00,25.827131211723483,25.83,-0.001,1.416,23.05,28.6,22.18,29.48,1023.1720718588936,1023.17,-0.0,1.419,1020.39,1025.95,1019.52,1026.83,54.27869833397345,54.28,-0.002,1.94,50.48,58.08,49.28,59.28,3.17265982982848,3.15,0.025,1.474,0.26,6.04,0.0,6.95,False,NORMAL,NORMAL,0.844
2026-09-01 09:00:00,26.044041922685473,26.04,-0.001,1.416,23.27,28.82,22.4,29.69,1023.2310052315523,1023.23,-0.0,1.419,1020.45,1026.01,1019.57,1026.89,53.94666955881348,53.95,-0.002,1.94,50.15,57.75,48.95,58.95,4.43752248645997,4.41,0.025,1.474,1.52,7.3,0.61,8.21,False,NORMAL,NORMAL,0.79
2026-09-01 09:05:00,26.093906933638113,26.09,-0.001,1.416,23.32,28.87,22.45,29.74,1023.3255362673484,1023.33,-0.0,1.419,1020.54,1026.11,1019.67,1026.98,54.497946023671425,54.5,-0.002,1.94,50.7,58.3,49.5,59.5,3.1477160054256768,3.12,0.025,1.474,0.23,6.01,0.0,6.92,False,NORMAL,NORMAL,0.797
2026-09-01 09:10:00,25.537701637616987,25.54,-0.001,1.416,22.76,28.31,21.89,29.19,1023.0817841660192,1023.08,-0.0,1.419,1020.3,1025.86,1019.43,1026.74,55.52447140539074,55.53,-0.002,1.94,51.72,59.33,50.53,60.52,5.065955586121031,5.04,0.025,1.474,2.15,7.93,1.24,8.84,False,NORMAL,NORMAL,0.752
2026-09-01 09:15:00,26.474910634044633,26.48,-0.001,1.416,23.7,29.25,22.83,30.12,1023.4409983127417,1023.44,-0.0,1.419,1020.66,1026.22,1019.78,1027.1,51.65593384397618,51.66,-0.002,1.94,47.85,55.46,46.66,56.66,8.907594842480457,8.88,0.025,1.474,5.99,11.77,5.08,12.68,False,NORMAL,NORMAL,0.663
2026-09-01 09:20:00,26.68861605964138,26.69,-0.001,1.416,23.91,29.46,23.04,30.34,1023.3955095419844,1023.4,-0.0,1.419,1020.61,1026.18,1019.74,1027.05,50.0877777670155,50.09,-0.002,1.94,46.29,53.89,45.09,55.09,6.976492486304328,6.95,0.025,1.474,4.06,9.84,3.15,10.75,False,NORMAL,NORMAL,0.811
2026-09-01 09:25:00,27.82745142271054,27.83,-0.001,1.416,25.05,30.6,24.18,31.48,1023.4095934157612,1023.41,-0.0,1.419,1020.63,1026.19,1019.75,1027.07,46.24762498773063,46.25,-0.002,1.94,42.45,50.05,41.25,51.25,5.865040291623927,5.84,0.025,1.474,2.95,8.73,2.04,9.64,False,NORMAL,NORMAL,0.772
2026-09-01 09:30:00,26.941385306842633,26.94,-0.001,1.416,24.17,29.72,23.29,30.59,1023.380514430044,1023.38,-0.0,1.419,1020.6,1026.16,1019.72,1027.04,50.53789867446039,50.54,-0.002,1.94,46.74,54.34,45.54,55.54,1.936263960182148,1.91,0.025,1.474,0.0,4.8,0.0,5.71,False,NORMAL,NORMAL,0.742
2026-09-01 09:35:00,27.313590619832087,27.31,-0.001,1.416,24.54,30.09,23.67,30.96,1023.3296817040404,1023.33,-0.0,1.419,1020.55,1026.11,1019.67,1026.99,48.85080845679824,48.85,-0.002,1.94,45.05,52.66,43.85,53.85,6.949189420468942,6.92,0.025,1.475,4.03,9.81,3.13,10.72,False,NORMAL,NORMAL,0.805
2026-09-01 09:40:00,27.352118898834075,27.35,-0.001,1.416,24.58,30.13,23.7,31.0,1023.4386886085956,1023.44,-0.0,1.419,1020.66,1026.22,1019.78,1027.1,49.91827180891162,49.92,-0.002,1.941,46.12,53.72,44.92,54.92,2.743170683850757,2.72,0.025,1.475,0.0,5.61,0.0,6.52,False,NORMAL,NORMAL,0.771
2026-09-01 09:45:00,27.069878040560212,27.07,-0.001,1.416,24.29,29.85,23.42,30.72,1023.436482616667,1023.44,-0.0,1.42,1020.65,1026.22,1019.78,1027.09,50.3965391609317,50.4,-0.002,1.941,46.59,54.2,45.4,55.4,8.041941839046613,8.02,0.025,1.475,5.13,10.91,4.22,11.82,False,NORMAL,NORMAL,0.827
2026-09-01 09:50:00,28.16406231564419,28.16,-0.001,1.416,25.39,30.94,24.52,31.81,1023.3033945886492,1023.3,-0.0,1.42,1020.52,1026.09,1019.65,1026.96,47.867178850768276,47.87,-0.002,1.941,44.06,51.67,42.87,52.87,3.4952994741112944,3.47,0.025,1.475,0.58,6.36,0.0,7.27,False,NORMAL,NORMAL,0.634
2026-09-01 09:55:00,28.175453987276793,28.18,-0.001,1.416,25.4,30.95,24.53,31.82,1023.2779996955345,1023.28,-0.0,1.42,1020.5,1026.06,1019.62,1026.93,48.29749516926119,48.3,-0.002,1.941,44.5,52.1,43.3,53.3,4.817700374517789,4.79,0.025,1.475,1.9,7.68,0.99,8.59,False,NORMAL,NORMAL,0.779
2026-09-01 10:00:00,28.35693099212998,28.36,-0.001,1.416,25.58,31.13,24.71,32.01,1023.3855185277841,1023.39,-0.0,1.42,1020.6,1026.17,1019.73,1027.04,46.856590870495744,46.86,-0.002,1.941,43.05,50.66,41.86,51.86,4.3354845192822395,4.31,0.025,1.475,1.42,7.2,0.51,8.11,False,NORMAL,NORMAL,0.753
2026-09-01 10:05:00,27.840617604570756,27.84,-0.001,1.416,25.07,30.62,24.19,31.49,1023.6073678886958,1023.61,-0.0,1.42,1020.83,1026.39,1019.95,1027.26,47.841449935753545,47.84,-0.002,1.941,44.04,51.65,42.84,52.84,9.292308917848539,9.27,0.025,1.475,6.38,12.16,5.47,13.07,False,NORMAL,NORMAL,0.78
2026-09-01 10:10:00,28.927289606600873,28.93,-0.001,1.416,26.15,31.7,25.28,32.58,1023.1924142346966,1023.19,-0.0,1.42,1020.41,1025.97,1019.54,1026.85,45.79084853889148,45.79,-0.002,1.941,41.99,49.6,40.79,50.79,2.4578539924451763,2.43,0.025,1.475,0.0,5.32,0.0,6.23,False,NORMAL,NORMAL,0.425
2026-09-01 10:15:00,27.965104607125532,27.97,-0.001,1.416,25.19,30.74,24.32,31.61,1023.1598259156914,1023.16,-0.0,1.42,1020.38,1025.94,1019.5,1026.82,47.858476016449295,47.86,-0.002,1.941,44.06,51.66,42.86,52.86,6.138610427735418,6.11,0.025,1.475,3.22,9.0,2.31,9.91,False,NORMAL,NORMAL,0.749
2026-09-01 10:20:00,28.918064782586697,28.92,-0.001,1.416,26.14,31.69,25.27,32.57,1023.4046730549239,1023.4,-0.0,1.42,1020.62,1026.19,1019.75,1027.06,45.68711244396352,45.69,-0.002,1.941,41.88,49.49,40.69,50.69,2.6468459309171393,2.62,0.025,1.475,0.0,5.51,0.0,6.42,False,NORMAL,NORMAL,0.596
2026-09-01 10:25:00,29.71471578949666,29.72,-0.001,1.416,26.94,32.49,26.07,33.36,1023.3858496104689,1023.39,-0.0,1.42,1020.6,1026.17,1019.73,1027.04,42.330024695835135,42.33,-0.002,1.941,38.53,46.14,37.33,47.33,7.512090000934654,7.49,0.025,1.475,4.6,10.38,3.69,11.29,False,NORMAL,NORMAL,0.735
2026-09-01 10:30:00,28.59519724557713,28.6,-0.001,1.416,25.82,31.37,24.95,32.24,1023.4006548274323,1023.4,-0.0,1.42,1020.62,1026.18,1019.74,1027.06,45.89800695865932,45.9,-0.002,1.941,42.09,49.7,40.9,50.9,10.494891939950312,10.47,0.025,1.475,7.58,13.36,6.67,14.27,False,NORMAL,NORMAL,0.687
2026-09-01 10:35:00,28.915370598415556,28.92,-0.001,1.416,26.14,31.69,25.27,32.56,1023.4057925149193,1023.41,-0.0,1.42,1020.62,1026.19,1019.75,1027.06,45.40422300168515,45.41,-0.002,1.941,41.6,49.21,40.41,50.41,5.193116896481007,5.17,0.025,1.475,2.28,8.06,1.37,8.97,False,NORMAL,NORMAL,0.726
2026-09-01 10:40:00,29.329761971306528,29.33,-0.001,1.416,26.55,32.11,25.68,32.98,1023.3283063109753,1023.33,-0.0,1.42,1020.55,1026.11,1019.67,1026.99,44.328298614051256,44.33,-0.002,1.941,40.52,48.13,39.33,49.33,5.657817822065419,5.63,0.025,1.475,2.74,8.52,1.83,9.43,False,NORMAL,NORMAL,0.751
2026-09-01 10:45:00,29.23399199876245,29.23,-0.001,1.416,26.46,32.01,25.59,32.88,1023.5758299710164,1023.58,-0.0,1.42,1020.79,1026.36,1019.92,1027.23,44.46026262448318,44.46,-0.002,1.941,40.66,48.27,39.46,49.46,11.257129974601773,11.23,0.025,1.475,8.34,14.12,7.43,15.03,False,NORMAL,NORMAL,0.733
2026-09-01 10:50:00,28.95800327107665,28.96,-0.001,1.416,26.18,31.73,25.31,32.61,1023.1006942313412,1023.1,-0.0,1.42,1020.32,1025.88,1019.44,1026.76,45.944662987241166,45.95,-0.002,1.941,42.14,49.75,40.95,50.95,5.993725797026248,5.97,0.025,1.475,3.08,8.86,2.17,9.77,False,NORMAL,NORMAL,0.583
2026-09-01 10:55:00,29.74592341043575,29.75,-0.001,1.416,26.97,32.52,26.1,33.4,1023.2028925466097,1023.2,-0.0,1.42,1020.42,1025.99,1019.55,1026.86,42.305726039863515,42.31,-0.002,1.942,38.5,46.11,37.31,47.31,5.741397901080682,5.72,0.025,1.475,2.83,8.61,1.92,9.52,False,NORMAL,NORMAL,0.713
2026-09-01 11:00:00,29.431088379491413,29.43,-0.001,1.416,26.66,32.21,25.78,33.08,1023.2958199602666,1023.3,-0.0,1.42,1020.51,1026.08,1019.64,1026.95,44.291093323489406,44.29,-0.002,1.942,40.49,48.1,39.29,49.29,6.5565420288584075,6.53,0.025,1.475,3.64,9.42,2.73,10.33,False,NORMAL,NORMAL,0.752
2026-09-01 11:05:00,30.18018067916249,30.18,-0.001,1.416,27.4,32.96,26.53,33.83,1023.0467243060335,1023.05,-0.0,1.42,1020.26,1025.83,1019.39,1026.7,42.811566004869285,42.81,-0.002,1.942,39.01,46.62,37.81,47.81,7.6638861420520135,7.64,0.025,1.475,4.75,10.53,3.84,11.44,False,NORMAL,NORMAL,0.665
2026-09-01 11:10:00,29.75487146733495,29.76,-0.001,1.416,26.98,32.53,26.11,33.4,1023.2464256512872,1023.25,-0.0,1.42,1020.46,1026.03,1019.59,1026.9,42.25993223145246,42.26,-0.002,1.942,38.46,46.07,37.26,47.26,2.3945010229406303,2.37,0.025,1.475,0.0,5.26,0.0,6.17,False,NORMAL,NORMAL,0.724
2026-09-01 11:15:00,30.87161871648833,30.87,-0.001,1.416,28.1,33.65,27.22,34.52,1023.4992894681322,1023.5,-0.0,1.42,1020.72,1026.28,1019.84,1027.16,41.46930363477214,41.47,-0.002,1.942,37.66,45.28,36.47,46.47,9.38513742287515,9.36,0.025,1.475,6.47,12.25,5.56,13.16,False,NORMAL,NORMAL,0.513
2026-09-01 11:20:00,30.064397836920534,30.07,-0.001,1.416,27.29,32.84,26.42,33.71,1023.228092159909,1023.23,-0.0,1.42,1020.45,1026.01,1019.57,1026.89,43.39893738815254,43.4,-0.002,1.942,39.59,47.21,38.4,48.4,5.43345263031548,5.41,0.025,1.475,2.52,8.3,1.61,9.21,False,NORMAL,NORMAL,0.641
2026-09-01 11:25:00,30.371924585113124,30.37,-0.001,1.416,27.6,33.15,26.72,34.02,1023.2320448680916,1023.23,-0.0,1.42,1020.45,1026.01,1019.58,1026.89,40.93317556448648,40.93,-0.002,1.942,37.13,44.74,35.93,45.94,1.9774193818319596,1.95,0.025,1.475,0.0,4.84,0.0,5.75,False,NORMAL,NORMAL,0.733
2026-09-01 11:30:00,30.94614877871411,30.95,-0.001,1.416,28.17,33.72,27.3,34.6,1022.978455149145,1022.98,-0.0,1.42,1020.2,1025.76,1019.32,1026.64,39.550934038678776,39.55,-0.002,1.942,35.75,43.36,34.55,44.55,8.998960575281206,8.97,0.025,1.475,6.08,11.87,5.17,12.77,False,NORMAL,NORMAL,0.719
2026-09-01 11:35:00,30.245279768575312,30.25,-0.001,1.416,27.47,33.02,26.6,33.89,1023.0425988092352,1023.04,-0.0,1.42,1020.26,1025.83,1019.39,1026.7,42.64266776733892,42.64,-0.002,1.942,38.84,46.45,37.64,47.65,5.0034949843299845,4.98,0.025,1.475,2.09,7.87,1.18,8.78,False,NORMAL,NORMAL,0.672
2026-09-01 11:40:00,30.94233365751052,30.94,-0.001,1.416,28.17,33.72,27.29,34.59,1023.043857391283,1023.04,-0.0,1.42,1020.26,1025.83,1019.39,1026.7,40.154305814250094,40.16,-0.002,1.942,36.35,43.96,35.15,45.16,2.3748100440090876,2.35,0.025,1.475,0.0,5.24,0.0,6.15,False,NORMAL,NORMAL,0.751
2026-09-01 11:45:00,31.484722705851123,31.49,-0.001,1.417,28.71,34.26,27.84,35.13,1023.0150559824915,1023.02,-0.0,1.42,1020.23,1025.8,1019.36,1026.67,39.225325413489806,39.23,-0.002,1.942,35.42,43.03,34.22,44.23,7.345772727521316,7.32,0.025,1.475,4.43,10.21,3.52,11.12,False,NORMAL,NORMAL,0.702
2026-09-01 11:50:00,30.426132597477274,30.43,-0.001,1.417,27.65,33.2,26.78,34.08,1023.2150149749691,1023.22,-0.0,1.42,1020.43,1026.0,1019.56,1026.87,42.16128344403331,42.16,-0.002,1.942,38.36,45.97,37.16,47.17,10.713144614540582,10.69,0.025,1.475,7.8,13.58,6.89,14.49,False,NORMAL,NORMAL,0.554
2026-09-01 11:55:00,31.24693823359064,31.25,-0.001,1.417,28.47,34.02,27.6,34.9,1023.0639464915049,1023.06,-0.0,1.42,1020.28,1025.85,1019.41,1026.72,39.685301341428506,39.69,-0.002,1.942,35.88,43.49,34.68,44.69,10.915256583486217,10.89,0.025,1.475,8.0,13.78,7.09,14.69,False,NORMAL,NORMAL,0.552
2026-09-01 12:00:00,31.37765079537897,31.38,-0.001,1.417,28.6,34.15,27.73,35.03,1022.768562680698,1022.77,-0.0,1.42,1019.99,1025.55,1019.11,1026.43,39.207256891471616,39.21,-0.002,1.942,35.4,43.02,34.21,44.21,13.168254743302882,13.14,0.025,1.475,10.25,16.03,9.34,16.94,False,NORMAL,NORMAL,0.725
2026-09-01 12:05:00,31.68365123222261,31.68,-0.001,1.417,28.91,34.46,28.04,35.33,1022.9247089468581,1022.92,-0.0,1.42,1020.14,1025.71,1019.27,1026.58,39.57650621660608,39.58,-0.002,1.942,35.77,43.39,34.57,44.58,10.565424836476422,10.54,0.025,1.475,7.65,13.43,6.74,14.34,False,NORMAL,NORMAL,0.663
2026-09-01 12:10:00,30.969936425975245,30.97,-0.001,1.417,28.19,33.75,27.32,34.62,1022.912385216825,1022.91,-0.0,1.42,1020.13,1025.69,1019.26,1026.57,40.55285803905157,40.55,-0.002,1.942,36.75,44.36,35.55,45.56,0.3449626494759292,0.32,0.025,1.475,0.0,3.21,0.0,4.12,False,NORMAL,NORMAL,0.522
2026-09-01 12:15:00,31.026859307901503,31.03,-0.001,1.417,28.25,33.8,27.38,34.68,1022.9560678095421,1022.96,-0.0,1.42,1020.17,1025.74,1019.3,1026.61,40.00833207045264,40.01,-0.002,1.943,36.2,43.82,35.01,45.01,5.169027285500121,5.14,0.025,1.476,2.25,8.04,1.34,8.94,False,NORMAL,NORMAL,0.774
2026-09-01 12:20:00,31.850636444208728,31.85,-0.001,1.417,29.07,34.63,28.2,35.5,1022.9670070759871,1022.97,-0.0,1.42,1020.18,1025.75,1019.31,1026.62,37.987699284842606,37.99,-0.002,1.943,34.18,41.8,32.99,42.99,9.79015393469095,9.76,0.025,1.476,6.87,12.66,5.96,13.57,False,NORMAL,NORMAL,0.698
2026-09-01 12:25:00,31.843927809025935,31.84,-0.001,1.417,29.07,34.62,28.2,35.49,1022.5200459471782,1022.52,-0.0,1.42,1019.74,1025.3,1018.86,1026.18,37.89670046361885,37.9,-0.002,1.943,34.09,41.71,32.89,42.9,5.074410975156176,5.05,0.025,1.476,2.16,7.94,1.25,8.85,False,NORMAL,NORMAL,0.686
2026-09-01 12:30:00,31.905026739528655,31.91,-0.001,1.417,29.13,34.68,28.26,35.56,1022.4905899891398,1022.49,-0.0,1.42,1019.71,1025.27,1018.83,1026.15,37.60523908048726,37.61,-0.002,1.943,33.8,41.41,32.6,42.61,7.225619303819005,7.2,0.025,1.476,4.31,10.09,3.4,11.0,False,NORMAL,NORMAL,0.793
2026-09-01 12:35:00,32.01949302402719,32.02,-0.001,1.417,29.24,34.8,28.37,35.67,1022.3610400194431,1022.36,-0.0,1.42,1019.58,1025.14,1018.7,1026.02,37.51631713317719,37.52,-0.002,1.943,33.71,41.33,32.51,42.52,7.2900017312482746,7.26,0.025,1.476,4.37,10.16,3.46,11.07,False,NORMAL,NORMAL,0.814
2026-09-01 12:40:00,31.68134509480344,31.68,-0.001,1.417,28.91,34.46,28.03,35.33,1022.449610657465,1022.45,-0.0,1.42,1019.67,1025.23,1018.79,1026.11,38.22363580581103,38.23,-0.002,1.943,34.42,42.03,33.22,43.23,5.09978185531187,5.07,0.025,1.476,2.18,7.97,1.27,8.88,False,NORMAL,NORMAL,0.794
2026-09-01 12:45:00,32.11502512170303,32.12,-0.001,1.417,29.34,34.89,28.47,35.77,1022.4873166533447,1022.49,-0.0,1.42,1019.71,1025.27,1018.83,1026.14,37.619186157102455,37.62,-0.002,1.943,33.81,41.43,32.62,42.63,11.620829612572956,11.6,0.025,1.476,8.7,14.49,7.79,15.4,False,NORMAL,NORMAL,0.696
2026-09-01 12:50:00,32.20442072817226,32.21,-0.001,1.417,29.43,34.98,28.56,35.85,1022.4957622186905,1022.5,-0.0,1.42,1019.71,1025.28,1018.84,1026.15,40.58698948571782,40.59,-0.002,1.943,36.78,44.4,35.58,45.59,6.355387312528993,6.33,0.025,1.476,3.44,9.22,2.53,10.13,False,NORMAL,NORMAL,0.619
2026-09-01 12:55:00,31.862792444395986,31.86,-0.001,1.417,29.09,34.64,28.21,35.51,1022.2642599996155,1022.26,-0.0,1.42,1019.48,1025.05,1018.61,1025.92,38.84926927216251,38.85,-0.002,1.943,35.04,42.66,33.85,43.86,6.018311551789341,5.99,0.025,1.476,3.1,8.89,2.19,9.79,False,NORMAL,NORMAL,0.706
2026-09-01 13:00:00,32.95243273771843,32.95,-0.001,1.417,30.18,35.73,29.3,36.6,1022.1534031372539,1022.15,-0.0,1.42,1019.37,1024.94,1018.5,1025.81,35.26906614308932,35.27,-0.002,1.943,31.46,39.08,30.27,40.28,18.67274525033309,18.65,0.025,1.476,15.76,21.54,14.85,22.45,False,NORMAL,NORMAL,0.366
2026-09-01 13:05:00,32.44947188786426,32.45,-0.001,1.417,29.67,35.23,28.8,36.1,1022.1476579744409,1022.15,-0.0,1.42,1019.37,1024.93,1018.49,1025.8,37.9165883949085,37.92,-0.002,1.943,34.11,41.73,32.91,42.92,6.298665101940408,6.27,0.025,1.476,3.38,9.17,2.47,10.08,False,NORMAL,NORMAL,0.491
2026-09-01 13:10:00,31.833437941315754,31.83,-0.001,1.417,29.06,34.61,28.18,35.48,1021.9209764168456,1021.92,-0.0,1.42,1019.14,1024.7,1018.26,1025.58,38.57548126519158,38.58,-0.002,1.943,34.77,42.39,33.57,43.58,3.3901596237383567,3.36,0.025,1.476,0.47,6.26,0.0,7.17,False,NORMAL,NORMAL,0.718
2026-09-01 13:15:00,32.618786972698636,32.62,-0.001,1.417,29.84,35.4,28.97,36.27,1022.278928647022,1022.28,-0.0,1.42,1019.5,1025.06,1018.62,1025.94,37.052136901089625,37.05,-0.002,1.943,33.24,40.86,32.05,42.06,6.496144346060553,6.47,0.025,1.476,3.58,9.36,2.67,10.27,False,NORMAL,NORMAL,0.497
2026-09-01 13:20:00,32.00866712545905,32.01,-0.001,1.417,29.23,34.79,28.36,35.66,1021.6415554939135,1021.64,-0.0,1.42,1018.86,1024.42,1017.98,1025.3,39.00053969213064,39.0,-0.002,1.943,35.19,42.81,34.0,44.01,9.943224105811039,9.92,0.025,1.476,7.03,12.81,6.12,13.72,False,NORMAL,NORMAL,0.398
2026-09-01 13:25:00,-999.0,-50.0,-0.001,1.417,-52.78,-47.22,-53.65,-46.35,1021.8256432354663,1021.83,-0.0,1.42,1019.04,1024.61,1018.17,1025.48,34.51424210557803,34.52,-0.002,1.943,30.71,38.32,29.51,39.52,9.39904273967256,9.37,0.025,1.476,6.48,12.27,5.57,13.18,True,CRITICAL,THERMODYNAMIC_VIOLATION (THERMO_VAPOR_EXCEEDS_PRESSURE),0.99
2026-09-01 13:30:00,-999.0,-50.0,-0.001,1.417,-52.78,-47.22,-53.65,-46.35,1022.014788480272,1022.01,-0.0,1.42,1019.23,1024.8,1018.36,1025.67,34.99516649055105,35.0,-0.002,1.944,31.19,38.81,29.99,40.0,9.575065882052343,9.55,0.025,1.476,6.66,12.44,5.75,13.35,True,CRITICAL,THERMODYNAMIC_VIOLATION (THERMO_VAPOR_EXCEEDS_PRESSURE),0.99
2026-09-01 13:35:00,-999.0,-50.0,-0.001,1.417,-52.78,-47.22,-53.65,-46.35,1021.6237412402363,1021.62,-0.0,1.42,1018.84,1024.41,1017.97,1025.28,37.404825150629904,37.41,-0.002,1.944,33.6,41.22,32.4,42.41,8.528963173507167,8.5,0.025,1.476,5.61,11.4,4.7,12.31,True,CRITICAL,THERMODYNAMIC_VIOLATION (THERMO_VAPOR_EXCEEDS_PRESSURE),0.99
2026-09-01 13:40:00,32.91478068132815,32.92,-0.001,1.417,30.14,35.69,29.27,36.57,1021.5039209425823,1021.5,-0.0,1.42,1018.72,1024.29,1017.85,1025.16,36.67367024659348,36.68,-0.002,1.944,32.87,40.48,31.67,41.68,4.165723116928904,4.14,0.025,1.476,1.25,7.03,0.34,7.94,True,WARNING,MULTIVARIATE_OUTLIER,0.76
2026-09-01 13:45:00,32.717557423116986,32.72,-0.001,1.417,29.94,35.5,29.07,36.37,1021.3868237818299,1021.39,-0.0,1.42,1018.6,1024.17,1017.73,1025.04,34.80215259498516,34.8,-0.002,1.944,30.99,38.61,29.8,39.81,10.831270089130104,10.81,0.025,1.476,7.91,13.7,7.0,14.61,False,NORMAL,NORMAL,0.497
2026-09-01 13:50:00,32.90038468605623,32.9,-0.001,1.417,30.12,35.68,29.25,36.55,1021.3197831502054,1021.32,-0.0,1.42,1018.54,1024.1,1017.66,1024.98,33.67104796754386,33.67,-0.002,1.944,29.86,37.48,28.67,38.68,11.518803625721603,11.49,0.025,1.476,8.6,14.39,7.69,15.3,False,NORMAL,NORMAL,0.711
2026-09-01 13:55:00,33.34548923046169,33.35,-0.001,1.417,30.57,36.12,29.7,37.0,1021.4576398909888,1021.46,-0.0,1.42,1018.68,1024.24,1017.8,1025.11,34.81252813103918,34.81,-0.002,1.944,31.0,38.62,29.81,39.82,3.577241761640846,3.55,0.025,1.476,0.66,6.45,0.0,7.35,False,NORMAL,NORMAL,0.664
2026-09-01 14:00:00,32.49992096495217,32.5,-0.001,1.417,29.72,35.28,28.85,36.15,1020.8233578614053,1020.82,-0.0,1.42,1018.04,1023.61,1017.17,1024.48,37.130127767607945,37.13,-0.002,1.944,33.32,40.94,32.12,42.14,2.878872604905497,2.85,0.025,1.476,0.0,5.75,0.0,6.66,False,NORMAL,NORMAL,0.44
2026-09-01 14:05:00,32.30397740683321,32.3,-0.001,1.417,29.53,35.08,28.65,35.95,1021.2872172863318,1021.29,-0.0,1.42,1018.5,1024.07,1017.63,1024.94,35.97662616572107,35.98,-0.002,1.944,32.17,39.79,30.97,40.99,14.83698463004855,14.81,0.025,1.476,11.92,17.71,11.01,18.61,True,WARNING,MULTIVARIATE_OUTLIER,0.706
2026-09-01 14:10:00,32.25315379399447,32.25,-0.001,1.417,29.48,35.03,28.6,35.9,1020.7444032203151,1020.74,-0.0,1.42,1017.96,1023.53,1017.09,1024.4,36.607272936389926,36.61,-0.002,1.944,32.8,40.42,31.6,41.62,10.960830694991643,10.94,0.025,1.476,8.04,13.83,7.13,14.74,False,NORMAL,NORMAL,0.495
2026-09-01 14:15:00,32.28221753764892,32.28,-0.001,1.417,29.51,35.06,28.63,35.93,1020.8176139233622,1020.82,-0.0,1.42,1018.04,1023.6,1017.16,1024.47,37.36126030520304,37.36,-0.002,1.944,33.55,41.17,32.35,42.37,11.509889402416585,11.48,0.025,1.476,8.59,14.38,7.68,15.29,False,NORMAL,NORMAL,0.63
2026-09-01 14:20:00,32.57338162107901,32.57,-0.001,1.417,29.8,35.35,28.92,36.22,1020.691753289309,1020.69,-0.0,1.42,1017.91,1023.47,1017.03,1024.35,37.41825132041375,37.42,-0.002,1.944,33.61,41.23,32.41,42.43,11.34316721413665,11.32,0.025,1.476,8.42,14.21,7.52,15.12,False,NORMAL,NORMAL,0.663
2026-09-01 14:25:00,32.73246830257654,32.73,-0.001,1.417,29.96,35.51,29.08,36.38,1020.741958775313,1020.74,-0.0,1.42,1017.96,1023.52,1017.08,1024.4,35.945668939923394,35.95,-0.002,1.944,32.14,39.76,30.94,40.96,6.789788768734673,6.76,0.025,1.476,3.87,9.66,2.96,10.57,False,NORMAL,NORMAL,0.74
2026-09-01 14:30:00,32.69458139123632,32.7,-0.001,1.417,29.92,35.47,29.05,36.35,1020.3105965637541,1020.31,-0.0,1.42,1017.53,1023.09,1016.65,1023.97,36.76201456965721,36.76,-0.002,1.944,32.95,40.57,31.76,41.77,7.8317663334928485,7.81,0.025,1.476,4.91,10.7,4.0,11.61,False,NORMAL,NORMAL,0.585
2026-09-01 14:35:00,32.89879788289116,32.9,-0.001,1.417,30.12,35.68,29.25,36.55,1020.5154814074136,1020.52,-0.0,1.42,1017.73,1023.3,1016.86,1024.17,35.0387706586139,35.04,-0.002,1.944,31.23,38.85,30.03,40.05,6.813616947320509,6.79,0.025,1.476,3.89,9.68,2.99,10.59,False,NORMAL,NORMAL,0.68
2026-09-01 14:40:00,32.553278207283235,32.55,-0.001,1.417,29.78,35.33,28.9,36.2,1020.6449414929058,1020.65,-0.0,1.42,1017.86,1023.43,1016.99,1024.3,36.37755710527556,36.38,-0.002,1.944,32.57,40.19,31.37,41.39,1.7577029078059956,1.73,0.025,1.476,0.0,4.63,0.0,5.54,False,NORMAL,NORMAL,0.733
2026-09-01 14:45:00,33.105790501819605,33.11,-0.001,1.417,30.33,35.88,29.46,36.76,1020.031357080522,1020.03,-0.0,1.42,1017.25,1022.81,1016.37,1023.69,34.64847579344751,34.65,-0.002,1.944,30.84,38.46,29.64,39.66,8.958122773165943,8.93,0.025,1.476,6.04,11.83,5.13,12.74,False,NORMAL,NORMAL,0.425
2026-09-01 14:50:00,32.390975097636186,32.39,-0.001,1.417,29.61,35.17,28.74,36.04,1020.1583259281304,1020.16,-0.0,1.42,1017.38,1022.94,1016.5,1023.82,36.123540846398605,36.13,-0.002,1.945,32.31,39.94,31.12,41.13,6.41630795773909,6.39,0.025,1.476,3.5,9.28,2.59,10.19,False,NORMAL,NORMAL,0.655
2026-09-01 14:55:00,33.553544764890475,33.55,-0.001,1.417,30.78,36.33,29.9,37.2,1019.9242088617726,1019.92,-0.0,1.42,1017.14,1022.71,1016.27,1023.58,34.496241834152464,34.5,-0.002,1.945,30.69,38.31,29.49,39.51,7.800532848308385,7.78,0.025,1.476,4.88,10.67,3.97,11.58,False,NORMAL,NORMAL,0.598
2026-09-01 15:00:00,32.68058015312581,32.68,-0.001,1.417,29.9,35.46,29.03,36.33,1019.9807258771641,1019.98,-0.0,1.42,1017.2,1022.76,1016.32,1023.64,37.35538282144106,37.36,-0.002,1.945,33.55,41.17,32.35,42.37,6.372454429059684,6.35,0.025,1.477,3.45,9.24,2.54,10.15,False,NORMAL,NORMAL,0.586
2026-09-01 15:05:00,32.04850346108363,32.05,-0.001,1.417,29.27,34.83,28.4,35.7,1019.8128532472603,1019.81,-0.0,1.42,1017.03,1022.6,1016.16,1023.47,36.043533953304284,36.05,-0.002,1.945,32.23,39.86,31.04,41.05,6.26279350185385,6.24,0.025,1.477,3.34,9.13,2.43,10.04,False,NORMAL,NORMAL,0.774
2026-09-01 15:10:00,31.92030196787132,31.92,-0.001,1.417,29.14,34.7,28.27,35.57,1019.6067992655027,1019.61,-0.0,1.42,1016.82,1022.39,1015.95,1023.26,38.11570962477151,38.12,-0.002,1.945,34.31,41.93,33.11,43.13,3.2987594854379214,3.27,0.025,1.477,0.38,6.17,0.0,7.08,False,NORMAL,NORMAL,0.782
2026-09-01 15:15:00,32.49520343429475,32.5,-0.001,1.417,29.72,35.27,28.85,36.15,1019.6692483789635,1019.67,-0.0,1.42,1016.89,1022.45,1016.01,1023.33,36.91484235061466,36.92,-0.002,1.945,33.1,40.73,31.91,41.93,4.334534450424566,4.31,0.025,1.477,1.42,7.2,0.51,8.11,False,NORMAL,NORMAL,0.673
2026-09-01 15:20:00,32.16267340909195,32.16,-0.001,1.417,29.39,34.94,28.51,35.81,1019.7598697034296,1019.76,-0.0,1.42,1016.98,1022.54,1016.1,1023.42,38.63750951225673,38.64,-0.002,1.945,34.83,42.45,33.63,43.65,3.147392474049225,3.12,0.025,1.477,0.23,6.02,0.0,6.93,False,NORMAL,NORMAL,0.694
2026-09-01 15:25:00,32.483818586213054,32.48,-0.001,1.417,29.71,35.26,28.83,36.14,1019.3539367266749,1019.35,-0.0,1.42,1016.57,1022.14,1015.7,1023.01,35.09995349418778,35.1,-0.002,1.945,31.29,38.91,30.09,40.11,3.5232308736326514,3.5,0.025,1.477,0.6,6.39,0.0,7.3,False,NORMAL,NORMAL,0.606
2026-09-01 15:30:00,32.330018077529644,32.33,-0.001,1.417,29.55,35.11,28.68,35.98,1019.3841950450036,1019.38,-0.0,1.42,1016.6,1022.17,1015.73,1023.04,37.09951173238582,37.1,-0.002,1.945,33.29,40.91,32.09,42.11,14.313959096442753,14.29,0.025,1.477,11.39,17.18,10.48,18.09,False,NORMAL,NORMAL,0.557
2026-09-01 15:35:00,32.05047153209269,32.05,-0.001,1.417,29.27,34.83,28.4,35.7,1018.9763021745814,1018.98,-0.0,1.42,1016.19,1021.76,1015.32,1022.63,36.749766000346916,36.75,-0.002,1.945,32.94,40.56,31.74,41.76,3.0630460351827358,3.04,0.025,1.477,0.14,5.93,0.0,6.84,False,NORMAL,NORMAL,0.564
2026-09-01 15:40:00,31.67617344467706,31.68,-0.001,1.417,28.9,34.45,28.03,35.33,1018.9213894694127,1018.92,-0.0,1.42,1016.14,1021.7,1015.26,1022.58,36.28643572000059,36.29,-0.002,1.945,32.48,40.1,31.28,41.3,4.197319344846615,4.17,0.025,1.477,1.28,7.07,0.37,7.98,False,NORMAL,NORMAL,0.786
2026-09-01 15:45:00,31.340681639921023,31.34,-0.001,1.417,28.56,34.12,27.69,34.99,1019.0308737531627,1019.03,-0.0,1.42,1016.25,1021.81,1015.37,1022.69,39.70458741864105,39.71,-0.002,1.945,35.89,43.52,34.7,44.72,7.06214723835195,7.04,0.025,1.477,4.14,9.93,3.23,10.84,False,NORMAL,NORMAL,0.692
2026-09-01 15:50:00,31.69622155442989,31.7,-0.001,1.417,28.92,34.47,28.05,35.35,1019.0784787322817,1019.08,-0.0,1.42,1016.3,1021.86,1015.42,1022.74,37.85128412924958,37.85,-0.002,1.945,34.04,41.67,32.84,42.86,7.23236031160954,7.21,0.025,1.477,4.31,10.1,3.4,11.01,False,NORMAL,NORMAL,0.783
2026-09-01 15:55:00,32.14210873993921,32.14,-0.001,1.417,29.37,34.92,28.49,35.79,1018.8058353723816,1018.81,-0.0,1.42,1016.02,1021.59,1015.15,1022.46,38.28509306637804,38.29,-0.002,1.945,34.47,42.1,33.28,43.3,3.037691541715634,3.01,0.025,1.477,0.12,5.91,0.0,6.82,False,NORMAL,NORMAL,0.693
2026-09-01 16:00:00,31.806461973860205,31.81,-0.001,1.417,29.03,34.58,28.16,35.46,1018.6030412954215,1018.6,-0.0,1.42,1015.82,1021.39,1014.95,1022.26,36.845038950854324,36.85,-0.002,1.945,33.03,40.66,31.84,41.86,9.30386733845885,9.28,0.025,1.477,6.38,12.17,5.47,13.08,False,NORMAL,NORMAL,0.708
2026-09-01 16:05:00,31.140398264325977,31.14,-0.001,1.417,28.36,33.92,27.49,34.79,1018.5483639885247,1018.55,-0.0,1.42,1015.77,1021.33,1014.89,1022.21,39.30606728006637,39.31,-0.002,1.946,35.49,43.12,34.3,44.32,9.153572274436666,9.13,0.025,1.477,6.23,12.02,5.32,12.93,False,NORMAL,NORMAL,0.771
2026-09-01 16:10:00,31.622471543540662,31.62,-0.001,1.417,28.85,34.4,27.97,35.27,1018.260429934195,1018.26,-0.0,1.42,1015.48,1021.04,1014.6,1021.92,40.3495703093663,40.35,-0.002,1.946,36.54,44.16,35.34,45.36,3.8284714233967447,3.8,0.025,1.477,0.91,6.7,0.0,7.61,False,NORMAL,NORMAL,0.647
2026-09-01 16:15:00,31.618511225943895,31.62,-0.001,1.417,28.84,34.4,27.97,35.27,1018.439324308739,1018.44,-0.0,1.42,1015.66,1021.22,1014.78,1022.1,39.041582712976,39.04,-0.002,1.946,35.23,42.86,34.03,44.06,4.277495335741075,4.25,0.025,1.477,1.36,7.15,0.45,8.06,False,NORMAL,NORMAL,0.685
2026-09-01 16:20:00,31.018751242189207,31.02,-0.001,1.417,28.24,33.8,27.37,34.67,1018.3828700547573,1018.38,-0.0,1.42,1015.6,1021.17,1014.73,1022.04,39.47642022393863,39.48,-0.002,1.946,35.66,43.29,34.47,44.49,12.17602231952338,12.15,0.025,1.477,9.26,15.05,8.35,15.96,False,NORMAL,NORMAL,0.689
2026-09-01 16:25:00,31.33846569276426,31.34,-0.001,1.417,28.56,34.12,27.69,34.99,1018.0858762305681,1018.09,-0.0,1.42,1015.3,1020.87,1014.43,1021.74,39.07907726317453,39.08,-0.002,1.946,35.27,42.89,34.07,44.09,9.614068319020515,9.59,0.025,1.477,6.69,12.48,5.78,13.39,False,NORMAL,NORMAL,0.715
2026-09-01 16:30:00,31.201760200633387,31.2,-0.001,1.417,28.42,33.98,27.55,34.85,1017.9877263823241,1017.99,-0.0,1.42,1015.21,1020.77,1014.33,1021.65,38.20126413280432,38.2,-0.002,1.946,34.39,42.02,33.19,43.22,7.925848104600468,7.9,0.025,1.477,5.01,10.8,4.1,11.71,False,NORMAL,NORMAL,0.798
2026-09-01 16:35:00,30.619658889898357,30.62,-0.001,1.417,27.84,33.4,26.97,34.27,1018.0041043087235,1018.0,-0.0,1.42,1015.22,1020.79,1014.35,1021.66,41.77353314766181,41.78,-0.002,1.946,37.96,45.59,36.76,46.79,2.1137575738224195,2.09,0.025,1.477,0.0,4.98,0.0,5.89,False,NORMAL,NORMAL,0.636
2026-09-01 16:40:00,31.11525252759253,31.12,-0.001,1.417,28.34,33.89,27.46,34.77,1017.8062220666716,1017.81,-0.0,1.42,1015.02,1020.59,1014.15,1021.46,37.92338091997383,37.92,-0.002,1.946,34.11,41.74,32.91,42.94,5.288587500005818,5.26,0.025,1.477,2.37,8.16,1.46,9.07,False,NORMAL,NORMAL,0.736
2026-09-01 16:45:00,31.08871471039765,31.09,-0.001,1.417,28.31,33.87,27.44,34.74,1017.7709026070216,1017.77,-0.0,1.42,1014.99,1020.55,1014.11,1021.43,40.14210571878087,40.14,-0.002,1.946,36.33,43.96,35.13,45.16,6.475875934094053,6.45,0.025,1.477,3.56,9.35,2.65,10.26,False,NORMAL,NORMAL,0.728
2026-09-01 16:50:00,31.186911311335074,31.19,-0.001,1.417,28.41,33.97,27.54,34.84,1018.0065223693489,1018.01,-0.0,1.42,1015.22,1020.79,1014.35,1021.66,37.56357572845597,37.57,-0.002,1.946,33.75,41.38,32.55,42.58,3.244465990697067,3.22,0.025,1.477,0.32,6.11,0.0,7.02,False,NORMAL,NORMAL,0.75
2026-09-01 16:55:00,31.061583369536685,31.06,-0.001,1.417,28.28,33.84,27.41,34.71,1017.5669616426904,1017.57,-0.0,1.42,1014.78,1020.35,1013.91,1021.22,38.19209097692991,38.19,-0.002,1.946,34.38,42.01,33.18,43.21,5.466586475811313,5.44,0.025,1.477,2.55,8.34,1.64,9.25,False,NORMAL,NORMAL,0.701
2026-09-01 17:00:00,29.972504919667966,29.97,-0.001,1.417,27.2,32.75,26.32,33.62,1017.4644827752834,1017.46,-0.0,1.42,1014.68,1020.25,1013.81,1021.12,44.22977063983943,44.23,-0.002,1.946,40.42,48.05,39.22,49.24,6.763328337168771,6.74,0.025,1.477,3.84,9.63,2.93,10.54,False,NORMAL,NORMAL,0.552
2026-09-01 17:05:00,30.02914902889436,30.03,-0.001,1.417,27.25,32.81,26.38,33.68,1017.3371411768514,1017.34,-0.0,1.42,1014.55,1020.12,1013.68,1020.99,41.44739566355458,41.45,-0.002,1.946,37.63,45.26,36.44,46.46,4.42159672883641,4.4,0.025,1.477,1.5,7.29,0.59,8.2,False,NORMAL,NORMAL,0.785
2026-09-01 17:10:00,30.48825495178971,30.49,-0.001,1.417,27.71,33.27,26.84,34.14,1017.463809927243,1017.46,-0.0,1.42,1014.68,1020.25,1013.81,1021.12,41.40831231302819,41.41,-0.002,1.946,37.6,45.22,36.4,46.42,8.6088423198708,8.58,0.025,1.477,5.69,11.48,4.78,12.39,False,NORMAL,NORMAL,0.684
2026-09-01 17:15:00,30.363032867000733,30.36,-0.001,1.417,27.59,33.14,26.71,34.02,1017.2448220561671,1017.24,-0.0,1.42,1014.46,1020.03,1013.59,1020.9,39.54842120572864,39.55,-0.002,1.946,35.74,43.36,34.54,44.56,9.416394703313138,9.39,0.025,1.477,6.5,12.29,5.59,13.2,False,NORMAL,NORMAL,0.767
2026-09-01 17:20:00,30.236192692864773,30.24,-0.001,1.417,27.46,33.02,26.59,33.89,1017.0963820401971,1017.1,-0.0,1.42,1014.31,1019.88,1013.44,1020.75,40.238617936350956,40.24,-0.002,1.946,36.43,44.06,35.23,45.25,4.323321905201857,4.3,0.025,1.477,1.4,7.19,0.49,8.1,False,NORMAL,NORMAL,0.799
2026-09-01 17:25:00,31.441361683796245,31.44,-0.001,1.417,28.66,34.22,27.79,35.09,1017.315761561394,1017.32,-0.0,1.42,1014.53,1020.1,1013.66,1020.97,38.198770505279384,38.2,-0.002,1.947,34.39,42.02,33.19,43.21,9.288382030150075,9.26,0.025,1.477,6.37,12.16,5.46,13.07,False,NORMAL,NORMAL,0.577
2026-09-01 17:30:00,29.996225115214234,30.0,-0.001,1.417,27.22,32.78,26.35,33.65,1017.256313816783,1017.26,-0.0,1.42,1014.47,1020.04,1013.6,1020.91,40.49645890198687,40.5,-0.002,1.947,36.68,44.31,35.48,45.51,2.2615404877922574,2.24,0.025,1.477,0.0,5.13,0.0,6.04,False,NORMAL,NORMAL,0.604
2026-09-01 17:35:00,30.08726450001049,30.09,-0.001,1.417,27.31,32.87,26.44,33.74,1016.881176349326,1016.88,-0.0,1.42,1014.1,1019.66,1013.22,1020.54,41.60343902537143,41.6,-0.002,1.947,37.79,45.42,36.59,46.62,9.171078758714582,9.15,0.025,1.477,6.25,12.04,5.34,12.95,False,NORMAL,NORMAL,0.655
2026-09-01 17:40:00,29.877444054892884,29.88,-0.001,1.418,27.1,32.66,26.23,33.53,1016.6212099819862,1016.62,-0.0,1.42,1013.84,1019.4,1012.96,1020.28,42.40141964777193,42.4,-0.002,1.947,38.59,46.22,37.39,47.42,2.7530020768290577,2.73,0.025,1.477,0.0,5.62,0.0,6.53,False,NORMAL,NORMAL,0.755
2026-09-01 17:45:00,29.61690806703931,29.62,-0.001,1.418,26.84,32.4,25.97,33.27,1016.9843749141511,1016.98,-0.0,1.42,1014.2,1019.77,1013.33,1020.64,41.41074073043036,41.41,-0.002,1.947,37.6,45.23,36.4,46.43,1.9778555413702532,1.95,0.025,1.478,0.0,4.85,0.0,5.76,False,NORMAL,NORMAL,0.729
2026-09-01 17:50:00,29.08852357987578,29.09,-0.001,1.418,26.31,31.87,25.44,32.74,1016.6647330134409,1016.66,-0.0,1.42,1013.88,1019.45,1013.01,1020.32,43.590702040608335,43.59,-0.002,1.947,39.78,47.41,38.58,48.61,6.770331194873825,6.75,0.025,1.478,3.85,9.64,2.94,10.55,False,NORMAL,NORMAL,0.73
2026-09-01 17:55:00,29.374339565264847,29.38,-0.001,1.418,26.6,32.15,25.72,33.03,1016.8223363328032,1016.82,-0.0,1.42,1014.04,1019.61,1013.16,1020.48,44.77315507556437,44.77,-0.002,1.947,40.96,48.59,39.76,49.79,5.306978852910436,5.28,0.025,1.478,2.39,8.18,1.48,9.09,False,NORMAL,NORMAL,0.723
2026-09-01 18:00:00,28.615653650730444,28.62,-0.001,1.418,25.84,31.39,24.96,32.27,1016.3466856157243,1016.35,-0.0,1.42,1013.56,1019.13,1012.69,1020.0,44.78025803897591,44.78,-0.002,1.947,40.97,48.6,39.77,49.8,10.192200056067774,10.17,0.025,1.478,7.27,13.06,6.36,13.97,False,NORMAL,NORMAL,0.648
2026-09-01 18:05:00,28.6820707300189,28.68,-0.001,1.418,25.9,31.46,25.03,32.33,1016.7166971452613,1016.72,-0.0,1.42,1013.93,1019.5,1013.06,1020.37,44.459194547042664,44.46,-0.002,1.947,40.64,48.28,39.45,49.48,4.405623224592213,4.38,0.025,1.478,1.48,7.28,0.57,8.19,False,NORMAL,NORMAL,0.72
2026-09-01 18:10:00,28.43272199350654,28.43,-0.001,1.418,25.66,31.21,24.78,32.09,1016.3438853986271,1016.34,-0.0,1.42,1013.56,1019.13,1012.69,1020.0,46.0201134427808,46.02,-0.002,1.947,42.21,49.84,41.01,51.04,3.7908984456195856,3.77,0.025,1.478,0.87,6.66,0.0,7.57,False,NORMAL,NORMAL,0.752
2026-09-01 18:15:00,28.507814215199485,28.51,-0.001,1.418,25.73,31.29,24.86,32.16,1016.5800720233478,1016.58,-0.0,1.42,1013.8,1019.36,1012.92,1020.24,45.46664626665916,45.47,-0.002,1.947,41.65,49.28,40.45,50.48,5.394870236367297,5.37,0.025,1.478,2.47,8.27,1.56,9.18,False,NORMAL,NORMAL,0.809
2026-09-01 18:20:00,29.247326984140635,29.25,-0.001,1.418,26.47,32.03,25.6,32.9,1016.4196281159652,1016.42,-0.0,1.42,1013.64,1019.2,1012.76,1020.08,43.53223992168015,43.53,-0.002,1.947,39.72,47.35,38.52,48.55,5.016478590314919,4.99,0.025,1.478,2.09,7.89,1.18,8.8,False,NORMAL,NORMAL,0.79
2026-09-01 18:25:00,27.41923307996336,27.42,-0.001,1.418,24.64,30.2,23.77,31.07,1016.2235461777504,1016.22,-0.0,1.42,1013.44,1019.01,1012.57,1019.88,46.895707093292174,46.9,-0.002,1.947,43.08,50.71,41.88,51.91,4.149685802374689,4.12,0.025,1.478,1.23,7.02,0.32,7.93,False,NORMAL,NORMAL,0.69
2026-09-01 18:30:00,28.28367095477039,28.28,-0.001,1.418,25.51,31.06,24.63,31.94,1016.256834136569,1016.26,-0.0,1.42,1013.47,1019.04,1012.6,1019.91,45.27039646860714,45.27,-0.002,1.947,41.46,49.09,40.26,50.29,6.89877009586183,6.87,0.025,1.478,3.98,9.77,3.07,10.68,False,NORMAL,NORMAL,0.757
2026-09-01 18:35:00,27.20553662874646,27.21,-0.001,1.418,24.43,29.98,23.55,30.86,1016.3741705349167,1016.37,-0.0,1.42,1013.59,1019.16,1012.72,1020.03,49.48103201874892,49.48,-0.002,1.947,45.67,53.3,44.47,54.5,7.518145891819475,7.49,0.025,1.478,4.6,10.39,3.69,11.3,False,NORMAL,NORMAL,0.746
2026-09-01 18:40:00,27.501811659326197,27.5,-0.001,1.418,24.72,30.28,23.85,31.15,1016.2424947429323,1016.24,-0.0,1.42,1013.46,1019.03,1012.59,1019.9,46.45897759291676,46.46,-0.002,1.947,42.64,50.28,41.44,51.48,8.657352242705974,8.63,0.025,1.478,5.74,11.53,4.83,12.44,False,NORMAL,NORMAL,0.804
2026-09-01 18:45:00,27.964709016766946,27.97,-0.001,1.418,25.19,30.74,24.31,31.62,1016.271684748764,1016.27,-0.0,1.42,1013.49,1019.05,1012.61,1019.93,46.685384398523915,46.69,-0.002,1.948,42.87,50.5,41.67,51.7,11.788097060219542,11.76,0.025,1.478,8.87,14.66,7.96,15.57,False,NORMAL,NORMAL,0.811
2026-09-01 18:50:00,27.392046340242533,27.39,-0.001,1.418,24.61,30.17,23.74,31.04,1016.4398912442736,1016.44,-0.0,1.42,1013.66,1019.22,1012.78,1020.1,47.177726791700884,47.18,-0.002,1.948,43.36,51.0,42.16,52.2,3.431385520770326,3.41,0.025,1.478,0.51,6.3,0.0,7.21,False,NORMAL,NORMAL,0.781
2026-09-01 18:55:00,26.771181983687356,26.77,-0.001,1.418,23.99,29.55,23.12,30.42,1015.870143094289,1015.87,-0.0,1.42,1013.09,1018.65,1012.21,1019.53,48.37979420810076,48.38,-0.002,1.948,44.56,52.2,43.36,53.4,6.862346538481705,6.84,0.025,1.478,3.94,9.73,3.03,10.64,False,NORMAL,NORMAL,0.73
2026-09-01 19:00:00,26.750923355791564,26.75,-0.001,1.418,23.97,29.53,23.1,30.4,1016.3106249853419,1016.31,-0.0,1.42,1013.53,1019.09,1012.65,1019.97,50.58641500519494,50.59,-0.002,1.948,46.77,54.41,45.57,55.61,4.297297341846547,4.27,0.025,1.478,1.38,7.17,0.46,8.08,False,NORMAL,NORMAL,0.69
2026-09-01 19:05:00,27.142548152417934,27.14,-0.001,1.418,24.36,29.92,23.49,30.8,1016.0488237419704,1016.05,-0.0,1.42,1013.27,1018.83,1012.39,1019.71,47.64686187662374,47.65,-0.002,1.948,43.83,51.47,42.63,52.67,6.403450680140419,6.38,0.025,1.478,3.48,9.28,2.57,10.19,False,NORMAL,NORMAL,0.789
2026-09-01 19:10:00,26.411206242057123,26.41,-0.001,1.418,23.63,29.19,22.76,30.06,1015.8652936288579,1015.87,-0.0,1.42,1013.08,1018.65,1012.21,1019.52,50.19363498529859,50.2,-0.002,1.948,46.38,54.01,45.18,55.21,4.804142060161806,4.78,0.025,1.478,1.88,7.68,0.97,8.59,False,NORMAL,NORMAL,0.837
2026-09-01 19:15:00,26.62164059608325,26.62,-0.001,1.418,23.84,29.4,22.97,30.27,1015.7692651889483,1015.77,-0.0,1.42,1012.99,1018.55,1012.11,1019.43,49.13719795069998,49.14,-0.002,1.948,45.32,52.96,44.12,54.16,13.362258141907061,13.34,0.025,1.478,10.44,16.23,9.53,17.14,False,NORMAL,NORMAL,0.73
2026-09-01 19:20:00,26.38413177709749,26.38,-0.001,1.418,23.61,29.16,22.73,30.04,1015.9108482036919,1015.91,-0.0,1.42,1013.13,1018.69,1012.25,1019.57,50.02497759728138,50.03,-0.002,1.948,46.21,53.84,45.01,55.04,6.720135282236101,6.69,0.025,1.478,3.8,9.59,2.89,10.5,False,NORMAL,NORMAL,0.796
2026-09-01 19:25:00,25.935331948162624,25.94,-0.001,1.418,23.16,28.71,22.28,29.59,1016.0495103158131,1016.05,-0.0,1.42,1013.27,1018.83,1012.39,1019.71,51.8966933747565,51.9,-0.002,1.948,48.08,55.72,46.88,56.92,10.184539662362077,10.16,0.025,1.478,7.26,13.06,6.35,13.97,False,NORMAL,NORMAL,0.827
2026-09-01 19:30:00,26.88292380317027,26.88,-0.001,1.418,24.1,29.66,23.23,30.54,1015.8657556215732,1015.87,-0.0,1.42,1013.08,1018.65,1012.21,1019.52,49.196422517787674,49.2,-0.002,1.948,45.38,53.02,44.18,54.22,7.767791216501189,7.74,0.025,1.478,4.85,10.64,3.93,11.55,False,NORMAL,NORMAL,0.786
2026-09-01 19:35:00,26.107675039925965,26.11,-0.001,1.418,23.33,28.89,22.46,29.76,1016.0866980176172,1016.09,-0.0,1.42,1013.3,1018.87,1012.43,1019.74,49.26373924539777,49.27,-0.002,1.948,45.45,53.08,44.25,54.28,8.764782363815593,8.74,0.025,1.478,5.84,11.64,4.93,12.55,False,NORMAL,NORMAL,0.795
2026-09-01 19:40:00,24.872281233414427,24.87,-0.001,1.418,22.09,27.65,21.22,28.53,1015.6189266832403,1015.62,-0.0,1.42,1012.84,1018.4,1011.96,1019.28,53.0068708128825,53.01,-0.002,1.948,49.19,56.83,47.99,58.03,7.386699859015641,7.36,0.025,1.478,4.46,10.26,3.55,11.17,False,NORMAL,NORMAL,0.689
2026-09-01 19:45:00,25.584702996572318,25.59,-0.001,1.418,22.81,28.36,21.93,29.24,1015.8127363612318,1015.81,-0.0,1.42,1013.03,1018.6,1012.16,1019.47,52.78128438405614,52.78,-0.002,1.948,48.96,56.6,47.76,57.8,4.424714395838665,4.4,0.025,1.478,1.5,7.3,0.59,8.21,False,NORMAL,NORMAL,0.755
2026-09-01 19:50:00,25.07282460729057,25.07,-0.001,1.418,22.29,27.85,21.42,28.73,1015.6059299071555,1015.61,-0.0,1.42,1012.82,1018.39,1011.95,1019.26,53.038546787309905,53.04,-0.002,1.948,49.22,56.86,48.02,58.06,3.01387932249696,2.99,0.025,1.478,0.09,5.89,0.0,6.8,False,NORMAL,NORMAL,0.84
2026-09-01 19:55:00,25.505648247066443,25.51,-0.001,1.418,22.73,28.29,21.85,29.16,1015.8287869820018,1015.83,-0.0,1.42,1013.05,1018.61,1012.17,1019.49,52.08917993267077,52.09,-0.002,1.948,48.27,55.91,47.07,57.11,3.7732216564836545,3.75,0.025,1.478,0.85,6.65,0.0,7.56,False,NORMAL,NORMAL,0.822
2026-09-01 20:00:00,24.674603096170458,24.68,-0.001,1.418,21.9,27.45,21.02,28.33,1015.8888616497449,1015.89,-0.0,1.42,1013.11,1018.67,1012.23,1019.55,54.15677072863107,54.16,-0.002,1.949,50.34,57.98,49.14,59.18,0.7863998030382492,0.76,0.025,1.478,0.0,3.66,0.0,4.57,False,NORMAL,NORMAL,0.816
2026-09-01 20:05:00,24.772537056873738,24.77,-0.001,1.418,21.99,27.55,21.12,28.43,1015.6753503565806,1015.68,-0.0,1.42,1012.89,1018.46,1012.02,1019.33,53.1851830201129,53.19,-0.002,1.949,49.37,57.01,48.17,58.21,4.738699493672741,4.71,0.025,1.478,1.82,7.61,0.91,8.52,False,NORMAL,NORMAL,0.835
2026-09-01 20:10:00,24.847213560083087,24.85,-0.001,1.418,22.07,27.63,21.2,28.5,1015.3314328799017,1015.33,-0.0,1.42,1012.55,1018.11,1011.67,1018.99,51.95894290246252,51.96,-0.002,1.949,48.14,55.78,46.94,56.98,4.612510955704782,4.59,0.025,1.478,1.69,7.48,0.78,8.4,False,NORMAL,NORMAL,0.848
2026-09-01 20:15:00,24.818357488880356,24.82,-0.001,1.418,22.04,27.6,21.17,28.47,1015.7363842620206,1015.74,-0.0,1.42,1012.95,1018.52,1012.08,1019.39,54.813350049767415,54.81,-0.002,1.949,51.0,58.63,49.8,59.83,4.747133790929033,4.72,0.025,1.478,1.82,7.62,0.91,8.53,False,NORMAL,NORMAL,0.774
2026-09-01 20:20:00,23.818906258853197,23.82,-0.001,1.418,21.04,26.6,20.17,27.47,1015.7573173186832,1015.76,-0.0,1.42,1012.97,1018.54,1012.1,1019.42,57.05396002034189,57.06,-0.002,1.949,53.24,60.88,52.04,62.08,10.508973679691849,10.48,0.025,1.478,7.59,13.38,6.68,14.29,False,NORMAL,NORMAL,0.755
2026-09-01 20:25:00,23.992409171593476,23.99,-0.001,1.418,21.21,26.77,20.34,27.65,1015.7384116634644,1015.74,-0.0,1.42,1012.96,1018.52,1012.08,1019.4,55.96019345633544,55.96,-0.002,1.949,52.14,59.78,50.94,60.98,8.56347196480822,8.54,0.025,1.478,5.64,11.44,4.73,12.35,False,NORMAL,NORMAL,0.838
2026-09-01 20:30:00,23.763714452140402,23.76,-0.001,1.418,20.99,26.54,20.11,27.42,1015.8496996310628,1015.85,-0.0,1.42,1013.07,1018.63,1012.19,1019.51,56.83820878043835,56.84,-0.002,1.949,53.02,60.66,51.82,61.86,2.3099639262756195,2.28,0.025,1.479,0.0,5.18,0.0,6.09,False,NORMAL,NORMAL,0.825
2026-09-01 20:35:00,23.520224300536768,23.52,-0.001,1.418,20.74,26.3,19.87,27.17,1015.4907492545104,1015.49,-0.0,1.42,1012.71,1018.27,1011.83,1019.15,59.036959064277646,59.04,-0.002,1.949,55.22,62.86,54.02,64.06,3.7313487482403445,3.71,0.025,1.479,0.81,6.6,0.0,7.51,False,NORMAL,NORMAL,0.806
2026-09-01 20:40:00,24.31606382077944,24.32,-0.001,1.418,21.54,27.1,20.66,27.97,1015.7409299698745,1015.74,-0.0,1.42,1012.96,1018.52,1012.08,1019.4,57.31259907246957,57.31,-0.002,1.949,53.49,61.13,52.29,62.33,4.084732451672005,4.06,0.025,1.479,1.16,6.96,0.25,7.87,False,NORMAL,NORMAL,0.787
2026-09-01 20:45:00,23.6007455909936,23.6,-0.001,1.418,20.82,26.38,19.95,27.25,1015.8055833245152,1015.81,-0.0,1.42,1013.02,1018.59,1012.15,1019.46,55.61861619653098,55.62,-0.002,1.949,51.8,59.44,50.6,60.64,3.677687322595594,3.65,0.025,1.479,0.75,6.55,0.0,7.46,False,NORMAL,NORMAL,0.835
2026-09-01 20:50:00,22.763896384204084,22.76,-0.001,1.418,19.99,25.54,19.11,26.42,1015.3479514994086,1015.35,-0.0,1.42,1012.56,1018.13,1011.69,1019.01,61.98587588779031,61.99,-0.002,1.949,58.17,65.81,56.97,67.01,6.961240007938483,6.94,0.025,1.479,4.04,9.83,3.13,10.75,False,NORMAL,NORMAL,0.658
2026-09-01 20:55:00,23.465599359007136,23.47,-0.001,1.418,20.69,26.25,19.81,27.12,1015.6508454805185,1015.65,-0.0,1.42,1012.87,1018.43,1011.99,1019.31,58.99132533299534,58.99,-0.002,1.949,55.17,62.81,53.97,64.01,4.738997903497438,4.71,0.025,1.479,1.82,7.61,0.9,8.52,False,NORMAL,NORMAL,0.743
2026-09-01 21:00:00,23.778310117984887,23.78,-0.001,1.418,21.0,26.56,20.13,27.43,1015.5154568895424,1015.52,-0.0,1.42,1012.73,1018.3,1011.86,1019.17,56.05409012989986,56.06,-0.002,1.949,52.24,59.88,51.03,61.08,5.06736382813092,5.04,0.025,1.479,2.14,7.94,1.23,8.85,False,NORMAL,NORMAL,0.847
2026-09-01 21:05:00,23.17429571076714,23.18,-0.001,1.418,20.4,25.95,19.52,26.83,1015.5669719788813,1015.57,-0.0,1.42,1012.78,1018.35,1011.91,1019.22,58.57146945525306,58.57,-0.002,1.949,54.75,62.39,53.55,63.59,7.615891396792517,7.59,0.025,1.479,4.69,10.49,3.78,11.4,False,NORMAL,NORMAL,0.844
2026-09-01 21:10:00,21.986372495027133,21.99,-0.001,1.418,19.21,24.77,18.33,25.64,1015.61930099834,1015.62,-0.0,1.42,1012.84,1018.4,1011.96,1019.28,63.31754831032498,63.32,-0.002,1.949,59.5,67.14,58.3,68.34,7.042420540488101,7.02,0.025,1.479,4.12,9.92,3.21,10.83,False,NORMAL,NORMAL,0.789
2026-09-01 21:15:00,22.23426613116645,22.24,-0.001,1.418,19.46,25.01,18.58,25.89,1015.4817494813667,1015.48,-0.0,1.42,1012.7,1018.27,1011.82,1019.14,63.15266308172441,63.15,-0.002,1.949,59.33,66.98,58.13,68.18,2.0711519350593086,2.05,0.025,1.479,0.0,4.94,0.0,5.86,False,NORMAL,NORMAL,0.811
2026-09-01 21:20:00,22.769670859071752,22.77,-0.001,1.418,19.99,25.55,19.12,26.42,1015.4407997333293,1015.44,-0.0,1.42,1012.66,1018.22,1011.78,1019.1,61.097791526603785,61.1,-0.002,1.95,57.28,64.92,56.08,66.12,6.152788951764973,6.13,0.025,1.479,3.23,9.03,2.32,9.94,False,NORMAL,NORMAL,0.84
2026-09-01 21:25:00,21.81597099056846,21.82,-0.001,1.418,19.04,24.6,18.16,25.47,1015.5341423403848,1015.53,-0.0,1.42,1012.75,1018.32,1011.88,1019.19,65.04915759977946,65.05,-0.002,1.95,61.23,68.87,60.03,70.07,4.158602902783618,4.13,0.025,1.479,1.23,7.03,0.32,7.94,False,NORMAL,NORMAL,0.794
2026-09-01 21:30:00,22.113962426702972,22.11,-0.001,1.418,19.34,24.89,18.46,25.77,1015.3522416440287,1015.35,-0.0,1.42,1012.57,1018.14,1011.69,1019.01,62.787776921258306,62.79,-0.002,1.95,58.97,66.61,57.77,67.81,3.2494695884758555,3.22,0.025,1.479,0.33,6.12,0.0,7.03,False,NORMAL,NORMAL,0.843
2026-09-01 21:35:00,22.08502476724741,22.09,-0.001,1.418,19.31,24.87,18.43,25.74,1015.3381144612771,1015.34,-0.0,1.42,1012.56,1018.12,1011.68,1019.0,62.50923635139397,62.51,-0.002,1.95,58.69,66.33,57.49,67.53,1.2458817994932456,1.22,0.025,1.479,0.0,4.12,0.0,5.03,False,NORMAL,NORMAL,0.851
2026-09-01 21:40:00,21.24455248109994,21.25,-0.001,1.418,18.47,24.02,17.59,24.9,1015.5878107987132,1015.59,-0.0,1.42,1012.8,1018.37,1011.93,1019.25,63.913189128870634,63.91,-0.002,1.95,60.09,67.74,58.89,68.94,4.495105365140933,4.47,0.025,1.479,1.57,7.37,0.66,8.28,False,NORMAL,NORMAL,0.824
2026-09-01 21:45:00,21.433160780876722,21.43,-0.001,1.418,18.65,24.21,17.78,25.09,1015.2976667070286,1015.3,-0.0,1.42,1012.51,1018.08,1011.64,1018.96,64.72397260742481,64.73,-0.002,1.95,60.9,68.55,59.7,69.75,3.644895338615628,3.62,0.025,1.479,0.72,6.52,0.0,7.43,False,NORMAL,NORMAL,0.83
2026-09-01 21:50:00,20.003677905505697,20.0,-0.001,1.418,17.22,22.78,16.35,23.66,1015.5530871631081,1015.55,-0.0,1.42,1012.77,1018.34,1011.9,1019.21,72.44158341759001,72.44,-0.002,1.95,68.62,76.26,67.42,77.47,2.960315906222619,2.94,0.025,1.479,0.04,5.83,0.0,6.75,False,NORMAL,NORMAL,0.651
2026-09-01 21:55:00,20.73528550584817,20.74,-0.001,1.418,17.96,23.52,17.08,24.39,1015.5046676320247,1015.5,-0.0,1.42,1012.72,1018.29,1011.85,1019.16,66.26532405614606,66.27,-0.002,1.95,62.44,70.09,61.24,71.29,5.990628138107163,5.97,0.025,1.479,3.07,8.86,2.16,9.78,False,NORMAL,NORMAL,0.749
2026-09-01 22:00:00,20.890584130986277,20.89,-0.001,1.418,18.11,23.67,17.24,24.54,1015.1574432973221,1015.16,-0.0,1.42,1012.37,1017.94,1011.5,1018.82,64.92475754745172,64.93,-0.002,1.95,61.1,68.75,59.9,69.95,6.662588907066548,6.64,0.025,1.479,3.74,9.54,2.83,10.45,False,NORMAL,NORMAL,0.829
2026-09-01 22:05:00,20.340856494801358,20.34,-0.001,1.418,17.56,23.12,16.69,24.0,1015.2945262489512,1015.29,-0.0,1.42,1012.51,1018.08,1011.64,1018.95,69.58723585081648,69.59,-0.002,1.95,65.77,73.41,64.57,74.61,2.914267192925235,2.89,0.025,1.479,0.0,5.79,0.0,6.7,False,NORMAL,NORMAL,0.793
2026-09-01 22:10:00,21.343151749073296,21.34,-0.001,1.418,18.56,24.12,17.69,25.0,1015.5538519977379,1015.55,-0.0,1.42,1012.77,1018.34,1011.9,1019.21,64.21036230746468,64.21,-0.002,1.95,60.39,68.03,59.19,69.24,1.2385606528476245,1.21,0.025,1.479,0.0,4.11,0.0,5.02,False,NORMAL,NORMAL,0.735
2026-09-01 22:15:00,19.97027782148233,19.97,-0.001,1.418,17.19,22.75,16.32,23.62,1015.2047824647417,1015.2,-0.0,1.42,1012.42,1017.99,1011.55,1018.86,69.80525005101654,69.81,-0.002,1.95,65.98,73.63,64.78,74.83,7.558927230468772,7.53,0.025,1.479,4.63,10.43,3.72,11.34,False,NORMAL,NORMAL,0.525
2026-09-01 22:20:00,20.220463040609044,20.22,-0.001,1.418,17.44,23.0,16.57,23.87,1015.258086990501,1015.26,-0.0,1.42,1012.47,1018.04,1011.6,1018.92,69.93885858032287,69.94,-0.002,1.95,66.12,73.76,64.92,74.96,0.5502658945556441,0.53,0.025,1.479,0.0,3.42,0.0,4.34,False,NORMAL,NORMAL,0.746
2026-09-01 22:25:00,20.304991476188818,20.31,-0.001,1.418,17.53,23.09,16.65,23.96,1015.3713399374743,1015.37,-0.0,1.42,1012.59,1018.15,1011.71,1019.03,66.81887689250779,66.82,-0.002,1.95,63.0,70.64,61.8,71.84,9.147886911022285,9.12,0.025,1.479,6.22,12.02,5.31,12.93,False,NORMAL,NORMAL,0.767
2026-09-01 22:30:00,20.68755451323641,20.69,-0.001,1.418,17.91,23.47,17.03,24.34,1015.392242397771,1015.39,-0.0,1.42,1012.61,1018.18,1011.73,1019.05,66.4057671016661,66.41,-0.002,1.95,62.58,70.23,61.38,71.43,5.466458002645793,5.44,0.025,1.479,2.54,8.34,1.63,9.25,False,NORMAL,NORMAL,0.867
2026-09-01 22:35:00,19.397252359741373,19.4,-0.001,1.418,16.62,22.18,15.74,23.05,1015.2080557953885,1015.21,-0.0,1.42,1012.42,1017.99,1011.55,1018.87,73.62230545998464,73.62,-0.002,1.951,69.8,77.45,68.6,78.65,3.4276157747506617,3.4,0.025,1.479,0.5,6.3,0.0,7.21,False,NORMAL,NORMAL,0.704
2026-09-01 22:40:00,20.29968224317019,20.3,-0.001,1.418,17.52,23.08,16.65,23.95,1015.1254957155109,1015.13,-0.0,1.42,1012.34,1017.91,1011.47,1018.78,67.5186322687687,67.52,-0.002,1.951,63.7,71.34,62.5,72.54,2.9258601408622043,2.9,0.025,1.479,0.0,5.8,0.0,6.71,False,NORMAL,NORMAL,0.76
2026-09-01 22:45:00,19.703661287728718,19.7,-0.001,1.418,16.92,22.48,16.05,23.36,1015.3960323772083,1015.4,-0.0,1.42,1012.61,1018.18,1011.74,1019.05,68.92715525573816,68.93,-0.002,1.951,65.11,72.75,63.9,73.95,0.5231208525024803,0.5,0.025,1.479,0.0,3.4,0.0,4.31,False,NORMAL,NORMAL,0.778
2026-09-01 22:50:00,19.1745108618947,19.18,-0.001,1.418,16.4,21.96,15.52,22.83,1015.4092250967637,1015.41,-0.0,1.42,1012.63,1018.19,1011.75,1019.07,72.29854008341324,72.3,-0.002,1.951,68.48,76.12,67.28,77.33,2.849912272571175,2.82,0.025,1.479,0.0,5.72,0.0,6.64,False,NORMAL,NORMAL,0.852
2026-09-01 22:55:00,19.621958857681832,19.62,-0.001,1.418,16.84,22.4,15.97,23.28,1015.2590337097907,1015.26,-0.0,1.42,1012.48,1018.04,1011.6,1018.92,72.94270474568638,72.94,-0.002,1.951,69.12,76.77,67.92,77.97,2.1172132843485287,2.09,0.025,1.479,0.0,4.99,0.0,5.9,False,NORMAL,NORMAL,0.848
2026-09-01 23:00:00,19.389262107412392,19.39,-0.001,1.418,16.61,22.17,15.74,23.04,1015.0868657566879,1015.09,-0.0,1.42,1012.3,1017.87,1011.43,1018.75,71.68638289160364,71.69,-0.002,1.951,67.86,75.51,66.66,76.71,5.3527700923016654,5.33,0.025,1.479,2.43,8.23,1.52,9.14,False,NORMAL,NORMAL,0.865
2026-09-01 23:05:00,18.944649335269585,18.95,-0.001,1.418,16.17,21.73,15.29,22.6,1014.9126896287645,1014.91,-0.0,1.42,1012.13,1017.7,1011.25,1018.57,72.7611561959818,72.76,-0.002,1.951,68.94,76.59,67.74,77.79,2.347516193391178,2.32,0.025,1.479,0.0,5.22,0.0,6.13,False,NORMAL,NORMAL,0.861
2026-09-01 23:10:00,19.09039007608518,19.09,-0.001,1.418,16.31,21.87,15.44,22.75,1014.8671767031166,1014.87,-0.0,1.42,1012.08,1017.65,1011.21,1018.53,73.16437845768108,73.17,-0.002,1.951,69.34,76.99,68.14,78.19,4.769840194223473,4.74,0.025,1.479,1.84,7.64,0.93,8.56,False,NORMAL,NORMAL,0.862
2026-09-01 23:15:00,18.788769156978187,18.79,-0.001,1.418,16.01,21.57,15.14,22.44,1015.0258446467325,1015.03,-0.0,1.42,1012.24,1017.81,1011.37,1018.68,72.46388366975016,72.47,-0.002,1.951,68.64,76.29,67.44,77.49,5.194173083897368,5.17,0.025,1.48,2.27,8.07,1.36,8.98,False,NORMAL,NORMAL,0.867
2026-09-01 23:20:00,18.871474652185302,18.87,-0.001,1.418,16.09,21.65,15.22,22.53,1014.9638235264604,1014.96,-0.0,1.42,1012.18,1017.75,1011.31,1018.62,75.57270369776543,75.57,-0.002,1.951,71.75,79.4,70.55,80.6,3.2718356623266205,3.25,0.025,1.48,0.35,6.15,0.0,7.06,False,NORMAL,NORMAL,0.852
2026-09-01 23:25:00,18.976895076018067,18.98,-0.001,1.418,16.2,21.76,15.32,22.63,1015.0627377637505,1015.06,-0.0,1.42,1012.28,1017.85,1011.4,1018.72,74.17569796483079,74.18,-0.002,1.951,70.35,78.0,69.15,79.2,1.0391141221600229,1.01,0.025,1.48,0.0,3.91,0.0,4.83,False,NORMAL,NORMAL,0.844
2026-09-01 23:30:00,19.23527942382813,19.24,-0.001,1.418,16.46,22.02,15.58,22.89,1014.8993074992886,1014.9,-0.0,1.42,1012.12,1017.68,1011.24,1018.56,72.3769448633197,72.38,-0.002,1.951,68.55,76.2,67.35,77.4,1.071661091913517,1.05,0.025,1.48,0.0,3.95,0.0,4.86,False,NORMAL,NORMAL,0.837
2026-09-01 23:35:00,17.997482604459563,18.0,-0.001,1.419,15.22,20.78,14.34,21.65,1014.5233018372743,1014.52,-0.0,1.42,1011.74,1017.31,1010.87,1018.18,78.86822312222786,78.87,-0.002,1.951,75.05,82.69,73.84,83.9,0.8987182237502366,0.87,0.025,1.48,0.0,3.77,0.0,4.69,False,NORMAL,NORMAL,0.644
2026-09-01 23:40:00,19.240514459096204,19.24,-0.001,1.419,16.46,22.02,15.59,22.9,1014.8513400666877,1014.85,-0.0,1.42,1012.07,1017.63,1011.19,1018.51,70.27671569423417,70.28,-0.002,1.951,66.45,74.1,65.25,75.3,6.375524079515094,6.35,0.025,1.48,3.45,9.25,2.54,10.16,False,NORMAL,NORMAL,0.484
2026-09-01 23:45:00,17.504163019463586,17.5,-0.001,1.419,14.72,20.29,13.85,21.16,1014.4863655190693,1014.49,-0.0,1.42,1011.7,1017.27,1010.83,1018.14,81.87862397224758,81.88,-0.002,1.951,78.06,85.7,76.85,86.91,3.402628468989896,3.38,0.025,1.48,0.48,6.28,0.0,7.19,False,NORMAL,NORMAL,0.466
2026-09-01 23:50:00,18.125032902240598,18.13,-0.001,1.419,15.35,20.91,14.47,21.78,1014.5187350448474,1014.52,-0.0,1.42,1011.74,1017.3,1010.86,1018.18,77.23173864871156,77.23,-0.002,1.951,73.41,81.06,72.21,82.26,6.937651838203718,6.91,0.025,1.48,4.01,9.81,3.1,10.72,False,NORMAL,NORMAL,0.751
2026-09-01 23:55:00,18.32491993857006,18.33,-0.001,1.419,15.55,21.11,14.67,21.98,1014.5518374192882,1014.55,-0.0,1.42,1011.77,1017.34,1010.89,1018.21,75.5337079491478,75.54,-0.002,1.952,71.71,79.36,70.51,80.56,4.134754963293536,4.11,0.025,1.48,1.21,7.01,0.3,7.92,False,NORMAL,NORMAL,0.857
2026-09-02 00:00:00,18.108977253363975,18.11,-0.001,1.419,15.33,20.89,14.46,21.76,1014.7493501234676,1014.75,-0.0,1.42,1011.97,1017.53,1011.09,1018.41,77.23251962960768,77.23,-0.002,1.952,73.41,81.06,72.21,82.26,4.2719920281877,4.25,0.025,1.48,1.35,7.15,0.43,8.06,False,NORMAL,NORMAL,0.853
2026-09-02 00:05:00,17.65767195819507,17.66,-0.001,1.419,14.88,20.44,14.0,21.31,1014.8498961268469,1014.85,-0.0,1.42,1012.07,1017.63,1011.19,1018.51,78.63504179181234,78.64,-0.002,1.952,74.81,82.46,73.61,83.66,4.664473839656428,4.64,0.025,1.48,1.74,7.54,0.83,8.45,False,NORMAL,NORMAL,0.866
2026-09-02 00:10:00,17.73689884538864,17.74,-0.001,1.419,14.96,20.52,14.08,21.39,1014.4055449986503,1014.41,-0.0,1.42,1011.62,1017.19,1010.75,1018.06,80.47221862396073,80.47,-0.002,1.952,76.65,84.3,75.45,85.5,6.145207552886122,6.12,0.025,1.48,3.22,9.02,2.31,9.93,False,NORMAL,NORMAL,0.783
2026-09-02 00:15:00,17.539607396235134,17.54,-0.001,1.419,14.76,20.32,13.89,21.19,1014.2159135613226,1014.22,-0.0,1.42,1011.43,1017.0,1010.56,1017.87,77.71616467224437,77.72,-0.002,1.952,73.89,81.54,72.69,82.75,3.1089391125868033,3.08,0.025,1.48,0.18,5.98,0.0,6.9,False,NORMAL,NORMAL,0.83
2026-09-02 00:20:00,17.42102365961635,17.42,-0.001,1.419,14.64,20.2,13.77,21.08,1014.250166530472,1014.25,-0.0,1.42,1011.47,1017.03,1010.59,1017.91,78.23040579297817,78.23,-0.002,1.952,74.41,82.06,73.2,83.26,1.9802964172367081,1.96,0.025,1.48,0.0,4.86,0.0,5.77,False,NORMAL,NORMAL,0.853
2026-09-02 00:25:00,17.91991006288242,17.92,-0.001,1.419,15.14,20.7,14.27,21.58,1014.2274948484309,1014.23,-0.0,1.42,1011.44,1017.01,1010.57,1017.89,78.80584420032142,78.81,-0.002,1.952,74.98,82.63,73.78,83.84,4.956290014781599,4.93,0.025,1.48,2.03,7.83,1.12,8.74,False,NORMAL,NORMAL,0.854
2026-09-02 00:30:00,17.649547413162928,17.65,-0.001,1.419,14.87,20.43,14.0,21.3,1013.968381853852,1013.97,-0.0,1.42,1011.19,1016.75,1010.31,1017.63,77.52706730973694,77.53,-0.002,1.952,73.7,81.35,72.5,82.56,3.460967378324274,3.44,0.025,1.48,0.54,6.34,0.0,7.25,False,NORMAL,NORMAL,0.841
2026-09-02 00:35:00,17.159654517695234,17.16,-0.001,1.419,14.38,19.94,13.51,20.81,1014.2057044103741,1014.21,-0.0,1.42,1011.42,1016.99,1010.55,1017.86,82.20758530993997,82.21,-0.002,1.952,78.38,86.04,77.18,87.24,4.204091476867301,4.18,0.025,1.48,1.28,7.08,0.37,7.99,False,NORMAL,NORMAL,0.785
2026-09-02 00:40:00,17.730171724736067,17.73,-0.001,1.419,14.95,20.51,14.08,21.39,1013.8887091104377,1013.89,-0.0,1.42,1011.11,1016.67,1010.23,1017.55,80.5207376630679,80.52,-0.002,1.952,76.7,84.35,75.49,85.55,5.611984678632043,5.59,0.025,1.48,2.69,8.49,1.77,9.4,False,NORMAL,NORMAL,0.796
2026-09-02 00:45:00,17.4302307382251,17.43,-0.001,1.419,14.65,20.21,13.78,21.09,1013.8445048104481,1013.84,-0.0,1.42,1011.06,1016.63,1010.19,1017.5,78.6824534978967,78.68,-0.002,1.952,74.86,82.51,73.66,83.71,4.540306268399631,4.52,0.025,1.48,1.61,7.42,0.7,8.33,False,NORMAL,NORMAL,0.845
2026-09-02 00:50:00,17.57292842553073,17.57,-0.001,1.419,14.79,20.35,13.92,21.23,1013.783283962596,1013.78,-0.0,1.42,1011.0,1016.57,1010.13,1017.44,79.27370573479824,79.28,-0.002,1.952,75.45,83.1,74.25,84.3,5.412173338850161,5.39,0.025,1.48,2.49,8.29,1.57,9.2,False,NORMAL,NORMAL,0.868
2026-09-02 00:55:00,17.443627300284266,17.44,-0.001,1.419,14.66,20.23,13.79,21.1,1013.6581345042092,1013.66,-0.0,1.42,1010.87,1016.44,1010.0,1017.32,77.85025994074574,77.85,-0.002,1.952,74.03,81.68,72.82,82.88,4.8751882318464395,4.85,0.025,1.48,1.95,7.75,1.04,8.66,False,NORMAL,NORMAL,0.87
2026-09-02 01:00:00,16.807713802677046,16.81,-0.001,1.419,14.03,19.59,13.15,20.46,1013.63023400885,1013.63,-0.0,1.42,1010.85,1016.41,1009.97,1017.29,82.73569295394927,82.74,-0.002,1.952,78.91,86.56,77.71,87.77,6.381637390313639,6.36,0.025,1.48,3.46,9.26,2.54,10.17,False,NORMAL,NORMAL,0.813
2026-09-02 01:05:00,16.866341877659803,16.87,-0.001,1.419,14.09,19.65,13.21,20.52,1013.3193464897955,1013.32,-0.0,1.42,1010.54,1016.1,1009.66,1016.98,81.64177621579923,81.64,-0.002,1.952,77.82,85.47,76.61,86.67,6.0847997874319955,6.06,0.025,1.48,3.16,8.96,2.25,9.87,False,NORMAL,NORMAL,0.843
2026-09-02 01:10:00,17.344021504673805,17.34,-0.001,1.419,14.56,20.13,13.69,21.0,1013.2338294960074,1013.23,-0.0,1.42,1010.45,1016.02,1009.58,1016.89,118.5,100.0,-0.002,1.952,96.17,100.0,94.97,100.0,4.807318476754157,4.78,0.025,1.48,1.88,7.68,0.97,8.6,True,CRITICAL,THERMODYNAMIC_VIOLATION (THERMO_TD_EXCEEDS_T),0.98
2026-09-02 01:15:00,17.247548302966084,17.25,-0.001,1.419,14.47,20.03,13.59,20.9,1013.0563479837997,1013.06,-0.0,1.42,1010.27,1015.84,1009.4,1016.71,77.99552022625114,78.0,-0.002,1.953,74.17,81.82,72.97,83.03,5.8621127245034685,5.84,0.025,1.48,2.94,8.74,2.02,9.65,False,NORMAL,NORMAL,0.733
2026-09-02 01:20:00,16.95695937681807,16.96,-0.001,1.419,14.18,19.74,13.3,20.61,1013.189309603364,1013.19,-0.0,1.42,1010.41,1015.97,1009.53,1016.85,77.61285461522338,77.61,-0.002,1.953,73.79,81.44,72.58,82.64,7.90926819897041,7.88,0.025,1.48,4.98,10.79,4.07,11.7,False,NORMAL,NORMAL,0.85
2026-09-02 01:25:00,16.977810013868975,16.98,-0.001,1.419,14.2,19.76,13.32,20.63,1013.1405194555759,1013.14,-0.0,1.42,1010.36,1015.92,1009.48,1016.8,81.81839658861432,81.82,-0.002,1.953,77.99,85.65,76.79,86.85,4.138221321958241,4.11,0.025,1.48,1.21,7.01,0.3,7.93,False,NORMAL,NORMAL,0.831
2026-09-02 01:30:00,17.41115705824999,17.41,-0.001,1.419,14.63,20.19,13.76,21.07,1012.9909883833918,1012.99,-0.0,1.42,1010.21,1015.77,1009.33,1016.65,74.2228286560733,74.22,-0.002,1.953,70.4,78.05,69.19,79.25,4.012840543641284,3.99,0.025,1.48,1.09,6.89,0.17,7.8,False,NORMAL,NORMAL,0.756
2026-09-02 01:35:00,16.636339554933304,16.64,-0.001,1.419,13.86,19.42,12.98,20.29,1013.0705595597931,1013.07,-0.0,1.42,1010.29,1015.85,1009.41,1016.73,81.56829848209816,81.57,-0.002,1.953,77.74,85.4,76.54,86.6,6.611367836020695,6.59,0.025,1.48,3.68,9.49,2.77,10.4,False,NORMAL,NORMAL,0.77
2026-09-02 01:40:00,17.068359230091776,17.07,-0.001,1.419,14.29,19.85,13.41,20.72,1012.714103230576,1012.71,-0.0,1.42,1009.93,1015.5,1009.06,1016.37,82.41260644833906,82.41,-0.002,1.953,78.59,86.24,77.38,87.44,5.140660535733567,5.12,0.025,1.48,2.21,8.02,1.3,8.93,False,NORMAL,NORMAL,0.8
2026-09-02 01:45:00,16.748878928749612,16.75,-0.001,1.419,13.97,19.53,13.09,20.4,1012.7093813835472,1012.71,-0.0,1.42,1009.93,1015.49,1009.05,1016.37,80.91527873799028,80.92,-0.002,1.953,77.09,84.74,75.89,85.95,1.4926582387771754,1.47,0.025,1.48,0.0,4.37,0.0,5.28,False,NORMAL,NORMAL,0.819
2026-09-02 01:50:00,16.72660935275135,16.73,-0.001,1.419,13.95,19.51,13.07,20.38,1012.3380927285408,1012.34,-0.0,1.42,1009.55,1015.12,1008.68,1016.0,83.54451977319066,83.55,-0.002,1.953,79.72,87.37,78.52,88.58,8.207101718387754,8.18,0.025,1.48,5.28,11.08,4.37,12.0,False,NORMAL,NORMAL,0.75
2026-09-02 01:55:00,17.240813334582803,17.24,-0.001,1.419,14.46,20.02,13.59,20.9,1012.3352931578596,1012.34,-0.0,1.42,1009.55,1015.12,1008.68,1015.99,79.50569678328552,79.51,-0.002,1.953,75.68,83.34,74.48,84.54,0.9725339978786949,0.95,0.025,1.48,0.0,3.85,0.0,4.76,False,NORMAL,NORMAL,0.73
2026-09-02 02:00:00,17.122787785527823,17.12,-0.001,1.419,14.34,19.9,13.47,20.78,1012.3880163569943,1012.39,-0.0,1.42,1009.6,1015.17,1008.73,1016.05,78.58986857082313,78.59,-0.002,1.953,74.76,82.42,73.56,83.62,6.460803604937435,6.44,0.025,1.481,3.53,9.34,2.62,10.25,False,NORMAL,NORMAL,0.839
2026-09-02 02:05:00,17.113042814310745,17.11,-0.001,1.419,14.33,19.89,13.46,20.77,1012.3002830502788,1012.3,-0.0,1.42,1009.52,1015.08,1008.64,1015.96,79.6915707155482,79.69,-0.002,1.953,75.86,83.52,74.66,84.72,6.558861337607767,6.53,0.025,1.481,3.63,9.44,2.72,10.35,False,NORMAL,NORMAL,0.863
2026-09-02 02:10:00,17.308546620037795,17.31,-0.001,1.419,14.53,20.09,13.65,20.96,1012.0170484980564,1012.02,-0.0,1.42,1009.23,1014.8,1008.36,1015.68,77.67898145025119,77.68,-0.002,1.953,73.85,81.51,72.65,82.71,9.62102973909506,9.6,0.025,1.481,6.69,12.5,5.78,13.41,False,NORMAL,NORMAL,0.807
2026-09-02 02:15:00,16.797168748278136,16.8,-0.001,1.419,14.02,19.58,13.14,20.45,1011.937714537595,1011.94,-0.0,1.42,1009.15,1014.72,1008.28,1015.6,78.35303951857496,78.35,-0.002,1.953,74.53,82.18,73.32,83.39,1.2975198356265065,1.27,0.025,1.481,0.0,4.17,0.0,5.09,False,NORMAL,NORMAL,0.772
2026-09-02 02:20:00,17.067652239395244,17.07,-0.001,1.419,14.29,19.85,13.41,20.72,1011.6072624757097,1011.61,-0.0,1.42,1008.82,1014.39,1007.95,1015.27,78.24506644743354,78.25,-0.002,1.953,74.42,82.08,73.21,83.28,5.242234616765061,5.22,0.025,1.481,2.31,8.12,1.4,9.03,False,NORMAL,NORMAL,0.828
2026-09-02 02:25:00,16.68055385578392,16.68,-0.001,1.419,13.9,19.46,13.03,20.34,1011.6671513080793,1011.67,-0.0,1.42,1008.88,1014.45,1008.01,1015.33,80.85729119736146,80.86,-0.002,1.953,77.03,84.69,75.83,85.89,4.10970954128013,4.08,0.025,1.481,1.18,6.99,0.27,7.9,False,NORMAL,NORMAL,0.852
2026-09-02 02:30:00,16.947794417614823,16.95,-0.001,1.419,14.17,19.73,13.29,20.6,1011.7393946479159,1011.74,-0.0,1.42,1008.96,1014.52,1008.08,1015.4,76.14816607150074,76.15,-0.002,1.954,72.32,79.98,71.12,81.18,3.4846861173286614,3.46,0.025,1.481,0.56,6.36,0.0,7.27,False,NORMAL,NORMAL,0.812
2026-09-02 02:35:00,16.78320612882467,16.78,-0.001,1.419,14.0,19.57,13.13,20.44,1011.5767163481057,1011.58,-0.0,1.42,1008.79,1014.36,1007.92,1015.24,79.0282179966091,79.03,-0.002,1.954,75.2,82.86,74.0,84.06,1.6921848044463297,1.67,0.025,1.481,0.0,4.57,0.0,5.48,False,NORMAL,NORMAL,0.846
2026-09-02 02:40:00,16.89485391883444,16.9,-0.001,1.419,14.11,19.68,13.24,20.55,1011.4496995394043,1011.45,-0.0,1.42,1008.67,1014.23,1007.79,1015.11,78.63541374666393,78.64,-0.002,1.954,74.81,82.47,73.6,83.67,5.001768186416584,4.98,0.025,1.481,2.07,7.88,1.16,8.79,False,NORMAL,NORMAL,0.859
2026-09-02 02:45:00,17.118553999185554,17.12,-0.001,1.419,14.34,19.9,13.46,20.77,1011.2658951484216,1011.27,-0.0,1.42,1008.48,1014.05,1007.61,1014.92,75.47136260158543,75.47,-0.002,1.954,71.64,79.3,70.44,80.51,4.441342489507615,4.42,0.025,1.481,1.51,7.32,0.6,8.23,False,NORMAL,NORMAL,0.841
2026-09-02 02:50:00,16.5812670308571,16.58,-0.001,1.419,13.8,19.36,12.93,20.24,1011.1430837305795,1011.14,-0.0,1.42,1008.36,1013.93,1007.48,1014.8,81.32727944486533,81.33,-0.002,1.954,77.5,85.16,76.3,86.36,1.8277375746258753,1.8,0.025,1.481,0.0,4.7,0.0,5.62,False,NORMAL,NORMAL,0.801
2026-09-02 02:55:00,17.777186000330804,17.78,-0.001,1.419,15.0,20.56,14.12,21.43,1010.9264379789093,1010.93,-0.0,1.42,1008.14,1013.71,1007.27,1014.59,75.78362294041911,75.79,-0.002,1.954,71.96,79.61,70.75,80.82,5.355125922974208,5.33,0.025,1.481,2.43,8.23,1.52,9.14,False,NORMAL,NORMAL,0.721
2026-09-02 03:00:00,16.57309304079483,16.57,-0.001,1.419,13.79,19.36,12.92,20.23,1011.0137403988368,1011.01,-0.0,1.42,1008.23,1013.8,1007.36,1014.67,81.5623268749405,81.56,-0.002,1.954,77.73,85.39,76.53,86.6,6.364885214367163,6.34,0.025,1.481,3.44,9.24,2.52,10.15,False,NORMAL,NORMAL,0.679
2026-09-02 03:05:00,16.528666259546014,16.53,-0.001,1.419,13.75,19.31,12.87,20.19,1010.8555617053509,1010.86,-0.0,1.42,1008.07,1013.64,1007.2,1014.51,80.89179008905205,80.89,-0.002,1.954,77.06,84.72,75.86,85.93,6.640921391201396,6.62,0.025,1.481,3.71,9.52,2.8,10.43,False,NORMAL,NORMAL,0.843
2026-09-02 03:10:00,17.519978517386118,17.52,-0.001,1.419,14.74,20.3,13.87,21.18,1010.7498894075949,1010.75,-0.0,1.42,1007.97,1013.53,1007.09,1014.41,76.54369240305397,76.55,-0.002,1.954,72.72,80.38,71.51,81.58,8.445347016698497,8.42,0.025,1.481,5.52,11.32,4.61,12.24,False,NORMAL,NORMAL,0.785
2026-09-02 03:15:00,17.419318669355164,17.42,-0.001,1.419,14.64,20.2,13.76,21.08,1010.4811247146282,1010.48,-0.0,1.42,1007.7,1013.26,1006.82,1014.14,77.70140082934296,77.7,-0.002,1.954,73.87,81.53,72.67,82.74,3.991712279263907,3.97,0.025,1.481,1.06,6.87,0.15,7.78,False,NORMAL,NORMAL,0.837
2026-09-02 03:20:00,17.401722386968004,17.4,-0.001,1.419,14.62,20.18,13.75,21.06,1010.1213453815618,1010.12,-0.0,1.42,1007.34,1012.91,1006.46,1013.78,76.75622929883514,76.76,-0.002,1.954,72.93,80.59,71.72,81.79,9.619745508871024,9.59,0.025,1.481,6.69,12.5,5.78,13.41,False,NORMAL,NORMAL,0.786
2026-09-02 03:25:00,17.456307748977988,17.46,-0.001,1.419,14.68,20.24,13.8,21.11,1010.4937105268539,1010.49,-0.0,1.42,1007.71,1013.28,1006.84,1014.15,74.57447216590796,74.58,-0.002,1.954,70.75,78.41,69.54,79.61,7.789185261499274,7.76,0.025,1.481,4.86,10.67,3.95,11.58,False,NORMAL,NORMAL,0.772
2026-09-02 03:30:00,17.25641121128477,17.26,-0.001,1.419,14.48,20.04,13.6,20.91,1010.1426763710632,1010.14,-0.0,1.42,1007.36,1012.93,1006.48,1013.8,77.49294457681177,77.49,-0.002,1.954,73.66,81.32,72.46,82.53,3.2616884395088923,3.24,0.025,1.481,0.33,6.14,0.0,7.05,False,NORMAL,NORMAL,0.763
2026-09-02 03:35:00,16.96216322532142,16.96,-0.001,1.419,14.18,19.74,13.31,20.62,1009.9711222663633,1009.97,-0.0,1.42,1007.19,1012.75,1006.31,1013.63,79.84786013285881,79.85,-0.002,1.954,76.02,83.68,74.82,84.88,2.290934696332983,2.27,0.025,1.481,0.0,5.17,0.0,6.08,False,NORMAL,NORMAL,0.855
2026-09-02 03:40:00,17.414524247094974,17.42,-0.001,1.419,14.63,20.2,13.76,21.07,1010.0913669568822,1010.09,-0.0,1.42,1007.31,1012.88,1006.43,1013.75,75.81643858072435,75.82,-0.002,1.954,71.99,79.65,70.78,80.85,4.1583018420217766,4.13,0.025,1.481,1.23,7.04,0.32,7.95,False,NORMAL,NORMAL,0.827
2026-09-02 03:45:00,17.17982364885991,17.18,-0.001,1.419,14.4,19.96,13.52,20.84,1009.816215826335,1009.82,-0.0,1.42,1007.03,1012.6,1006.16,1013.47,79.1974777147871,79.2,-0.002,1.954,75.37,83.03,74.16,84.23,3.94314004687447,3.92,0.025,1.481,1.01,6.82,0.1,7.73,False,NORMAL,NORMAL,0.824
2026-09-02 03:50:00,17.910535021131142,17.91,-0.001,1.419,15.13,20.69,14.26,21.57,1009.9226416710336,1009.92,-0.0,1.42,1007.14,1012.71,1006.26,1013.58,72.14461276337087,72.15,-0.002,1.955,68.32,75.98,67.11,77.18,5.09265557626799,5.07,0.025,1.481,2.16,7.97,1.25,8.88,False,NORMAL,NORMAL,0.742
2026-09-02 03:55:00,17.534738657676023,17.54,-0.001,1.419,14.75,20.32,13.88,21.19,1009.7458895950398,1009.75,-0.0,1.42,1006.96,1012.53,1006.09,1013.4,74.79802216161252,74.8,-0.002,1.955,70.97,78.63,69.76,79.83,5.146529900404623,5.12,0.025,1.481,2.22,8.02,1.31,8.94,False,NORMAL,NORMAL,0.847
2026-09-02 04:00:00,17.339674102360803,17.34,-0.001,1.419,14.56,20.12,13.68,21.0,1009.6467068572498,1009.65,-0.0,1.42,1006.86,1012.43,1005.99,1013.31,74.87523288384077,74.88,-0.002,1.955,71.05,78.71,69.84,79.91,6.475633526910599,6.45,0.025,1.481,3.55,9.35,2.63,10.27,False,NORMAL,NORMAL,0.851
2026-09-02 04:05:00,17.62082651871607,17.62,-0.001,1.419,14.84,20.4,13.97,21.28,1009.2313453836794,1009.23,-0.0,1.42,1006.45,1012.02,1005.57,1012.89,75.1843992710045,75.19,-0.002,1.955,71.35,79.02,70.15,80.22,4.644571116614991,4.62,0.025,1.481,1.72,7.52,0.8,8.44,False,NORMAL,NORMAL,0.822
2026-09-02 04:10:00,17.997215864610737,18.0,-0.001,1.419,15.22,20.78,14.34,21.65,1009.5114192267481,1009.51,-0.0,1.42,1006.73,1012.3,1005.85,1013.17,69.94569843371369,69.95,-0.002,1.955,66.12,73.78,64.91,74.98,1.8302146779106778,1.81,0.025,1.481,0.0,4.71,0.0,5.62,False,NORMAL,NORMAL,0.752
2026-09-02 04:15:00,17.692326946891605,17.69,-0.001,1.419,14.91,20.47,14.04,21.35,1009.2636104466553,1009.26,-0.0,1.42,1006.48,1012.05,1005.61,1012.92,72.21307876079885,72.21,-0.002,1.955,68.38,76.05,67.18,77.25,7.688169816617921,7.66,0.025,1.481,4.76,10.57,3.85,11.48,False,NORMAL,NORMAL,0.763
2026-09-02 04:20:00,17.677768132357958,17.68,-0.001,1.419,14.9,20.46,14.02,21.33,1009.0653151291173,1009.07,-0.0,1.42,1006.28,1011.85,1005.41,1012.72,72.54538383342181,72.55,-0.002,1.955,68.72,76.38,67.51,77.58,3.3487844530043818,3.32,0.025,1.481,0.42,6.23,0.0,7.14,False,NORMAL,NORMAL,0.845
2026-09-02 04:25:00,18.195990212174035,18.2,-0.001,1.419,15.41,20.98,14.54,21.85,1009.0400669937437,1009.04,-0.0,1.42,1006.26,1011.82,1005.38,1012.7,71.80543861228944,71.81,-0.002,1.955,67.98,75.64,66.77,76.84,10.36391733320141,10.34,0.025,1.481,7.44,13.24,6.52,14.15,False,NORMAL,NORMAL,0.785
2026-09-02 04:30:00,18.29133250379846,18.29,-0.001,1.419,15.51,21.07,14.64,21.95,1008.6516204505878,1008.65,-0.0,1.42,1005.87,1011.44,1004.99,1012.31,71.15097402540354,71.15,-0.002,1.955,67.32,74.98,66.12,76.19,1.9476883774220854,1.92,0.025,1.481,0.0,4.83,0.0,5.74,False,NORMAL,NORMAL,0.746
2026-09-02 04:35:00,18.08832120254715,18.09,-0.001,1.419,15.31,20.87,14.43,21.75,1008.8805695143534,1008.88,-0.0,1.42,1006.1,1011.66,1005.22,1012.54,72.46301920100134,72.46,-0.002,1.955,68.63,76.3,67.43,77.5,9.801864013620904,9.78,0.025,1.481,6.87,12.68,5.96,13.59,False,NORMAL,NORMAL,0.736
2026-09-02 04:40:00,18.203306902253164,18.2,-0.001,1.419,15.42,20.99,14.55,21.86,1008.5678713479787,1008.57,-0.0,1.42,1005.78,1011.35,1004.91,1012.23,66.92013136127576,66.92,-0.002,1.955,63.09,70.75,61.89,71.96,1.6989852872228663,1.67,0.025,1.481,0.0,4.58,0.0,5.49,False,NORMAL,NORMAL,0.627
2026-09-02 04:45:00,18.587984801130496,18.59,-0.001,1.419,15.81,21.37,14.93,22.25,1008.4242392076154,1008.42,-0.0,1.42,1005.64,1011.21,1004.77,1012.08,71.67349734645903,71.68,-0.002,1.955,67.84,75.51,66.64,76.71,2.8190453962822644,2.79,0.025,1.482,0.0,5.7,0.0,6.61,False,NORMAL,NORMAL,0.818
2026-09-02 04:50:00,18.022138852157426,18.02,-0.001,1.419,15.24,20.8,14.37,21.68,1008.3055699796674,1008.31,-0.0,1.42,1005.52,1011.09,1004.65,1011.96,71.56473955554162,71.57,-0.002,1.955,67.73,75.4,66.53,76.6,1.201214330821307,1.18,0.025,1.482,0.0,4.08,0.0,4.99,False,NORMAL,NORMAL,0.828
2026-09-02 04:55:00,18.147304954764802,18.15,-0.001,1.419,15.37,20.93,14.49,21.8,1008.6095934349555,1008.61,-0.0,1.42,1005.83,1011.39,1004.95,1012.27,70.2861218380439,70.29,-0.002,1.955,66.46,74.12,65.25,75.32,6.07784478333966,6.05,0.025,1.482,3.15,8.96,2.24,9.87,False,NORMAL,NORMAL,0.808
2026-09-02 05:00:00,18.53448438495463,18.54,-0.001,1.419,15.75,21.32,14.88,22.19,1008.2591064227668,1008.26,-0.0,1.42,1005.48,1011.04,1004.6,1011.92,69.4470831019877,69.45,-0.002,1.955,65.62,73.28,64.41,74.49,7.579458082389787,7.55,0.025,1.482,4.65,10.46,3.74,11.37,False,NORMAL,NORMAL,0.788
2026-09-02 05:05:00,18.85065086957621,18.85,-0.001,1.419,16.07,21.63,15.19,22.51,1008.4964538208142,1008.5,-0.0,1.42,1005.71,1011.28,1004.84,1012.16,67.3349889376419,67.34,-0.002,1.956,63.5,71.17,62.3,72.37,4.1498103024252435,4.12,0.025,1.482,1.22,7.03,0.31,7.94,False,NORMAL,NORMAL,0.811
2026-09-02 05:10:00,19.1770974981809,19.18,-0.001,1.419,16.4,21.96,15.52,22.83,1008.101065935058,1008.1,-0.0,1.42,1005.32,1010.89,1004.44,1011.76,65.87770244846935,65.88,-0.002,1.956,62.05,69.71,60.84,70.92,8.933677306621766,8.91,0.025,1.482,6.0,11.81,5.09,12.73,False,NORMAL,NORMAL,0.756
2026-09-02 05:15:00,19.762058572857054,19.76,-0.001,1.419,16.98,22.54,16.11,23.42,1007.8425626266409,1007.84,-0.0,1.42,1005.06,1010.63,1004.18,1011.5,63.393164630144504,63.39,-0.002,1.956,59.56,67.23,58.36,68.43,5.195470798694861,5.17,0.025,1.482,2.27,8.07,1.35,8.99,False,NORMAL,NORMAL,0.813
2026-09-02 05:20:00,19.63657698893606,19.64,-0.001,1.419,16.86,22.42,15.98,23.29,1007.8506484691566,1007.85,-0.0,1.42,1005.07,1010.63,1004.19,1011.51,63.69119175715673,63.69,-0.002,1.956,59.86,67.53,58.65,68.73,5.484224160739871,5.46,0.025,1.482,2.55,8.36,1.64,9.28,False,NORMAL,NORMAL,0.865
2026-09-02 05:25:00,19.353487596508174,19.35,-0.001,1.419,16.57,22.14,15.7,23.01,1008.1252282948319,1008.13,-0.0,1.42,1005.34,1010.91,1004.47,1011.78,64.43597229575448,64.44,-0.002,1.956,60.6,68.27,59.4,69.48,7.515178652461754,7.49,0.025,1.482,4.59,10.39,3.67,11.31,False,NORMAL,NORMAL,0.834
2026-09-02 05:30:00,19.536095424069167,19.54,-0.001,1.42,16.75,22.32,15.88,23.19,1007.8405037067078,1007.84,-0.0,1.42,1005.06,1010.62,1004.18,1011.5,63.50358879769453,63.51,-0.002,1.956,59.67,67.34,58.47,68.54,3.263656734758431,3.24,0.025,1.482,0.33,6.14,0.0,7.06,False,NORMAL,NORMAL,0.811
2026-09-02 05:35:00,19.271153174013303,19.27,-0.001,1.42,16.49,22.05,15.62,22.93,1007.7080093977785,1007.71,-0.0,1.42,1004.92,1010.49,1004.05,1011.37,63.98330639089854,63.98,-0.002,1.956,60.15,67.82,58.95,69.02,3.6373558518008555,3.61,0.025,1.482,0.71,6.52,0.0,7.43,False,NORMAL,NORMAL,0.864
2026-09-02 05:40:00,19.795380776463443,19.8,-0.001,1.42,17.01,22.58,16.14,23.45,1007.7429769708589,1007.74,-0.0,1.42,1004.96,1010.53,1004.08,1011.4,63.8287082181079,63.83,-0.002,1.956,60.0,67.66,58.79,68.87,8.456326694788176,8.43,0.025,1.482,5.53,11.34,4.61,12.25,False,NORMAL,NORMAL,0.826
2026-09-02 05:45:00,19.820034701148835,19.82,-0.001,1.42,17.04,22.6,16.16,23.48,1007.7253423376401,1007.73,-0.0,1.42,1004.94,1010.51,1004.07,1011.38,64.62286234208008,64.62,-0.002,1.956,60.79,68.46,59.59,69.66,8.363376697863433,8.34,0.025,1.482,5.43,11.24,4.52,12.16,False,NORMAL,NORMAL,0.861
2026-09-02 05:50:00,20.19932060226135,20.2,-0.001,1.42,17.42,22.98,16.54,23.86,1007.751181358946,1007.75,-0.0,1.42,1004.97,1010.54,1004.09,1011.41,62.27662186527053,62.28,-0.002,1.956,58.44,66.11,57.24,67.32,10.65073572621916,10.63,0.025,1.482,7.72,13.53,6.81,14.44,False,NORMAL,NORMAL,0.835
2026-09-02 05:55:00,19.876029595146523,19.88,-0.001,1.42,17.09,22.66,16.22,23.53,1007.736751608171,1007.74,-0.0,1.42,1004.95,1010.52,1004.08,1011.4,64.04824382193466,64.05,-0.002,1.956,60.22,67.88,59.01,69.09,8.379407178240337,8.35,0.025,1.482,5.45,11.26,4.54,12.17,False,NORMAL,NORMAL,0.843
2026-09-02 06:00:00,20.55323305310056,20.55,-0.001,1.42,17.77,23.34,16.9,24.21,1007.4038335147505,1007.4,-0.0,1.42,1004.62,1010.19,1003.75,1011.06,60.39883422549197,60.4,-0.002,1.956,56.57,64.23,55.36,65.44,2.030133162048159,2.0,0.025,1.482,0.0,4.91,0.0,5.82,False,NORMAL,NORMAL,0.705
2026-09-02 06:05:00,21.098975138640075,21.1,-0.001,1.42,18.32,23.88,17.44,24.76,1007.1996346223624,1007.2,-0.0,1.42,1004.42,1009.98,1003.54,1010.86,57.6665152753759,57.67,-0.002,1.956,53.83,61.5,52.63,62.71,7.246040649803875,7.22,0.025,1.482,4.32,10.13,3.4,11.04,False,NORMAL,NORMAL,0.805
2026-09-02 06:10:00,20.58450135953567,20.59,-0.001,1.42,17.8,23.37,16.93,24.24,1007.2796854631066,1007.28,-0.0,1.42,1004.5,1010.06,1003.62,1010.94,61.21453581365124,61.22,-0.002,1.956,57.38,65.05,56.18,66.26,3.9940718774720083,3.97,0.025,1.482,1.06,6.87,0.15,7.79,False,NORMAL,NORMAL,0.818
2026-09-02 06:15:00,20.932483872805356,20.93,-0.001,1.42,18.15,23.72,17.28,24.59,1007.3263265480148,1007.33,-0.0,1.42,1004.54,1010.11,1003.67,1010.99,57.066439353201474,57.07,-0.002,1.956,53.23,60.9,52.03,62.11,11.909372382049716,11.88,0.025,1.482,8.98,14.79,8.07,15.7,False,NORMAL,NORMAL,0.717
2026-09-02 06:20:00,21.193244832115784,21.19,-0.001,1.42,18.41,23.98,17.54,24.85,1007.0907065791489,1007.09,-0.0,1.42,1004.31,1009.87,1003.43,1010.75,55.75942752830131,55.76,-0.002,1.956,51.93,59.6,50.72,60.8,4.397219099170172,4.37,0.025,1.482,1.47,7.28,0.55,8.19,False,NORMAL,NORMAL,0.799
2026-09-02 06:25:00,20.903606953384802,20.9,-0.001,1.42,18.12,23.69,17.25,24.56,1007.042077061491,1007.04,-0.0,1.42,1004.26,1009.83,1003.38,1010.7,57.7172467300353,57.72,-0.002,1.957,53.88,61.55,52.68,62.76,4.941035641490181,4.92,0.025,1.482,2.01,7.82,1.1,8.73,False,NORMAL,NORMAL,0.861
2026-09-02 06:30:00,21.302084703239807,21.3,-0.001,1.42,18.52,24.09,17.65,24.96,1007.1899728330329,1007.19,-0.0,1.42,1004.41,1009.97,1003.53,1010.85,58.59300240719654,58.59,-0.002,1.957,54.76,62.43,53.55,63.63,4.777546421020731,4.75,0.025,1.482,1.85,7.66,0.93,8.57,False,NORMAL,NORMAL,0.862
2026-09-02 06:35:00,21.367205980895445,21.37,-0.001,1.42,18.59,24.15,17.71,25.03,1007.0862155089156,1007.09,-0.0,1.42,1004.3,1009.87,1003.43,1010.75,57.626730205507826,57.63,-0.002,1.957,53.79,61.46,52.59,62.67,3.426902565204859,3.4,0.025,1.482,0.5,6.31,0.0,7.22,False,NORMAL,NORMAL,0.863
2026-09-02 06:40:00,21.552252901717388,21.55,-0.001,1.42,18.77,24.34,17.9,25.21,1007.0558692634803,1007.06,-0.0,1.42,1004.27,1009.84,1003.4,1010.71,56.10727953226069,56.11,-0.002,1.957,52.27,59.94,51.07,61.15,1.5359228511165757,1.51,0.025,1.482,0.0,4.42,0.0,5.33,False,NORMAL,NORMAL,0.846
2026-09-02 06:45:00,21.356206858682018,21.36,-0.001,1.42,18.57,24.14,17.7,25.01,1006.8969091396181,1006.9,-0.0,1.42,1004.11,1009.68,1003.24,1010.56,58.78453683251027,58.79,-0.002,1.957,54.95,62.62,53.75,63.83,8.268343075138697,8.24,0.025,1.482,5.34,11.15,4.42,12.06,False,NORMAL,NORMAL,0.811
2026-09-02 06:50:00,21.828580140216875,21.83,-0.001,1.42,19.05,24.61,18.17,25.49,1006.9381200724631,1006.94,-0.0,1.42,1004.15,1009.72,1003.28,1010.6,54.462108837395625,54.46,-0.002,1.957,50.63,58.3,49.42,59.5,7.006635801390878,6.98,0.025,1.482,4.08,9.89,3.16,10.8,False,NORMAL,NORMAL,0.835
2026-09-02 06:55:00,22.172399214680617,22.17,-0.001,1.42,19.39,24.96,18.52,25.83,1006.7982665810354,1006.8,-0.0,1.42,1004.01,1009.58,1003.14,1010.46,54.22854371146094,54.23,-0.002,1.957,50.39,58.07,49.19,59.27,2.132076868610653,2.11,0.025,1.482,0.0,5.01,0.0,5.93,False,NORMAL,NORMAL,0.842
2026-09-02 07:00:00,22.709060697787333,22.71,-0.001,1.42,19.93,25.49,19.05,26.37,1007.0368349944994,1007.04,-0.0,1.42,1004.25,1009.82,1003.38,1010.7,51.49453041859032,51.5,-0.002,1.957,47.66,55.33,46.45,56.54,6.735074860766733,6.71,0.025,1.482,3.8,9.62,2.89,10.53,False,NORMAL,NORMAL,0.79
2026-09-02 07:05:00,22.668614966079886,22.67,-0.001,1.42,19.89,25.45,19.01,26.33,1007.0271324324551,1007.03,-0.0,1.42,1004.24,1009.81,1003.37,1010.69,52.74286798405761,52.74,-0.002,1.957,48.91,56.58,47.7,57.79,5.4532980707480885,5.43,0.025,1.482,2.52,8.33,1.61,9.25,False,NORMAL,NORMAL,0.862
2026-09-02 07:10:00,23.30330305407762,23.3,-0.001,1.42,20.52,26.09,19.65,26.96,1006.5655428133969,1006.57,-0.0,1.42,1003.78,1009.35,1002.91,1010.22,50.79696986248196,50.8,-0.002,1.957,46.96,54.63,45.76,55.84,3.989614425125918,3.96,0.025,1.482,1.06,6.87,0.15,7.78,False,NORMAL,NORMAL,0.775
2026-09-02 07:15:00,22.292954138324134,22.29,-0.001,1.42,19.51,25.08,18.64,25.95,1006.6757028550567,1006.68,-0.0,1.42,1003.89,1009.46,1003.02,1010.33,53.05715418723922,53.06,-0.002,1.957,49.22,56.89,48.02,58.1,2.9774158900836274,2.95,0.025,1.482,0.05,5.86,0.0,6.77,False,NORMAL,NORMAL,0.762
2026-09-02 07:20:00,23.107343381131987,23.11,-0.001,1.42,20.33,25.89,19.45,26.77,1006.5652839211733,1006.57,-0.0,1.42,1003.78,1009.35,1002.91,1010.22,51.0429120041225,51.04,-0.002,1.957,47.21,54.88,46.0,56.09,7.708201376440322,7.68,0.025,1.482,4.78,10.59,3.86,11.5,False,NORMAL,NORMAL,0.781
2026-09-02 07:25:00,22.9908516255602,22.99,-0.001,1.42,20.21,25.77,19.33,26.65,1006.668808227219,1006.67,-0.0,1.42,1003.88,1009.45,1003.01,1010.33,52.23621024831421,52.24,-0.002,1.957,48.4,56.07,47.2,57.28,6.036486238007523,6.01,0.025,1.483,3.11,8.92,2.19,9.83,False,NORMAL,NORMAL,0.854
2026-09-02 07:30:00,23.953031979086298,23.95,-0.001,1.42,21.17,26.74,20.3,27.61,1006.7321953251957,1006.73,-0.0,1.42,1003.95,1009.52,1003.07,1010.39,47.13163485913307,47.13,-0.002,1.957,43.3,50.97,42.09,52.18,4.899317274291005,4.87,0.025,1.483,1.97,7.78,1.06,8.69,False,NORMAL,NORMAL,0.785
2026-09-02 07:35:00,22.91380203930623,22.91,-0.001,1.42,20.13,25.7,19.26,26.57,1006.5074469382746,1006.51,-0.0,1.42,1003.72,1009.29,1002.85,1010.17,51.938004682771016,51.94,-0.002,1.957,48.1,55.78,46.9,56.98,5.333873878185247,5.31,0.025,1.483,2.4,8.21,1.49,9.13,False,NORMAL,NORMAL,0.745
2026-09-02 07:40:00,23.061575775404645,23.06,-0.001,1.42,20.28,25.85,19.4,26.72,1006.5685106693746,1006.57,-0.0,1.42,1003.78,1009.35,1002.91,1010.23,50.37952513900682,50.38,-0.002,1.957,46.54,54.22,45.34,55.42,1.6995177549967024,1.67,0.025,1.483,0.0,4.58,0.0,5.49,False,NORMAL,NORMAL,0.82
2026-09-02 07:45:00,23.318301076066874,23.32,-0.001,1.42,20.54,26.1,19.66,26.98,1006.5397319547811,1006.54,-0.0,1.42,1003.76,1009.32,1002.88,1010.2,47.2916013544203,47.29,-0.002,1.958,43.46,51.13,42.25,52.34,4.407904416554965,4.38,0.025,1.483,1.48,7.29,0.56,8.2,False,NORMAL,NORMAL,0.779
2026-09-02 07:50:00,22.86926162680523,22.87,-0.001,1.42,20.09,25.65,19.21,26.53,1006.706515557877,1006.71,-0.0,1.42,1003.92,1009.49,1003.05,1010.37,51.158987783840786,51.16,-0.002,1.958,47.32,55.0,46.12,56.2,2.5520222868377083,2.53,0.025,1.483,0.0,5.43,0.0,6.35,False,NORMAL,NORMAL,0.814
2026-09-02 07:55:00,23.66936543225569,23.67,-0.001,1.42,20.89,26.45,20.01,27.33,1006.6724123128117,1006.67,-0.0,1.42,1003.89,1009.46,1003.01,1010.33,48.09355588011253,48.1,-0.002,1.958,44.26,51.93,43.05,53.14,2.658716427934899,2.63,0.025,1.483,0.0,5.54,0.0,6.45,False,NORMAL,NORMAL,0.814
2026-09-02 08:00:00,23.73686514869128,23.74,-0.001,1.42,20.95,26.52,20.08,27.4,1006.5417393669994,1006.54,-0.0,1.42,1003.76,1009.33,1002.88,1010.2,48.090722737025715,48.09,-0.002,1.958,44.26,51.93,43.05,53.14,5.722781630175661,5.7,0.025,1.483,2.79,8.6,1.88,9.52,False,NORMAL,NORMAL,0.849
2026-09-02 08:05:00,24.261447217713954,24.26,-0.001,1.42,21.48,27.05,20.6,27.92,1006.6658330889932,1006.67,-0.0,1.42,1003.88,1009.45,1003.01,1010.33,44.58887912879285,44.59,-0.002,1.958,40.75,48.43,39.55,49.63,8.634218978340678,8.61,0.025,1.483,5.7,11.52,4.79,12.43,False,NORMAL,NORMAL,0.696
2026-09-02 08:10:00,24.49860177319146,24.5,-0.001,1.42,21.72,27.28,20.84,28.16,1006.5478528311329,1006.55,-0.0,1.42,1003.76,1009.33,1002.89,1010.21,46.08911274104382,46.09,-0.002,1.958,42.25,49.93,41.05,51.13,4.024062632524627,4.0,0.025,1.483,1.09,6.91,0.18,7.82,False,NORMAL,NORMAL,0.843
2026-09-02 08:15:00,25.272733103383512,25.27,-0.001,1.42,22.49,28.06,21.62,28.93,1006.5807986842943,1006.58,-0.0,1.42,1003.8,1009.37,1002.92,1010.24,42.15494664431067,42.16,-0.002,1.958,38.32,45.99,37.11,47.2,2.7235912992766846,2.7,0.025,1.483,0.0,5.6,0.0,6.52,False,NORMAL,NORMAL,0.709
2026-09-02 08:20:00,25.062472990046267,25.06,-0.001,1.42,22.28,27.85,21.41,28.72,1006.8653145436277,1006.87,-0.0,1.42,1004.08,1009.65,1003.21,1010.52,45.29629524841224,45.3,-0.002,1.958,41.46,49.14,40.25,50.34,5.821871894170886,5.8,0.025,1.483,2.89,8.7,1.98,9.62,False,NORMAL,NORMAL,0.794
2026-09-02 08:25:00,24.611171700579497,24.61,-0.001,1.42,21.83,27.4,20.95,28.27,1006.8090821206963,1006.81,-0.0,1.42,1004.03,1009.59,1003.15,1010.47,44.82153841060195,44.82,-0.002,1.958,40.99,48.66,39.78,49.87,8.216508687478052,8.19,0.025,1.483,5.28,11.1,4.37,12.01,False,NORMAL,NORMAL,0.837
2026-09-02 08:30:00,24.641705903055435,24.64,-0.001,1.42,21.86,27.43,20.98,28.3,1006.4076657525334,1006.41,-0.0,1.42,1003.62,1009.19,1002.75,1010.07,47.22522375825327,47.23,-0.002,1.958,43.39,51.06,42.18,52.27,6.7973660318183375,6.77,0.025,1.483,3.87,9.68,2.95,10.59,False,NORMAL,NORMAL,0.807
2026-09-02 08:35:00,25.35640502956875,25.36,-0.001,1.42,22.57,28.14,21.7,29.02,1006.7224324937965,1006.72,-0.0,1.42,1003.94,1009.51,1003.06,1010.38,44.97345130109635,44.97,-0.002,1.958,41.14,48.81,39.93,50.02,8.314573601351556,8.29,0.025,1.483,5.38,11.2,4.47,12.11,False,NORMAL,NORMAL,0.743
2026-09-02 08:40:00,24.789454967586806,24.79,-0.001,1.42,22.01,27.57,21.13,28.45,1006.7157363698116,1006.72,-0.0,1.42,1003.93,1009.5,1003.06,1010.38,43.61468325053657,43.62,-0.002,1.958,39.78,47.45,38.57,48.66,5.158328381925304,5.13,0.025,1.483,2.23,8.04,1.31,8.95,False,NORMAL,NORMAL,0.725
2026-09-02 08:45:00,26.207306544269795,26.21,-0.001,1.42,23.42,28.99,22.55,29.87,1006.418430109126,1006.42,-0.0,1.42,1003.63,1009.2,1002.76,1010.08,40.68493765544461,40.69,-0.002,1.958,36.85,44.52,35.64,45.73,7.000040326916219,6.97,0.025,1.483,4.07,9.88,3.15,10.8,False,NORMAL,NORMAL,0.682
2026-09-02 08:50:00,26.102856687495763,26.1,-0.001,1.42,23.32,28.89,22.45,29.76,1006.7106205621095,1006.71,-0.0,1.42,1003.93,1009.49,1003.05,1010.37,41.50499325012951,41.51,-0.002,1.958,37.67,45.34,36.46,46.55,2.3214771992917957,2.3,0.025,1.483,0.0,5.2,0.0,6.12,False,NORMAL,NORMAL,0.728
2026-09-02 08:55:00,25.598870065464144,25.6,-0.001,1.42,22.82,28.38,21.94,29.26,1006.8160221774372,1006.82,-0.0,1.42,1004.03,1009.6,1003.16,1010.48,42.88924132836435,42.89,-0.002,1.958,39.05,46.73,37.85,47.94,3.940897516181241,3.92,0.025,1.483,1.01,6.82,0.1,7.74,False,NORMAL,NORMAL,0.844
2026-09-02 09:00:00,25.255767954760017,25.26,-0.001,1.42,22.47,28.04,21.6,28.91,1006.4147754828282,1006.41,-0.0,1.42,1003.63,1009.2,1002.76,1010.07,44.499256892311905,44.5,-0.002,1.959,40.66,48.34,39.46,49.55,4.263976308383004,4.24,0.025,1.483,1.33,7.15,0.42,8.06,False,NORMAL,NORMAL,0.785
2026-09-02 09:05:00,26.635994009895466,26.64,-0.001,1.42,23.85,29.42,22.98,30.29,1006.4435549180827,1006.44,-0.0,1.42,1003.66,1009.23,1002.78,1010.1,39.7047552605963,39.71,-0.002,1.959,35.87,43.55,34.66,44.75,5.174836101896454,5.15,0.025,1.483,2.24,8.06,1.33,8.97,False,NORMAL,NORMAL,0.639
2026-09-02 09:10:00,26.20091484230928,26.2,-0.001,1.42,23.42,28.99,22.54,29.86,1006.7319529996322,1006.73,-0.0,1.42,1003.95,1009.52,1003.07,1010.39,39.74878514631189,39.75,-0.002,1.959,35.91,43.59,34.7,44.8,10.02299519738866,10.0,0.025,1.483,7.09,12.9,6.18,13.82,False,NORMAL,NORMAL,0.569
2026-09-02 09:15:00,26.89292653424084,26.89,-0.001,1.42,24.11,29.68,23.24,30.55,1006.6181539767412,1006.62,-0.0,1.42,1003.83,1009.4,1002.96,1010.28,37.9339235503277,37.94,-0.002,1.959,34.1,41.77,32.89,42.98,8.938815489919582,8.91,0.025,1.483,6.01,11.82,5.09,12.73,False,NORMAL,NORMAL,0.634
2026-09-02 09:20:00,25.90980331406404,25.91,-0.001,1.42,23.13,28.69,22.25,29.57,1006.6581820182737,1006.66,-0.0,1.42,1003.87,1009.44,1003.0,1010.32,41.31515302427066,41.32,-0.002,1.959,37.48,45.16,36.27,46.36,2.376565176342251,2.35,0.025,1.483,0.0,5.26,0.0,6.17,False,NORMAL,NORMAL,0.715
2026-09-02 09:25:00,26.456226091117106,26.46,-0.001,1.42,23.67,29.24,22.8,30.12,1006.6243879484101,1006.62,-0.0,1.421,1003.84,1009.41,1002.97,1010.28,40.60474830340189,40.61,-0.002,1.959,36.77,44.45,35.56,45.65,2.742762265525805,2.72,0.025,1.483,0.0,5.62,0.0,6.54,False,NORMAL,NORMAL,0.804
2026-09-02 09:30:00,26.845025495528493,26.85,-0.001,1.42,24.06,29.63,23.19,30.5,1006.6294548798486,1006.63,-0.0,1.421,1003.85,1009.41,1002.97,1010.29,39.37205308129123,39.37,-0.002,1.959,35.53,43.21,34.33,44.42,4.219188123157575,4.19,0.025,1.483,1.29,7.1,0.37,8.01,False,NORMAL,NORMAL,0.838
2026-09-02 09:35:00,27.007145858675408,27.01,-0.001,1.42,24.22,29.79,23.35,30.67,1006.369047314716,1006.37,-0.0,1.421,1003.59,1009.15,1002.71,1010.03,40.57778490537588,40.58,-0.002,1.959,36.74,44.42,35.53,45.63,3.742997720364471,3.72,0.025,1.483,0.81,6.63,0.0,7.54,False,NORMAL,NORMAL,0.83
2026-09-02 09:40:00,26.952150922038268,26.95,-0.001,1.42,24.17,29.74,23.29,30.61,1006.721806047621,1006.72,-0.0,1.421,1003.94,1009.51,1003.06,1010.38,40.03607596109525,40.04,-0.002,1.959,36.2,43.88,34.99,45.08,6.279862185274689,6.25,0.025,1.483,3.35,9.16,2.43,10.08,False,NORMAL,NORMAL,0.793
2026-09-02 09:45:00,27.52346338323043,27.52,-0.001,1.42,24.74,30.31,23.87,31.18,1006.736266963793,1006.74,-0.0,1.421,1003.95,1009.52,1003.08,1010.4,37.816715781129695,37.82,-0.002,1.959,33.98,41.66,32.77,42.86,9.882224324025264,9.86,0.025,1.483,6.95,12.76,6.04,13.68,False,NORMAL,NORMAL,0.797
2026-09-02 09:50:00,26.98767004318037,26.99,-0.001,1.42,24.2,29.77,23.33,30.65,1006.5218784233849,1006.52,-0.0,1.421,1003.74,1009.31,1002.86,1010.18,38.522005857508915,38.52,-0.002,1.959,34.68,42.36,33.48,43.57,11.796870003989984,11.77,0.025,1.483,8.86,14.68,7.95,15.59,False,NORMAL,NORMAL,0.791
2026-09-02 09:55:00,27.49633622946126,27.5,-0.001,1.42,24.71,30.28,23.84,31.16,1006.5444728981546,1006.54,-0.0,1.421,1003.76,1009.33,1002.89,1010.2,38.24099366386249,38.24,-0.002,1.959,34.4,42.08,33.2,43.29,6.752594945216626,6.73,0.025,1.483,3.82,9.63,2.91,10.55,False,NORMAL,NORMAL,0.805
2026-09-02 10:00:00,27.738078426875624,27.74,-0.001,1.42,24.96,30.52,24.08,31.4,1006.315196726512,1006.32,-0.0,1.421,1003.53,1009.1,1002.66,1009.97,36.2159489550886,36.22,-0.002,1.959,32.38,40.06,31.17,41.26,8.906680196648207,8.88,0.025,1.483,5.97,11.79,5.06,12.7,False,NORMAL,NORMAL,0.665
2026-09-02 10:05:00,28.030438413230723,28.03,-0.001,1.42,25.25,30.81,24.37,31.69,1006.6149446536479,1006.62,-0.0,1.421,1003.83,1009.4,1002.96,1010.27,37.81728540278238,37.82,-0.002,1.959,33.98,41.66,32.77,42.87,5.731817095238714,5.71,0.025,1.483,2.8,8.61,1.89,9.53,False,NORMAL,NORMAL,0.766
2026-09-02 10:10:00,28.241971212113967,28.24,-0.001,1.42,25.46,31.03,24.58,31.9,1006.6155501610299,1006.62,-0.0,1.421,1003.83,1009.4,1002.96,1010.27,36.73977230721188,36.74,-0.002,1.959,32.9,40.58,31.69,41.79,3.2296320063110215,3.2,0.025,1.484,0.3,6.11,0.0,7.03,False,NORMAL,NORMAL,0.832
2026-09-02 10:15:00,27.638020545075285,27.64,-0.001,1.42,24.85,30.42,23.98,31.3,1006.5112581818197,1006.51,-0.0,1.421,1003.73,1009.3,1002.85,1010.17,38.56700824510822,38.57,-0.002,1.959,34.73,42.41,33.52,43.62,5.797470882691203,5.77,0.025,1.484,2.86,8.68,1.95,9.59,False,NORMAL,NORMAL,0.821
2026-09-02 10:20:00,27.602604614111396,27.6,-0.001,1.42,24.82,30.39,23.94,31.26,1006.6789164693957,1006.68,-0.0,1.421,1003.89,1009.46,1003.02,1010.34,36.434859111080556,36.44,-0.002,1.96,32.6,40.28,31.39,41.48,6.0851803262232105,6.06,0.025,1.484,3.15,8.97,2.24,9.88,False,NORMAL,NORMAL,0.669
2026-09-02 10:25:00,28.85344674070853,28.85,-0.001,1.42,26.07,31.64,25.2,32.51,1006.4485836500783,1006.45,-0.0,1.421,1003.66,1009.23,1002.79,1010.11,34.20817023066306,34.21,-0.002,1.96,30.37,38.05,29.16,39.26,7.921116819962614,7.9,0.025,1.484,4.99,10.8,4.07,11.72,False,NORMAL,NORMAL,0.548
2026-09-02 10:30:00,28.59911326640761,28.6,-0.001,1.42,25.82,31.38,24.94,32.26,1006.570499616344,1006.57,-0.0,1.421,1003.79,1009.35,1002.91,1010.23,35.18511763391934,35.19,-0.002,1.96,31.35,39.03,30.14,40.23,3.408068911798698,3.38,0.025,1.484,0.47,6.29,0.0,7.2,False,NORMAL,NORMAL,0.742
2026-09-02 10:35:00,28.288224781959954,28.29,-0.001,1.42,25.51,31.07,24.63,31.95,1006.3185838089086,1006.32,-0.0,1.421,1003.53,1009.1,1002.66,1009.98,36.90437062710303,36.91,-0.002,1.96,33.06,40.75,31.86,41.95,4.6609693472223315,4.64,0.025,1.484,1.73,7.54,0.81,8.46,False,NORMAL,NORMAL,0.816
2026-09-02 10:40:00,29.327067277839816,29.33,-0.001,1.42,26.54,32.11,25.67,32.99,1006.4522691928732,1006.45,-0.0,1.421,1003.67,1009.24,1002.79,1010.11,34.110960821175986,34.11,-0.002,1.96,30.27,37.95,29.06,39.16,4.6515205436516895,4.63,0.025,1.484,1.72,7.53,0.8,8.45,False,NORMAL,NORMAL,0.69
2026-09-02 10:45:00,28.869355195940212,28.87,-0.001,1.42,26.09,31.65,25.21,32.53,1006.4123970392457,1006.41,-0.0,1.421,1003.63,1009.2,1002.75,1010.07,36.76443440838977,36.77,-0.002,1.96,32.92,40.61,31.72,41.81,12.443179127741159,12.42,0.025,1.484,9.51,15.33,8.6,16.24,False,NORMAL,NORMAL,0.706
2026-09-02 10:50:00,29.40871240866587,29.41,-0.001,1.42,26.63,32.19,25.75,33.07,1006.4535132425095,1006.45,-0.0,1.421,1003.67,1009.24,1002.79,1010.11,33.4506306279982,33.45,-0.002,1.96,29.61,37.29,28.4,38.5,5.352106524834776,5.33,0.025,1.484,2.42,8.24,1.5,9.15,False,NORMAL,NORMAL,0.714
2026-09-02 10:55:00,29.075277230528588,29.08,-0.001,1.42,26.29,31.86,25.42,32.74,1006.3438161550225,1006.34,-0.0,1.421,1003.56,1009.13,1002.68,1010.0,34.28458930634771,34.29,-0.002,1.96,30.44,38.13,29.24,39.34,8.32813850628434,8.3,0.025,1.484,5.39,11.21,4.48,12.13,False,NORMAL,NORMAL,0.794
2026-09-02 11:00:00,29.981153419445175,29.98,-0.001,1.42,27.2,32.77,26.32,33.64,1006.3573598139898,1006.36,-0.0,1.421,1003.57,1009.14,1002.7,1010.02,34.10977843830683,34.11,-0.002,1.96,30.27,37.95,29.06,39.16,8.317109792759005,8.29,0.025,1.484,5.38,11.2,4.47,12.11,False,NORMAL,NORMAL,0.767
2026-09-02 11:05:00,29.964824360543552,29.97,-0.001,1.42,27.18,32.75,26.31,33.62,1006.477080422182,1006.48,-0.0,1.421,1003.69,1009.26,1002.82,1010.14,32.972925362756285,32.97,-0.002,1.96,29.13,36.82,27.93,38.02,3.938339350630664,3.91,0.025,1.484,1.0,6.82,0.09,7.74,False,NORMAL,NORMAL,0.761
2026-09-02 11:10:00,29.266128038417232,29.27,-0.001,1.42,26.48,32.05,25.61,32.93,1006.2619620121001,1006.26,-0.0,1.421,1003.48,1009.05,1002.6,1009.92,35.358216147241436,35.36,-0.002,1.96,31.52,39.2,30.31,40.41,6.55970642014407,6.53,0.025,1.484,3.63,9.44,2.71,10.36,False,NORMAL,NORMAL,0.784
2026-09-02 11:15:00,29.854503501529283,29.86,-0.001,1.42,27.07,32.64,26.2,33.51,1006.0589614157385,1006.06,-0.0,1.421,1003.27,1008.84,1002.4,1009.72,33.34377202099706,33.35,-0.002,1.96,29.5,37.19,28.3,38.39,10.724339105083363,10.7,0.025,1.484,7.79,13.61,6.88,14.52,False,NORMAL,NORMAL,0.739
2026-09-02 11:20:00,29.82126786064984,29.82,-0.001,1.42,27.04,32.61,26.16,33.48,1006.5329862391859,1006.53,-0.0,1.421,1003.75,1009.32,1002.87,1010.19,32.67874188963623,32.68,-0.002,1.96,28.84,36.52,27.63,37.73,5.769457189930412,5.74,0.025,1.484,2.84,8.65,1.92,9.57,False,NORMAL,NORMAL,0.632
2026-09-02 11:25:00,30.204839951731476,30.21,-0.001,1.421,27.42,32.99,26.55,33.86,1006.4464620953192,1006.45,-0.0,1.421,1003.66,1009.23,1002.79,1010.11,30.59716396672539,30.6,-0.002,1.96,26.76,34.44,25.55,35.65,12.293396738026873,12.27,0.025,1.484,9.36,15.18,8.45,16.09,False,NORMAL,NORMAL,0.424
2026-09-02 11:30:00,29.36266322291703,29.36,-0.001,1.421,26.58,32.15,25.7,33.02,1006.0121639630065,1006.01,-0.0,1.421,1003.23,1008.8,1002.35,1009.67,32.305367886487026,32.31,-0.002,1.96,28.46,36.15,27.26,37.36,3.5596978052047086,3.53,0.025,1.484,0.63,6.44,0.0,7.36,False,NORMAL,NORMAL,0.418
2026-09-02 11:35:00,30.11122325784434,30.11,-0.001,1.421,27.33,32.9,26.45,33.77,1006.2742565119223,1006.27,-0.0,1.421,1003.49,1009.06,1002.61,1009.93,33.54769554952026,33.55,-0.002,1.96,29.71,37.39,28.5,38.6,2.0191954950585584,1.99,0.025,1.484,0.0,4.9,0.0,5.82,False,NORMAL,NORMAL,0.639
2026-09-02 11:40:00,30.34521812111126,30.35,-0.001,1.421,27.56,33.13,26.69,34.01,1006.0581664186446,1006.06,-0.0,1.421,1003.27,1008.84,1002.4,1009.72,33.654797278474284,33.66,-0.002,1.961,29.81,37.5,28.61,38.71,10.881356677250698,10.86,0.025,1.484,7.95,13.76,7.03,14.68,False,NORMAL,NORMAL,0.672
2026-09-02 11:45:00,29.300226031250954,29.3,-0.001,1.421,26.52,32.09,25.64,32.96,1006.1339452958329,1006.13,-0.0,1.421,1003.35,1008.92,1002.47,1009.79,35.195751054391955,35.2,-0.002,1.961,31.35,39.04,30.15,40.25,10.054093320937998,10.03,0.025,1.484,7.12,12.94,6.21,13.85,False,NORMAL,NORMAL,0.719
2026-09-02 11:50:00,29.60907351474655,29.61,-0.001,1.421,26.83,32.39,25.95,33.27,1006.0973489402217,1006.1,-0.0,1.421,1003.31,1008.88,1002.44,1009.76,34.20964525358586,34.21,-0.002,1.961,30.37,38.05,29.16,39.26,16.29015981547663,16.26,0.025,1.484,13.36,19.17,12.44,20.09,False,NORMAL,NORMAL,0.648
2026-09-02 11:55:00,29.342075993693467,29.34,-0.001,1.421,26.56,32.13,25.68,33.0,1005.9748213316558,1005.97,-0.0,1.421,1003.19,1008.76,1002.32,1009.63,35.232179347211236,35.23,-0.002,1.961,31.39,39.08,30.18,40.28,7.872039678233938,7.85,0.025,1.484,4.94,10.76,4.02,11.67,False,NORMAL,NORMAL,0.734
2026-09-02 12:00:00,30.122091713850363,30.12,-0.001,1.421,27.34,32.91,26.46,33.78,1005.8471537759235,1005.85,-0.0,1.421,1003.06,1008.63,1002.19,1009.51,32.75339246547069,32.75,-0.002,1.961,28.91,36.6,27.7,37.81,12.301820140783173,12.28,0.025,1.484,9.37,15.19,8.45,16.1,False,NORMAL,NORMAL,0.674
2026-09-02 12:05:00,30.585608908735235,30.59,-0.001,1.421,27.8,33.37,26.93,34.25,1005.813841741553,1005.81,-0.0,1.421,1003.03,1008.6,1002.15,1009.47,30.18442245372429,30.19,-0.002,1.961,26.34,34.03,25.13,35.24,9.839076222759882,9.81,0.025,1.484,6.9,12.72,5.99,13.64,False,NORMAL,NORMAL,0.564
2026-09-02 12:10:00,30.964884271486284,30.97,-0.001,1.421,28.18,33.75,27.31,34.63,1005.7306700823793,1005.73,-0.0,1.421,1002.95,1008.52,1002.07,1009.39,31.322515077526695,31.32,-0.002,1.961,27.48,35.17,26.27,36.38,10.16412428025649,10.14,0.025,1.484,7.23,13.05,6.32,13.96,False,NORMAL,NORMAL,0.736
2026-09-02 12:15:00,30.4555021927134,30.46,-0.001,1.421,27.67,33.24,26.8,34.12,1005.6919810890577,1005.69,-0.0,1.421,1002.91,1008.48,1002.03,1009.35,32.26203289594225,32.26,-0.002,1.961,28.42,36.11,27.21,37.32,6.857277737983735,6.83,0.025,1.484,3.92,9.74,3.01,10.66,False,NORMAL,NORMAL,0.761
2026-09-02 12:20:00,31.135769823913552,31.14,-0.001,1.421,28.35,33.92,27.48,34.8,1005.7533250153901,1005.75,-0.0,1.421,1002.97,1008.54,1002.09,1009.41,31.353640796551108,31.36,-0.002,1.961,27.51,35.2,26.3,36.41,5.201943565259814,5.18,0.025,1.484,2.27,8.09,1.35,9.0,False,NORMAL,NORMAL,0.735
2026-09-02 12:25:00,29.987243579553045,29.99,-0.001,1.421,27.2,32.77,26.33,33.65,1005.6006933982802,1005.6,-0.0,1.421,1002.82,1008.39,1001.94,1009.26,34.54562619384104,34.55,-0.002,1.961,30.7,38.39,29.5,39.6,12.406894443951797,12.38,0.025,1.484,9.47,15.29,8.56,16.21,False,NORMAL,NORMAL,0.591
2026-09-02 12:30:00,29.90935935730746,29.91,-0.001,1.421,27.13,32.69,26.25,33.57,1005.7530499290298,1005.75,-0.0,1.421,1002.97,1008.54,1002.09,1009.41,33.29245759759563,33.29,-0.002,1.961,29.45,37.14,28.24,38.35,5.666149733478801,5.64,0.025,1.484,2.73,8.55,1.82,9.46,False,NORMAL,NORMAL,0.72
2026-09-02 12:35:00,30.61635707836036,30.62,-0.001,1.421,27.83,33.4,26.96,34.28,1005.8145678728623,1005.81,-0.0,1.421,1003.03,1008.6,1002.16,1009.47,31.99145408778732,31.99,-0.002,1.961,28.15,35.84,26.94,37.05,6.6425028981991705,6.62,0.025,1.484,3.71,9.53,2.79,10.44,False,NORMAL,NORMAL,0.761
2026-09-02 12:40:00,30.836471534687078,30.84,-0.001,1.421,28.05,33.62,27.18,34.5,1005.443295117016,1005.44,-0.0,1.421,1002.66,1008.23,1001.78,1009.1,32.497789126968534,32.5,-0.002,1.961,28.66,36.34,27.45,37.55,5.816496025182002,5.79,0.025,1.484,2.88,8.7,1.97,9.62,False,NORMAL,NORMAL,0.722
2026-09-02 12:45:00,30.71041343381848,30.71,-0.001,1.421,27.93,33.5,27.05,34.37,1005.5031526098344,1005.5,-0.0,1.421,1002.72,1008.29,1001.84,1009.16,32.71682585307484,32.72,-0.002,1.961,28.87,36.56,27.67,37.77,6.916950202146396,6.89,0.025,1.484,3.98,9.8,3.07,10.72,False,NORMAL,NORMAL,0.769
2026-09-02 12:50:00,29.933510364832877,29.93,-0.001,1.421,27.15,32.72,26.27,33.59,1005.4772876434815,1005.48,-0.0,1.421,1002.69,1008.26,1001.82,1009.14,33.776964254003154,33.78,-0.002,1.961,29.93,37.62,28.73,38.83,6.05871484967695,6.03,0.025,1.484,3.12,8.94,2.21,9.86,False,NORMAL,NORMAL,0.802
2026-09-02 12:55:00,30.75815978553563,30.76,-0.001,1.421,27.97,33.54,27.1,34.42,1005.4064237125589,1005.41,-0.0,1.421,1002.62,1008.19,1001.75,1009.07,31.506513850130784,31.51,-0.002,1.961,27.66,35.35,26.46,36.56,1.6876953180633103,1.66,0.025,1.485,0.0,4.57,0.0,5.49,False,NORMAL,NORMAL,0.68
2026-09-02 13:00:00,30.30164188320979,30.3,-0.001,1.421,27.52,33.09,26.64,33.96,1005.278546084981,1005.28,-0.0,1.421,1002.49,1008.06,1001.62,1008.94,32.66519458881172,32.67,-0.002,1.962,28.82,36.51,27.61,37.72,11.147895343164349,11.12,0.025,1.485,8.21,14.03,7.3,14.95,False,NORMAL,NORMAL,0.665
2026-09-02 13:05:00,31.117200172952607,31.12,-0.001,1.421,28.33,33.9,27.46,34.78,1005.3083747323783,1005.31,-0.0,1.421,1002.52,1008.09,1001.65,1008.97,31.804797658240933,31.81,-0.002,1.962,27.96,35.65,26.75,36.86,5.854587363653886,5.83,0.025,1.485,2.92,8.74,2.01,9.65,False,NORMAL,NORMAL,0.709
2026-09-02 13:10:00,31.01813156426595,31.02,-0.001,1.421,28.23,33.8,27.36,34.68,1005.1974724210829,1005.2,-0.0,1.421,1002.41,1007.98,1001.54,1008.86,29.82608959206326,29.83,-0.002,1.962,25.98,33.67,24.77,34.88,7.211015165374031,7.19,0.025,1.485,4.28,10.1,3.36,11.01,False,NORMAL,NORMAL,0.56
2026-09-02 13:15:00,30.513942922450585,30.51,-0.001,1.421,27.73,33.3,26.85,34.17,1004.8660481981237,1004.87,-0.0,1.421,1002.08,1007.65,1001.21,1008.53,32.97424608888767,32.98,-0.002,1.962,29.13,36.82,27.92,38.03,2.9646279044778434,2.94,0.025,1.485,0.03,5.85,0.0,6.76,False,NORMAL,NORMAL,0.722
2026-09-02 13:20:00,30.698975687139995,30.7,-0.001,1.421,27.91,33.48,27.04,34.36,1005.1070934239734,1005.11,-0.0,1.421,1002.32,1007.89,1001.45,1008.77,31.53366353708564,31.54,-0.002,1.962,27.69,35.38,26.48,36.59,0.44661346619065084,0.42,0.025,1.485,0.0,3.33,0.0,4.25,False,NORMAL,NORMAL,0.621
2026-09-02 13:25:00,30.4916750744924,30.49,-0.001,1.421,27.71,33.28,26.83,34.15,1005.0333596987012,1005.03,-0.0,1.421,1002.25,1007.82,1001.37,1008.69,32.93858199698584,32.94,-0.002,1.962,29.09,36.79,27.89,37.99,4.071205840854593,4.05,0.025,1.485,1.14,6.96,0.22,7.87,False,NORMAL,NORMAL,0.762
2026-09-02 13:30:00,30.89732443794672,30.9,-0.001,1.421,28.11,33.68,27.24,34.56,1004.7079097814442,1004.71,-0.0,1.421,1001.92,1007.49,1001.05,1008.37,30.881358360091973,30.88,-0.002,1.962,27.04,34.73,25.83,35.94,8.481974833806277,8.46,0.025,1.485,5.55,11.37,4.63,12.28,False,NORMAL,NORMAL,0.658
2026-09-02 13:35:00,31.307675108080474,31.31,-0.001,1.421,28.52,34.09,27.65,34.97,1004.7488907184043,1004.75,-0.0,1.421,1001.96,1007.53,1001.09,1008.41,30.87584560990243,30.88,-0.002,1.962,27.03,34.72,25.82,35.93,2.484505495977879,2.46,0.025,1.485,0.0,5.37,0.0,6.28,False,NORMAL,NORMAL,0.679
2026-09-02 13:40:00,30.530727116954797,30.53,-0.001,1.421,27.75,33.32,26.87,34.19,1004.765230683431,1004.77,-0.0,1.421,1001.98,1007.55,1001.11,1008.43,32.713411351797255,32.71,-0.002,1.962,28.87,36.56,27.66,37.77,11.905039668931929,11.88,0.025,1.485,8.97,14.79,8.06,15.7,False,NORMAL,NORMAL,0.631
2026-09-02 13:45:00,31.1222052959529,31.12,-0.001,1.421,28.34,33.91,27.46,34.78,1004.5496756511299,1004.55,-0.0,1.421,1001.77,1007.33,1000.89,1008.21,29.492401301351727,29.49,-0.002,1.962,25.65,33.34,24.44,34.55,3.786366465833473,3.76,0.025,1.485,0.85,6.67,0.0,7.59,False,NORMAL,NORMAL,0.433
2026-09-02 13:50:00,30.70021694810589,30.7,-0.001,1.421,27.92,33.49,27.04,34.36,1004.6592498583627,1004.66,-0.0,1.421,1001.87,1007.44,1001.0,1008.32,32.31677491798943,32.32,-0.002,1.962,28.47,36.16,27.26,37.37,3.6829643415160342,3.66,0.025,1.485,0.75,6.57,0.0,7.48,False,NORMAL,NORMAL,0.719
2026-09-02 13:55:00,30.583064482247156,30.58,-0.001,1.421,27.8,33.37,26.92,34.24,1004.769085068254,1004.77,-0.0,1.421,1001.98,1007.55,1001.11,1008.43,31.007925190319934,31.01,-0.002,1.962,27.16,34.86,25.95,36.06,3.4458198901061645,3.42,0.025,1.485,0.51,6.33,0.0,7.25,False,NORMAL,NORMAL,0.6
2026-09-02 14:00:00,30.84145337925089,30.84,-0.001,1.421,28.06,33.63,27.18,34.5,1004.2118620116099,1004.21,-0.0,1.421,1001.43,1007.0,1000.55,1007.87,32.68543785396918,32.69,-0.002,1.962,28.84,36.53,27.63,37.74,0.9136879138256105,0.89,0.025,1.485,0.0,3.8,0.0,4.71,False,NORMAL,NORMAL,0.58
2026-09-02 14:05:00,30.450378578250408,30.45,-0.001,1.421,27.67,33.24,26.79,34.11,1004.0370000198219,1004.04,-0.0,1.421,1001.25,1006.82,1000.38,1007.7,32.19778446683625,32.2,-0.002,1.962,28.35,36.05,27.14,37.25,9.359082784151257,9.33,0.025,1.485,6.42,12.24,5.51,13.16,False,NORMAL,NORMAL,0.672
2026-09-02 14:10:00,30.61938544602147,30.62,-0.001,1.421,27.84,33.41,26.96,34.28,1004.2033559222281,1004.2,-0.0,1.421,1001.42,1006.99,1000.54,1007.86,32.91248961390319,32.91,-0.002,1.962,29.07,36.76,27.86,37.97,11.101324972306157,11.08,0.025,1.485,8.17,13.99,7.25,14.9,False,NORMAL,NORMAL,0.734
2026-09-02 14:15:00,30.33422676314784,30.33,-0.001,1.421,27.55,33.12,26.67,34.0,1004.1789641168392,1004.18,-0.0,1.421,1001.39,1006.96,1000.52,1007.84,32.20279996995053,32.2,-0.002,1.963,28.36,36.05,27.15,37.26,7.509670308379864,7.48,0.025,1.485,4.57,10.4,3.66,11.31,False,NORMAL,NORMAL,0.745
2026-09-02 14:20:00,31.56796904232953,31.57,-0.001,1.421,28.78,34.35,27.91,35.23,1003.9484589647043,1003.95,-0.0,1.421,1001.16,1006.73,1000.29,1007.61,29.401501885647882,29.4,-0.002,1.963,25.56,33.25,24.35,34.46,3.51214650982102,3.49,0.025,1.485,0.58,6.4,0.0,7.31,False,NORMAL,NORMAL,0.401
2026-09-02 14:25:00,30.76106083133283,30.76,-0.001,1.421,27.98,33.55,27.1,34.42,1004.112943812922,1004.11,-0.0,1.421,1001.33,1006.9,1000.45,1007.77,32.23415990700948,32.24,-0.002,1.963,28.39,36.08,27.18,37.29,4.454846790615222,4.43,0.025,1.485,1.52,7.34,0.6,8.26,False,NORMAL,NORMAL,0.643
2026-09-02 14:30:00,30.428125823101013,30.43,-0.001,1.421,27.64,33.21,26.77,34.09,1003.6056317690651,1003.61,-0.0,1.421,1000.82,1006.39,999.95,1007.27,33.76474614060418,33.77,-0.002,1.963,29.92,37.61,28.71,38.82,6.174271305464266,6.15,0.025,1.485,3.24,9.06,2.32,9.97,False,NORMAL,NORMAL,0.648
2026-09-02 14:35:00,30.750863445313467,30.75,-0.001,1.421,27.97,33.54,27.09,34.41,1003.8215273100011,1003.82,-0.0,1.421,1001.04,1006.61,1000.16,1007.48,33.369256854429935,33.37,-0.002,1.963,29.52,37.22,28.31,38.43,13.483069536597421,13.46,0.025,1.485,10.55,16.37,9.63,17.28,False,NORMAL,NORMAL,0.602
2026-09-02 14:40:00,30.573802997292212,30.57,-0.001,1.421,27.79,33.36,26.91,34.24,1003.5376741586185,1003.54,-0.0,1.421,1000.75,1006.32,999.88,1007.2,31.30767851869442,31.31,-0.002,1.963,27.46,35.16,26.25,36.37,4.086773076907969,4.06,0.025,1.485,1.15,6.97,0.24,7.89,False,NORMAL,NORMAL,0.558
2026-09-02 14:45:00,30.480030629639472,30.48,-0.001,1.421,27.7,33.27,26.82,34.14,1003.7973194887179,1003.8,-0.0,1.421,1001.01,1006.58,1000.14,1007.46,32.92901351962698,32.93,-0.002,1.963,29.08,36.78,27.87,37.99,8.782875838511506,8.76,0.025,1.485,5.85,11.67,4.93,12.58,False,NORMAL,NORMAL,0.677
2026-09-02 14:50:00,30.760006938379984,30.76,-0.001,1.421,27.98,33.55,27.1,34.42,1003.7491449972541,1003.75,-0.0,1.421,1000.96,1006.53,1000.09,1007.41,30.619584087024112,30.62,-0.002,1.963,26.77,34.47,25.56,35.68,5.818570774179942,5.79,0.025,1.485,2.88,8.7,1.97,9.62,False,NORMAL,NORMAL,0.541
2026-09-02 14:55:00,30.759520466872083,30.76,-0.001,1.421,27.97,33.55,27.1,34.42,1003.2462196414372,1003.25,-0.0,1.421,1000.46,1006.03,999.59,1006.91,30.809030551692576,30.81,-0.002,1.963,26.96,34.66,25.75,35.87,4.541287017752232,4.52,0.025,1.485,1.61,7.43,0.69,8.34,False,NORMAL,NORMAL,0.486
2026-09-02 15:00:00,30.182768953137277,30.18,-0.001,1.421,27.4,32.97,26.52,33.84,1003.1899310819831,1003.19,-0.0,1.421,1000.41,1005.97,999.53,1006.85,33.22256559743056,33.22,-0.002,1.963,29.38,37.07,28.17,38.28,5.948757964478423,5.92,0.025,1.485,3.01,8.83,2.1,9.75,False,NORMAL,NORMAL,0.749
2026-09-02 15:05:00,30.099390380643868,30.1,-0.001,1.421,27.31,32.89,26.44,33.76,1003.3127461700954,1003.31,-0.0,1.421,1000.53,1006.1,999.65,1006.97,32.369410539246466,32.37,-0.002,1.963,28.52,36.22,27.31,37.43,2.068885165433375,2.04,0.025,1.485,0.0,4.95,0.0,5.87,False,NORMAL,NORMAL,0.743
2026-09-02 15:10:00,30.150764580161646,30.15,-0.001,1.421,27.37,32.94,26.49,33.81,1003.0375792518187,1003.04,-0.0,1.421,1000.25,1005.82,999.38,1006.7,30.7216221455219,30.72,-0.002,1.963,26.88,34.57,25.67,35.78,9.61971319484166,9.59,0.025,1.485,6.68,12.51,5.77,13.42,False,NORMAL,NORMAL,0.464
2026-09-02 15:15:00,29.267428515435654,29.27,-0.001,1.421,26.48,32.05,25.61,32.93,1003.0011760735127,1003.0,-0.0,1.421,1000.22,1005.79,999.34,1006.66,35.29799441119032,35.3,-0.002,1.963,31.45,39.15,30.24,40.36,4.004003969534148,3.98,0.025,1.485,1.07,6.89,0.15,7.81,False,NORMAL,NORMAL,0.692
2026-09-02 15:20:00,29.50590297100604,29.51,-0.001,1.421,26.72,32.29,25.85,33.17,1002.9247331001264,1002.92,-0.0,1.421,1000.14,1005.71,999.27,1006.58,34.06781432570923,34.07,-0.002,1.963,30.22,37.92,29.01,39.13,8.603098442328111,8.58,0.025,1.485,5.67,11.49,4.75,12.4,False,NORMAL,NORMAL,0.767
2026-09-02 15:25:00,30.578910478675407,30.58,-0.001,1.421,27.79,33.37,26.92,34.24,1002.5466086711513,1002.55,-0.0,1.421,999.76,1005.33,998.89,1006.21,32.554891060396486,32.56,-0.002,1.963,28.71,36.4,27.5,37.61,2.008983212306169,1.98,0.025,1.485,0.0,4.9,0.0,5.81,False,NORMAL,NORMAL,0.595
2026-09-02 15:30:00,30.606758166979553,30.61,-0.001,1.421,27.82,33.39,26.95,34.27,1002.7469153056439,1002.75,-0.0,1.421,999.96,1005.53,999.09,1006.41,32.57684103649362,32.58,-0.002,1.963,28.73,36.43,27.52,37.64,13.269422146599233,13.24,0.025,1.485,10.33,16.16,9.42,17.07,False,NORMAL,NORMAL,0.497
2026-09-02 15:35:00,29.762227572370186,29.76,-0.001,1.421,26.98,32.55,26.1,33.42,1002.5608574784972,1002.56,-0.0,1.421,999.78,1005.35,998.9,1006.22,34.52815361045483,34.53,-0.002,1.964,30.68,38.38,29.47,39.59,3.4794949167337164,3.45,0.025,1.485,0.54,6.37,0.0,7.28,False,NORMAL,NORMAL,0.65
2026-09-02 15:40:00,30.0020296145163,30.0,-0.001,1.421,27.22,32.79,26.34,33.66,1002.5066649565739,1002.51,-0.0,1.421,999.72,1005.29,998.85,1006.17,34.50008537469971,34.5,-0.002,1.964,30.65,38.35,29.44,39.56,10.97124929878623,10.95,0.025,1.486,8.03,13.86,7.12,14.77,False,NORMAL,NORMAL,0.719
2026-09-02 15:45:00,29.80200066399313,29.8,-0.001,1.421,27.02,32.59,26.14,33.46,1002.7145813616789,1002.71,-0.0,1.421,999.93,1005.5,999.05,1006.37,34.0084748524235,34.01,-0.002,1.964,30.16,37.86,28.95,39.07,9.622530683527119,9.6,0.025,1.486,6.69,12.51,5.77,13.42,False,NORMAL,NORMAL,0.748
2026-09-02 15:50:00,30.811712270706288,30.81,-0.001,1.421,28.03,33.6,27.15,34.47,1002.2281440454963,1002.23,-0.0,1.421,999.44,1005.01,998.57,1005.89,31.113772642102976,31.12,-0.002,1.964,27.27,34.96,26.06,36.17,13.815614088709502,13.79,0.025,1.486,10.88,16.7,9.96,17.62,False,NORMAL,NORMAL,0.365
2026-09-02 15:55:00,29.92725309586695,29.93,-0.001,1.421,27.14,32.71,26.27,33.59,1002.4584569316364,1002.46,-0.0,1.421,999.67,1005.24,998.8,1006.12,34.40592224259249,34.41,-0.002,1.964,30.56,38.26,29.35,39.47,5.988728178520358,5.96,0.025,1.486,3.05,8.88,2.14,9.79,False,NORMAL,NORMAL,0.546
2026-09-02 16:00:00,29.324162992211726,29.32,-0.001,1.421,26.54,32.11,25.66,32.99,1002.2158507150369,1002.22,-0.0,1.421,999.43,1005.0,998.56,1005.88,34.5403503241223,34.54,-0.002,1.964,30.69,38.39,29.48,39.6,8.442445865375841,8.42,0.025,1.486,5.51,11.33,4.59,12.24,False,NORMAL,NORMAL,0.76
2026-09-02 16:05:00,28.885705927841542,28.89,-0.001,1.421,26.1,31.67,25.23,32.55,1002.1384014117633,1002.14,-0.0,1.421,999.35,1004.92,998.48,1005.8,34.8009415330321,34.8,-0.002,1.964,30.95,38.65,29.74,39.86,5.023093392479007,5.0,0.025,1.486,2.09,7.91,1.17,8.82,False,NORMAL,NORMAL,0.793
2026-09-02 16:10:00,28.514663863330277,28.52,-0.001,1.421,25.73,31.3,24.85,32.18,1002.2231289565833,1002.22,-0.0,1.421,999.44,1005.01,998.56,1005.88,36.82774738731113,36.83,-0.002,1.964,32.98,40.68,31.77,41.89,3.320502342873929,3.3,0.025,1.486,0.38,6.21,0.0,7.12,False,NORMAL,NORMAL,0.793
2026-09-02 16:15:00,29.124720929427408,29.13,-0.001,1.421,26.34,31.91,25.46,32.79,1002.0814098798538,1002.08,-0.0,1.421,999.3,1004.87,998.42,1005.74,35.01552765240945,35.02,-0.002,1.964,31.17,38.87,29.96,40.08,5.607348949351417,5.58,0.025,1.486,2.67,8.49,1.75,9.41,False,NORMAL,NORMAL,0.783
2026-09-02 16:20:00,28.62370717014067,28.62,-0.001,1.421,25.84,31.41,24.96,32.29,1002.043525749469,1002.04,-0.0,1.421,999.26,1004.83,998.38,1005.7,36.961213910306085,36.96,-0.002,1.964,33.11,40.81,31.9,42.02,3.108522867668899,3.08,0.025,1.486,0.17,6.0,0.0,6.91,False,NORMAL,NORMAL,0.777
2026-09-02 16:25:00,28.237124507723564,28.24,-0.001,1.421,25.45,31.02,24.58,31.9,1002.0324743799588,1002.03,-0.0,1.421,999.25,1004.82,998.37,1005.69,38.23136030774178,38.23,-0.002,1.964,34.38,42.08,33.17,43.29,14.584438070884648,14.56,0.025,1.486,11.65,17.47,10.73,18.39,False,NORMAL,NORMAL,0.6
2026-09-02 16:30:00,28.424090996942795,28.42,-0.001,1.421,25.64,31.21,24.76,32.09,1001.7687204329184,1001.77,-0.0,1.421,998.98,1004.55,998.11,1005.43,36.886211695467885,36.89,-0.002,1.964,33.04,40.74,31.83,41.95,2.3048799525382075,2.28,0.025,1.486,0.0,5.19,0.0,6.11,False,NORMAL,NORMAL,0.654
2026-09-02 16:35:00,28.123761311645115,28.12,-0.001,1.421,25.34,30.91,24.46,31.79,1001.6596812330479,1001.66,-0.0,1.421,998.88,1004.44,998.0,1005.32,37.4057045162605,37.41,-0.002,1.964,33.56,41.26,32.35,42.47,6.806086957541426,6.78,0.025,1.486,3.87,9.69,2.95,10.61,False,NORMAL,NORMAL,0.778
2026-09-02 16:40:00,29.101915738768298,29.1,-0.001,1.421,26.32,31.89,25.44,32.76,1001.523844091135,1001.52,-0.0,1.421,998.74,1004.31,997.86,1005.18,34.789004476811996,34.79,-0.002,1.964,30.94,38.64,29.73,39.85,7.130265020684709,7.11,0.025,1.486,4.19,10.02,3.28,10.93,False,NORMAL,NORMAL,0.717
2026-09-02 16:45:00,28.647465187970454,28.65,-0.001,1.421,25.86,31.43,24.99,32.31,1001.4999715070915,1001.5,-0.0,1.421,998.72,1004.28,997.84,1005.16,37.7168164625028,37.72,-0.002,1.964,33.87,41.57,32.66,42.78,6.287274681882024,6.26,0.025,1.486,3.35,9.17,2.43,10.09,False,NORMAL,NORMAL,0.76
2026-09-02 16:50:00,28.156496866197323,28.16,-0.001,1.421,25.37,30.94,24.5,31.82,1002.0054434315779,1002.01,-0.0,1.421,999.22,1004.79,998.35,1005.67,37.7908270383576,37.79,-0.002,1.964,33.94,41.64,32.73,42.85,7.4194102267130795,7.39,0.025,1.486,4.48,10.31,3.57,11.22,False,NORMAL,NORMAL,0.68
2026-09-02 16:55:00,28.613722824077666,28.61,-0.001,1.421,25.83,31.4,24.95,32.28,1001.691266966825,1001.69,-0.0,1.421,998.91,1004.48,998.03,1005.35,37.73831997067618,37.74,-0.002,1.965,33.89,41.59,32.68,42.8,2.491354670757825,2.47,0.025,1.486,0.0,5.38,0.0,6.29,False,NORMAL,NORMAL,0.681
2026-09-02 17:00:00,27.9119918533107,27.91,-0.001,1.421,25.13,30.7,24.25,31.57,1001.2456354621352,1001.25,-0.0,1.421,998.46,1004.03,997.59,1004.91,39.32581934664359,39.33,-0.002,1.965,35.48,43.18,34.27,44.39,6.348984080343234,6.32,0.025,1.486,3.41,9.24,2.5,10.15,False,NORMAL,NORMAL,0.68
2026-09-02 17:05:00,27.393129144481918,27.39,-0.001,1.421,24.61,30.18,23.73,31.06,1001.195957904243,1001.2,-0.0,1.421,998.41,1003.98,997.54,1004.86,39.06355127732468,39.07,-0.002,1.965,35.21,42.92,34.0,44.13,4.085496575967525,4.06,0.025,1.486,1.15,6.97,0.23,7.89,False,NORMAL,NORMAL,0.788
2026-09-02 17:10:00,28.2008497825677,28.2,-0.001,1.421,25.42,30.99,24.54,31.86,1001.414983673748,1001.42,-0.0,1.421,998.63,1004.2,997.76,1005.08,35.81839132898951,35.82,-0.002,1.965,31.97,39.67,30.76,40.88,11.724393953519156,11.7,0.025,1.486,8.79,14.61,7.87,15.53,False,NORMAL,NORMAL,0.587
2026-09-02 17:15:00,27.65854187998599,27.66,-0.001,1.421,24.87,30.45,24.0,31.32,1001.3755627631118,1001.38,-0.0,1.421,998.59,1004.16,997.72,1005.04,39.463162355735875,39.46,-0.002,1.965,35.61,43.32,34.4,44.53,8.328459158915532,8.3,0.025,1.486,5.39,11.22,4.48,12.13,False,NORMAL,NORMAL,0.715
2026-09-02 17:20:00,26.876940072743825,26.88,-0.001,1.422,24.09,29.66,23.22,30.54,1001.3290079859148,1001.33,-0.0,1.421,998.54,1004.11,997.67,1004.99,40.826272123022406,40.83,-0.002,1.965,36.98,44.68,35.77,45.89,13.107882869267213,13.08,0.025,1.486,10.17,16.0,9.25,16.91,False,NORMAL,NORMAL,0.735
2026-09-02 17:25:00,27.06211046833504,27.06,-0.001,1.422,24.28,29.85,23.4,30.72,1001.1641044457667,1001.16,-0.0,1.421,998.38,1003.95,997.5,1004.82,39.80164712018938,39.8,-0.002,1.965,35.95,43.65,34.74,44.86,1.3455008410978213,1.32,0.025,1.486,0.0,4.23,0.0,5.15,False,NORMAL,NORMAL,0.657
2026-09-02 17:30:00,26.632017713544837,26.63,-0.001,1.422,23.85,29.42,22.97,30.29,1001.1417049703986,1001.14,-0.0,1.421,998.36,1003.93,997.48,1004.8,40.84625050718615,40.85,-0.002,1.965,37.0,44.7,35.79,45.91,3.9624083676458195,3.94,0.025,1.486,1.02,6.85,0.11,7.77,False,NORMAL,NORMAL,0.798
2026-09-02 17:35:00,26.270841939677126,26.27,-0.001,1.422,23.49,29.06,22.61,29.93,1001.1704119197509,1001.17,-0.0,1.421,998.39,1003.96,997.51,1004.83,42.82065056673476,42.82,-0.002,1.965,38.97,46.67,37.76,47.88,3.171268430279297,3.15,0.025,1.486,0.23,6.06,0.0,6.97,False,NORMAL,NORMAL,0.832
2026-09-02 17:40:00,27.033874585035242,27.03,-0.001,1.422,24.25,29.82,23.37,30.7,1001.0973768978961,1001.1,-0.0,1.421,998.31,1003.88,997.44,1004.76,41.20350135944764,41.21,-0.002,1.965,37.35,45.06,36.14,46.27,0.7161602517869761,0.69,0.025,1.486,0.0,3.6,0.0,4.52,False,NORMAL,NORMAL,0.721
2026-09-02 17:45:00,27.26442511963758,27.27,-0.001,1.422,24.48,30.05,23.6,30.93,1000.7174371530695,1000.72,-0.0,1.421,997.93,1003.5,997.06,1004.38,39.70107551914756,39.7,-0.002,1.965,35.85,43.55,34.64,44.76,3.5411782032699732,3.52,0.025,1.486,0.6,6.43,0.0,7.34,False,NORMAL,NORMAL,0.723
2026-09-02 17:50:00,25.77636878103318,25.78,-0.001,1.422,22.99,28.56,22.12,29.44,1000.9842937728426,1000.98,-0.0,1.421,998.2,1003.77,997.32,1004.64,44.45865742760063,44.46,-0.002,1.965,40.61,48.31,39.4,49.52,7.120757032226935,7.1,0.025,1.486,4.18,10.01,3.27,10.92,False,NORMAL,NORMAL,0.568
2026-09-02 17:55:00,26.3940735951365,26.39,-0.001,1.422,23.61,29.18,22.73,30.06,1000.8620881265902,1000.86,-0.0,1.421,998.08,1003.65,997.2,1004.52,42.34109121538188,42.34,-0.002,1.965,38.49,46.19,37.28,47.41,3.4044682434811824,3.38,0.025,1.486,0.47,6.29,0.0,7.21,False,NORMAL,NORMAL,0.742
2026-09-02 18:00:00,25.73974297235127,25.74,-0.001,1.422,22.95,28.53,22.08,29.4,,,-0.0,1.481,,,,,44.39218700022865,44.39,-0.002,1.965,40.54,48.25,39.33,49.46,5.566418904408534,5.54,0.025,1.486,2.63,8.45,1.71,9.37,False,NORMAL,NORMAL,0.803
2026-09-02 18:05:00,25.634360162673126,25.64,-0.001,1.422,22.85,28.42,21.97,29.3,,,-0.0,1.662,,,,,43.68909786653192,43.69,-0.002,1.965,39.84,47.54,38.63,48.75,9.69996859555519,9.67,0.025,1.486,6.76,12.59,5.85,13.5,False,NORMAL,NORMAL,0.798
2026-09-02 18:10:00,25.419632392398476,25.42,-0.001,1.422,22.63,28.21,21.76,29.08,,,-0.0,1.988,,,,,44.60898552326162,44.61,-0.002,1.966,40.76,48.46,39.55,49.67,7.088149572434554,7.06,0.025,1.486,4.15,9.98,3.23,10.89,False,NORMAL,NORMAL,0.831
2026-09-02 18:15:00,25.13661661458738,25.14,-0.001,1.422,22.35,27.92,21.48,28.8,,,-0.0,2.446,,,,,45.74688368371951,45.75,-0.002,1.966,41.9,49.6,40.69,50.81,4.585878829148605,4.56,0.025,1.486,1.65,7.47,0.73,8.39,False,NORMAL,NORMAL,0.84
2026-09-02 18:20:00,25.325562669889308,25.33,-0.001,1.422,22.54,28.11,21.66,28.99,,,-0.0,3.014,,,,,44.316701255148054,44.32,-0.002,1.966,40.47,48.17,39.25,49.38,4.38904542632685,4.36,0.025,1.486,1.45,7.28,0.53,8.19,False,NORMAL,NORMAL,0.835
2026-09-02 18:25:00,24.79610882715128,24.8,-0.001,1.422,22.01,27.58,21.13,28.46,1000.943198497281,1000.94,-0.0,1.423,998.15,1003.73,997.28,1004.61,49.16903512759366,49.17,-0.002,1.966,45.32,53.02,44.11,54.23,4.980787923899369,4.96,0.025,1.487,2.04,7.87,1.13,8.78,False,NORMAL,NORMAL,0.787
2026-09-02 18:30:00,25.057476606403675,25.06,-0.001,1.422,22.27,27.84,21.4,28.72,1000.923032060933,1000.92,-0.0,1.421,998.14,1003.71,997.26,1004.58,44.83348748856792,44.84,-0.002,1.966,40.98,48.69,39.77,49.9,2.799427382671736,2.77,0.025,1.487,0.0,5.69,0.0,6.6,False,NORMAL,NORMAL,0.803
2026-09-02 18:35:00,24.748550900393955,24.75,-0.001,1.422,21.96,27.54,21.09,28.41,1000.9428085759876,1000.94,-0.0,1.421,998.16,1003.73,997.28,1004.6,47.177499331731745,47.18,-0.002,1.966,43.33,51.03,42.12,52.24,6.31347704830772,6.29,0.025,1.487,3.37,9.2,2.46,10.12,False,NORMAL,NORMAL,0.821
2026-09-02 18:40:00,24.491044270876692,24.49,-0.001,1.422,21.71,27.28,20.83,28.15,1001.1545389403506,1001.15,-0.0,1.421,998.37,1003.94,997.49,1004.81,48.00656317840214,48.01,-0.002,1.966,44.15,51.86,42.94,53.07,4.207281933999975,4.18,0.025,1.487,1.27,7.1,0.35,8.01,False,NORMAL,NORMAL,0.828
2026-09-02 18:45:00,24.040278915897076,24.04,-0.001,1.422,21.25,26.83,20.38,27.7,1000.6731825134913,1000.67,-0.0,1.421,997.89,1003.46,997.01,1004.33,50.41466808156229,50.42,-0.002,1.966,46.56,54.27,45.35,55.48,8.585242438032257,8.56,0.025,1.487,5.65,11.47,4.73,12.39,False,NORMAL,NORMAL,0.691
2026-09-02 18:50:00,23.988059373072296,23.99,-0.001,1.422,21.2,26.78,20.33,27.65,1000.9130654575998,1000.91,-0.0,1.421,998.13,1003.7,997.25,1004.57,49.18916056186297,49.19,-0.002,1.966,45.34,53.04,44.13,54.26,7.323841046908434,7.3,0.025,1.487,4.38,10.21,3.47,11.13,False,NORMAL,NORMAL,0.766
2026-09-02 18:55:00,24.335250223823166,24.34,-0.001,1.422,21.55,27.12,20.67,28.0,1000.7046753503298,1000.7,-0.0,1.421,997.92,1003.49,997.04,1004.37,49.0996105622709,49.1,-0.002,1.966,45.25,52.95,44.04,54.17,5.938535927880472,5.91,0.025,1.487,3.0,8.83,2.08,9.74,False,NORMAL,NORMAL,0.799
2026-09-02 19:00:00,24.046728955110645,24.05,-0.001,1.422,21.26,26.83,20.38,27.71,1000.9309348584687,1000.93,-0.0,1.421,998.15,1003.72,997.27,1004.59,49.70859174869064,49.71,-0.002,1.966,45.86,53.56,44.65,54.77,4.08446273931791,4.06,0.025,1.487,1.15,6.97,0.23,7.89,False,NORMAL,NORMAL,0.798
2026-09-02 19:05:00,23.267631568646358,23.27,-0.001,1.422,20.48,26.06,19.61,26.93,1000.7160966889396,1000.72,-0.0,1.421,997.93,1003.5,997.06,1004.38,51.86985486763016,51.87,-0.002,1.966,48.02,55.73,46.81,56.94,2.923662007333875,2.9,0.025,1.487,0.0,5.81,0.0,6.73,False,NORMAL,NORMAL,0.802
2026-09-02 19:10:00,23.50978260543354,23.51,-0.001,1.422,20.72,26.3,19.85,27.17,1000.7998515289977,1000.8,-0.0,1.421,998.02,1003.58,997.14,1004.46,53.209930133149214,53.21,-0.002,1.966,49.36,57.07,48.15,58.28,7.31143794735241,7.29,0.025,1.487,4.37,10.2,3.46,11.12,False,NORMAL,NORMAL,0.8
2026-09-02 19:15:00,23.58118660011889,23.58,-0.001,1.422,20.8,26.37,19.92,27.24,1000.8289603719478,1000.83,-0.0,1.421,998.04,1003.61,997.17,1004.49,51.64582788855588,51.65,-0.002,1.966,47.79,55.5,46.58,56.71,4.839941541618406,4.81,0.025,1.487,1.9,7.73,0.98,8.64,False,NORMAL,NORMAL,0.84
2026-09-02 19:20:00,22.422719769099448,22.42,-0.001,1.422,19.64,25.21,18.76,26.09,1001.0325157671801,1001.03,-0.0,1.421,998.25,1003.82,997.37,1004.69,55.714632444903565,55.72,-0.002,1.966,51.86,59.57,50.65,60.78,2.9677707795997423,2.94,0.025,1.487,0.03,5.86,0.0,6.77,False,NORMAL,NORMAL,0.749
2026-09-02 19:25:00,23.117026518123495,23.12,-0.001,1.422,20.33,25.9,19.46,26.78,1001.0389211278999,1001.04,-0.0,1.421,998.25,1003.82,997.38,1004.7,52.12468061314126,52.13,-0.002,1.966,48.27,55.98,47.06,57.19,2.7187937338417134,2.69,0.025,1.487,0.0,5.61,0.0,6.52,False,NORMAL,NORMAL,0.779
2026-09-02 19:30:00,22.44326660587215,22.44,-0.001,1.422,19.66,25.23,18.78,26.11,1000.7313302273227,1000.73,-0.0,1.421,997.95,1003.52,997.07,1004.39,54.570048135395574,54.57,-0.002,1.967,50.72,58.43,49.51,59.64,2.460758997354203,2.44,0.025,1.487,0.0,5.35,0.0,6.27,False,NORMAL,NORMAL,0.765
2026-09-02 19:35:00,22.744705308830206,22.75,-0.001,1.422,19.96,25.53,19.08,26.41,1000.9454196459889,1000.95,-0.0,1.421,998.16,1003.73,997.29,1004.61,52.81566107793378,52.82,-0.002,1.967,48.96,56.67,47.75,57.88,7.032492851926301,7.01,0.025,1.487,4.09,9.92,3.18,10.84,False,NORMAL,NORMAL,0.758
2026-09-02 19:40:00,22.0189111654218,22.02,-0.001,1.422,19.23,24.81,18.36,25.68,1000.8516196375326,1000.85,-0.0,1.421,998.07,1003.64,997.19,1004.51,56.259575285888246,56.26,-0.002,1.967,52.41,60.12,51.2,61.33,2.902511311641699,2.88,0.025,1.487,0.0,5.79,0.0,6.71,False,NORMAL,NORMAL,0.797
2026-09-02 19:45:00,21.409693616915185,21.41,-0.001,1.422,18.62,24.2,17.75,25.07,1000.7919689763926,1000.79,-0.0,1.421,998.01,1003.58,997.13,1004.45,58.67749454282824,58.68,-0.002,1.967,54.82,62.53,53.61,63.75,4.880914375434574,4.86,0.025,1.487,1.94,7.77,1.03,8.69,False,NORMAL,NORMAL,0.838
2026-09-02 19:50:00,21.287827298839204,21.29,-0.001,1.422,18.5,24.08,17.63,24.95,1000.972614078322,1000.97,-0.0,1.421,998.19,1003.76,997.31,1004.63,58.4678428821571,58.47,-0.002,1.967,54.61,62.32,53.4,63.54,4.336970431522635,4.31,0.025,1.487,1.4,7.23,0.48,8.14,False,NORMAL,NORMAL,0.839
2026-09-02 19:55:00,21.765125920242898,21.77,-0.001,1.422,18.98,24.55,18.1,25.43,1000.9849701237029,1000.99,-0.0,1.421,998.2,1003.77,997.32,1004.65,58.69817965227688,58.7,-0.002,1.967,54.84,62.55,53.63,63.77,5.164625721655105,5.14,0.025,1.487,2.22,8.05,1.31,8.97,False,NORMAL,NORMAL,0.848
2026-09-02 20:00:00,21.65676220216007,21.66,-0.001,1.422,18.87,24.44,17.99,25.32,1001.422897557483,1001.42,-0.0,1.421,998.64,1004.21,997.76,1005.08,56.323566343831125,56.33,-0.002,1.967,52.47,60.18,51.26,61.39,7.964241323793903,7.94,0.025,1.487,5.02,10.85,4.11,11.77,False,NORMAL,NORMAL,0.743
2026-09-02 20:05:00,20.998145184048695,21.0,-0.001,1.422,18.21,23.79,17.34,24.66,1001.1529685441026,1001.15,-0.0,1.421,998.37,1003.94,997.49,1004.81,61.84968151840221,61.85,-0.002,1.967,58.0,65.71,56.78,66.92,7.8228514353545595,7.8,0.025,1.487,4.88,10.71,3.97,11.63,False,NORMAL,NORMAL,0.695
2026-09-02 20:10:00,21.42240860268984,21.42,-0.001,1.422,18.64,24.21,17.76,25.09,1000.911916496519,1000.91,-0.0,1.421,998.13,1003.7,997.25,1004.57,57.913932959262006,57.92,-0.002,1.967,54.06,61.77,52.85,62.98,4.2595552814091455,4.23,0.025,1.487,1.32,7.15,0.4,8.07,False,NORMAL,NORMAL,0.795
2026-09-02 20:15:00,20.309648271337064,20.31,-0.001,1.422,17.52,23.1,16.65,23.97,1001.0656887422017,1001.07,-0.0,1.421,998.28,1003.85,997.41,1004.73,62.43750921376942,62.44,-0.002,1.967,58.58,66.29,57.37,67.51,0.6844248951848656,0.66,0.025,1.487,0.0,3.57,0.0,4.49,False,NORMAL,NORMAL,0.638
2026-09-02 20:20:00,20.755377605559023,20.76,-0.001,1.422,17.97,23.54,17.09,24.42,1001.3366784845645,1001.34,-0.0,1.421,998.55,1004.12,997.68,1005.0,62.244907800383075,62.25,-0.002,1.967,58.39,66.1,57.18,67.31,4.100726242123181,4.08,0.025,1.487,1.16,6.99,0.24,7.91,False,NORMAL,NORMAL,0.792
2026-09-02 20:25:00,20.10530836604214,20.11,-0.001,1.422,17.32,22.89,16.44,23.77,1001.5309315618981,1001.53,-0.0,1.421,998.75,1004.32,997.87,1005.19,63.436188681865545,63.44,-0.002,1.967,59.58,67.29,58.37,68.51,5.309410983213146,5.28,0.025,1.487,2.37,8.2,1.45,9.12,False,NORMAL,NORMAL,0.822
2026-09-02 20:30:00,20.13732119762998,20.14,-0.001,1.422,17.35,22.93,16.47,23.8,1001.0149958977133,1001.02,-0.0,1.421,998.23,1003.8,997.35,1004.68,64.92321420575604,64.92,-0.002,1.967,61.07,68.78,59.86,69.99,4.968035618556215,4.94,0.025,1.487,2.03,7.86,1.11,8.77,False,NORMAL,NORMAL,0.743
2026-09-02 20:35:00,20.225874561572027,20.23,-0.001,1.422,17.44,23.01,16.56,23.89,1001.0070718449246,1001.01,-0.0,1.421,998.22,1003.79,997.35,1004.67,61.42272910886544,61.42,-0.002,1.967,57.57,65.28,56.36,66.49,5.645601647225506,5.62,0.025,1.487,2.71,8.54,1.79,9.45,False,NORMAL,NORMAL,0.818
2026-09-02 20:40:00,19.672210802952783,19.67,-0.001,1.422,16.89,22.46,16.01,23.34,1001.6067148776663,1001.61,-0.0,1.421,998.82,1004.39,997.95,1005.27,68.72243394103107,68.72,-0.002,1.967,64.87,72.58,63.66,73.79,2.24979879335831,2.22,0.025,1.487,0.0,5.14,0.0,6.06,False,NORMAL,NORMAL,0.6
2026-09-02 20:45:00,19.672699260810006,19.67,-0.001,1.422,16.89,22.46,16.01,23.34,1001.4222669966186,1001.42,-0.0,1.421,998.64,1004.21,997.76,1005.08,66.17657196659913,66.18,-0.002,1.967,62.32,70.03,61.11,71.25,5.608843500165386,5.58,0.025,1.487,2.67,8.5,1.75,9.42,False,NORMAL,NORMAL,0.798
2026-09-02 20:50:00,20.03995055914447,20.04,-0.001,1.422,17.25,22.83,16.38,23.7,1001.27198281291,1001.27,-0.0,1.421,998.49,1004.06,997.61,1004.93,64.66503009705008,64.67,-0.002,1.968,60.81,68.52,59.6,69.73,2.4700441813640857,2.44,0.025,1.487,0.0,5.36,0.0,6.28,False,NORMAL,NORMAL,0.84
2026-09-02 20:55:00,19.218437271767048,19.22,-0.001,1.422,16.43,22.01,15.56,22.88,1001.5213713584144,1001.52,-0.0,1.421,998.74,1004.31,997.86,1005.18,67.65095830580258,67.65,-0.002,1.968,63.8,71.51,62.58,72.72,6.480653718851585,6.46,0.025,1.487,3.54,9.37,2.62,10.29,False,NORMAL,NORMAL,0.796
2026-09-02 21:00:00,19.596161682136948,19.6,-0.001,1.422,16.81,22.38,15.93,23.26,1001.0852144743087,1001.09,-0.0,1.421,998.3,1003.87,997.42,1004.75,67.30629993056048,67.31,-0.002,1.968,63.45,71.16,62.24,72.38,3.539428390611621,3.51,0.025,1.487,0.6,6.43,0.0,7.35,False,NORMAL,NORMAL,0.753
2026-09-02 21:05:00,18.62370432154195,18.62,-0.001,1.422,15.84,21.41,14.96,22.29,1001.5208327143405,1001.52,-0.0,1.421,998.74,1004.31,997.86,1005.18,70.27380410382784,70.28,-0.002,1.968,66.42,74.13,65.21,75.34,6.118397981089505,6.09,0.025,1.487,3.18,9.01,2.26,9.92,False,NORMAL,NORMAL,0.669
2026-09-02 21:10:00,19.10230307372878,19.1,-0.001,1.422,16.32,21.89,15.44,22.77,1001.6095001672402,1001.61,-0.0,1.421,998.82,1004.39,997.95,1005.27,67.8344002438624,67.84,-0.002,1.968,63.98,71.69,62.77,72.9,1.2180864358520287,1.19,0.025,1.488,0.0,4.11,0.0,5.02,False,NORMAL,NORMAL,0.771
2026-09-02 21:15:00,19.282975499610952,19.28,-0.001,1.422,16.5,22.07,15.62,22.95,1001.7391198804698,1001.74,-0.0,1.421,998.95,1004.52,998.08,1005.4,67.38129233836327,67.38,-0.002,1.968,63.53,71.24,62.31,72.45,3.9813778922418543,3.96,0.025,1.488,1.04,6.87,0.12,7.79,False,NORMAL,NORMAL,0.859
2026-09-02 21:20:00,17.534908860272857,17.54,-0.001,1.422,14.75,20.32,13.87,21.2,1001.4886003842099,1001.49,-0.0,1.421,998.7,1004.27,997.83,1005.15,75.27389575393136,75.28,-0.002,1.968,71.42,79.13,70.21,80.34,6.077181325407273,6.05,0.025,1.488,3.14,8.97,2.22,9.88,False,NORMAL,NORMAL,0.62
2026-09-02 21:25:00,18.023358194264503,18.02,-0.001,1.422,15.24,20.81,14.36,21.69,1001.6936981592053,1001.69,-0.0,1.421,998.91,1004.48,998.03,1005.35,76.43411912648077,76.44,-0.002,1.968,72.58,80.29,71.37,81.51,2.789908471149241,2.76,0.025,1.488,0.0,5.68,0.0,6.6,False,NORMAL,NORMAL,0.777
2026-09-02 21:30:00,18.392904256643934,18.39,-0.001,1.422,15.61,21.18,14.73,22.06,1001.5820491751956,1001.58,-0.0,1.421,998.8,1004.37,997.92,1005.24,70.74355067584254,70.75,-0.002,1.968,66.89,74.6,65.68,75.81,6.926826951249797,6.9,0.025,1.488,3.99,9.82,3.07,10.73,False,NORMAL,NORMAL,0.794
2026-09-02 21:35:00,17.902303621947325,17.9,-0.001,1.422,15.12,20.69,14.24,21.57,1001.7989492091388,1001.8,-0.0,1.421,999.01,1004.58,998.14,1005.46,76.72301228305334,76.72,-0.002,1.968,72.87,80.58,71.65,81.79,5.489986064125025,5.46,0.025,1.488,2.55,8.38,1.63,9.3,False,NORMAL,NORMAL,0.761
2026-09-02 21:40:00,17.954990850993916,17.96,-0.001,1.422,15.17,20.74,14.29,21.62,1001.6657840980232,1001.67,-0.0,1.421,998.88,1004.45,998.01,1005.33,74.74047132525851,74.74,-0.002,1.968,70.88,78.6,69.67,79.81,5.176048904462913,5.15,0.025,1.488,2.24,8.07,1.32,8.98,False,NORMAL,NORMAL,0.841
2026-09-02 21:45:00,17.389589869287114,17.39,-0.001,1.422,14.6,20.18,13.73,21.05,1001.7778868733867,1001.78,-0.0,1.421,998.99,1004.56,998.12,1005.44,75.71956857222209,75.72,-0.002,1.968,71.86,79.58,70.65,80.79,3.6327391783501,3.61,0.025,1.488,0.69,6.52,0.0,7.44,False,NORMAL,NORMAL,0.844
2026-09-02 21:50:00,17.49218761360341,17.49,-0.001,1.422,14.71,20.28,13.83,21.16,1001.7282246002926,1001.73,-0.0,1.421,998.94,1004.51,998.07,1005.39,76.21555333886877,76.22,-0.002,1.968,72.36,80.07,71.15,81.29,4.463655724990684,4.44,0.025,1.488,1.52,7.35,0.61,8.27,False,NORMAL,NORMAL,0.85
2026-09-02 21:55:00,17.22343966390918,17.22,-0.001,1.422,14.44,20.01,13.56,20.89,1002.0131502719698,1002.01,-0.0,1.421,999.23,1004.8,998.35,1005.67,80.61830006470024,80.62,-0.002,1.968,76.76,84.48,75.55,85.69,5.245759887929911,5.22,0.025,1.488,2.3,8.14,1.39,9.05,False,NORMAL,NORMAL,0.79
2026-09-02 22:00:00,17.582847301431208,17.58,-0.001,1.422,14.8,20.37,13.92,21.25,1002.0814293310128,1002.08,-0.0,1.421,999.3,1004.87,998.42,1005.74,75.95012395249073,75.95,-0.002,1.968,72.09,79.81,70.88,81.02,4.398399876775992,4.37,0.025,1.488,1.46,7.29,0.54,8.21,False,NORMAL,NORMAL,0.824
2026-09-02 22:05:00,17.0494648735235,17.05,-0.001,1.422,14.26,19.84,13.39,20.71,1001.9538621904402,1001.95,-0.0,1.421,999.17,1004.74,998.29,1005.61,81.52948489030143,81.53,-0.002,1.968,77.67,85.39,76.46,86.6,6.020845494970313,6.0,0.025,1.488,3.08,8.91,2.16,9.83,False,NORMAL,NORMAL,0.786
2026-09-02 22:10:00,16.916709975255486,16.92,-0.001,1.422,14.13,19.71,13.25,20.58,1002.0303114187566,1002.03,-0.0,1.421,999.25,1004.82,998.37,1005.69,82.48384279343065,82.49,-0.002,1.969,78.63,86.34,77.41,87.56,4.147400773835351,4.12,0.025,1.488,1.21,7.04,0.29,7.95,False,NORMAL,NORMAL,0.854
2026-09-02 22:15:00,16.452972045557264,16.45,-0.001,1.422,13.67,19.24,12.79,20.12,1001.8418516543821,1001.84,-0.0,1.421,999.06,1004.63,998.18,1005.5,84.63961603260891,84.64,-0.002,1.969,80.78,88.5,79.57,89.71,2.614606942322174,2.59,0.025,1.488,0.0,5.51,0.0,6.42,False,NORMAL,NORMAL,0.834
2026-09-02 22:20:00,16.260886068807583,16.26,-0.001,1.422,13.47,19.05,12.6,19.93,1002.047717575755,1002.05,-0.0,1.421,999.26,1004.83,998.39,1005.71,83.28419548951567,83.29,-0.002,1.969,79.43,87.14,78.21,88.36,2.698445087473846,2.67,0.025,1.488,0.0,5.59,0.0,6.51,False,NORMAL,NORMAL,0.828
2026-09-02 22:25:00,16.12333206386207,16.12,-0.001,1.422,13.34,18.91,12.46,19.79,1002.1175536384093,1002.12,-0.0,1.421,999.33,1004.9,998.46,1005.78,82.29938799754736,82.3,-0.002,1.969,78.44,86.16,77.23,87.37,0.4196134575948881,0.39,0.025,1.488,0.0,3.31,0.0,4.23,False,NORMAL,NORMAL,0.814
2026-09-02 22:30:00,16.296852239016054,16.3,-0.001,1.422,13.51,19.09,12.63,19.96,1002.549430381012,1002.55,-0.0,1.421,999.76,1005.33,998.89,1006.21,82.69947612047667,82.7,-0.002,1.969,78.84,86.56,77.63,87.77,3.291022999904794,3.27,0.025,1.488,0.35,6.18,0.0,7.1,False,NORMAL,NORMAL,0.787
2026-09-02 22:35:00,15.815750030693533,15.82,-0.001,1.422,13.03,18.6,12.15,19.48,1002.0194834820794,1002.02,-0.0,1.421,999.23,1004.8,998.36,1005.68,87.27933408051099,87.28,-0.002,1.969,83.42,91.14,82.21,92.35,6.465657090324835,6.44,0.025,1.488,3.52,9.36,2.61,10.27,False,NORMAL,NORMAL,0.61
2026-09-02 22:40:00,15.947548635289245,15.95,-0.001,1.422,13.16,18.74,12.28,19.61,1002.4345435404547,1002.43,-0.0,1.421,999.65,1005.22,998.77,1006.1,86.77304864936316,86.77,-0.002,1.969,82.92,90.63,81.7,91.85,6.914856863895559,6.89,0.025,1.488,3.97,9.81,3.06,10.72,False,NORMAL,NORMAL,0.729
2026-09-02 22:45:00,16.511781204901947,16.51,-0.001,1.422,13.72,19.3,12.85,20.18,1002.3916899526591,1002.39,-0.0,1.421,999.61,1005.18,998.73,1006.05,79.94748853835087,79.95,-0.002,1.969,76.09,83.81,74.88,85.02,2.616016160871863,2.59,0.025,1.488,0.0,5.51,0.0,6.42,False,NORMAL,NORMAL,0.701
2026-09-02 22:50:00,15.882604011579655,15.88,-0.001,1.422,13.1,18.67,12.22,19.55,1002.3100443261667,1002.31,-0.0,1.421,999.52,1005.1,998.65,1005.97,87.17236312267075,87.17,-0.002,1.969,83.31,91.03,82.1,92.25,9.831404818597084,9.81,0.025,1.488,6.89,12.72,5.97,13.64,False,NORMAL,NORMAL,0.633
2026-09-02 22:55:00,15.258891545960209,15.26,-0.001,1.422,12.47,18.05,11.6,18.92,1002.5560144364905,1002.56,-0.0,1.421,999.77,1005.34,998.9,1006.22,91.24112078867785,91.24,-0.002,1.969,87.38,95.1,86.17,96.32,4.594934344717883,4.57,0.025,1.488,1.65,7.49,0.74,8.4,False,NORMAL,NORMAL,0.756
2026-09-02 23:00:00,15.727608246274013,15.73,-0.001,1.422,12.94,18.52,12.06,19.39,1002.3707392265691,1002.37,-0.0,1.421,999.59,1005.16,998.71,1006.03,86.86945064687026,86.87,-0.002,1.969,83.01,90.73,81.8,91.94,8.676515700906297,8.65,0.025,1.488,5.73,11.57,4.82,12.48,False,NORMAL,NORMAL,0.713
2026-09-02 23:05:00,14.944449188060025,14.95,-0.001,1.422,12.16,17.73,11.28,18.61,1002.3943773008998,1002.39,-0.0,1.421,999.61,1005.18,998.73,1006.06,91.83670723807045,91.84,-0.002,1.969,87.98,95.7,86.77,96.91,6.091810291055797,6.07,0.025,1.488,3.15,8.98,2.23,9.9,False,NORMAL,NORMAL,0.744
2026-09-02 23:10:00,14.155779892584853,14.16,-0.001,1.422,11.37,16.94,10.49,17.82,1002.3474454992142,1002.35,-0.0,1.421,999.56,1005.13,998.69,1006.01,91.06791100574658,91.07,-0.002,1.969,87.21,94.93,86.0,96.14,6.2266569955657065,6.2,0.025,1.488,3.28,9.12,2.37,10.04,False,NORMAL,NORMAL,0.81
2026-09-02 23:15:00,14.43399671870595,14.43,-0.001,1.423,11.65,17.22,10.77,18.1,1002.5566452969143,1002.56,-0.0,1.421,999.77,1005.34,998.9,1006.22,90.70249203531401,90.7,-0.002,1.969,86.84,94.56,85.63,95.78,1.6396909386063903,1.61,0.025,1.488,0.0,4.53,0.0,5.45,False,NORMAL,NORMAL,0.785
2026-09-02 23:20:00,13.958023297813753,13.96,-0.001,1.423,11.17,16.75,10.29,17.62,1002.5535228710323,1002.55,-0.0,1.421,999.77,1005.34,998.89,1006.21,91.21527260061815,91.22,-0.002,1.969,87.36,95.08,86.14,96.29,2.74146165459206,2.72,0.025,1.488,0.0,5.63,0.0,6.55,False,NORMAL,NORMAL,0.82
2026-09-02 23:25:00,14.437805537983804,14.44,-0.001,1.423,11.65,17.23,10.77,18.1,1002.309353537166,1002.31,-0.0,1.421,999.52,1005.09,998.65,1005.97,91.88631514038649,91.89,-0.002,1.97,88.03,95.75,86.81,96.96,0.5175238075754448,0.49,0.025,1.488,0.0,3.41,0.0,4.33,False,NORMAL,NORMAL,0.739
2026-09-02 23:30:00,14.460864556386719,14.46,-0.001,1.423,11.67,17.25,10.8,18.13,1002.2176488626407,1002.22,-0.0,1.421,999.43,1005.0,998.56,1005.88,89.98583800982931,89.99,-0.002,1.97,86.13,93.85,84.91,95.06,6.171849402686826,6.15,0.025,1.488,3.23,9.06,2.31,9.98,False,NORMAL,NORMAL,0.806
2026-09-02 23:35:00,15.00222576088683,15.0,-0.001,1.423,12.21,17.79,11.34,18.67,1002.3955700056356,1002.4,-0.0,1.421,999.61,1005.18,998.73,1006.06,90.62970614748646,90.63,-0.002,1.97,86.77,94.49,85.56,95.71,3.573996472726241,3.55,0.025,1.488,0.63,6.47,0.0,7.38,False,NORMAL,NORMAL,0.827
2026-09-02 23:40:00,14.343693285801896,14.34,-0.001,1.423,11.56,17.13,10.68,18.01,1002.3146191939961,1002.31,-0.0,1.421,999.53,1005.1,998.65,1005.98,89.50791495149991,89.51,-0.002,1.97,85.65,93.37,84.44,94.58,6.836022245705252,6.81,0.025,1.488,3.89,9.73,2.98,10.64,False,NORMAL,NORMAL,0.793
2026-09-02 23:45:00,14.009720541772111,14.01,-0.001,1.423,11.22,16.8,10.35,17.68,1002.4318114925416,1002.43,-0.0,1.421,999.65,1005.22,998.77,1006.09,90.77040573909696,90.77,-0.002,1.97,86.91,94.63,85.7,95.85,3.538449497179586,3.51,0.025,1.488,0.6,6.43,0.0,7.35,False,NORMAL,NORMAL,0.829
2026-09-02 23:50:00,14.316775880748215,14.32,-0.001,1.423,11.53,17.11,10.65,17.98,1002.6317632979108,1002.63,-0.0,1.421,999.85,1005.42,998.97,1006.29,90.87797317366729,90.88,-0.002,1.97,87.02,94.74,85.81,95.95,7.1945043281398435,7.17,0.025,1.488,4.25,10.09,3.34,11.0,False,NORMAL,NORMAL,0.799
2026-09-02 23:55:00,12.991472950256485,12.99,-0.001,1.423,10.2,15.78,9.33,16.66,1002.3804411039622,1002.38,-0.0,1.421,999.6,1005.17,998.72,1006.04,90.58369782865049,90.59,-0.002,1.97,86.72,94.45,85.51,95.66,2.058389090510974,2.03,0.025,1.488,0.0,4.95,0.0,5.87,False,NORMAL,NORMAL,0.514
2026-09-03 00:00:00,13.864391375615241,13.87,-0.001,1.423,11.08,16.65,10.2,17.53,1002.4435764928033,1002.44,-0.0,1.421,999.66,1005.23,998.78,1006.1,90.33675628564937,90.34,-0.002,1.97,86.48,94.2,85.26,95.41,2.3999286594073355,2.37,0.025,1.489,0.0,5.29,0.0,6.21,False,NORMAL,NORMAL,0.755
2026-09-03 00:05:00,13.976058132480787,13.98,-0.001,1.423,11.19,16.77,10.31,17.64,1002.4577397624465,1002.46,-0.0,1.421,999.67,1005.24,998.8,1006.12,89.64699466796176,89.65,-0.002,1.97,85.79,93.51,84.57,94.72,3.5509919194852513,3.53,0.025,1.489,0.61,6.44,0.0,7.36,False,NORMAL,NORMAL,0.822
2026-09-03 00:10:00,12.977233482952512,12.98,-0.001,1.423,10.19,15.77,9.31,16.64,1002.573412210039,1002.57,-0.0,1.421,999.79,1005.36,998.91,1006.23,90.78905001938644,90.79,-0.002,1.97,86.93,94.65,85.72,95.87,3.9854029062825354,3.96,0.025,1.489,1.04,6.88,0.13,7.79,False,NORMAL,NORMAL,0.698
2026-09-03 00:15:00,13.930554757621431,13.93,-0.001,1.423,11.14,16.72,10.27,17.6,1002.1043067786362,1002.1,-0.0,1.421,999.32,1004.89,998.44,1005.77,91.39632085518775,91.4,-0.002,1.97,87.54,95.26,86.32,96.47,3.601509986483173,3.58,0.025,1.489,0.66,6.49,0.0,7.41,False,NORMAL,NORMAL,0.595
2026-09-03 00:20:00,13.516304294645076,13.52,-0.001,1.423,10.73,16.31,9.85,17.18,1002.343619934441,1002.34,-0.0,1.421,999.56,1005.13,998.68,1006.0,90.3443608720385,90.35,-0.002,1.97,86.48,94.21,85.27,95.42,6.60556403596499,6.58,0.025,1.489,3.66,9.5,2.75,10.42,False,NORMAL,NORMAL,0.735
2026-09-03 00:25:00,13.126147161779,13.13,-0.001,1.423,10.34,15.92,9.46,16.79,1002.4577096550869,1002.46,-0.0,1.421,999.67,1005.24,998.8,1006.12,90.83271839777636,90.83,-0.002,1.97,86.97,94.7,85.76,95.91,1.7563774287091078,1.73,0.025,1.489,0.0,4.65,0.0,5.57,False,NORMAL,NORMAL,0.798
2026-09-03 00:30:00,13.460270601533033,13.46,-0.001,1.423,10.67,16.25,9.8,17.13,1002.5955477852946,1002.6,-0.0,1.421,999.81,1005.38,998.93,1006.26,89.85190129373716,89.85,-0.002,1.97,85.99,93.72,84.78,94.93,3.617716755448989,3.59,0.025,1.489,0.67,6.51,0.0,7.43,False,NORMAL,NORMAL,0.816
2026-09-03 00:35:00,14.03390272488389,14.03,-0.001,1.423,11.25,16.82,10.37,17.7,1002.3294197631645,1002.33,-0.0,1.421,999.54,1005.12,998.67,1005.99,90.9043583835059,90.91,-0.002,1.97,87.04,94.77,85.83,95.98,7.410683249496404,7.39,0.025,1.489,4.47,10.3,3.55,11.22,False,NORMAL,NORMAL,0.76
2026-09-03 00:40:00,13.120443599872177,13.12,-0.001,1.423,10.33,15.91,9.46,16.79,1002.1075695800545,1002.11,-0.0,1.421,999.32,1004.89,998.45,1005.77,90.41559906393535,90.42,-0.002,1.97,86.56,94.28,85.34,95.49,1.4461194135851156,1.42,0.025,1.489,0.0,4.34,0.0,5.26,False,NORMAL,NORMAL,0.589
2026-09-03 00:45:00,13.072690537243568,13.07,-0.001,1.423,10.28,15.86,9.41,16.74,1002.4660666814465,1002.47,-0.0,1.421,999.68,1005.25,998.81,1006.13,90.22774616097388,90.23,-0.002,1.971,86.37,94.09,85.15,95.31,9.290365212162726,9.27,0.025,1.489,6.35,12.18,5.43,13.1,False,NORMAL,NORMAL,0.544
2026-09-03 00:50:00,12.719025030870219,12.72,-0.001,1.423,9.93,15.51,9.05,16.38,1002.260109238843,1002.26,-0.0,1.421,999.47,1005.05,998.6,1005.92,90.20401888880431,90.21,-0.002,1.971,86.34,94.07,85.13,95.28,11.39388363781177,11.37,0.025,1.489,8.45,14.29,7.53,15.2,False,NORMAL,NORMAL,0.604
2026-09-03 00:55:00,12.495887090038428,12.5,-0.001,1.423,9.71,15.29,8.83,16.16,1002.1575534226861,1002.16,-0.0,1.421,999.37,1004.94,998.5,1005.82,90.37172715100455,90.37,-0.002,1.971,86.51,94.24,85.3,95.45,1.6749146366806267,1.65,0.025,1.489,0.0,4.57,0.0,5.49,False,NORMAL,NORMAL,0.64
2026-09-03 01:00:00,13.104727716305153,13.11,-0.001,1.423,10.32,15.89,9.44,16.77,1002.2212715972211,1002.22,-0.0,1.421,999.44,1005.01,998.56,1005.88,90.80240946508286,90.8,-0.002,1.971,86.94,94.67,85.73,95.88,3.227165491079807,3.2,0.025,1.489,0.28,6.12,0.0,7.04,False,NORMAL,NORMAL,0.811
2026-09-03 01:05:00,12.37066451942397,12.37,-0.001,1.423,9.58,15.16,8.71,16.04,1002.2645425602128,1002.26,-0.0,1.421,999.48,1005.05,998.6,1005.93,89.90364193744784,89.91,-0.002,1.971,86.04,93.77,84.83,94.98,3.7539396519936497,3.73,0.025,1.489,0.81,6.65,0.0,7.56,False,NORMAL,NORMAL,0.715
2026-09-03 01:10:00,12.68598656381323,12.69,-0.001,1.423,9.9,15.48,9.02,16.35,1002.1772371658125,1002.18,-0.0,1.421,999.39,1004.96,998.52,1005.84,90.38332564604976,90.38,-0.002,1.971,86.52,94.25,85.31,95.46,6.73128535909787,6.71,0.025,1.489,3.79,9.62,2.87,10.54,False,NORMAL,NORMAL,0.726
2026-09-03 01:15:00,12.41433595664559,12.42,-0.001,1.423,9.63,15.2,8.75,16.08,1001.9113262280745,1001.91,-0.0,1.421,999.13,1004.7,998.25,1005.57,90.54206130888957,90.54,-0.002,1.971,86.68,94.41,85.47,95.62,5.235581877295262,5.21,0.025,1.489,2.29,8.13,1.37,9.05,False,NORMAL,NORMAL,0.724
2026-09-03 01:20:00,12.748824296062399,12.75,-0.001,1.423,9.96,15.54,9.08,16.41,1002.3494768841749,1002.35,-0.0,1.421,999.56,1005.14,998.69,1006.01,90.03677056907779,90.04,-0.002,1.971,86.18,93.9,84.96,95.12,5.592319091553732,5.57,0.025,1.489,2.65,8.49,1.73,9.4,False,NORMAL,NORMAL,0.68
2026-09-03 01:25:00,12.646341139262592,12.65,-0.001,1.423,9.86,15.44,8.98,16.31,1002.3775097921374,1002.38,-0.0,1.421,999.59,1005.16,998.72,1006.04,91.47743397829805,91.48,-0.002,1.971,87.62,95.34,86.4,96.56,6.546603760406269,6.52,0.025,1.489,3.6,9.44,2.69,10.36,False,NORMAL,NORMAL,0.697
2026-09-03 01:30:00,12.887360857166666,12.89,-0.001,1.423,10.1,15.68,9.22,16.55,1002.2540397160584,1002.25,-0.0,1.421,999.47,1005.04,998.59,1005.92,90.1692474194033,90.17,-0.002,1.971,86.31,94.03,85.09,95.25,1.9487347808707063,1.92,0.025,1.489,0.0,4.84,0.0,5.76,False,NORMAL,NORMAL,0.702
2026-09-03 01:35:00,12.231643909639075,12.23,-0.001,1.423,9.44,15.02,8.57,15.9,1001.9544314804019,1001.95,-0.0,1.421,999.17,1004.74,998.29,1005.62,90.21521078452204,90.22,-0.002,1.971,86.35,94.08,85.14,95.29,7.36058752578735,7.34,0.025,1.489,4.42,10.25,3.5,11.17,False,NORMAL,NORMAL,0.58
2026-09-03 01:40:00,12.294853649551408,12.3,-0.001,1.423,9.51,15.08,8.63,15.96,1002.062445342864,1002.06,-0.0,1.421,999.28,1004.85,998.4,1005.72,90.06523038088575,90.07,-0.002,1.971,86.2,93.93,84.99,95.14,6.082122632084851,6.06,0.025,1.489,3.14,8.98,2.22,9.89,False,NORMAL,NORMAL,0.675
2026-09-03 01:45:00,11.982307610124636,11.98,-0.001,1.423,9.19,14.77,8.32,15.65,1002.0581621692927,1002.06,-0.0,1.421,999.27,1004.84,998.4,1005.72,91.43156548879291,91.43,-0.002,1.971,87.57,95.3,86.36,96.51,5.104021595205655,5.08,0.025,1.489,2.16,8.0,1.24,8.91,False,NORMAL,NORMAL,0.632
2026-09-03 01:50:00,12.170968529210874,12.17,-0.001,1.423,9.38,14.96,8.51,15.84,1002.1143948779468,1002.11,-0.0,1.421,999.33,1004.9,998.45,1005.78,90.82210245511712,90.82,-0.002,1.971,86.96,94.69,85.75,95.9,8.166845817617139,8.14,0.025,1.489,5.22,11.06,4.31,11.98,False,NORMAL,NORMAL,0.65
2026-09-03 01:55:00,12.478347166255618,12.48,-0.001,1.423,9.69,15.27,8.81,16.14,1002.0893063492416,1002.09,-0.0,1.421,999.3,1004.88,998.43,1005.75,90.09900373509245,90.1,-0.002,1.971,86.24,93.96,85.02,95.18,6.037473295788343,6.01,0.025,1.489,3.09,8.93,2.18,9.85,False,NORMAL,NORMAL,0.76
2026-09-03 02:00:00,12.612835272467276,12.61,-0.001,1.423,9.82,15.4,8.95,16.28,1001.8425355936974,1001.84,-0.0,1.421,999.06,1004.63,998.18,1005.5,91.12986509392039,91.13,-0.002,1.971,87.27,95.0,86.05,96.21,2.610448363207122,2.59,0.025,1.489,0.0,5.5,0.0,6.42,False,NORMAL,NORMAL,0.699
2026-09-03 02:05:00,11.927659781575002,11.93,-0.001,1.423,9.14,14.72,8.26,15.59,1001.9277791691583,1001.93,-0.0,1.421,999.14,1004.71,998.27,1005.59,90.62881006111971,90.63,-0.002,1.972,86.77,94.49,85.55,95.71,4.121964048886885,4.1,0.025,1.489,1.18,7.02,0.26,7.93,False,NORMAL,NORMAL,0.652
2026-09-03 02:10:00,12.634727286334261,12.64,-0.001,1.423,9.85,15.42,8.97,16.3,1001.9461889702034,1001.95,-0.0,1.421,999.16,1004.73,998.29,1005.61,90.70691291039817,90.71,-0.002,1.972,86.84,94.57,85.63,95.79,4.539760538736291,4.51,0.025,1.489,1.6,7.43,0.68,8.35,False,NORMAL,NORMAL,0.725
2026-09-03 02:15:00,12.823369869073737,12.82,-0.001,1.423,10.04,15.61,9.16,16.49,1002.0574753475827,1002.06,-0.0,1.421,999.27,1004.84,998.4,1005.72,90.41927559121186,90.42,-0.002,1.972,86.56,94.29,85.34,95.5,1.3108090226039841,1.29,0.025,1.489,0.0,4.2,0.0,5.12,False,NORMAL,NORMAL,0.739
2026-09-03 02:20:00,12.444585359851146,12.45,-0.001,1.423,9.66,15.23,8.78,16.11,1001.9057620273514,1001.91,-0.0,1.421,999.12,1004.69,998.24,1005.57,90.19021733792937,90.19,-0.002,1.972,86.33,94.06,85.11,95.27,9.67291897407699,9.65,0.025,1.489,6.73,12.57,5.81,13.48,False,NORMAL,NORMAL,0.601
2026-09-03 02:25:00,13.031887516945057,13.03,-0.001,1.423,10.24,15.82,9.37,16.7,1001.879000148894,1001.88,-0.0,1.421,999.09,1004.66,998.22,1005.54,90.77498711788087,90.78,-0.002,1.972,86.91,94.64,85.7,95.86,2.0404041599985154,2.02,0.025,1.489,0.0,4.93,0.0,5.85,False,NORMAL,NORMAL,0.66
2026-09-03 02:30:00,11.977464872647584,11.98,-0.001,1.423,9.19,14.77,8.31,15.64,1001.733436863294,1001.73,-0.0,1.421,998.95,1004.52,998.07,1005.39,90.25943944235144,90.26,-0.002,1.972,86.4,94.13,85.18,95.34,6.013756356582638,5.99,0.025,1.489,3.07,8.91,2.15,9.83,False,NORMAL,NORMAL,0.519
2026-09-03 02:35:00,11.798774240904345,11.8,-0.001,1.423,9.01,14.59,8.13,15.47,1001.8924139567753,1001.89,-0.0,1.421,999.11,1004.68,998.23,1005.55,91.4277144510288,91.43,-0.002,1.972,87.56,95.29,86.35,96.51,4.620286631423615,4.6,0.025,1.489,1.68,7.51,0.76,8.43,False,NORMAL,NORMAL,0.595
2026-09-03 02:40:00,11.598636645364191,11.6,-0.001,1.423,8.81,14.39,7.93,15.27,1001.7021491964477,1001.7,-0.0,1.421,998.92,1004.49,998.04,1005.36,89.87049725026208,89.87,-0.002,1.972,86.01,93.74,84.79,94.95,0.8862764875162809,0.86,0.025,1.489,0.0,3.78,0.0,4.7,False,NORMAL,NORMAL,0.57
2026-09-03 02:45:00,12.925851194343668,12.93,-0.001,1.423,10.14,15.72,9.26,16.59,1001.4713161730131,1001.47,-0.0,1.421,998.69,1004.26,997.81,1005.13,91.366767314947,91.37,-0.002,1.972,87.5,95.23,86.29,96.45,8.846123525912098,8.82,0.025,1.49,5.9,11.74,4.98,12.66,False,NORMAL,NORMAL,0.423
2026-09-03 02:50:00,12.610293821206017,12.61,-0.001,1.423,9.82,15.4,8.95,16.28,1001.7708324868323,1001.77,-0.0,1.421,998.99,1004.56,998.11,1005.43,90.52091144863529,90.52,-0.002,1.972,86.66,94.39,85.44,95.6,7.600038771572514,7.57,0.025,1.49,4.66,10.49,3.74,11.41,False,NORMAL,NORMAL,0.627
2026-09-03 02:55:00,12.351216625148364,12.35,-0.001,1.423,9.56,15.14,8.69,16.02,1001.6250118792318,1001.63,-0.0,1.421,998.84,1004.41,997.96,1005.29,90.70789715926058,90.71,-0.002,1.972,86.84,94.57,85.63,95.79,4.740474972821707,4.72,0.025,1.49,1.8,7.63,0.88,8.55,False,NORMAL,NORMAL,0.713
2026-09-03 03:00:00,12.514111434639181,12.51,-0.001,1.423,9.73,15.3,8.85,16.18,1001.414120031992,1001.41,-0.0,1.421,998.63,1004.2,997.75,1005.08,90.98639289817314,90.99,-0.002,1.972,87.12,94.85,85.91,96.07,2.8044182187731552,2.78,0.025,1.49,0.0,5.7,0.0,6.62,False,NORMAL,NORMAL,0.723
2026-09-03 03:05:00,11.984352358296581,11.99,-0.001,1.423,9.2,14.77,8.32,15.65,1001.3692530503861,1001.37,-0.0,1.421,998.58,1004.16,997.71,1005.03,90.21734535861779,90.22,-0.002,1.972,86.35,94.08,85.14,95.3,1.9806054275236356,1.96,0.025,1.49,0.0,4.88,0.0,5.79,False,NORMAL,NORMAL,0.644
2026-09-03 03:10:00,13.449001458158497,13.45,-0.001,1.423,10.66,16.24,9.78,17.12,1001.4467130544626,1001.45,-0.0,1.421,998.66,1004.23,997.79,1005.11,91.06731368462557,91.07,-0.002,1.972,87.2,94.93,85.99,96.15,3.6960734576490504,3.67,0.025,1.49,0.75,6.59,0.0,7.51,False,NORMAL,NORMAL,0.65
2026-09-03 03:15:00,12.56224697503022,12.56,-0.001,1.423,9.77,15.35,8.9,16.23,1001.4333025893031,1001.43,-0.0,1.421,998.65,1004.22,997.77,1005.09,89.21942452321544,89.22,-0.002,1.972,85.36,93.09,84.14,94.3,2.9869917172210574,2.96,0.025,1.49,0.04,5.88,0.0,6.8,False,NORMAL,NORMAL,0.622
2026-09-03 03:20:00,12.597854122495074,12.6,-0.001,1.423,9.81,15.39,8.93,16.26,1001.3556639412052,1001.36,-0.0,1.421,998.57,1004.14,997.69,1005.02,90.21570261321486,90.22,-0.002,1.972,86.35,94.08,85.14,95.3,4.623337863537863,4.6,0.025,1.49,1.68,7.52,0.76,8.44,False,NORMAL,NORMAL,0.741
2026-09-03 03:25:00,12.89159342385028,12.89,-0.001,1.423,10.1,15.68,9.23,16.56,1001.3357568037119,1001.34,-0.0,1.421,998.55,1004.12,997.67,1005.0,90.13426003007893,90.14,-0.002,1.973,86.27,94.0,85.05,95.22,10.131809024017436,10.11,0.025,1.49,7.19,13.03,6.27,13.94,False,NORMAL,NORMAL,0.673
2026-09-03 03:30:00,12.844505198770028,12.85,-0.001,1.423,10.06,15.63,9.18,16.51,1001.5078870007354,1001.51,-0.0,1.421,998.72,1004.29,997.85,1005.17,89.96624153690333,89.97,-0.002,1.973,86.1,93.83,84.89,95.05,5.087296907255694,5.06,0.025,1.49,2.14,7.98,1.22,8.9,False,NORMAL,NORMAL,0.736
2026-09-03 03:35:00,12.796063612727337,12.8,-0.001,1.423,10.01,15.59,9.13,16.46,1001.3783966188029,1001.38,-0.0,1.421,998.59,1004.16,997.72,1005.04,90.48212370085017,90.48,-0.002,1.973,86.62,94.35,85.4,95.57,8.170135398688162,8.14,0.025,1.49,5.22,11.07,4.31,11.98,False,NORMAL,NORMAL,0.721
2026-09-03 03:40:00,12.448290408738098,12.45,-0.001,1.423,9.66,15.24,8.78,16.12,1001.2120663289398,1001.21,-0.0,1.421,998.43,1004.0,997.55,1004.87,90.75806092788258,90.76,-0.002,1.973,86.89,94.63,85.68,95.84,5.642089281244997,5.62,0.025,1.49,2.7,8.54,1.78,9.45,False,NORMAL,NORMAL,0.737
2026-09-03 03:45:00,13.014565676736881,13.02,-0.001,1.423,10.23,15.8,9.35,16.68,1001.2916014299425,1001.29,-0.0,1.421,998.51,1004.08,997.63,1004.95,90.95622333684474,90.96,-0.002,1.973,87.09,94.82,85.88,96.04,4.416560619881687,4.39,0.025,1.49,1.47,7.31,0.55,8.23,False,NORMAL,NORMAL,0.728
2026-09-03 03:50:00,13.64377884920633,13.64,-0.001,1.423,10.85,16.43,9.98,17.31,1000.963680536103,1000.96,-0.0,1.421,998.18,1003.75,997.3,1004.63,90.76916431782979,90.77,-0.002,1.973,86.9,94.64,85.69,95.85,7.63751540346101,7.61,0.025,1.49,4.69,10.53,3.77,11.45,False,NORMAL,NORMAL,0.748
2026-09-03 03:55:00,13.497583349954947,13.5,-0.001,1.423,10.71,16.29,9.83,17.16,1001.1477136277905,1001.15,-0.0,1.421,998.36,1003.93,997.49,1004.81,90.30572175648763,90.31,-0.002,1.973,86.44,94.17,85.22,95.39,4.391270229793771,4.37,0.025,1.49,1.45,7.29,0.53,8.2,False,NORMAL,NORMAL,0.803
2026-09-03 04:00:00,13.668553207067493,13.67,-0.001,1.423,10.88,16.46,10.0,17.34,1001.3302860369912,1001.33,-0.0,1.421,998.54,1004.12,997.67,1004.99,90.83495383576232,90.84,-0.002,1.973,86.97,94.7,85.75,95.92,7.835760230934041,7.81,0.025,1.49,4.89,10.73,3.97,11.65,False,NORMAL,NORMAL,0.803
2026-09-03 04:05:00,12.902032242839473,12.9,-0.001,1.423,10.11,15.69,9.24,16.57,1000.9985356576624,1001.0,-0.0,1.421,998.21,1003.78,997.34,1004.66,90.65916492654412,90.66,-0.002,1.973,86.79,94.53,85.58,95.74,3.2291772666323824,3.2,0.025,1.49,0.28,6.12,0.0,7.04,False,NORMAL,NORMAL,0.619
2026-09-03 04:10:00,12.789251489941645,12.79,-0.001,1.423,10.0,15.58,9.12,16.46,1000.8780215465928,1000.88,-0.0,1.421,998.09,1003.66,997.22,1004.54,91.05715185740293,91.06,-0.002,1.973,87.19,94.93,85.98,96.14,2.042409386301471,2.02,0.025,1.49,0.0,4.94,0.0,5.86,False,NORMAL,NORMAL,0.702
2026-09-03 04:15:00,13.216645165454157,13.22,-0.001,1.423,10.43,16.01,9.55,16.88,1000.8829313797049,1000.88,-0.0,1.421,998.1,1003.67,997.22,1004.54,91.0074719921044,91.01,-0.002,1.973,87.14,94.88,85.93,96.09,7.647161335709712,7.62,0.025,1.49,4.7,10.54,3.78,11.46,False,NORMAL,NORMAL,0.782
2026-09-03 04:20:00,13.374363156345325,13.38,-0.001,1.423,10.59,16.16,9.71,17.04,1000.7946116601437,1000.79,-0.0,1.421,998.01,1003.58,997.13,1004.46,90.64523291057056,90.65,-0.002,1.973,86.78,94.51,85.56,95.73,5.175010268812479,5.15,0.025,1.49,2.23,8.07,1.31,8.99,False,NORMAL,NORMAL,0.822
2026-09-03 04:25:00,13.878063420984514,13.88,-0.001,1.423,11.09,16.67,10.21,17.55,1000.8194652431197,1000.82,-0.0,1.421,998.03,1003.61,997.16,1004.48,90.2163433657822,90.22,-0.002,1.973,86.35,94.09,85.13,95.3,8.156071339167623,8.13,0.025,1.49,5.21,11.05,4.29,11.97,False,NORMAL,NORMAL,0.807
2026-09-03 04:30:00,12.854867082224551,12.86,-0.001,1.423,10.07,15.65,9.19,16.52,1000.8626116190011,1000.86,-0.0,1.421,998.08,1003.65,997.2,1004.52,90.26724510040032,90.27,-0.002,1.973,86.4,94.14,85.19,95.35,9.166765680329554,9.14,0.025,1.49,6.22,12.06,5.3,12.98,False,NORMAL,NORMAL,0.623
2026-09-03 04:35:00,14.238242350257,14.24,-0.001,1.423,11.45,17.03,10.57,17.91,1000.6903179084318,1000.69,-0.0,1.421,997.9,1003.48,997.03,1004.35,90.41496694980536,90.42,-0.002,1.973,86.55,94.28,85.33,95.5,1.2912702825805906,1.27,0.025,1.49,0.0,4.19,0.0,5.1,False,NORMAL,NORMAL,0.513
2026-09-03 04:40:00,13.660840747837428,13.66,-0.001,1.423,10.87,16.45,9.99,17.33,1000.8884860093709,1000.89,-0.0,1.421,998.1,1003.67,997.23,1004.55,90.49227715019035,90.49,-0.002,1.974,86.63,94.36,85.41,95.58,4.585455472524944,4.56,0.025,1.49,1.64,7.48,0.72,8.4,False,NORMAL,NORMAL,0.762
2026-09-03 04:45:00,13.653913372580835,13.65,-0.001,1.423,10.86,16.44,9.99,17.32,1001.0085654351515,1001.01,-0.0,1.421,998.22,1003.79,997.35,1004.67,90.78345468318666,90.78,-0.002,1.974,86.92,94.65,85.7,95.87,3.770397062452566,3.75,0.025,1.49,0.82,6.67,0.0,7.58,False,NORMAL,NORMAL,0.839
2026-09-03 04:50:00,13.523392572837125,13.52,-0.001,1.423,10.73,16.31,9.86,17.19,1000.7262931240165,1000.73,-0.0,1.421,997.94,1003.51,997.07,1004.39,90.9979500520596,91.0,-0.002,1.974,87.13,94.87,85.92,96.08,5.453385031969342,5.43,0.025,1.49,2.51,8.35,1.59,9.27,False,NORMAL,NORMAL,0.791
2026-09-03 04:55:00,13.372751860520466,13.37,-0.001,1.423,10.58,16.16,9.71,17.04,1001.0817922542088,1001.08,-0.0,1.421,998.3,1003.87,997.42,1004.74,90.60432316491682,90.61,-0.002,1.974,86.74,94.47,85.52,95.69,6.908789478728283,6.88,0.025,1.49,3.96,9.8,3.04,10.72,False,NORMAL,NORMAL,0.776
2026-09-03 05:00:00,14.473258368602908,14.47,-0.001,1.423,11.68,17.26,10.81,18.14,1000.9242267747965,1000.92,-0.0,1.421,998.14,1003.71,997.26,1004.59,90.71411316943419,90.72,-0.002,1.974,86.85,94.58,85.63,95.8,3.156272400085356,3.13,0.025,1.49,0.21,6.05,0.0,6.97,False,NORMAL,NORMAL,0.722
2026-09-03 05:05:00,14.285390730186839,14.29,-0.001,1.423,11.5,17.08,10.62,17.95,1000.9982196076706,1001.0,-0.0,1.421,998.21,1003.78,997.34,1004.66,90.76476594104096,90.77,-0.002,1.974,86.9,94.64,85.68,95.85,4.961385650218749,4.94,0.025,1.49,2.02,7.86,1.1,8.78,False,NORMAL,NORMAL,0.832
2026-09-03 05:10:00,13.854871512630819,13.86,-0.001,1.424,11.07,16.65,10.19,17.52,1000.7433454630003,1000.74,-0.0,1.421,997.96,1003.53,997.08,1004.4,90.40541107456373,90.41,-0.002,1.974,86.54,94.28,85.32,95.49,6.108466818713475,6.08,0.025,1.49,3.16,9.0,2.24,9.92,False,NORMAL,NORMAL,0.797
2026-09-03 05:15:00,13.97027547572451,13.97,-0.001,1.424,11.18,16.76,10.3,17.64,1000.9709945628501,1000.97,-0.0,1.421,998.19,1003.76,997.31,1004.63,90.20865579035303,90.21,-0.002,1.974,86.34,94.08,85.13,95.3,2.08977043867502,2.06,0.025,1.49,0.0,4.99,0.0,5.9,False,NORMAL,NORMAL,0.797
2026-09-03 05:20:00,14.474041633888431,14.47,-0.001,1.424,11.68,17.26,10.81,18.14,1000.6822673205668,1000.68,-0.0,1.421,997.9,1003.47,997.02,1004.34,89.82838571292592,89.83,-0.002,1.974,85.96,93.7,84.74,94.91,7.133837920552148,7.11,0.025,1.49,4.19,10.03,3.27,10.95,False,NORMAL,NORMAL,0.756
2026-09-03 05:25:00,15.398547505790946,15.4,-0.001,1.424,12.61,18.19,11.73,19.07,1000.9853181121307,1000.99,-0.0,1.421,998.2,1003.77,997.32,1004.65,90.42181349940725,90.42,-0.002,1.974,86.55,94.29,85.34,95.51,5.308803826009902,5.28,0.025,1.49,2.36,8.2,1.44,9.12,False,NORMAL,NORMAL,0.751
2026-09-03 05:30:00,14.752156857948437,14.75,-0.001,1.424,11.96,17.54,11.09,18.42,1000.8857937883342,1000.89,-0.0,1.421,998.1,1003.67,997.22,1004.55,90.96178175189804,90.96,-0.002,1.974,87.09,94.83,85.88,96.05,9.504858614665352,9.48,0.025,1.491,6.56,12.4,5.64,13.32,False,NORMAL,NORMAL,0.707
2026-09-03 05:35:00,14.382196970835068,14.38,-0.001,1.424,11.59,17.17,10.72,18.05,1000.9537829971972,1000.95,-0.0,1.421,998.17,1003.74,997.29,1004.62,90.34832719071991,90.35,-0.002,1.974,86.48,94.22,85.26,95.44,3.5422815635016547,3.52,0.025,1.491,0.6,6.44,0.0,7.36,False,NORMAL,NORMAL,0.813
2026-09-03 05:40:00,15.014957954200321,15.02,-0.001,1.424,12.23,17.81,11.35,18.68,1000.7077970741482,1000.71,-0.0,1.421,997.92,1003.49,997.05,1004.37,90.62430479317433,90.63,-0.002,1.974,86.76,94.5,85.54,95.71,1.860697815681315,1.84,0.025,1.491,0.0,4.76,0.0,5.68,False,NORMAL,NORMAL,0.781
2026-09-03 05:45:00,15.136240002226327,15.14,-0.001,1.424,12.35,17.93,11.47,18.8,1000.7657990058018,1000.77,-0.0,1.421,997.98,1003.55,997.1,1004.43,90.984713230621,90.99,-0.002,1.974,87.12,94.86,85.9,96.07,4.622077923203591,4.6,0.025,1.491,1.68,7.52,0.76,8.44,False,NORMAL,NORMAL,0.825
2026-09-03 05:50:00,14.3008541512501,14.3,-0.001,1.424,11.51,17.09,10.63,17.97,1001.0081636487218,1001.01,-0.0,1.421,998.22,1003.79,997.35,1004.67,90.95452346664784,90.96,-0.002,1.974,87.09,94.83,85.87,96.04,1.647410179167868,1.62,0.025,1.491,0.0,4.54,0.0,5.46,False,NORMAL,NORMAL,0.803
2026-09-03 05:55:00,15.494306263314565,15.5,-0.001,1.424,12.7,18.29,11.83,19.16,1000.7974539952983,1000.8,-0.0,1.421,998.01,1003.58,997.14,1004.46,90.23614024154536,90.24,-0.002,1.974,86.37,94.11,85.15,95.32,10.276170608465604,10.25,0.025,1.491,7.33,13.17,6.41,14.09,False,NORMAL,NORMAL,0.485
2026-09-03 06:00:00,15.56213174051244,15.56,-0.001,1.424,12.77,18.35,11.9,19.23,1001.0329265536793,1001.03,-0.0,1.421,998.25,1003.82,997.37,1004.69,91.27904925868432,91.28,-0.002,1.975,87.41,95.15,86.19,96.37,1.0924541987547922,1.07,0.025,1.491,0.0,3.99,0.0,4.91,False,NORMAL,NORMAL,0.661
2026-09-03 06:05:00,16.073464356718645,16.07,-0.001,1.424,13.28,18.86,12.41,19.74,1000.7847284207602,1000.78,-0.0,1.421,998.0,1003.57,997.12,1004.45,91.37886197847283,91.38,-0.002,1.975,87.51,95.25,86.29,96.47,6.508638538622134,6.48,0.025,1.491,3.56,9.41,2.64,10.32,False,NORMAL,NORMAL,0.718
2026-09-03 06:10:00,16.67696348719716,16.68,-0.001,1.424,13.89,19.47,13.01,20.35,1001.1459898493289,1001.15,-0.0,1.421,998.36,1003.93,997.48,1004.81,90.29093147954714,90.29,-0.002,1.975,86.42,94.16,85.21,95.38,4.746140138576712,4.72,0.025,1.491,1.8,7.64,0.88,8.56,False,NORMAL,NORMAL,0.739
2026-09-03 06:15:00,16.532256469193392,16.53,-0.001,1.424,13.74,19.32,12.87,20.2,1000.8654537117662,1000.87,-0.0,1.421,998.08,1003.65,997.2,1004.53,90.43421046849156,90.44,-0.002,1.975,86.57,94.31,85.35,95.52,3.7296668050382307,3.7,0.025,1.491,0.78,6.63,0.0,7.54,False,NORMAL,NORMAL,0.757
2026-09-03 06:20:00,16.120100908183705,16.12,-0.001,1.424,13.33,18.91,12.45,19.79,1001.167337937604,1001.17,-0.0,1.421,998.38,1003.95,997.51,1004.83,91.41388458016519,91.42,-0.002,1.975,87.54,95.29,86.33,96.5,1.4353826859120207,1.41,0.025,1.491,0.0,4.33,0.0,5.25,False,NORMAL,NORMAL,0.726
2026-09-03 06:25:00,15.932774010856354,15.93,-0.001,1.424,13.14,18.72,12.27,19.6,1001.2150746311739,1001.22,-0.0,1.421,998.43,1004.0,997.55,1004.88,90.73224082161074,90.73,-0.002,1.975,86.86,94.6,85.65,95.82,5.426085980886257,5.4,0.025,1.491,2.48,8.32,1.56,9.24,False,NORMAL,NORMAL,0.835
2026-09-03 06:30:00,17.55408312307922,17.55,-0.001,1.424,14.76,20.35,13.89,21.22,1001.0560073366346,1001.06,-0.0,1.421,998.27,1003.84,997.39,1004.72,85.32216724774753,85.32,-0.002,1.975,81.45,89.19,80.24,90.41,5.159480242371659,5.13,0.025,1.491,2.21,8.06,1.29,8.97,False,NORMAL,NORMAL,0.603
2026-09-03 06:35:00,16.699332281370168,16.7,-0.001,1.424,13.91,19.49,13.03,20.37,1001.2896517998624,1001.29,-0.0,1.421,998.5,1004.08,997.63,1004.95,90.15751797290463,90.16,-0.002,1.975,86.29,94.03,85.07,95.25,3.158224270627332,3.13,0.025,1.491,0.21,6.06,0.0,6.97,False,NORMAL,NORMAL,0.649
2026-09-03 06:40:00,16.83359655301226,16.83,-0.001,1.424,14.04,19.62,13.17,20.5,1001.2857417501172,1001.29,-0.0,1.421,998.5,1004.07,997.62,1004.95,89.38171683453047,89.38,-0.002,1.975,85.51,93.25,84.3,94.47,8.539025875350925,8.51,0.025,1.491,5.59,11.44,4.67,12.35,False,NORMAL,NORMAL,0.766
2026-09-03 06:45:00,16.97215163585293,16.97,-0.001,1.424,14.18,19.76,13.31,20.64,1001.2126467650762,1001.21,-0.0,1.421,998.43,1004.0,997.55,1004.87,89.88100002463126,89.88,-0.002,1.975,86.01,93.75,84.79,94.97,3.31172938990004,3.29,0.025,1.491,0.36,6.21,0.0,7.13,False,NORMAL,NORMAL,0.82
2026-09-03 06:50:00,17.216131375405983,17.22,-0.001,1.424,14.43,20.01,13.55,20.88,1001.1914205618788,1001.19,-0.0,1.421,998.41,1003.98,997.53,1004.85,89.6361352882235,89.64,-0.002,1.975,85.77,93.51,84.55,94.73,4.250819994323001,4.23,0.025,1.491,1.3,7.15,0.38,8.07,False,NORMAL,NORMAL,0.83
2026-09-03 06:55:00,17.235489546463388,17.24,-0.001,1.424,14.45,20.03,13.57,20.9,1001.0999327440036,1001.1,-0.0,1.421,998.31,1003.89,997.44,1004.76,90.39149132368982,90.39,-0.002,1.975,86.52,94.26,85.3,95.48,4.872210552903831,4.85,0.025,1.491,1.92,7.77,1.01,8.69,False,NORMAL,NORMAL,0.838
2026-09-03 07:00:00,17.221266513479755,17.22,-0.001,1.424,14.43,20.01,13.55,20.89,1001.5007441241613,1001.5,-0.0,1.421,998.71,1004.29,997.84,1005.16,91.62343679980667,91.62,-0.002,1.975,87.75,95.5,86.54,96.71,1.7874423867528726,1.76,0.025,1.491,0.0,4.68,0.0,5.6,False,NORMAL,NORMAL,0.724
2026-09-03 07:05:00,17.390567123901,17.39,-0.001,1.424,14.6,20.18,13.72,21.06,1001.2698446140101,1001.27,-0.0,1.421,998.48,1004.06,997.61,1004.93,89.9904007094554,89.99,-0.002,1.975,86.12,93.86,84.9,95.08,9.02172467200984,9.0,0.025,1.491,6.07,11.92,5.16,12.84,False,NORMAL,NORMAL,0.647
2026-09-03 07:10:00,17.755790497171436,17.76,-0.001,1.424,14.97,20.55,14.09,21.42,1001.5773808976977,1001.58,-0.0,1.421,998.79,1004.36,997.92,1005.24,87.48320551486418,87.48,-0.002,1.975,83.61,91.36,82.4,92.57,3.7676475273011514,3.74,0.025,1.491,0.82,6.67,0.0,7.58,False,NORMAL,NORMAL,0.734
2026-09-03 07:15:00,17.71202422939821,17.71,-0.001,1.424,14.92,20.5,14.04,21.38,1001.584265854176,1001.58,-0.0,1.421,998.8,1004.37,997.92,1005.25,87.96087833524729,87.96,-0.002,1.975,84.09,91.83,82.87,93.05,1.596222233148401,1.57,0.025,1.491,0.0,4.49,0.0,5.41,False,NORMAL,NORMAL,0.799
2026-09-03 07:20:00,17.80559849614138,17.81,-0.001,1.424,15.02,20.6,14.14,21.47,1001.7884880864343,1001.79,-0.0,1.421,999.0,1004.57,998.13,1005.45,88.71022954635552,88.71,-0.002,1.976,84.84,92.58,83.62,93.8,3.849471389086848,3.82,0.025,1.491,0.9,6.75,0.0,7.67,False,NORMAL,NORMAL,0.723
2026-09-03 07:25:00,18.295410664118773,18.3,-0.001,1.424,15.51,21.09,14.63,21.96,1001.7062099183005,1001.71,-0.0,1.421,998.92,1004.49,998.04,1005.37,86.79165070535882,86.79,-0.002,1.976,82.92,90.67,81.7,91.88,5.26622408776483,5.24,0.025,1.491,2.32,8.16,1.4,9.08,False,NORMAL,NORMAL,0.726
2026-09-03 07:30:00,18.313626977586395,18.31,-0.001,1.424,15.52,21.11,14.65,21.98,1001.7689995224439,1001.77,-0.0,1.421,998.98,1004.56,998.11,1005.43,83.75196744592314,83.75,-0.002,1.976,79.88,87.63,78.66,88.84,4.669601199228009,4.64,0.025,1.491,1.72,7.57,0.8,8.49,False,NORMAL,NORMAL,0.818
2026-09-03 07:35:00,19.18059003490023,19.18,-0.001,1.424,16.39,21.97,15.51,22.85,1001.9970272865221,1002.0,-0.0,1.421,999.21,1004.78,998.34,1005.66,79.63815337407623,79.64,-0.002,1.976,75.77,83.51,74.55,84.73,5.989555313803539,5.96,0.025,1.491,3.04,8.89,2.12,9.81,False,NORMAL,NORMAL,0.763
2026-09-03 07:40:00,17.682493489765065,17.68,-0.001,1.424,14.89,20.47,14.02,21.35,1002.0081925042487,1002.01,-0.0,1.421,999.22,1004.79,998.35,1005.67,86.94469897238275,86.95,-0.002,1.976,83.07,90.82,81.86,92.04,1.3140579773103243,1.29,0.025,1.491,0.0,4.21,0.0,5.13,False,NORMAL,NORMAL,0.571
2026-09-03 07:45:00,19.343804040494287,19.34,-0.001,1.424,16.55,22.14,15.68,23.01,1002.0778255792459,1002.08,-0.0,1.421,999.29,1004.86,998.42,1005.74,77.21612665691669,77.22,-0.002,1.976,73.35,81.09,72.13,82.31,3.182549417454301,3.16,0.025,1.491,0.23,6.08,0.0,7.0,False,NORMAL,NORMAL,0.464
2026-09-03 07:50:00,19.57030412867279,19.57,-0.001,1.424,16.78,22.36,15.9,23.24,1002.1749633106468,1002.18,-0.0,1.421,999.39,1004.96,998.51,1005.84,80.26237316977307,80.26,-0.002,1.976,76.39,84.14,75.17,85.35,7.193303982994983,7.17,0.025,1.491,4.25,10.09,3.33,11.01,False,NORMAL,NORMAL,0.679
2026-09-03 07:55:00,18.407449005999418,18.41,-0.001,1.424,15.62,21.2,14.74,22.08,1001.9500296185566,1001.95,-0.0,1.421,999.16,1004.74,998.29,1005.61,85.71627156590122,85.72,-0.002,1.976,81.84,89.59,80.63,90.81,1.5870722355071252,1.56,0.025,1.491,0.0,4.49,0.0,5.4,False,NORMAL,NORMAL,0.522
2026-09-03 08:00:00,19.264848751014544,19.27,-0.001,1.424,16.47,22.06,15.6,22.93,1002.3712134565848,1002.37,-0.0,1.421,999.59,1005.16,998.71,1006.03,81.17508729558072,81.18,-0.002,1.976,77.3,85.05,76.09,86.27,7.649506647406896,7.62,0.025,1.491,4.7,10.55,3.78,11.47,False,NORMAL,NORMAL,0.407
2026-09-03 08:05:00,19.418567077941233,19.42,-0.001,1.424,16.63,22.21,15.75,23.09,1002.4283464727262,1002.43,-0.0,1.421,999.64,1005.21,998.77,1006.09,79.6395012180803,79.64,-0.002,1.976,75.77,83.51,74.55,84.73,1.7225286414686234,1.7,0.025,1.491,0.0,4.62,0.0,5.54,False,NORMAL,NORMAL,0.768
2026-09-03 08:10:00,19.169376627845743,19.17,-0.001,1.424,16.38,21.96,15.5,22.84,1002.2641176103517,1002.26,-0.0,1.421,999.48,1005.05,998.6,1005.93,82.9575003636164,82.96,-0.002,1.976,79.09,86.83,77.87,88.05,7.504658439763749,7.48,0.025,1.491,4.56,10.4,3.64,11.32,False,NORMAL,NORMAL,0.645
2026-09-03 08:15:00,19.58642809307854,19.59,-0.001,1.424,16.8,22.38,15.92,23.26,1002.4614244901076,1002.46,-0.0,1.421,999.68,1005.25,998.8,1006.12,76.60000325723804,76.6,-0.002,1.976,72.73,80.47,71.51,81.69,3.775586275159782,3.75,0.025,1.492,0.83,6.67,0.0,7.59,False,NORMAL,NORMAL,0.725
2026-09-03 08:20:00,19.61835088368425,19.62,-0.001,1.424,16.83,22.41,15.95,23.29,1002.5747372867897,1002.57,-0.0,1.421,999.79,1005.36,998.91,1006.24,79.67069357073721,79.67,-0.002,1.976,75.8,83.55,74.58,84.76,5.539702981587369,5.51,0.025,1.492,2.59,8.44,1.67,9.36,False,NORMAL,NORMAL,0.735
2026-09-03 08:25:00,20.928286369313838,20.93,-0.001,1.424,18.14,23.72,17.26,24.6,1002.6441421269465,1002.64,-0.0,1.421,999.86,1005.43,998.98,1006.31,72.95421585598508,72.96,-0.002,1.976,69.08,76.83,67.86,78.05,2.337898721099399,2.31,0.025,1.492,0.0,5.24,0.0,6.16,False,NORMAL,NORMAL,0.633
2026-09-03 08:30:00,20.76613471450557,20.77,-0.001,1.424,17.98,23.56,17.1,24.44,1002.7990699625433,1002.8,-0.0,1.421,1000.01,1005.59,999.14,1006.46,71.92756702169636,71.93,-0.002,1.976,68.06,75.8,66.84,77.02,1.5141962869423229,1.49,0.025,1.492,0.0,4.41,0.0,5.33,False,NORMAL,NORMAL,0.799
2026-09-03 08:35:00,21.064576627982337,21.07,-0.001,1.424,18.27,23.86,17.4,24.73,1003.0492646618557,1003.05,-0.0,1.421,1000.26,1005.84,999.39,1006.71,72.6039513243342,72.61,-0.002,1.976,68.73,76.48,67.51,77.7,2.877785358682574,2.85,0.025,1.492,0.0,5.78,0.0,6.7,False,NORMAL,NORMAL,0.725
2026-09-03 08:40:00,21.008238820518333,21.01,-0.001,1.424,18.22,23.8,17.34,24.68,1003.083189846196,1003.08,-0.0,1.421,1000.3,1005.87,999.42,1006.75,72.23350602607643,72.24,-0.002,1.977,68.36,76.11,67.14,77.33,2.175540521603382,2.15,0.025,1.492,0.0,5.07,0.0,5.99,False,NORMAL,NORMAL,0.847
2026-09-03 08:45:00,20.4310072399113,20.43,-0.001,1.424,17.64,23.22,16.76,24.1,1002.811154877188,1002.81,-0.0,1.421,1000.03,1005.6,999.15,1006.47,76.25061480733783,76.25,-0.002,1.977,72.38,80.13,71.16,81.34,3.628730561144232,3.6,0.025,1.492,0.68,6.53,0.0,7.45,False,NORMAL,NORMAL,0.646
2026-09-03 08:50:00,20.835239031021015,20.84,-0.001,1.424,18.04,23.63,17.17,24.5,1003.1889593478329,1003.19,-0.0,1.421,1000.4,1005.98,999.53,1006.85,73.9978121804914,74.0,-0.002,1.977,70.13,77.87,68.91,79.09,5.079163901036553,5.05,0.025,1.492,2.13,7.98,1.21,8.9,False,NORMAL,NORMAL,0.625
2026-09-03 08:55:00,21.402496423352016,21.4,-0.001,1.424,18.61,24.19,17.73,25.07,1003.3831479849787,1003.38,-0.0,1.421,1000.6,1006.17,999.72,1007.05,70.0868541261043,70.09,-0.002,1.977,66.21,73.96,65.0,75.18,5.67745669050888,5.65,0.025,1.492,2.73,8.58,1.81,9.5,False,NORMAL,NORMAL,0.811
2026-09-03 09:00:00,20.878794633556133,20.88,-0.001,1.424,18.09,23.67,17.21,24.55,1003.3303859304729,1003.33,-0.0,1.421,1000.54,1006.12,999.67,1006.99,76.4117252054892,76.41,-0.002,1.977,72.54,80.29,71.32,81.51,7.5807288577301,7.56,0.025,1.492,4.63,10.48,3.71,11.4,False,NORMAL,NORMAL,0.546
2026-09-03 09:05:00,21.812863835754182,21.81,-0.001,1.424,19.02,24.6,18.14,25.48,1003.5248651933827,1003.53,-0.0,1.422,1000.74,1006.31,999.86,1007.19,70.14391510172175,70.15,-0.002,1.977,66.27,74.02,65.05,75.24,6.319576945659976,6.29,0.025,1.492,3.37,9.22,2.45,10.14,False,NORMAL,NORMAL,0.561
2026-09-03 09:10:00,21.59059287566098,21.59,-0.001,1.424,18.8,24.38,17.92,25.26,1003.752108261134,1003.75,-0.0,1.422,1000.97,1006.54,1000.09,1007.41,71.16439116360503,71.17,-0.002,1.977,67.29,75.04,66.07,76.26,5.968855571024348,5.94,0.025,1.492,3.02,8.87,2.1,9.79,False,NORMAL,NORMAL,0.748
2026-09-03 09:15:00,21.694813967168823,21.7,-0.001,1.424,18.9,24.49,18.03,25.36,1003.6929692347029,1003.69,-0.0,1.422,1000.91,1006.48,1000.03,1007.35,69.87604229853449,69.88,-0.002,1.977,66.0,73.75,64.78,74.97,4.521688621507218,4.5,0.025,1.492,1.57,7.42,0.65,8.34,False,NORMAL,NORMAL,0.763
2026-09-03 09:20:00,22.286027576951728,22.29,-0.001,1.424,19.5,25.08,18.62,25.96,1003.6659495710786,1003.67,-0.0,1.422,1000.88,1006.45,1000.0,1007.33,68.75437178505697,68.76,-0.002,1.977,64.88,72.63,63.66,73.85,5.010115818398276,4.98,0.025,1.492,2.06,7.91,1.14,8.83,False,NORMAL,NORMAL,0.75
2026-09-03 09:25:00,22.3350541965502,22.34,-0.001,1.424,19.54,25.13,18.67,26.0,1003.8743527876591,1003.87,-0.0,1.422,1001.09,1006.66,1000.21,1007.54,67.70698839759947,67.71,-0.002,1.977,63.83,71.58,62.62,72.8,4.607521867714082,4.58,0.025,1.492,1.66,7.51,0.74,8.43,False,NORMAL,NORMAL,0.754
2026-09-03 09:30:00,22.167394224983155,22.17,-0.001,1.424,19.38,24.96,18.5,25.84,1003.8281558139881,1003.83,-0.0,1.422,1001.04,1006.61,1000.17,1007.49,69.0926034740656,69.09,-0.002,1.977,65.22,72.97,64.0,74.19,8.617084925430794,8.59,0.025,1.492,5.67,11.52,4.75,12.44,False,NORMAL,NORMAL,0.73
2026-09-03 09:35:00,22.928594176015736,22.93,-0.001,1.424,20.14,25.72,19.26,26.6,1003.8985401699166,1003.9,-0.0,1.422,1001.11,1006.68,1000.24,1007.56,63.67413726028744,63.68,-0.002,1.977,59.8,67.55,58.58,68.77,3.264794322406349,3.24,0.025,1.492,0.32,6.16,0.0,7.08,False,NORMAL,NORMAL,0.746
2026-09-03 09:40:00,22.184092127274415,22.18,-0.001,1.424,19.39,24.98,18.52,25.85,1003.930376785424,1003.93,-0.0,1.422,1001.14,1006.72,1000.27,1007.59,66.62065531497896,66.62,-0.002,1.977,62.75,70.5,61.53,71.72,0.48702446493281165,0.46,0.025,1.492,0.0,3.39,0.0,4.31,False,NORMAL,NORMAL,0.778
2026-09-03 09:45:00,23.013045166995855,23.01,-0.001,1.424,20.22,25.81,19.34,26.68,1004.305241744895,1004.31,-0.0,1.422,1001.52,1007.09,1000.64,1007.97,60.28444715631711,60.29,-0.002,1.977,56.41,64.16,55.19,65.38,6.6442493744160815,6.62,0.025,1.492,3.69,9.54,2.78,10.46,False,NORMAL,NORMAL,0.639
2026-09-03 09:50:00,23.1524885392367,23.15,-0.001,1.424,20.36,25.94,19.48,26.82,1004.035018832996,1004.04,-0.0,1.422,1001.25,1006.82,1000.37,1007.7,63.246422516105724,63.25,-0.002,1.977,59.37,67.12,58.15,68.34,3.0991468736400094,3.07,0.025,1.492,0.15,6.0,0.0,6.92,False,NORMAL,NORMAL,0.782
2026-09-03 09:55:00,22.938356399079744,22.94,-0.001,1.424,20.15,25.73,19.27,26.61,1004.4740118689967,1004.47,-0.0,1.422,1001.69,1007.26,1000.81,1008.14,63.28026987411027,63.28,-0.002,1.977,59.41,67.16,58.19,68.38,9.74572685997416,9.72,0.025,1.492,6.8,12.65,5.88,13.56,False,NORMAL,NORMAL,0.734
2026-09-03 10:00:00,23.337831962964234,23.34,-0.001,1.424,20.55,26.13,19.67,27.01,1004.4047395350663,1004.4,-0.0,1.422,1001.62,1007.19,1000.74,1008.07,64.56207812063576,64.56,-0.002,1.978,60.69,68.44,59.47,69.66,9.238406486061963,9.21,0.025,1.492,6.29,12.14,5.37,13.06,False,NORMAL,NORMAL,0.695
2026-09-03 10:05:00,22.850341824302856,22.85,-0.001,1.424,20.06,25.64,19.18,26.52,1004.2046082678407,1004.2,-0.0,1.422,1001.42,1006.99,1000.54,1007.87,64.58525724628217,64.59,-0.002,1.978,60.71,68.46,59.49,69.68,1.8764551485922085,1.85,0.025,1.492,0.0,4.78,0.0,5.7,False,NORMAL,NORMAL,0.772
2026-09-03 10:10:00,23.86194006776025,23.86,-0.001,1.424,21.07,26.65,20.19,27.53,1004.5534505451465,1004.55,-0.0,1.422,1001.77,1007.34,1000.89,1008.22,59.329240980556385,59.33,-0.002,1.978,55.45,63.21,54.24,64.43,2.241071946935193,2.22,0.025,1.492,0.0,5.14,0.0,6.06,False,NORMAL,NORMAL,0.695
2026-09-03 10:15:00,23.557973633947626,23.56,-0.001,1.424,20.77,26.35,19.89,27.23,1004.266068747919,1004.27,-0.0,1.422,1001.48,1007.05,1000.6,1007.93,62.53856208651499,62.54,-0.002,1.978,58.66,66.42,57.45,67.63,5.557709827443782,5.53,0.025,1.492,2.61,8.46,1.69,9.38,False,NORMAL,NORMAL,0.648
2026-09-03 10:20:00,23.56044442024303,23.56,-0.001,1.424,20.77,26.35,19.89,27.23,1004.7565575370339,1004.76,-0.0,1.422,1001.97,1007.54,1001.09,1008.42,60.85622494349279,60.86,-0.002,1.978,56.98,64.73,55.76,65.95,6.554539919353167,6.53,0.025,1.492,3.6,9.45,2.69,10.37,False,NORMAL,NORMAL,0.761
2026-09-03 10:25:00,24.324662060997223,24.33,-0.001,1.424,21.53,27.12,20.66,27.99,1004.8759847655355,1004.88,-0.0,1.422,1002.09,1007.66,1001.21,1008.54,60.01825744014789,60.02,-0.002,1.978,56.14,63.9,54.92,65.11,3.8559089444688004,3.83,0.025,1.492,0.91,6.76,0.0,7.67,False,NORMAL,NORMAL,0.738
2026-09-03 10:30:00,23.75670396492756,23.76,-0.001,1.424,20.97,26.55,20.09,27.43,1004.7335493037232,1004.73,-0.0,1.422,1001.95,1007.52,1001.07,1008.4,62.44298224167345,62.44,-0.002,1.978,58.57,66.32,57.35,67.54,7.681921381089994,7.66,0.025,1.492,4.73,10.58,3.81,11.5,False,NORMAL,NORMAL,0.727
2026-09-03 10:35:00,23.606232114639504,23.61,-0.001,1.424,20.82,26.4,19.94,27.28,1004.9187982275046,1004.92,-0.0,1.422,1002.13,1007.71,1001.26,1008.58,62.99818273750153,63.0,-0.002,1.978,59.12,66.88,57.9,68.1,6.5373804918622165,6.51,0.025,1.492,3.59,9.44,2.67,10.36,False,NORMAL,NORMAL,0.755
2026-09-03 10:40:00,23.67586716958136,23.68,-0.001,1.424,20.88,26.47,20.01,27.35,1005.2698436293775,1005.27,-0.0,1.422,1002.48,1008.06,1001.61,1008.93,60.91807587148915,60.92,-0.002,1.978,57.04,64.8,55.82,66.02,4.3332478077290135,4.31,0.025,1.492,1.38,7.23,0.46,8.15,False,NORMAL,NORMAL,0.83
2026-09-03 10:45:00,24.66748806132027,24.67,-0.001,1.424,21.88,27.46,21.0,28.34,1004.9758355558336,1004.98,-0.0,1.422,1002.19,1007.76,1001.31,1008.64,58.63531160870732,58.64,-0.002,1.978,54.76,62.51,53.54,63.73,-4.5,0.0,0.025,1.492,0.0,2.93,0.0,3.84,True,WARNING,SENSOR_SPEC_BREACH (SPEC_WIND_NEGATIVE),0.95
2026-09-03 10:50:00,24.0370778003428,24.04,-0.001,1.424,21.25,26.83,20.37,27.71,1004.9662989401223,1004.97,-0.0,1.422,1002.18,1007.75,1001.3,1008.63,58.137819535752335,58.14,-0.002,1.978,54.26,62.02,53.04,63.24,8.227521589015172,8.2,0.025,1.492,5.28,11.13,4.36,12.05,False,NORMAL,NORMAL,0.739
2026-09-03 10:55:00,25.372871266807216,25.37,-0.001,1.424,22.58,28.17,21.7,29.04,1005.4192218799936,1005.42,-0.0,1.422,1002.63,1008.21,1001.76,1009.08,55.595846421618155,55.6,-0.002,1.978,51.72,59.47,50.5,60.69,3.4523082148637303,3.43,0.025,1.492,0.5,6.35,0.0,7.27,False,NORMAL,NORMAL,0.621
2026-09-03 11:00:00,23.95736406898047,23.96,-0.001,1.424,21.17,26.75,20.29,27.63,1005.5615408733732,1005.56,-0.0,1.422,1002.78,1008.35,1001.9,1009.22,61.776400606265575,61.78,-0.002,1.978,57.9,65.66,56.68,66.87,9.462512531653022,9.44,0.025,1.493,6.51,12.36,5.59,13.28,False,NORMAL,NORMAL,0.445
2026-09-03 11:05:00,25.58531964519181,25.59,-0.001,1.425,22.79,28.38,21.92,29.26,1005.3361777226982,1005.34,-0.0,1.422,1002.55,1008.12,1001.67,1009.0,56.12126315284788,56.12,-0.002,1.978,52.25,60.0,51.03,61.22,5.234633113969087,5.21,0.025,1.493,2.28,8.13,1.36,9.05,False,NORMAL,NORMAL,0.452
2026-09-03 11:10:00,25.105106497381072,25.11,-0.001,1.425,22.31,27.9,21.44,28.78,1005.5540543322473,1005.55,-0.0,1.422,1002.77,1008.34,1001.89,1009.22,57.994969545498236,58.0,-0.002,1.978,54.12,61.87,52.9,63.09,6.606854293209127,6.58,0.025,1.493,3.66,9.51,2.74,10.43,False,NORMAL,NORMAL,0.664
2026-09-03 11:15:00,25.093281249248363,25.09,-0.001,1.425,22.3,27.89,21.42,28.76,1005.6684633220837,1005.67,-0.0,1.422,1002.88,1008.45,1002.01,1009.33,57.54341829103903,57.54,-0.002,1.979,53.67,61.42,52.45,62.64,10.275873760054296,10.25,0.025,1.493,7.33,13.18,6.41,14.1,False,NORMAL,NORMAL,0.748
2026-09-03 11:20:00,25.022515169378213,25.02,-0.001,1.425,22.23,27.82,21.35,28.69,1005.4189304683407,1005.42,-0.0,1.422,1002.63,1008.21,1001.76,1009.08,59.45286047656591,59.45,-0.002,1.979,55.58,63.33,54.36,64.55,10.142047621472011,10.12,0.025,1.493,7.19,13.04,6.27,13.96,False,NORMAL,NORMAL,0.735
2026-09-03 11:25:00,25.505849000421996,25.51,-0.001,1.425,22.71,28.3,21.84,29.18,1005.5186850742568,1005.52,-0.0,1.422,1002.73,1008.31,1001.86,1009.18,55.23838229659389,55.24,-0.002,1.979,51.36,59.12,50.14,60.34,4.9175739378386965,4.89,0.025,1.493,1.97,7.82,1.05,8.74,False,NORMAL,NORMAL,0.797
2026-09-03 11:30:00,25.433995362492738,25.43,-0.001,1.425,22.64,28.23,21.77,29.1,1005.835373296146,1005.84,-0.0,1.422,1003.05,1008.62,1002.17,1009.5,56.18056393814305,56.18,-0.002,1.979,52.3,60.06,51.08,61.28,3.507218113471333,3.48,0.025,1.493,0.56,6.41,0.0,7.33,False,NORMAL,NORMAL,0.76
2026-09-03 11:35:00,25.99031652991688,25.99,-0.001,1.425,23.2,28.78,22.32,29.66,1005.9608095384531,1005.96,-0.0,1.422,1003.17,1008.75,1002.3,1009.62,53.79037081728105,53.79,-0.002,1.979,49.91,57.67,48.69,58.89,8.886129339538924,8.86,0.025,1.493,5.94,11.79,5.02,12.71,False,NORMAL,NORMAL,0.687
2026-09-03 11:40:00,25.691675555089518,25.69,-0.001,1.425,22.9,28.48,22.02,29.36,1005.8478338879237,1005.85,-0.0,1.422,1003.06,1008.63,1002.19,1009.51,53.070901035496064,53.07,-0.002,1.979,49.19,56.95,47.98,58.17,5.501068913622228,5.48,0.025,1.493,2.55,8.4,1.63,9.32,False,NORMAL,NORMAL,0.859
2026-09-03 11:45:00,25.80008790064494,25.8,-0.001,1.425,23.01,28.59,22.13,29.47,1005.6847822672669,1005.68,-0.0,1.422,1002.9,1008.47,1002.02,1009.35,55.00161804856677,55.0,-0.002,1.979,51.12,58.88,49.91,60.1,3.384528403667823,3.36,0.025,1.493,0.43,6.29,0.0,7.2,False,NORMAL,NORMAL,0.802
2026-09-03 11:50:00,25.68545227066022,25.69,-0.001,1.425,22.89,28.48,22.02,29.36,1006.1661580364564,1006.17,-0.0,1.422,1003.38,1008.95,1002.5,1009.83,57.31162534830209,57.31,-0.002,1.979,53.43,61.19,52.22,62.41,11.270543450385775,11.25,0.025,1.493,8.32,14.17,7.4,15.09,False,NORMAL,NORMAL,0.509
2026-09-03 11:55:00,25.89595090411178,25.9,-0.001,1.425,23.1,28.69,22.23,29.57,1005.8377772647286,1005.84,-0.0,1.422,1003.05,1008.62,1002.18,1009.5,54.25985345508859,54.26,-0.002,1.979,50.38,58.14,49.16,59.36,3.468009792672878,3.44,0.025,1.493,0.52,6.37,0.0,7.29,False,NORMAL,NORMAL,0.615
2026-09-03 12:00:00,26.12654020128686,26.13,-0.001,1.425,23.33,28.92,22.46,29.8,1005.9144479585858,1005.91,-0.0,1.422,1003.13,1008.7,1002.25,1009.58,54.23119648854386,54.23,-0.002,1.979,50.35,58.11,49.13,59.33,1.197409856339595,1.17,0.025,1.493,0.0,4.1,0.0,5.02,False,NORMAL,NORMAL,0.75
2026-09-03 12:05:00,25.400858667237614,25.4,-0.001,1.425,22.61,28.19,21.73,29.07,1006.0613331768767,1006.06,-0.0,1.422,1003.28,1008.85,1002.4,1009.72,55.25850265877229,55.26,-0.002,1.979,51.38,59.14,50.16,60.36,1.0633420779702054,1.04,0.025,1.493,0.0,3.96,0.0,4.88,False,NORMAL,NORMAL,0.815
2026-09-03 12:10:00,25.623933989825574,25.62,-0.001,1.425,22.83,28.42,21.95,29.29,1006.2863393839768,1006.29,-0.0,1.422,1003.5,1009.07,1002.62,1009.95,54.689234171232485,54.69,-0.002,1.979,50.81,58.57,49.59,59.79,7.352768530609048,7.33,0.025,1.493,4.4,10.25,3.48,11.17,False,NORMAL,NORMAL,0.811
2026-09-03 12:15:00,26.535532532177648,26.54,-0.001,1.425,23.74,29.33,22.87,30.21,1006.2225186100161,1006.22,-0.0,1.422,1003.44,1009.01,1002.56,1009.88,52.67691543907979,52.68,-0.002,1.979,48.8,56.56,47.58,57.78,7.7797601845260305,7.75,0.025,1.493,4.83,10.68,3.91,11.6,False,NORMAL,NORMAL,0.742
2026-09-03 12:20:00,26.378291007998744,26.38,-0.001,1.425,23.59,29.17,22.71,30.05,1006.1958424592816,1006.2,-0.0,1.422,1003.41,1008.98,1002.53,1009.86,50.242349390288034,50.24,-0.002,1.979,46.36,54.12,45.15,55.34,4.574178991730963,4.55,0.025,1.493,1.62,7.48,0.7,8.39,False,NORMAL,NORMAL,0.836
2026-09-03 12:25:00,26.304732860284343,26.31,-0.001,1.425,23.51,29.1,22.64,29.98,1006.2402936206532,1006.24,-0.0,1.422,1003.45,1009.03,1002.58,1009.9,53.808776422052034,53.81,-0.002,1.979,49.93,57.69,48.71,58.91,4.666226256326753,4.64,0.025,1.493,1.71,7.57,0.8,8.49,False,NORMAL,NORMAL,0.778
2026-09-03 12:30:00,26.450710413616587,26.45,-0.001,1.425,23.66,29.24,22.78,30.12,1006.2125305675689,1006.21,-0.0,1.422,1003.43,1009.0,1002.55,1009.87,51.39955215025263,51.4,-0.002,1.979,47.52,55.28,46.3,56.5,4.851028211557967,4.83,0.025,1.493,1.9,7.75,0.98,8.67,False,NORMAL,NORMAL,0.861
2026-09-03 12:35:00,26.643976965454357,26.64,-0.001,1.425,23.85,29.44,22.97,30.31,1006.3229649106934,1006.32,-0.0,1.422,1003.54,1009.11,1002.66,1009.99,53.148879258031585,53.15,-0.002,1.98,49.27,57.03,48.05,58.25,8.06139165894417,8.04,0.025,1.493,5.11,10.96,4.19,11.88,False,NORMAL,NORMAL,0.776
2026-09-03 12:40:00,26.3472138351269,26.35,-0.001,1.425,23.56,29.14,22.68,30.02,1005.891114641901,1005.89,-0.0,1.422,1003.1,1008.68,1002.23,1009.55,52.088017066396056,52.09,-0.002,1.98,48.21,55.97,46.99,57.19,1.851939863332804,1.83,0.025,1.493,0.0,4.75,0.0,5.67,False,NORMAL,NORMAL,0.707
2026-09-03 12:45:00,26.306506090245215,26.31,-0.001,1.425,23.51,29.1,22.64,29.98,1006.2554568619888,1006.26,-0.0,1.422,1003.47,1009.04,1002.59,1009.92,53.893376176522,53.89,-0.002,1.98,50.01,57.78,48.8,58.99,12.336978070077272,12.31,0.025,1.493,9.39,15.24,8.47,16.16,False,NORMAL,NORMAL,0.478
2026-09-03 12:50:00,26.747385771454724,26.75,-0.001,1.425,23.96,29.54,23.08,30.42,1006.3636749379233,1006.36,-0.0,1.422,1003.58,1009.15,1002.7,1010.03,52.75913083303093,52.76,-0.002,1.98,48.88,56.64,47.66,57.86,3.8119738319376353,3.79,0.025,1.493,0.86,6.71,0.0,7.63,False,NORMAL,NORMAL,0.738
2026-09-03 12:55:00,26.325401941430275,26.33,-0.001,1.425,23.53,29.12,22.66,30.0,1006.1805212339228,1006.18,-0.0,1.422,1003.39,1008.97,1002.52,1009.84,53.28142363777978,53.28,-0.002,1.98,49.4,57.16,48.18,58.38,21.565495298981688,21.54,0.025,1.493,18.61,24.47,17.69,25.39,False,NORMAL,NORMAL,0.493
2026-09-03 13:00:00,26.92421523392295,26.92,-0.001,1.425,24.13,29.72,23.25,30.6,1006.4350292010123,1006.44,-0.0,1.422,1003.65,1009.22,1002.77,1010.1,50.75979495987787,50.76,-0.002,1.98,46.88,54.64,45.66,55.86,3.3075950231269062,3.28,0.025,1.493,0.36,6.21,0.0,7.13,False,NORMAL,NORMAL,0.599
2026-09-03 13:05:00,26.12048120257628,26.12,-0.001,1.425,23.33,28.91,22.45,29.79,1006.3685745111995,1006.37,-0.0,1.422,1003.58,1009.16,1002.71,1010.03,53.859827246390786,53.86,-0.002,1.98,49.98,57.74,48.76,58.96,9.27951772771554,9.25,0.025,1.493,6.33,12.18,5.41,13.1,False,NORMAL,NORMAL,0.669
2026-09-03 13:10:00,27.250194328650565,27.25,-0.001,1.425,24.46,30.04,23.58,30.92,1006.6830384089507,1006.68,-0.0,1.422,1003.9,1009.47,1003.02,1010.35,49.03861405921352,49.04,-0.002,1.98,45.16,52.92,43.94,54.14,3.8456299147294346,3.82,0.025,1.493,0.89,6.75,0.0,7.67,False,NORMAL,NORMAL,0.641
2026-09-03 13:15:00,27.06098665206963,27.06,-0.001,1.425,24.27,29.85,23.39,30.73,1006.6745031367134,1006.67,-0.0,1.422,1003.89,1009.46,1003.01,1010.34,50.30678887090609,50.31,-0.002,1.98,46.43,54.19,45.21,55.41,2.2234126006753447,2.2,0.025,1.493,0.0,5.13,0.0,6.05,False,NORMAL,NORMAL,0.824
2026-09-03 13:20:00,27.004156298022696,27.0,-0.001,1.425,24.21,29.8,23.33,30.68,1006.3859311801366,1006.39,-0.0,1.422,1003.6,1009.17,1002.72,1010.05,52.19680711048353,52.2,-0.002,1.98,48.32,56.08,47.1,57.3,11.053992599029062,11.03,0.025,1.493,8.1,13.96,7.18,14.88,False,NORMAL,NORMAL,0.655
2026-09-03 13:25:00,27.320983479634673,27.32,-0.001,1.425,24.53,30.11,23.65,30.99,1006.4489078029774,1006.45,-0.0,1.422,1003.66,1009.24,1002.79,1010.11,50.44925491475613,50.45,-0.002,1.98,46.57,54.33,45.35,55.55,10.736566342856277,10.71,0.025,1.493,7.78,13.64,6.86,14.56,False,NORMAL,NORMAL,0.723
2026-09-03 13:30:00,27.616612039095788,27.62,-0.001,1.425,24.82,30.41,23.95,31.29,1006.4747165926187,1006.47,-0.0,1.422,1003.69,1009.26,1002.81,1010.14,49.52521807997704,49.53,-0.002,1.98,45.65,53.41,44.43,54.63,5.52187565341147,5.5,0.025,1.493,2.57,8.42,1.65,9.34,False,NORMAL,NORMAL,0.777
2026-09-03 13:35:00,27.37502629960277,27.38,-0.001,1.425,24.58,30.17,23.71,31.05,1006.4309463133013,1006.43,-0.0,1.422,1003.64,1009.22,1002.77,1010.09,48.22005656068497,48.22,-0.002,1.98,44.34,52.1,43.12,53.32,8.462573686106287,8.44,0.025,1.493,5.51,11.36,4.59,12.28,False,NORMAL,NORMAL,0.836
2026-09-03 13:40:00,26.2481155661051,26.25,-0.001,1.425,23.46,29.04,22.58,29.92,1006.5395172130194,1006.54,-0.0,1.422,1003.75,1009.33,1002.88,1010.2,53.213945085192776,53.22,-0.002,1.98,49.33,57.1,48.11,58.32,6.940962028287645,6.92,0.025,1.493,3.99,9.84,3.07,10.76,False,NORMAL,NORMAL,0.69
2026-09-03 13:45:00,26.48414436239115,26.48,-0.001,1.425,23.69,29.28,22.81,30.16,1006.4068445240365,1006.41,-0.0,1.422,1003.62,1009.19,1002.74,1010.07,52.71407480476082,52.72,-0.002,1.98,48.83,56.6,47.61,57.82,10.654639668037621,10.63,0.025,1.494,7.7,13.56,6.78,14.48,False,NORMAL,NORMAL,0.743
2026-09-03 13:50:00,26.753874247301354,26.75,-0.001,1.425,23.96,29.55,23.08,30.43,1006.3601492445321,1006.36,-0.0,1.422,1003.57,1009.15,1002.7,1010.02,49.21628151674446,49.22,-0.002,1.98,45.34,53.1,44.12,54.32,4.735420917941623,4.71,0.025,1.494,1.78,7.64,0.86,8.56,False,NORMAL,NORMAL,0.803
2026-09-03 13:55:00,27.01837680385214,27.02,-0.001,1.425,24.23,29.81,23.35,30.69,1006.6312131238302,1006.63,-0.0,1.422,1003.84,1009.42,1002.97,1010.29,51.23430319109428,51.24,-0.002,1.981,47.35,55.12,46.13,56.34,6.6307175415840724,6.61,0.025,1.494,3.68,9.53,2.76,10.45,False,NORMAL,NORMAL,0.758
2026-09-03 14:00:00,27.21545221664411,27.22,-0.001,1.425,24.42,30.01,23.55,30.89,1006.6392922895286,1006.64,-0.0,1.422,1003.85,1009.43,1002.98,1010.3,50.51576619399026,50.52,-0.002,1.981,46.64,54.4,45.42,55.62,6.275909507257571,6.25,0.025,1.494,3.32,9.18,2.4,10.1,False,NORMAL,NORMAL,0.812
2026-09-03 14:05:00,26.7148479776409,26.72,-0.001,1.425,23.92,29.51,23.04,30.39,1006.4303470766777,1006.43,-0.0,1.422,1003.64,1009.22,1002.77,1010.09,52.469802727093764,52.47,-0.002,1.981,48.59,56.35,47.37,57.57,5.088707457409912,5.06,0.025,1.494,2.14,7.99,1.22,8.91,False,NORMAL,NORMAL,0.78
2026-09-03 14:10:00,27.0729187310321,27.07,-0.001,1.425,24.28,29.87,23.4,30.74,1006.6905903496095,1006.69,-0.0,1.422,1003.9,1009.48,1003.03,1010.35,49.32649856387126,49.33,-0.002,1.981,45.45,53.21,44.23,54.43,11.471148450290102,11.45,0.025,1.494,8.52,14.37,7.6,15.29,False,NORMAL,NORMAL,0.728
2026-09-03 14:15:00,26.685437767914053,26.69,-0.001,1.425,23.89,29.48,23.02,30.36,1006.466091805554,1006.47,-0.0,1.422,1003.68,1009.25,1002.8,1010.13,49.25832893958653,49.26,-0.002,1.981,45.38,53.14,44.16,54.36,3.2772856648709623,3.25,0.025,1.494,0.32,6.18,0.0,7.1,False,NORMAL,NORMAL,0.771
2026-09-03 14:20:00,26.728679699880416,26.73,-0.001,1.425,23.94,29.52,23.06,30.4,1006.6026831773336,1006.6,-0.0,1.422,1003.82,1009.39,1002.94,1010.27,52.51425747231076,52.52,-0.002,1.981,48.63,56.4,47.41,57.62,3.0952571329110854,3.07,0.025,1.494,0.14,6.0,0.0,6.92,False,NORMAL,NORMAL,0.764
2026-09-03 14:25:00,26.392641602293693,26.39,-0.001,1.425,23.6,29.19,22.72,30.06,1006.6910697358546,1006.69,-0.0,1.422,1003.9,1009.48,1003.03,1010.35,53.557051685735274,53.56,-0.002,1.981,49.68,57.44,48.46,58.66,7.129261464686173,7.1,0.025,1.494,4.18,10.03,3.26,10.95,False,NORMAL,NORMAL,0.781
2026-09-03 14:30:00,26.564363478180926,26.57,-0.001,1.425,23.77,29.36,22.89,30.24,1006.5658086070039,1006.57,-0.0,1.422,1003.78,1009.35,1002.9,1010.23,50.12310925346153,50.12,-0.002,1.981,46.24,54.01,45.02,55.23,7.950917055440364,7.93,0.025,1.494,5.0,10.85,4.08,11.77,False,NORMAL,NORMAL,0.84
2026-09-03 14:35:00,26.36767515840997,26.37,-0.001,1.425,23.58,29.16,22.7,30.04,1006.6415107027713,1006.64,-0.0,1.422,1003.86,1009.43,1002.98,1010.3,52.1447294747763,52.15,-0.002,1.981,48.26,56.03,47.04,57.25,3.5703687057199893,3.55,0.025,1.494,0.62,6.47,0.0,7.39,False,NORMAL,NORMAL,0.853
2026-09-03 14:40:00,26.48904517690428,26.49,-0.001,1.425,23.7,29.28,22.82,30.16,1006.4979961304047,1006.5,-0.0,1.422,1003.71,1009.28,1002.84,1010.16,54.452383175476626,54.45,-0.002,1.981,50.57,58.34,49.35,59.56,5.39649236555489,5.37,0.025,1.494,2.44,8.3,1.52,9.22,False,NORMAL,NORMAL,0.802
2026-09-03 14:45:00,27.268263479130738,27.27,-0.001,1.425,24.48,30.06,23.6,30.94,1006.5479596926032,1006.55,-0.0,1.422,1003.76,1009.33,1002.89,1010.21,49.003202636851604,49.0,-0.002,1.981,45.12,52.89,43.9,54.11,13.106280042932724,13.08,0.025,1.494,10.15,16.01,9.23,16.93,False,NORMAL,NORMAL,0.646
2026-09-03 14:50:00,26.430841623983767,26.43,-0.001,1.425,23.64,29.22,22.76,30.1,1006.5484248649736,1006.55,-0.0,1.422,1003.76,1009.34,1002.89,1010.21,51.797431617144575,51.8,-0.002,1.981,47.92,55.68,46.7,56.9,4.06979315163705,4.04,0.025,1.494,1.12,6.97,0.2,7.89,False,NORMAL,NORMAL,0.755
2026-09-03 14:55:00,27.823747665646433,27.82,-0.001,1.425,25.03,30.62,24.15,31.5,1006.4691935892538,1006.47,-0.0,1.422,1003.68,1009.26,1002.81,1010.13,48.34561316187097,48.35,-0.002,1.981,44.46,52.23,43.24,53.45,8.023189692416283,8.0,0.025,1.494,5.07,10.93,4.15,11.85,False,NORMAL,NORMAL,0.556
2026-09-03 15:00:00,26.9247337706649,26.93,-0.001,1.425,24.13,29.72,23.25,30.6,1006.5566410792975,1006.56,-0.0,1.422,1003.77,1009.34,1002.89,1010.22,48.25435277406035,48.26,-0.002,1.981,44.37,52.14,43.15,53.36,8.85177254408008,8.83,0.025,1.494,5.9,11.75,4.98,12.68,False,NORMAL,NORMAL,0.778
2026-09-03 15:05:00,26.754391565770764,26.76,-0.001,1.425,23.96,29.55,23.08,30.43,1006.3530396448457,1006.35,-0.0,1.422,1003.57,1009.14,1002.69,1010.02,50.936928929156856,50.94,-0.002,1.981,47.05,54.82,45.83,56.04,5.868933655864075,5.84,0.025,1.494,2.92,8.77,2.0,9.69,False,NORMAL,NORMAL,0.841
2026-09-03 15:10:00,26.286625616470406,26.29,-0.001,1.425,23.49,29.08,22.62,29.96,1006.514130853475,1006.51,-0.0,1.422,1003.73,1009.3,1002.85,1010.18,51.847490817984905,51.85,-0.002,1.981,47.97,55.73,46.74,56.95,12.652743898922736,12.63,0.025,1.494,9.7,15.56,8.78,16.48,False,NORMAL,NORMAL,0.757
2026-09-03 15:15:00,26.856089504986205,26.86,-0.001,1.425,24.06,29.65,23.19,30.53,1006.5479382784334,1006.55,-0.0,1.422,1003.76,1009.33,1002.89,1010.21,50.76343187726377,50.76,-0.002,1.982,46.88,54.65,45.66,55.87,8.759542032370431,8.73,0.025,1.494,5.81,11.66,4.89,12.58,False,NORMAL,NORMAL,0.82
2026-09-03 15:20:00,26.28821828978971,26.29,-0.001,1.425,23.5,29.08,22.62,29.96,1006.5555999237636,1006.56,-0.0,1.422,1003.77,1009.34,1002.89,1010.22,52.20131989659209,52.2,-0.002,1.982,48.32,56.09,47.1,57.31,5.9216430455079365,5.9,0.025,1.494,2.97,8.82,2.05,9.75,False,NORMAL,NORMAL,0.859
2026-09-03 15:25:00,26.506323797034952,26.51,-0.001,1.425,23.71,29.3,22.84,30.18,1006.561748014234,1006.56,-0.0,1.422,1003.78,1009.35,1002.9,1010.22,51.41256131390507,51.41,-0.002,1.982,47.53,55.3,46.31,56.52,6.930054280150384,6.9,0.025,1.494,3.98,9.83,3.06,10.75,False,NORMAL,NORMAL,0.867
2026-09-03 15:30:00,27.417167961032618,27.42,-0.001,1.425,24.62,30.21,23.75,31.09,1006.5933383080935,1006.59,-0.0,1.422,1003.81,1009.38,1002.93,1010.26,49.14891803423188,49.15,-0.002,1.982,45.27,53.03,44.05,54.26,8.181210969983672,8.16,0.025,1.494,5.23,11.08,4.31,12.0,False,NORMAL,NORMAL,0.836
2026-09-03 15:35:00,26.286923208320143,26.29,-0.001,1.425,23.49,29.08,22.62,29.96,1006.6799291906407,1006.68,-0.0,1.422,1003.89,1009.47,1003.02,1010.34,50.43710878773054,50.44,-0.002,1.982,46.55,54.32,45.33,55.54,7.1160364973403745,7.09,0.025,1.494,4.16,10.02,3.24,10.94,False,NORMAL,NORMAL,0.791
2026-09-03 15:40:00,26.713900863150705,26.71,-0.001,1.425,23.92,29.51,23.04,30.39,1006.7454742912029,1006.75,-0.0,1.422,1003.96,1009.53,1003.08,1010.41,51.13564371337696,51.14,-0.002,1.982,47.25,55.02,46.03,56.24,10.884114328605492,10.86,0.025,1.494,7.93,13.79,7.01,14.71,False,NORMAL,NORMAL,0.82
2026-09-03 15:45:00,25.8984309171577,25.9,-0.001,1.425,23.11,28.69,22.23,29.57,1006.524082166816,1006.52,-0.0,1.422,1003.74,1009.31,1002.86,1010.19,50.53693590899008,50.54,-0.002,1.982,46.65,54.42,45.43,55.64,4.965197504226344,4.94,0.025,1.494,2.01,7.87,1.09,8.79,False,NORMAL,NORMAL,0.798
2026-09-03 15:50:00,26.087917521813395,26.09,-0.001,1.425,23.3,28.88,22.42,29.76,1006.4493747155127,1006.45,-0.0,1.422,1003.66,1009.24,1002.79,1010.11,50.1691925596721,50.17,-0.002,1.982,46.29,54.06,45.07,55.28,4.449141083936551,4.42,0.025,1.494,1.5,7.35,0.57,8.27,False,NORMAL,NORMAL,0.859
2026-09-03 15:55:00,26.729183586177278,26.73,-0.001,1.425,23.94,29.52,23.06,30.4,1006.4830032963359,1006.48,-0.0,1.422,1003.7,1009.27,1002.82,1010.15,51.74470071873992,51.75,-0.002,1.982,47.86,55.63,46.64,56.85,3.6438506982650196,3.62,0.025,1.494,0.69,6.55,0.0,7.47,False,NORMAL,NORMAL,0.782
2026-09-03 16:00:00,25.685805015616864,25.69,-0.001,1.425,22.89,28.48,22.01,29.36,1006.5769195618208,1006.58,-0.0,1.422,1003.79,1009.36,1002.91,1010.24,53.6796510083257,53.68,-0.002,1.982,49.8,57.57,48.58,58.79,1.4533038504425044,1.43,0.025,1.494,0.0,4.36,0.0,5.28,False,NORMAL,NORMAL,0.788
2026-09-03 16:05:00,26.57411855571088,26.57,-0.001,1.425,23.78,29.37,22.9,30.25,1006.6092224645838,1006.61,-0.0,1.422,1003.82,1009.4,1002.95,1010.27,50.52672600579001,50.53,-0.002,1.982,46.64,54.41,45.42,55.63,1.54762110269571,1.52,0.025,1.494,0.0,4.45,0.0,5.37,False,NORMAL,NORMAL,0.766
2026-09-03 16:10:00,26.04164824641004,26.04,-0.001,1.425,23.25,28.84,22.37,29.71,1006.5599260485375,1006.56,-0.0,1.422,1003.77,1009.35,1002.9,1010.22,51.52333352070691,51.52,-0.002,1.982,47.64,55.41,46.42,56.63,10.5073618511,10.48,0.025,1.494,7.55,13.41,6.63,14.33,False,NORMAL,NORMAL,0.789
2026-09-03 16:15:00,25.439873951239253,25.44,-0.001,1.425,22.65,28.23,21.77,29.11,1006.4959080609559,1006.5,-0.0,1.422,1003.71,1009.28,1002.83,1010.16,53.798437974275906,53.8,-0.002,1.982,49.91,57.69,48.69,58.91,7.806322945038962,7.78,0.025,1.494,4.85,10.71,3.93,11.63,False,NORMAL,NORMAL,0.862
2026-09-03 16:20:00,25.82108712383794,25.82,-0.001,1.425,23.03,28.62,22.15,29.49,1006.6383715172224,1006.64,-0.0,1.422,1003.85,1009.43,1002.98,1010.3,54.27044507528459,54.27,-0.002,1.982,50.39,58.16,49.17,59.38,7.589924503620404,7.56,0.025,1.494,4.64,10.49,3.72,11.41,False,NORMAL,NORMAL,0.847
2026-09-03 16:25:00,25.85740618180751,25.86,-0.001,1.425,23.06,28.65,22.19,29.53,1006.7521077142464,1006.75,-0.0,1.422,1003.97,1009.54,1003.09,1010.41,52.69007226395748,52.69,-0.002,1.982,48.81,56.58,47.58,57.8,7.103355551980224,7.08,0.025,1.494,4.15,10.01,3.23,10.93,False,NORMAL,NORMAL,0.861
2026-09-03 16:30:00,25.614414077537035,25.62,-0.001,1.425,22.82,28.41,21.94,29.29,1006.8339654405396,1006.83,-0.0,1.422,1004.05,1009.62,1003.17,1010.5,52.92454495157253,52.93,-0.002,1.982,49.04,56.81,47.82,58.03,9.965825690120472,9.94,0.025,1.495,7.01,12.87,6.09,13.79,False,NORMAL,NORMAL,0.836
2026-09-03 16:35:00,24.632000979101257,24.63,-0.001,1.425,21.84,27.43,20.96,28.3,1006.6826983594137,1006.68,-0.0,1.422,1003.9,1009.47,1003.02,1010.35,58.34414905906209,58.35,-0.002,1.983,54.46,62.23,53.24,63.45,5.8373551870278995,5.81,0.025,1.495,2.88,8.74,1.96,9.66,False,NORMAL,NORMAL,0.652
2026-09-03 16:40:00,24.860783054821358,24.86,-0.001,1.425,22.07,27.66,21.19,28.53,1006.7278136361153,1006.73,-0.0,1.422,1003.94,1009.51,1003.07,1010.39,58.46265144514532,58.46,-0.002,1.983,54.58,62.35,53.36,63.57,10.271171559451309,10.25,0.025,1.495,7.32,13.18,6.4,14.1,False,NORMAL,NORMAL,0.73
2026-09-03 16:45:00,24.941376421489785,24.94,-0.001,1.425,22.15,27.74,21.27,28.61,1006.6761247377584,1006.68,-0.0,1.422,1003.89,1009.46,1003.01,1010.34,55.45143873405695,55.45,-0.002,1.983,51.57,59.34,50.35,60.56,4.774598338189612,4.75,0.025,1.495,1.82,7.68,0.9,8.6,False,NORMAL,NORMAL,0.829
2026-09-03 16:50:00,24.896609339601817,24.9,-0.001,1.425,22.1,27.69,21.23,28.57,1006.8377551171764,1006.84,-0.0,1.422,1004.05,1009.62,1003.18,1010.5,56.38236067371188,56.38,-0.002,1.983,52.5,60.27,51.28,61.49,11.513224604851366,11.49,0.025,1.495,8.56,14.42,7.64,15.34,False,NORMAL,NORMAL,0.812
2026-09-03 16:55:00,25.057958621263637,25.06,-0.001,1.425,22.26,27.85,21.39,28.73,1006.744580737118,1006.74,-0.0,1.422,1003.96,1009.53,1003.08,1010.41,53.69594251937147,53.7,-0.002,1.983,49.81,57.58,48.59,58.81,7.764231863718626,7.74,0.025,1.495,4.81,10.67,3.89,11.59,False,NORMAL,NORMAL,0.832
2026-09-03 17:00:00,24.761442171190293,24.76,-0.001,1.425,21.97,27.56,21.09,28.43,1006.9892744048169,1006.99,-0.0,1.422,1004.2,1009.78,1003.33,1010.65,57.30363112464228,57.31,-0.002,1.983,53.42,61.19,52.2,62.41,3.8470856296074345,3.82,0.025,1.495,0.89,6.75,0.0,7.67,False,NORMAL,NORMAL,0.807
2026-09-03 17:05:00,24.03431892016297,24.04,-0.001,1.426,21.24,26.83,20.36,27.71,1006.6690215788855,1006.67,-0.0,1.422,1003.88,1009.46,1003.01,1010.33,58.015505552056446,58.02,-0.002,1.983,54.13,61.9,52.91,63.13,6.397920992188802,6.37,0.025,1.495,3.44,9.3,2.52,10.22,False,NORMAL,NORMAL,0.806
2026-09-03 17:10:00,24.5961128647575,24.6,-0.001,1.426,21.8,27.39,20.92,28.27,1006.9187357287261,1006.92,-0.0,1.422,1004.13,1009.71,1003.26,1010.58,57.691734910254496,57.69,-0.002,1.983,53.81,61.58,52.59,62.8,6.096487042235362,6.07,0.025,1.495,3.14,9.0,2.22,9.92,False,NORMAL,NORMAL,0.821
2026-09-03 17:15:00,24.561387763359374,24.56,-0.001,1.426,21.77,27.36,20.89,28.23,1007.0558495407018,1007.06,-0.0,1.422,1004.27,1009.84,1003.39,1010.72,56.55304078114206,56.55,-0.002,1.983,52.67,60.44,51.45,61.66,2.6773884877982908,2.65,0.025,1.495,0.0,5.58,0.0,6.5,False,NORMAL,NORMAL,0.856
2026-09-03 17:20:00,24.41179379762811,24.41,-0.001,1.426,21.62,27.21,20.74,28.08,1007.078524891617,1007.08,-0.0,1.422,1004.29,1009.87,1003.42,1010.74,58.5690697465943,58.57,-0.002,1.983,54.68,62.46,53.46,63.68,6.5397396846016855,6.51,0.025,1.495,3.58,9.44,2.66,10.37,False,NORMAL,NORMAL,0.864
2026-09-03 17:25:00,24.48858139674162,24.49,-0.001,1.426,21.7,27.28,20.82,28.16,1007.4974684112483,1007.5,-0.0,1.422,1004.71,1010.28,1003.83,1011.16,56.444029521929046,56.45,-0.002,1.983,52.56,60.33,51.34,61.55,4.228247881370196,4.2,0.025,1.495,1.27,7.13,0.35,8.05,False,NORMAL,NORMAL,0.802
2026-09-03 17:30:00,24.25596087418946,24.26,-0.001,1.426,21.46,27.05,20.58,27.93,1007.1908746544855,1007.19,-0.0,1.422,1004.4,1009.98,1003.53,1010.85,58.99774636434777,59.0,-0.002,1.983,55.11,62.89,53.89,64.11,1.585897129869361,1.56,0.025,1.495,0.0,4.49,0.0,5.41,False,NORMAL,NORMAL,0.78
2026-09-03 17:35:00,23.969983580469876,23.97,-0.001,1.426,21.18,26.76,20.3,27.64,1007.0350415091989,1007.04,-0.0,1.422,1004.25,1009.82,1003.37,1010.7,58.14619387179852,58.15,-0.002,1.983,54.26,62.04,53.04,63.26,11.71886812137975,11.69,0.025,1.495,8.76,14.62,7.84,15.54,False,NORMAL,NORMAL,0.781
2026-09-03 17:40:00,23.620027742679277,23.62,-0.001,1.426,20.83,26.41,19.95,27.29,1007.2209507810171,1007.22,-0.0,1.422,1004.43,1010.01,1003.56,1010.88,60.53316677617032,60.53,-0.002,1.983,56.65,64.42,55.43,65.64,6.848539962232455,6.82,0.025,1.495,3.89,9.75,2.97,10.67,False,NORMAL,NORMAL,0.818
2026-09-03 17:45:00,22.843422453057475,22.84,-0.001,1.426,20.05,25.64,19.17,26.52,1007.0208475220073,1007.02,-0.0,1.422,1004.23,1009.81,1003.36,1010.68,61.98159720088019,61.98,-0.002,1.983,58.1,65.87,56.87,67.09,9.729664134696398,9.7,0.025,1.495,6.77,12.63,5.85,13.56,False,NORMAL,NORMAL,0.815
2026-09-03 17:50:00,23.537365647669716,23.54,-0.001,1.426,20.74,26.33,19.87,27.21,1007.3296152748806,1007.33,-0.0,1.422,1004.54,1010.12,1003.67,1010.99,59.17190780026688,59.17,-0.002,1.983,55.29,63.06,54.06,64.28,7.094272147363661,7.07,0.025,1.495,4.14,10.0,3.22,10.92,False,NORMAL,NORMAL,0.781
2026-09-03 17:55:00,23.304373118789616,23.31,-0.001,1.426,20.51,26.1,19.63,26.98,1007.2735833667246,1007.27,-0.0,1.422,1004.49,1010.06,1003.61,1010.94,61.088990431187476,61.09,-0.002,1.984,57.2,64.98,55.98,66.2,4.413269269524889,4.39,0.025,1.495,1.46,7.32,0.54,8.24,False,NORMAL,NORMAL,0.848
2026-09-03 18:00:00,23.18384779833268,23.18,-0.001,1.426,20.39,25.98,19.51,26.86,1007.5951073529529,1007.6,-0.0,1.422,1004.81,1010.38,1003.93,1011.26,61.22942586784179,61.23,-0.002,1.984,57.34,65.12,56.12,66.34,5.595814786905291,5.57,0.025,1.495,2.64,8.5,1.72,9.42,False,NORMAL,NORMAL,0.851
2026-09-03 18:05:00,22.41664490924361,22.42,-0.001,1.426,19.62,25.21,18.74,26.09,1007.4370456824977,1007.44,-0.0,1.422,1004.65,1010.22,1003.77,1011.1,64.51148699623351,64.51,-0.002,1.984,60.63,68.4,59.4,69.62,6.959798338944764,6.93,0.025,1.495,4.0,9.86,3.08,10.79,False,NORMAL,NORMAL,0.805
2026-09-03 18:10:00,22.34533187875964,22.35,-0.001,1.426,19.55,25.14,18.67,26.02,1007.5660566491914,1007.57,-0.0,1.422,1004.78,1010.35,1003.9,1011.23,65.75010051243888,65.75,-0.002,1.984,61.86,69.64,60.64,70.86,11.701713615950423,11.68,0.025,1.495,8.75,14.61,7.83,15.53,False,NORMAL,NORMAL,0.802
2026-09-03 18:15:00,23.047780960725,23.05,-0.001,1.426,20.25,25.84,19.38,26.72,1007.5547412510043,1007.55,-0.0,1.422,1004.77,1010.34,1003.89,1011.22,62.47731588662904,62.48,-0.002,1.984,58.59,66.37,57.37,67.59,3.501347762370383,3.48,0.025,1.495,0.55,6.41,0.0,7.33,False,NORMAL,NORMAL,0.762
2026-09-03 18:20:00,22.457892173695704,22.46,-0.001,1.426,19.66,25.25,18.79,26.13,1007.979801939759,1007.98,-0.0,1.422,1005.19,1010.77,1004.32,1011.64,66.50678365352151,66.51,-0.002,1.984,62.62,70.4,61.4,71.62,9.271477909204554,9.25,0.025,1.495,6.32,12.18,5.39,13.1,False,NORMAL,NORMAL,0.536
2026-09-03 18:25:00,22.592012740789354,22.59,-0.001,1.426,19.8,25.39,18.92,26.27,1007.7420660773344,1007.74,-0.0,1.422,1004.96,1010.53,1004.08,1011.41,62.4928832876503,62.49,-0.002,1.984,58.61,66.38,57.38,67.61,10.253618825737206,10.23,0.025,1.495,7.3,13.16,6.38,14.08,False,NORMAL,NORMAL,0.745
2026-09-03 18:30:00,22.175017330505696,22.18,-0.001,1.426,19.38,24.97,18.5,25.85,1008.1387719899202,1008.14,-0.0,1.422,1005.35,1010.93,1004.48,1011.8,66.25863845868052,66.26,-0.002,1.984,62.37,70.15,61.15,71.37,6.681376896681741,6.66,0.025,1.495,3.73,9.59,2.8,10.51,False,NORMAL,NORMAL,0.763
2026-09-03 18:35:00,22.01852545200603,22.02,-0.001,1.426,19.22,24.81,18.35,25.69,1008.0619793161486,1008.06,-0.0,1.422,1005.28,1010.85,1004.4,1011.72,64.42118611020501,64.42,-0.002,1.984,60.53,68.31,59.31,69.53,10.304458429425408,10.28,0.025,1.495,7.35,13.21,6.43,14.13,False,NORMAL,NORMAL,0.804
2026-09-03 18:40:00,22.223601928145712,22.22,-0.001,1.426,19.43,25.02,18.55,25.9,1008.0904371442492,1008.09,-0.0,1.422,1005.3,1010.88,1004.43,1011.75,66.78666699668632,66.79,-0.002,1.984,62.9,70.68,61.68,71.9,4.45328638762826,4.43,0.025,1.495,1.5,7.36,0.58,8.28,False,NORMAL,NORMAL,0.832
2026-09-03 18:45:00,21.482345865303042,21.48,-0.001,1.426,18.69,24.28,17.81,25.16,1008.1539762923774,1008.15,-0.0,1.422,1005.37,1010.94,1004.49,1011.82,68.02922948876977,68.03,-0.002,1.984,64.14,71.92,62.92,73.14,10.854473010716488,10.83,0.025,1.495,7.9,13.76,6.98,14.68,False,NORMAL,NORMAL,0.801
2026-09-03 18:50:00,21.566575522829613,21.57,-0.001,1.426,18.77,24.36,17.89,25.24,1008.2405057492483,1008.24,-0.0,1.422,1005.45,1011.03,1004.58,1011.9,64.29108123995564,64.29,-0.002,1.984,60.4,68.18,59.18,69.4,6.786922685716089,6.76,0.025,1.495,3.83,9.69,2.91,10.61,False,NORMAL,NORMAL,0.836
2026-09-03 18:55:00,21.181547398163666,21.18,-0.001,1.426,18.39,23.98,17.51,24.86,1007.9772437774247,1007.98,-0.0,1.422,1005.19,1010.76,1004.31,1011.64,68.56932837801367,68.57,-0.002,1.984,64.68,72.46,63.46,73.68,1.2668868855692208,1.24,0.025,1.495,0.0,4.17,0.0,5.09,False,NORMAL,NORMAL,0.745
2026-09-03 19:00:00,21.030035452488818,21.03,-0.001,1.426,18.24,23.83,17.36,24.7,1008.3116634226981,1008.31,-0.0,1.422,1005.52,1011.1,1004.65,1011.97,68.78179064048533,68.78,-0.002,1.984,64.89,72.67,63.67,73.9,9.351192170971402,9.33,0.025,1.495,6.4,12.26,5.47,13.18,False,NORMAL,NORMAL,0.739
2026-09-03 19:05:00,20.91666743697725,20.92,-0.001,1.426,18.12,23.71,17.24,24.59,1008.5694638743847,1008.57,-0.0,1.422,1005.78,1011.36,1004.91,1012.23,67.91994325428064,67.92,-0.002,1.984,64.03,71.81,62.81,73.03,4.902534059208536,4.88,0.025,1.495,1.95,7.81,1.03,8.73,False,NORMAL,NORMAL,0.863
2026-09-03 19:10:00,20.96489830057434,20.97,-0.001,1.426,18.17,23.76,17.29,24.64,1008.5265892800791,1008.53,-0.0,1.422,1005.74,1011.31,1004.86,1012.19,71.35591126316561,71.36,-0.002,1.984,67.47,75.25,66.25,76.47,4.693448418900252,4.67,0.025,1.495,1.74,7.6,0.82,8.52,False,NORMAL,NORMAL,0.842
2026-09-03 19:15:00,20.5195406874451,20.52,-0.001,1.426,17.73,23.32,16.85,24.19,1008.4163612734714,1008.42,-0.0,1.422,1005.63,1011.2,1004.75,1012.08,71.31728146914922,71.32,-0.002,1.985,67.43,75.21,66.21,76.43,5.420553920620601,5.4,0.025,1.495,2.46,8.33,1.54,9.25,False,NORMAL,NORMAL,0.872
2026-09-03 19:20:00,21.04770583306346,21.05,-0.001,1.426,18.25,23.84,17.38,24.72,1008.7144164066193,1008.71,-0.0,1.422,1005.93,1011.5,1005.05,1012.38,68.01131014096255,68.01,-0.002,1.985,64.12,71.9,62.9,73.13,2.365972325003168,2.34,0.025,1.496,0.0,5.27,0.0,6.19,False,NORMAL,NORMAL,0.796
2026-09-03 19:25:00,20.021373024343983,20.02,-0.001,1.426,17.23,22.82,16.35,23.7,1009.0748874200696,1009.08,-0.0,1.422,1006.29,1011.86,1005.41,1012.74,73.39033459754407,73.39,-0.002,1.985,69.5,77.28,68.28,78.5,4.6432622445192235,4.62,0.025,1.496,1.69,7.55,0.77,8.47,False,NORMAL,NORMAL,0.718
2026-09-03 19:30:00,20.137810889170765,20.14,-0.001,1.426,17.34,22.93,16.47,23.81,1009.1050894928528,1009.11,-0.0,1.422,1006.32,1011.89,1005.44,1012.77,73.47709484382769,73.48,-0.002,1.985,69.59,77.37,68.37,78.59,7.7180151799941585,7.69,0.025,1.496,4.76,10.62,3.84,11.55,False,NORMAL,NORMAL,0.826
2026-09-03 19:35:00,19.86962375925986,19.87,-0.001,1.426,17.08,22.67,16.2,23.54,1009.0092581222375,1009.01,-0.0,1.422,1006.22,1011.8,1005.35,1012.67,74.19790468975341,74.2,-0.002,1.985,70.31,78.09,69.09,79.31,0.7169460941919328,0.69,0.025,1.496,0.0,3.62,0.0,4.54,False,NORMAL,NORMAL,0.775
2026-09-03 19:40:00,20.456959233365033,20.46,-0.001,1.426,17.66,23.25,16.78,24.13,1009.2634240915629,1009.26,-0.0,1.422,1006.48,1012.05,1005.6,1012.93,72.4334820430572,72.44,-0.002,1.985,68.54,76.33,67.32,77.55,3.2132640193827964,3.19,0.025,1.496,0.26,6.12,0.0,7.04,False,NORMAL,NORMAL,0.815
2026-09-03 19:45:00,19.789219568813778,19.79,-0.001,1.426,17.0,22.58,16.12,23.46,1009.1694468139151,1009.17,-0.0,1.422,1006.38,1011.96,1005.51,1012.83,75.83146554413538,75.83,-0.002,1.985,71.94,79.72,70.72,80.95,0.27979132371421417,0.25,0.025,1.496,0.0,3.19,0.0,4.11,False,NORMAL,NORMAL,0.772
2026-09-03 19:50:00,19.955625308013044,19.96,-0.001,1.426,17.16,22.75,16.28,23.63,1009.0740468909161,1009.07,-0.0,1.422,1006.29,1011.86,1005.41,1012.74,71.23557791539382,71.24,-0.002,1.985,67.35,75.13,66.12,76.35,4.102111956865384,4.08,0.025,1.496,1.15,7.01,0.22,7.93,False,NORMAL,NORMAL,0.832
2026-09-03 19:55:00,18.780896120634498,18.78,-0.001,1.426,15.99,21.58,15.11,22.46,1009.29756884214,1009.3,-0.0,1.422,1006.51,1012.08,1005.63,1012.96,78.08948931961122,78.09,-0.002,1.985,74.2,81.98,72.98,83.2,6.33325631949322,6.31,0.025,1.496,3.38,9.24,2.46,10.16,False,NORMAL,NORMAL,0.706
2026-09-03 20:00:00,19.314198860415093,19.31,-0.001,1.426,16.52,22.11,15.64,22.99,1009.7786047740459,1009.78,-0.0,1.422,1006.99,1012.57,1006.12,1013.44,75.26422441198513,75.27,-0.002,1.985,71.37,79.16,70.15,80.38,6.9642159677568305,6.94,0.025,1.496,4.01,9.87,3.09,10.79,False,NORMAL,NORMAL,0.765
2026-09-03 20:05:00,19.39559806142313,19.4,-0.001,1.426,16.6,22.19,15.72,23.07,1009.6122397403288,1009.61,-0.0,1.422,1006.83,1012.4,1005.95,1013.28,76.83326457621015,76.83,-0.002,1.985,72.94,80.73,71.72,81.95,9.37242324147887,9.35,0.025,1.496,6.42,12.28,5.49,13.2,False,NORMAL,NORMAL,0.779
2026-09-03 20:10:00,18.905217626956553,18.91,-0.001,1.426,16.11,21.7,15.23,22.58,1009.7271436165203,1009.73,-0.0,1.422,1006.94,1012.51,1006.06,1013.39,74.55265760653273,74.55,-0.002,1.985,70.66,78.45,69.44,79.67,5.326151685746518,5.3,0.025,1.496,2.37,8.23,1.45,9.15,False,NORMAL,NORMAL,0.838
2026-09-03 20:15:00,19.131328518651134,19.13,-0.001,1.426,16.34,21.93,15.46,22.81,1009.8300419928815,1009.83,-0.0,1.422,1007.04,1012.62,1006.17,1013.49,80.13844643298951,80.14,-0.002,1.985,76.25,84.03,75.03,85.25,2.9815394781283557,2.96,0.025,1.496,0.02,5.89,0.0,6.81,False,NORMAL,NORMAL,0.787
2026-09-03 20:20:00,18.331410042367366,18.33,-0.001,1.426,15.54,21.13,14.66,22.01,1010.2729656085311,1010.27,-0.0,1.422,1007.49,1013.06,1006.61,1013.94,81.08356477708098,81.09,-0.002,1.985,77.19,84.98,75.97,86.2,8.83254542519417,8.81,0.025,1.496,5.88,11.74,4.95,12.66,False,NORMAL,NORMAL,0.701
2026-09-03 20:25:00,18.935692713058657,18.94,-0.001,1.426,16.14,21.73,15.26,22.61,1010.344432468274,1010.34,-0.0,1.422,1007.56,1013.13,1006.68,1014.01,76.9920732365756,76.99,-0.002,1.985,73.1,80.89,71.88,82.11,6.720494118181957,6.7,0.025,1.496,3.76,9.63,2.84,10.55,False,NORMAL,NORMAL,0.786
2026-09-03 20:30:00,19.12566294407736,19.13,-0.001,1.426,16.33,21.92,15.45,22.8,1010.5473190244817,1010.55,-0.0,1.422,1007.76,1013.33,1006.88,1014.21,78.38909941268355,78.39,-0.002,1.986,74.5,82.28,73.28,83.51,5.083625536287841,5.06,0.025,1.496,2.13,7.99,1.2,8.91,False,NORMAL,NORMAL,0.84
2026-09-03 20:35:00,17.89572205199098,17.9,-0.001,1.426,15.1,20.69,14.22,21.57,1010.3052808385308,1010.31,-0.0,1.422,1007.52,1013.09,1006.64,1013.97,86.58575717807713,86.59,-0.002,1.986,82.7,90.48,81.47,91.7,5.998643970699068,5.97,0.025,1.496,3.04,8.91,2.12,9.83,False,NORMAL,NORMAL,0.636
2026-09-03 20:40:00,17.698096013169227,17.7,-0.001,1.426,14.9,20.49,14.03,21.37,1010.4886904928545,1010.49,-0.0,1.422,1007.7,1013.28,1006.83,1014.15,84.10744432502584,84.11,-0.002,1.986,80.22,88.0,78.99,89.22,8.836350720934623,8.81,0.025,1.496,5.88,11.74,4.96,12.66,False,NORMAL,NORMAL,0.739
2026-09-03 20:45:00,18.293857782481425,18.29,-0.001,1.426,15.5,21.09,14.62,21.97,1010.3325335586152,1010.33,-0.0,1.422,1007.55,1013.12,1006.67,1014.0,81.45432023957116,81.46,-0.002,1.986,77.56,85.35,76.34,86.57,6.1397441049140244,6.11,0.025,1.496,3.18,9.05,2.26,9.97,False,NORMAL,NORMAL,0.809
2026-09-03 20:50:00,18.181388585677514,18.18,-0.001,1.426,15.39,20.98,14.51,21.86,1010.8976267443137,1010.9,-0.0,1.422,1008.11,1013.68,1007.23,1014.56,80.19348682699257,80.2,-0.002,1.986,76.3,84.09,75.08,85.31,3.7280857999828436,3.7,0.025,1.496,0.77,6.64,0.0,7.56,False,NORMAL,NORMAL,0.748
2026-09-03 20:55:00,17.178401201966594,17.18,-0.001,1.426,14.38,19.97,13.51,20.85,1010.6172488310023,1010.62,-0.0,1.422,1007.83,1013.4,1006.95,1014.28,85.13585987803256,85.14,-0.002,1.986,81.25,89.03,80.02,90.25,6.145179643384252,6.12,0.025,1.496,3.19,9.05,2.27,9.97,False,NORMAL,NORMAL,0.655
2026-09-03 21:00:00,17.058466308634234,17.06,-0.001,1.426,14.26,19.85,13.39,20.73,1010.9414324703708,1010.94,-0.0,1.422,1008.15,1013.73,1007.28,1014.6,85.8459244367544,85.85,-0.002,1.986,81.96,89.74,80.73,90.96,1.1151823294966485,1.09,0.025,1.496,0.0,4.02,0.0,4.94,False,NORMAL,NORMAL,0.745
2026-09-03 21:05:00,16.953913504459333,16.95,-0.001,1.426,14.16,19.75,13.28,20.63,1010.8608907706855,1010.86,-0.0,1.422,1008.07,1013.65,1007.2,1014.52,85.07828038311025,85.08,-0.002,1.986,81.19,88.97,79.96,90.2,3.843856276047243,3.82,0.025,1.496,0.89,6.75,0.0,7.67,False,NORMAL,NORMAL,0.838
2026-09-03 21:10:00,16.3701036255802,16.37,-0.001,1.426,13.58,19.17,12.7,20.04,1011.0536942327744,1011.05,-0.0,1.422,1008.27,1013.84,1007.39,1014.72,88.64822930471296,88.65,-0.002,1.986,84.76,92.54,83.53,93.77,3.9715177135572146,3.95,0.025,1.496,1.01,6.88,0.09,7.8,False,NORMAL,NORMAL,0.823
2026-09-03 21:15:00,16.382928871250197,16.38,-0.001,1.426,13.59,19.18,12.71,20.06,1011.132839730687,1011.13,-0.0,1.422,1008.35,1013.92,1007.47,1014.8,86.6619471198303,86.66,-0.002,1.986,82.77,90.56,81.55,91.78,2.349777786022861,2.32,0.025,1.496,0.0,5.26,0.0,6.18,False,NORMAL,NORMAL,0.838
2026-09-03 21:20:00,16.192567120259422,16.19,-0.001,1.426,13.4,18.99,12.52,19.87,1011.2834183920957,1011.28,-0.0,1.422,1008.5,1014.07,1007.62,1014.95,90.73348078450938,90.74,-0.002,1.986,86.84,94.63,85.62,95.85,0.8405490708888994,0.82,0.025,1.496,0.0,3.75,0.0,4.67,False,NORMAL,NORMAL,0.767
2026-09-03 21:25:00,16.132344168154074,16.13,-0.001,1.426,13.34,18.93,12.46,19.81,1011.4095671902174,1011.41,-0.0,1.422,1008.62,1014.2,1007.75,1015.07,88.05302490838577,88.05,-0.002,1.986,84.16,91.95,82.94,93.17,2.0809787543144136,2.06,0.025,1.496,0.0,4.99,0.0,5.91,False,NORMAL,NORMAL,0.829
2026-09-03 21:30:00,16.27231240561074,16.27,-0.001,1.426,13.48,19.07,12.6,19.95,1011.5235968541492,1011.52,-0.0,1.422,1008.74,1014.31,1007.86,1015.19,90.04224535862699,90.04,-0.002,1.986,86.15,93.94,84.93,95.16,5.670909016963582,5.65,0.025,1.496,2.71,8.58,1.79,9.5,False,NORMAL,NORMAL,0.826
2026-09-03 21:35:00,16.228155567273387,16.23,-0.001,1.426,13.43,19.02,12.55,19.9,1011.8457057749673,1011.85,-0.0,1.422,1009.06,1014.63,1008.18,1015.51,90.04846360632294,90.05,-0.002,1.986,86.16,93.94,84.93,95.17,7.002405047262723,6.98,0.025,1.496,4.04,9.91,3.12,10.83,False,NORMAL,NORMAL,0.823
2026-09-03 21:40:00,16.60458938308935,16.61,-0.001,1.426,13.81,19.4,12.93,20.28,1011.6692141187525,1011.67,-0.0,1.422,1008.88,1014.46,1008.01,1015.33,88.29227699541264,88.29,-0.002,1.986,84.4,92.19,83.18,93.41,11.589156203123041,11.56,0.025,1.496,8.63,14.5,7.71,15.42,False,NORMAL,NORMAL,0.693
2026-09-03 21:45:00,15.436678596226214,15.44,-0.001,1.426,12.64,18.23,11.76,19.11,1011.9815356394258,1011.98,-0.0,1.422,1009.19,1014.77,1008.32,1015.64,90.36455057615731,90.37,-0.002,1.986,86.47,94.26,85.25,95.48,3.586421320793302,3.56,0.025,1.496,0.63,6.49,0.0,7.42,False,NORMAL,NORMAL,0.656
2026-09-03 21:50:00,16.08316626032055,16.08,-0.001,1.426,13.29,18.88,12.41,19.76,1012.2438374130518,1012.24,-0.0,1.422,1009.46,1015.03,1008.58,1015.91,90.07771157399782,90.08,-0.002,1.987,86.19,93.97,84.96,95.2,5.260312225911836,5.24,0.025,1.496,2.3,8.17,1.38,9.09,False,NORMAL,NORMAL,0.797
2026-09-03 21:55:00,15.459118655017756,15.46,-0.001,1.426,12.66,18.26,11.79,19.13,1012.0959382789904,1012.1,-0.0,1.422,1009.31,1014.88,1008.43,1015.76,91.676299381892,91.68,-0.002,1.987,87.78,95.57,86.56,96.8,9.148740842643392,9.12,0.025,1.496,6.19,12.06,5.27,12.98,False,NORMAL,NORMAL,0.721
2026-09-03 22:00:00,15.38213830478571,15.38,-0.001,1.426,12.59,18.18,11.71,19.06,1012.1759978597473,1012.18,-0.0,1.422,1009.39,1014.96,1008.51,1015.84,90.45163413799808,90.45,-0.002,1.987,86.56,94.35,85.34,95.57,2.3513499997231397,2.33,0.025,1.496,0.0,5.26,0.0,6.18,False,NORMAL,NORMAL,0.81
2026-09-03 22:05:00,15.531065910821635,15.53,-0.001,1.426,12.74,18.33,11.86,19.21,1012.3587794194536,1012.36,-0.0,1.422,1009.57,1015.15,1008.7,1016.02,90.73002711698211,90.73,-0.002,1.987,86.84,94.63,85.61,95.85,6.184974889712604,6.16,0.025,1.497,3.23,9.09,2.3,10.01,False,NORMAL,NORMAL,0.829
2026-09-03 22:10:00,14.673339475196917,14.67,-0.001,1.426,11.88,17.47,11.0,18.35,1012.6788066412158,1012.68,-0.0,1.422,1009.89,1015.47,1009.02,1016.34,91.2252206273066,91.23,-0.002,1.987,87.33,95.12,86.11,96.34,6.522569327277193,6.5,0.025,1.497,3.56,9.43,2.64,10.35,False,NORMAL,NORMAL,0.798
2026-09-03 22:15:00,15.13882836788325,15.14,-0.001,1.426,12.34,17.94,11.47,18.81,1012.6381862798513,1012.64,-0.0,1.422,1009.85,1015.43,1008.98,1016.3,92.5162019687559,92.52,-0.002,1.987,88.62,96.41,87.4,97.64,1.6789467591216671,1.65,0.025,1.497,0.0,4.59,0.0,5.51,False,NORMAL,NORMAL,0.746
2026-09-03 22:20:00,14.918096747580385,14.92,-0.001,1.426,12.12,17.71,11.24,18.59,1012.6352604892091,1012.64,-0.0,1.422,1009.85,1015.42,1008.97,1016.3,90.11433704133596,90.12,-0.002,1.987,86.22,94.01,85.0,95.23,7.72955898686232,7.7,0.025,1.497,4.77,10.64,3.85,11.56,False,NORMAL,NORMAL,0.795
2026-09-03 22:25:00,14.916431156977474,14.92,-0.001,1.426,12.12,17.71,11.24,18.59,1012.8919671924692,1012.89,-0.0,1.422,1010.1,1015.68,1009.23,1016.56,90.96137983850586,90.96,-0.002,1.987,87.07,94.86,85.84,96.08,7.122889808147724,7.1,0.025,1.497,4.16,10.03,3.24,10.95,False,NORMAL,NORMAL,0.832
2026-09-03 22:30:00,14.70540342780851,14.71,-0.001,1.426,11.91,17.5,11.03,18.38,1012.7569786309936,1012.76,-0.0,1.422,1009.97,1015.54,1009.09,1016.42,90.36822533141823,90.37,-0.002,1.987,86.48,94.26,85.25,95.49,1.0137565332965717,0.99,0.025,1.497,0.0,3.92,0.0,4.84,False,NORMAL,NORMAL,0.765
2026-09-03 22:35:00,15.44455794105323,15.45,-0.001,1.426,12.65,18.24,11.77,19.12,1013.1258829066155,1013.13,-0.0,1.422,1010.34,1015.91,1009.46,1016.79,90.5031258948392,90.5,-0.002,1.987,86.61,94.4,85.39,95.62,1.6996962689962452,1.67,0.025,1.497,0.0,4.61,0.0,5.53,False,NORMAL,NORMAL,0.765
2026-09-03 22:40:00,14.082525359354845,14.08,-0.001,1.426,11.29,16.88,10.41,17.76,1013.1846755149262,1013.18,-0.0,1.422,1010.4,1015.97,1009.52,1016.85,90.31900611872203,90.32,-0.002,1.987,86.43,94.22,85.2,95.44,1.2344364651235038,1.21,0.025,1.497,0.0,4.14,0.0,5.06,False,NORMAL,NORMAL,0.661
2026-09-03 22:45:00,14.002951411179465,14.0,-0.001,1.426,11.21,16.8,10.33,17.68,1013.1751998480746,1013.18,-0.0,1.422,1010.39,1015.96,1009.51,1016.84,90.11078441370421,90.11,-0.002,1.987,86.22,94.01,84.99,95.23,3.5113209833099823,3.49,0.025,1.497,0.55,6.42,0.0,7.34,False,NORMAL,NORMAL,0.822
2026-09-03 22:50:00,13.846430845267468,13.85,-0.001,1.426,11.05,16.64,10.17,17.52,1013.1917868893322,1013.19,-0.0,1.422,1010.4,1015.98,1009.53,1016.86,90.64213339729332,90.64,-0.002,1.987,86.75,94.54,85.52,95.76,4.640578841127719,4.62,0.025,1.497,1.68,7.55,0.76,8.47,False,NORMAL,NORMAL,0.851
2026-09-03 22:55:00,13.756502545084281,13.76,-0.001,1.426,10.96,16.55,10.08,17.43,1013.2789323294351,1013.28,-0.0,1.422,1010.49,1016.07,1009.62,1016.94,89.91929539379372,89.92,-0.002,1.987,86.03,93.82,84.8,95.04,4.794884315328639,4.77,0.025,1.497,1.84,7.7,0.91,8.63,False,NORMAL,NORMAL,0.845
2026-09-03 23:00:00,13.609474576637028,13.61,-0.001,1.427,10.81,16.41,9.94,17.28,1013.5846155342315,1013.58,-0.0,1.422,1010.8,1016.37,1009.92,1017.25,91.11974776978666,91.12,-0.002,1.987,87.23,95.02,86.0,96.24,3.0697668604503896,3.04,0.025,1.497,0.11,5.98,0.0,6.9,False,NORMAL,NORMAL,0.812
2026-09-03 23:05:00,14.228560739445879,14.23,-0.001,1.427,11.43,17.03,10.55,17.9,1013.7792435879903,1013.78,-0.0,1.422,1010.99,1016.57,1010.12,1017.44,90.71669528642458,90.72,-0.002,1.987,86.82,94.61,85.6,95.84,8.566323874573236,8.54,0.025,1.497,5.61,11.48,4.69,12.4,False,NORMAL,NORMAL,0.74
2026-09-03 23:10:00,14.212526871847976,14.21,-0.001,1.427,11.42,17.01,10.54,17.89,1013.5877991627335,1013.59,-0.0,1.422,1010.8,1016.38,1009.92,1017.25,90.89930517701498,90.9,-0.002,1.988,87.01,94.8,85.78,96.02,3.7273682118223426,3.7,0.025,1.497,0.77,6.64,0.0,7.56,False,NORMAL,NORMAL,0.836
2026-09-03 23:15:00,13.31030041579061,13.31,-0.001,1.427,10.52,16.11,9.64,16.99,1013.8386013526172,1013.84,-0.0,1.422,1011.05,1016.63,1010.18,1017.5,90.39243827721786,90.39,-0.002,1.988,86.5,94.29,85.27,95.51,1.187543922272603,1.16,0.025,1.497,0.0,4.1,0.0,5.02,False,NORMAL,NORMAL,0.754
2026-09-03 23:20:00,13.102888208658918,13.1,-0.001,1.427,10.31,15.9,9.43,16.78,1013.5411444437686,1013.54,-0.0,1.422,1010.75,1016.33,1009.88,1017.2,90.42746237900741,90.43,-0.002,1.988,86.53,94.32,85.31,95.55,3.286218664309576,3.26,0.025,1.497,0.33,6.2,0.0,7.12,False,NORMAL,NORMAL,0.622
2026-09-03 23:25:00,13.524639571845489,13.53,-0.001,1.427,10.73,16.32,9.85,17.2,1013.8487300473887,1013.85,-0.0,1.422,1011.06,1016.64,1010.19,1017.51,90.78423149347795,90.79,-0.002,1.988,86.89,94.68,85.67,95.91,4.786535480343847,4.76,0.025,1.497,1.83,7.7,0.91,8.62,False,NORMAL,NORMAL,0.798
2026-09-03 23:30:00,13.018490720657725,13.02,-0.001,1.427,10.22,15.82,9.34,16.69,1014.011823157755,1014.01,-0.0,1.422,1011.22,1016.8,1010.35,1017.68,90.02314238717338,90.02,-0.002,1.988,86.13,93.92,84.9,95.15,3.983699071550501,3.96,0.025,1.497,1.02,6.89,0.1,7.81,False,NORMAL,NORMAL,0.723
2026-09-03 23:35:00,13.39897378618526,13.4,-0.001,1.427,10.6,16.2,9.72,17.07,1013.9578940220024,1013.96,-0.0,1.422,1011.17,1016.75,1010.29,1017.62,90.45271284290898,90.45,-0.002,1.988,86.56,94.35,85.33,95.57,3.111213308040438,3.09,0.025,1.497,0.15,6.02,0.0,6.94,False,NORMAL,NORMAL,0.824
2026-09-03 23:40:00,13.136555332359817,13.14,-0.001,1.427,10.34,15.93,9.46,16.81,1014.0295147269815,1014.03,-0.0,1.422,1011.24,1016.82,1010.37,1017.69,90.1836083065933,90.19,-0.002,1.988,86.29,94.08,85.06,95.31,2.0636671506049904,2.04,0.025,1.497,0.0,4.97,0.0,5.89,False,NORMAL,NORMAL,0.728
2026-09-03 23:45:00,12.361885434707041,12.36,-0.001,1.427,9.57,15.16,8.69,16.04,1014.1432261206604,1014.14,-0.0,1.422,1011.36,1016.93,1010.48,1017.81,90.11382106991768,90.12,-0.002,1.988,86.22,94.01,84.99,95.24,7.192535499634332,7.17,0.025,1.497,4.23,10.1,3.31,11.02,False,NORMAL,NORMAL,0.701
2026-09-03 23:50:00,13.503240469128237,13.5,-0.001,1.427,10.71,16.3,9.83,17.18,1014.3583654490288,1014.36,-0.0,1.422,1011.57,1017.15,1010.7,1018.02,89.58404271920794,89.59,-0.002,1.988,85.69,93.48,84.46,94.71,12.966997502258536,12.94,0.025,1.497,10.01,15.88,9.09,16.8,False,NORMAL,NORMAL,0.586
2026-09-03 23:55:00,13.521948066003015,13.52,-0.001,1.427,10.73,16.32,9.85,17.2,1014.3553089906852,1014.36,-0.0,1.422,1011.57,1017.14,1010.69,1018.02,91.30992573679809,91.31,-0.002,1.988,87.41,95.21,86.19,96.43,3.477611410177763,3.45,0.025,1.497,0.52,6.39,0.0,7.31,False,NORMAL,NORMAL,0.746
2026-09-04 00:00:00,12.481186846126645,12.48,-0.001,1.427,9.69,15.28,8.81,16.16,1014.1142653150013,1014.11,-0.0,1.422,1011.33,1016.9,1010.45,1017.78,90.22423003106789,90.23,-0.002,1.988,86.33,94.12,85.1,95.35,3.813106059751594,3.79,0.025,1.497,0.85,6.72,0.0,7.64,False,NORMAL,NORMAL,0.634
2026-09-04 00:05:00,12.497315605571396,12.5,-0.001,1.427,9.7,15.29,8.82,16.17,1014.1962023654552,1014.2,-0.0,1.422,1011.41,1016.98,1010.53,1017.86,91.15032139577411,91.15,-0.002,1.988,87.25,95.05,86.03,96.27,5.395701571344859,5.37,0.025,1.497,2.44,8.31,1.51,9.23,False,NORMAL,NORMAL,0.691
2026-09-04 00:10:00,12.696265166065505,12.7,-0.001,1.427,9.9,15.49,9.02,16.37,1014.4853009589616,1014.49,-0.0,1.422,1011.7,1017.27,1010.82,1018.15,91.11700052842956,91.12,-0.002,1.988,87.22,95.02,86.0,96.24,6.1918738824853765,6.17,0.025,1.497,3.23,9.1,2.31,10.02,False,NORMAL,NORMAL,0.731
2026-09-04 00:15:00,12.648692078015515,12.65,-0.001,1.427,9.85,15.45,8.97,16.32,1014.7047276010745,1014.7,-0.0,1.422,1011.92,1017.49,1011.04,1018.37,89.93626652421152,89.94,-0.002,1.988,86.04,93.83,84.82,95.06,3.8798552162494007,3.85,0.025,1.497,0.92,6.79,0.0,7.71,False,NORMAL,NORMAL,0.737
2026-09-04 00:20:00,12.714822083418994,12.72,-0.001,1.427,9.92,15.51,9.04,16.39,1014.2814221976205,1014.28,-0.0,1.422,1011.49,1017.07,1010.62,1017.95,90.03970033335126,90.04,-0.002,1.988,86.14,93.94,84.92,95.16,8.43696546531782,8.41,0.025,1.497,5.48,11.35,4.55,12.27,False,NORMAL,NORMAL,0.544
2026-09-04 00:25:00,13.19552132154193,13.2,-0.001,1.427,10.4,15.99,9.52,16.87,1014.6738043561155,1014.67,-0.0,1.422,1011.89,1017.46,1011.01,1018.34,91.8977815985238,91.9,-0.002,1.988,88.0,95.8,86.78,97.02,4.983466259627307,4.96,0.025,1.497,2.02,7.89,1.1,8.82,False,NORMAL,NORMAL,0.702
2026-09-04 00:30:00,12.264269679475728,12.27,-0.001,1.427,9.47,15.06,8.59,15.94,1014.7228028069305,1014.72,-0.0,1.422,1011.94,1017.51,1011.06,1018.39,91.42769211034735,91.43,-0.002,1.989,87.53,95.33,86.31,96.55,4.255118222419086,4.23,0.025,1.497,1.3,7.16,0.37,8.09,False,NORMAL,NORMAL,0.646
2026-09-04 00:35:00,11.96294482106989,11.96,-0.001,1.427,9.17,14.76,8.29,15.64,1015.0607486415397,1015.06,-0.0,1.422,1012.27,1017.85,1011.4,1018.72,90.51519710474497,90.52,-0.002,1.989,86.62,94.41,85.39,95.64,5.60989379134374,5.58,0.025,1.497,2.65,8.52,1.73,9.44,False,NORMAL,NORMAL,0.623
2026-09-04 00:40:00,11.681387733603719,11.68,-0.001,1.427,8.89,14.48,8.01,15.36,1014.8433105215702,1014.84,-0.0,1.422,1012.06,1017.63,1011.18,1018.51,90.63970188597577,90.64,-0.002,1.989,86.74,94.54,85.52,95.76,9.61075690789347,9.59,0.025,1.497,6.65,12.52,5.73,13.44,False,NORMAL,NORMAL,0.519
2026-09-04 00:45:00,11.895260453412888,11.9,-0.001,1.427,9.1,14.69,8.22,15.57,1015.0049158786536,1015.01,-0.0,1.422,1012.22,1017.79,1011.34,1018.67,90.21074511316262,90.21,-0.002,1.989,86.31,94.11,85.09,95.34,6.91899945677973,6.89,0.025,1.497,3.96,9.83,3.04,10.75,False,NORMAL,NORMAL,0.639
2026-09-04 00:50:00,12.132591138317185,12.13,-0.001,1.427,9.34,14.93,8.46,15.81,1015.0129319351132,1015.01,-0.0,1.422,1012.23,1017.8,1011.35,1018.68,90.75911798857926,90.76,-0.002,1.989,86.86,94.66,85.64,95.88,1.111431098044373,1.09,0.025,1.498,0.0,4.02,0.0,4.94,False,NORMAL,NORMAL,0.598
2026-09-04 00:55:00,12.825592299889314,12.83,-0.001,1.427,10.03,15.62,9.15,16.5,1014.7143445150397,1014.71,-0.0,1.422,1011.93,1017.5,1011.05,1018.38,90.2330789234725,90.23,-0.002,1.989,86.34,94.13,85.11,95.36,3.49555679796238,3.47,0.025,1.498,0.54,6.41,0.0,7.33,False,NORMAL,NORMAL,0.666
2026-09-04 01:00:00,11.866393254583503,11.87,-0.001,1.427,9.07,14.66,8.19,15.54,1015.1892991177979,1015.19,-0.0,1.422,1012.4,1017.98,1011.53,1018.85,89.50794825898241,89.51,-0.002,1.989,85.61,93.41,84.39,94.63,4.385906049771401,4.36,0.025,1.498,1.43,7.3,0.5,8.22,False,NORMAL,NORMAL,0.433
2026-09-04 01:05:00,12.132384847894283,12.13,-0.001,1.427,9.34,14.93,8.46,15.81,1015.144514477992,1015.14,-0.0,1.422,1012.36,1017.93,1011.48,1018.81,89.88214917766857,89.88,-0.002,1.989,85.99,93.78,84.76,95.01,3.3798491885486066,3.35,0.025,1.498,0.42,6.29,0.0,7.21,False,NORMAL,NORMAL,0.601
2026-09-04 01:10:00,12.009515802033611,12.01,-0.001,1.427,9.21,14.81,8.33,15.69,1015.2246304431453,1015.22,-0.0,1.422,1012.44,1018.01,1011.56,1018.89,90.54479513496732,90.55,-0.002,1.989,86.65,94.44,85.42,95.67,6.036480400788187,6.01,0.025,1.498,3.08,8.95,2.15,9.87,False,NORMAL,NORMAL,0.681
2026-09-04 01:15:00,12.46845932654501,12.47,-0.001,1.427,9.67,15.27,8.79,16.14,1015.7716125539189,1015.77,-0.0,1.422,1012.98,1018.56,1012.11,1019.44,90.00107081770126,90.0,-0.002,1.989,86.1,93.9,84.88,95.13,7.276331663231539,7.25,0.025,1.498,4.32,10.19,3.39,11.11,False,NORMAL,NORMAL,0.64
2026-09-04 01:20:00,12.984710398472627,12.99,-0.001,1.427,10.19,15.78,9.31,16.66,1014.9025053037898,1014.9,-0.0,1.422,1012.12,1017.69,1011.24,1018.57,90.56916729523537,90.57,-0.002,1.989,86.67,94.47,85.45,95.69,6.305427030930701,6.28,0.025,1.498,3.34,9.22,2.42,10.14,False,NORMAL,NORMAL,0.514
2026-09-04 01:25:00,11.746258494305595,11.75,-0.001,1.427,8.95,14.54,8.07,15.42,1015.5044911257593,1015.5,-0.0,1.422,1012.72,1018.29,1011.84,1019.17,89.97828470519616,89.98,-0.002,1.989,86.08,93.88,84.86,95.1,11.719811260279647,11.69,0.025,1.498,8.76,14.63,7.84,15.55,True,WARNING,MULTIVARIATE_OUTLIER,0.774
2026-09-04 01:30:00,11.751344988442586,11.75,-0.001,1.427,8.96,14.55,8.08,15.43,1015.2316166934686,1015.23,-0.0,1.422,1012.44,1018.02,1011.57,1018.9,90.12479880080082,90.13,-0.002,1.989,86.23,94.03,85.0,95.25,3.102540091340826,3.08,0.025,1.498,0.14,6.01,0.0,6.94,False,NORMAL,NORMAL,0.457
2026-09-04 01:35:00,12.357157292785065,12.36,-0.001,1.427,9.56,15.15,8.68,16.03,1015.345130139147,1015.35,-0.0,1.422,1012.56,1018.13,1011.68,1019.01,90.98535523431588,90.99,-0.002,1.989,87.09,94.89,85.86,96.11,7.930987614322836,7.91,0.025,1.498,4.97,10.84,4.05,11.76,False,NORMAL,NORMAL,0.646
2026-09-04 01:40:00,12.208488556858342,12.21,-0.001,1.427,9.41,15.01,8.53,15.89,1015.3209207930523,1015.32,-0.0,1.422,1012.53,1018.11,1011.66,1018.98,90.67203671776525,90.67,-0.002,1.989,86.77,94.57,85.55,95.8,6.634510897194582,6.61,0.025,1.498,3.67,9.55,2.75,10.47,False,NORMAL,NORMAL,0.665
2026-09-04 01:45:00,12.67452837629996,12.68,-0.001,1.427,9.88,15.47,9.0,16.35,1015.288321844403,1015.29,-0.0,1.422,1012.5,1018.08,1011.62,1018.95,90.57624720015775,90.58,-0.002,1.989,86.68,94.48,85.45,95.7,3.6882707166760955,3.66,0.025,1.498,0.73,6.6,0.0,7.52,False,NORMAL,NORMAL,0.74
2026-09-04 01:50:00,12.17341048602368,12.17,-0.001,1.427,9.38,14.97,8.5,15.85,1015.2892606480449,1015.29,-0.0,1.422,1012.5,1018.08,1011.63,1018.95,90.98530411230638,90.99,-0.002,1.99,87.09,94.89,85.86,96.11,6.330323885450911,6.31,0.025,1.498,3.37,9.24,2.45,10.16,False,NORMAL,NORMAL,0.724
2026-09-04 01:55:00,11.804000425841425,11.8,-0.001,1.427,9.01,14.6,8.13,15.48,1015.4455872571377,1015.45,-0.0,1.422,1012.66,1018.23,1011.78,1019.11,90.7600111572227,90.76,-0.002,1.99,86.86,94.66,85.64,95.89,1.823311323461396,1.8,0.025,1.498,0.0,4.73,0.0,5.66,False,NORMAL,NORMAL,0.589
2026-09-04 02:00:00,12.195743718964163,12.2,-0.001,1.427,9.4,14.99,8.52,15.87,1015.1887382521398,1015.19,-0.0,1.422,1012.4,1017.98,1011.53,1018.85,91.27067921132894,91.27,-0.002,1.99,87.37,95.17,86.15,96.4,6.863944649011655,6.84,0.025,1.498,3.9,9.77,2.98,10.7,False,NORMAL,NORMAL,0.605
2026-09-04 02:05:00,12.41861459274691,12.42,-0.001,1.427,9.62,15.22,8.74,16.1,1015.5478658132249,1015.55,-0.0,1.422,1012.76,1018.34,1011.88,1019.21,90.33316862414864,90.33,-0.002,1.99,86.43,94.23,85.21,95.46,4.794768802190822,4.77,0.025,1.498,1.83,7.71,0.91,8.63,False,NORMAL,NORMAL,0.673
2026-09-04 02:10:00,12.32286281586617,12.32,-0.001,1.427,9.53,15.12,8.65,16.0,1015.3907111272389,1015.39,-0.0,1.422,1012.6,1018.18,1011.73,1019.05,90.34154000446308,90.34,-0.002,1.99,86.44,94.24,85.22,95.47,3.233892980944043,3.21,0.025,1.498,0.27,6.14,0.0,7.07,False,NORMAL,NORMAL,0.703
2026-09-04 02:15:00,12.220998492678081,12.22,-0.001,1.427,9.42,15.02,8.55,15.9,1015.3004754114463,1015.3,-0.0,1.422,1012.51,1018.09,1011.64,1018.96,89.89862399921698,89.9,-0.002,1.99,86.0,93.8,84.77,95.03,5.6798424440416815,5.65,0.025,1.498,2.72,8.59,1.8,9.51,False,NORMAL,NORMAL,0.68
2026-09-04 02:20:00,12.47205477831112,12.47,-0.001,1.427,9.68,15.27,8.8,16.15,1015.4184028775704,1015.42,-0.0,1.422,1012.63,1018.21,1011.75,1019.08,90.3523669139848,90.35,-0.002,1.99,86.45,94.25,85.23,95.48,5.571479366607654,5.55,0.025,1.498,2.61,8.48,1.69,9.41,False,NORMAL,NORMAL,0.769
2026-09-04 02:25:00,12.54426936637097,12.55,-0.001,1.427,9.75,15.34,8.87,16.22,1015.6895606131393,1015.69,-0.0,1.422,1012.9,1018.48,1012.03,1019.35,91.05431833863211,91.06,-0.002,1.99,87.16,94.96,85.93,96.18,2.666633433014995,2.64,0.025,1.498,0.0,5.58,0.0,6.5,False,NORMAL,NORMAL,0.734
2026-09-04 02:30:00,12.664442471590164,12.67,-0.001,1.427,9.87,15.46,8.99,16.34,1015.4350282718057,1015.44,-0.0,1.422,1012.65,1018.22,1011.77,1019.1,91.23036539100981,91.23,-0.002,1.99,87.33,95.13,86.11,96.36,0.9663266384661079,0.94,0.025,1.498,0.0,3.88,0.0,4.8,False,NORMAL,NORMAL,0.607
2026-09-04 02:35:00,12.40994159984696,12.41,-0.001,1.427,9.61,15.21,8.73,16.09,1015.5827875204931,1015.58,-0.0,1.422,1012.8,1018.37,1011.92,1019.25,91.04264056734371,91.04,-0.002,1.99,87.14,94.94,85.92,96.17,4.146922005043601,4.12,0.025,1.498,1.19,7.06,0.26,7.98,False,NORMAL,NORMAL,0.68
2026-09-04 02:40:00,12.126327914715974,12.13,-0.001,1.427,9.33,14.92,8.45,15.8,1015.4325125038462,1015.43,-0.0,1.422,1012.65,1018.22,1011.77,1019.1,89.64540360765137,89.65,-0.002,1.99,85.75,93.55,84.52,94.77,5.0493340826775395,5.02,0.025,1.498,2.09,7.96,1.16,8.88,False,NORMAL,NORMAL,0.614
2026-09-04 02:45:00,12.298402769548462,12.3,-0.001,1.427,9.5,15.1,8.62,15.98,1015.6685220434723,1015.67,-0.0,1.422,1012.88,1018.46,1012.0,1019.33,91.09620701755564,91.1,-0.002,1.99,87.2,95.0,85.97,96.22,7.9557589218653595,7.93,0.025,1.498,4.99,10.87,4.07,11.79,False,NORMAL,NORMAL,0.667
2026-09-04 02:50:00,12.772671801941456,12.77,-0.001,1.427,9.98,15.57,9.1,16.45,1015.6699756866277,1015.67,-0.0,1.422,1012.88,1018.46,1012.01,1019.33,89.66870252289597,89.67,-0.002,1.99,85.77,93.57,84.54,94.8,8.926458915889185,8.9,0.025,1.498,5.96,11.84,5.04,12.76,False,NORMAL,NORMAL,0.682
2026-09-04 02:55:00,12.017435985402372,12.02,-0.001,1.427,9.22,14.82,8.34,15.69,1015.856491704841,1015.86,-0.0,1.422,1013.07,1018.64,1012.19,1019.52,90.98386718364632,90.99,-0.002,1.99,87.08,94.89,85.86,96.11,4.771020075099889,4.75,0.025,1.498,1.81,7.68,0.89,8.61,False,NORMAL,NORMAL,0.598
2026-09-04 03:00:00,12.549593307660412,12.55,-0.001,1.427,9.75,15.35,8.87,16.23,1015.5647492723687,1015.56,-0.0,1.422,1012.78,1018.35,1011.9,1019.23,90.3884152002587,90.39,-0.002,1.99,86.49,94.29,85.26,95.52,6.5114639497217395,6.49,0.025,1.498,3.55,9.42,2.63,10.35,False,NORMAL,NORMAL,0.635
2026-09-04 03:05:00,12.306452692000263,12.31,-0.001,1.427,9.51,15.1,8.63,15.98,1015.7031959273444,1015.7,-0.0,1.422,1012.92,1018.49,1012.04,1019.37,90.9064681942909,90.91,-0.002,1.99,87.01,94.81,85.78,96.04,4.18352687794886,4.16,0.025,1.498,1.22,7.1,0.3,8.02,False,NORMAL,NORMAL,0.703
2026-09-04 03:10:00,12.54067793881197,12.54,-0.001,1.427,9.74,15.34,8.86,16.22,1015.6294497679405,1015.63,-0.0,1.422,1012.84,1018.42,1011.97,1019.29,89.905456863427,89.91,-0.002,1.991,86.01,93.81,84.78,95.03,6.439333939906115,6.41,0.025,1.498,3.48,9.35,2.55,10.27,False,NORMAL,NORMAL,0.745
2026-09-04 03:15:00,13.10965542205591,13.11,-0.001,1.427,10.31,15.91,9.43,16.79,1015.8210879649229,1015.82,-0.0,1.422,1013.03,1018.61,1012.16,1019.49,91.19712073477274,91.2,-0.002,1.991,87.3,95.1,86.07,96.33,2.632906592528479,2.61,0.025,1.498,0.0,5.54,0.0,6.47,False,NORMAL,NORMAL,0.785
2026-09-04 03:20:00,12.747485429944263,12.75,-0.001,1.427,9.95,15.55,9.07,16.42,1015.5310726959157,1015.53,-0.0,1.422,1012.74,1018.32,1011.87,1019.19,89.85370894401187,89.86,-0.002,1.991,85.95,93.76,84.73,94.98,3.745362475647913,3.72,0.025,1.498,0.78,6.66,0.0,7.58,False,NORMAL,NORMAL,0.635
2026-09-04 03:25:00,12.766039870971069,12.77,-0.001,1.427,9.97,15.56,9.09,16.44,1015.7631581033894,1015.76,-0.0,1.422,1012.98,1018.55,1012.1,1019.43,90.25326954047526,90.25,-0.002,1.991,86.35,94.16,85.13,95.38,5.515776363301932,5.49,0.025,1.498,2.55,8.43,1.63,9.35,False,NORMAL,NORMAL,0.721
2026-09-04 03:30:00,12.283560726797235,12.28,-0.001,1.427,9.49,15.08,8.61,15.96,1015.635127707872,1015.64,-0.0,1.422,1012.85,1018.42,1011.97,1019.3,90.05454132724347,90.06,-0.002,1.991,86.15,93.96,84.93,95.18,0.7445310949818694,0.72,0.025,1.498,0.0,3.66,0.0,4.58,False,NORMAL,NORMAL,0.557
2026-09-04 03:35:00,13.209629491155697,13.21,-0.001,1.427,10.41,16.01,9.53,16.89,1015.6681392236538,1015.67,-0.0,1.422,1012.88,1018.46,1012.0,1019.33,-12.0,0.0,-0.002,1.991,0.0,3.9,0.0,5.13,6.226901053709589,6.2,0.025,1.499,3.26,9.14,2.34,10.06,True,CRITICAL,THERMODYNAMIC_VIOLATION (THERMO_RH_OUT_OF_BOUNDS),0.97
2026-09-04 03:40:00,13.25650035945886,13.26,-0.001,1.427,10.46,16.05,9.58,16.93,1015.7055694085905,1015.71,-0.0,1.422,1012.92,1018.49,1012.04,1019.37,90.66904664838034,90.67,-0.002,1.991,86.77,94.57,85.54,95.8,7.389389791705006,7.36,0.025,1.499,4.43,10.3,3.5,11.22,False,NORMAL,NORMAL,0.672
2026-09-04 03:45:00,13.954306068521262,13.96,-0.001,1.427,11.16,16.75,10.28,17.63,1015.744378099465,1015.74,-0.0,1.422,1012.96,1018.53,1012.08,1019.41,91.5732916863025,91.57,-0.002,1.991,87.67,95.48,86.45,96.7,3.9254593943218805,3.9,0.025,1.499,0.96,6.84,0.04,7.76,False,NORMAL,NORMAL,0.793
2026-09-04 03:50:00,13.060072731539888,13.06,-0.001,1.427,10.26,15.86,9.38,16.74,1015.7046306019275,1015.7,-0.0,1.422,1012.92,1018.49,1012.04,1019.37,91.94152622772756,91.94,-0.002,1.991,88.04,95.85,86.81,97.07,4.239293971109797,4.21,0.025,1.499,1.28,7.15,0.35,8.07,False,NORMAL,NORMAL,0.762
2026-09-04 03:55:00,13.368468213290837,13.37,-0.001,1.427,10.57,16.17,9.69,17.05,1015.7706716031082,1015.77,-0.0,1.422,1012.98,1018.56,1012.11,1019.43,90.67816213121658,90.68,-0.002,1.991,86.78,94.58,85.55,95.81,7.592599721069576,7.57,0.025,1.499,4.63,10.5,3.71,11.43,False,NORMAL,NORMAL,0.79
2026-09-04 04:00:00,13.481590069017926,13.48,-0.001,1.427,10.68,16.28,9.81,17.16,1015.9925462498645,1015.99,-0.0,1.422,1013.2,1018.78,1012.33,1019.66,91.19579695057902,91.2,-0.002,1.991,87.29,95.1,86.07,96.33,6.7238902719547875,6.7,0.025,1.499,3.76,9.64,2.84,10.56,False,NORMAL,NORMAL,0.817
2026-09-04 04:05:00,14.117209532198764,14.12,-0.001,1.427,11.32,16.92,10.44,17.79,1015.9220596524505,1015.92,-0.0,1.422,1013.13,1018.71,1012.26,1019.59,90.79755535807945,90.8,-0.002,1.991,86.9,94.7,85.67,95.93,3.2064921986776023,3.18,0.025,1.499,0.24,6.12,0.0,7.04,False,NORMAL,NORMAL,0.808
2026-09-04 04:10:00,13.555821826438319,13.56,-0.001,1.427,10.76,16.35,9.88,17.23,1015.924162112692,1015.92,-0.0,1.422,1013.14,1018.71,1012.26,1019.59,90.89205835733631,90.89,-0.002,1.991,86.99,94.8,85.76,96.02,3.4414658885101956,3.42,0.025,1.499,0.48,6.35,0.0,7.28,False,NORMAL,NORMAL,0.832
2026-09-04 04:15:00,13.816536194234162,13.82,-0.001,1.427,11.02,16.61,10.14,17.49,1015.7462187745051,1015.75,-0.0,1.422,1012.96,1018.53,1012.08,1019.41,90.48963362999424,90.49,-0.002,1.991,86.59,94.39,85.36,95.62,5.861913544690764,5.84,0.025,1.499,2.9,8.77,1.98,9.7,False,NORMAL,NORMAL,0.829
2026-09-04 04:20:00,14.062303457977404,14.06,-0.001,1.427,11.27,16.86,10.39,17.74,1015.7032169125138,1015.7,-0.0,1.422,1012.92,1018.49,1012.04,1019.37,90.77525328663722,90.78,-0.002,1.991,86.87,94.68,85.65,95.91,5.005530291139727,4.98,0.025,1.499,2.04,7.92,1.12,8.84,False,NORMAL,NORMAL,0.841
2026-09-04 04:25:00,14.011187990082211,14.01,-0.001,1.427,11.21,16.81,10.33,17.69,1016.0033198618157,1016.0,-0.0,1.422,1013.22,1018.79,1012.34,1019.67,90.94292079234903,90.94,-0.002,1.991,87.04,94.85,85.81,96.07,2.3139982299961583,2.29,0.025,1.499,0.0,5.23,0.0,6.15,False,NORMAL,NORMAL,0.806
2026-09-04 04:30:00,13.8785036023039,13.88,-0.001,1.427,11.08,16.68,10.2,17.56,1016.0162950085091,1016.02,-0.0,1.422,1013.23,1018.8,1012.35,1019.68,90.37577048490687,90.38,-0.002,1.992,86.47,94.28,85.25,95.51,3.3498662209267733,3.32,0.025,1.499,0.39,6.26,0.0,7.19,False,NORMAL,NORMAL,0.84
2026-09-04 04:35:00,14.258328513306164,14.26,-0.001,1.427,11.46,17.06,10.58,17.94,1016.1321634003872,1016.13,-0.0,1.422,1013.34,1018.92,1012.47,1019.8,90.65249974362222,90.65,-0.002,1.992,86.75,94.56,85.52,95.78,8.345546161983982,8.32,0.025,1.499,5.38,11.26,4.46,12.18,False,NORMAL,NORMAL,0.789
2026-09-04 04:40:00,14.736791544853595,14.74,-0.001,1.427,11.94,17.54,11.06,18.41,1015.848619168413,1015.85,-0.0,1.422,1013.06,1018.64,1012.18,1019.51,89.82823277528608,89.83,-0.002,1.992,85.93,93.73,84.7,94.96,5.937227300881987,5.91,0.025,1.499,2.97,8.85,2.05,9.77,False,NORMAL,NORMAL,0.823
2026-09-04 04:45:00,14.026356598981236,14.03,-0.001,1.427,11.23,16.82,10.35,17.7,1015.9343799345052,1015.93,-0.0,1.422,1013.15,1018.72,1012.27,1019.6,91.08843184268025,91.09,-0.002,1.992,87.19,94.99,85.96,96.22,11.36101543266305,11.34,0.025,1.499,8.4,14.27,7.47,15.2,False,NORMAL,NORMAL,0.678
2026-09-04 04:50:00,14.6226973010627,14.62,-0.001,1.427,11.83,17.42,10.95,18.3,1015.7541886117275,1015.75,-0.0,1.422,1012.97,1018.54,1012.09,1019.42,88.96218920801466,88.96,-0.002,1.992,85.06,92.87,83.83,94.09,6.6383213811188515,6.61,0.025,1.499,3.68,9.55,2.75,10.47,False,NORMAL,NORMAL,0.773
2026-09-04 04:55:00,14.424874585839898,14.43,-0.001,1.428,11.63,17.22,10.75,18.1,1015.9742996854328,1015.97,-0.0,1.422,1013.19,1018.76,1012.31,1019.64,87.51098306667036,87.51,-0.002,1.992,83.61,91.42,82.38,92.64,9.279971125974285,9.25,0.025,1.499,6.32,12.19,5.39,13.12,False,NORMAL,NORMAL,0.745
2026-09-04 05:00:00,15.321164402077555,15.32,-0.001,1.428,12.52,18.12,11.64,19.0,1016.2175286756835,1016.22,-0.0,1.422,1013.43,1019.01,1012.55,1019.88,85.44733532038468,85.45,-0.002,1.992,81.54,89.35,80.32,90.58,2.714498327065487,2.69,0.025,1.499,0.0,5.63,0.0,6.55,False,NORMAL,NORMAL,0.726
2026-09-04 05:05:00,14.374844464740116,14.38,-0.001,1.428,11.58,17.17,10.7,18.05,1016.0348050291614,1016.03,-0.0,1.422,1013.25,1018.82,1012.37,1019.7,91.28130663251142,91.28,-0.002,1.992,87.38,95.19,86.15,96.41,6.682336757728159,6.66,0.025,1.499,3.72,9.6,2.8,10.52,False,NORMAL,NORMAL,0.654
2026-09-04 05:10:00,14.904214596838218,14.9,-0.001,1.428,12.11,17.7,11.23,18.58,1016.2394971258764,1016.24,-0.0,1.422,1013.45,1019.03,1012.58,1019.9,87.51376745949003,87.52,-0.002,1.992,83.61,91.42,82.38,92.65,0.7860323857710418,0.76,0.025,1.499,0.0,3.7,0.0,4.62,False,NORMAL,NORMAL,0.672
2026-09-04 05:15:00,15.42496156790954,15.43,-0.001,1.428,12.63,18.22,11.75,19.1,1016.1554473357935,1016.16,-0.0,1.422,1013.37,1018.94,1012.49,1019.82,84.81750281572484,84.82,-0.002,1.992,80.91,88.72,79.69,89.95,5.797136655183175,5.77,0.025,1.499,2.83,8.71,1.91,9.63,False,NORMAL,NORMAL,0.8
2026-09-04 05:20:00,16.049146798337468,16.05,-0.001,1.428,13.25,18.85,12.37,19.73,1016.2752191291983,1016.28,-0.0,1.422,1013.49,1019.06,1012.61,1019.94,80.24960041660461,80.25,-0.002,1.992,76.35,84.16,75.12,85.38,4.377685591510191,4.35,0.025,1.499,1.41,7.29,0.49,8.21,False,NORMAL,NORMAL,0.802
2026-09-04 05:25:00,15.548000654122854,15.55,-0.001,1.428,12.75,18.35,11.87,19.23,1016.0990690579009,1016.1,-0.0,1.422,1013.31,1018.89,1012.44,1019.76,81.96119615516052,81.96,-0.002,1.992,78.06,85.87,76.83,87.09,3.588979866807525,3.56,0.025,1.499,0.63,6.5,0.0,7.43,False,NORMAL,NORMAL,0.814
2026-09-04 05:30:00,15.50602287243377,15.51,-0.001,1.428,12.71,18.3,11.83,19.18,1016.3306710009531,1016.33,-0.0,1.422,1013.54,1019.12,1012.67,1019.99,83.84106803831546,83.84,-0.002,1.992,79.94,87.75,78.71,88.97,7.745898173653497,7.72,0.025,1.499,4.78,10.66,3.86,11.58,False,NORMAL,NORMAL,0.789
2026-09-04 05:35:00,16.636739801162477,16.64,-0.001,1.428,13.84,19.44,12.96,20.32,1015.9179666950249,1015.92,-0.0,1.422,1013.13,1018.71,1012.25,1019.58,76.87551220745628,76.88,-0.002,1.992,72.97,80.78,71.74,82.01,7.632890115144818,7.61,0.025,1.499,4.67,10.55,3.75,11.47,False,NORMAL,NORMAL,0.54
2026-09-04 05:40:00,15.463550976965644,15.46,-0.001,1.428,12.67,18.26,11.79,19.14,1016.3894527320655,1016.39,-0.0,1.422,1013.6,1019.18,1012.73,1020.05,81.58589919871852,81.59,-0.002,1.992,77.68,85.49,76.45,86.72,0.8259921214979798,0.8,0.025,1.499,0.0,3.74,0.0,4.66,False,NORMAL,NORMAL,0.447
2026-09-04 05:45:00,15.323950825795317,15.32,-0.001,1.428,12.53,18.12,11.65,19.0,1016.2258864189306,1016.23,-0.0,1.422,1013.44,1019.01,1012.56,1019.89,84.24004772873604,84.24,-0.002,1.992,80.34,88.15,79.11,89.37,5.33341334705675,5.31,0.025,1.499,2.37,8.25,1.45,9.17,False,NORMAL,NORMAL,0.729
2026-09-04 05:50:00,16.542363559936963,16.54,-0.001,1.428,13.74,19.34,12.87,20.22,1016.7064603655012,1016.71,-0.0,1.422,1013.92,1019.49,1013.04,1020.37,76.03942076105088,76.04,-0.002,1.993,72.14,79.95,70.91,81.17,3.724602486121993,3.7,0.025,1.499,0.76,6.64,0.0,7.56,False,NORMAL,NORMAL,0.513
2026-09-04 05:55:00,16.330518345560854,16.33,-0.001,1.428,13.53,19.13,12.65,20.01,1016.6994186474311,1016.7,-0.0,1.422,1013.91,1019.49,1013.04,1020.36,79.98571091646447,79.99,-0.002,1.993,76.08,83.89,74.85,85.12,4.031443677815712,4.01,0.025,1.499,1.07,6.94,0.14,7.87,False,NORMAL,NORMAL,0.792
2026-09-04 06:00:00,16.289855655795044,16.29,-0.001,1.428,13.49,19.09,12.61,19.97,1016.712201835676,1016.71,-0.0,1.422,1013.92,1019.5,1013.05,1020.38,77.61569861969991,77.62,-0.002,1.993,73.71,81.52,72.48,82.75,7.3462250977048384,7.32,0.025,1.499,4.38,10.26,3.46,11.18,False,NORMAL,NORMAL,0.828
2026-09-04 06:05:00,17.15065446680785,17.15,-0.001,1.428,14.35,19.95,13.47,20.83,1016.9318934270027,1016.93,-0.0,1.422,1014.14,1019.72,1013.27,1020.6,76.31203685846424,76.31,-0.002,1.993,72.41,80.22,71.18,81.45,3.349276439536245,3.32,0.025,1.499,0.39,6.26,0.0,7.19,False,NORMAL,NORMAL,0.802
2026-09-04 06:10:00,17.13567659440611,17.14,-0.001,1.428,14.34,19.93,13.46,20.81,1016.6250900091811,1016.63,-0.0,1.422,1013.84,1019.41,1012.96,1020.29,75.99928691890814,76.0,-0.002,1.993,72.09,79.91,70.87,81.13,9.310381910838478,9.29,0.025,1.499,6.35,12.22,5.42,13.15,False,NORMAL,NORMAL,0.708
2026-09-04 06:15:00,16.985176677669315,16.99,-0.001,1.428,14.19,19.78,13.31,20.66,1017.0953523403629,1017.1,-0.0,1.422,1014.31,1019.88,1013.43,1020.76,75.99561324975302,76.0,-0.002,1.993,72.09,79.9,70.86,81.13,2.447373219827503,2.42,0.025,1.499,0.0,5.36,0.0,6.28,False,NORMAL,NORMAL,0.699
2026-09-04 06:20:00,16.873070837214215,16.87,-0.001,1.428,14.08,19.67,13.2,20.55,1017.0410197093294,1017.04,-0.0,1.422,1014.25,1019.83,1013.38,1020.71,74.03391858415472,74.04,-0.002,1.993,70.13,77.94,68.9,79.17,5.73386281649591,5.71,0.025,1.499,2.77,8.65,1.85,9.57,False,NORMAL,NORMAL,0.801
2026-09-04 06:25:00,17.910217082558734,17.91,-0.001,1.428,15.11,20.71,14.23,21.59,1016.935756591104,1016.94,-0.0,1.422,1014.15,1019.72,1013.27,1020.6,67.79063367891503,67.79,-0.002,1.993,63.89,71.7,62.66,72.93,5.807807413929143,5.78,0.025,1.5,2.84,8.72,1.92,9.65,False,NORMAL,NORMAL,0.731
2026-09-04 06:30:00,17.998936939303526,18.0,-0.001,1.428,15.2,20.8,14.32,21.68,1017.2137163881833,1017.21,-0.0,1.422,1014.43,1020.0,1013.55,1020.88,68.4946635190917,68.5,-0.002,1.993,64.59,72.4,63.36,73.63,2.9649706057624075,2.94,0.025,1.5,0.0,5.88,0.0,6.8,False,NORMAL,NORMAL,0.811
2026-09-04 06:35:00,17.878312144562017,17.88,-0.001,1.428,15.08,20.68,14.2,21.56,1016.9516219296912,1016.95,-0.0,1.422,1014.16,1019.74,1013.29,1020.62,69.27033153846266,69.27,-0.002,1.993,65.37,73.18,64.14,74.41,3.446500245396837,3.42,0.025,1.5,0.48,6.36,0.0,7.28,False,NORMAL,NORMAL,0.809
2026-09-04 06:40:00,18.837189262989632,18.84,-0.001,1.428,16.04,21.64,15.16,22.52,1017.0701108717161,1017.07,-0.0,1.422,1014.28,1019.86,1013.41,1020.73,68.79075665769415,68.79,-0.002,1.993,64.89,72.7,63.66,73.93,7.380232118085675,7.36,0.025,1.5,4.42,10.29,3.49,11.22,False,NORMAL,NORMAL,0.779
2026-09-04 06:45:00,17.85240007394898,17.85,-0.001,1.428,15.05,20.65,14.18,21.53,1017.1807172236639,1017.18,-0.0,1.422,1014.39,1019.97,1013.52,1020.85,71.36270393257485,71.36,-0.002,1.993,67.46,75.27,66.23,76.5,6.587766478336803,6.56,0.025,1.5,3.62,9.5,2.7,10.43,False,NORMAL,NORMAL,0.775
2026-09-04 06:50:00,17.853391936732905,17.85,-0.001,1.428,15.06,20.65,14.18,21.53,1017.2728344753084,1017.27,-0.0,1.422,1014.49,1020.06,1013.61,1020.94,70.82467368562573,70.83,-0.002,1.993,66.92,74.73,65.69,75.96,3.4747163305620776,3.45,0.025,1.5,0.51,6.39,0.0,7.31,False,NORMAL,NORMAL,0.836
2026-09-04 06:55:00,18.371195693546255,18.37,-0.001,1.428,15.57,21.17,14.69,22.05,1017.2757888012826,1017.28,-0.0,1.422,1014.49,1020.06,1013.61,1020.94,65.19479365311966,65.2,-0.002,1.993,61.29,69.1,60.06,70.33,4.8057425200545145,4.78,0.025,1.5,1.84,7.72,0.92,8.64,False,NORMAL,NORMAL,0.808
2026-09-04 07:00:00,18.81519015953845,18.82,-0.001,1.428,16.02,21.61,15.14,22.49,1017.701696258151,1017.7,-0.0,1.422,1014.91,1020.49,1014.04,1021.37,65.17773668983725,65.18,-0.002,1.993,61.27,69.09,60.04,70.31,1.387750954965088,1.36,0.025,1.5,0.0,4.3,0.0,5.23,False,NORMAL,NORMAL,0.762
2026-09-04 07:05:00,19.117254046205186,19.12,-0.001,1.428,16.32,21.92,15.44,22.8,1017.5651873377469,1017.57,-0.0,1.422,1014.78,1020.35,1013.9,1021.23,65.9296492387054,65.93,-0.002,1.993,62.02,69.84,60.8,71.07,2.661318671999964,2.64,0.025,1.5,0.0,5.58,0.0,6.5,False,NORMAL,NORMAL,0.817
2026-09-04 07:10:00,19.110864456484904,19.11,-0.001,1.428,16.31,21.91,15.43,22.79,1017.7444398462275,1017.74,-0.0,1.422,1014.96,1020.53,1014.08,1021.41,65.38347613352697,65.39,-0.002,1.994,61.48,69.29,60.25,70.52,4.485731239948656,4.46,0.025,1.5,1.52,7.4,0.6,8.32,False,NORMAL,NORMAL,0.833
2026-09-04 07:15:00,19.536486988721013,19.54,-0.001,1.428,16.74,22.34,15.86,23.22,1017.6952697942535,1017.7,-0.0,1.422,1014.91,1020.48,1014.03,1021.36,63.27925850792761,63.28,-0.002,1.994,59.37,67.19,58.15,68.42,1.6490461335739932,1.62,0.025,1.5,0.0,4.56,0.0,5.49,False,NORMAL,NORMAL,0.82
2026-09-04 07:20:00,19.084138379011375,19.08,-0.001,1.428,16.29,21.88,15.41,22.76,1017.5986395319953,1017.6,-0.0,1.422,1014.81,1020.39,1013.93,1021.26,66.13764339462357,66.14,-0.002,1.994,62.23,70.05,61.0,71.27,7.488141691017187,7.46,0.025,1.5,4.52,10.4,3.6,11.33,False,NORMAL,NORMAL,0.794
2026-09-04 07:25:00,20.35205035260408,20.35,-0.001,1.428,17.55,23.15,16.67,24.03,1018.0047311780344,1018.0,-0.0,1.422,1015.22,1020.79,1014.34,1021.67,61.1210152082209,61.12,-0.002,1.994,57.21,65.03,55.99,66.26,6.188099421941367,6.16,0.025,1.5,3.22,9.1,2.3,10.03,False,NORMAL,NORMAL,0.664
2026-09-04 07:30:00,19.932092805017056,19.93,-0.001,1.428,17.13,22.73,16.25,23.61,1017.7713944581751,1017.77,-0.0,1.422,1014.98,1020.56,1014.11,1021.44,61.6666580369969,61.67,-0.002,1.994,57.76,65.58,56.53,66.8,9.327136200677455,9.3,0.025,1.5,6.36,12.24,5.44,13.17,False,NORMAL,NORMAL,0.75
2026-09-04 07:35:00,20.602815859718113,20.6,-0.001,1.428,17.8,23.4,16.93,24.28,1018.1433946735802,1018.14,-0.0,1.422,1015.36,1020.93,1014.48,1021.81,58.992513804999724,58.99,-0.002,1.994,55.09,62.9,53.86,64.13,5.980676721860766,5.96,0.025,1.5,3.02,8.9,2.09,9.82,False,NORMAL,NORMAL,0.741
2026-09-04 07:40:00,20.48438424581476,20.49,-0.001,1.428,17.69,23.28,16.81,24.16,1018.0452728395838,1018.05,-0.0,1.422,1015.26,1020.83,1014.38,1021.71,59.9952021004972,60.0,-0.002,1.994,56.09,63.9,54.86,65.13,9.236271573189248,9.21,0.025,1.5,6.27,12.15,5.35,13.08,False,NORMAL,NORMAL,0.808
2026-09-04 07:45:00,20.721760949983434,20.72,-0.001,1.428,17.92,23.52,17.04,24.4,1018.6467384096701,1018.65,-0.0,1.422,1015.86,1021.43,1014.98,1022.31,61.71435374496125,61.72,-0.002,1.994,57.81,65.62,56.58,66.85,4.945678217301186,4.92,0.025,1.5,1.98,7.86,1.06,8.78,False,NORMAL,NORMAL,0.743
2026-09-04 07:50:00,20.959017590370188,20.96,-0.001,1.428,18.16,23.76,17.28,24.64,1018.5846955026167,1018.58,-0.0,1.422,1015.8,1021.37,1014.92,1022.25,56.075991923062126,56.08,-0.002,1.994,52.17,59.99,50.94,61.21,5.266339489638421,5.24,0.025,1.5,2.3,8.18,1.38,9.11,False,NORMAL,NORMAL,0.782
2026-09-04 07:55:00,21.102446945217622,21.1,-0.001,1.428,18.3,23.9,17.42,24.78,1018.5643333464019,1018.56,-0.0,1.422,1015.78,1021.35,1014.9,1022.23,58.51776511842352,58.52,-0.002,1.994,54.61,62.43,53.38,63.66,10.680489297473063,10.66,0.025,1.5,7.72,13.6,6.79,14.52,False,NORMAL,NORMAL,0.806
2026-09-04 08:00:00,21.372823580714304,21.37,-0.001,1.428,18.57,24.17,17.7,25.05,1018.8395560016481,1018.84,-0.0,1.422,1016.05,1021.63,1015.18,1022.5,56.633496247911054,56.64,-0.002,1.994,52.73,60.54,51.5,61.77,5.575337556477875,5.55,0.025,1.5,2.61,8.49,1.69,9.41,False,NORMAL,NORMAL,0.806
2026-09-04 08:05:00,21.839800801750567,21.84,-0.001,1.428,19.04,24.64,18.16,25.52,1018.6255459734438,1018.63,-0.0,1.422,1015.84,1021.41,1014.96,1022.29,55.80169545945536,55.8,-0.002,1.994,51.89,59.71,50.67,60.94,0.9810763945012649,0.96,0.025,1.5,0.0,3.9,0.0,4.82,False,NORMAL,NORMAL,0.764
2026-09-04 08:10:00,21.579104171297793,21.58,-0.001,1.428,18.78,24.38,17.9,25.26,1018.9373832348018,1018.94,-0.0,1.422,1016.15,1021.73,1015.27,1022.6,54.73698168800094,54.74,-0.002,1.994,50.83,58.65,49.6,59.88,6.347509319055994,6.32,0.025,1.5,3.38,9.26,2.46,10.19,False,NORMAL,NORMAL,0.767
2026-09-04 08:15:00,21.976320002602,21.98,-0.001,1.428,19.18,24.78,18.3,25.66,1018.9899843765385,1018.99,-0.0,1.422,1016.2,1021.78,1015.33,1022.65,53.904828134065085,53.91,-0.002,1.994,50.0,57.82,48.77,59.04,8.66814341725437,8.64,0.025,1.5,5.7,11.58,4.78,12.51,False,NORMAL,NORMAL,0.816
2026-09-04 08:20:00,21.84883025983736,21.85,-0.001,1.428,19.05,24.65,18.17,25.53,1019.1044579381354,1019.1,-0.0,1.422,1016.32,1021.89,1015.44,1022.77,55.53011152331822,55.53,-0.002,1.994,51.62,59.44,50.39,60.67,7.171550094573905,7.15,0.025,1.5,4.21,10.09,3.28,11.01,False,NORMAL,NORMAL,0.85
2026-09-04 08:25:00,22.652477180229926,22.65,-0.001,1.428,19.85,25.45,18.97,26.33,1019.3611461432781,1019.36,-0.0,1.422,1016.57,1022.15,1015.7,1023.03,55.326410551050216,55.33,-0.002,1.994,51.42,59.24,50.19,60.47,5.373936142243655,5.35,0.025,1.5,2.41,8.29,1.48,9.21,False,NORMAL,NORMAL,0.821
2026-09-04 08:30:00,21.99719548162914,22.0,-0.001,1.428,19.2,24.8,18.32,25.68,1019.3861051690984,1019.39,-0.0,1.422,1016.6,1022.17,1015.72,1023.05,54.475434747989254,54.48,-0.002,1.995,50.57,58.39,49.34,59.61,6.104341719726535,6.08,0.025,1.5,3.14,9.02,2.21,9.94,False,NORMAL,NORMAL,0.826
2026-09-04 08:35:00,23.178983865405968,23.18,-0.001,1.428,20.38,25.98,19.5,26.86,1019.4258808448577,1019.43,-0.0,1.422,1016.64,1022.21,1015.76,1023.09,49.38017117907165,49.38,-0.002,1.995,45.47,53.29,44.24,54.52,12.547305164797214,12.52,0.025,1.5,9.58,15.46,8.66,16.39,False,NORMAL,NORMAL,0.587
2026-09-04 08:40:00,22.632850048006823,22.63,-0.001,1.428,19.83,25.43,18.95,26.31,1019.2409843715274,1019.24,-0.0,1.422,1016.45,1022.03,1015.58,1022.91,51.21246452292593,51.21,-0.002,1.995,47.3,55.12,46.08,56.35,1.813329629589812,1.79,0.025,1.5,0.0,4.73,0.0,5.65,False,NORMAL,NORMAL,0.689
2026-09-04 08:45:00,22.266276309054888,22.27,-0.001,1.428,19.47,25.07,18.59,25.95,1019.452060591941,1019.45,-0.0,1.422,1016.66,1022.24,1015.79,1023.12,51.89617540901689,51.9,-0.002,1.995,47.99,55.81,46.76,57.04,6.2195804518424875,6.19,0.025,1.5,3.25,9.14,2.33,10.06,False,NORMAL,NORMAL,0.815
2026-09-04 08:50:00,23.078786476065996,23.08,-0.001,1.428,20.28,25.88,19.4,26.76,1019.6846159618199,1019.68,-0.0,1.423,1016.9,1022.47,1016.02,1023.35,49.11465279566118,49.12,-0.002,1.995,45.21,53.03,43.98,54.25,3.44982890392514,3.42,0.025,1.5,0.48,6.37,0.0,7.29,False,NORMAL,NORMAL,0.778
2026-09-04 08:55:00,22.94328565127236,22.94,-0.001,1.428,20.14,25.74,19.27,26.62,1019.8239869367893,1019.82,-0.0,1.423,1017.04,1022.61,1016.16,1023.49,50.30633217534583,50.31,-0.002,1.995,46.4,54.22,45.17,55.45,6.088509727978983,6.06,0.025,1.5,3.12,9.0,2.2,9.93,False,NORMAL,NORMAL,0.833
2026-09-04 09:00:00,23.739246978546714,23.74,-0.001,1.428,20.94,26.54,20.06,27.42,1019.7473122375341,1019.75,-0.0,1.423,1016.96,1022.54,1016.08,1023.41,49.93082444793945,49.93,-0.002,1.995,46.02,53.84,44.79,55.07,5.8705068505316795,5.85,0.025,1.5,2.9,8.79,1.98,9.71,False,NORMAL,NORMAL,0.828
2026-09-04 09:05:00,23.328263678712673,23.33,-0.001,1.428,20.53,26.13,19.65,27.01,1020.3852576897789,1020.39,-0.0,1.423,1017.6,1023.17,1016.72,1024.05,47.345889777398845,47.35,-0.002,1.995,43.44,51.26,42.21,52.49,2.4961492572638213,2.47,0.025,1.5,0.0,5.41,0.0,6.34,False,NORMAL,NORMAL,0.508
2026-09-04 09:10:00,23.596123369711787,23.6,-0.001,1.428,20.8,26.4,19.92,27.28,1020.3573291112768,1020.36,-0.0,1.423,1017.57,1023.15,1016.69,1024.02,49.30671381195267,49.31,-0.002,1.995,45.4,53.22,44.17,54.45,2.9653180503794005,2.94,0.025,1.501,0.0,5.88,0.0,6.81,False,NORMAL,NORMAL,0.804
2026-09-04 09:15:00,23.202943484678034,23.2,-0.001,1.428,20.4,26.0,19.52,26.88,1020.3261509292697,1020.33,-0.0,1.423,1017.54,1023.11,1016.66,1023.99,50.209077560977946,50.21,-0.002,1.995,46.3,54.12,45.07,55.35,6.119276821217959,6.09,0.025,1.501,3.15,9.04,2.23,9.96,False,NORMAL,NORMAL,0.836
2026-09-04 09:20:00,23.960800189307527,23.96,-0.001,1.428,21.16,26.76,20.28,27.64,1020.3521005786054,1020.35,-0.0,1.423,1017.56,1023.14,1016.69,1024.02,47.3513720360359,47.35,-0.002,1.995,43.44,51.26,42.21,52.49,2.316187518040588,2.29,0.025,1.501,0.0,5.23,0.0,6.16,False,NORMAL,NORMAL,0.799
2026-09-04 09:25:00,23.353854758182823,23.35,-0.001,1.428,20.56,26.15,19.68,27.03,1020.4143241620161,1020.41,-0.0,1.423,1017.63,1023.2,1016.75,1024.08,49.27418819524588,49.28,-0.002,1.995,45.37,53.19,44.14,54.42,3.4956375880864896,3.47,0.025,1.501,0.53,6.41,0.0,7.34,False,NORMAL,NORMAL,0.813
2026-09-04 09:30:00,23.870171508037686,23.87,-0.001,1.428,21.07,26.67,20.19,27.55,1020.4075274475333,1020.41,-0.0,1.423,1017.62,1023.2,1016.74,1024.07,49.36283678705992,49.36,-0.002,1.995,45.45,53.28,44.22,54.5,8.51635023832553,8.49,0.025,1.501,5.55,11.43,4.63,12.36,False,NORMAL,NORMAL,0.798
2026-09-04 09:35:00,24.98678922609046,24.99,-0.001,1.428,22.19,27.79,21.31,28.67,1020.6652978626253,1020.67,-0.0,1.423,1017.88,1023.45,1017.0,1024.33,44.66039973983795,44.66,-0.002,1.995,40.75,48.57,39.52,49.8,4.019383230476989,3.99,0.025,1.501,1.05,6.94,0.13,7.86,False,NORMAL,NORMAL,0.711
2026-09-04 09:40:00,25.174321624385133,25.18,-0.001,1.428,22.38,27.97,21.5,28.85,1020.7948028333752,1020.79,-0.0,1.423,1018.01,1023.58,1017.13,1024.46,43.48786604732735,43.49,-0.002,1.995,39.58,47.4,38.35,48.63,5.2612105558660565,5.24,0.025,1.501,2.29,8.18,1.37,9.1,False,NORMAL,NORMAL,0.809
2026-09-04 09:45:00,25.205973876551788,25.21,-0.001,1.428,22.41,28.01,21.53,28.89,1020.6713476864251,1020.67,-0.0,1.423,1017.88,1023.46,1017.01,1024.34,43.91221833701595,43.91,-0.002,1.995,40.0,47.82,38.77,49.05,10.894330082015943,10.87,0.025,1.501,7.93,13.81,7.0,14.74,False,NORMAL,NORMAL,0.799
2026-09-04 09:50:00,24.82312516673017,24.82,-0.001,1.428,22.02,27.62,21.14,28.5,1021.0081232557693,1021.01,-0.0,1.423,1018.22,1023.8,1017.34,1024.67,44.34045571624406,44.34,-0.002,1.996,40.43,48.25,39.2,49.48,3.3075168186054156,3.28,0.025,1.501,0.34,6.22,0.0,7.15,False,NORMAL,NORMAL,0.74
2026-09-04 09:55:00,25.363216523265255,25.36,-0.001,1.428,22.56,28.16,21.68,29.04,1021.0339133738137,1021.03,-0.0,1.423,1018.25,1023.82,1017.37,1024.7,42.808216974940905,42.81,-0.002,1.996,38.9,46.72,37.67,47.95,4.607945067486755,4.58,0.025,1.501,1.64,7.52,0.72,8.45,False,NORMAL,NORMAL,0.823
2026-09-04 10:00:00,25.55143218583525,25.55,-0.001,1.428,22.75,28.35,21.87,29.23,1020.8689660144231,1020.87,-0.0,1.423,1018.08,1023.66,1017.2,1024.53,41.50535317707141,41.51,-0.002,1.996,37.6,45.42,36.37,46.65,6.373587270000534,6.35,0.025,1.501,3.41,9.29,2.48,10.21,False,NORMAL,NORMAL,0.748
2026-09-04 10:05:00,25.258213050909017,25.26,-0.001,1.428,22.46,28.06,21.58,28.94,1021.1226548681705,1021.12,-0.0,1.423,1018.33,1023.91,1017.46,1024.79,45.05903426366042,45.06,-0.002,1.996,41.15,48.97,39.92,50.2,7.880181354798988,7.85,0.025,1.501,4.91,10.8,3.99,11.72,False,NORMAL,NORMAL,0.786
2026-09-04 10:10:00,26.48964536255123,26.49,-0.001,1.428,23.69,29.29,22.81,30.17,1021.2848010724564,1021.28,-0.0,1.423,1018.5,1024.07,1017.62,1024.95,41.5851307741153,41.59,-0.002,1.996,37.67,45.5,36.45,46.73,10.1761797325255,10.15,0.025,1.501,7.21,13.09,6.28,14.02,False,NORMAL,NORMAL,0.687
2026-09-04 10:15:00,26.40392820372693,26.4,-0.001,1.428,23.61,29.2,22.73,30.08,1021.7235937438525,1021.72,-0.0,1.423,1018.94,1024.51,1018.06,1025.39,41.784668239422146,41.79,-0.002,1.996,37.87,45.7,36.64,46.93,10.566315239875758,10.54,0.025,1.501,7.6,13.48,6.67,14.41,False,NORMAL,NORMAL,0.724
2026-09-04 10:20:00,26.127194707334045,26.13,-0.001,1.428,23.33,28.93,22.45,29.81,1021.6159097665127,1021.62,-0.0,1.423,1018.83,1024.4,1017.95,1025.28,40.677553827355865,40.68,-0.002,1.996,36.77,44.59,35.54,45.82,8.278721713061506,8.25,0.025,1.501,5.31,11.2,4.39,12.12,False,NORMAL,NORMAL,0.773
2026-09-04 10:25:00,26.38676236508369,26.39,-0.001,1.428,23.59,29.19,22.71,30.07,1021.4223990281873,1021.42,-0.0,1.423,1018.63,1024.21,1017.76,1025.09,39.80991270254505,39.81,-0.002,1.996,35.9,43.72,34.67,44.95,3.462439210831942,3.44,0.025,1.501,0.5,6.38,0.0,7.3,False,NORMAL,NORMAL,0.806
2026-09-04 10:30:00,26.61755112693886,26.62,-0.001,1.428,23.82,29.42,22.94,30.3,1021.7841529908003,1021.78,-0.0,1.423,1019.0,1024.57,1018.12,1025.45,39.01087150530435,39.01,-0.002,1.996,35.1,42.92,33.87,44.15,1.0840255023722138,1.06,0.025,1.501,0.0,4.0,0.0,4.93,False,NORMAL,NORMAL,0.625
2026-09-04 10:35:00,25.87338918175494,25.87,-0.001,1.428,23.07,28.67,22.19,29.55,1021.5658365502911,1021.57,-0.0,1.423,1018.78,1024.35,1017.9,1025.23,40.39914165212581,40.4,-0.002,1.996,36.49,44.31,35.26,45.54,4.785057129250376,4.76,0.025,1.501,1.82,7.7,0.89,8.63,False,NORMAL,NORMAL,0.581
2026-09-04 10:40:00,26.744726384696627,26.75,-0.001,1.428,23.95,29.55,23.07,30.43,1022.0451083060642,1022.05,-0.0,1.423,1019.26,1024.83,1018.38,1025.71,42.198413322557336,42.2,-0.002,1.996,38.29,46.11,37.06,47.34,2.7011659543473265,2.68,0.025,1.501,0.0,5.62,0.0,6.54,False,NORMAL,NORMAL,0.636
2026-09-04 10:45:00,26.721881996242576,26.72,-0.001,1.428,23.92,29.52,23.04,30.4,1021.8948291409951,1021.89,-0.0,1.423,1019.11,1024.68,1018.23,1025.56,38.85034536147161,38.85,-0.002,1.996,34.94,42.76,33.71,43.99,7.737357174307723,7.71,0.025,1.501,4.77,10.65,3.85,11.58,False,NORMAL,NORMAL,0.599
2026-09-04 10:50:00,26.742606428724343,26.74,-0.001,1.428,23.94,29.54,23.06,30.42,1022.0322024237793,1022.03,-0.0,1.423,1019.24,1024.82,1018.37,1025.7,39.38806940079251,39.39,-0.002,1.996,35.48,43.3,34.25,44.53,7.26756545616313,7.24,0.025,1.501,4.3,10.18,3.38,11.11,False,NORMAL,NORMAL,0.827
2026-09-04 10:55:00,27.17683085706016,27.18,-0.001,1.429,24.38,29.98,23.5,30.86,1022.3237637727349,1022.32,-0.0,1.423,1019.54,1025.11,1018.66,1025.99,37.85078073602197,37.85,-0.002,1.996,33.94,41.77,32.71,42.99,1.4889141495405298,1.46,0.025,1.501,0.0,4.41,0.0,5.33,False,NORMAL,NORMAL,0.646
2026-09-04 11:00:00,28.15173857947292,28.15,-0.001,1.429,25.35,30.95,24.47,31.83,1022.0083057304545,1022.01,-0.0,1.423,1019.22,1024.8,1018.34,1025.67,38.12896005785947,38.13,-0.002,1.996,34.22,42.04,32.99,43.27,9.49636046099466,9.47,0.025,1.501,6.53,12.41,5.6,13.34,False,NORMAL,NORMAL,0.685
2026-09-04 11:05:00,27.82971046222978,27.83,-0.001,1.429,25.03,30.63,24.15,31.51,1022.066084925395,1022.07,-0.0,1.423,1019.28,1024.85,1018.4,1025.73,37.20714009785156,37.21,-0.002,1.996,33.3,41.12,32.07,42.35,3.7912832664812606,3.77,0.025,1.501,0.82,6.71,0.0,7.63,False,NORMAL,NORMAL,0.749
2026-09-04 11:10:00,27.482868607833318,27.48,-0.001,1.429,24.68,30.28,23.8,31.16,1022.2601221422502,1022.26,-0.0,1.423,1019.47,1025.05,1018.6,1025.92,37.317631961939625,37.32,-0.002,1.997,33.41,41.23,32.18,42.46,5.358259468557128,5.33,0.025,1.501,2.39,8.28,1.47,9.2,False,NORMAL,NORMAL,0.816
2026-09-04 11:15:00,28.075540230662707,28.08,-0.001,1.429,25.28,30.88,24.4,31.76,1022.5731197248307,1022.57,-0.0,1.423,1019.78,1025.36,1018.91,1026.24,37.807777771832114,37.81,-0.002,1.997,33.9,41.72,32.67,42.95,7.5114799293483285,7.49,0.025,1.501,4.54,10.43,3.62,11.35,False,NORMAL,NORMAL,0.773
2026-09-04 11:20:00,28.538560062604134,28.54,-0.001,1.429,25.74,31.34,24.86,32.22,1022.2568117250095,1022.26,-0.0,1.423,1019.47,1025.05,1018.59,1025.92,35.828042141341264,35.83,-0.002,1.997,31.92,39.74,30.69,40.97,5.382261750414924,5.36,0.025,1.501,2.41,8.3,1.49,9.22,False,NORMAL,NORMAL,0.764
2026-09-04 11:25:00,28.478071175812154,28.48,-0.001,1.429,25.68,31.28,24.8,32.16,1022.1248533585637,1022.13,-0.0,1.423,1019.34,1024.91,1018.46,1025.79,35.87263771216541,35.87,-0.002,1.997,31.96,39.79,30.73,41.02,5.505386132317266,5.48,0.025,1.501,2.54,8.42,1.61,9.35,False,NORMAL,NORMAL,0.827
2026-09-04 11:30:00,28.258505287468974,28.26,-0.001,1.429,25.46,31.06,24.58,31.94,1022.54454478706,1022.54,-0.0,1.423,1019.76,1025.33,1018.88,1026.21,37.52763254368382,37.53,-0.002,1.997,33.62,41.44,32.39,42.67,1.8877041699101074,1.86,0.025,1.501,0.0,4.81,0.0,5.73,False,NORMAL,NORMAL,0.659
2026-09-04 11:35:00,28.09929747790343,28.1,-0.001,1.429,25.3,30.9,24.42,31.78,1022.7550711959391,1022.76,-0.0,1.423,1019.97,1025.54,1019.09,1026.42,38.84243672470549,38.84,-0.002,1.997,34.93,42.76,33.7,43.99,5.211249023388893,5.19,0.025,1.501,2.24,8.13,1.32,9.05,False,NORMAL,NORMAL,0.797
2026-09-04 11:40:00,28.757713604543156,28.76,-0.001,1.429,25.96,31.56,25.08,32.44,1022.9099652354627,1022.91,-0.0,1.423,1020.12,1025.7,1019.25,1026.57,37.5601570601538,37.56,-0.002,1.997,33.65,41.48,32.42,42.71,8.78541985286162,8.76,0.025,1.501,5.82,11.7,4.89,12.63,False,NORMAL,NORMAL,0.783
2026-09-04 11:45:00,28.753054453296354,28.75,-0.001,1.429,25.95,31.55,25.07,32.43,1022.7155712494512,1022.72,-0.0,1.423,1019.93,1025.5,1019.05,1026.38,35.16408773842252,35.17,-0.002,1.997,31.25,39.08,30.02,40.31,11.51221838332911,11.49,0.025,1.501,8.54,14.43,7.62,15.35,False,NORMAL,NORMAL,0.756
2026-09-04 11:50:00,29.06780991072793,29.07,-0.001,1.429,26.27,31.87,25.39,32.75,1022.775937963483,1022.78,-0.0,1.423,1019.99,1025.56,1019.11,1026.44,36.04369924879484,36.05,-0.002,1.997,32.13,39.96,30.9,41.19,5.372899969605706,5.35,0.025,1.501,2.4,8.29,1.48,9.22,False,NORMAL,NORMAL,0.768
2026-09-04 11:55:00,29.07466385088026,29.08,-0.001,1.429,26.28,31.88,25.4,32.76,1023.0608183402317,1023.06,-0.0,1.423,1020.27,1025.85,1019.4,1026.73,34.224709074182215,34.23,-0.002,1.997,30.31,38.14,29.08,39.37,5.47837233239389,5.45,0.025,1.502,2.51,8.4,1.59,9.32,False,NORMAL,NORMAL,0.778
2026-09-04 12:00:00,29.348024316403244,29.35,-0.001,1.429,26.55,32.15,25.67,33.03,1022.6548201192843,1022.65,-0.0,1.423,1019.87,1025.44,1018.99,1026.32,34.48089438529432,34.48,-0.002,1.997,30.57,38.4,29.34,39.63,8.155094635887176,8.13,0.025,1.502,5.19,11.07,4.26,12.0,False,NORMAL,NORMAL,0.709
2026-09-04 12:05:00,28.818419796211934,28.82,-0.001,1.429,26.02,31.62,25.14,32.5,1022.9220147161186,1022.92,-0.0,1.423,1020.13,1025.71,1019.26,1026.59,34.165034611058736,34.17,-0.002,1.997,30.25,38.08,29.02,39.31,12.564802583167982,12.54,0.025,1.502,9.6,15.48,8.67,16.41,False,NORMAL,NORMAL,0.527
2026-09-04 12:10:00,29.66044323546575,29.66,-0.001,1.429,26.86,32.46,25.98,33.34,1023.0513319892074,1023.05,-0.0,1.423,1020.26,1025.84,1019.39,1026.72,34.52804292707157,34.53,-0.002,1.997,30.61,38.44,29.38,39.67,4.153410000040711,4.13,0.025,1.502,1.19,7.07,0.26,8.0,False,NORMAL,NORMAL,0.695
2026-09-04 12:15:00,29.31011837343117,29.31,-0.001,1.429,26.51,32.11,25.63,32.99,1023.1300960551977,1023.13,-0.0,1.423,1020.34,1025.92,1019.47,1026.79,34.14918952819794,34.15,-0.002,1.997,30.24,38.07,29.01,39.3,5.691731721766722,5.67,0.025,1.502,2.72,8.61,1.8,9.53,False,NORMAL,NORMAL,0.802
2026-09-04 12:20:00,30.155358720557523,30.16,-0.001,1.429,27.36,32.96,26.48,33.84,1023.023665844353,1023.02,-0.0,1.423,1020.24,1025.81,1019.36,1026.69,34.030021832848085,34.03,-0.002,1.997,30.12,37.95,28.89,39.18,9.44794592983821,9.42,0.025,1.502,6.48,12.37,5.55,13.29,False,NORMAL,NORMAL,0.734
2026-09-04 12:25:00,29.140301350873948,29.14,-0.001,1.429,26.34,31.94,25.46,32.82,1023.140219172197,1023.14,-0.0,1.423,1020.35,1025.93,1019.48,1026.81,35.73793029519858,35.74,-0.002,1.997,31.82,39.65,30.59,40.89,7.287976965696624,7.26,0.025,1.502,4.32,10.21,3.39,11.13,False,NORMAL,NORMAL,0.729
2026-09-04 12:30:00,30.19759536418537,30.2,-0.001,1.429,27.4,33.0,26.52,33.88,1022.7942307609089,1022.79,-0.0,1.423,1020.01,1025.58,1019.13,1026.46,30.977315581657585,30.98,-0.002,1.998,27.06,34.89,25.83,36.12,2.578645899235184,2.55,0.025,1.502,0.0,5.5,0.0,6.42,False,NORMAL,NORMAL,0.311
2026-09-04 12:35:00,29.666085429743458,29.67,-0.001,1.429,26.87,32.47,25.99,33.35,1023.0987024703838,1023.1,-0.0,1.423,1020.31,1025.89,1019.43,1026.76,33.70955866591495,33.71,-0.002,1.998,29.8,37.63,28.57,38.86,7.50552205623351,7.48,0.025,1.502,4.54,10.42,3.61,11.35,False,NORMAL,NORMAL,0.622
2026-09-04 12:40:00,29.406511421823577,29.41,-0.001,1.429,26.61,32.21,25.73,33.09,1023.2929854935478,1023.29,-0.0,1.423,1020.5,1026.08,1019.63,1026.96,35.06151072867452,35.06,-0.002,1.998,31.15,38.98,29.92,40.21,3.440529709252085,3.42,0.025,1.502,0.47,6.36,0.0,7.28,False,NORMAL,NORMAL,0.767
2026-09-04 12:45:00,29.55009804405069,29.55,-0.001,1.429,26.75,32.35,25.87,33.23,1023.1027248381348,1023.1,-0.0,1.423,1020.31,1025.89,1019.44,1026.77,33.30566329414748,33.31,-0.002,1.998,29.39,37.22,28.16,38.45,6.406791541383475,6.38,0.025,1.502,3.44,9.33,2.51,10.25,False,NORMAL,NORMAL,0.765
2026-09-04 12:50:00,29.68847517344264,29.69,-0.001,1.429,26.89,32.49,26.01,33.37,1023.2816514451904,1023.28,-0.0,1.423,1020.49,1026.07,1019.62,1026.95,33.93139852710954,33.93,-0.002,1.998,30.02,37.85,28.79,39.08,6.593871705494628,6.57,0.025,1.502,3.63,9.51,2.7,10.44,False,NORMAL,NORMAL,0.794
2026-09-04 12:55:00,30.05560359240327,30.06,-0.001,1.429,27.26,32.86,26.38,33.74,1023.3602335028271,1023.36,-0.0,1.423,1020.57,1026.15,1019.7,1027.03,33.064070468421576,33.07,-0.002,1.998,29.15,36.98,27.92,38.21,11.002369320211269,10.98,0.025,1.502,8.03,13.92,7.11,14.85,False,NORMAL,NORMAL,0.737
2026-09-04 13:00:00,30.160731086286017,30.16,-0.001,1.429,27.36,32.96,26.48,33.84,1023.2599257941604,1023.26,-0.0,1.423,1020.47,1026.05,1019.6,1026.92,33.769702601157974,33.77,-0.002,1.998,29.86,37.69,28.62,38.92,6.007909039996425,5.98,0.025,1.502,3.04,8.93,2.11,9.85,False,NORMAL,NORMAL,0.77
2026-09-04 13:05:00,29.78409002897427,29.78,-0.001,1.429,26.98,32.59,26.1,33.47,1023.3527366659762,1023.35,-0.0,1.423,1020.56,1026.14,1019.69,1027.02,32.249409426777255,32.25,-0.002,1.998,28.33,36.17,27.1,37.4,4.371979937718206,4.35,0.025,1.502,1.4,7.29,0.48,8.22,False,NORMAL,NORMAL,0.55
2026-09-04 13:10:00,30.06209344829805,30.06,-0.001,1.429,27.26,32.86,26.38,33.74,1023.1964199433199,1023.2,-0.0,1.423,1020.41,1025.99,1019.53,1026.86,32.76349175179662,32.77,-0.002,1.998,28.85,36.68,27.62,37.91,3.919257369814558,3.89,0.025,1.502,0.95,6.84,0.03,7.76,False,NORMAL,NORMAL,0.763
2026-09-04 13:15:00,30.98328121202944,30.98,-0.001,1.429,28.18,33.78,27.3,34.66,1023.3213587632716,1023.32,-0.0,1.423,1020.53,1026.11,1019.66,1026.99,30.1030874536047,30.1,-0.002,1.998,26.19,34.02,24.96,35.25,11.026793785415137,11.0,0.025,1.502,8.06,13.95,7.13,14.87,False,NORMAL,NORMAL,0.383
2026-09-04 13:20:00,30.868182831925395,30.87,-0.001,1.429,28.07,33.67,27.19,34.55,1023.4533190746089,1023.45,-0.0,1.423,1020.66,1026.24,1019.79,1027.12,31.22963833216232,31.23,-0.002,1.998,27.31,35.15,26.08,36.38,3.320152066795473,3.29,0.025,1.502,0.35,6.24,0.0,7.16,False,NORMAL,NORMAL,0.646
2026-09-04 13:25:00,30.39872619995951,30.4,-0.001,1.429,27.6,33.2,26.72,34.08,1023.3927454793783,1023.39,-0.0,1.423,1020.6,1026.18,1019.73,1027.06,32.939740163410484,32.94,-0.002,1.998,29.02,36.86,27.79,38.09,5.716764793102891,5.69,0.025,1.502,2.75,8.64,1.82,9.56,False,NORMAL,NORMAL,0.759
2026-09-04 13:30:00,30.282653710567686,30.28,-0.001,1.429,27.48,33.08,26.6,33.96,1023.2866738873421,1023.29,-0.0,1.423,1020.5,1026.08,1019.62,1026.95,32.8391926501209,32.84,-0.002,1.998,28.92,36.76,27.69,37.99,3.4967263693705535,3.47,0.025,1.502,0.53,6.42,0.0,7.34,False,NORMAL,NORMAL,0.773
2026-09-04 13:35:00,30.35493239388864,30.36,-0.001,1.429,27.55,33.16,26.67,34.04,1023.4118489158341,1023.41,-0.0,1.423,1020.62,1026.2,1019.75,1027.08,32.79333151183637,32.79,-0.002,1.998,28.88,36.71,27.65,37.94,9.364634469713238,9.34,0.025,1.502,6.4,12.28,5.47,13.21,False,NORMAL,NORMAL,0.72
2026-09-04 13:40:00,30.587995887768585,30.59,-0.001,1.429,27.79,33.39,26.91,34.27,1023.487150397334,1023.49,-0.0,1.423,1020.7,1026.28,1019.82,1027.15,32.22383317026277,32.23,-0.002,1.998,28.31,36.14,27.08,37.37,6.16848815677763,6.14,0.025,1.502,3.2,9.09,2.27,10.01,False,NORMAL,NORMAL,0.76
2026-09-04 13:45:00,29.965332936489624,29.97,-0.001,1.429,27.17,32.77,26.29,33.65,1023.0724635137676,1023.07,-0.0,1.423,1020.28,1025.86,1019.41,1026.74,34.91476973334683,34.92,-0.002,1.998,31.0,38.83,29.77,40.06,5.061043978254545,5.04,0.025,1.502,2.09,7.98,1.17,8.91,False,NORMAL,NORMAL,0.701
2026-09-04 13:50:00,30.299545982615747,30.3,-0.001,1.429,27.5,33.1,26.62,33.98,1023.552141405788,1023.55,-0.0,1.423,1020.76,1026.34,1019.89,1027.22,32.63541852283255,32.64,-0.002,1.999,28.72,36.55,27.49,37.79,5.152463173279255,5.13,0.025,1.502,2.18,8.07,1.26,9.0,False,NORMAL,NORMAL,0.545
2026-09-04 13:55:00,29.759289725786378,29.76,-0.001,1.429,26.96,32.56,26.08,33.44,1023.3245766551693,1023.32,-0.0,1.423,1020.54,1026.11,1019.66,1026.99,32.65208948324835,32.65,-0.002,1.999,28.74,36.57,27.51,37.8,10.646433907188092,10.62,0.025,1.502,7.68,13.57,6.75,14.49,False,NORMAL,NORMAL,0.575
2026-09-04 14:00:00,30.606816047570636,30.61,-0.001,1.429,27.81,33.41,26.93,34.29,1023.4340635734809,1023.43,-0.0,1.423,1020.65,1026.22,1019.77,1027.1,32.670521549425764,32.67,-0.002,1.999,28.75,36.59,27.52,37.82,6.916853153743834,6.89,0.025,1.502,3.95,9.84,3.02,10.76,False,NORMAL,NORMAL,0.684
2026-09-04 14:05:00,30.722583678153423,30.72,-0.001,1.429,27.92,33.52,27.04,34.4,1023.5436270000158,1023.54,-0.0,1.423,1020.76,1026.33,1019.88,1027.21,32.319005134855374,32.32,-0.002,1.999,28.4,36.24,27.17,37.47,8.661071578736108,8.64,0.025,1.502,5.69,11.58,4.77,12.51,False,NORMAL,NORMAL,0.741
2026-09-04 14:10:00,30.283184469633532,30.28,-0.001,1.429,27.48,33.08,26.6,33.97,1023.1507496407058,1023.15,-0.0,1.423,1020.36,1025.94,1019.49,1026.82,32.28095596442329,32.28,-0.002,1.999,28.36,36.2,27.13,37.43,11.606748269965383,11.58,0.025,1.502,8.64,14.53,7.71,15.45,False,NORMAL,NORMAL,0.633
2026-09-04 14:15:00,31.114984761139052,31.12,-0.001,1.429,28.31,33.92,27.43,34.8,1023.2412943462417,1023.24,-0.0,1.423,1020.45,1026.03,1019.58,1026.91,31.822688730325385,31.82,-0.002,1.999,27.91,35.74,26.68,36.97,11.721508284297958,11.7,0.025,1.502,8.75,14.64,7.83,15.57,False,NORMAL,NORMAL,0.649
2026-09-04 14:20:00,30.00019585253382,30.0,-0.001,1.429,27.2,32.8,26.32,33.68,1023.2944771188193,1023.29,-0.0,1.423,1020.51,1026.08,1019.63,1026.96,33.04536666896177,33.05,-0.002,1.999,29.13,36.96,27.9,38.2,4.853988813933095,4.83,0.025,1.502,1.88,7.77,0.96,8.7,False,NORMAL,NORMAL,0.633
2026-09-04 14:25:00,29.906050908931785,29.91,-0.001,1.429,27.11,32.71,26.23,33.59,1023.2091761772176,1023.21,-0.0,1.423,1020.42,1026.0,1019.54,1026.87,32.547499327123994,32.55,-0.002,1.999,28.63,36.47,27.4,37.7,13.415829724619154,13.39,0.025,1.502,10.45,16.34,9.52,17.26,False,NORMAL,NORMAL,0.613
2026-09-04 14:30:00,30.579074439903216,30.58,-0.001,1.429,27.78,33.38,26.9,34.26,1023.574983555598,1023.58,-0.0,1.423,1020.79,1026.36,1019.91,1027.24,31.48432848127919,31.49,-0.002,1.999,27.57,35.4,26.34,36.64,1.2191198340482636,1.19,0.025,1.502,0.0,4.14,0.0,5.06,False,NORMAL,NORMAL,0.411
2026-09-04 14:35:00,30.90182922222215,30.9,-0.001,1.429,28.1,33.7,27.22,34.58,1023.173349742831,1023.17,-0.0,1.423,1020.38,1025.96,1019.51,1026.84,30.50326209903098,30.5,-0.002,1.999,26.59,34.42,25.36,35.65,5.277757313526651,5.25,0.025,1.502,2.31,8.2,1.38,9.12,False,NORMAL,NORMAL,0.376
2026-09-04 14:40:00,31.146471530279005,31.15,-0.001,1.429,28.35,33.95,27.47,34.83,1023.2048703277452,1023.21,-0.0,1.423,1020.42,1025.99,1019.54,1026.87,31.56386597597634,31.57,-0.002,1.999,27.65,35.48,26.42,36.72,11.529043811685915,11.5,0.025,1.502,8.56,14.45,7.63,15.37,False,NORMAL,NORMAL,0.659
2026-09-04 14:45:00,30.275484483447308,30.28,-0.001,1.429,27.48,33.08,26.59,33.96,1023.3045084132818,1023.3,-0.0,1.423,1020.52,1026.09,1019.64,1026.97,32.208244985187,32.21,-0.002,1.999,28.29,36.13,27.06,37.36,4.339188321416305,4.31,0.025,1.503,1.37,7.26,0.44,8.18,False,NORMAL,NORMAL,0.652
2026-09-04 14:50:00,30.87289004336847,30.87,-0.001,1.429,28.07,33.67,27.19,34.56,1023.0785836594042,1023.08,-0.0,1.423,1020.29,1025.87,1019.41,1026.74,31.570234417905407,31.57,-0.002,1.999,27.65,35.49,26.42,36.72,4.319112337586399,4.29,0.025,1.503,1.35,7.24,0.42,8.16,False,NORMAL,NORMAL,0.705
2026-09-04 14:55:00,30.404652012520113,30.41,-0.001,1.429,27.6,33.21,26.72,34.09,1023.1841162933088,1023.18,-0.0,1.423,1020.4,1025.97,1019.52,1026.85,33.46421443117288,33.47,-0.002,1.999,29.55,37.38,28.32,38.62,4.584895204033305,4.56,0.025,1.503,1.61,7.5,0.69,8.43,False,NORMAL,NORMAL,0.732
2026-09-04 15:00:00,30.32591849220516,30.33,-0.001,1.429,27.53,33.13,26.65,34.01,1023.2752533368181,1023.28,-0.0,1.423,1020.49,1026.06,1019.61,1026.94,32.02237008638472,32.02,-0.002,1.999,28.11,35.94,26.87,37.17,7.4224082322793326,7.4,0.025,1.503,4.45,10.34,3.53,11.27,False,NORMAL,NORMAL,0.744
2026-09-04 15:05:00,30.71964363442917,30.72,-0.001,1.429,27.92,33.52,27.04,34.4,1023.1615764226174,1023.16,-0.0,1.423,1020.37,1025.95,1019.5,1026.83,33.27097362305164,33.27,-0.002,1.999,29.35,37.19,28.12,38.42,5.781424772839012,5.76,0.025,1.503,2.81,8.7,1.89,9.63,False,NORMAL,NORMAL,0.771
2026-09-04 15:10:00,30.594636958754325,30.6,-0.001,1.429,27.79,33.4,26.91,34.28,1023.1811693392835,1023.18,-0.0,1.423,1020.39,1025.97,1019.52,1026.85,32.813274630455886,32.81,-0.002,2.0,28.9,36.73,27.66,37.97,8.654296116706634,8.63,0.025,1.503,5.68,11.57,4.76,12.5,False,NORMAL,NORMAL,0.759
2026-09-04 15:15:00,29.667020399394065,29.67,-0.001,1.429,26.87,32.47,25.99,33.35,1023.0993495656019,1023.1,-0.0,1.423,1020.31,1025.89,1019.43,1026.76,34.19693789080195,34.2,-0.002,2.0,30.28,38.12,29.05,39.35,11.382309362865803,11.36,0.025,1.503,8.41,14.3,7.49,15.23,False,NORMAL,NORMAL,0.741
2026-09-04 15:20:00,44.84842929924851,44.85,-0.001,1.429,42.05,47.65,41.17,48.53,1022.9351489901773,1022.94,-0.0,1.423,1020.15,1025.72,1019.27,1026.6,32.57087430113228,32.57,-0.002,2.0,28.65,36.49,27.42,37.72,8.013755366851301,7.99,0.025,1.503,5.04,10.93,4.12,11.86,True,WARNING,MULTIVARIATE_OUTLIER,0.818
2026-09-04 15:25:00,30.76647889319906,30.77,-0.001,1.429,27.97,33.57,27.09,34.45,1023.1942242636686,1023.19,-0.0,1.423,1020.41,1025.98,1019.53,1026.86,32.057906094857024,32.06,-0.002,2.0,28.14,35.98,26.91,37.21,3.6111412777927137,3.59,0.025,1.503,0.64,6.53,0.0,7.46,False,NORMAL,NORMAL,0.443
2026-09-04 15:30:00,29.917268314794047,29.92,-0.001,1.429,27.12,32.72,26.24,33.6,1023.393083284943,1023.39,-0.0,1.423,1020.6,1026.18,1019.73,1027.06,33.240267314497444,33.24,-0.002,2.0,29.32,37.16,28.09,38.39,12.37338081123668,12.35,0.025,1.503,9.4,15.29,8.48,16.22,False,NORMAL,NORMAL,0.449
2026-09-04 15:35:00,30.27531795109612,30.28,-0.001,1.429,27.47,33.08,26.59,33.96,1023.1167496812006,1023.12,-0.0,1.423,1020.33,1025.91,1019.45,1026.78,31.56637528521429,31.57,-0.002,2.0,27.65,35.49,26.42,36.72,4.164473520099509,4.14,0.025,1.503,1.19,7.08,0.27,8.01,False,NORMAL,NORMAL,0.425
2026-09-04 15:40:00,30.260595775235313,30.26,-0.001,1.429,27.46,33.06,26.58,33.94,1023.1323078936716,1023.13,-0.0,1.423,1020.34,1025.92,1019.47,1026.8,33.52690793423706,33.53,-0.002,2.0,29.61,37.45,28.38,38.68,3.0198983981819483,2.99,0.025,1.503,0.05,5.94,0.0,6.87,False,NORMAL,NORMAL,0.764
2026-09-04 15:45:00,30.109757972865616,30.11,-0.001,1.429,27.31,32.91,26.43,33.79,1023.1874316144327,1023.19,-0.0,1.423,1020.4,1025.98,1019.52,1026.85,34.81444068854733,34.82,-0.002,2.0,30.9,38.74,29.66,39.97,2.2945609060194903,2.27,0.025,1.503,0.0,5.22,0.0,6.14,False,NORMAL,NORMAL,0.803
2026-09-04 15:50:00,29.72442399939309,29.73,-0.001,1.429,26.92,32.53,26.04,33.41,1022.8786965177021,1022.88,-0.0,1.423,1020.09,1025.67,1019.21,1026.54,34.128565807069826,34.13,-0.002,2.0,30.21,38.05,28.98,39.28,6.783254190739987,6.76,0.025,1.503,3.81,9.7,2.89,10.63,False,NORMAL,NORMAL,0.749
2026-09-04 15:55:00,29.611543989063733,29.61,-0.001,1.429,26.81,32.41,25.93,33.29,1023.3107043733312,1023.31,-0.0,1.423,1020.52,1026.1,1019.65,1026.98,34.529990114466734,34.53,-0.002,2.0,30.61,38.45,29.38,39.68,2.58165738712645,2.56,0.025,1.503,0.0,5.5,0.0,6.43,False,NORMAL,NORMAL,0.642
2026-09-04 16:00:00,29.80224712511164,29.8,-0.001,1.429,27.0,32.6,26.12,33.49,1023.0726541648767,1023.07,-0.0,1.423,1020.28,1025.86,1019.41,1026.74,34.357303942527324,34.36,-0.002,2.0,30.44,38.28,29.21,39.51,2.8623063360687513,2.84,0.025,1.503,0.0,5.78,0.0,6.71,False,NORMAL,NORMAL,0.749
2026-09-04 16:05:00,30.210503971600136,30.21,-0.001,1.429,27.41,33.01,26.53,33.89,1023.2748940377932,1023.28,-0.0,1.423,1020.49,1026.06,1019.61,1026.94,32.56068980458201,32.56,-0.002,2.0,28.64,36.48,27.41,37.71,4.408253964206683,4.38,0.025,1.503,1.44,7.33,0.51,8.25,False,NORMAL,NORMAL,0.725
2026-09-04 16:10:00,29.884505851140865,29.89,-0.001,1.429,27.08,32.69,26.2,33.57,1022.9088884312533,1022.91,-0.0,1.423,1020.12,1025.7,1019.24,1026.57,31.707724810773108,31.71,-0.002,2.0,27.79,35.63,26.56,36.86,4.230525666579728,4.21,0.025,1.503,1.26,7.15,0.33,8.08,False,NORMAL,NORMAL,0.444
2026-09-04 16:15:00,29.441226469422855,29.44,-0.001,1.429,26.64,32.24,25.76,33.12,1023.2812796730942,1023.28,-0.0,1.423,1020.49,1026.07,1019.62,1026.95,34.22003861981047,34.22,-0.002,2.0,30.3,38.14,29.07,39.37,7.056441930262023,7.03,0.025,1.503,4.09,9.98,3.16,10.9,False,NORMAL,NORMAL,0.675
2026-09-04 16:20:00,29.817355789326324,29.82,-0.001,1.429,27.02,32.62,26.14,33.5,1023.1156492609714,1023.12,-0.0,1.423,1020.33,1025.9,1019.45,1026.78,31.94810237367137,31.95,-0.002,2.0,28.03,35.87,26.8,37.1,9.512072686997614,9.49,0.025,1.503,6.54,12.43,5.61,13.36,False,NORMAL,NORMAL,0.462
2026-09-04 16:25:00,28.285307259989246,28.29,-0.001,1.429,25.48,31.09,24.6,31.97,1023.0742928337214,1023.07,-0.0,1.423,1020.29,1025.86,1019.41,1026.74,38.69215556638012,38.69,-0.002,2.0,34.77,42.61,33.54,43.85,8.70702955559946,8.68,0.025,1.503,5.74,11.63,4.81,12.55,False,NORMAL,NORMAL,0.604
2026-09-04 16:30:00,29.797170188344225,29.8,-0.001,1.429,27.0,32.6,26.12,33.48,1023.0196307029094,1023.02,-0.0,1.423,1020.23,1025.81,1019.35,1026.68,33.58165546070824,33.58,-0.002,2.001,29.66,37.5,28.43,38.74,3.997899905290805,3.97,0.025,1.503,1.03,6.92,0.1,7.84,False,NORMAL,NORMAL,0.534
2026-09-04 16:35:00,28.55165875273771,28.55,-0.001,1.429,25.75,31.35,24.87,32.23,1022.9417383557205,1022.94,-0.0,1.423,1020.15,1025.73,1019.28,1026.61,36.56233668579985,36.56,-0.002,2.001,32.64,40.49,31.41,41.72,3.8280798102633082,3.8,0.025,1.503,0.86,6.75,0.0,7.68,False,NORMAL,NORMAL,0.699
2026-09-04 16:40:00,29.009439598367578,29.01,-0.001,1.429,26.21,31.81,25.33,32.69,1023.1549564151669,1023.16,-0.0,1.423,1020.37,1025.94,1019.49,1026.82,37.086124391390186,37.09,-0.002,2.001,33.17,41.01,31.93,42.24,13.200786379154508,13.18,0.025,1.503,10.23,16.12,9.3,17.05,False,NORMAL,NORMAL,0.611
2026-09-04 16:45:00,28.610463095737042,28.61,-0.001,1.429,25.81,31.41,24.93,32.29,1022.99322287719,1022.99,-0.0,1.423,1020.2,1025.78,1019.33,1026.66,35.38799050590128,35.39,-0.002,2.001,31.47,39.31,30.24,40.54,0.650599440175046,0.63,0.025,1.503,0.0,3.57,0.0,4.5,False,NORMAL,NORMAL,0.565
2026-09-04 16:50:00,28.44147031306038,28.44,-0.001,1.43,25.64,31.24,24.76,32.12,1022.6758953703869,1022.68,-0.0,1.423,1019.89,1025.46,1019.01,1026.34,37.03272511440644,37.03,-0.002,2.001,33.11,40.96,31.88,42.19,10.364757430474684,10.34,0.025,1.503,7.39,13.29,6.47,14.21,False,NORMAL,NORMAL,0.697
2026-09-04 16:55:00,29.321837006343955,29.32,-0.001,1.43,26.52,32.12,25.64,33.01,1022.8037175310785,1022.8,-0.0,1.423,1020.02,1025.59,1019.14,1026.47,35.074752592040134,35.08,-0.002,2.001,31.15,39.0,29.92,40.23,3.3462548655659403,3.32,0.025,1.503,0.37,6.27,0.0,7.19,False,NORMAL,NORMAL,0.678
2026-09-04 17:00:00,28.565796842066806,28.57,-0.001,1.43,25.76,31.37,24.88,32.25,1022.945365551022,1022.95,-0.0,1.423,1020.16,1025.73,1019.28,1026.61,38.4855738314075,38.49,-0.002,2.001,34.57,42.41,33.33,43.64,12.103740464653594,12.08,0.025,1.503,9.13,15.03,8.21,15.95,False,NORMAL,NORMAL,0.663
2026-09-04 17:05:00,28.784114965203756,28.78,-0.001,1.43,25.98,31.59,25.1,32.47,1023.0233472500928,1023.02,-0.0,1.423,1020.23,1025.81,1019.36,1026.69,36.60169243865029,36.6,-0.002,2.001,32.68,40.53,31.45,41.76,4.54501544654386,4.52,0.025,1.503,1.57,7.47,0.65,8.39,False,NORMAL,NORMAL,0.754
2026-09-04 17:10:00,28.51670502823662,28.52,-0.001,1.43,25.72,31.32,24.83,32.2,1022.9736692732869,1022.97,-0.0,1.423,1020.19,1025.76,1019.31,1026.64,36.7871073481166,36.79,-0.002,2.001,32.87,40.71,31.63,41.94,5.322655622400833,5.3,0.025,1.503,2.35,8.24,1.42,9.17,False,NORMAL,NORMAL,0.82
2026-09-04 17:15:00,28.613633148785066,28.61,-0.001,1.43,25.81,31.42,24.93,32.3,1023.1720616969368,1023.17,-0.0,1.423,1020.38,1025.96,1019.51,1026.84,37.2513953888763,37.25,-0.002,2.001,33.33,41.18,32.1,42.41,7.702257620305912,7.68,0.025,1.503,4.73,10.62,3.8,11.55,False,NORMAL,NORMAL,0.804
2026-09-04 17:20:00,28.338334022740508,28.34,-0.001,1.43,25.54,31.14,24.66,32.02,1022.7053970198909,1022.71,-0.0,1.423,1019.92,1025.49,1019.04,1026.37,37.55881449967311,37.56,-0.002,2.001,33.64,41.48,32.41,42.72,6.507844496365868,6.48,0.025,1.503,3.54,9.43,2.61,10.36,False,NORMAL,NORMAL,0.722
2026-09-04 17:25:00,27.676704091453665,27.68,-0.001,1.43,24.88,30.48,23.99,31.36,1023.0302696938801,1023.03,-0.0,1.423,1020.24,1025.82,1019.37,1026.7,38.7264186602454,38.73,-0.002,2.001,34.81,42.65,33.57,43.88,4.253968935086679,4.23,0.025,1.503,1.28,7.18,0.36,8.1,False,NORMAL,NORMAL,0.725
2026-09-04 17:30:00,28.46827423280784,28.47,-0.001,1.43,25.67,31.27,24.79,32.15,1022.7485580236992,1022.75,-0.0,1.423,1019.96,1025.54,1019.08,1026.41,36.279006031599565,36.28,-0.002,2.001,32.36,40.2,31.13,41.44,6.144156329102858,6.12,0.025,1.504,3.17,9.07,2.25,9.99,False,NORMAL,NORMAL,0.734
2026-09-04 17:35:00,27.749766883527563,27.75,-0.001,1.43,24.95,30.55,24.07,31.43,1023.1496164361076,1023.15,-0.0,1.423,1020.36,1025.94,1019.48,1026.82,38.912113010629255,38.91,-0.002,2.001,34.99,42.84,33.76,44.07,7.789769979641966,7.76,0.025,1.504,4.82,10.71,3.89,11.64,False,NORMAL,NORMAL,0.648
2026-09-04 17:40:00,27.1998400407363,27.2,-0.001,1.43,24.4,30.0,23.52,30.88,1023.0377996386525,1023.04,-0.0,1.423,1020.25,1025.83,1019.37,1026.7,40.04043338883595,40.04,-0.002,2.001,36.12,43.96,34.89,45.2,1.4063579208753338,1.38,0.025,1.504,0.0,4.33,0.0,5.25,False,NORMAL,NORMAL,0.709
2026-09-04 17:45:00,27.524198148054435,27.52,-0.001,1.43,24.72,30.33,23.84,31.21,1023.133141619525,1023.13,-0.0,1.423,1020.34,1025.92,1019.47,1026.8,38.58843913524901,38.59,-0.002,2.001,34.67,42.51,33.43,43.75,0.7133984379765937,0.69,0.025,1.504,0.0,3.64,0.0,4.56,False,NORMAL,NORMAL,0.757
2026-09-04 17:50:00,28.166555568250416,28.17,-0.001,1.43,25.37,30.97,24.48,31.85,1022.9607865630627,1022.96,-0.0,1.423,1020.17,1025.75,1019.3,1026.63,37.72762409654089,37.73,-0.002,2.002,33.81,41.65,32.57,42.89,5.230019937360241,5.2,0.025,1.504,2.26,8.15,1.33,9.08,False,NORMAL,NORMAL,0.796
2026-09-04 17:55:00,27.775052722886358,27.78,-0.001,1.43,24.97,30.58,24.09,31.46,1023.3044049162229,1023.3,-0.0,1.423,1020.52,1026.09,1019.64,1026.97,41.29913873960003,41.3,-0.002,2.002,37.38,45.22,36.14,46.46,2.497123531312477,2.47,0.025,1.504,0.0,5.42,0.0,6.35,False,NORMAL,NORMAL,0.71
2026-09-04 18:00:00,27.162190363589527,27.16,-0.001,1.43,24.36,29.97,23.48,30.85,1023.2928130897443,1023.29,-0.0,1.423,1020.5,1026.08,1019.63,1026.96,40.52553738474373,40.53,-0.002,2.002,36.6,44.45,35.37,45.68,6.895876712751328,6.87,0.025,1.504,3.92,9.82,3.0,10.74,False,NORMAL,NORMAL,0.799
2026-09-04 18:05:00,27.026680969041667,27.03,-0.001,1.43,24.23,29.83,23.34,30.71,1023.2501097177233,1023.25,-0.0,1.423,1020.46,1026.04,1019.58,1026.92,40.365880048008705,40.37,-0.002,2.002,36.44,44.29,35.21,45.52,3.2186227300574104,3.19,0.025,1.504,0.25,6.14,0.0,7.07,False,NORMAL,NORMAL,0.82
2026-09-04 18:10:00,26.900580238703093,26.9,-0.001,1.43,24.1,29.7,23.22,30.58,1023.1711257215667,1023.17,-0.0,1.423,1020.38,1025.96,1019.51,1026.84,41.02605708028833,41.03,-0.002,2.002,37.1,44.95,35.87,46.18,4.906971000840121,4.88,0.025,1.504,1.93,7.83,1.01,8.76,False,NORMAL,NORMAL,0.84
2026-09-04 18:15:00,27.720973642576183,27.72,-0.001,1.43,24.92,30.52,24.04,31.4,1023.3074514433538,1023.31,-0.0,1.423,1020.52,1026.1,1019.64,1026.97,39.58878996850117,39.59,-0.002,2.002,35.67,43.51,34.43,44.75,3.037753740689754,3.01,0.025,1.504,0.07,5.96,0.0,6.89,False,NORMAL,NORMAL,0.786
2026-09-04 18:20:00,26.902352246877708,26.9,-0.001,1.43,24.1,29.71,23.22,30.59,1023.1462912425808,1023.15,-0.0,1.423,1020.36,1025.94,1019.48,1026.81,42.92769001022868,42.93,-0.002,2.002,39.01,46.85,37.77,48.09,5.733470009493156,5.71,0.025,1.504,2.76,8.66,1.83,9.58,False,NORMAL,NORMAL,0.789
2026-09-04 18:25:00,26.77923601745142,26.78,-0.001,1.43,23.98,29.58,23.1,30.46,1023.4144276175655,1023.41,-0.0,1.423,1020.63,1026.2,1019.75,1027.08,41.16755314551337,41.17,-0.002,2.002,37.25,45.09,36.01,46.33,2.2429350531425793,2.22,0.025,1.504,0.0,5.17,0.0,6.09,False,NORMAL,NORMAL,0.773
2026-09-04 18:30:00,26.87538672535264,26.88,-0.001,1.43,24.07,29.68,23.19,30.56,1023.5691822636895,1023.57,-0.0,1.423,1020.78,1026.36,1019.9,1027.23,39.94082065670064,39.94,-0.002,2.002,36.02,43.87,34.79,45.1,0.9696685744908373,0.94,0.025,1.504,0.0,3.89,0.0,4.82,False,NORMAL,NORMAL,0.781
2026-09-04 18:35:00,26.413331433855703,26.41,-0.001,1.43,23.61,29.22,22.73,30.1,1023.5198899151958,1023.52,-0.0,1.423,1020.73,1026.31,1019.85,1027.19,43.543928898484175,43.55,-0.002,2.002,39.62,47.47,38.39,48.7,1.4427039259924628,1.42,0.025,1.504,0.0,4.37,0.0,5.29,False,NORMAL,NORMAL,0.771
2026-09-04 18:40:00,26.06730622414102,26.07,-0.001,1.43,23.27,28.87,22.38,29.75,1023.2892399340168,1023.29,-0.0,1.423,1020.5,1026.08,1019.62,1026.95,42.03098999752289,42.03,-0.002,2.002,38.11,45.96,36.87,47.19,10.98144977245001,10.96,0.025,1.504,8.01,13.9,7.08,14.83,False,NORMAL,NORMAL,0.724
2026-09-04 18:45:00,25.94413244410702,25.94,-0.001,1.43,23.14,28.75,22.26,29.63,1023.4940859407736,1023.49,-0.0,1.423,1020.71,1026.28,1019.83,1027.16,43.21124496576013,43.21,-0.002,2.002,39.29,47.14,38.06,48.37,2.4317903843657347,2.41,0.025,1.504,0.0,5.35,0.0,6.28,False,NORMAL,NORMAL,0.752
2026-09-04 18:50:00,25.844500895596425,25.85,-0.001,1.43,23.04,28.65,22.16,29.53,1023.2888694334702,1023.29,-0.0,1.423,1020.5,1026.08,1019.62,1026.95,43.71351182514154,43.72,-0.002,2.002,39.79,47.64,38.56,48.87,6.840824020853959,6.82,0.025,1.504,3.87,9.76,2.94,10.69,False,NORMAL,NORMAL,0.805
2026-09-04 18:55:00,25.70751954473222,25.71,-0.001,1.43,22.91,28.51,22.02,29.39,1023.6134000272217,1023.61,-0.0,1.423,1020.82,1026.4,1019.95,1027.28,45.22703393779188,45.23,-0.002,2.002,41.3,49.15,40.07,50.39,1.6220046490495943,1.6,0.025,1.504,0.0,4.54,0.0,5.47,False,NORMAL,NORMAL,0.753
2026-09-04 19:00:00,25.86160417827496,25.86,-0.001,1.43,23.06,28.66,22.18,29.55,1023.6415215813291,1023.64,-0.0,1.423,1020.85,1026.43,1019.98,1027.31,43.247922996752415,43.25,-0.002,2.002,39.32,47.17,38.09,48.41,2.053476358348017,2.03,0.025,1.504,0.0,4.98,0.0,5.9,False,NORMAL,NORMAL,0.807
2026-09-04 19:05:00,25.4384308846387,25.44,-0.001,1.43,22.64,28.24,21.76,29.12,1023.3414884134567,1023.34,-0.0,1.423,1020.55,1026.13,1019.68,1027.01,45.02464690214939,45.03,-0.002,2.002,41.1,48.95,39.87,50.18,5.07877722309894,5.05,0.025,1.504,2.11,8.0,1.18,8.93,False,NORMAL,NORMAL,0.793
2026-09-04 19:10:00,25.55684481650611,25.56,-0.001,1.43,22.76,28.36,21.87,29.24,1023.4973109660812,1023.5,-0.0,1.423,1020.71,1026.29,1019.83,1027.16,44.941404864747916,44.94,-0.002,2.003,41.02,48.87,39.78,50.1,4.725509620482131,4.7,0.025,1.504,1.75,7.65,0.83,8.57,False,NORMAL,NORMAL,0.829
2026-09-04 19:15:00,25.076754765508113,25.08,-0.001,1.43,22.27,27.88,21.39,28.76,1023.6802572897061,1023.68,-0.0,1.423,1020.89,1026.47,1020.01,1027.35,45.67665592674047,45.68,-0.002,2.003,41.75,49.6,40.52,50.84,10.317229508300583,10.29,0.025,1.504,7.34,13.24,6.42,14.17,False,NORMAL,NORMAL,0.772
2026-09-04 19:20:00,24.984945107600378,24.99,-0.001,1.43,22.18,27.79,21.3,28.67,1023.7302211151649,1023.73,-0.0,1.423,1020.94,1026.52,1020.06,1027.4,47.13297657135866,47.13,-0.002,2.003,43.21,51.06,41.98,52.29,10.01229817824245,9.99,0.025,1.504,7.04,12.94,6.11,13.86,False,NORMAL,NORMAL,0.809
2026-09-04 19:25:00,23.99793843481659,24.0,-0.001,1.43,21.2,26.8,20.32,27.68,1023.6479598900345,1023.65,-0.0,1.423,1020.86,1026.44,1019.98,1027.31,50.085478638041785,50.09,-0.002,2.003,46.16,54.01,44.93,55.25,7.175342250308517,7.15,0.025,1.504,4.2,10.1,3.28,11.02,False,NORMAL,NORMAL,0.786
2026-09-04 19:30:00,25.006836837187414,25.01,-0.001,1.43,22.2,27.81,21.32,28.69,1023.9431027007655,1023.94,-0.0,1.423,1021.15,1026.73,1020.28,1027.61,47.58733348606351,47.59,-0.002,2.003,43.66,51.51,42.43,52.75,5.5555482220304775,5.53,0.025,1.504,2.58,8.48,1.66,9.41,False,NORMAL,NORMAL,0.715
2026-09-04 19:35:00,24.621429214215386,24.62,-0.001,1.43,21.82,27.42,20.94,28.31,1023.9791250137247,1023.98,-0.0,1.423,1021.19,1026.77,1020.31,1027.64,47.51515484860541,47.52,-0.002,2.003,43.59,51.44,42.36,52.68,4.471281145660537,4.45,0.025,1.504,1.5,7.39,0.57,8.32,False,NORMAL,NORMAL,0.823
2026-09-04 19:40:00,24.724088777522404,24.72,-0.001,1.43,21.92,27.53,21.04,28.41,1023.9701127512104,1023.97,-0.0,1.423,1021.18,1026.76,1020.3,1027.64,48.85541244234781,48.86,-0.002,2.003,44.93,52.78,43.7,54.02,3.776906858332521,3.75,0.025,1.504,0.8,6.7,0.0,7.63,False,NORMAL,NORMAL,0.847
2026-09-04 19:45:00,23.008038400217284,23.01,-0.001,1.43,20.21,25.81,19.33,26.69,1023.9448591323612,1023.95,-0.0,1.423,1021.16,1026.73,1020.28,1027.61,53.17356024873389,53.18,-0.002,2.003,49.25,57.1,48.02,58.33,9.675796057612107,9.65,0.025,1.504,6.7,12.6,5.78,13.53,False,NORMAL,NORMAL,0.596
2026-09-04 19:50:00,24.843233374938794,24.84,-0.001,1.43,22.04,27.65,21.16,28.53,1024.2755559858344,1024.28,-0.0,1.423,1021.49,1027.06,1020.61,1027.94,46.464430446587265,46.47,-0.002,2.003,42.54,50.39,41.31,51.63,5.377919051535849,5.35,0.025,1.504,2.4,8.3,1.48,9.23,False,NORMAL,NORMAL,0.428
2026-09-04 19:55:00,23.79316004333747,23.79,-0.001,1.43,20.99,26.6,20.11,27.48,1024.4275494649594,1024.43,-0.0,1.423,1021.64,1027.22,1020.76,1028.09,51.1544941516884,51.16,-0.002,2.003,47.23,55.08,46.0,56.32,5.160810532580719,5.14,0.025,1.504,2.19,8.08,1.26,9.01,False,NORMAL,NORMAL,0.692
2026-09-04 20:00:00,24.133233300885873,24.13,-0.001,1.43,21.33,26.94,20.45,27.82,1024.168575692892,1024.17,-0.0,1.423,1021.38,1026.96,1020.5,1027.83,49.79981533489567,49.8,-0.002,2.003,45.88,53.73,44.64,54.96,2.8250775908559818,2.8,0.025,1.504,0.0,5.75,0.0,6.68,False,NORMAL,NORMAL,0.787
2026-09-04 20:05:00,23.114896420987975,23.12,-0.001,1.43,20.31,25.92,19.43,26.8,1024.2119537203641,1024.21,-0.0,1.423,1021.42,1027.0,1020.55,1027.88,54.07809034803042,54.08,-0.002,2.003,50.15,58.01,48.92,59.24,1.2027701564817175,1.18,0.025,1.504,0.0,4.13,0.0,5.05,False,NORMAL,NORMAL,0.727
2026-09-04 20:10:00,23.616883772155475,23.62,-0.001,1.43,20.81,26.42,19.93,27.3,1024.4408382000022,1024.44,-0.0,1.423,1021.65,1027.23,1020.78,1028.11,50.57927403045781,50.58,-0.002,2.003,46.65,54.51,45.42,55.74,9.37238845880803,9.35,0.025,1.504,6.4,12.3,5.47,13.22,False,NORMAL,NORMAL,0.657
2026-09-04 20:15:00,22.79142262942881,22.79,-0.001,1.43,19.99,25.6,19.11,26.48,1024.3774505125343,1024.38,-0.0,1.423,1021.59,1027.17,1020.71,1028.04,52.43786787166979,52.44,-0.002,2.003,48.51,56.37,47.28,57.6,3.374741045027704,3.35,0.025,1.504,0.4,6.3,0.0,7.23,False,NORMAL,NORMAL,0.75
2026-09-04 20:20:00,22.804477490444786,22.81,-0.001,1.43,20.0,25.61,19.12,26.49,1024.4747710856689,1024.47,-0.0,1.423,1021.69,1027.26,1020.81,1028.14,54.17192810067895,54.17,-0.002,2.003,50.25,58.1,49.01,59.33,4.204722019661455,4.18,0.025,1.505,1.23,7.13,0.3,8.06,False,NORMAL,NORMAL,0.827
2026-09-04 20:25:00,23.661057645030617,23.66,-0.001,1.43,20.86,26.46,19.98,27.35,1024.6715889079808,1024.67,-0.0,1.423,1021.88,1027.46,1021.01,1028.34,51.68126496214049,51.68,-0.002,2.003,47.76,55.61,46.52,56.84,1.9191837894072534,1.89,0.025,1.505,0.0,4.84,0.0,5.77,False,NORMAL,NORMAL,0.77
2026-09-04 20:30:00,22.660978058654752,22.66,-0.001,1.43,19.86,25.46,18.98,26.35,1024.339537484079,1024.34,-0.0,1.423,1021.55,1027.13,1020.67,1028.01,55.50191865575865,55.5,-0.002,2.004,51.58,59.43,50.34,60.66,7.406727604310041,7.38,0.025,1.505,4.43,10.33,3.51,11.26,False,NORMAL,NORMAL,0.662
2026-09-04 20:35:00,22.666457853781562,22.67,-0.001,1.43,19.86,25.47,18.98,26.35,1024.889229772581,1024.89,-0.0,1.423,1022.1,1027.68,1021.22,1028.56,54.22241383783782,54.22,-0.002,2.004,50.3,58.15,49.06,59.39,0.9206673650374795,0.9,0.025,1.505,0.0,3.84,0.0,4.77,False,NORMAL,NORMAL,0.544
2026-09-04 20:40:00,22.770254901916488,22.77,-0.001,1.43,19.97,25.57,19.09,26.46,1024.7680763508884,1024.77,-0.0,1.423,1021.98,1027.56,1021.1,1028.43,55.7011283319323,55.7,-0.002,2.004,51.78,59.63,50.54,60.86,7.370229523264441,7.35,0.025,1.505,4.4,10.29,3.47,11.22,False,NORMAL,NORMAL,0.77
2026-09-04 20:45:00,22.46383446608618,22.46,-0.001,1.43,19.66,25.27,18.78,26.15,1024.7611882969745,1024.76,-0.0,1.423,1021.97,1027.55,1021.1,1028.43,55.790182058551764,55.79,-0.002,2.004,51.86,59.72,50.63,60.95,2.138321593018689,2.11,0.025,1.505,0.0,5.06,0.0,5.99,False,NORMAL,NORMAL,0.829
2026-09-04 20:50:00,22.169735034928753,22.17,-0.001,1.43,19.37,24.97,18.49,25.85,1024.8752143715808,1024.88,-0.0,1.423,1022.09,1027.66,1021.21,1028.54,56.89994499666308,56.9,-0.002,2.004,52.97,60.83,51.74,62.06,8.114163757735628,8.09,0.025,1.505,5.14,11.04,4.21,11.97,False,NORMAL,NORMAL,0.809
2026-09-04 20:55:00,22.100310210358465,22.1,-0.001,1.43,19.3,24.9,18.42,25.79,1024.9485008780803,1024.95,-0.0,1.423,1022.16,1027.74,1021.28,1028.61,56.17368792509635,56.18,-0.002,2.004,52.25,60.1,51.01,61.34,6.291412449483853,6.27,0.025,1.505,3.32,9.22,2.39,10.14,False,NORMAL,NORMAL,0.842
2026-09-04 21:00:00,22.761283278851344,22.76,-0.001,1.43,19.96,25.57,19.08,26.45,1024.759743169322,1024.76,-0.0,1.423,1021.97,1027.55,1021.09,1028.43,55.33819939112774,55.34,-0.002,2.004,51.41,59.27,50.18,60.5,2.3329904180367755,2.31,0.025,1.505,0.0,5.26,0.0,6.18,False,NORMAL,NORMAL,0.797
2026-09-04 21:05:00,21.623373556635276,21.62,-0.001,1.43,18.82,24.43,17.94,25.31,1025.3086008754437,1025.31,-0.0,1.423,1022.52,1028.1,1021.64,1028.97,59.2407328823901,59.24,-0.002,2.004,55.31,63.17,54.08,64.4,5.023675617556117,5.0,0.025,1.505,2.05,7.95,1.12,8.87,False,NORMAL,NORMAL,0.588
2026-09-04 21:10:00,21.574356950354222,21.58,-0.001,1.43,18.77,24.38,17.89,25.26,1025.1550456361215,1025.16,-0.0,1.423,1022.37,1027.94,1021.49,1028.82,62.815313209242504,62.82,-0.002,2.004,58.89,66.74,57.65,67.98,3.3676928985946075,3.34,0.025,1.505,0.39,6.29,0.0,7.22,False,NORMAL,NORMAL,0.745
2026-09-04 21:15:00,21.762746497776778,21.76,-0.001,1.43,18.96,24.57,18.08,25.45,1025.279233821356,1025.28,-0.0,1.423,1022.49,1028.07,1021.61,1028.95,57.55009603490315,57.55,-0.002,2.004,53.62,61.48,52.39,62.71,2.4368072571795403,2.41,0.025,1.505,0.0,5.36,0.0,6.29,False,NORMAL,NORMAL,0.776
2026-09-04 21:20:00,21.634412055637465,21.64,-0.001,1.43,18.83,24.44,17.95,25.32,1025.4188033149328,1025.42,-0.0,1.423,1022.63,1028.21,1021.75,1029.08,60.26231175040524,60.26,-0.002,2.004,56.34,64.19,55.1,65.43,7.700566515719222,7.68,0.025,1.505,4.73,10.62,3.8,11.55,False,NORMAL,NORMAL,0.803
2026-09-04 21:25:00,21.51795808740135,21.52,-0.001,1.43,18.72,24.32,17.83,25.2,1025.1854356198223,1025.19,-0.0,1.423,1022.4,1027.97,1021.52,1028.85,59.02518081809274,59.03,-0.002,2.004,55.1,62.96,53.86,64.19,3.9535559564749554,3.93,0.025,1.505,0.98,6.88,0.05,7.81,False,NORMAL,NORMAL,0.812
2026-09-04 21:30:00,21.15088686372532,21.15,-0.001,1.43,18.35,23.96,17.47,24.84,1025.4713236239968,1025.47,-0.0,1.423,1022.68,1028.26,1021.81,1029.14,59.78777461881603,59.79,-0.002,2.004,55.86,63.72,54.63,64.95,3.9216250470055076,3.9,0.025,1.505,0.95,6.85,0.02,7.77,False,NORMAL,NORMAL,0.79
2026-09-04 21:35:00,20.291822680066655,20.29,-0.001,1.43,17.49,23.1,16.61,23.98,1025.420906109388,1025.42,-0.0,1.423,1022.63,1028.21,1021.76,1029.09,64.33018182529082,64.33,-0.002,2.004,60.4,68.26,59.17,69.49,2.373255105716333,2.35,0.025,1.505,0.0,5.3,0.0,6.22,False,NORMAL,NORMAL,0.778
2026-09-04 21:40:00,21.25748403178542,21.26,-0.001,1.43,18.45,24.06,17.57,24.94,1025.6477779138866,1025.65,-0.0,1.423,1022.86,1028.44,1021.98,1029.31,60.905586321546146,60.91,-0.002,2.004,56.98,64.84,55.74,66.07,3.822372211756812,3.8,0.025,1.505,0.85,6.75,0.0,7.67,False,NORMAL,NORMAL,0.707
2026-09-04 21:45:00,20.002192054896526,20.0,-0.001,1.43,17.2,22.81,16.32,23.69,1025.260254125363,1025.26,-0.0,1.423,1022.47,1028.05,1021.59,1028.93,69.96487660866646,69.97,-0.002,2.004,66.04,73.9,64.8,75.13,7.880055010768052,7.85,0.025,1.505,4.91,10.8,3.98,11.73,False,NORMAL,NORMAL,0.496
2026-09-04 21:50:00,20.440009564173256,20.44,-0.001,1.43,17.64,23.24,16.76,24.13,1025.6218227736304,1025.62,-0.0,1.423,1022.83,1028.41,1021.96,1029.29,64.59721806479226,64.6,-0.002,2.005,60.67,68.53,59.44,69.76,3.6943778851890015,3.67,0.025,1.505,0.72,6.62,0.0,7.55,False,NORMAL,NORMAL,0.678
2026-09-04 21:55:00,19.877150131484136,19.88,-0.001,1.43,17.07,22.68,16.19,23.56,1025.6022937377002,1025.6,-0.0,1.423,1022.81,1028.39,1021.94,1029.27,65.22994378338437,65.23,-0.002,2.005,61.3,69.16,60.07,70.4,9.57115220171618,9.55,0.025,1.505,6.6,12.5,5.67,13.42,False,NORMAL,NORMAL,0.779
2026-09-04 22:00:00,20.01486287467556,20.02,-0.001,1.43,17.21,22.82,16.33,23.7,1025.8121777790807,1025.81,-0.0,1.423,1023.02,1028.6,1022.15,1029.48,66.97705551516854,66.98,-0.002,2.005,63.05,70.91,61.81,72.14,9.40565613680514,9.38,0.025,1.505,6.43,12.33,5.5,13.26,False,NORMAL,NORMAL,0.802
2026-09-04 22:05:00,20.035505420041705,20.04,-0.001,1.43,17.23,22.84,16.35,23.72,1025.8709704122039,1025.87,-0.0,1.423,1023.08,1028.66,1022.21,1029.54,62.92422287894616,62.93,-0.002,2.005,59.0,66.86,57.76,68.09,2.1760497514494763,2.15,0.025,1.505,0.0,5.1,0.0,6.03,False,NORMAL,NORMAL,0.726
2026-09-04 22:10:00,19.897921034857358,19.9,-0.001,1.43,17.1,22.7,16.21,23.58,1025.7458638435066,1025.75,-0.0,1.423,1022.96,1028.54,1022.08,1029.41,66.36706398527161,66.37,-0.002,2.005,62.44,70.3,61.2,71.53,2.429838399151104,2.4,0.025,1.505,0.0,5.35,0.0,6.28,False,NORMAL,NORMAL,0.829
2026-09-04 22:15:00,19.805489605622924,19.81,-0.001,1.43,17.0,22.61,16.12,23.49,1025.7950609834174,1025.8,-0.0,1.423,1023.01,1028.58,1022.13,1029.46,66.82930319072265,66.83,-0.002,2.005,62.9,70.76,61.67,72.0,7.74972860367458,7.72,0.025,1.505,4.77,10.67,3.85,11.6,False,NORMAL,NORMAL,0.833
2026-09-04 22:20:00,20.151583471073305,20.15,-0.001,1.43,17.35,22.96,16.47,23.84,1025.933421385008,1025.93,-0.0,1.423,1023.14,1028.72,1022.27,1029.6,67.0221105862024,67.02,-0.002,2.005,63.09,70.95,61.86,72.19,3.8845448818415287,3.86,0.025,1.505,0.91,6.81,0.0,7.74,False,NORMAL,NORMAL,0.826
2026-09-04 22:25:00,19.55899288596094,19.56,-0.001,1.43,16.76,22.36,15.87,23.24,1025.8618358332146,1025.86,-0.0,1.423,1023.07,1028.65,1022.2,1029.53,69.5282635037657,69.53,-0.002,2.005,65.6,73.46,64.36,74.69,0.3641471926442384,0.34,0.025,1.505,0.0,3.29,0.0,4.22,False,NORMAL,NORMAL,0.774
2026-09-04 22:30:00,19.15356625737362,19.15,-0.001,1.43,16.35,21.96,15.47,22.84,1026.167042411808,1026.17,-0.0,1.423,1023.38,1028.96,1022.5,1029.83,69.91992425751772,69.92,-0.002,2.005,65.99,73.85,64.76,75.09,3.111409466234885,3.09,0.025,1.505,0.14,6.04,0.0,6.96,False,NORMAL,NORMAL,0.779
2026-09-04 22:35:00,19.512749002627064,19.51,-0.001,1.43,16.71,22.32,15.83,23.2,1026.0278059923319,1026.03,-0.0,1.423,1023.24,1028.82,1022.36,1029.69,68.11709541136317,68.12,-0.002,2.005,64.19,72.05,62.95,73.28,5.247763007480856,5.22,0.025,1.505,2.27,8.17,1.34,9.1,False,NORMAL,NORMAL,0.794
2026-09-04 22:40:00,19.481087865856697,19.48,-0.001,1.43,16.68,22.29,15.8,23.17,1025.6875414759454,1025.69,-0.0,1.423,1022.9,1028.48,1022.02,1029.35,68.01270309700311,68.01,-0.002,2.005,64.08,71.94,62.85,73.18,6.96955360417407,6.94,0.025,1.505,3.99,9.89,3.07,10.82,False,NORMAL,NORMAL,0.826
2026-09-04 22:45:00,18.394806092753033,18.4,-0.001,1.43,15.59,21.2,14.71,22.08,1026.1056635715663,1026.11,-0.0,1.423,1023.32,1028.9,1022.44,1029.77,72.69681698208977,72.7,-0.002,2.005,68.77,76.63,67.53,77.86,2.081040652541018,2.06,0.025,1.505,0.0,5.01,0.0,5.93,False,NORMAL,NORMAL,0.556
2026-09-04 22:50:00,19.00778534959248,19.01,-0.001,1.431,16.2,21.81,15.32,22.69,1026.0422344676738,1026.04,-0.0,1.423,1023.25,1028.83,1022.38,1029.71,70.68166906783179,70.68,-0.002,2.005,66.75,74.61,65.52,75.85,1.8824329596710019,1.86,0.025,1.505,0.0,4.81,0.0,5.74,False,NORMAL,NORMAL,0.702
2026-09-04 22:55:00,18.93475842492139,18.94,-0.001,1.431,16.13,21.74,15.25,22.62,1025.9872267337707,1025.99,-0.0,1.423,1023.2,1028.78,1022.32,1029.65,71.00695680785705,71.01,-0.002,2.005,67.08,74.94,65.84,76.17,8.786643812996836,8.76,0.025,1.505,5.81,11.71,4.88,12.64,False,NORMAL,NORMAL,0.782
2026-09-04 23:00:00,18.423275964653104,18.42,-0.001,1.431,15.62,21.23,14.74,22.11,1026.0779235676712,1026.08,-0.0,1.423,1023.29,1028.87,1022.41,1029.74,73.40655069063104,73.41,-0.002,2.005,69.48,77.34,68.24,78.57,6.4864995990334835,6.46,0.025,1.505,3.51,9.41,2.58,10.34,False,NORMAL,NORMAL,0.809
2026-09-04 23:05:00,18.98320303927698,18.98,-0.001,1.431,16.18,21.79,15.3,22.67,1026.3092338488532,1026.31,-0.0,1.423,1023.52,1029.1,1022.64,1029.98,69.30107412391682,69.3,-0.002,2.005,65.37,73.23,64.14,74.47,5.191780649770483,5.17,0.025,1.506,2.22,8.12,1.29,9.04,False,NORMAL,NORMAL,0.722
2026-09-04 23:10:00,18.266181537253477,18.27,-0.001,1.431,15.46,21.07,14.58,21.95,1026.5190212159584,1026.52,-0.0,1.423,1023.73,1029.31,1022.85,1030.19,75.97918863788762,75.98,-0.002,2.006,72.05,79.91,70.81,81.15,6.659649535490811,6.63,0.025,1.506,3.68,9.59,2.76,10.51,False,NORMAL,NORMAL,0.697
2026-09-04 23:15:00,18.272438616206294,18.27,-0.001,1.431,15.47,21.08,14.59,21.96,1026.3911785845553,1026.39,-0.0,1.423,1023.6,1029.18,1022.73,1030.06,77.86583799223473,77.87,-0.002,2.006,73.94,81.8,72.7,83.03,4.116231170127031,4.09,0.025,1.506,1.14,7.04,0.21,7.97,False,NORMAL,NORMAL,0.793
2026-09-04 23:20:00,18.051759334237836,18.05,-0.001,1.431,15.25,20.86,14.37,21.74,1026.275234295693,1026.28,-0.0,1.423,1023.49,1029.06,1022.61,1029.94,74.36921955052817,74.37,-0.002,2.006,70.44,78.3,69.2,79.54,6.555627589867547,6.53,0.025,1.506,3.58,9.48,2.65,10.41,False,NORMAL,NORMAL,0.79
2026-09-04 23:25:00,18.02882908114187,18.03,-0.001,1.431,15.23,20.83,14.34,21.71,1026.454101180781,1026.45,-0.0,1.423,1023.66,1029.24,1022.79,1030.12,74.31818796599956,74.32,-0.002,2.006,70.39,78.25,69.15,79.49,3.750102527910638,3.72,0.025,1.506,0.77,6.68,0.0,7.6,False,NORMAL,NORMAL,0.798
2026-09-04 23:30:00,17.488578412348396,17.49,-0.001,1.431,14.69,20.29,13.8,21.17,1026.3338224947304,1026.33,-0.0,1.423,1023.54,1029.12,1022.67,1030.0,79.48806076563034,79.49,-0.002,2.006,75.56,83.42,74.32,84.66,2.909489636886915,2.88,0.025,1.506,0.0,5.84,0.0,6.76,False,NORMAL,NORMAL,0.761
2026-09-04 23:35:00,17.25849147383146,17.26,-0.001,1.431,14.46,20.06,13.57,20.94,1026.3129032604686,1026.31,-0.0,1.423,1023.52,1029.1,1022.65,1029.98,80.75672397755596,80.76,-0.002,2.006,76.83,84.69,75.59,85.93,6.28466395505386,6.26,0.025,1.506,3.31,9.21,2.38,10.14,False,NORMAL,NORMAL,0.806
2026-09-04 23:40:00,18.38271900033499,18.38,-0.001,1.431,15.58,21.19,14.7,22.07,1026.2557592283385,1026.26,-0.0,1.423,1023.47,1029.05,1022.59,1029.92,75.72476367510875,75.73,-0.002,2.006,71.79,79.66,70.56,80.89,4.057204730447156,4.03,0.025,1.506,1.08,6.98,0.15,7.91,False,NORMAL,NORMAL,0.682
2026-09-04 23:45:00,17.319567267970097,17.32,-0.001,1.431,14.52,20.12,13.63,21.01,1026.1753531675504,1026.18,-0.0,1.423,1023.39,1028.96,1022.51,1029.84,79.75061489995426,79.75,-0.002,2.006,75.82,83.68,74.58,84.92,10.977100984684329,10.95,0.025,1.506,8.0,13.9,7.07,14.83,False,NORMAL,NORMAL,0.553
2026-09-04 23:50:00,17.178305818513074,17.18,-0.001,1.431,14.37,19.98,13.49,20.86,1026.3862311417279,1026.39,-0.0,1.423,1023.6,1029.18,1022.72,1030.05,81.90832646706086,81.91,-0.002,2.006,77.98,85.84,76.74,87.08,3.606554293429702,3.58,0.025,1.506,0.63,6.53,0.0,7.46,False,NORMAL,NORMAL,0.703
2026-09-04 23:55:00,16.633138713969085,16.63,-0.001,1.431,13.83,19.44,12.95,20.32,1026.4723874030594,1026.47,-0.0,1.423,1023.68,1029.26,1022.81,1030.14,84.18559796346017,84.19,-0.002,2.006,80.26,88.12,79.02,89.35,8.778589155103022,8.75,0.025,1.506,5.8,11.7,4.87,12.63,False,NORMAL,NORMAL,0.727
2026-09-05 00:00:00,17.161706518052778,17.16,-0.001,1.431,14.36,19.97,13.48,20.85,1026.4355064494978,1026.44,-0.0,1.423,1023.65,1029.23,1022.77,1030.1,83.39275370965387,83.39,-0.002,2.006,79.46,87.33,78.23,88.56,9.041611644738834,9.02,0.025,1.506,6.06,11.97,5.14,12.9,False,NORMAL,NORMAL,0.726
2026-09-05 00:05:00,16.814058074828555,16.81,-0.001,1.431,14.01,19.62,13.13,20.5,1026.3862843403792,1026.39,-0.0,1.423,1023.6,1029.18,1022.72,1030.05,80.49688387169465,80.5,-0.002,2.006,76.57,84.43,75.33,85.67,2.8940554254164255,2.87,0.025,1.506,0.0,5.82,0.0,6.75,False,NORMAL,NORMAL,0.7
2026-09-05 00:10:00,17.92934944352948,17.93,-0.001,1.431,15.13,20.73,14.24,21.62,1026.3028577886073,1026.3,-0.0,1.423,1023.51,1029.09,1022.64,1029.97,77.8597701925145,77.86,-0.002,2.006,73.93,81.79,72.69,83.03,6.958278521317557,6.93,0.025,1.506,3.98,9.88,3.05,10.81,False,NORMAL,NORMAL,0.682
2026-09-05 00:15:00,17.609004924349254,17.61,-0.001,1.431,14.81,20.41,13.92,21.3,1026.529364417316,1026.53,-0.0,1.423,1023.74,1029.32,1022.86,1030.2,79.62566520831311,79.63,-0.002,2.006,75.69,83.56,74.46,84.8,4.143392744401495,4.12,0.025,1.506,1.17,7.07,0.24,8.0,False,NORMAL,NORMAL,0.745
2026-09-05 00:20:00,16.865675087304474,16.87,-0.001,1.431,14.06,19.67,13.18,20.55,1026.2313438405815,1026.23,-0.0,1.423,1023.44,1029.02,1022.57,1029.9,81.31897219127798,81.32,-0.002,2.006,77.39,85.25,76.15,86.49,8.688009946230558,8.66,0.025,1.506,5.71,11.61,4.78,12.54,False,NORMAL,NORMAL,0.709
2026-09-05 00:25:00,17.98112459595923,17.98,-0.001,1.431,15.18,20.79,14.3,21.67,1026.5334975029195,1026.53,-0.0,1.423,1023.74,1029.32,1022.87,1030.2,80.83527333863206,80.84,-0.002,2.006,76.9,84.77,75.67,86.01,4.253399233565594,4.23,0.025,1.506,1.28,7.18,0.35,8.11,False,NORMAL,NORMAL,0.638
2026-09-05 00:30:00,17.415463274006346,17.42,-0.001,1.431,14.61,20.22,13.73,21.1,1026.2523534884242,1026.25,-0.0,1.423,1023.46,1029.04,1022.59,1029.92,80.18312654768778,80.18,-0.002,2.007,76.25,84.12,75.02,85.35,6.42291906176307,6.4,0.025,1.506,3.45,9.35,2.52,10.28,False,NORMAL,NORMAL,0.71
2026-09-05 00:35:00,16.838855278300176,16.84,-0.001,1.431,14.04,19.64,13.15,20.53,1026.2728502659024,1026.27,-0.0,1.423,1023.48,1029.06,1022.61,1029.94,84.84892763321594,84.85,-0.002,2.007,80.92,88.78,79.68,90.02,4.362622433491972,4.34,0.025,1.506,1.39,7.29,0.46,8.22,False,NORMAL,NORMAL,0.737
2026-09-05 00:40:00,15.91851076491087,15.92,-0.001,1.431,13.11,18.72,12.23,19.61,1026.146192025333,1026.15,-0.0,1.423,1023.36,1028.94,1022.48,1029.81,89.71597396017555,89.72,-0.002,2.007,85.78,93.65,84.55,94.89,2.7964277896092047,2.77,0.025,1.506,0.0,5.72,0.0,6.65,False,NORMAL,NORMAL,0.711
2026-09-05 00:45:00,17.78761859995323,17.79,-0.001,1.431,14.98,20.59,14.1,21.47,1026.2689905914426,1026.27,-0.0,1.423,1023.48,1029.06,1022.6,1029.94,79.16091604106958,79.16,-0.002,2.007,75.23,83.1,73.99,84.33,2.5933625187150344,2.57,0.025,1.506,0.0,5.52,0.0,6.45,False,NORMAL,NORMAL,0.402
2026-09-05 00:50:00,16.27189154017572,16.27,-0.001,1.431,13.47,19.08,12.59,19.96,1026.466021960493,1026.47,-0.0,1.423,1023.68,1029.26,1022.8,1030.13,85.72061144831773,85.72,-0.002,2.007,81.79,89.66,80.55,90.89,4.094215008076235,4.07,0.025,1.506,1.12,7.02,0.19,7.95,False,NORMAL,NORMAL,0.54
2026-09-05 00:55:00,16.12957584264891,16.13,-0.001,1.431,13.33,18.93,12.44,19.82,1026.3701667913447,1026.37,-0.0,1.423,1023.58,1029.16,1022.7,1030.04,87.63222976459369,87.63,-0.002,2.007,83.7,91.57,82.46,92.8,6.527455327882546,6.5,0.025,1.506,3.55,9.45,2.62,10.38,False,NORMAL,NORMAL,0.769
2026-09-05 01:00:00,17.160337885439294,17.16,-0.001,1.431,14.36,19.97,13.48,20.85,1026.4103008802088,1026.41,-0.0,1.423,1023.62,1029.2,1022.74,1030.08,84.08532724826101,84.09,-0.002,2.007,80.15,88.02,78.92,89.26,5.301299632581172,5.28,0.025,1.506,2.32,8.23,1.4,9.16,False,NORMAL,NORMAL,0.69
2026-09-05 01:05:00,17.69436656502308,17.7,-0.001,1.431,14.89,20.5,14.01,21.38,1026.31023948798,1026.31,-0.0,1.423,1023.52,1029.1,1022.64,1029.98,79.68305159775447,79.68,-0.002,2.007,75.75,83.62,74.51,84.85,5.940944811554224,5.92,0.025,1.506,2.96,8.87,2.04,9.8,False,NORMAL,NORMAL,0.761
2026-09-05 01:10:00,17.242932353682082,17.24,-0.001,1.431,14.44,20.05,13.56,20.93,1026.0324655665208,1026.03,-0.0,1.423,1023.24,1028.82,1022.37,1029.7,81.50809186147814,81.51,-0.002,2.007,77.58,85.44,76.34,86.68,3.167829747244286,3.14,0.025,1.506,0.19,6.09,0.0,7.02,False,NORMAL,NORMAL,0.79
2026-09-05 01:15:00,16.889164690814358,16.89,-0.001,1.431,14.09,19.69,13.2,20.58,1026.1122684964105,1026.11,-0.0,1.423,1023.32,1028.9,1022.45,1029.78,86.66917282405299,86.67,-0.002,2.007,82.74,90.6,81.5,91.84,4.4570045526107425,4.43,0.025,1.506,1.48,7.38,0.55,8.31,False,NORMAL,NORMAL,0.698
2026-09-05 01:20:00,16.879517482020763,16.88,-0.001,1.431,14.08,19.68,13.19,20.57,1026.006559839476,1026.01,-0.0,1.423,1023.22,1028.8,1022.34,1029.67,84.18007529934454,84.18,-0.002,2.007,80.25,88.12,79.01,89.35,1.1720409474008027,1.15,0.025,1.506,0.0,4.1,0.0,5.03,False,NORMAL,NORMAL,0.744
2026-09-05 01:25:00,16.96464847720869,16.97,-0.001,1.431,14.16,19.77,13.28,20.65,1026.2827733080048,1026.28,-0.0,1.423,1023.49,1029.07,1022.62,1029.95,84.62247042964373,84.62,-0.002,2.007,80.69,88.56,79.45,89.79,7.173616799675868,7.15,0.025,1.506,4.2,10.1,3.27,11.03,False,NORMAL,NORMAL,0.734
2026-09-05 01:30:00,16.912185142609072,16.91,-0.001,1.431,14.11,19.72,13.23,20.6,1025.8612265605263,1025.86,-0.0,1.423,1023.07,1028.65,1022.2,1029.53,84.7697598163674,84.77,-0.002,2.007,80.84,88.71,79.6,89.94,11.789059981263259,11.76,0.025,1.506,8.81,14.72,7.88,15.64,False,NORMAL,NORMAL,0.629
2026-09-05 01:35:00,16.71009802552632,16.71,-0.001,1.431,13.91,19.52,13.02,20.4,1026.1303868207203,1026.13,-0.0,1.423,1023.34,1028.92,1022.46,1029.8,86.72755936882837,86.73,-0.002,2.007,82.79,90.66,81.56,91.9,3.975084655047186,3.95,0.025,1.506,1.0,6.9,0.07,7.83,False,NORMAL,NORMAL,0.665
2026-09-05 01:40:00,16.631995501743255,16.63,-0.001,1.431,13.83,19.44,12.95,20.32,1026.0839642708079,1026.08,-0.0,1.423,1023.29,1028.87,1022.42,1029.75,91.40619041136576,91.41,-0.002,2.007,87.47,95.34,86.24,96.58,0.5774789661459536,0.55,0.025,1.506,0.0,3.5,0.0,4.43,False,NORMAL,NORMAL,0.637
2026-09-05 01:45:00,16.561665029364917,16.56,-0.001,1.431,13.76,19.37,12.88,20.25,1026.1763300933012,1026.18,-0.0,1.423,1023.39,1028.97,1022.51,1029.84,87.63102559982245,87.63,-0.002,2.007,83.7,91.57,82.46,92.8,2.3725330914911287,2.35,0.025,1.506,0.0,5.3,0.0,6.23,False,NORMAL,NORMAL,0.741
2026-09-05 01:50:00,16.285203241202037,16.29,-0.001,1.431,13.48,19.09,12.6,19.97,1025.7905547388355,1025.79,-0.0,1.423,1023.0,1028.58,1022.12,1029.46,90.72742131489979,90.73,-0.002,2.008,86.79,94.66,85.56,95.9,5.654759577660563,5.63,0.025,1.506,2.68,8.58,1.75,9.51,False,NORMAL,NORMAL,0.63
2026-09-05 01:55:00,16.478309573374855,16.48,-0.001,1.431,13.67,19.28,12.79,20.17,1025.9073121080357,1025.91,-0.0,1.423,1023.12,1028.7,1022.24,1029.57,88.76066453114248,88.76,-0.002,2.008,84.83,92.7,83.59,93.93,5.352136980280301,5.33,0.025,1.507,2.37,8.28,1.45,9.21,False,NORMAL,NORMAL,0.733
2026-09-05 02:00:00,15.920893485675162,15.92,-0.001,1.431,13.12,18.73,12.24,19.61,1026.0895861119666,1026.09,-0.0,1.423,1023.3,1028.88,1022.42,1029.76,89.5669302909995,89.57,-0.002,2.008,85.63,93.5,84.4,94.74,6.848617784112302,6.82,0.025,1.507,3.87,9.78,2.94,10.7,False,NORMAL,NORMAL,0.782
2026-09-05 02:05:00,16.569943588579765,16.57,-0.001,1.431,13.77,19.38,12.88,20.26,1025.6000705845277,1025.6,-0.0,1.423,1022.81,1028.39,1021.93,1029.27,87.33468691676332,87.34,-0.002,2.008,83.4,91.27,82.16,92.51,2.9764819569017953,2.95,0.025,1.507,0.0,5.9,0.0,6.83,False,NORMAL,NORMAL,0.613
2026-09-05 02:10:00,16.228751577674586,16.23,-0.001,1.431,13.42,19.03,12.54,19.92,1025.4064308815366,1025.41,-0.0,1.423,1022.62,1028.2,1021.74,1029.07,89.9975390871395,90.0,-0.002,2.008,86.06,93.93,84.83,95.17,6.605417589035985,6.58,0.025,1.507,3.63,9.53,2.7,10.46,False,NORMAL,NORMAL,0.736
2026-09-05 02:15:00,16.201363152931126,16.2,-0.001,1.431,13.4,19.01,12.52,19.89,1025.2973367333295,1025.3,-0.0,1.423,1022.51,1028.09,1021.63,1028.96,88.2264565454653,88.23,-0.002,2.008,84.29,92.16,83.06,93.4,5.9356719587945435,5.91,0.025,1.507,2.96,8.86,2.03,9.79,False,NORMAL,NORMAL,0.814
2026-09-05 02:20:00,16.737064795838112,16.74,-0.001,1.431,13.93,19.54,13.05,20.42,1025.6276691019332,1025.63,-0.0,1.423,1022.84,1028.42,1021.96,1029.29,86.9984340063375,87.0,-0.002,2.008,83.06,90.94,81.83,92.17,3.433912291755141,3.41,0.025,1.507,0.46,6.36,0.0,7.29,False,NORMAL,NORMAL,0.764
2026-09-05 02:25:00,17.24790701563061,17.25,-0.001,1.431,14.44,20.05,13.56,20.94,1025.1785797418138,1025.18,-0.0,1.423,1022.39,1027.97,1021.51,1028.85,85.53493643942744,85.54,-0.002,2.008,81.6,89.47,80.36,90.71,4.883960635270557,4.86,0.025,1.507,1.91,7.81,0.98,8.74,False,NORMAL,NORMAL,0.633
2026-09-05 02:30:00,17.08811393192427,17.09,-0.001,1.431,14.28,19.89,13.4,20.78,1025.3444549812007,1025.34,-0.0,1.423,1022.56,1028.13,1021.68,1029.01,85.60086278102973,85.6,-0.002,2.008,81.67,89.54,80.43,90.78,2.195297821873072,2.17,0.025,1.507,0.0,5.12,0.0,6.05,False,NORMAL,NORMAL,0.748
2026-09-05 02:35:00,16.12594017434331,16.13,-0.001,1.431,13.32,18.93,12.44,19.81,1025.4042069665122,1025.4,-0.0,1.423,1022.61,1028.19,1021.74,1029.07,91.66250784747275,91.66,-0.002,2.008,87.73,95.6,86.49,96.84,4.2691857328386,4.24,0.025,1.507,1.29,7.2,0.36,8.13,False,NORMAL,NORMAL,0.649
2026-09-05 02:40:00,16.395302147708605,16.4,-0.001,1.431,13.59,19.2,12.71,20.08,1025.3038471798711,1025.3,-0.0,1.423,1022.51,1028.09,1021.64,1028.97,90.23631672050395,90.24,-0.002,2.008,86.3,94.17,85.06,95.41,8.027534939771021,8.0,0.025,1.507,5.05,10.96,4.12,11.88,False,NORMAL,NORMAL,0.718
2026-09-05 02:45:00,17.208120859700276,17.21,-0.001,1.431,14.4,20.01,13.52,20.9,1025.2766002314165,1025.28,-0.0,1.423,1022.49,1028.07,1021.61,1028.94,84.74285337821152,84.74,-0.002,2.008,80.81,88.68,79.57,89.92,4.066964172740448,4.04,0.025,1.507,1.09,7.0,0.16,7.92,False,NORMAL,NORMAL,0.735
2026-09-05 02:50:00,16.483106759597113,16.48,-0.001,1.431,13.68,19.29,12.8,20.17,1025.182190269651,1025.18,-0.0,1.423,1022.39,1027.97,1021.52,1028.85,88.14416906970057,88.15,-0.002,2.008,84.21,92.08,82.97,93.32,7.440012126608782,7.41,0.025,1.507,4.46,10.37,3.53,11.3,False,NORMAL,NORMAL,0.739
2026-09-05 02:55:00,16.83415072124363,16.83,-0.001,1.431,14.03,19.64,13.15,20.52,1025.2761900133228,1025.28,-0.0,1.423,1022.49,1028.07,1021.61,1028.94,86.11952366524908,86.12,-0.002,2.008,82.18,90.06,80.95,91.29,5.195146032509248,5.17,0.025,1.507,2.22,8.12,1.29,9.05,False,NORMAL,NORMAL,0.783
2026-09-05 03:00:00,17.195520833004533,17.2,-0.001,1.431,14.39,20.0,13.51,20.88,1024.876575907728,1024.88,-0.0,1.423,1022.09,1027.67,1021.21,1028.54,88.48976274756207,88.49,-0.002,2.008,84.55,92.43,83.32,93.66,2.5385979676824775,2.51,0.025,1.507,0.0,5.47,0.0,6.4,False,NORMAL,NORMAL,0.686
2026-09-05 03:05:00,16.64323103152983,16.64,-0.001,1.431,13.84,19.45,12.96,20.33,1024.8525872040584,1024.85,-0.0,1.423,1022.06,1027.64,1021.19,1028.52,88.94596611402945,88.95,-0.002,2.008,85.01,92.88,83.77,94.12,5.130465207462093,5.11,0.025,1.507,2.15,8.06,1.22,8.99,False,NORMAL,NORMAL,0.769
2026-09-05 03:10:00,17.13133795758252,17.13,-0.001,1.431,14.33,19.94,13.45,20.82,1024.7727005779234,1024.77,-0.0,1.423,1021.98,1027.56,1021.11,1028.44,85.34658635913301,85.35,-0.002,2.009,81.41,89.28,80.17,90.52,4.6186444954628705,4.59,0.025,1.507,1.64,7.55,0.71,8.48,False,NORMAL,NORMAL,0.743
2026-09-05 03:15:00,16.617722198308506,16.62,-0.001,1.431,13.81,19.42,12.93,20.31,1024.9474410404382,1024.95,-0.0,1.423,1022.16,1027.74,1021.28,1028.61,87.06989716237736,87.07,-0.002,2.009,83.13,91.01,81.9,92.25,3.922251038358372,3.9,0.025,1.507,0.94,6.85,0.02,7.78,False,NORMAL,NORMAL,0.789
2026-09-05 03:20:00,16.976429533067268,16.98,-0.001,1.431,14.17,19.78,13.29,20.66,1024.8922340604981,1024.89,-0.0,1.423,1022.1,1027.68,1021.23,1028.56,91.22004146605853,91.22,-0.002,2.009,87.28,95.16,86.05,96.4,1.9632265567865248,1.94,0.025,1.507,0.0,4.89,0.0,5.82,False,NORMAL,NORMAL,0.683
2026-09-05 03:25:00,17.414005253708456,17.41,-0.001,1.431,14.61,20.22,13.73,21.1,1024.759168221751,1024.76,-0.0,1.423,1021.97,1027.55,1021.09,1028.43,83.01513980271125,83.02,-0.002,2.009,79.08,86.95,77.84,88.19,4.038170635245256,4.01,0.025,1.507,1.06,6.97,0.13,7.9,False,NORMAL,NORMAL,0.722
2026-09-05 03:30:00,16.721453014106967,16.72,-0.001,1.431,13.92,19.53,13.04,20.41,1024.8034649472386,1024.8,-0.0,1.423,1022.01,1027.59,1021.14,1028.47,87.74860098384848,87.75,-0.002,2.009,83.81,91.69,82.58,92.92,1.511703890019669,1.49,0.025,1.507,0.0,4.44,0.0,5.37,False,NORMAL,NORMAL,0.725
2026-09-05 03:35:00,17.610809326428445,17.61,-0.001,1.431,14.81,20.42,13.92,21.3,1024.3839348051158,1024.38,-0.0,1.423,1021.59,1027.17,1020.72,1028.05,84.50419097801598,84.51,-0.002,2.009,80.57,88.44,79.33,89.68,1.7736432325578602,1.75,0.025,1.507,0.0,4.7,0.0,5.63,False,NORMAL,NORMAL,0.572
2026-09-05 03:40:00,17.506111219747353,17.51,-0.001,1.431,14.7,20.31,13.82,21.19,1024.7457642825009,1024.75,-0.0,1.423,1021.96,1027.54,1021.08,1028.41,86.1494025455367,86.15,-0.002,2.009,82.21,90.09,80.98,91.33,4.033084346378971,4.01,0.025,1.507,1.05,6.96,0.13,7.89,False,NORMAL,NORMAL,0.695
2026-09-05 03:45:00,17.817652647039214,17.82,-0.001,1.431,15.01,20.62,14.13,21.51,1024.6596407127531,1024.66,-0.0,1.423,1021.87,1027.45,1020.99,1028.33,84.50341129709352,84.5,-0.002,2.009,80.57,88.44,79.33,89.68,3.3200711574870376,3.29,0.025,1.507,0.34,6.25,0.0,7.18,False,NORMAL,NORMAL,0.783
2026-09-05 03:50:00,17.77221985803102,17.77,-0.001,1.431,14.97,20.58,14.09,21.46,1024.4775003497773,1024.48,-0.0,1.423,1021.69,1027.27,1020.81,1028.14,86.51247442058389,86.51,-0.002,2.009,82.58,90.45,81.34,91.69,8.86430635118461,8.84,0.025,1.507,5.88,11.79,4.96,12.72,False,NORMAL,NORMAL,0.762
2026-09-05 03:55:00,18.317577302879236,18.32,-0.001,1.431,15.51,21.12,14.63,22.01,1024.571048594253,1024.57,-0.0,1.423,1021.78,1027.36,1020.9,1028.24,81.68780677546496,81.69,-0.002,2.009,77.75,85.63,76.51,86.86,3.7751543105448904,3.75,0.025,1.507,0.8,6.7,0.0,7.63,False,NORMAL,NORMAL,0.732
2026-09-05 04:00:00,17.914507816716267,17.92,-0.001,1.431,15.11,20.72,14.23,21.6,1023.9926164343174,1023.99,-0.0,1.423,1021.2,1026.78,1020.33,1027.66,80.42501079754635,80.43,-0.002,2.009,76.49,84.36,75.25,85.6,6.549923772735545,6.52,0.025,1.507,3.57,9.48,2.64,10.41,False,NORMAL,NORMAL,0.69
2026-09-05 04:05:00,17.788341628593525,17.79,-0.001,1.431,14.98,20.59,14.1,21.48,1024.1005711775567,1024.1,-0.0,1.423,1021.31,1026.89,1020.43,1027.77,82.67666979001885,82.68,-0.002,2.009,78.74,86.62,77.5,87.85,4.7807288763576175,4.76,0.025,1.507,1.8,7.71,0.87,8.64,False,NORMAL,NORMAL,0.774
2026-09-05 04:10:00,18.107855041406932,18.11,-0.001,1.431,15.3,20.91,14.42,21.8,1024.0079543977697,1024.01,-0.0,1.423,1021.22,1026.8,1020.34,1027.67,82.9156794486078,82.92,-0.002,2.009,78.98,86.86,77.74,88.09,6.0691828075146805,6.04,0.025,1.507,3.09,9.0,2.16,9.93,False,NORMAL,NORMAL,0.808
2026-09-05 04:15:00,18.378189688826193,18.38,-0.001,1.431,15.57,21.18,14.69,22.07,1024.1664497559486,1024.17,-0.0,1.423,1021.38,1026.96,1020.5,1027.83,83.89162329047772,83.89,-0.002,2.009,79.95,87.83,78.72,89.07,3.0188028464764605,2.99,0.025,1.507,0.04,5.95,0.0,6.88,False,NORMAL,NORMAL,0.805
2026-09-05 04:20:00,18.28540553617607,18.29,-0.001,1.431,15.48,21.09,14.6,21.97,1023.8417320100668,1023.84,-0.0,1.423,1021.05,1026.63,1020.18,1027.51,79.8929575903839,79.89,-0.002,2.009,75.96,83.83,74.72,85.07,9.278021076539357,9.25,0.025,1.507,6.3,12.21,5.37,13.14,False,NORMAL,NORMAL,0.645
2026-09-05 04:25:00,18.39009865858789,18.39,-0.001,1.431,15.59,21.2,14.7,22.08,1024.0550282447841,1024.06,-0.0,1.423,1021.27,1026.84,1020.39,1027.72,83.48602564210148,83.49,-0.002,2.009,79.55,87.43,78.31,88.66,4.779657887627433,4.75,0.025,1.507,1.8,7.71,0.87,8.64,False,NORMAL,NORMAL,0.747
2026-09-05 04:30:00,18.20402659347252,18.2,-0.001,1.431,15.4,21.01,14.52,21.89,1024.0903363129623,1024.09,-0.0,1.423,1021.3,1026.88,1020.42,1027.76,82.79502554177883,82.8,-0.002,2.01,78.86,86.74,77.62,87.97,7.337453481480654,7.31,0.025,1.507,4.36,10.27,3.43,11.2,False,NORMAL,NORMAL,0.809
2026-09-05 04:35:00,18.333534912524115,18.33,-0.001,1.431,15.53,21.14,14.65,22.02,1023.9336618653599,1023.93,-0.0,1.423,1021.14,1026.72,1020.27,1027.6,83.81749148479557,83.82,-0.002,2.01,79.88,87.76,78.64,89.0,3.7066990419357024,3.68,0.025,1.507,0.73,6.64,0.0,7.56,False,NORMAL,NORMAL,0.808
2026-09-05 04:40:00,18.154384384829697,18.16,-0.001,1.431,15.35,20.96,14.47,21.84,1023.8179127307852,1023.82,-0.0,1.423,1021.03,1026.61,1020.15,1027.48,82.39355606802049,82.4,-0.002,2.01,78.46,86.33,77.22,87.57,1.787249313690319,1.76,0.025,1.508,0.0,4.72,0.0,5.65,False,NORMAL,NORMAL,0.811
2026-09-05 04:45:00,19.5347946774615,19.54,-0.001,1.432,16.73,22.34,15.85,23.22,1033.0745471230825,1033.07,-0.0,1.423,1030.28,1035.86,1029.41,1036.74,74.95557946279195,74.96,-0.002,2.01,71.02,78.9,69.78,80.13,5.820584731310352,5.8,0.025,1.508,2.84,8.75,1.91,9.68,True,WARNING,MULTIVARIATE_OUTLIER,0.777
2026-09-05 04:50:00,18.459708130946463,18.46,-0.001,1.432,15.65,21.27,14.77,22.15,1023.5445508977492,1023.54,-0.0,1.423,1020.75,1026.33,1019.88,1027.21,82.10616433074703,82.11,-0.002,2.01,78.17,86.05,76.93,87.28,0.4854326005067844,0.46,0.025,1.508,0.0,3.42,0.0,4.34,True,WARNING,MULTIVARIATE_OUTLIER,0.705
2026-09-05 04:55:00,18.805077076648278,18.81,-0.001,1.432,16.0,21.61,15.12,22.49,1023.809403700181,1023.81,-0.0,1.423,1021.02,1026.6,1020.14,1027.48,81.80269449050263,81.8,-0.002,2.01,77.86,85.74,76.63,86.98,4.416863761593748,4.39,0.025,1.508,1.44,7.35,0.51,8.28,False,NORMAL,NORMAL,0.583
2026-09-05 05:00:00,18.922501261638363,18.92,-0.001,1.432,16.12,21.73,15.24,22.61,1023.6908334199858,1023.69,-0.0,1.423,1020.9,1026.48,1020.02,1027.36,81.55942067248428,81.56,-0.002,2.01,77.62,85.5,76.38,86.74,2.54541382759301,2.52,0.025,1.508,0.0,5.48,0.0,6.4,False,NORMAL,NORMAL,0.816
2026-09-05 05:05:00,19.698039903121877,19.7,-0.001,1.432,16.89,22.5,16.01,23.39,1023.5216885526387,1023.52,-0.0,1.423,1020.73,1026.31,1019.86,1027.19,75.41380116018311,75.42,-0.002,2.01,71.48,79.35,70.24,80.59,5.464642572187402,5.44,0.025,1.508,2.48,8.39,1.56,9.32,False,NORMAL,NORMAL,0.745
2026-09-05 05:10:00,19.354817651738873,19.36,-0.001,1.432,16.55,22.16,15.67,23.04,1023.420154233169,1023.42,-0.0,1.423,1020.63,1026.21,1019.75,1027.09,76.44501212752135,76.45,-0.002,2.01,72.51,80.39,71.27,81.62,10.838530291219183,10.81,0.025,1.508,7.86,13.77,6.93,14.7,False,NORMAL,NORMAL,0.779
2026-09-05 05:15:00,20.107082274104243,20.11,-0.001,1.432,17.3,22.91,16.42,23.8,1023.136002162216,1023.14,-0.0,1.423,1020.35,1025.93,1019.47,1026.8,72.19309309073981,72.19,-0.002,2.01,68.25,76.13,67.02,77.37,4.345950530890454,4.32,0.025,1.508,1.37,7.28,0.44,8.2,False,NORMAL,NORMAL,0.689
2026-09-05 05:20:00,19.476175613660175,19.48,-0.001,1.432,16.67,22.28,15.79,23.16,1023.2380524416852,1023.24,-0.0,1.423,1020.45,1026.03,1019.57,1026.9,77.87141375066277,77.87,-0.002,2.01,73.93,81.81,72.69,83.05,7.173222112120637,7.15,0.025,1.508,4.19,10.1,3.26,11.03,False,NORMAL,NORMAL,0.725
2026-09-05 05:25:00,19.997091197478934,20.0,-0.001,1.432,17.19,22.8,16.31,23.69,1023.6460111942699,1023.65,-0.0,1.423,1020.86,1026.44,1019.98,1027.31,74.64363432754953,74.65,-0.002,2.01,70.71,78.59,69.47,79.82,4.630588508094912,4.61,0.025,1.508,1.65,7.56,0.72,8.49,False,NORMAL,NORMAL,0.752
2026-09-05 05:30:00,19.69354722549354,19.69,-0.001,1.432,16.89,22.5,16.01,23.38,1023.1296917938906,1023.13,-0.0,1.423,1020.34,1025.92,1019.46,1026.8,74.89305737011405,74.89,-0.002,2.01,70.95,78.83,69.72,80.07,4.551600300521197,4.53,0.025,1.508,1.57,7.48,0.64,8.41,False,NORMAL,NORMAL,0.672
2026-09-05 05:35:00,21.030143521230286,21.03,-0.001,1.432,18.22,23.84,17.34,24.72,1023.3145162418956,1023.31,-0.0,1.423,1020.52,1026.1,1019.65,1026.98,69.232537548646,69.23,-0.002,2.01,65.29,73.17,64.06,74.41,8.979208289567097,8.95,0.025,1.508,6.0,11.91,5.07,12.84,False,NORMAL,NORMAL,0.56
2026-09-05 05:40:00,19.843581000267058,19.84,-0.001,1.432,17.04,22.65,16.16,23.53,1023.4034417237582,1023.4,-0.0,1.423,1020.61,1026.19,1019.74,1027.07,74.72697692362857,74.73,-0.002,2.01,70.79,78.67,69.55,79.91,8.170720989313207,8.15,0.025,1.508,5.19,11.1,4.26,12.03,False,NORMAL,NORMAL,0.642
2026-09-05 05:45:00,20.59115612229417,20.59,-0.001,1.432,17.79,23.4,16.9,24.28,1023.0322344503592,1023.03,-0.0,1.423,1020.24,1025.82,1019.37,1026.7,69.5325089573506,69.53,-0.002,2.01,65.59,73.47,64.36,74.71,6.827197858908291,6.8,0.025,1.508,3.85,9.76,2.92,10.69,False,NORMAL,NORMAL,0.681
2026-09-05 05:50:00,20.87134829655557,20.87,-0.001,1.432,18.07,23.68,17.18,24.56,1023.2182598798134,1023.22,-0.0,1.423,1020.43,1026.01,1019.55,1026.89,68.85345855866836,68.86,-0.002,2.011,64.91,72.8,63.68,74.03,3.260067991988885,3.23,0.025,1.508,0.28,6.19,0.0,7.12,False,NORMAL,NORMAL,0.792
2026-09-05 05:55:00,20.9358993854798,20.94,-0.001,1.432,18.13,23.74,17.25,24.62,1023.3032654028981,1023.3,-0.0,1.423,1020.51,1026.09,1019.64,1026.97,69.20117271794287,69.2,-0.002,2.011,65.26,73.14,64.02,74.38,4.880692551066819,4.86,0.025,1.508,1.9,7.81,0.97,8.74,False,NORMAL,NORMAL,0.836
2026-09-05 06:00:00,20.850668672994388,20.85,-0.001,1.432,18.05,23.66,17.16,24.54,1023.1384292884215,1023.14,-0.0,1.423,1020.35,1025.93,1019.47,1026.81,70.94234803430952,70.94,-0.002,2.011,67.0,74.88,65.76,76.12,2.769021067429228,2.74,0.025,1.508,0.0,5.7,0.0,6.63,False,NORMAL,NORMAL,0.838
2026-09-05 06:05:00,21.029049590111327,21.03,-0.001,1.432,18.22,23.84,17.34,24.72,1023.5427456348243,1023.54,-0.0,1.423,1020.75,1026.33,1019.88,1027.21,69.2387457041152,69.24,-0.002,2.011,65.3,73.18,64.06,74.42,4.213291404825333,4.19,0.025,1.508,1.23,7.14,0.3,8.07,False,NORMAL,NORMAL,0.77
2026-09-05 06:10:00,21.256414189669286,21.26,-0.001,1.432,18.45,24.06,17.57,24.95,1022.8400791183194,1022.84,-0.0,1.423,1020.05,1025.63,1019.17,1026.51,68.01077807129187,68.01,-0.002,2.011,64.07,71.95,62.83,73.19,4.475193949612091,4.45,0.025,1.508,1.49,7.41,0.57,8.33,False,NORMAL,NORMAL,0.659
2026-09-05 06:15:00,21.33964471528954,21.34,-0.001,1.432,18.53,24.15,17.65,25.03,1023.2290094032039,1023.23,-0.0,1.423,1020.44,1026.02,1019.56,1026.9,71.53718165192853,71.54,-0.002,2.011,67.6,75.48,66.36,76.72,7.341317453534382,7.32,0.025,1.508,4.36,10.27,3.43,11.2,False,NORMAL,NORMAL,0.532
2026-09-05 06:20:00,21.945123016338,21.95,-0.001,1.432,19.14,24.75,18.26,25.63,1023.0260481852093,1023.03,-0.0,1.423,1020.24,1025.82,1019.36,1026.69,67.79589631748513,67.8,-0.002,2.011,63.86,71.74,62.62,72.98,8.274963692167209,8.25,0.025,1.508,5.29,11.21,4.36,12.13,False,NORMAL,NORMAL,0.758
2026-09-05 06:25:00,22.606401319896808,22.61,-0.001,1.432,19.8,25.41,18.92,26.3,1023.1514476150105,1023.15,-0.0,1.423,1020.36,1025.94,1019.48,1026.82,63.136632644821155,63.14,-0.002,2.011,59.2,67.08,57.96,68.32,4.024760718519401,4.0,0.025,1.508,1.04,6.96,0.11,7.88,False,NORMAL,NORMAL,0.778
2026-09-05 06:30:00,21.663235246776015,21.66,-0.001,1.432,18.86,24.47,17.98,25.35,1023.0874509802621,1023.09,-0.0,1.423,1020.3,1025.88,1019.42,1026.75,68.30029346210424,68.3,-0.002,2.011,64.36,72.24,63.12,73.48,0.735089834835396,0.71,0.025,1.508,0.0,3.67,0.0,4.59,False,NORMAL,NORMAL,0.682
2026-09-05 06:35:00,21.50369317285146,21.5,-0.001,1.432,18.7,24.31,17.82,25.19,1022.8987580738378,1022.9,-0.0,1.423,1020.11,1025.69,1019.23,1026.57,69.6536053047528,69.66,-0.002,2.011,65.71,73.6,64.47,74.84,7.736965737157084,7.71,0.025,1.508,4.76,10.67,3.83,11.6,False,NORMAL,NORMAL,0.804
2026-09-05 06:40:00,22.182949293090775,22.18,-0.001,1.432,19.38,24.99,18.5,25.87,1023.0324117583656,1023.03,-0.0,1.423,1020.24,1025.82,1019.37,1026.7,67.12017846334687,67.12,-0.002,2.011,63.18,71.06,61.94,72.3,2.4068263030860995,2.38,0.025,1.508,0.0,5.34,0.0,6.27,False,NORMAL,NORMAL,0.749
2026-09-05 06:45:00,23.417981068191146,23.42,-0.001,1.432,20.61,26.23,19.73,27.11,1022.710530860758,1022.71,-0.0,1.423,1019.92,1025.5,1019.04,1026.38,60.997693473649015,61.0,-0.002,2.011,57.06,64.94,55.82,66.18,5.42398407398306,5.4,0.025,1.508,2.44,8.35,1.51,9.28,False,NORMAL,NORMAL,0.658
2026-09-05 06:50:00,22.233571713348088,22.23,-0.001,1.432,19.43,25.04,18.55,25.92,1023.0726446717075,1023.07,-0.0,1.423,1020.28,1025.86,1019.41,1026.74,68.27450619325214,68.28,-0.002,2.011,64.33,72.22,63.1,73.46,0.8746204161307313,0.85,0.025,1.508,0.0,3.81,0.0,4.73,False,NORMAL,NORMAL,0.373
2026-09-05 06:55:00,23.380662392540835,23.38,-0.001,1.432,20.57,26.19,19.69,27.07,1023.0215711725166,1023.02,-0.0,1.423,1020.23,1025.81,1019.35,1026.69,60.85288965753854,60.85,-0.002,2.011,56.91,64.8,55.67,66.04,3.927798807756866,3.9,0.025,1.508,0.95,6.86,0.02,7.79,False,NORMAL,NORMAL,0.574
2026-09-05 07:00:00,23.567020443485795,23.57,-0.001,1.432,20.76,26.37,19.88,27.26,1023.0690414391473,1023.07,-0.0,1.423,1020.28,1025.86,1019.4,1026.74,59.96015651208187,59.96,-0.002,2.011,56.02,63.9,54.78,65.14,11.359685671874894,11.33,0.025,1.508,8.38,14.29,7.45,15.22,False,NORMAL,NORMAL,0.763
2026-09-05 07:05:00,22.846299478942097,22.85,-0.001,1.432,20.04,25.65,19.16,26.54,1023.1300132490976,1023.13,-0.0,1.423,1020.34,1025.92,1019.46,1026.8,64.01166503370087,64.01,-0.002,2.011,60.07,67.96,58.83,69.19,1.7917804804746986,1.77,0.025,1.508,0.0,4.72,0.0,5.65,False,NORMAL,NORMAL,0.71
2026-09-05 07:10:00,23.46791230340845,23.47,-0.001,1.432,20.66,26.28,19.78,27.16,1023.0260988019564,1023.03,-0.0,1.423,1020.24,1025.82,1019.36,1026.69,63.42650456873287,63.43,-0.002,2.012,59.49,67.37,58.25,68.61,4.0830417456551595,4.06,0.025,1.508,1.1,7.01,0.17,7.94,False,NORMAL,NORMAL,0.715
2026-09-05 07:15:00,24.06497065724382,24.07,-0.001,1.432,21.26,26.87,20.38,27.75,1022.9943823096826,1022.99,-0.0,1.423,1020.2,1025.78,1019.33,1026.66,62.76678030264582,62.77,-0.002,2.012,58.83,66.71,57.59,67.95,3.3316641287445203,3.31,0.025,1.508,0.35,6.26,0.0,7.19,False,NORMAL,NORMAL,0.759
2026-09-05 07:20:00,23.43588110207008,23.44,-0.001,1.432,20.63,26.24,19.75,27.13,1022.8427164158967,1022.84,-0.0,1.423,1020.05,1025.63,1019.18,1026.51,60.594904828637084,60.6,-0.002,2.012,56.65,64.54,55.41,65.78,8.439958209789399,8.41,0.025,1.508,5.46,11.37,4.53,12.3,False,NORMAL,NORMAL,0.787
2026-09-05 07:25:00,23.68056576412534,23.68,-0.001,1.432,20.87,26.49,19.99,27.37,1022.8721845338844,1022.87,-0.0,1.423,1020.08,1025.66,1019.21,1026.54,61.527449431947765,61.53,-0.002,2.012,57.59,65.47,56.35,66.71,7.846242199732721,7.82,0.025,1.508,4.86,10.78,3.94,11.71,False,NORMAL,NORMAL,0.842
2026-09-05 07:30:00,23.704254726339858,23.71,-0.001,1.432,20.9,26.51,20.02,27.39,1023.162537227783,1023.16,-0.0,1.423,1020.37,1025.95,1019.5,1026.83,58.7223316682277,58.72,-0.002,2.012,54.78,62.67,53.54,63.91,2.865354704129487,2.84,0.025,1.509,0.0,5.8,0.0,6.73,False,NORMAL,NORMAL,0.79
2026-09-05 07:35:00,23.706334741090178,23.71,-0.001,1.432,20.9,26.51,20.02,27.4,1023.2067871316995,1023.21,-0.0,1.423,1020.42,1026.0,1019.54,1026.87,61.31396048231599,61.32,-0.002,2.012,57.37,65.26,56.13,66.5,1.6004292730923464,1.58,0.025,1.509,0.0,4.53,0.0,5.46,False,NORMAL,NORMAL,0.823
2026-09-05 07:40:00,24.028135366088534,24.03,-0.001,1.432,21.22,26.84,20.34,27.72,1022.9636593714193,1022.96,-0.0,1.423,1020.17,1025.75,1019.3,1026.63,57.61920002327348,57.62,-0.002,2.012,53.68,61.56,52.44,62.8,5.462881631950308,5.44,0.025,1.509,2.48,8.39,1.55,9.32,False,NORMAL,NORMAL,0.803
2026-09-05 07:45:00,23.974095096277356,23.97,-0.001,1.432,21.17,26.78,20.29,27.66,1023.0154707967986,1023.02,-0.0,1.423,1020.23,1025.81,1019.35,1026.68,57.908333949634184,57.91,-0.002,2.012,53.97,61.85,52.73,63.09,3.5218410419403994,3.5,0.025,1.509,0.54,6.45,0.0,7.38,False,NORMAL,NORMAL,0.849
2026-09-05 07:50:00,24.65326238265624,24.65,-0.001,1.432,21.85,27.46,20.97,28.34,1022.8831512243329,1022.88,-0.0,1.423,1020.09,1025.67,1019.22,1026.55,56.69680926014489,56.7,-0.002,2.012,52.75,60.64,51.52,61.88,5.807643197726394,5.78,0.025,1.509,2.83,8.74,1.9,9.67,False,NORMAL,NORMAL,0.832
2026-09-05 07:55:00,24.507647460171523,24.51,-0.001,1.432,21.7,27.32,20.82,28.2,1023.20602902972,1023.21,-0.0,1.423,1020.42,1026.0,1019.54,1026.87,57.91058496768005,57.91,-0.002,2.012,53.97,61.86,52.73,63.1,0.9937651421364505,0.97,0.025,1.509,0.0,3.93,0.0,4.85,False,NORMAL,NORMAL,0.767
2026-09-05 08:00:00,25.08512575625984,25.09,-0.001,1.432,22.28,27.89,21.4,28.77,1023.142117368967,1023.14,-0.0,1.423,1020.35,1025.93,1019.48,1026.81,55.00315467549321,55.0,-0.002,2.012,51.06,58.95,49.82,60.19,2.0811297017292842,2.06,0.025,1.509,0.0,5.01,0.0,5.94,False,NORMAL,NORMAL,0.794
2026-09-05 08:05:00,24.545111535532026,24.55,-0.001,1.432,21.74,27.35,20.86,28.23,1023.3465097900813,1023.35,-0.0,1.423,1020.56,1026.14,1019.68,1027.01,58.19149039604394,58.19,-0.002,2.012,54.25,62.14,53.01,63.38,5.97420793955344,5.95,0.025,1.509,2.99,8.91,2.06,9.84,False,NORMAL,NORMAL,0.805
2026-09-05 08:10:00,25.475480939222063,25.48,-0.001,1.432,22.67,28.28,21.79,29.17,1022.9373476306072,1022.94,-0.0,1.423,1020.15,1025.73,1019.27,1026.6,55.62259659426835,55.62,-0.002,2.012,51.68,59.57,50.44,60.81,2.734174264054583,2.71,0.025,1.509,0.0,5.67,0.0,6.6,False,NORMAL,NORMAL,0.564
2026-09-05 08:15:00,25.851917063538167,25.85,-0.001,1.432,23.05,28.66,22.16,29.54,1023.0268220163125,1023.03,-0.0,1.423,1020.24,1025.82,1019.36,1026.69,54.892991830577635,54.89,-0.002,2.012,50.95,58.84,49.71,60.08,7.879296116126103,7.85,0.025,1.509,4.9,10.81,3.97,11.74,False,NORMAL,NORMAL,0.686
2026-09-05 08:20:00,24.896022448609454,24.9,-0.001,1.432,22.09,27.7,21.21,28.59,1023.1332351644634,1023.13,-0.0,1.423,1020.34,1025.92,1019.47,1026.8,58.35428046531454,58.36,-0.002,2.012,54.41,62.3,53.17,63.54,1.3985651804364332,1.37,0.025,1.509,0.0,4.33,0.0,5.26,False,NORMAL,NORMAL,0.618
2026-09-05 08:25:00,26.017702291500317,26.02,-0.001,1.432,23.21,28.83,22.33,29.71,1023.210962867242,1023.21,-0.0,1.423,1020.42,1026.0,1019.54,1026.88,53.423348492731904,53.42,-0.002,2.012,49.48,57.37,48.24,58.61,2.8274616882770993,2.8,0.025,1.509,0.0,5.76,0.0,6.69,False,NORMAL,NORMAL,0.714
2026-09-05 08:30:00,26.533179249114927,26.53,-0.001,1.432,23.73,29.34,22.84,30.22,1023.0974931785638,1023.1,-0.0,1.424,1020.31,1025.89,1019.43,1026.76,50.26438227634815,50.27,-0.002,2.013,46.32,54.21,45.08,55.45,14.803459540383738,14.78,0.025,1.509,11.82,17.74,10.89,18.67,False,NORMAL,NORMAL,0.611
2026-09-05 08:35:00,25.731673765128434,25.73,-0.001,1.432,22.93,28.54,22.04,29.42,1023.0150411183996,1023.02,-0.0,1.424,1020.23,1025.81,1019.35,1026.68,55.837347761894705,55.84,-0.002,2.013,51.89,59.78,50.65,61.02,4.395526429934382,4.37,0.025,1.509,1.41,7.33,0.48,8.26,False,NORMAL,NORMAL,0.587
2026-09-05 08:40:00,27.057281922072974,27.06,-0.001,1.432,24.25,29.87,23.37,30.75,1023.2945306658929,1023.29,-0.0,1.424,1020.5,1026.08,1019.63,1026.96,49.82572176767464,49.83,-0.002,2.013,45.88,53.77,44.64,55.01,6.480667545179874,6.46,0.025,1.509,3.5,9.41,2.57,10.34,False,NORMAL,NORMAL,0.61
2026-09-05 08:45:00,26.727805662613683,26.73,-0.001,1.432,23.92,29.54,23.04,30.42,1023.286919686851,1023.29,-0.0,1.424,1020.5,1026.08,1019.62,1026.95,50.56889604830777,50.57,-0.002,2.013,46.63,54.52,45.39,55.76,2.6628891802475265,2.64,0.025,1.509,0.0,5.6,0.0,6.52,False,NORMAL,NORMAL,0.823
2026-09-05 08:50:00,26.449279046644385,26.45,-0.001,1.432,23.64,29.26,22.76,30.14,1023.0577362530339,1023.06,-0.0,1.424,1020.27,1025.85,1019.39,1026.72,54.171862501679634,54.17,-0.002,2.013,50.23,58.12,48.99,59.36,5.798028028495789,5.77,0.025,1.509,2.82,8.73,1.89,9.66,False,NORMAL,NORMAL,0.728
2026-09-05 08:55:00,26.879121226340917,26.88,-0.001,1.432,24.07,29.69,23.19,30.57,1023.4148219034406,1023.41,-0.0,1.424,1020.62,1026.21,1019.75,1027.08,51.95782006282291,51.96,-0.002,2.013,48.01,55.9,46.77,57.14,6.853991959864457,6.83,0.025,1.509,3.87,9.79,2.94,10.72,False,NORMAL,NORMAL,0.671
2026-09-05 09:00:00,27.293883125828856,27.29,-0.001,1.432,24.49,30.1,23.61,30.98,1023.40316515401,1023.4,-0.0,1.424,1020.61,1026.19,1019.74,1027.07,47.6652392123102,47.67,-0.002,2.013,43.72,51.61,42.48,52.85,3.7294620084798784,3.7,0.025,1.509,0.75,6.66,0.0,7.59,False,NORMAL,NORMAL,0.801
2026-09-05 09:05:00,27.268975987607515,27.27,-0.001,1.432,24.46,30.08,23.58,30.96,1023.2636128746593,1023.26,-0.0,1.424,1020.47,1026.05,1019.6,1026.93,48.34021447573133,48.34,-0.002,2.013,44.4,52.29,43.16,53.53,8.125936463324267,8.1,0.025,1.509,5.14,11.06,4.21,11.99,False,NORMAL,NORMAL,0.836
2026-09-05 09:10:00,27.620915670455656,27.62,-0.001,1.432,24.81,30.43,23.93,31.31,1023.270845767672,1023.27,-0.0,1.424,1020.48,1026.06,1019.6,1026.94,49.730605728365255,49.73,-0.002,2.013,45.79,53.68,44.55,54.92,5.925579693599989,5.9,0.025,1.509,2.94,8.86,2.01,9.79,False,NORMAL,NORMAL,0.774
2026-09-05 09:15:00,27.202721767931784,27.2,-0.001,1.432,24.4,30.01,23.51,30.89,1023.3569587242088,1023.36,-0.0,1.424,1020.57,1026.15,1019.69,1027.02,49.3995554419066,49.4,-0.002,2.013,45.46,53.35,44.22,54.59,4.357677202153348,4.33,0.025,1.509,1.37,7.29,0.44,8.22,False,NORMAL,NORMAL,0.841
2026-09-05 09:20:00,27.80297302222223,27.8,-0.001,1.432,25.0,30.61,24.11,31.49,1023.1589468841298,1023.16,-0.0,1.424,1020.37,1025.95,1019.49,1026.83,48.42275188923636,48.42,-0.002,2.013,44.48,52.37,43.24,53.61,5.646745326944709,5.62,0.025,1.509,2.66,8.58,1.73,9.51,False,NORMAL,NORMAL,0.745
2026-09-05 09:25:00,27.332561590593205,27.33,-0.001,1.432,24.53,30.14,23.64,31.02,1023.3063702787796,1023.31,-0.0,1.424,1020.52,1026.1,1019.64,1026.97,49.3611802123253,49.36,-0.002,2.013,45.42,53.31,44.18,54.55,5.839316471189767,5.81,0.025,1.509,2.86,8.77,1.93,9.7,False,NORMAL,NORMAL,0.824
2026-09-05 09:30:00,28.014879148746434,28.02,-0.001,1.432,25.21,30.82,24.33,31.71,1022.9918855375311,1022.99,-0.0,1.424,1020.2,1025.78,1019.32,1026.66,47.76966081843375,47.77,-0.002,2.013,43.83,51.72,42.59,52.96,2.697843301888172,2.67,0.025,1.509,0.0,5.63,0.0,6.56,False,NORMAL,NORMAL,0.667
2026-09-05 09:35:00,27.857555127029556,27.86,-0.001,1.432,25.05,30.67,24.17,31.55,1023.4582075522117,1023.46,-0.0,1.424,1020.67,1026.25,1019.79,1027.13,49.17695052763888,49.18,-0.002,2.013,45.23,53.12,43.99,54.36,4.584582606478604,4.56,0.025,1.509,1.6,7.52,0.67,8.45,False,NORMAL,NORMAL,0.619
2026-09-05 09:40:00,28.083004880546454,28.08,-0.001,1.432,25.28,30.89,24.39,31.77,1023.1035354398343,1023.1,-0.0,1.424,1020.31,1025.89,1019.44,1026.77,46.88584016034864,46.89,-0.002,2.013,42.94,50.83,41.7,52.07,4.170564999802843,4.15,0.025,1.509,1.19,7.1,0.26,8.03,False,NORMAL,NORMAL,0.723
2026-09-05 09:45:00,29.028027236889635,29.03,-0.001,1.432,26.22,31.84,25.34,32.72,1023.5732234708702,1023.57,-0.0,1.424,1020.78,1026.36,1019.91,1027.24,45.36964809896622,45.37,-0.002,2.013,41.42,49.32,40.18,50.56,4.633225153221417,4.61,0.025,1.509,1.65,7.57,0.72,8.5,False,NORMAL,NORMAL,0.555
2026-09-05 09:50:00,29.124686701531573,29.13,-0.001,1.432,26.32,31.93,25.44,32.82,1023.3069826811954,1023.31,-0.0,1.424,1020.52,1026.1,1019.64,1026.97,45.70363963282866,45.71,-0.002,2.014,41.76,49.65,40.52,50.89,7.796598323616016,7.77,0.025,1.509,4.81,10.73,3.88,11.66,False,NORMAL,NORMAL,0.654
2026-09-05 09:55:00,29.08451611345496,29.09,-0.001,1.432,26.28,31.89,25.4,32.78,1023.3322899141795,1023.33,-0.0,1.424,1020.54,1026.12,1019.67,1027.0,44.4795529921772,44.48,-0.002,2.014,40.53,48.43,39.29,49.67,5.323121749375538,5.3,0.025,1.509,2.34,8.26,1.41,9.19,False,NORMAL,NORMAL,0.821
2026-09-05 10:00:00,28.554686285674507,28.56,-0.001,1.432,25.75,31.36,24.87,32.25,1023.2760799975822,1023.28,-0.0,1.424,1020.49,1026.07,1019.61,1026.94,46.413682271637704,46.42,-0.002,2.014,42.47,50.36,41.23,51.6,11.080717707861792,11.06,0.025,1.509,8.1,14.01,7.17,14.94,False,NORMAL,NORMAL,0.689
2026-09-05 10:05:00,29.013778518277718,29.01,-0.001,1.432,26.21,31.82,25.32,32.7,1023.3318090348831,1023.33,-0.0,1.424,1020.54,1026.12,1019.66,1027.0,46.008265238895504,46.01,-0.002,2.014,42.06,49.96,40.82,51.2,3.9160133073045196,3.89,0.025,1.509,0.93,6.85,0.0,7.78,False,NORMAL,NORMAL,0.681
2026-09-05 10:10:00,29.7722200410415,29.77,-0.001,1.432,26.97,32.58,26.08,33.46,1023.5910599978168,1023.59,-0.0,1.424,1020.8,1026.38,1019.92,1027.26,42.86768342905173,42.87,-0.002,2.014,38.92,46.82,37.68,48.06,4.898213038780083,4.87,0.025,1.509,1.91,7.83,0.98,8.76,False,NORMAL,NORMAL,0.744
2026-09-05 10:15:00,29.48814486643618,29.49,-0.001,1.432,26.68,32.3,25.8,33.18,1023.006783407074,1023.01,-0.0,1.424,1020.22,1025.8,1019.34,1026.67,43.3402753067709,43.34,-0.002,2.014,39.39,47.29,38.15,48.53,8.35903730527387,8.33,0.025,1.51,5.38,11.29,4.45,12.22,False,NORMAL,NORMAL,0.622
2026-09-05 10:20:00,30.501435632897252,30.5,-0.001,1.432,27.69,33.31,26.81,34.19,1023.5715037366517,1023.57,-0.0,1.424,1020.78,1026.36,1019.9,1027.24,41.09340091141508,41.09,-0.002,2.014,37.15,45.04,35.91,46.28,6.008985236391504,5.98,0.025,1.51,3.03,8.94,2.1,9.87,False,NORMAL,NORMAL,0.479
2026-09-05 10:25:00,29.870976754849448,29.87,-0.001,1.432,27.06,32.68,26.18,33.56,1023.4289199773557,1023.43,-0.0,1.424,1020.64,1026.22,1019.76,1027.1,42.55053948261706,42.55,-0.002,2.014,38.6,46.5,37.36,47.74,6.052116732208118,6.03,0.025,1.51,3.07,8.99,2.14,9.92,False,NORMAL,NORMAL,0.737
2026-09-05 10:30:00,29.928047708345503,29.93,-0.001,1.432,27.12,32.74,26.24,33.62,1023.1936003305981,1023.19,-0.0,1.424,1020.4,1025.98,1019.53,1026.86,43.23373094180103,43.24,-0.002,2.014,39.29,47.18,38.05,48.42,1.601258954568137,1.58,0.025,1.51,0.0,4.53,0.0,5.46,False,NORMAL,NORMAL,0.716
2026-09-05 10:35:00,29.86272618947709,29.86,-0.001,1.432,27.06,32.67,26.17,33.55,1023.2079026762757,1023.21,-0.0,1.424,1020.42,1026.0,1019.54,1026.88,44.273711294214664,44.28,-0.002,2.014,40.33,48.22,39.09,49.46,4.903928505104066,4.88,0.025,1.51,1.92,7.84,0.99,8.77,False,NORMAL,NORMAL,0.75
2026-09-05 10:40:00,30.172434859205744,30.17,-0.001,1.432,27.37,32.98,26.48,33.86,1023.6132456032518,1023.61,-0.0,1.424,1020.82,1026.4,1019.95,1027.28,40.9553555477085,40.96,-0.002,2.014,37.01,44.9,35.77,46.15,3.88495738097418,3.86,0.025,1.51,0.9,6.82,0.0,7.75,False,NORMAL,NORMAL,0.698
2026-09-05 10:45:00,30.188113170369768,30.19,-0.001,1.433,27.38,33.0,26.5,33.88,1023.2105244232347,1023.21,-0.0,1.424,1020.42,1026.0,1019.54,1026.88,42.17954702535407,42.18,-0.002,2.014,38.23,46.13,36.99,47.37,18.799832124050273,18.77,0.025,1.51,15.82,21.73,14.89,22.66,False,NORMAL,NORMAL,0.338
2026-09-05 10:50:00,30.65980111483988,30.66,-0.001,1.433,27.85,33.47,26.97,34.35,1023.1678272515232,1023.17,-0.0,1.424,1020.38,1025.96,1019.5,1026.84,42.10101408501205,42.1,-0.002,2.014,38.15,46.05,36.91,47.29,4.242027052552168,4.22,0.025,1.51,1.26,7.18,0.33,8.11,False,NORMAL,NORMAL,0.543
2026-09-05 10:55:00,30.884007287210665,30.88,-0.001,1.433,28.08,33.69,27.19,34.57,1023.4977642816815,1023.5,-0.0,1.424,1020.71,1026.29,1019.83,1027.17,40.78861461779095,40.79,-0.002,2.014,36.84,44.74,35.6,45.98,10.315511800596108,10.29,0.025,1.51,7.33,13.25,6.4,14.18,False,NORMAL,NORMAL,0.591
2026-09-05 11:00:00,30.30895094396459,30.31,-0.001,1.433,27.5,33.12,26.62,34.0,1023.362091105732,1023.36,-0.0,1.424,1020.57,1026.15,1019.7,1027.03,41.98121634659576,41.98,-0.002,2.014,38.03,45.93,36.79,47.17,7.4927169695453815,7.47,0.025,1.51,4.51,10.43,3.58,11.36,False,NORMAL,NORMAL,0.675
2026-09-05 11:05:00,30.21006629766608,30.21,-0.001,1.433,27.4,33.02,26.52,33.9,1023.1525137912263,1023.15,-0.0,1.424,1020.36,1025.94,1019.49,1026.82,42.762882944815175,42.76,-0.002,2.014,38.82,46.71,37.58,47.95,4.577367444119437,4.55,0.025,1.51,1.59,7.51,0.66,8.44,False,NORMAL,NORMAL,0.746
2026-09-05 11:10:00,30.124424481809836,30.13,-0.001,1.433,27.32,32.93,26.43,33.82,1023.3052975582626,1023.31,-0.0,1.424,1020.52,1026.1,1019.64,1026.97,42.422045633358074,42.42,-0.002,2.015,38.48,46.37,37.23,47.61,6.307069344474474,6.28,0.025,1.51,3.32,9.24,2.39,10.17,False,NORMAL,NORMAL,0.733
2026-09-05 11:15:00,31.175528046151545,31.18,-0.001,1.433,28.37,33.98,27.49,34.87,1023.096206040727,1023.1,-0.0,1.424,1020.31,1025.89,1019.43,1026.76,40.551502171333134,40.55,-0.002,2.015,36.6,44.5,35.36,45.74,9.693500398466576,9.67,0.025,1.51,6.71,12.63,5.78,13.56,False,NORMAL,NORMAL,0.558
2026-09-05 11:20:00,30.6414321615189,30.64,-0.001,1.433,27.83,33.45,26.95,34.33,1023.3900823964279,1023.39,-0.0,1.424,1020.6,1026.18,1019.72,1027.06,41.387688800722856,41.39,-0.002,2.015,37.44,45.34,36.2,46.58,10.532612695126359,10.51,0.025,1.51,7.55,13.47,6.62,14.4,False,NORMAL,NORMAL,0.604
2026-09-05 11:25:00,30.329038298514767,30.33,-0.001,1.433,27.52,33.14,26.64,34.02,1023.3566453769648,1023.36,-0.0,1.424,1020.57,1026.15,1019.69,1027.02,40.15527534698589,40.16,-0.002,2.015,36.21,44.11,34.97,45.35,3.0170309334354903,2.99,0.025,1.51,0.03,5.95,0.0,6.88,False,NORMAL,NORMAL,0.723
2026-09-05 11:30:00,31.449957583842135,31.45,-0.001,1.433,28.64,34.26,27.76,35.14,1023.2472807937442,1023.25,-0.0,1.424,1020.46,1026.04,1019.58,1026.91,40.21286915911889,40.21,-0.002,2.015,36.27,44.16,35.02,45.4,4.666770538740351,4.64,0.025,1.51,1.68,7.6,0.75,8.53,False,NORMAL,NORMAL,0.635
2026-09-05 11:35:00,32.39292227924314,32.39,-0.001,1.433,29.59,35.2,28.7,36.08,1023.1893021796282,1023.19,-0.0,1.424,1020.4,1025.98,1019.52,1026.86,38.08633471560528,38.09,-0.002,2.015,34.14,42.04,32.9,43.28,4.648102515872298,4.62,0.025,1.51,1.66,7.58,0.73,8.51,False,NORMAL,NORMAL,0.698
2026-09-05 11:40:00,31.49130545324161,31.49,-0.001,1.433,28.68,34.3,27.8,35.18,1023.3643150670617,1023.36,-0.0,1.424,1020.57,1026.15,1019.7,1027.03,39.141218875544034,39.14,-0.002,2.015,35.19,43.09,33.95,44.33,1.5133973156970755,1.49,0.025,1.51,0.0,4.45,0.0,5.38,False,NORMAL,NORMAL,0.638
2026-09-05 11:45:00,31.923908245893962,31.92,-0.001,1.433,29.12,34.73,28.23,35.62,1023.0626661961131,1023.06,-0.0,1.424,1020.27,1025.85,1019.4,1026.73,38.5387954873228,38.54,-0.002,2.015,34.59,42.49,33.35,43.73,6.99891805157501,6.97,0.025,1.51,4.01,9.93,3.08,10.86,False,NORMAL,NORMAL,0.562
2026-09-05 11:50:00,31.71274181668003,31.71,-0.001,1.433,28.91,34.52,28.02,35.4,1022.8454872869055,1022.85,-0.0,1.424,1020.06,1025.64,1019.18,1026.51,38.84572835969307,38.85,-0.002,2.015,34.9,42.8,33.66,44.04,10.217954247870612,10.19,0.025,1.51,7.23,13.15,6.3,14.08,False,NORMAL,NORMAL,0.684
2026-09-05 11:55:00,31.728627125466915,31.73,-0.001,1.433,28.92,34.54,28.04,35.42,1023.0477139193209,1023.05,-0.0,1.424,1020.26,1025.84,1019.38,1026.72,38.47656249356505,38.48,-0.002,2.015,34.53,42.43,33.29,43.67,5.116652294520167,5.09,0.025,1.51,2.13,8.05,1.2,8.98,False,NORMAL,NORMAL,0.773
2026-09-05 12:00:00,32.22061756001609,32.22,-0.001,1.433,29.41,35.03,28.53,35.91,1023.2481884316692,1023.25,-0.0,1.424,1020.46,1026.04,1019.58,1026.92,37.82244086813621,37.82,-0.002,2.015,33.87,41.77,32.63,43.01,8.59524037124827,8.57,0.025,1.51,5.61,11.53,4.68,12.46,False,NORMAL,NORMAL,0.667
2026-09-05 12:05:00,31.81827003976797,31.82,-0.001,1.433,29.01,34.63,28.13,35.51,1022.7355193061154,1022.74,-0.0,1.424,1019.95,1025.53,1019.07,1026.4,36.79071883706426,36.79,-0.002,2.015,32.84,40.74,31.6,41.98,7.384302333896366,7.36,0.025,1.51,4.4,10.32,3.47,11.25,False,NORMAL,NORMAL,0.625
2026-09-05 12:10:00,32.11927800201185,32.12,-0.001,1.433,29.31,34.93,28.43,35.81,1022.7834325395463,1022.78,-0.0,1.424,1019.99,1025.57,1019.12,1026.45,37.117898208434276,37.12,-0.002,2.015,33.17,41.07,31.93,42.31,5.11409921934748,5.09,0.025,1.51,2.13,8.05,1.2,8.98,False,NORMAL,NORMAL,0.745
2026-09-05 12:15:00,32.21545075710008,32.22,-0.001,1.433,29.41,35.02,28.53,35.91,1022.8475123594792,1022.85,-0.0,1.424,1020.06,1025.64,1019.18,1026.52,36.883750616203415,36.89,-0.002,2.015,32.94,40.84,31.69,42.08,2.914094978333699,2.89,0.025,1.51,0.0,5.85,0.0,6.78,False,NORMAL,NORMAL,0.795
2026-09-05 12:20:00,31.890457973523212,31.89,-0.001,1.433,29.08,34.7,28.2,35.58,1022.721840245651,1022.72,-0.0,1.424,1019.93,1025.51,1019.05,1026.39,38.149135754887034,38.15,-0.002,2.015,34.2,42.1,32.96,43.34,8.329826289280515,8.3,0.025,1.51,5.34,11.26,4.41,12.2,False,NORMAL,NORMAL,0.744
2026-09-05 12:25:00,32.62186982979977,32.62,-0.001,1.433,29.81,35.43,28.93,36.31,1022.5249645388958,1022.53,-0.0,1.424,1019.73,1025.32,1018.86,1026.19,38.411818609354675,38.41,-0.002,2.015,34.46,42.36,33.22,43.61,10.43300884763101,10.41,0.025,1.51,7.45,13.37,6.52,14.3,False,NORMAL,NORMAL,0.625
2026-09-05 12:30:00,32.21882983627934,32.22,-0.001,1.433,29.41,35.03,28.53,35.91,1022.780497294256,1022.78,-0.0,1.424,1019.99,1025.57,1019.11,1026.45,36.684719411876834,36.69,-0.002,2.015,32.74,40.64,31.49,41.88,8.105438149956951,8.08,0.025,1.51,5.12,11.04,4.19,11.97,False,NORMAL,NORMAL,0.698
2026-09-05 12:35:00,32.046646200527135,32.05,-0.001,1.433,29.24,34.86,28.36,35.74,1022.8976828065828,1022.9,-0.0,1.424,1020.11,1025.69,1019.23,1026.57,37.76356463218555,37.77,-0.002,2.016,33.81,41.72,32.57,42.96,1.0141263107916503,0.99,0.025,1.51,0.0,3.95,0.0,4.88,False,NORMAL,NORMAL,0.696
2026-09-05 12:40:00,32.620017644565465,32.62,-0.001,1.433,29.81,35.43,28.93,36.31,1022.5141333551845,1022.51,-0.0,1.424,1019.72,1025.3,1018.85,1026.18,36.23171044995409,36.23,-0.002,2.016,32.28,40.18,31.04,41.43,3.735249422608395,3.71,0.025,1.51,0.75,6.67,0.0,7.6,False,NORMAL,NORMAL,0.655
2026-09-05 12:45:00,32.098805809079735,32.1,-0.001,1.433,29.29,34.91,28.41,35.79,1022.2817526537174,1022.28,-0.0,1.424,1019.49,1025.07,1018.61,1025.95,37.95099545065475,37.95,-0.002,2.016,34.0,41.9,32.76,43.14,2.034963724652804,2.01,0.025,1.51,0.0,4.97,0.0,5.9,False,NORMAL,NORMAL,0.645
2026-09-05 12:50:00,32.51852725291443,32.52,-0.001,1.433,29.71,35.33,28.83,36.21,1022.1153179624441,1022.12,-0.0,1.424,1019.33,1024.91,1018.45,1025.78,37.45489616516251,37.46,-0.002,2.016,33.51,41.41,32.26,42.65,6.983995503694706,6.96,0.025,1.51,4.0,9.92,3.07,10.85,False,NORMAL,NORMAL,0.667
2026-09-05 12:55:00,32.54892583503201,32.55,-0.001,1.433,29.74,35.36,28.86,36.24,1022.3143490503452,1022.31,-0.0,1.424,1019.52,1025.1,1018.65,1025.98,37.95769453261296,37.96,-0.002,2.016,34.01,41.91,32.77,43.15,9.047038541282497,9.02,0.025,1.51,6.06,11.98,5.13,12.91,False,NORMAL,NORMAL,0.686
2026-09-05 13:00:00,33.0284832540036,33.03,-0.001,1.433,30.22,35.84,29.34,36.72,1022.3669618672396,1022.37,-0.0,1.424,1019.58,1025.16,1018.7,1026.03,35.41589603676536,35.42,-0.002,2.016,31.47,39.37,30.22,40.61,2.6102228475195917,2.59,0.025,1.51,0.0,5.55,0.0,6.48,False,NORMAL,NORMAL,0.659
2026-09-05 13:05:00,32.82176670390275,32.82,-0.001,1.433,30.01,35.63,29.13,36.51,1022.1961694375779,1022.2,-0.0,1.424,1019.41,1024.99,1018.53,1025.86,36.58184049629717,36.58,-0.002,2.016,32.63,40.53,31.39,41.78,10.309168708875502,10.28,0.025,1.511,7.32,13.24,6.39,14.18,False,NORMAL,NORMAL,0.585
2026-09-05 13:10:00,32.65582939304537,32.66,-0.001,1.433,29.85,35.47,28.97,36.35,1022.0458872759523,1022.05,-0.0,1.424,1019.26,1024.84,1018.38,1025.71,34.95500497137208,34.96,-0.002,2.016,31.01,38.91,29.76,40.15,108.0,107.97,0.025,1.511,105.01,110.94,104.08,111.87,True,WARNING,SENSOR_SPEC_BREACH (SPEC_WIND_EXCEEDS_RANGE),0.88
2026-09-05 13:15:00,33.0230712029245,33.02,-0.001,1.433,30.22,35.83,29.33,36.72,1021.8771070909994,1021.88,-0.0,1.424,1019.09,1024.67,1018.21,1025.54,36.558702228586,36.56,-0.002,2.016,32.61,40.51,31.37,41.75,8.286931665022301,8.26,0.025,1.511,5.3,11.22,4.37,12.15,False,NORMAL,NORMAL,0.455
2026-09-05 13:20:00,33.27832708220598,33.28,-0.001,1.433,30.47,36.09,29.59,36.97,1021.7188801030735,1021.72,-0.0,1.424,1018.93,1024.51,1018.05,1025.39,34.84824800526498,34.85,-0.002,2.016,30.9,38.8,29.66,40.04,14.453913843189145,14.43,0.025,1.511,11.47,17.39,10.54,18.32,False,NORMAL,NORMAL,0.637
2026-09-05 13:25:00,32.96778735057038,32.97,-0.001,1.433,30.16,35.78,29.28,36.66,1021.9231448475806,1021.92,-0.0,1.424,1019.13,1024.71,1018.26,1025.59,37.57338643336436,37.57,-0.002,2.016,33.62,41.53,32.38,42.77,2.2686985724509245,2.24,0.025,1.511,0.0,5.2,0.0,6.13,False,NORMAL,NORMAL,0.463
2026-09-05 13:30:00,32.76734992985294,32.77,-0.001,1.433,29.96,35.58,29.08,36.46,1021.8483132905955,1021.85,-0.0,1.424,1019.06,1024.64,1018.18,1025.52,36.80485707293827,36.81,-0.002,2.016,32.85,40.76,31.61,42.0,11.686758400187603,11.66,0.025,1.511,8.7,14.62,7.77,15.55,False,NORMAL,NORMAL,0.554
2026-09-05 13:35:00,32.25313502908468,32.25,-0.001,1.433,29.45,35.06,28.56,35.95,1021.3908617955487,1021.39,-0.0,1.424,1018.6,1024.18,1017.72,1025.06,35.69824084635338,35.7,-0.002,2.016,31.75,39.65,30.51,40.89,2.82218387050423,2.8,0.025,1.511,0.0,5.76,0.0,6.69,False,NORMAL,NORMAL,0.593
2026-09-05 13:40:00,32.36258998186154,32.36,-0.001,1.433,29.55,35.17,28.67,36.05,1021.7709026445597,1021.77,-0.0,1.424,1018.98,1024.56,1018.1,1025.44,36.401911841236476,36.4,-0.002,2.016,32.45,40.36,31.21,41.6,5.43422456282387,5.41,0.025,1.511,2.45,8.37,1.52,9.3,False,NORMAL,NORMAL,0.638
2026-09-05 13:45:00,32.67340887979896,32.67,-0.001,1.433,29.87,35.48,28.98,36.37,1021.5265512783855,1021.53,-0.0,1.424,1018.74,1024.32,1017.86,1025.19,37.0341278269712,37.04,-0.002,2.016,33.08,40.99,31.84,42.23,10.626070959191887,10.6,0.025,1.511,7.64,13.56,6.71,14.49,False,NORMAL,NORMAL,0.58
2026-09-05 13:50:00,32.55464849848825,32.56,-0.001,1.433,29.75,35.36,28.86,36.25,1021.5567810992416,1021.56,-0.0,1.424,1018.77,1024.35,1017.89,1025.22,38.16259466711063,38.16,-0.002,2.016,34.21,42.12,32.97,43.36,11.84369522671913,11.82,0.025,1.511,8.86,14.78,7.93,15.71,False,NORMAL,NORMAL,0.67
2026-09-05 13:55:00,32.722706505872296,32.72,-0.001,1.433,29.91,35.53,29.03,36.41,1021.0503934575146,1021.05,-0.0,1.424,1018.26,1023.84,1017.38,1024.72,36.531191177442146,36.53,-0.002,2.017,32.58,40.49,31.34,41.73,6.469266812432912,6.44,0.025,1.511,3.48,9.41,2.55,10.34,False,NORMAL,NORMAL,0.486
2026-09-05 14:00:00,32.81528121589146,32.82,-0.001,1.433,30.01,35.62,29.12,36.51,1020.9502635247924,1020.95,-0.0,1.424,1018.16,1023.74,1017.28,1024.62,35.773256179416784,35.77,-0.002,2.017,31.82,39.73,30.58,40.97,7.311594519938103,7.29,0.025,1.511,4.33,10.25,3.39,11.18,False,NORMAL,NORMAL,0.775
2026-09-05 14:05:00,32.995708494931726,33.0,-0.001,1.433,30.19,35.81,29.3,36.69,1021.0348568346723,1021.04,-0.0,1.424,1018.24,1023.83,1017.37,1024.7,36.474984898372874,36.48,-0.002,2.017,32.52,40.43,31.28,41.67,8.544359097265827,8.52,0.025,1.511,5.56,11.48,4.63,12.41,False,NORMAL,NORMAL,0.698
2026-09-05 14:10:00,32.74292713126216,32.74,-0.001,1.433,29.93,35.55,29.05,36.44,1021.0334144572168,1021.03,-0.0,1.424,1018.24,1023.82,1017.37,1024.7,36.1495539250242,36.15,-0.002,2.017,32.2,40.1,30.96,41.35,10.294254736589444,10.27,0.025,1.511,7.31,13.23,6.38,14.16,False,NORMAL,NORMAL,0.766
2026-09-05 14:15:00,32.94911064097317,32.95,-0.001,1.433,30.14,35.76,29.26,36.64,1021.1270658961863,1021.13,-0.0,1.424,1018.34,1023.92,1017.46,1024.79,36.63688337230138,36.64,-0.002,2.017,32.69,40.59,31.44,41.83,2.769792117196844,2.74,0.025,1.511,0.0,5.71,0.0,6.64,False,NORMAL,NORMAL,0.64
2026-09-05 14:20:00,32.75977598626923,32.76,-0.001,1.433,29.95,35.57,29.07,36.45,1020.8620517894261,1020.86,-0.0,1.424,1018.07,1023.65,1017.19,1024.53,35.03699521028191,35.04,-0.002,2.017,31.09,38.99,29.84,40.23,9.913240988707786,9.89,0.025,1.511,6.93,12.85,6.0,13.78,False,NORMAL,NORMAL,0.647
2026-09-05 14:25:00,31.91937534343687,31.92,-0.001,1.433,29.11,34.73,28.23,35.61,1020.6172735933256,1020.62,-0.0,1.424,1017.83,1023.41,1016.95,1024.29,36.49840767477478,36.5,-0.002,2.017,32.55,40.45,31.3,41.7,6.22775402723076,6.2,0.025,1.511,3.24,9.16,2.31,10.09,False,NORMAL,NORMAL,0.753
2026-09-05 14:30:00,32.30551150107291,32.31,-0.001,1.433,29.5,35.12,28.61,36.0,1020.3963598353868,1020.4,-0.0,1.424,1017.61,1023.19,1016.73,1024.06,36.231436671200036,36.23,-0.002,2.017,32.28,40.19,31.04,41.43,5.944711990777161,5.92,0.025,1.511,2.96,8.88,2.03,9.81,False,NORMAL,NORMAL,0.758
2026-09-05 14:35:00,32.59141249576727,32.59,-0.001,1.433,29.78,35.4,28.9,36.28,1020.6306555934092,1020.63,-0.0,1.424,1017.84,1023.42,1016.96,1024.3,37.44804718181494,37.45,-0.002,2.017,33.5,41.4,32.25,42.65,5.699103274395969,5.67,0.025,1.511,2.71,8.64,1.78,9.57,False,NORMAL,NORMAL,0.671
2026-09-05 14:40:00,32.129101683896245,32.13,-0.001,1.433,29.32,34.94,28.44,35.82,1020.1965892355502,1020.2,-0.0,1.424,1017.41,1022.99,1016.53,1023.86,37.80653735434678,37.81,-0.002,2.017,33.85,41.76,32.61,43.0,6.467893415463849,6.44,0.025,1.511,3.48,9.4,2.55,10.34,False,NORMAL,NORMAL,0.575
2026-09-05 14:45:00,32.81302716746096,32.81,-0.001,1.433,30.0,35.62,29.12,36.51,1020.4801034644267,1020.48,-0.0,1.424,1017.69,1023.27,1016.81,1024.15,36.5486909206964,36.55,-0.002,2.017,32.6,40.5,31.35,41.75,13.043656468736204,13.02,0.025,1.511,10.06,15.98,9.13,16.91,False,NORMAL,NORMAL,0.42
2026-09-05 14:50:00,33.1415917510069,33.14,-0.001,1.433,30.33,35.95,29.45,36.83,1020.0872123055478,1020.09,-0.0,1.424,1017.3,1022.88,1016.42,1023.75,35.81285746344133,35.81,-0.002,2.017,31.86,39.77,30.62,41.01,6.816994562460727,6.79,0.025,1.511,3.83,9.75,2.9,10.68,False,NORMAL,NORMAL,0.487
2026-09-05 14:55:00,32.96920894774773,32.97,-0.001,1.433,30.16,35.78,29.28,36.66,1020.2620934993347,1020.26,-0.0,1.424,1017.47,1023.05,1016.59,1023.93,35.377958542005516,35.38,-0.002,2.017,31.43,39.33,30.18,40.58,13.362249631891379,13.34,0.025,1.511,10.38,16.3,9.44,17.23,False,NORMAL,NORMAL,0.602
2026-09-05 15:00:00,32.34493606564772,32.35,-0.001,1.433,29.54,35.15,28.65,36.04,1020.018682489744,1020.02,-0.0,1.424,1017.23,1022.81,1016.35,1023.69,37.4068368374057,37.41,-0.002,2.017,33.45,41.36,32.21,42.61,3.3998158865378745,3.37,0.025,1.511,0.41,6.34,0.0,7.27,False,NORMAL,NORMAL,0.562
2026-09-05 15:05:00,32.971429829575946,32.97,-0.001,1.433,30.16,35.78,29.28,36.66,1019.7894317572315,1019.79,-0.0,1.424,1017.0,1022.58,1016.12,1023.46,34.951806568872975,34.95,-0.002,2.017,31.0,38.91,29.76,40.15,8.638477535914246,8.61,0.025,1.511,5.65,11.58,4.72,12.51,False,NORMAL,NORMAL,0.637
2026-09-05 15:10:00,32.37567236283856,32.38,-0.001,1.433,29.57,35.19,28.68,36.07,1019.6251128460854,1019.63,-0.0,1.424,1016.83,1022.42,1015.96,1023.29,37.79342834179885,37.79,-0.002,2.017,33.84,41.75,32.6,42.99,9.826615119167402,9.8,0.025,1.511,6.84,12.76,5.91,13.69,False,NORMAL,NORMAL,0.65
2026-09-05 15:15:00,32.11870127524446,32.12,-0.001,1.433,29.31,34.93,28.43,35.81,1019.544931354631,1019.55,-0.0,1.424,1016.75,1022.34,1015.88,1023.21,36.87547106864174,36.88,-0.002,2.018,32.92,40.83,31.68,42.07,8.085019418229143,8.06,0.025,1.511,5.1,11.02,4.17,11.95,False,NORMAL,NORMAL,0.775
2026-09-05 15:20:00,31.9417953273053,31.94,-0.001,1.433,29.13,34.75,28.25,35.63,1019.5534649908179,1019.55,-0.0,1.424,1016.76,1022.34,1015.89,1023.22,37.368917047009546,37.37,-0.002,2.018,33.42,41.32,32.17,42.57,7.312352867843598,7.29,0.025,1.511,4.32,10.25,3.39,11.18,False,NORMAL,NORMAL,0.8
2026-09-05 15:25:00,31.996107579201805,32.0,-0.001,1.433,29.19,34.81,28.3,35.69,1019.3941457698667,1019.39,-0.0,1.424,1016.6,1022.18,1015.73,1023.06,39.031077210454974,39.03,-0.002,2.018,35.08,42.99,33.84,44.23,6.886953100835648,6.86,0.025,1.511,3.9,9.82,2.97,10.76,False,NORMAL,NORMAL,0.705
2026-09-05 15:30:00,31.888111713187634,31.89,-0.001,1.433,29.08,34.7,28.2,35.58,1019.1871596424711,1019.19,-0.0,1.424,1016.4,1021.98,1015.52,1022.86,36.86382244337164,36.87,-0.002,2.018,32.91,40.82,31.67,42.06,10.579877347930324,10.55,0.025,1.511,7.59,13.52,6.66,14.45,False,NORMAL,NORMAL,0.75
2026-09-05 15:35:00,32.034215128777106,32.03,-0.001,1.433,29.23,34.84,28.34,35.73,1019.1454484067144,1019.15,-0.0,1.424,1016.35,1021.94,1015.48,1022.81,36.93311081330107,36.93,-0.002,2.018,32.98,40.89,31.74,42.13,9.86552392602429,9.84,0.025,1.511,6.88,12.8,5.95,13.73,False,NORMAL,NORMAL,0.76
2026-09-05 15:40:00,31.94935660882383,31.95,-0.001,1.433,29.14,34.76,28.26,35.64,1019.0766414803933,1019.08,-0.0,1.424,1016.29,1021.87,1015.41,1022.74,37.17011721172481,37.17,-0.002,2.018,33.22,41.13,31.97,42.37,2.7064993864490003,2.68,0.025,1.511,0.0,5.64,0.0,6.57,False,NORMAL,NORMAL,0.748
2026-09-05 15:45:00,31.801870606049132,31.8,-0.001,1.433,28.99,34.61,28.11,35.49,1018.6407026973184,1018.64,-0.0,1.424,1015.85,1021.43,1014.97,1022.31,38.396964446528614,38.4,-0.002,2.018,34.44,42.35,33.2,43.6,10.267719954927367,10.24,0.025,1.511,7.28,13.21,6.35,14.14,False,NORMAL,NORMAL,0.502
2026-09-05 15:50:00,31.887435726514127,31.89,-0.001,1.433,29.08,34.7,28.2,35.58,1018.9245865452197,1018.92,-0.0,1.424,1016.13,1021.72,1015.26,1022.59,38.776577007251326,38.78,-0.002,2.018,34.82,42.73,33.58,43.98,5.447967239330434,5.42,0.025,1.512,2.46,8.39,1.53,9.32,False,NORMAL,NORMAL,0.628
2026-09-05 15:55:00,32.09744821151154,32.1,-0.001,1.433,29.29,34.91,28.41,35.79,1018.6055351863561,1018.61,-0.0,1.424,1015.82,1021.4,1014.94,1022.27,37.920468064236715,37.92,-0.002,2.018,33.97,41.88,32.72,43.12,4.018584469892377,3.99,0.025,1.512,1.03,6.96,0.1,7.89,False,NORMAL,NORMAL,0.65
2026-09-05 16:00:00,31.906101095805354,31.91,-0.001,1.433,29.1,34.72,28.21,35.6,1018.4770001395191,1018.48,-0.0,1.424,1015.69,1021.27,1014.81,1022.14,38.979774360910696,38.98,-0.002,2.018,35.03,42.94,33.78,44.18,10.572781747487108,10.55,0.025,1.512,7.58,13.51,6.65,14.44,False,NORMAL,NORMAL,0.648
2026-09-05 16:05:00,30.834011598764448,30.83,-0.001,1.433,28.03,33.64,27.14,34.53,1018.2953686256446,1018.3,-0.0,1.424,1015.5,1021.09,1014.63,1021.96,38.20406885297628,38.21,-0.002,2.018,34.25,42.16,33.01,43.4,5.551217686873929,5.53,0.025,1.512,2.56,8.49,1.63,9.42,False,NORMAL,NORMAL,0.725
2026-09-05 16:10:00,30.304737961945875,30.31,-0.001,1.433,27.5,33.12,26.61,34.0,1018.1789072196103,1018.18,-0.0,1.424,1015.39,1020.97,1014.51,1021.85,41.78697955734916,41.79,-0.002,2.018,37.83,45.74,36.59,46.99,9.454446517814121,9.43,0.025,1.512,6.47,12.39,5.54,13.32,False,NORMAL,NORMAL,0.75
2026-09-05 16:15:00,31.59505852934963,31.6,-0.001,1.433,28.79,34.41,27.9,35.29,1018.1453298843188,1018.15,-0.0,1.424,1015.35,1020.94,1014.48,1021.81,36.992374176308445,36.99,-0.002,2.018,33.04,40.95,31.79,42.19,4.0524441471944215,4.03,0.025,1.512,1.06,6.99,0.13,7.92,False,NORMAL,NORMAL,0.6
2026-09-05 16:20:00,30.566337519842232,30.57,-0.001,1.433,27.76,33.38,26.87,34.26,1018.1441669517642,1018.14,-0.0,1.424,1015.35,1020.94,1014.48,1021.81,40.844261927132514,40.85,-0.002,2.018,36.89,44.8,35.65,46.05,0.4581797877209545,0.43,0.025,1.512,0.0,3.4,0.0,4.33,False,NORMAL,NORMAL,0.603
2026-09-05 16:25:00,30.911722835099912,30.91,-0.001,1.433,28.1,33.72,27.22,34.61,1018.446678651122,1018.45,-0.0,1.424,1015.66,1021.24,1014.78,1022.11,39.38047608482083,39.38,-0.002,2.018,35.43,43.34,34.18,44.58,6.0165261424552385,5.99,0.025,1.512,3.03,8.95,2.1,9.89,False,NORMAL,NORMAL,0.649
2026-09-05 16:30:00,30.418954109590995,30.42,-0.001,1.433,27.61,33.23,26.73,34.11,1017.9793507531039,1017.98,-0.0,1.424,1015.19,1020.77,1014.31,1021.65,40.36919976610776,40.37,-0.002,2.018,36.41,44.33,35.17,45.57,2.354626875019518,2.33,0.025,1.512,0.0,5.29,0.0,6.22,False,NORMAL,NORMAL,0.672
2026-09-05 16:35:00,30.048458027149707,30.05,-0.001,1.433,27.24,32.86,26.36,33.74,1017.9908850902159,1017.99,-0.0,1.424,1015.2,1020.78,1014.32,1021.66,43.78699368704729,43.79,-0.002,2.019,39.83,47.74,38.59,48.99,8.549831239092569,8.52,0.025,1.512,5.56,11.49,4.63,12.42,False,NORMAL,NORMAL,0.637
2026-09-05 16:40:00,30.86501840568605,30.87,-0.001,1.433,28.06,33.68,27.17,34.56,1017.9318022350536,1017.93,-0.0,1.424,1015.14,1020.72,1014.26,1021.6,40.12715785039021,40.13,-0.002,2.019,36.17,44.09,34.93,45.33,4.084054429784003,4.06,0.025,1.512,1.1,7.02,0.16,7.95,False,NORMAL,NORMAL,0.718
2026-09-05 16:45:00,30.82826380997214,30.83,-0.001,1.434,28.02,33.64,27.14,34.52,1017.8004822771479,1017.8,-0.0,1.424,1015.01,1020.59,1014.13,1021.47,40.149631386210174,40.15,-0.002,2.019,36.19,44.11,34.95,45.35,5.478103552428584,5.45,0.025,1.512,2.49,8.42,1.56,9.35,False,NORMAL,NORMAL,0.818
2026-09-05 16:50:00,30.167205817427654,30.17,-0.001,1.434,27.36,32.98,26.48,33.86,1017.679947581865,1017.68,-0.0,1.424,1014.89,1020.47,1014.01,1021.35,42.38085763428053,42.38,-0.002,2.019,38.43,46.34,37.18,47.58,2.1491031443283437,2.12,0.025,1.512,0.0,5.09,0.0,6.02,False,NORMAL,NORMAL,0.696
2026-09-05 16:55:00,29.231696940613546,29.23,-0.001,1.434,26.42,32.04,25.54,32.93,1017.4247214332624,1017.42,-0.0,1.424,1014.63,1020.22,1013.76,1021.09,42.2602235307822,42.26,-0.002,2.019,38.3,46.22,37.06,47.46,4.120259437096637,4.1,0.025,1.512,1.13,7.06,0.2,7.99,False,NORMAL,NORMAL,0.784
2026-09-05 17:00:00,29.917072793139372,29.92,-0.001,1.434,27.11,32.73,26.23,33.61,1017.7358729303286,1017.74,-0.0,1.424,1014.95,1020.53,1014.07,1021.4,40.43241399990281,40.43,-0.002,2.019,36.48,44.39,35.23,45.63,8.701416256405954,8.68,0.025,1.512,5.71,11.64,4.78,12.57,False,NORMAL,NORMAL,0.637
2026-09-05 17:05:00,30.156960224938274,30.16,-0.001,1.434,27.35,32.97,26.46,33.85,1017.7053519442424,1017.71,-0.0,1.424,1014.91,1020.5,1014.04,1021.37,40.40475071767348,40.41,-0.002,2.019,36.45,44.36,35.21,45.61,2.846789987861383,2.82,0.025,1.512,0.0,5.79,0.0,6.72,False,NORMAL,NORMAL,0.781
2026-09-05 17:10:00,29.270613166282605,29.27,-0.001,1.434,26.46,32.08,25.58,32.96,1017.0997823273996,1017.1,-0.0,1.424,1014.31,1019.89,1013.43,1020.77,42.62642493544963,42.63,-0.002,2.019,38.67,46.59,37.43,47.83,7.130609725335254,7.11,0.025,1.512,4.14,10.07,3.21,11.0,False,NORMAL,NORMAL,0.597
2026-09-05 17:15:00,29.79479309558999,29.8,-0.001,1.434,26.99,32.61,26.1,33.49,1017.1184013935168,1017.12,-0.0,1.424,1014.33,1019.91,1013.45,1020.79,42.5449252098171,42.55,-0.002,2.019,38.59,46.5,37.35,47.75,10.976734909424945,10.95,0.025,1.512,7.99,13.92,7.06,14.85,False,NORMAL,NORMAL,0.707
2026-09-05 17:20:00,29.57199095497069,29.57,-0.001,1.434,26.76,32.38,25.88,33.27,1017.1518164445887,1017.15,-0.0,1.424,1014.36,1019.94,1013.48,1020.82,41.71675279067089,41.72,-0.002,2.019,37.76,45.68,36.52,46.92,7.378789826142261,7.35,0.025,1.512,4.39,10.32,3.46,11.25,False,NORMAL,NORMAL,0.795
2026-09-05 17:25:00,29.663955163278924,29.66,-0.001,1.434,26.85,32.47,25.97,33.36,1016.9728852873164,1016.97,-0.0,1.424,1014.18,1019.76,1013.31,1020.64,43.01812486395434,43.02,-0.002,2.019,39.06,46.98,37.82,48.22,8.876761591741642,8.85,0.025,1.512,5.89,11.82,4.96,12.75,False,NORMAL,NORMAL,0.802
2026-09-05 17:30:00,29.33171691873543,29.33,-0.001,1.434,26.52,32.14,25.64,33.03,1017.1192681991243,1017.12,-0.0,1.424,1014.33,1019.91,1013.45,1020.79,42.456339122831835,42.46,-0.002,2.019,38.5,46.42,37.26,47.66,2.3231298279093786,2.3,0.025,1.512,0.0,5.26,0.0,6.19,False,NORMAL,NORMAL,0.744
2026-09-05 17:35:00,28.743891717333124,28.74,-0.001,1.434,25.93,31.55,25.05,32.44,1016.8619990538258,1016.86,-0.0,1.424,1014.07,1019.65,1013.19,1020.53,45.27900507944767,45.28,-0.002,2.019,41.32,49.24,40.08,50.48,3.653904797812194,3.63,0.025,1.512,0.66,6.59,0.0,7.52,False,NORMAL,NORMAL,0.79
2026-09-05 17:40:00,29.458637613142937,29.46,-0.001,1.434,26.65,32.27,25.77,33.15,1017.2259493848612,1017.23,-0.0,1.424,1014.44,1020.02,1013.56,1020.89,42.77539430884332,42.78,-0.002,2.019,38.82,46.73,37.58,47.98,10.141478318559026,10.12,0.025,1.512,7.15,13.08,6.22,14.01,False,NORMAL,NORMAL,0.597
2026-09-05 17:45:00,28.761210055819735,28.76,-0.001,1.434,25.95,31.57,25.07,32.46,1017.0118301498271,1017.01,-0.0,1.424,1014.22,1019.8,1013.34,1020.68,45.238926426012846,45.24,-0.002,2.019,41.28,49.2,40.04,50.44,7.532635609034452,7.51,0.025,1.512,4.54,10.47,3.61,11.4,False,NORMAL,NORMAL,0.731
2026-09-05 17:50:00,28.656105095871332,28.66,-0.001,1.434,25.85,31.47,24.96,32.35,1016.7993135918997,1016.8,-0.0,1.424,1014.01,1019.59,1013.13,1020.47,44.1810852151777,44.18,-0.002,2.019,40.22,48.14,38.98,49.38,6.7499138604121525,6.72,0.025,1.512,3.76,9.69,2.83,10.62,False,NORMAL,NORMAL,0.838
2026-09-05 17:55:00,28.133986919506516,28.13,-0.001,1.434,25.32,30.94,24.44,31.83,1016.8577904324268,1016.86,-0.0,1.424,1014.07,1019.65,1013.19,1020.53,45.3645690319051,45.37,-0.002,2.02,41.41,49.32,40.16,50.57,6.933563337540825,6.91,0.025,1.512,3.94,9.87,3.01,10.8,False,NORMAL,NORMAL,0.831
2026-09-05 18:00:00,28.168181546927485,28.17,-0.001,1.434,25.36,30.98,24.48,31.86,1016.8080862520346,1016.81,-0.0,1.424,1014.02,1019.6,1013.14,1020.48,45.186334963079084,45.19,-0.002,2.02,41.23,49.15,39.99,50.39,4.826481178695794,4.8,0.025,1.512,1.84,7.77,0.91,8.7,False,NORMAL,NORMAL,0.844
2026-09-05 18:05:00,27.82777879053849,27.83,-0.001,1.434,25.02,30.64,24.14,31.52,1016.4982154213077,1016.5,-0.0,1.424,1013.71,1019.29,1012.83,1020.17,45.89436795035118,45.9,-0.002,2.02,41.94,49.85,40.69,51.1,1.4001325826655544,1.37,0.025,1.512,0.0,4.34,0.0,5.27,False,NORMAL,NORMAL,0.794
2026-09-05 18:10:00,27.94680480670958,27.95,-0.001,1.434,25.14,30.76,24.25,31.64,1016.4031286013379,1016.4,-0.0,1.424,1013.61,1019.19,1012.74,1020.07,46.80512985249457,46.81,-0.002,2.02,42.85,50.77,41.6,52.01,8.07156215632877,8.05,0.025,1.512,5.08,11.01,4.15,11.94,False,NORMAL,NORMAL,0.817
2026-09-05 18:15:00,28.533101619526736,28.53,-0.001,1.434,25.72,31.34,24.84,32.23,1016.4821788649333,1016.48,-0.0,1.424,1013.69,1019.27,1012.81,1020.15,44.68892937024332,44.69,-0.002,2.02,40.73,48.65,39.49,49.89,6.897416704360452,6.87,0.025,1.512,3.91,9.84,2.98,10.77,False,NORMAL,NORMAL,0.814
2026-09-05 18:20:00,27.13031896610999,27.13,-0.001,1.434,24.32,29.94,23.44,30.82,1016.5467325744645,1016.55,-0.0,1.424,1013.76,1019.34,1012.88,1020.21,47.502297430902004,47.5,-0.002,2.02,43.54,51.46,42.3,52.71,5.144546559354879,5.12,0.025,1.512,2.16,8.08,1.22,9.02,False,NORMAL,NORMAL,0.772
2026-09-05 18:25:00,26.862617620728233,26.86,-0.001,1.434,24.05,29.67,23.17,30.56,1016.3874961504581,1016.39,-0.0,1.424,1013.6,1019.18,1012.72,1020.06,49.22568679934701,49.23,-0.002,2.02,45.27,53.19,44.02,54.43,9.685300966926402,9.66,0.025,1.512,6.7,12.62,5.76,13.56,False,NORMAL,NORMAL,0.784
2026-09-05 18:30:00,27.923850759354522,27.92,-0.001,1.434,25.11,30.73,24.23,31.62,1016.0813401111793,1016.08,-0.0,1.424,1013.29,1018.87,1012.41,1019.75,44.293761336675914,44.3,-0.002,2.02,40.34,48.25,39.09,49.5,4.059381165551088,4.03,0.025,1.512,1.07,7.0,0.14,7.93,False,NORMAL,NORMAL,0.694
2026-09-05 18:35:00,27.077448162261213,27.08,-0.001,1.434,24.27,29.89,23.38,30.77,1016.1507990997807,1016.15,-0.0,1.424,1013.36,1018.94,1012.48,1019.82,50.10495426093415,50.11,-0.002,2.02,46.15,54.07,44.9,55.31,3.7180899855357765,3.69,0.025,1.512,0.73,6.66,0.0,7.59,False,NORMAL,NORMAL,0.707
2026-09-05 18:40:00,26.717875660044584,26.72,-0.001,1.434,23.91,29.53,23.03,30.41,1016.2155146454259,1016.22,-0.0,1.424,1013.42,1019.01,1012.55,1019.88,48.396421222273254,48.4,-0.002,2.02,44.44,52.36,43.19,53.6,8.978226446539738,8.95,0.025,1.513,5.99,11.92,5.06,12.85,False,NORMAL,NORMAL,0.807
2026-09-05 18:45:00,27.22440409203322,27.23,-0.001,1.434,24.41,30.04,23.53,30.92,1016.1726729610442,1016.17,-0.0,1.424,1013.38,1018.96,1012.5,1019.84,49.29894219154912,49.3,-0.002,2.02,45.34,53.26,44.1,54.5,7.83797928998323,7.81,0.025,1.513,4.85,10.78,3.92,11.71,False,NORMAL,NORMAL,0.852
2026-09-05 18:50:00,26.38782264668692,26.39,-0.001,1.434,23.58,29.2,22.69,30.08,1016.4393064831147,1016.44,-0.0,1.424,1013.65,1019.23,1012.77,1020.11,49.68070845396126,49.68,-0.002,2.02,45.72,53.64,44.48,54.89,5.241177591012233,5.22,0.025,1.513,2.25,8.18,1.32,9.11,False,NORMAL,NORMAL,0.817
2026-09-05 18:55:00,27.18086800809708,27.18,-0.001,1.434,24.37,29.99,23.49,30.88,1015.8968811446858,1015.9,-0.0,1.424,1013.11,1018.69,1012.23,1019.57,46.93436122210627,46.94,-0.002,2.02,42.98,50.9,41.73,52.14,2.2891307921730673,2.26,0.025,1.513,0.0,5.23,0.0,6.16,False,NORMAL,NORMAL,0.657
2026-09-05 19:00:00,26.54087832484535,26.54,-0.001,1.434,23.73,29.35,22.85,30.24,1016.1438814853719,1016.14,-0.0,1.424,1013.35,1018.93,1012.48,1019.81,49.16212440970788,49.16,-0.002,2.02,45.2,53.12,43.96,54.37,2.986753919058055,2.96,0.025,1.513,0.0,5.93,0.0,6.86,False,NORMAL,NORMAL,0.755
2026-09-05 19:05:00,25.89271634960629,25.89,-0.001,1.434,23.08,28.7,22.2,29.59,1016.2565373175912,1016.26,-0.0,1.424,1013.47,1019.05,1012.59,1019.92,51.779294962021666,51.78,-0.002,2.02,47.82,55.74,46.58,56.99,6.223669174902721,6.2,0.025,1.513,3.23,9.16,2.3,10.1,False,NORMAL,NORMAL,0.842
2026-09-05 19:10:00,26.767987179388843,26.77,-0.001,1.434,23.96,29.58,23.07,30.46,1016.3408286979197,1016.34,-0.0,1.424,1013.55,1019.13,1012.67,1020.01,48.37072737989933,48.37,-0.002,2.02,44.41,52.33,43.17,53.58,4.16706469523466,4.14,0.025,1.513,1.18,7.11,0.25,8.04,False,NORMAL,NORMAL,0.802
2026-09-05 19:15:00,25.479052346536072,25.48,-0.001,1.434,22.67,28.29,21.79,29.17,1015.9081526193316,1015.91,-0.0,1.424,1013.12,1018.7,1012.24,1019.58,52.79265370210874,52.79,-0.002,2.021,48.83,56.75,47.59,58.0,7.978635967005193,7.95,0.025,1.513,4.99,10.92,4.06,11.85,False,NORMAL,NORMAL,0.598
2026-09-05 19:20:00,25.83362411791833,25.83,-0.001,1.434,23.02,28.64,22.14,29.53,1016.0129306802165,1016.01,-0.0,1.424,1013.22,1018.8,1012.34,1019.68,51.53344819770172,51.53,-0.002,2.021,47.57,55.5,46.33,56.74,10.179190318509725,10.15,0.025,1.513,7.19,13.12,6.26,14.05,False,NORMAL,NORMAL,0.754
2026-09-05 19:25:00,25.47120603446612,25.47,-0.001,1.434,22.66,28.28,21.78,29.17,1015.9967268526043,1016.0,-0.0,1.424,1013.21,1018.79,1012.33,1019.67,50.30656307867555,50.31,-0.002,2.021,46.35,54.27,45.1,55.51,7.467530074662759,7.44,0.025,1.513,4.48,10.41,3.55,11.34,False,NORMAL,NORMAL,0.851
2026-09-05 19:30:00,25.686226397079572,25.69,-0.001,1.434,22.88,28.5,21.99,29.38,1015.9142102493628,1015.91,-0.0,1.424,1013.12,1018.71,1012.25,1019.58,51.22111989626687,51.22,-0.002,2.021,47.26,55.18,46.02,56.43,3.9846781224791137,3.96,0.025,1.513,0.99,6.92,0.06,7.86,False,NORMAL,NORMAL,0.864
2026-09-05 19:35:00,25.60359582977047,25.6,-0.001,1.434,22.79,28.41,21.91,29.3,1015.8451979978942,1015.85,-0.0,1.424,1013.05,1018.64,1012.18,1019.51,51.181604523637255,51.18,-0.002,2.021,47.22,55.14,45.98,56.39,7.155791663155888,7.13,0.025,1.513,4.17,10.1,3.23,11.03,False,NORMAL,NORMAL,0.868
2026-09-05 19:40:00,24.80475805586579,24.81,-0.001,1.434,21.99,27.62,21.11,28.5,1015.901999345173,1015.9,-0.0,1.424,1013.11,1018.69,1012.23,1019.57,54.34169209931428,54.34,-0.002,2.021,50.38,58.3,49.14,59.55,3.7453367900245293,3.72,0.025,1.513,0.75,6.69,0.0,7.62,False,NORMAL,NORMAL,0.844
2026-09-05 19:45:00,24.303141053788295,24.3,-0.001,1.434,21.49,27.11,20.61,28.0,1015.4347127906258,1015.43,-0.0,1.424,1012.64,1018.23,1011.77,1019.1,54.98310031220423,54.98,-0.002,2.021,51.02,58.95,49.78,60.19,2.413326278645477,2.39,0.025,1.513,0.0,5.35,0.0,6.29,False,NORMAL,NORMAL,0.782
2026-09-05 19:50:00,24.600718971550176,24.6,-0.001,1.434,21.79,27.41,20.91,28.3,1015.8960993473269,1015.9,-0.0,1.424,1013.11,1018.69,1012.23,1019.56,55.4703964289061,55.47,-0.002,2.021,51.51,59.43,50.27,60.68,1.0312903656601133,1.01,0.025,1.513,0.0,3.97,0.0,4.9,False,NORMAL,NORMAL,0.684
2026-09-05 19:55:00,23.957619453580126,23.96,-0.001,1.434,21.15,26.77,20.26,27.65,1015.7931688851575,1015.79,-0.0,1.424,1013.0,1018.58,1012.13,1019.46,57.55040336131108,57.55,-0.002,2.021,53.59,61.51,52.35,62.76,3.872876776159993,3.85,0.025,1.513,0.88,6.81,0.0,7.75,False,NORMAL,NORMAL,0.826
2026-09-05 20:00:00,24.84587311232341,24.85,-0.001,1.434,22.04,27.66,21.15,28.54,1015.7224573067135,1015.72,-0.0,1.424,1012.93,1018.51,1012.05,1019.39,54.99304840232278,54.99,-0.002,2.021,51.03,58.96,49.79,60.2,8.411273204481258,8.39,0.025,1.513,5.42,11.35,4.49,12.28,False,NORMAL,NORMAL,0.788
2026-09-05 20:05:00,23.90686567500359,23.91,-0.001,1.434,21.1,26.72,20.21,27.6,1016.0454939549907,1016.05,-0.0,1.424,1013.25,1018.84,1012.38,1019.71,59.49847566226859,59.5,-0.002,2.021,55.54,63.46,54.29,64.71,2.8742659893395013,2.85,0.025,1.513,0.0,5.81,0.0,6.75,False,NORMAL,NORMAL,0.711
2026-09-05 20:10:00,23.51786056451038,23.52,-0.001,1.434,20.71,26.33,19.82,27.21,1015.6208248555772,1015.62,-0.0,1.424,1012.83,1018.41,1011.95,1019.29,59.80708969926841,59.81,-0.002,2.021,55.85,63.77,54.6,65.02,2.6452560341189573,2.62,0.025,1.513,0.0,5.59,0.0,6.52,False,NORMAL,NORMAL,0.755
2026-09-05 20:15:00,23.549686822360833,23.55,-0.001,1.434,20.74,26.36,19.86,27.24,1015.6460806416413,1015.65,-0.0,1.424,1012.86,1018.44,1011.98,1019.31,58.84651302462923,58.85,-0.002,2.021,54.89,62.81,53.64,64.05,10.290442449101231,10.27,0.025,1.513,7.3,13.23,6.37,14.16,False,NORMAL,NORMAL,0.78
2026-09-05 20:20:00,22.748961054997437,22.75,-0.001,1.434,19.94,25.56,19.06,26.44,1015.990539531254,1015.99,-0.0,1.424,1013.2,1018.78,1012.32,1019.66,59.50394353571703,59.51,-0.002,2.021,55.54,63.47,54.3,64.71,0.8752092867537278,0.85,0.025,1.513,0.0,3.82,0.0,4.75,False,NORMAL,NORMAL,0.71
2026-09-05 20:25:00,22.71141754980876,22.71,-0.001,1.434,19.9,25.52,19.02,26.41,1015.5529582544926,1015.55,-0.0,1.424,1012.76,1018.34,1011.88,1019.22,60.043600848624024,60.05,-0.002,2.021,56.08,64.01,54.84,65.25,6.827008439762978,6.8,0.025,1.513,3.84,9.77,2.9,10.7,False,NORMAL,NORMAL,0.737
2026-09-05 20:30:00,23.392818259251722,23.39,-0.001,1.434,20.58,26.2,19.7,27.09,1015.581815009849,1015.58,-0.0,1.424,1012.79,1018.37,1011.91,1019.25,58.42306771325126,58.42,-0.002,2.021,54.46,62.39,53.22,63.63,3.4245137465353395,3.4,0.025,1.513,0.43,6.37,0.0,7.3,False,NORMAL,NORMAL,0.829
2026-09-05 20:35:00,22.462905470338924,22.46,-0.001,1.434,19.65,25.27,18.77,26.16,1015.6293534929432,1015.63,-0.0,1.424,1012.84,1018.42,1011.96,1019.3,61.16224582265879,61.16,-0.002,2.022,57.2,65.13,55.96,66.37,1.0750875275049834,1.05,0.025,1.513,0.0,4.02,0.0,4.95,False,NORMAL,NORMAL,0.804
2026-09-05 20:40:00,22.1204130146514,22.12,-0.001,1.434,19.31,24.93,18.43,25.82,1015.7650077263763,1015.77,-0.0,1.424,1012.97,1018.56,1012.1,1019.43,64.12116671884895,64.12,-0.002,2.022,60.16,68.08,58.92,69.33,8.693881994009487,8.67,0.025,1.513,5.7,11.63,4.77,12.57,False,NORMAL,NORMAL,0.758
2026-09-05 20:45:00,22.56793898668092,22.57,-0.001,1.434,19.76,25.38,18.87,26.26,1015.6578775737464,1015.66,-0.0,1.424,1012.87,1018.45,1011.99,1019.33,61.051983612639376,61.05,-0.002,2.022,57.09,65.02,55.85,66.26,2.133029348829463,2.11,0.025,1.513,0.0,5.07,0.0,6.01,False,NORMAL,NORMAL,0.782
2026-09-05 20:50:00,22.6423284780628,22.64,-0.001,1.434,19.83,25.45,18.95,26.34,1015.4208458349368,1015.42,-0.0,1.424,1012.63,1018.21,1011.75,1019.09,61.82343688494343,61.82,-0.002,2.022,57.86,65.79,56.62,67.03,4.926936401399259,4.9,0.025,1.513,1.94,7.87,1.0,8.8,False,NORMAL,NORMAL,0.851
2026-09-05 20:55:00,22.27114737335328,22.27,-0.001,1.434,19.46,25.08,18.58,25.97,1015.5230724221616,1015.52,-0.0,1.424,1012.73,1018.31,1011.85,1019.19,62.04986622212239,62.05,-0.002,2.022,58.09,66.01,56.84,67.26,3.112630393731862,3.09,0.025,1.513,0.12,6.05,0.0,6.99,False,NORMAL,NORMAL,0.856
2026-09-05 21:00:00,22.198336119078363,22.2,-0.001,1.434,19.39,25.01,18.5,25.89,1015.4999806992117,1015.5,-0.0,1.424,1012.71,1018.29,1011.83,1019.17,62.1459879552985,62.15,-0.002,2.022,58.18,66.11,56.94,67.36,1.4280416797773396,1.4,0.025,1.513,0.0,4.37,0.0,5.3,False,NORMAL,NORMAL,0.851
2026-09-05 21:05:00,21.314462800305648,21.32,-0.001,1.434,18.5,24.13,17.62,25.01,1015.567617223063,1015.57,-0.0,1.424,1012.78,1018.36,1011.9,1019.24,68.18740502157974,68.19,-0.002,2.022,64.23,72.15,62.98,73.4,1.2446501662105078,1.22,0.025,1.513,0.0,4.19,0.0,5.12,False,NORMAL,NORMAL,0.738
2026-09-05 21:10:00,20.86671372164522,20.87,-0.001,1.434,18.06,23.68,17.17,24.56,1015.6310260746037,1015.63,-0.0,1.424,1012.84,1018.42,1011.96,1019.3,67.82459273317178,67.83,-0.002,2.022,63.86,71.79,62.62,73.03,1.9273311395764823,1.9,0.025,1.513,0.0,4.87,0.0,5.8,False,NORMAL,NORMAL,0.861
2026-09-05 21:15:00,21.855302025383068,21.86,-0.001,1.434,19.04,24.67,18.16,25.55,1015.6175646293669,1015.62,-0.0,1.424,1012.83,1018.41,1011.95,1019.29,63.22397866018475,63.23,-0.002,2.022,59.26,67.19,58.02,68.43,1.4965830644833409,1.47,0.025,1.513,0.0,4.44,0.0,5.37,False,NORMAL,NORMAL,0.772
2026-09-05 21:20:00,20.94618014883423,20.95,-0.001,1.434,18.14,23.76,17.25,24.64,1015.2757541820962,1015.28,-0.0,1.424,1012.48,1018.07,1011.61,1018.94,66.15647579882162,66.16,-0.002,2.022,62.19,70.12,60.95,71.37,6.575765924164335,6.55,0.025,1.513,3.58,9.52,2.65,10.45,False,NORMAL,NORMAL,0.753
2026-09-05 21:25:00,20.796634281177376,20.8,-0.001,1.434,17.99,23.61,17.1,24.49,1015.6886106258958,1015.69,-0.0,1.424,1012.9,1018.48,1012.02,1019.36,67.47720448884415,67.48,-0.002,2.022,63.52,71.44,62.27,72.69,4.484063363995437,4.46,0.025,1.514,1.49,7.43,0.56,8.36,False,NORMAL,NORMAL,0.785
2026-09-05 21:30:00,21.251270754539412,21.25,-0.001,1.434,18.44,24.06,17.56,24.95,1015.5532138617576,1015.55,-0.0,1.424,1012.76,1018.34,1011.89,1019.22,64.57808377167298,64.58,-0.002,2.022,60.62,68.54,59.37,69.79,3.5640128564902698,3.54,0.025,1.514,0.57,6.51,0.0,7.44,False,NORMAL,NORMAL,0.829
2026-09-05 21:35:00,20.766898587189985,20.77,-0.001,1.434,17.96,23.58,17.07,24.46,1015.708668037749,1015.71,-0.0,1.424,1012.92,1018.5,1012.04,1019.38,66.48718160922434,66.49,-0.002,2.022,62.53,70.45,61.28,71.7,4.04883275496274,4.02,0.025,1.514,1.06,6.99,0.12,7.92,False,NORMAL,NORMAL,0.85
2026-09-05 21:40:00,20.552640031611418,20.55,-0.001,1.434,17.74,23.36,16.86,24.25,1015.5525345553634,1015.55,-0.0,1.424,1012.76,1018.34,1011.88,1019.22,69.3889260018545,69.39,-0.002,2.022,65.43,73.35,64.18,74.6,8.943760158345196,8.92,0.025,1.514,5.95,11.89,5.02,12.82,False,NORMAL,NORMAL,0.812
2026-09-05 21:45:00,21.06370530474784,21.06,-0.001,1.434,18.25,23.88,17.37,24.76,1015.6351842559628,1015.64,-0.0,1.424,1012.84,1018.43,1011.97,1019.3,66.16068293122495,66.16,-0.002,2.022,62.2,70.13,60.95,71.37,8.54950926205339,8.52,0.025,1.514,5.56,11.49,4.63,12.42,False,NORMAL,NORMAL,0.824
2026-09-05 21:50:00,19.769333111020813,19.77,-0.001,1.434,16.96,22.58,16.08,23.47,1015.5231220846892,1015.52,-0.0,1.424,1012.73,1018.31,1011.85,1019.19,69.44721466732518,69.45,-0.002,2.022,65.48,73.41,64.24,74.66,6.167956442265162,6.14,0.025,1.514,3.18,9.11,2.24,10.04,False,NORMAL,NORMAL,0.774
2026-09-05 21:55:00,20.22860377199207,20.23,-0.001,1.434,17.42,23.04,16.53,23.92,1015.6372128015271,1015.64,-0.0,1.424,1012.85,1018.43,1011.97,1019.31,71.63774929798255,71.64,-0.002,2.022,67.68,75.6,66.43,76.85,8.08343781594758,8.06,0.025,1.514,5.09,11.03,4.16,11.96,False,NORMAL,NORMAL,0.81
2026-09-05 22:00:00,19.7127654241497,19.71,-0.001,1.434,16.9,22.52,16.02,23.41,1015.4946519020433,1015.49,-0.0,1.424,1012.7,1018.29,1011.83,1019.16,73.45777931260805,73.46,-0.002,2.023,69.5,77.42,68.25,78.67,3.4133028724558967,3.39,0.025,1.514,0.42,6.35,0.0,7.29,False,NORMAL,NORMAL,0.834
2026-09-05 22:05:00,19.631727660584186,19.63,-0.001,1.434,16.82,22.44,15.94,23.33,1015.381473659835,1015.38,-0.0,1.424,1012.59,1018.17,1011.71,1019.05,69.84189375010223,69.84,-0.002,2.023,65.88,73.81,64.63,75.05,3.8098235957557502,3.78,0.025,1.514,0.82,6.75,0.0,7.68,False,NORMAL,NORMAL,0.861
2026-09-05 22:10:00,19.971918897894245,19.97,-0.001,1.434,17.16,22.78,16.28,23.67,1015.7156007953478,1015.72,-0.0,1.424,1012.92,1018.51,1012.05,1019.38,69.84924829510437,69.85,-0.002,2.023,65.89,73.82,64.64,75.06,5.364044133982381,5.34,0.025,1.514,2.37,8.31,1.44,9.24,False,NORMAL,NORMAL,0.841
2026-09-05 22:15:00,19.401887956012647,19.4,-0.001,1.434,16.59,22.21,15.71,23.1,1015.4853128627548,1015.49,-0.0,1.424,1012.69,1018.28,1011.82,1019.15,73.03212837032846,73.03,-0.002,2.023,69.07,77.0,67.82,78.24,5.436860051968859,5.41,0.025,1.514,2.44,8.38,1.51,9.31,False,NORMAL,NORMAL,0.816
2026-09-05 22:20:00,19.254345732408762,19.26,-0.001,1.434,16.44,22.07,15.56,22.95,1015.4138092929982,1015.41,-0.0,1.424,1012.62,1018.21,1011.75,1019.08,75.89179151204041,75.89,-0.002,2.023,71.93,79.86,70.68,81.1,4.458735518374439,4.43,0.025,1.514,1.47,7.4,0.53,8.33,False,NORMAL,NORMAL,0.854
2026-09-05 22:25:00,19.310424573055737,19.31,-0.001,1.434,16.5,22.12,15.62,23.01,1015.1105851410058,1015.11,-0.0,1.424,1012.32,1017.9,1011.44,1018.78,72.02350893693594,72.03,-0.002,2.023,68.06,75.99,66.81,77.24,3.9351823134078767,3.91,0.025,1.514,0.94,6.88,0.01,7.81,False,NORMAL,NORMAL,0.835
2026-09-05 22:30:00,18.58002370565909,18.58,-0.001,1.434,15.77,21.39,14.89,22.28,1015.0814876787591,1015.08,-0.0,1.424,1012.29,1017.87,1011.41,1018.75,78.52538481140027,78.53,-0.002,2.023,74.56,82.49,73.32,83.74,11.380696178570007,11.36,0.025,1.514,8.39,14.32,7.46,15.26,False,NORMAL,NORMAL,0.661
2026-09-05 22:35:00,18.237159974702028,18.24,-0.001,1.434,15.43,21.05,14.54,21.93,1015.2896939506164,1015.29,-0.0,1.424,1012.5,1018.08,1011.62,1018.96,80.14036400186151,80.14,-0.002,2.023,76.18,84.11,74.93,85.35,7.215405456636236,7.19,0.025,1.514,4.22,10.16,3.29,11.09,False,NORMAL,NORMAL,0.803
2026-09-05 22:40:00,18.00408105503777,18.0,-0.001,1.435,15.19,20.82,14.31,21.7,1015.2369504243799,1015.24,-0.0,1.424,1012.45,1018.03,1011.57,1018.91,77.60866162448085,77.61,-0.002,2.023,73.65,81.58,72.4,82.82,4.155665847856282,4.13,0.025,1.514,1.16,7.1,0.23,8.03,False,NORMAL,NORMAL,0.846
2026-09-05 22:45:00,17.48700966487157,17.49,-0.001,1.435,14.68,20.3,13.79,21.18,1015.0905585132022,1015.09,-0.0,1.424,1012.3,1017.88,1011.42,1018.76,81.89634812822395,81.9,-0.002,2.023,77.93,85.86,76.69,87.11,6.269409936329804,6.24,0.025,1.514,3.28,9.21,2.34,10.14,False,NORMAL,NORMAL,0.839
2026-09-05 22:50:00,18.950033065165908,18.95,-0.001,1.435,16.14,21.76,15.26,22.65,1015.1695375521359,1015.17,-0.0,1.424,1012.38,1017.96,1011.5,1018.84,72.88867946463412,72.89,-0.002,2.023,68.92,76.86,67.68,78.1,3.0825059238766825,3.06,0.025,1.514,0.09,6.02,0.0,6.96,False,NORMAL,NORMAL,0.586
2026-09-05 22:55:00,17.542777599159567,17.54,-0.001,1.435,14.73,20.36,13.85,21.24,1015.35049904138,1015.35,-0.0,1.424,1012.56,1018.14,1011.68,1019.02,81.72900620858059,81.73,-0.002,2.023,77.77,85.7,76.52,86.94,1.7868540447023935,1.76,0.025,1.514,0.0,4.73,0.0,5.66,False,NORMAL,NORMAL,0.607
2026-09-05 23:00:00,17.754644301073316,17.76,-0.001,1.435,14.94,20.57,14.06,21.45,1015.1783784064856,1015.18,-0.0,1.424,1012.39,1017.97,1011.51,1018.85,78.81452122671934,78.82,-0.002,2.023,74.85,82.78,73.6,84.03,3.6255387871150995,3.6,0.025,1.514,0.63,6.57,0.0,7.5,False,NORMAL,NORMAL,0.801
2026-09-05 23:05:00,17.59413931065461,17.59,-0.001,1.435,14.78,20.41,13.9,21.29,1014.8627782105478,1014.86,-0.0,1.424,1012.07,1017.65,1011.19,1018.53,81.83283078273324,81.83,-0.002,2.023,77.87,85.8,76.62,87.05,3.950028648285441,3.92,0.025,1.514,0.96,6.89,0.02,7.83,False,NORMAL,NORMAL,0.838
2026-09-05 23:10:00,17.692238987970516,17.69,-0.001,1.435,14.88,20.5,14.0,21.39,1014.9750170400287,1014.98,-0.0,1.424,1012.18,1017.77,1011.31,1018.64,82.75649002309,82.76,-0.002,2.023,78.79,86.72,77.55,87.97,0.7102327259837004,0.69,0.025,1.514,0.0,3.65,0.0,4.59,False,NORMAL,NORMAL,0.787
2026-09-05 23:15:00,17.76273308649962,17.76,-0.001,1.435,14.95,20.58,14.07,21.46,1014.8267225588147,1014.83,-0.0,1.424,1012.04,1017.62,1011.16,1018.5,78.29038367007342,78.29,-0.002,2.023,74.33,82.26,73.08,83.5,7.142117476088036,7.12,0.025,1.514,4.15,10.08,3.22,11.02,False,NORMAL,NORMAL,0.792
2026-09-05 23:20:00,17.650595786256034,17.65,-0.001,1.435,14.84,20.46,13.96,21.35,1014.8429088058658,1014.84,-0.0,1.424,1012.05,1017.63,1011.17,1018.51,76.9455302386524,76.95,-0.002,2.024,72.98,80.91,71.73,82.16,3.6690713427739055,3.64,0.025,1.514,0.68,6.61,0.0,7.54,False,NORMAL,NORMAL,0.859
2026-09-05 23:25:00,16.946004623804853,16.95,-0.001,1.435,14.13,19.76,13.25,20.64,1014.7904556249641,1014.79,-0.0,1.424,1012.0,1017.58,1011.12,1018.46,83.71454033013744,83.72,-0.002,2.024,79.75,87.68,78.5,88.93,5.1256243589153865,5.1,0.025,1.514,2.13,8.07,1.2,9.0,False,NORMAL,NORMAL,0.787
2026-09-05 23:30:00,16.988130476974742,16.99,-0.001,1.435,14.18,19.8,13.29,20.68,1014.7300931480175,1014.73,-0.0,1.424,1011.94,1017.52,1011.06,1018.4,83.45782447978978,83.46,-0.002,2.024,79.49,87.43,78.25,88.67,1.5246143903998173,1.5,0.025,1.514,0.0,4.47,0.0,5.4,False,NORMAL,NORMAL,0.828
2026-09-05 23:35:00,17.04672098576056,17.05,-0.001,1.435,14.24,19.86,13.35,20.74,1014.5604935767421,1014.56,-0.0,1.424,1011.77,1017.35,1010.89,1018.23,83.08169238294316,83.08,-0.002,2.024,79.12,87.05,77.87,88.3,2.4122880163164133,2.39,0.025,1.514,0.0,5.36,0.0,6.29,False,NORMAL,NORMAL,0.847
2026-09-05 23:40:00,16.71593916727414,16.72,-0.001,1.435,13.9,19.53,13.02,20.41,1014.6743997218016,1014.67,-0.0,1.424,1011.88,1017.47,1011.01,1018.34,83.76859906688027,83.77,-0.002,2.024,79.8,87.74,78.56,88.98,8.166147049073384,8.14,0.025,1.514,5.17,11.11,4.24,12.04,False,NORMAL,NORMAL,0.792
2026-09-05 23:45:00,17.343146259387474,17.34,-0.001,1.435,14.53,20.16,13.65,21.04,1014.5519834676394,1014.55,-0.0,1.424,1011.76,1017.34,1010.88,1018.22,80.94877203571193,80.95,-0.002,2.024,76.98,84.92,75.74,86.16,5.327478626997762,5.3,0.025,1.514,2.33,8.27,1.4,9.2,False,NORMAL,NORMAL,0.828
2026-09-05 23:50:00,16.784503767462,16.79,-0.001,1.435,13.97,19.6,13.09,20.48,1014.1369134321399,1014.14,-0.0,1.424,1011.35,1016.93,1010.47,1017.81,86.98832074225643,86.99,-0.002,2.024,83.02,90.96,81.78,92.2,9.528548768098988,9.5,0.025,1.514,6.54,12.47,5.6,13.4,False,NORMAL,NORMAL,0.628
2026-09-05 23:55:00,16.773130048450287,16.77,-0.001,1.435,13.96,19.59,13.08,20.47,1014.8222531920256,1014.82,-0.0,1.424,1012.03,1017.61,1011.15,1018.49,84.66536833097047,84.67,-0.002,2.024,80.7,88.63,79.45,89.88,14.220068109656646,14.19,0.025,1.514,11.23,17.16,10.29,18.1,False,NORMAL,NORMAL,0.547
2026-09-06 00:00:00,16.63860049454413,16.64,-0.001,1.435,13.83,19.45,12.94,20.34,1014.6133154481325,1014.61,-0.0,1.424,1011.82,1017.4,1010.94,1018.28,83.92382378603845,83.93,-0.002,2.024,79.96,87.89,78.71,89.14,3.7504692811377818,3.73,0.025,1.514,0.76,6.69,0.0,7.63,False,NORMAL,NORMAL,0.703
2026-09-06 00:05:00,16.740353458090855,16.74,-0.001,1.435,13.93,19.55,13.05,20.44,1014.3269632347074,1014.33,-0.0,1.424,1011.54,1017.12,1010.66,1018.0,83.33945923668132,83.34,-0.002,2.024,79.37,87.31,78.13,88.56,3.276848561558889,3.25,0.025,1.514,0.28,6.22,0.0,7.15,False,NORMAL,NORMAL,0.848
2026-09-06 00:10:00,16.244176743277805,16.24,-0.001,1.435,13.43,19.06,12.55,19.94,1014.3173593972409,1014.32,-0.0,1.424,1011.53,1017.11,1010.65,1017.99,85.89495151649348,85.9,-0.002,2.024,81.93,89.86,80.68,91.11,7.68906845649551,7.66,0.025,1.514,4.7,10.63,3.76,11.57,False,NORMAL,NORMAL,0.816
2026-09-06 00:15:00,15.55716763684014,15.56,-0.001,1.435,12.75,18.37,11.86,19.25,1014.0676449020331,1014.07,-0.0,1.424,1011.28,1016.86,1010.4,1017.74,90.39308017040794,90.39,-0.002,2.024,86.43,94.36,85.18,95.61,14.107772000630105,14.08,0.025,1.515,11.11,17.05,10.18,17.98,False,NORMAL,NORMAL,0.636
2026-09-06 00:20:00,16.143274193799687,16.14,-0.001,1.435,13.33,18.96,12.45,19.84,1014.4243491148716,1014.42,-0.0,1.424,1011.63,1017.22,1010.76,1018.09,86.01388784055038,86.02,-0.002,2.024,82.05,89.98,80.8,91.23,5.481497418985606,5.46,0.025,1.515,2.49,8.42,1.55,9.36,False,NORMAL,NORMAL,0.65
2026-09-06 00:25:00,15.633757739411122,15.63,-0.001,1.435,12.82,18.45,11.94,19.33,1014.3789398387657,1014.38,-0.0,1.424,1011.59,1017.17,1010.71,1018.05,89.33287877475681,89.33,-0.002,2.024,85.37,93.3,84.12,94.55,6.925266608713256,6.9,0.025,1.515,3.93,9.87,3.0,10.8,False,NORMAL,NORMAL,0.807
2026-09-06 00:30:00,15.597193140169026,15.6,-0.001,1.435,12.79,18.41,11.9,19.29,1014.0399860569225,1014.04,-0.0,1.424,1011.25,1016.83,1010.37,1017.71,88.08262940285798,88.08,-0.002,2.024,84.12,92.05,82.87,93.3,6.785527030065155,6.76,0.025,1.515,3.79,9.73,2.86,10.66,False,NORMAL,NORMAL,0.831
2026-09-06 00:35:00,15.960995856896265,15.96,-0.001,1.435,13.15,18.77,12.27,19.66,1014.0899523036152,1014.09,-0.0,1.424,1011.3,1016.88,1010.42,1017.76,88.90411064143427,88.91,-0.002,2.024,84.94,92.87,83.69,94.12,3.644271032087242,3.62,0.025,1.515,0.65,6.59,0.0,7.52,False,NORMAL,NORMAL,0.838
2026-09-06 00:40:00,16.14307665111027,16.14,-0.001,1.435,13.33,18.96,12.45,19.84,1013.8804915133991,1013.88,-0.0,1.424,1011.09,1016.67,1010.21,1017.55,89.22514751883416,89.23,-0.002,2.025,85.26,93.19,84.01,94.44,5.082520299723825,5.06,0.025,1.515,2.09,8.03,1.16,8.96,False,NORMAL,NORMAL,0.854
2026-09-06 00:45:00,15.58111789182885,15.58,-0.001,1.435,12.77,18.39,11.89,19.28,1013.5693345312532,1013.57,-0.0,1.424,1010.78,1016.36,1009.9,1017.24,91.01167654418487,91.01,-0.002,2.025,87.05,94.98,85.8,96.23,7.358709148582458,7.33,0.025,1.515,4.36,10.3,3.43,11.24,False,NORMAL,NORMAL,0.803
2026-09-06 00:50:00,15.624549197916789,15.63,-0.001,1.435,12.81,18.44,11.93,19.32,1013.6216218194432,1013.62,-0.0,1.424,1010.83,1016.41,1009.95,1017.29,87.54637166811875,87.55,-0.002,2.025,83.58,91.52,82.33,92.76,5.9367325744764,5.91,0.025,1.515,2.94,8.88,2.01,9.81,False,NORMAL,NORMAL,0.819
2026-09-06 00:55:00,78.5,60.0,-0.001,1.435,57.19,62.81,56.3,63.7,1013.6146857076329,1013.61,-0.0,1.424,1010.82,1016.41,1009.95,1017.28,85.90466030343647,85.91,-0.002,2.025,81.94,89.87,80.69,91.12,0.8044110231544164,0.78,0.025,1.515,0.0,3.75,0.0,4.68,True,WARNING,SENSOR_SPEC_BREACH (SPEC_TEMP_EXCEEDS_RANGE),0.92
2026-09-06 01:00:00,15.464917734582063,15.47,-0.001,1.435,12.65,18.28,11.77,19.16,1013.4362107759681,1013.44,-0.0,1.424,1010.64,1016.23,1009.77,1017.11,86.23774194493112,86.24,-0.002,2.025,82.27,90.21,81.02,91.46,3.524021507035317,3.5,0.025,1.515,0.53,6.47,0.0,7.4,False,NORMAL,NORMAL,0.537
2026-09-06 01:05:00,16.348531282080568,16.35,-0.001,1.435,13.54,19.16,12.65,20.05,1013.3791364761623,1013.38,-0.0,1.424,1010.59,1016.17,1009.71,1017.05,85.71466658852731,85.72,-0.002,2.025,81.75,89.68,80.5,90.93,2.1726098414894133,2.15,0.025,1.515,0.0,5.12,0.0,6.05,False,NORMAL,NORMAL,0.656
2026-09-06 01:10:00,15.476960010160894,15.48,-0.001,1.435,12.67,18.29,11.78,19.17,1013.3038648254729,1013.3,-0.0,1.424,1010.51,1016.1,1009.64,1016.97,89.74157832024713,89.74,-0.002,2.025,85.77,93.71,84.53,94.96,2.8325387074937205,2.81,0.025,1.515,0.0,5.78,0.0,6.71,False,NORMAL,NORMAL,0.782
2026-09-06 01:15:00,14.493025246867514,14.49,-0.001,1.435,11.68,17.31,10.8,18.19,1013.2092393440656,1013.21,-0.0,1.424,1010.42,1016.0,1009.54,1016.88,90.7573236890531,90.76,-0.002,2.025,86.79,94.73,85.54,95.98,8.4475489975993,8.42,0.025,1.515,5.45,11.39,4.52,12.32,False,NORMAL,NORMAL,0.745
2026-09-06 01:20:00,15.448935054321154,15.45,-0.001,1.435,12.64,18.26,11.75,19.15,1013.1312231923455,1013.13,-0.0,1.424,1010.34,1015.92,1009.46,1016.8,87.47923198018994,87.48,-0.002,2.025,83.51,91.45,82.26,92.7,1.066362805170527,1.04,0.025,1.515,0.0,4.01,0.0,4.94,False,NORMAL,NORMAL,0.627
2026-09-06 01:25:00,15.254039669716919,15.25,-0.001,1.435,12.44,18.07,11.56,18.95,1012.8645882200897,1012.86,-0.0,1.424,1010.07,1015.66,1009.2,1016.53,88.24294475934072,88.24,-0.002,2.025,84.28,92.21,83.03,93.46,2.740114652171189,2.71,0.025,1.515,0.0,5.68,0.0,6.62,False,NORMAL,NORMAL,0.832
2026-09-06 01:30:00,15.575179396508119,15.58,-0.001,1.435,12.76,18.39,11.88,19.27,1012.8147700311,1012.81,-0.0,1.424,1010.02,1015.61,1009.15,1016.48,87.47608635054492,87.48,-0.002,2.025,83.51,91.45,82.26,92.69,3.347506893765665,3.32,0.025,1.515,0.35,6.29,0.0,7.22,False,NORMAL,NORMAL,0.846
2026-09-06 01:35:00,15.28998930883085,15.29,-0.001,1.435,12.48,18.1,11.59,18.99,1012.626698054936,1012.63,-0.0,1.424,1009.84,1015.42,1008.96,1016.3,90.37418689204692,90.38,-0.002,2.025,86.41,94.35,85.16,95.59,5.38724270439597,5.36,0.025,1.515,2.39,8.33,1.46,9.26,False,NORMAL,NORMAL,0.835
2026-09-06 01:40:00,14.93051997242758,14.93,-0.001,1.435,12.12,17.74,11.23,18.63,1012.8616149658533,1012.86,-0.0,1.424,1010.07,1015.65,1009.19,1016.53,90.33726305388026,90.34,-0.002,2.025,86.37,94.31,85.12,95.56,4.806722750906073,4.78,0.025,1.515,1.81,7.75,0.88,8.68,False,NORMAL,NORMAL,0.839
2026-09-06 01:45:00,14.46512462341236,14.47,-0.001,1.435,11.65,17.28,10.77,18.16,1012.2932230939324,1012.29,-0.0,1.424,1009.5,1015.08,1008.62,1015.96,90.45599754514352,90.46,-0.002,2.025,86.49,94.43,85.24,95.67,2.729270498314946,2.7,0.025,1.515,0.0,5.67,0.0,6.61,False,NORMAL,NORMAL,0.701
2026-09-06 01:50:00,14.843939147230724,14.84,-0.001,1.435,12.03,17.66,11.15,18.54,1012.6748864114592,1012.68,-0.0,1.424,1009.88,1015.47,1009.01,1016.34,91.60393176601242,91.61,-0.002,2.025,87.64,95.58,86.39,96.82,2.3296578565190673,2.3,0.025,1.515,0.0,5.27,0.0,6.21,False,NORMAL,NORMAL,0.681
2026-09-06 01:55:00,14.56381300018983,14.56,-0.001,1.435,11.75,17.38,10.87,18.26,1012.6013105228203,1012.6,-0.0,1.424,1009.81,1015.39,1008.93,1016.27,91.91469636196771,91.92,-0.002,2.025,87.95,95.89,86.7,97.13,2.8591144879155457,2.83,0.025,1.515,0.0,5.8,0.0,6.74,False,NORMAL,NORMAL,0.804
2026-09-06 02:00:00,14.652056143310823,14.65,-0.001,1.435,11.84,17.47,10.96,18.35,1012.238358605312,1012.24,-0.0,1.424,1009.45,1015.03,1008.57,1015.91,90.82694351917318,90.83,-0.002,2.026,86.86,94.8,85.61,96.05,4.5957733928365165,4.57,0.025,1.515,1.6,7.54,0.67,8.47,False,NORMAL,NORMAL,0.806
2026-09-06 02:05:00,15.103714435707863,15.1,-0.001,1.435,12.29,17.92,11.41,18.8,1011.7824471704934,1011.78,-0.0,1.424,1008.99,1014.57,1008.11,1015.45,88.5401766951747,88.54,-0.002,2.026,84.57,92.51,83.32,93.76,3.0933549665550055,3.07,0.025,1.515,0.1,6.04,0.0,6.97,False,NORMAL,NORMAL,0.776
2026-09-06 02:10:00,15.524035424591185,15.52,-0.001,1.435,12.71,18.34,11.83,19.22,1012.0069469559108,1012.01,-0.0,1.424,1009.22,1014.8,1008.34,1015.68,83.12873302809444,83.13,-0.002,2.026,79.16,87.1,77.91,88.35,9.444793115222502,9.42,0.025,1.515,6.45,12.39,5.52,13.32,False,NORMAL,NORMAL,0.605
2026-09-06 02:15:00,15.005503760294918,15.01,-0.001,1.435,12.19,17.82,11.31,18.7,1011.9388268011804,1011.94,-0.0,1.424,1009.15,1014.73,1008.27,1015.61,90.97683176619466,90.98,-0.002,2.026,87.01,94.95,85.76,96.2,4.342457061745556,4.32,0.025,1.515,1.35,7.29,0.41,8.22,False,NORMAL,NORMAL,0.765
2026-09-06 02:20:00,14.364610594880979,14.37,-0.001,1.435,11.55,17.18,10.67,18.06,1011.6833538047225,1011.68,-0.0,1.424,1008.89,1014.48,1008.01,1015.35,91.5900245009208,91.59,-0.002,2.026,87.62,95.56,86.37,96.81,1.353887196972743,1.33,0.025,1.515,0.0,4.3,0.0,5.23,False,NORMAL,NORMAL,0.794
2026-09-06 02:25:00,15.01989506627508,15.02,-0.001,1.435,12.21,17.83,11.32,18.72,1011.6434229291291,1011.64,-0.0,1.424,1008.85,1014.44,1007.97,1015.31,90.61987576929698,90.62,-0.002,2.026,86.65,94.59,85.4,95.84,6.286911377344683,6.26,0.025,1.515,3.29,9.23,2.36,10.17,False,NORMAL,NORMAL,0.773
2026-09-06 02:30:00,15.32355083897534,15.32,-0.001,1.435,12.51,18.14,11.63,19.02,1011.8353664532175,1011.84,-0.0,1.424,1009.04,1014.63,1008.17,1015.5,87.14562799362727,87.15,-0.002,2.026,83.18,91.12,81.93,92.37,3.47309039442958,3.45,0.025,1.515,0.48,6.42,0.0,7.35,False,NORMAL,NORMAL,0.813
2026-09-06 02:35:00,14.607574151807851,14.61,-0.001,1.435,11.8,17.42,10.91,18.31,1011.590174670035,1011.59,-0.0,1.424,1008.8,1014.38,1007.92,1015.26,89.9555486458586,89.96,-0.002,2.026,85.99,93.93,84.74,95.18,5.662170581340866,5.64,0.025,1.515,2.67,8.61,1.73,9.54,False,NORMAL,NORMAL,0.785
2026-09-06 02:40:00,14.808203302304053,14.81,-0.001,1.435,12.0,17.62,11.11,18.51,1011.2359150640403,1011.24,-0.0,1.424,1008.44,1014.03,1007.57,1014.9,90.41207313276351,90.41,-0.002,2.026,86.44,94.38,85.19,95.63,3.1496366064781602,3.12,0.025,1.515,0.15,6.09,0.0,7.03,False,NORMAL,NORMAL,0.803
2026-09-06 02:45:00,14.88172926089276,14.88,-0.001,1.435,12.07,17.7,11.19,18.58,1011.0187892199052,1011.02,-0.0,1.424,1008.23,1013.81,1007.35,1014.69,89.94116707612457,89.94,-0.002,2.026,85.97,93.91,84.72,95.16,5.057910763658117,5.03,0.025,1.515,2.06,8.0,1.13,8.94,False,NORMAL,NORMAL,0.847
2026-09-06 02:50:00,14.579644819210788,14.58,-0.001,1.435,11.77,17.39,10.88,18.28,1011.0929716591438,1011.09,-0.0,1.424,1008.3,1013.88,1007.42,1014.76,90.0932771189947,90.09,-0.002,2.026,86.12,94.07,84.88,95.31,6.688955996680052,6.66,0.025,1.515,3.69,9.63,2.76,10.57,False,NORMAL,NORMAL,0.844
2026-09-06 02:55:00,15.17435643937852,15.18,-0.001,1.435,12.36,17.99,11.48,18.87,1010.9934676329278,1010.99,-0.0,1.424,1008.2,1013.79,1007.32,1014.66,84.24916756042339,84.25,-0.002,2.026,80.28,88.22,79.03,89.47,8.921553680351948,8.9,0.025,1.515,5.93,11.87,4.99,12.8,False,NORMAL,NORMAL,0.712
2026-09-06 03:00:00,14.891776932113286,14.89,-0.001,1.435,12.08,17.71,11.2,18.59,1010.983346013911,1010.98,-0.0,1.424,1008.19,1013.78,1007.31,1014.65,89.37413956588347,89.38,-0.002,2.026,85.4,93.35,84.16,94.6,3.0256470414826784,3.0,0.025,1.515,0.03,5.97,0.0,6.9,False,NORMAL,NORMAL,0.784
2026-09-06 03:05:00,15.136732984289695,15.14,-0.001,1.435,12.32,17.95,11.44,18.83,1010.7121182568073,1010.71,-0.0,1.424,1007.92,1013.5,1007.04,1014.38,87.6478761303889,87.65,-0.002,2.026,83.68,91.62,82.43,92.87,3.5120553516331423,3.49,0.025,1.516,0.52,6.46,0.0,7.39,False,NORMAL,NORMAL,0.829
2026-09-06 03:10:00,14.646317175929832,14.65,-0.001,1.435,11.83,17.46,10.95,18.34,1010.7528115167001,1010.75,-0.0,1.424,1007.96,1013.54,1007.08,1014.42,91.22591409476303,91.23,-0.002,2.026,87.26,95.2,86.01,96.45,4.345063682067559,4.32,0.025,1.516,1.35,7.29,0.42,8.22,False,NORMAL,NORMAL,0.815
2026-09-06 03:15:00,14.862331589278833,14.86,-0.001,1.435,12.05,17.68,11.17,18.56,1010.8503030470374,1010.85,-0.0,1.424,1008.06,1013.64,1007.18,1014.52,90.53107130769432,90.53,-0.002,2.026,86.56,94.5,85.31,95.75,8.902007407157754,8.88,0.025,1.516,5.91,11.85,4.97,12.78,False,NORMAL,NORMAL,0.786
2026-09-06 03:20:00,15.365850006442033,15.37,-0.001,1.435,12.55,18.18,11.67,19.06,1010.5666719729091,1010.57,-0.0,1.424,1007.78,1013.36,1006.9,1014.24,87.00493230954845,87.01,-0.002,2.027,83.03,90.98,81.79,92.23,8.371120565836168,8.35,0.025,1.516,5.38,11.32,4.44,12.25,False,NORMAL,NORMAL,0.772
2026-09-06 03:25:00,14.970901602336115,14.97,-0.001,1.435,12.16,17.78,11.27,18.67,1010.3219243439912,1010.32,-0.0,1.424,1007.53,1013.11,1006.65,1013.99,88.19995385862532,88.2,-0.002,2.027,84.23,92.17,82.98,93.42,1.687854300915245,1.66,0.025,1.516,0.0,4.63,0.0,5.57,False,NORMAL,NORMAL,0.794
2026-09-06 03:30:00,15.857484101891814,15.86,-0.001,1.435,13.05,18.67,12.16,19.56,1010.1870294188064,1010.19,-0.0,1.424,1007.4,1012.98,1006.52,1013.86,86.36905265912634,86.37,-0.002,2.027,82.4,90.34,81.15,91.59,2.0687803969821847,2.04,0.025,1.516,0.0,5.01,0.0,5.95,False,NORMAL,NORMAL,0.789
2026-09-06 03:35:00,15.057003848035748,15.06,-0.001,1.435,12.24,17.87,11.36,18.76,1010.0470376608428,1010.05,-0.0,1.424,1007.26,1012.84,1006.38,1013.72,85.7775032810355,85.78,-0.002,2.027,81.81,89.75,80.56,91.0,4.549419778002008,4.52,0.025,1.516,1.55,7.5,0.62,8.43,False,NORMAL,NORMAL,0.796
2026-09-06 03:40:00,15.360356127008346,15.36,-0.001,1.435,12.55,18.17,11.66,19.06,1010.164441256963,1010.16,-0.0,1.424,1007.37,1012.96,1006.5,1013.83,87.14824749748723,87.15,-0.002,2.027,83.18,91.12,81.93,92.37,1.8467427791563438,1.82,0.025,1.516,0.0,4.79,0.0,5.73,False,NORMAL,NORMAL,0.815
2026-09-06 03:45:00,15.70057307040194,15.7,-0.001,1.435,12.89,18.51,12.0,19.4,1009.7809207054302,1009.78,-0.0,1.424,1006.99,1012.57,1006.11,1013.45,85.10061760240865,85.1,-0.002,2.027,81.13,89.07,79.88,90.32,3.5813712188452906,3.56,0.025,1.516,0.59,6.53,0.0,7.46,False,NORMAL,NORMAL,0.781
2026-09-06 03:50:00,14.820640323299434,14.82,-0.001,1.435,12.01,17.63,11.12,18.52,1009.7704346197766,1009.77,-0.0,1.424,1006.98,1012.56,1006.1,1013.44,86.66374412134667,86.67,-0.002,2.027,82.69,90.64,81.44,91.89,2.204266450333173,2.18,0.025,1.516,0.0,5.15,0.0,6.08,False,NORMAL,NORMAL,0.787
2026-09-06 03:55:00,14.747471515180683,14.75,-0.001,1.435,11.93,17.56,11.05,18.45,1009.6610183878854,1009.66,-0.0,1.424,1006.87,1012.45,1005.99,1013.33,86.24159252298828,86.24,-0.002,2.027,82.27,90.22,81.02,91.46,5.529380305962098,5.5,0.025,1.516,2.53,8.48,1.6,9.41,False,NORMAL,NORMAL,0.841
2026-09-06 04:00:00,14.908661042424981,14.91,-0.001,1.435,12.1,17.72,11.21,18.61,1009.4689038298479,1009.47,-0.0,1.424,1006.68,1012.26,1005.8,1013.14,86.84648895975214,86.85,-0.002,2.027,82.88,90.82,81.63,92.07,9.50353447181572,9.48,0.025,1.516,6.51,12.45,5.57,13.38,False,NORMAL,NORMAL,0.799
2026-09-06 04:05:00,16.09436581468544,16.1,-0.001,1.435,13.28,18.91,12.4,19.79,1009.2303689081767,1009.23,-0.0,1.424,1006.44,1012.02,1005.56,1012.9,79.66073915978492,79.66,-0.002,2.027,75.69,83.64,74.44,84.88,13.158822073948633,13.13,0.025,1.516,10.16,16.1,9.23,17.04,False,NORMAL,NORMAL,0.562
2026-09-06 04:10:00,15.44223600007016,15.44,-0.001,1.435,12.63,18.26,11.75,19.14,1009.3780738044827,1009.38,-0.0,1.424,1006.59,1012.17,1005.71,1013.05,86.05701985696786,86.06,-0.002,2.027,82.09,90.03,80.84,91.28,3.772172165938773,3.75,0.025,1.516,0.78,6.72,0.0,7.65,False,NORMAL,NORMAL,0.635
2026-09-06 04:15:00,16.763101392507096,16.76,-0.001,1.435,13.95,19.58,13.07,20.46,1009.2152722711919,1009.22,-0.0,1.424,1006.42,1012.01,1005.55,1012.88,77.08230077448802,77.08,-0.002,2.027,73.11,81.06,71.86,82.31,5.2576817445290045,5.23,0.025,1.516,2.26,8.2,1.33,9.14,False,NORMAL,NORMAL,0.577
2026-09-06 04:20:00,15.594115720167569,15.59,-0.001,1.435,12.78,18.41,11.9,19.29,1009.1957427704198,1009.2,-0.0,1.424,1006.4,1011.99,1005.53,1012.86,83.02917924612824,83.03,-0.002,2.027,79.06,87.0,77.81,88.25,7.660223431636738,7.64,0.025,1.516,4.66,10.61,3.73,11.54,False,NORMAL,NORMAL,0.626
2026-09-06 04:25:00,15.976732844561738,15.98,-0.001,1.435,13.16,18.79,12.28,19.68,1008.9385186776765,1008.94,-0.0,1.424,1006.15,1011.73,1005.27,1012.61,80.99515237778103,81.0,-0.002,2.027,77.02,84.97,75.77,86.22,1.944182039170044,1.92,0.025,1.516,0.0,4.89,0.0,5.82,False,NORMAL,NORMAL,0.762
2026-09-06 04:30:00,16.605910687007192,16.61,-0.001,1.435,13.79,19.42,12.91,20.3,1009.1011789303445,1009.1,-0.0,1.424,1006.31,1011.89,1005.43,1012.77,80.81944853015169,80.82,-0.002,2.027,76.85,84.79,75.6,86.04,5.948597311502405,5.92,0.025,1.516,2.95,8.89,2.02,9.83,False,NORMAL,NORMAL,0.819
2026-09-06 04:35:00,16.880665938868407,16.88,-0.001,1.435,14.07,19.7,13.18,20.58,1008.6877555254495,1008.69,-0.0,1.424,1005.9,1011.48,1005.02,1012.36,77.91851533770858,77.92,-0.002,2.027,73.95,81.89,72.7,83.14,3.987688758530096,3.96,0.025,1.516,0.99,6.93,0.06,7.87,False,NORMAL,NORMAL,0.764
2026-09-06 04:40:00,16.994949425490187,17.0,-0.001,1.436,14.18,19.81,13.3,20.69,1008.9790831168086,1008.98,-0.0,1.424,1006.19,1011.77,1005.31,1012.65,76.83625368488644,76.84,-0.002,2.027,72.86,80.81,71.61,82.06,2.642610725784317,2.62,0.025,1.516,0.0,5.59,0.0,6.52,False,NORMAL,NORMAL,0.812
2026-09-06 04:45:00,16.74871885776429,16.75,-0.001,1.436,13.94,19.56,13.05,20.45,1008.3649942740177,1008.37,-0.0,1.424,1005.57,1011.16,1004.7,1012.03,77.75936586198974,77.76,-0.002,2.028,73.79,81.73,72.54,82.98,3.948622917205029,3.92,0.025,1.516,0.95,6.9,0.02,7.83,False,NORMAL,NORMAL,0.685
2026-09-06 04:50:00,16.77287354408657,16.77,-0.001,1.436,13.96,19.59,13.08,20.47,1008.5991393672837,1008.6,-0.0,1.424,1005.81,1011.39,1004.93,1012.27,79.47804908510743,79.48,-0.002,2.028,75.51,83.45,74.26,84.7,1.5458838639634567,1.52,0.025,1.516,0.0,4.49,0.0,5.43,False,NORMAL,NORMAL,0.776
2026-09-06 04:55:00,16.700932555246048,16.7,-0.001,1.436,13.89,19.52,13.0,20.4,1008.514004781086,1008.51,-0.0,1.424,1005.72,1011.31,1004.85,1012.18,76.12117302324901,76.12,-0.002,2.028,72.15,80.1,70.9,81.35,5.996713604473769,5.97,0.025,1.516,3.0,8.94,2.07,9.88,False,NORMAL,NORMAL,0.812
2026-09-06 05:00:00,16.87868046173355,16.88,-0.001,1.436,14.07,19.69,13.18,20.58,1008.2341623716296,1008.23,-0.0,1.424,1005.44,1011.03,1004.57,1011.9,79.16648641374627,79.17,-0.002,2.028,75.19,83.14,73.94,84.39,2.9687045025465166,2.94,0.025,1.516,0.0,5.92,0.0,6.85,False,NORMAL,NORMAL,0.838
2026-09-06 05:05:00,16.45295964596551,16.45,-0.001,1.436,13.64,19.27,12.76,20.15,1008.3300537550059,1008.33,-0.0,1.424,1005.54,1011.12,1004.66,1012.0,79.9724491759909,79.97,-0.002,2.028,76.0,83.95,74.75,85.2,3.3595183450259105,3.33,0.025,1.516,0.36,6.31,0.0,7.24,False,NORMAL,NORMAL,0.853
2026-09-06 05:10:00,16.45487727644036,16.46,-0.001,1.436,13.64,19.27,12.76,20.15,1008.3733639549798,1008.37,-0.0,1.424,1005.58,1011.17,1004.7,1012.04,78.63132697652141,78.63,-0.002,2.028,74.66,82.61,73.41,83.86,1.9758927020464798,1.95,0.025,1.516,0.0,4.92,0.0,5.86,False,NORMAL,NORMAL,0.831
2026-09-06 05:15:00,16.892095037946646,16.89,-0.001,1.436,14.08,19.71,13.19,20.59,1007.7661434943767,1007.77,-0.0,1.424,1004.97,1010.56,1004.1,1011.44,81.26672554158586,81.27,-0.002,2.028,77.29,85.24,76.04,86.49,7.778094090298663,7.75,0.025,1.516,4.78,10.72,3.85,11.66,False,NORMAL,NORMAL,0.663
2026-09-06 05:20:00,16.93916293047981,16.94,-0.001,1.436,14.13,19.75,13.24,20.64,1008.0935388562725,1008.09,-0.0,1.424,1005.3,1010.89,1004.42,1011.76,73.82494009618546,73.83,-0.002,2.028,69.85,77.8,68.6,79.05,4.53581952233624,4.51,0.025,1.516,1.54,7.48,0.6,8.42,False,NORMAL,NORMAL,0.65
2026-09-06 05:25:00,16.94217916489263,16.94,-0.001,1.436,14.13,19.76,13.24,20.64,1007.5658659287814,1007.57,-0.0,1.424,1004.77,1010.36,1003.9,1011.24,74.95206405892081,74.95,-0.002,2.028,70.98,78.93,69.73,80.18,5.067692104848293,5.04,0.025,1.516,2.07,8.01,1.14,8.95,False,NORMAL,NORMAL,0.725
2026-09-06 05:30:00,17.520637129741896,17.52,-0.001,1.436,14.71,20.34,13.82,21.22,1007.7190387128699,1007.72,-0.0,1.424,1004.93,1010.51,1004.05,1011.39,71.91420795120231,71.92,-0.002,2.028,67.94,75.89,66.69,77.14,5.048783105480746,5.02,0.025,1.516,2.05,8.0,1.12,8.93,False,NORMAL,NORMAL,0.796
2026-09-06 05:35:00,17.745129541673748,17.75,-0.001,1.436,14.93,20.56,14.05,21.44,1008.0346274469872,1008.03,-0.0,1.424,1005.24,1010.83,1004.37,1011.7,73.63058141895841,73.63,-0.002,2.028,69.66,77.61,68.41,78.86,3.998272575362182,3.97,0.025,1.516,1.0,6.95,0.07,7.88,False,NORMAL,NORMAL,0.837
2026-09-06 05:40:00,17.521543338922594,17.52,-0.001,1.436,14.71,20.34,13.82,21.22,1007.6317069319722,1007.63,-0.0,1.424,1004.84,1010.42,1003.96,1011.3,76.20450804452211,76.21,-0.002,2.028,72.23,80.18,70.98,81.43,2.543411186674775,2.52,0.025,1.516,0.0,5.49,0.0,6.42,False,NORMAL,NORMAL,0.766
2026-09-06 05:45:00,18.202546767557994,18.2,-0.001,1.436,15.39,21.02,14.5,21.9,1007.4739929325536,1007.47,-0.0,1.424,1004.68,1010.27,1003.8,1011.14,72.26491180010753,72.27,-0.002,2.028,68.29,76.24,67.04,77.49,6.430561924477711,6.41,0.025,1.516,3.43,9.38,2.5,10.31,False,NORMAL,NORMAL,0.807
2026-09-06 05:50:00,17.282326431358253,17.28,-0.001,1.436,14.47,20.1,13.58,20.98,1007.553880877213,1007.55,-0.0,1.424,1004.76,1010.35,1003.88,1011.22,75.41009580626356,75.41,-0.002,2.028,71.44,79.39,70.19,80.64,2.0274358973794984,2.0,0.025,1.517,0.0,4.97,0.0,5.91,False,NORMAL,NORMAL,0.737
2026-09-06 05:55:00,17.79104998618005,17.79,-0.001,1.436,14.98,20.61,14.09,21.49,1007.8296626744116,1007.83,-0.0,1.424,1005.04,1010.62,1004.16,1011.5,71.242534194815,71.24,-0.002,2.028,67.27,75.22,66.02,76.47,1.8214387198333997,1.8,0.025,1.517,0.0,4.77,0.0,5.7,False,NORMAL,NORMAL,0.762
2026-09-06 06:00:00,17.71327107175888,17.71,-0.001,1.436,14.9,20.53,14.02,21.41,1007.183046474538,1007.18,-0.0,1.424,1004.39,1009.98,1003.51,1010.85,70.62464949691618,70.63,-0.002,2.028,66.65,74.6,65.4,75.85,6.120525465613728,6.1,0.025,1.517,3.12,9.07,2.19,10.0,False,NORMAL,NORMAL,0.705
2026-09-06 06:05:00,17.386775366639576,17.39,-0.001,1.436,14.57,20.2,13.69,21.09,1007.2408452885288,1007.24,-0.0,1.424,1004.45,1010.03,1003.57,1010.91,70.38812602260839,70.39,-0.002,2.029,66.41,74.37,65.16,75.62,2.6619732386504182,2.64,0.025,1.517,0.0,5.61,0.0,6.54,False,NORMAL,NORMAL,0.812
2026-09-06 06:10:00,18.235539875996402,18.24,-0.001,1.436,15.42,21.05,14.54,21.93,1007.566319989752,1007.57,-0.0,1.424,1004.77,1010.36,1003.9,1011.24,72.76129848632941,72.76,-0.002,2.029,68.79,76.74,67.54,77.99,3.329192357910587,3.3,0.025,1.517,0.33,6.28,0.0,7.21,False,NORMAL,NORMAL,0.793
2026-09-06 06:15:00,18.356894875601967,18.36,-0.001,1.436,15.54,21.17,14.66,22.06,1007.565939823558,1007.57,-0.0,1.424,1004.77,1010.36,1003.9,1011.24,69.92200338379533,69.92,-0.002,2.029,65.95,73.9,64.7,75.15,4.416436235015003,4.39,0.025,1.517,1.42,7.36,0.48,8.3,False,NORMAL,NORMAL,0.829
2026-09-06 06:20:00,19.149641728157043,19.15,-0.001,1.436,16.34,21.96,15.45,22.85,1007.219755734437,1007.22,-0.0,1.424,1004.43,1010.01,1003.55,1010.89,65.00254593431238,65.0,-0.002,2.029,61.03,68.98,59.78,70.23,4.248401195267868,4.22,0.025,1.517,1.25,7.2,0.32,8.13,False,NORMAL,NORMAL,0.755
2026-09-06 06:25:00,18.93686650979782,18.94,-0.001,1.436,16.12,21.75,15.24,22.64,1006.9997917933463,1007.0,-0.0,1.424,1004.21,1009.79,1003.33,1010.67,67.15648299632504,67.16,-0.002,2.029,63.18,71.13,61.93,72.38,6.107196510700454,6.08,0.025,1.517,3.11,9.05,2.17,9.99,False,NORMAL,NORMAL,0.844
2026-09-06 06:30:00,18.416684228518626,18.42,-0.001,1.436,15.6,21.23,14.72,22.12,1007.4527811760719,1007.45,-0.0,1.424,1004.66,1010.24,1003.78,1011.12,66.91333010378133,66.91,-0.002,2.029,62.94,70.89,61.69,72.14,5.435425161039138,5.41,0.025,1.517,2.44,8.38,1.5,9.32,False,NORMAL,NORMAL,0.785
2026-09-06 06:35:00,19.71127455816805,19.71,-0.001,1.436,16.9,22.53,16.01,23.41,1007.3326797204136,1007.33,-0.0,1.424,1004.54,1010.12,1003.66,1011.0,62.91826489018868,62.92,-0.002,2.029,58.94,66.9,57.69,68.15,5.592550758894713,5.57,0.025,1.517,2.59,8.54,1.66,9.47,False,NORMAL,NORMAL,0.698
2026-09-06 06:40:00,19.602714674622703,19.6,-0.001,1.436,16.79,22.42,15.9,23.3,1007.152791762333,1007.15,-0.0,1.424,1004.36,1009.94,1003.48,1010.82,63.76490496251928,63.77,-0.002,2.029,59.79,67.74,58.54,68.99,6.153989922760507,6.13,0.025,1.517,3.16,9.1,2.22,10.04,False,NORMAL,NORMAL,0.855
2026-09-06 06:45:00,19.493112017250585,19.49,-0.001,1.436,16.68,22.31,15.8,23.19,1006.8888230874825,1006.89,-0.0,1.424,1004.1,1009.68,1003.22,1010.56,64.28208722183851,64.28,-0.002,2.029,60.31,68.26,59.06,69.51,3.2360244243135767,3.21,0.025,1.517,0.24,6.18,0.0,7.12,False,NORMAL,NORMAL,0.854
2026-09-06 06:50:00,19.316881473691332,19.32,-0.001,1.436,16.5,22.13,15.62,23.02,1006.9653257784684,1006.97,-0.0,1.424,1004.17,1009.76,1003.3,1010.63,63.788735952179344,63.79,-0.002,2.029,59.81,67.77,58.56,69.02,3.4307822137187145,3.41,0.025,1.517,0.43,6.38,0.0,7.31,False,NORMAL,NORMAL,0.855
2026-09-06 06:55:00,19.172053814307606,19.17,-0.001,1.436,16.36,21.99,15.47,22.87,1006.9128475405189,1006.91,-0.0,1.424,1004.12,1009.7,1003.24,1010.58,63.11971261024967,63.12,-0.002,2.029,59.14,67.1,57.89,68.35,4.175110179293958,4.15,0.025,1.517,1.18,7.12,0.24,8.06,False,NORMAL,NORMAL,0.865
2026-09-06 07:00:00,19.55637464799214,19.56,-0.001,1.436,16.74,22.37,15.86,23.26,1006.952932928523,1006.95,-0.0,1.424,1004.16,1009.75,1003.28,1010.62,63.121470968064976,63.12,-0.002,2.029,59.15,67.1,57.9,68.35,3.3337097449663378,3.31,0.025,1.517,0.34,6.28,0.0,7.22,False,NORMAL,NORMAL,0.863
2026-09-06 07:05:00,20.29117883722868,20.29,-0.001,1.436,17.48,23.11,16.59,23.99,1007.0894952479663,1007.09,-0.0,1.424,1004.3,1009.88,1003.42,1010.76,62.476857834944234,62.48,-0.002,2.029,58.5,66.46,57.25,67.71,11.26570192272423,11.24,0.025,1.517,8.27,14.21,7.33,15.15,False,NORMAL,NORMAL,0.739
2026-09-06 07:10:00,20.760850382626057,20.76,-0.001,1.436,17.95,23.58,17.06,24.46,1006.9743835489032,1006.97,-0.0,1.424,1004.18,1009.77,1003.31,1010.64,58.29403067269447,58.3,-0.002,2.029,54.32,62.27,53.07,63.52,7.133667115254362,7.11,0.025,1.517,4.14,10.08,3.2,11.02,False,NORMAL,NORMAL,0.811
2026-09-06 07:15:00,20.776484009821004,20.78,-0.001,1.436,17.96,23.59,17.08,24.48,1006.6535230725378,1006.65,-0.0,1.424,1003.86,1009.45,1002.98,1010.32,58.791185997686156,58.79,-0.002,2.029,54.82,62.77,53.56,64.02,2.3328695423748163,2.31,0.025,1.517,0.0,5.28,0.0,6.22,False,NORMAL,NORMAL,0.82
2026-09-06 07:20:00,20.1165712701626,20.12,-0.001,1.436,17.3,22.93,16.42,23.82,1006.9962377769398,1007.0,-0.0,1.424,1004.2,1009.79,1003.33,1010.67,58.65392548226107,58.66,-0.002,2.029,54.68,62.63,53.43,63.88,0.4119445577327651,0.39,0.025,1.517,0.0,3.36,0.0,4.29,False,NORMAL,NORMAL,0.73
2026-09-06 07:25:00,20.01786128881725,20.02,-0.001,1.436,17.2,22.83,16.32,23.72,1006.813281638382,1006.81,-0.0,1.424,1004.02,1009.61,1003.14,1010.48,61.252809510745465,61.25,-0.002,2.03,57.28,65.23,56.03,66.48,1.1500846303900483,1.12,0.025,1.517,0.0,4.1,0.0,5.03,False,NORMAL,NORMAL,0.797
2026-09-06 07:30:00,20.676251532694142,20.68,-0.001,1.436,17.86,23.49,16.98,24.38,1006.8477708900431,1006.85,-0.0,1.424,1004.06,1009.64,1003.18,1010.52,57.80697316369342,57.81,-0.002,2.03,53.83,61.79,52.58,63.04,2.909275605257318,2.88,0.025,1.517,0.0,5.86,0.0,6.79,False,NORMAL,NORMAL,0.823
2026-09-06 07:35:00,20.067220097536367,20.07,-0.001,1.436,17.25,22.88,16.37,23.77,1006.9448748501212,1006.95,-0.0,1.424,1004.15,1009.74,1003.28,1010.61,61.20580218824027,61.21,-0.002,2.03,57.23,65.19,55.98,66.44,1.9160783416713003,1.89,0.025,1.517,0.0,4.86,0.0,5.8,False,NORMAL,NORMAL,0.818
2026-09-06 07:40:00,21.058990029750195,21.06,-0.001,1.436,18.25,23.87,17.36,24.76,1006.5400526039164,1006.54,-0.0,1.424,1003.75,1009.33,1002.87,1010.21,57.97910840769107,57.98,-0.002,2.03,54.0,61.96,52.75,63.21,4.801567090389051,4.78,0.025,1.517,1.8,7.75,0.87,8.68,False,NORMAL,NORMAL,0.686
2026-09-06 07:45:00,21.026155354979235,21.03,-0.001,1.436,18.21,23.84,17.33,24.73,1006.6849517237874,1006.69,-0.0,1.424,1003.89,1009.48,1003.02,1010.35,58.540838705758034,58.54,-0.002,2.03,54.56,62.52,53.31,63.77,7.68406214317964,7.66,0.025,1.517,4.69,10.63,3.75,11.57,False,NORMAL,NORMAL,0.811
2026-09-06 07:50:00,21.05451947539979,21.06,-0.001,1.436,18.24,23.87,17.36,24.75,1006.5957072757632,1006.6,-0.0,1.424,1003.8,1009.39,1002.93,1010.27,58.50445826499509,58.51,-0.002,2.03,54.53,62.48,53.28,63.73,6.353992603563128,6.33,0.025,1.517,3.36,9.3,2.42,10.24,False,NORMAL,NORMAL,0.866
2026-09-06 07:55:00,20.758972554118664,20.76,-0.001,1.436,17.95,23.57,17.06,24.46,1006.4268317484516,1006.43,-0.0,1.424,1003.63,1009.22,1002.76,1010.1,59.76846403246831,59.77,-0.002,2.03,55.79,63.75,54.54,65.0,2.7103771142199586,2.69,0.025,1.517,0.0,5.66,0.0,6.59,False,NORMAL,NORMAL,0.85
2026-09-06 08:00:00,21.75831324409937,21.76,-0.001,1.436,18.94,24.57,18.06,25.46,1006.7020064966407,1006.7,-0.0,1.424,1003.91,1009.49,1003.03,1010.37,55.405765430362365,55.41,-0.002,2.03,51.43,59.39,50.18,60.64,3.9264699869086663,3.9,0.025,1.517,0.93,6.88,0.0,7.81,False,NORMAL,NORMAL,0.748
2026-09-06 08:05:00,21.49582965877867,21.5,-0.001,1.436,18.68,24.31,17.8,25.2,1007.0160434409099,1007.02,-0.0,1.424,1004.22,1009.81,1003.35,1010.69,54.12856923881418,54.13,-0.002,2.03,50.15,58.11,48.9,59.36,4.671731310823244,4.65,0.025,1.517,1.67,7.62,0.74,8.56,False,NORMAL,NORMAL,0.812
2026-09-06 08:10:00,21.396915082740154,21.4,-0.001,1.436,18.58,24.21,17.7,25.1,1006.3538431821452,1006.35,-0.0,1.424,1003.56,1009.15,1002.68,1010.02,55.402861480667845,55.4,-0.002,2.03,51.43,59.38,50.17,60.63,7.213834466039235,7.19,0.025,1.517,4.21,10.16,3.28,11.1,False,NORMAL,NORMAL,0.705
2026-09-06 08:15:00,20.871801478614277,20.87,-0.001,1.436,18.06,23.69,17.17,24.57,1006.6167048591858,1006.62,-0.0,1.425,1003.82,1009.41,1002.95,1010.29,57.52430344337362,57.53,-0.002,2.03,53.55,61.5,52.3,62.76,7.628870311245568,7.6,0.025,1.517,4.63,10.58,3.69,11.51,False,NORMAL,NORMAL,0.777
2026-09-06 08:20:00,22.16529544696022,22.17,-0.001,1.436,19.35,24.98,18.47,25.87,1006.7103781703441,1006.71,-0.0,1.425,1003.92,1009.5,1003.04,1010.38,53.12423012069836,53.13,-0.002,2.03,49.15,57.1,47.9,58.36,8.826460835621539,8.8,0.025,1.517,5.83,11.78,4.89,12.71,False,NORMAL,NORMAL,0.721
2026-09-06 08:25:00,23.04048548224646,23.04,-0.001,1.436,20.23,25.86,19.34,26.74,1006.6264746931762,1006.63,-0.0,1.425,1003.83,1009.42,1002.96,1010.3,50.20678481357937,50.21,-0.002,2.03,46.23,54.19,44.98,55.44,4.84235779897693,4.82,0.025,1.517,1.84,7.79,0.91,8.73,False,NORMAL,NORMAL,0.812
2026-09-06 08:30:00,23.150978402090818,23.15,-0.001,1.436,20.34,25.97,19.45,26.85,1006.5856337301952,1006.59,-0.0,1.425,1003.79,1009.38,1002.92,1010.26,48.740499306948685,48.74,-0.002,2.03,44.76,52.72,43.51,53.97,6.299948921294709,6.27,0.025,1.517,3.3,9.25,2.37,10.18,False,NORMAL,NORMAL,0.844
2026-09-06 08:35:00,22.458050769449613,22.46,-0.001,1.436,19.64,25.27,18.76,26.16,1006.4030901765977,1006.4,-0.0,1.425,1003.61,1009.2,1002.73,1010.07,50.563701128174486,50.57,-0.002,2.03,46.59,54.54,45.33,55.8,2.0090151848455178,1.98,0.025,1.517,0.0,4.96,0.0,5.89,False,NORMAL,NORMAL,0.813
2026-09-06 08:40:00,22.553862167592538,22.55,-0.001,1.436,19.74,25.37,18.86,26.25,1006.6289448980789,1006.63,-0.0,1.425,1003.84,1009.42,1002.96,1010.3,50.85065094305262,50.85,-0.002,2.03,46.87,54.83,45.62,56.08,5.368694144085153,5.34,0.025,1.518,2.37,8.32,1.43,9.25,False,NORMAL,NORMAL,0.836
2026-09-06 08:45:00,23.135476333190002,23.14,-0.001,1.436,20.32,25.95,19.44,26.84,1006.4771550058865,1006.48,-0.0,1.425,1003.69,1009.27,1002.81,1010.15,50.22048219017317,50.22,-0.002,2.031,46.24,54.2,44.99,55.45,3.1705379721718194,3.15,0.025,1.518,0.17,6.12,0.0,7.05,False,NORMAL,NORMAL,0.838
2026-09-06 08:50:00,22.701113082793025,22.7,-0.001,1.436,19.89,25.52,19.0,26.4,1006.2593156597994,1006.26,-0.0,1.425,1003.47,1009.05,1002.59,1009.93,50.7573780034643,50.76,-0.002,2.031,46.78,54.74,45.53,55.99,4.492613387539548,4.47,0.025,1.518,1.49,7.44,0.56,8.38,False,NORMAL,NORMAL,0.835
2026-09-06 08:55:00,23.37288505672287,23.37,-0.001,1.436,20.56,26.19,19.67,27.07,1006.7645212227524,1006.76,-0.0,1.425,1003.97,1009.56,1003.1,1010.43,48.99394361309733,49.0,-0.002,2.031,45.02,52.98,43.76,54.23,6.038728306032644,6.01,0.025,1.518,3.04,8.99,2.1,9.92,False,NORMAL,NORMAL,0.726
2026-09-06 09:00:00,23.709421670305098,23.71,-0.001,1.436,20.9,26.53,20.01,27.41,1006.7269150767411,1006.73,-0.0,1.425,1003.93,1009.52,1003.06,1010.4,49.347140589124265,49.35,-0.002,2.031,45.37,53.33,44.12,54.58,3.3079092743911365,3.28,0.025,1.518,0.31,6.26,0.0,7.19,False,NORMAL,NORMAL,0.834
2026-09-06 09:05:00,24.04362457745459,24.04,-0.001,1.436,21.23,26.86,20.34,27.74,1006.5889294877625,1006.59,-0.0,1.425,1003.8,1009.38,1002.92,1010.26,47.7418671421577,47.74,-0.002,2.031,43.76,51.72,42.51,52.97,1.4158165070715147,1.39,0.025,1.518,0.0,4.37,0.0,5.3,False,NORMAL,NORMAL,0.835
2026-09-06 09:10:00,23.661612564039064,23.66,-0.001,1.436,20.85,26.48,19.96,27.36,1006.6136649828366,1006.61,-0.0,1.425,1003.82,1009.41,1002.94,1010.28,50.46892064715979,50.47,-0.002,2.031,46.49,54.45,45.24,55.7,0.6249218721734674,0.6,0.025,1.518,0.0,3.57,0.0,4.51,False,NORMAL,NORMAL,0.796
2026-09-06 09:15:00,23.76790999612759,23.77,-0.001,1.436,20.95,26.58,20.07,27.47,1006.7385773820247,1006.74,-0.0,1.425,1003.95,1009.53,1003.07,1010.41,48.54486637931123,48.55,-0.002,2.031,44.57,52.53,43.31,53.78,0.9291850202836976,0.9,0.025,1.518,0.0,3.88,0.0,4.81,False,NORMAL,NORMAL,0.828
2026-09-06 09:20:00,23.644695918831843,23.65,-0.001,1.436,20.83,26.46,19.95,27.35,1006.6091115255045,1006.61,-0.0,1.425,1003.82,1009.4,1002.94,1010.28,49.44172616121899,49.44,-0.002,2.031,45.46,53.42,44.21,54.67,0.5725270034752914,0.55,0.025,1.518,0.0,3.52,0.0,4.46,False,NORMAL,NORMAL,0.813
2026-09-06 09:25:00,23.810372767375977,23.81,-0.001,1.436,21.0,26.63,20.11,27.51,1006.7089021991642,1006.71,-0.0,1.425,1003.92,1009.5,1003.04,1010.38,46.94028292921956,46.94,-0.002,2.031,42.96,50.92,41.71,52.17,2.1534114423794035,2.13,0.025,1.518,0.0,5.1,0.0,6.04,False,NORMAL,NORMAL,0.831
2026-09-06 09:30:00,24.194418766852547,24.2,-0.001,1.436,21.38,27.01,20.5,27.9,1006.5262281615783,1006.53,-0.0,1.425,1003.73,1009.32,1002.86,1010.2,46.41118515250011,46.41,-0.002,2.031,42.43,50.39,41.18,51.64,3.3182420448714796,3.29,0.025,1.518,0.32,6.27,0.0,7.2,False,NORMAL,NORMAL,0.85
2026-09-06 09:35:00,24.57441501683079,24.58,-0.001,1.436,21.76,27.39,20.88,28.28,1006.7648156947488,1006.76,-0.0,1.425,1003.97,1009.56,1003.1,1010.43,42.84744913089338,42.85,-0.002,2.031,38.87,46.83,37.62,48.08,3.1932041901662336,3.17,0.025,1.518,0.19,6.14,0.0,7.08,False,NORMAL,NORMAL,0.628
2026-09-06 09:40:00,24.93385853998988,24.93,-0.001,1.436,22.12,27.75,21.23,28.63,1006.6128262505177,1006.61,-0.0,1.425,1003.82,1009.41,1002.94,1010.28,45.90652405158955,45.91,-0.002,2.031,41.93,49.89,40.68,51.14,13.37526195832132,13.35,0.025,1.518,10.38,16.33,9.44,17.26,False,NORMAL,NORMAL,0.684
2026-09-06 09:45:00,24.38653140720533,24.39,-0.001,1.436,21.57,27.2,20.69,28.09,1006.5899362564697,1006.59,-0.0,1.425,1003.8,1009.38,1002.92,1010.26,47.22205287758874,47.22,-0.002,2.031,43.24,51.2,41.99,52.46,3.9122636324300872,3.89,0.025,1.518,0.91,6.86,0.0,7.8,False,NORMAL,NORMAL,0.776
2026-09-06 09:50:00,25.4426049379586,25.44,-0.001,1.436,22.63,28.26,21.74,29.14,1006.3657778716882,1006.37,-0.0,1.425,1003.57,1009.16,1002.7,1010.04,42.404140663326864,42.41,-0.002,2.031,38.42,46.39,37.17,47.64,2.4055906552622233,2.38,0.025,1.518,0.0,5.36,0.0,6.29,False,NORMAL,NORMAL,0.726
2026-09-06 09:55:00,24.87308142035918,24.87,-0.001,1.436,22.06,27.69,21.17,28.57,1006.594037818772,1006.59,-0.0,1.425,1003.8,1009.39,1002.92,1010.26,44.25965205551323,44.26,-0.002,2.031,40.28,48.24,39.03,49.49,5.824217172312553,5.8,0.025,1.518,2.82,8.77,1.89,9.71,False,NORMAL,NORMAL,0.783
2026-09-06 10:00:00,25.107187559027917,25.11,-0.001,1.436,22.29,27.92,21.41,28.81,1006.4200696142711,1006.42,-0.0,1.425,1003.63,1009.21,1002.75,1010.09,43.32292793836976,43.32,-0.002,2.031,39.34,47.31,38.09,48.56,9.220246432272653,9.2,0.025,1.518,6.22,12.17,5.28,13.11,False,NORMAL,NORMAL,0.798
2026-09-06 10:05:00,24.94918399511222,24.95,-0.001,1.436,22.13,27.77,21.25,28.65,1006.4420640312659,1006.44,-0.0,1.425,1003.65,1009.23,1002.77,1010.11,44.88015533201213,44.88,-0.002,2.031,40.9,48.86,39.65,50.11,7.070385669156052,7.05,0.025,1.518,4.07,10.02,3.13,10.96,False,NORMAL,NORMAL,0.853
2026-09-06 10:10:00,24.408766539865415,24.41,-0.001,1.436,21.59,27.22,20.71,28.11,1006.4074352005254,1006.41,-0.0,1.425,1003.62,1009.2,1002.74,1010.08,47.165620577692856,47.17,-0.002,2.032,43.19,51.15,41.93,52.4,3.9593302706986266,3.93,0.025,1.518,0.96,6.91,0.02,7.84,False,NORMAL,NORMAL,0.853
2026-09-06 10:15:00,25.860464718864307,25.86,-0.001,1.436,23.05,28.68,22.16,29.56,1006.3606515945847,1006.36,-0.0,1.425,1003.57,1009.15,1002.69,1010.03,38.90992432348388,38.91,-0.002,2.032,34.93,42.89,33.68,44.14,6.104534082543523,6.08,0.025,1.518,3.1,9.05,2.17,9.99,False,NORMAL,NORMAL,0.473
2026-09-06 10:20:00,25.92788909889029,25.93,-0.001,1.436,23.11,28.74,22.23,29.63,1006.8289791758677,1006.83,-0.0,1.425,1004.04,1009.62,1003.16,1010.5,41.940990890919174,41.94,-0.002,2.032,37.96,45.92,36.71,47.18,7.574381623991185,7.55,0.025,1.518,4.57,10.52,3.64,11.46,False,NORMAL,NORMAL,0.697
2026-09-06 10:25:00,25.644778689959953,25.65,-0.001,1.436,22.83,28.46,21.95,29.35,1006.6983960940235,1006.7,-0.0,1.425,1003.91,1009.49,1003.03,1010.37,42.2735025659875,42.28,-0.002,2.032,38.29,46.26,37.04,47.51,7.761165684209652,7.74,0.025,1.518,4.76,10.71,3.83,11.65,False,NORMAL,NORMAL,0.825
2026-09-06 10:30:00,25.906050533094213,25.91,-0.001,1.436,23.09,28.72,22.21,29.61,1006.7738638527818,1006.77,-0.0,1.425,1003.98,1009.57,1003.1,1010.44,42.8800488515189,42.88,-0.002,2.032,38.9,46.86,37.65,48.12,7.167311471554747,7.14,0.025,1.518,4.17,10.12,3.23,11.05,False,NORMAL,NORMAL,0.848
2026-09-06 10:35:00,26.20529506504822,26.21,-0.001,1.436,23.39,29.02,22.51,29.91,1006.2880992067791,1006.29,-0.0,1.425,1003.5,1009.08,1002.62,1009.96,41.11975492302284,41.12,-0.002,2.032,37.14,45.1,35.89,46.36,9.837940196014666,9.81,0.025,1.518,6.84,12.79,5.9,13.72,False,NORMAL,NORMAL,0.719
2026-09-06 10:40:00,25.491222104760688,25.49,-0.001,1.437,22.68,28.31,21.79,29.19,1006.466490077991,1006.47,-0.0,1.425,1003.67,1009.26,1002.8,1010.14,42.979958017297264,42.98,-0.002,2.032,39.0,46.96,37.75,48.22,9.877855301350293,9.85,0.025,1.518,6.88,12.83,5.94,13.76,False,NORMAL,NORMAL,0.759
2026-09-06 10:45:00,26.019532856106352,26.02,-0.001,1.437,23.2,28.84,22.32,29.72,1006.2445240341505,1006.24,-0.0,1.425,1003.45,1009.04,1002.57,1009.91,42.381438687568945,42.38,-0.002,2.032,38.4,46.37,37.15,47.62,6.464289713196263,6.44,0.025,1.518,3.46,9.41,2.53,10.35,False,NORMAL,NORMAL,0.813
2026-09-06 10:50:00,26.66130332390627,26.66,-0.001,1.437,23.85,29.48,22.96,30.36,1006.3153628226238,1006.32,-0.0,1.425,1003.52,1009.11,1002.65,1009.99,39.331727957811346,39.33,-0.002,2.032,35.35,43.32,34.1,44.57,5.236774635717148,5.21,0.025,1.518,2.24,8.19,1.3,9.12,False,NORMAL,NORMAL,0.81
2026-09-06 10:55:00,25.951794082075953,25.95,-0.001,1.437,23.14,28.77,22.25,29.65,1006.261526146835,1006.26,-0.0,1.425,1003.47,1009.05,1002.59,1009.93,42.87571389813295,42.88,-0.002,2.032,38.89,46.86,37.64,48.11,7.112099030622572,7.09,0.025,1.518,4.11,10.06,3.18,11.0,False,NORMAL,NORMAL,0.803
2026-09-06 11:00:00,26.678254349259852,26.68,-0.001,1.437,23.86,29.49,22.98,30.38,1006.5630183043068,1006.56,-0.0,1.425,1003.77,1009.36,1002.89,1010.23,40.03336467927822,40.03,-0.002,2.032,36.05,44.02,34.8,45.27,9.212709009894182,9.19,0.025,1.518,6.21,12.16,5.28,13.1,False,NORMAL,NORMAL,0.728
2026-09-06 11:05:00,26.122870008375372,26.12,-0.001,1.437,23.31,28.94,22.42,29.82,1006.2937388947505,1006.29,-0.0,1.425,1003.5,1009.09,1002.62,1009.96,41.359830997365904,41.36,-0.002,2.032,37.38,45.34,36.13,46.6,0.5337249397033996,0.51,0.025,1.518,0.0,3.48,0.0,4.42,False,NORMAL,NORMAL,0.627
2026-09-06 11:10:00,26.954039088591383,26.95,-0.001,1.437,24.14,29.77,23.25,30.66,1006.4877335477399,1006.49,-0.0,1.425,1003.7,1009.28,1002.82,1010.16,38.060000682996716,38.06,-0.002,2.032,34.08,42.04,32.83,43.3,15.648889245577784,15.62,0.025,1.518,12.65,18.6,11.71,19.54,False,NORMAL,NORMAL,0.336
2026-09-06 11:15:00,26.852411569817562,26.85,-0.001,1.437,24.04,29.67,23.15,30.55,1006.3905661142876,1006.39,-0.0,1.425,1003.6,1009.18,1002.72,1010.06,39.01053184470752,39.01,-0.002,2.032,35.03,43.0,33.78,44.25,3.215234417920494,3.19,0.025,1.518,0.21,6.17,0.0,7.1,False,NORMAL,NORMAL,0.711
2026-09-06 11:20:00,26.31699842976554,26.32,-0.001,1.437,23.5,29.13,22.62,30.02,1006.6160944663709,1006.62,-0.0,1.425,1003.82,1009.41,1002.95,1010.29,43.03398604724294,43.04,-0.002,2.032,39.05,47.02,37.8,48.27,5.727309617763051,5.7,0.025,1.518,2.73,8.68,1.79,9.61,False,NORMAL,NORMAL,0.791
2026-09-06 11:25:00,27.522458402869304,27.52,-0.001,1.437,24.71,30.34,23.82,31.22,1006.0173273500446,1006.02,-0.0,1.425,1003.23,1008.81,1002.35,1009.69,38.582879477241804,38.58,-0.002,2.032,34.6,42.57,33.35,43.82,10.346376523703375,10.32,0.025,1.518,7.34,13.3,6.41,14.23,False,NORMAL,NORMAL,0.422
2026-09-06 11:30:00,26.85331401865144,26.85,-0.001,1.437,24.04,29.67,23.15,30.55,1006.3948883532404,1006.4,-0.0,1.425,1003.6,1009.19,1002.73,1010.06,40.72733854471168,40.73,-0.002,2.033,36.75,44.71,35.49,45.96,3.6583371677099477,3.63,0.025,1.519,0.66,6.61,0.0,7.54,False,NORMAL,NORMAL,0.569
2026-09-06 11:35:00,26.91066352945068,26.91,-0.001,1.437,24.1,29.73,23.21,30.61,1006.3427664716957,1006.34,-0.0,1.425,1003.55,1009.14,1002.67,1010.01,41.16709812149236,41.17,-0.002,2.033,37.18,45.15,35.93,46.4,5.854616970079278,5.83,0.025,1.519,2.85,8.81,1.92,9.74,False,NORMAL,NORMAL,0.826
2026-09-06 11:40:00,27.399582723812482,27.4,-0.001,1.437,24.58,30.22,23.7,31.1,1005.9876058085233,1005.99,-0.0,1.425,1003.2,1008.78,1002.32,1009.66,38.39045490312989,38.39,-0.002,2.033,34.41,42.38,33.16,43.63,2.75392627099171,2.73,0.025,1.519,0.0,5.71,0.0,6.64,False,NORMAL,NORMAL,0.777
2026-09-06 11:45:00,27.860329489907866,27.86,-0.001,1.437,25.05,30.68,24.16,31.56,1006.2454922140042,1006.25,-0.0,1.425,1003.45,1009.04,1002.58,1009.92,37.64053105699116,37.64,-0.002,2.033,33.66,41.63,32.41,42.88,5.1962815059421,5.17,0.025,1.519,2.19,8.15,1.26,9.08,False,NORMAL,NORMAL,0.778
2026-09-06 11:50:00,27.072948053689633,27.07,-0.001,1.437,24.26,29.89,23.37,30.77,1006.1036370653236,1006.1,-0.0,1.425,1003.31,1008.9,1002.43,1009.77,39.280297496531645,39.28,-0.002,2.033,35.3,43.27,34.05,44.52,3.2477811955336304,3.22,0.025,1.519,0.25,6.2,0.0,7.13,False,NORMAL,NORMAL,0.783
2026-09-06 11:55:00,27.579188944565974,27.58,-0.001,1.437,24.76,30.4,23.88,31.28,1005.9758610627102,1005.98,-0.0,1.425,1003.18,1008.77,1002.31,1009.65,35.688634557997176,35.69,-0.002,2.033,31.71,39.67,30.45,40.93,4.962029749006807,4.94,0.025,1.519,1.96,7.91,1.02,8.85,False,NORMAL,NORMAL,0.639
2026-09-06 12:00:00,27.798078613055072,27.8,-0.001,1.437,24.98,30.61,24.1,31.5,1005.8411283027157,1005.84,-0.0,1.425,1003.05,1008.63,1002.17,1009.51,37.86569248645057,37.87,-0.002,2.033,33.88,41.85,32.63,43.1,5.063535015941738,5.04,0.025,1.519,2.06,8.01,1.13,8.95,False,NORMAL,NORMAL,0.84
2026-09-06 12:05:00,27.972582389151388,27.97,-0.001,1.437,25.16,30.79,24.27,31.67,1005.8095564816832,1005.81,-0.0,1.425,1003.02,1008.6,1002.14,1009.48,37.241099594357124,37.24,-0.002,2.033,33.26,41.23,32.01,42.48,16.58893571654396,16.56,0.025,1.519,13.59,19.54,12.65,20.48,False,NORMAL,NORMAL,0.603
2026-09-06 12:10:00,27.831417934226888,27.83,-0.001,1.437,25.02,30.65,24.13,31.53,1006.1755706840694,1006.18,-0.0,1.425,1003.38,1008.97,1002.51,1009.85,38.651843887938284,38.65,-0.002,2.033,34.67,42.64,33.42,43.89,17.092217286340595,17.07,0.025,1.519,14.09,20.04,13.15,20.98,False,NORMAL,NORMAL,0.676
2026-09-06 12:15:00,27.676205869228344,27.68,-0.001,1.437,24.86,30.49,23.98,31.38,1005.8168568431358,1005.82,-0.0,1.425,1003.02,1008.61,1002.15,1009.49,37.45498544728379,37.46,-0.002,2.033,33.47,41.44,32.22,42.69,2.6094586773525017,2.58,0.025,1.519,0.0,5.56,0.0,6.5,False,NORMAL,NORMAL,0.574
2026-09-06 12:20:00,27.550794235974223,27.55,-0.001,1.437,24.74,30.37,23.85,31.25,1005.8807212591273,1005.88,-0.0,1.425,1003.09,1008.67,1002.21,1009.55,37.269907322902036,37.27,-0.002,2.033,33.29,41.26,32.03,42.51,8.526284418548766,8.5,0.025,1.519,5.52,11.48,4.59,12.41,False,NORMAL,NORMAL,0.788
2026-09-06 12:25:00,27.971703546469033,27.97,-0.001,1.437,25.16,30.79,24.27,31.67,1005.5894224893967,1005.59,-0.0,1.425,1002.8,1008.38,1001.92,1009.26,35.66915421223564,35.67,-0.002,2.033,31.69,39.66,30.43,40.91,1.731938374774957,1.71,0.025,1.519,0.0,4.68,0.0,5.62,False,NORMAL,NORMAL,0.591
2026-09-06 12:30:00,27.56037477047687,27.56,-0.001,1.437,24.74,30.38,23.86,31.26,1005.5337641772396,1005.53,-0.0,1.425,1002.74,1008.33,1001.86,1009.2,38.06024634241618,38.06,-0.002,2.033,34.08,42.05,32.82,43.3,1.3188860232527075,1.29,0.025,1.519,0.0,4.27,0.0,5.21,False,NORMAL,NORMAL,0.769
2026-09-06 12:35:00,26.86921129688907,26.87,-0.001,1.437,24.05,29.69,23.17,30.57,1005.7537786709496,1005.75,-0.0,1.425,1002.96,1008.55,1002.08,1009.42,39.08407086204252,39.09,-0.002,2.033,35.1,43.07,33.85,44.32,2.5189972924805843,2.49,0.025,1.519,0.0,5.47,0.0,6.41,False,NORMAL,NORMAL,0.793
2026-09-06 12:40:00,28.25740295208638,28.26,-0.001,1.437,25.44,31.07,24.56,31.96,1005.3278666714888,1005.33,-0.0,1.425,1002.54,1008.12,1001.66,1009.0,36.75796556854488,36.76,-0.002,2.033,32.77,40.74,31.52,42.0,13.884297284267857,13.86,0.025,1.519,10.88,16.84,9.95,17.77,False,NORMAL,NORMAL,0.336
2026-09-06 12:45:00,28.485858311079603,28.49,-0.001,1.437,25.67,31.3,24.79,32.19,1005.4049598695683,1005.41,-0.0,1.425,1002.61,1008.2,1001.74,1009.08,36.03137796349758,36.03,-0.002,2.033,32.05,40.02,30.79,41.27,12.752278260842415,12.73,0.025,1.519,9.75,15.7,8.81,16.64,False,NORMAL,NORMAL,0.721
2026-09-06 12:50:00,27.217067628441217,27.22,-0.001,1.437,24.4,30.03,23.52,30.92,1005.4074389885968,1005.41,-0.0,1.425,1002.62,1008.2,1001.74,1009.08,38.86792373437001,38.87,-0.002,2.034,34.88,42.86,33.63,44.11,3.5278950633921617,3.5,0.025,1.519,0.53,6.48,0.0,7.42,False,NORMAL,NORMAL,0.663
2026-09-06 12:55:00,27.792730226115232,27.79,-0.001,1.437,24.98,30.61,24.09,31.49,1005.352329262197,1005.35,-0.0,1.425,1002.56,1008.14,1001.68,1009.02,38.27200518490275,38.27,-0.002,2.034,34.29,42.26,33.04,43.51,3.196598918848476,3.17,0.025,1.519,0.19,6.15,0.0,7.08,False,NORMAL,NORMAL,0.792
2026-09-06 13:00:00,28.475068314714623,28.48,-0.001,1.437,25.66,31.29,24.77,32.18,1005.2402888020412,1005.24,-0.0,1.425,1002.45,1008.03,1001.57,1008.91,35.9946070400487,36.0,-0.002,2.034,32.01,39.98,30.76,41.23,3.9996291318131934,3.97,0.025,1.519,1.0,6.95,0.06,7.89,False,NORMAL,NORMAL,0.814
2026-09-06 13:05:00,29.07756935468438,29.08,-0.001,1.437,26.26,31.89,25.38,32.78,1005.2563453367886,1005.26,-0.0,1.425,1002.46,1008.05,1001.59,1008.93,34.84031102363532,34.84,-0.002,2.034,30.86,38.83,29.6,40.08,6.501441579524954,6.48,0.025,1.519,3.5,9.45,2.56,10.39,False,NORMAL,NORMAL,0.826
2026-09-06 13:10:00,28.286413665914576,28.29,-0.001,1.437,25.47,31.1,24.59,31.99,1005.2290634415535,1005.23,-0.0,1.425,1002.44,1008.02,1001.56,1008.9,35.04242762099158,35.04,-0.002,2.034,31.06,39.03,29.8,40.28,7.023057224123858,7.0,0.025,1.519,4.02,9.98,3.08,10.91,False,NORMAL,NORMAL,0.685
2026-09-06 13:15:00,28.006762245311673,28.01,-0.001,1.437,25.19,30.82,24.31,31.71,1005.1618931932917,1005.16,-0.0,1.425,1002.37,1007.95,1001.49,1008.83,38.78022823308884,38.78,-0.002,2.034,34.8,42.77,33.54,44.02,3.832739018589263,3.81,0.025,1.519,0.83,6.79,0.0,7.72,False,NORMAL,NORMAL,0.797
2026-09-06 13:20:00,28.240997837517238,28.24,-0.001,1.437,25.43,31.06,24.54,31.94,1004.8288494430149,1004.83,-0.0,1.425,1002.04,1007.62,1001.16,1008.5,36.23499106516217,36.24,-0.002,2.034,32.25,40.22,31.0,41.48,9.113695600081913,9.09,0.025,1.519,6.11,12.07,5.18,13.0,False,NORMAL,NORMAL,0.756
2026-09-06 13:25:00,28.876611032291258,28.88,-0.001,1.437,26.06,31.69,25.18,32.58,1004.8576428084219,1004.86,-0.0,1.425,1002.07,1007.65,1001.19,1008.53,34.98371841588667,34.99,-0.002,2.034,31.0,38.97,29.75,40.22,4.670777909841359,4.65,0.025,1.519,1.67,7.62,0.73,8.56,False,NORMAL,NORMAL,0.792
2026-09-06 13:30:00,28.07707698979466,28.08,-0.001,1.437,25.26,30.89,24.38,31.78,1005.0016171263525,1005.0,-0.0,1.425,1002.21,1007.79,1001.33,1008.67,36.97858337273311,36.98,-0.002,2.034,32.99,40.97,31.74,42.22,12.27242650956249,12.25,0.025,1.519,9.27,15.22,8.33,16.16,False,NORMAL,NORMAL,0.674
2026-09-06 13:35:00,28.020875078077985,28.02,-0.001,1.437,25.21,30.84,24.32,31.72,1004.8773971212231,1004.88,-0.0,1.425,1002.09,1007.67,1001.21,1008.55,37.45719579770842,37.46,-0.002,2.034,33.47,41.45,32.22,42.7,7.948505065218084,7.92,0.025,1.519,4.95,10.9,4.01,11.84,False,NORMAL,NORMAL,0.814
2026-09-06 13:40:00,28.148821384263872,28.15,-0.001,1.437,25.33,30.97,24.45,31.85,1004.4568024167871,1004.46,-0.0,1.425,1001.66,1007.25,1000.79,1008.13,38.3775924846028,38.38,-0.002,2.034,34.39,42.37,33.14,43.62,5.8239590993967685,5.8,0.025,1.519,2.82,8.78,1.89,9.71,False,NORMAL,NORMAL,0.786
2026-09-06 13:45:00,27.95822442495173,27.96,-0.001,1.437,25.14,30.78,24.26,31.66,1004.6337947091196,1004.63,-0.0,1.425,1001.84,1007.43,1000.96,1008.3,36.79166601450804,36.79,-0.002,2.034,32.81,40.78,31.55,42.03,9.612118469156222,9.59,0.025,1.519,6.61,12.56,5.67,13.5,False,NORMAL,NORMAL,0.747
2026-09-06 13:50:00,28.382525504948966,28.38,-0.001,1.437,25.57,31.2,24.68,32.09,1004.2015693637916,1004.2,-0.0,1.425,1001.41,1006.99,1000.53,1007.87,36.68590451868082,36.69,-0.002,2.034,32.7,40.67,31.45,41.93,10.046518372602565,10.02,0.025,1.519,7.04,13.0,6.11,13.94,False,NORMAL,NORMAL,0.705
2026-09-06 13:55:00,28.973490785704048,28.97,-0.001,1.437,26.16,31.79,25.27,32.68,1004.4215444293701,1004.42,-0.0,1.425,1001.63,1007.21,1000.75,1008.09,35.16684489531264,35.17,-0.002,2.034,31.18,39.16,29.93,40.41,4.510400737305906,4.49,0.025,1.519,1.51,7.46,0.57,8.4,False,NORMAL,NORMAL,0.738
2026-09-06 14:00:00,28.439271535055546,28.44,-0.001,1.437,25.62,31.26,24.74,32.14,1004.614424969017,1004.61,-0.0,1.425,1001.82,1007.41,1000.94,1008.28,37.621571150414624,37.62,-0.002,2.034,33.64,41.61,32.38,42.86,4.9608741908745895,4.94,0.025,1.519,1.96,7.91,1.02,8.85,False,NORMAL,NORMAL,0.782
2026-09-06 14:05:00,28.191776943674085,28.19,-0.001,1.437,25.38,31.01,24.49,31.89,1004.1019728027046,1004.1,-0.0,1.425,1001.31,1006.89,1000.43,1007.77,35.361305093541716,35.36,-0.002,2.034,31.38,39.35,30.12,40.6,12.763892224493247,12.74,0.025,1.519,9.76,15.72,8.82,16.65,False,NORMAL,NORMAL,0.379
2026-09-06 14:10:00,28.15493195603551,28.16,-0.001,1.437,25.34,30.97,24.45,31.86,1004.0326346760636,1004.03,-0.0,1.425,1001.24,1006.83,1000.36,1007.7,35.29112433303802,35.29,-0.002,2.035,31.31,39.28,30.05,40.53,3.2660671422629526,3.24,0.025,1.519,0.26,6.22,0.0,7.16,False,NORMAL,NORMAL,0.554
2026-09-06 14:15:00,27.62158117389075,27.62,-0.001,1.437,24.81,30.44,23.92,31.32,1004.1853342083062,1004.19,-0.0,1.425,1001.39,1006.98,1000.52,1007.86,38.72865782381747,38.73,-0.002,2.035,34.74,42.72,33.49,43.97,1.5969260292735263,1.57,0.025,1.519,0.0,4.55,0.0,5.49,False,NORMAL,NORMAL,0.773
2026-09-06 14:20:00,28.57157047888846,28.57,-0.001,1.437,25.76,31.39,24.87,32.27,1003.7516686934996,1003.75,-0.0,1.425,1000.96,1006.54,1000.08,1007.42,37.305276550326575,37.31,-0.002,2.035,33.32,41.29,32.07,42.55,5.983857633461313,5.96,0.025,1.52,2.98,8.94,2.04,9.87,False,NORMAL,NORMAL,0.625
2026-09-06 14:25:00,28.57157047888846,28.57,-0.001,1.437,25.76,31.39,24.87,32.27,1003.8000414589411,1003.8,-0.0,1.425,1001.01,1006.59,1000.13,1007.47,35.792223843005026,35.79,-0.002,2.035,31.81,39.78,30.55,41.04,9.77027624174918,9.75,0.025,1.52,6.77,12.72,5.83,13.66,False,NORMAL,NORMAL,0.735
2026-09-06 14:30:00,28.57157047888846,28.57,-0.001,1.437,25.76,31.39,24.87,32.27,1003.8958888096608,1003.9,-0.0,1.425,1001.1,1006.69,1000.23,1007.57,36.37858553270799,36.38,-0.002,2.035,32.39,40.37,31.14,41.62,9.334939452610124,9.31,0.025,1.52,6.33,12.29,5.4,13.22,False,NORMAL,NORMAL,0.82
2026-09-06 14:35:00,28.57157047888846,28.57,-0.001,1.437,25.76,31.39,24.87,32.27,1003.6224466393929,1003.62,-0.0,1.425,1000.83,1006.42,999.95,1007.29,35.86756077610472,35.87,-0.002,2.035,31.88,39.86,30.63,41.11,12.182431561723293,12.16,0.025,1.52,9.18,15.14,8.24,16.07,False,NORMAL,NORMAL,0.773
2026-09-06 14:40:00,28.57157047888846,28.57,-0.001,1.437,25.76,31.39,24.87,32.27,1003.5931577836507,1003.59,-0.0,1.425,1000.8,1006.39,999.92,1007.26,38.476324187150276,38.48,-0.002,2.035,34.49,42.47,33.24,43.72,6.691722066715213,6.67,0.025,1.52,3.69,9.65,2.75,10.58,False,NORMAL,NORMAL,0.789
2026-09-06 14:45:00,28.57157047888846,28.57,-0.001,1.437,25.76,31.39,24.87,32.27,1003.6510406593341,1003.65,-0.0,1.425,1000.86,1006.44,999.98,1007.32,39.031805317519556,39.03,-0.002,2.035,35.04,43.02,33.79,44.28,2.486491108105646,2.46,0.025,1.52,0.0,5.44,0.0,6.38,False,NORMAL,NORMAL,0.824
2026-09-06 14:50:00,28.57157047888846,28.57,-0.001,1.437,25.76,31.39,24.87,32.27,1003.5134996068093,1003.51,-0.0,1.425,1000.72,1006.31,999.84,1007.18,37.197477701347744,37.2,-0.002,2.035,33.21,41.19,31.96,42.44,7.208502832652095,7.18,0.025,1.52,4.2,10.16,3.27,11.1,False,NORMAL,NORMAL,0.808
2026-09-06 14:55:00,28.57157047888846,28.57,-0.001,1.437,25.76,31.39,24.87,32.27,1003.4012408890491,1003.4,-0.0,1.425,1000.61,1006.19,999.73,1007.07,36.43163969552056,36.43,-0.002,2.035,32.44,40.42,31.19,41.68,9.37468676702412,9.35,0.025,1.52,6.37,12.33,5.43,13.26,False,NORMAL,NORMAL,0.817
2026-09-06 15:00:00,28.57157047888846,28.57,-0.001,1.437,25.76,31.39,24.87,32.27,1003.221496310479,1003.22,-0.0,1.425,1000.43,1006.01,999.55,1006.89,37.55655401647669,37.56,-0.002,2.035,33.57,41.55,32.32,42.8,2.3867054488662296,2.36,0.025,1.52,0.0,5.34,0.0,6.28,False,NORMAL,NORMAL,0.776
2026-09-06 15:05:00,28.57157047888846,28.57,-0.001,1.437,25.76,31.39,24.87,32.27,1003.2393171543387,1003.24,-0.0,1.425,1000.45,1006.03,999.57,1006.91,40.074172975647414,40.08,-0.002,2.035,36.09,44.06,34.83,45.32,3.3139912239115907,3.29,0.025,1.52,0.31,6.27,0.0,7.2,False,NORMAL,NORMAL,0.81
2026-09-06 15:10:00,28.57157047888846,28.57,-0.001,1.437,25.76,31.39,24.87,32.27,1003.077088947272,1003.08,-0.0,1.425,1000.28,1005.87,999.41,1006.75,37.005507631555915,37.01,-0.002,2.035,33.02,41.0,31.76,42.25,0.8449643228098662,0.82,0.025,1.52,0.0,3.8,0.0,4.73,False,NORMAL,NORMAL,0.776
2026-09-06 15:15:00,28.57157047888846,28.57,-0.001,1.437,25.76,31.39,24.87,32.27,1003.0766585976914,1003.08,-0.0,1.425,1000.28,1005.87,999.41,1006.75,37.2373956617747,37.24,-0.002,2.035,33.25,41.23,32.0,42.48,7.196284049804617,7.17,0.025,1.52,4.19,10.15,3.26,11.09,False,NORMAL,NORMAL,0.81
2026-09-06 15:20:00,28.57157047888846,28.57,-0.001,1.437,25.76,31.39,24.87,32.27,1002.8463850332773,1002.85,-0.0,1.425,1000.05,1005.64,999.18,1006.52,37.702509338618135,37.7,-0.002,2.035,33.71,41.69,32.46,42.95,11.167943748213624,11.14,0.025,1.52,8.16,14.12,7.23,15.06,False,NORMAL,NORMAL,0.803
2026-09-06 15:25:00,28.57157047888846,28.57,-0.001,1.437,25.76,31.39,24.87,32.27,1002.807174298424,1002.81,-0.0,1.425,1000.01,1005.6,999.14,1006.48,37.493125245368326,37.49,-0.002,2.035,33.51,41.48,32.25,42.74,7.957275499182092,7.93,0.025,1.52,4.95,10.91,4.02,11.85,False,NORMAL,NORMAL,0.819
2026-09-06 15:30:00,28.57157047888846,28.57,-0.001,1.437,25.76,31.39,24.87,32.27,1002.6004972986752,1002.6,-0.0,1.425,999.81,1005.39,998.93,1006.27,39.910743746181545,39.91,-0.002,2.035,35.92,43.9,34.67,45.16,15.101958856701428,15.08,0.025,1.52,12.1,18.06,11.16,18.99,False,NORMAL,NORMAL,0.692
2026-09-06 15:35:00,28.57157047888846,28.57,-0.001,1.437,25.76,31.39,24.87,32.27,1002.6590655031058,1002.66,-0.0,1.425,999.87,1005.45,998.99,1006.33,37.02833816159185,37.03,-0.002,2.036,33.04,41.02,31.79,42.27,1.9172108776124388,1.89,0.025,1.52,0.0,4.87,0.0,5.81,False,NORMAL,NORMAL,0.642
2026-09-06 15:40:00,28.57157047888846,28.57,-0.001,1.437,25.76,31.39,24.87,32.27,1002.4589832503895,1002.46,-0.0,1.425,999.67,1005.25,998.79,1006.13,39.06441972842085,39.07,-0.002,2.036,35.08,43.06,33.82,44.31,11.446404840236221,11.42,0.025,1.52,8.44,14.4,7.51,15.34,False,NORMAL,NORMAL,0.716
2026-09-06 15:45:00,27.517051668454386,27.52,-0.001,1.437,24.7,30.34,23.82,31.22,1002.3309295936343,1002.33,-0.0,1.425,999.54,1005.12,998.66,1006.0,36.22727954125579,36.23,-0.002,2.036,32.24,40.22,30.98,41.47,9.693117233515126,9.67,0.025,1.52,6.69,12.65,5.75,13.58,False,NORMAL,NORMAL,0.535
2026-09-06 15:50:00,27.27703550838565,27.28,-0.001,1.437,24.46,30.1,23.58,30.98,1002.4554192518165,1002.46,-0.0,1.425,999.66,1005.25,998.79,1006.13,38.95798998619526,38.96,-0.002,2.036,34.97,42.95,33.72,44.2,4.576592599327266,4.55,0.025,1.52,1.57,7.53,0.64,8.47,False,NORMAL,NORMAL,0.771
2026-09-06 15:55:00,26.648500760816734,26.65,-0.001,1.437,23.83,29.47,22.95,30.35,1002.3683871200028,1002.37,-0.0,1.425,999.58,1005.16,998.7,1006.04,39.19812879706282,39.2,-0.002,2.036,35.21,43.19,33.96,44.44,14.156907066173767,14.13,0.025,1.52,11.15,17.11,10.22,18.05,False,NORMAL,NORMAL,0.684
2026-09-06 16:00:00,26.630265084035763,26.63,-0.001,1.437,23.81,29.45,22.93,30.33,1002.375126214829,1002.38,-0.0,1.425,999.58,1005.17,998.7,1006.05,40.7592106648879,40.76,-0.002,2.036,36.77,44.75,35.52,46.01,4.31536443140576,4.29,0.025,1.52,1.31,7.27,0.37,8.21,False,NORMAL,NORMAL,0.746
2026-09-06 16:05:00,27.19709277121155,27.2,-0.001,1.437,24.38,30.02,23.5,30.9,1002.1156966016015,1002.12,-0.0,1.425,999.32,1004.91,998.45,1005.79,38.0618421411878,38.06,-0.002,2.036,34.07,42.05,32.82,43.31,10.949928020598518,10.92,0.025,1.52,7.95,13.9,7.01,14.84,False,NORMAL,NORMAL,0.739
2026-09-06 16:10:00,26.545446418208634,26.55,-0.001,1.437,23.73,29.36,22.84,30.25,1002.1657810992012,1002.17,-0.0,1.425,999.37,1004.96,998.5,1005.84,41.60888787172527,41.61,-0.002,2.036,37.62,45.6,36.37,46.86,10.72617227274595,10.7,0.025,1.52,7.72,13.68,6.79,14.62,False,NORMAL,NORMAL,0.753
2026-09-06 16:15:00,26.409014345037942,26.41,-0.001,1.437,23.59,29.23,22.71,30.11,1002.1130218215095,1002.11,-0.0,1.425,999.32,1004.91,998.44,1005.78,42.875242879891076,42.88,-0.002,2.036,38.89,46.87,37.63,48.12,8.725801417666645,8.7,0.025,1.52,5.72,11.68,4.78,12.62,False,NORMAL,NORMAL,0.831
2026-09-06 16:20:00,26.076456868313976,26.08,-0.001,1.437,23.26,28.89,22.37,29.78,1002.0246498710608,1002.02,-0.0,1.425,999.23,1004.82,998.35,1005.7,41.44310904408571,41.44,-0.002,2.036,37.45,45.44,36.2,46.69,6.64814839154866,6.62,0.025,1.52,3.64,9.6,2.71,10.54,False,NORMAL,NORMAL,0.823
2026-09-06 16:25:00,26.512940108113234,26.51,-0.001,1.437,23.7,29.33,22.81,30.22,1001.7633986284586,1001.76,-0.0,1.425,998.97,1004.56,998.09,1005.43,42.8742811535078,42.88,-0.002,2.036,38.88,46.87,37.63,48.12,2.6008263768562694,2.58,0.025,1.52,0.0,5.56,0.0,6.49,False,NORMAL,NORMAL,0.782
2026-09-06 16:30:00,27.050516346467504,27.05,-0.001,1.437,24.23,29.87,23.35,30.75,1001.8408212127366,1001.84,-0.0,1.425,999.05,1004.63,998.17,1005.51,41.83386462046847,41.84,-0.002,2.036,37.84,45.83,36.59,47.08,6.313158797714504,6.29,0.025,1.52,3.31,9.27,2.37,10.2,False,NORMAL,NORMAL,0.795
2026-09-06 16:35:00,25.677560786257157,25.68,-0.001,1.437,22.86,28.5,21.98,29.38,1001.8061377876322,1001.81,-0.0,1.425,999.01,1004.6,998.14,1005.48,43.79850275528341,43.8,-0.002,2.036,39.81,47.79,38.55,49.05,4.793415901725141,4.77,0.025,1.52,1.79,7.75,0.85,8.68,False,NORMAL,NORMAL,0.746
2026-09-06 16:40:00,25.990442779841775,25.99,-0.001,1.438,23.17,28.81,22.29,29.69,1001.6876934401548,1001.69,-0.0,1.425,998.9,1004.48,998.02,1005.36,42.068755028363356,42.07,-0.002,2.036,38.08,46.06,36.82,47.32,9.006767673039354,8.98,0.025,1.52,6.0,11.96,5.07,12.9,False,NORMAL,NORMAL,0.775
2026-09-06 16:45:00,26.41899094238961,26.42,-0.001,1.438,23.6,29.24,22.72,30.12,1001.3108114378326,1001.31,-0.0,1.425,998.52,1004.1,997.64,1004.98,43.96892652938398,43.97,-0.002,2.036,39.98,47.96,38.72,49.22,8.523085023463338,8.5,0.025,1.52,5.52,11.48,4.58,12.41,False,NORMAL,NORMAL,0.782
2026-09-06 16:50:00,25.692815155404887,25.69,-0.001,1.438,22.88,28.51,21.99,29.4,1001.5871527113775,1001.59,-0.0,1.425,998.79,1004.38,997.92,1005.26,42.64151547922947,42.64,-0.002,2.036,38.65,46.63,37.4,47.89,11.067279528919972,11.04,0.025,1.52,8.06,14.02,7.13,14.96,False,NORMAL,NORMAL,0.688
2026-09-06 16:55:00,25.773466640722756,25.77,-0.001,1.438,22.96,28.59,22.07,29.48,1001.836444685624,1001.84,-0.0,1.425,999.04,1004.63,998.17,1005.51,43.10401858928977,43.11,-0.002,2.037,39.11,47.1,37.86,48.35,0.86654362197731,0.84,0.025,1.52,0.0,3.82,0.0,4.76,False,NORMAL,NORMAL,0.672
2026-09-06 17:00:00,25.03274122274415,25.03,-0.001,1.438,22.22,27.85,21.33,28.74,1001.3942907267528,1001.39,-0.0,1.425,998.6,1004.19,997.72,1005.06,46.28704099221556,46.29,-0.002,2.037,42.3,50.28,41.04,51.53,9.079652017287703,9.05,0.025,1.52,6.07,12.03,5.14,12.97,False,NORMAL,NORMAL,0.62
2026-09-06 17:05:00,25.491595274710846,25.49,-0.001,1.438,22.67,28.31,21.79,29.2,1001.2851150330762,1001.29,-0.0,1.425,998.49,1004.08,997.61,1004.96,45.30020063221363,45.3,-0.002,2.037,41.31,49.29,40.06,50.55,11.723939765496983,11.7,0.025,1.521,8.72,14.68,7.78,15.62,False,NORMAL,NORMAL,0.757
2026-09-06 17:10:00,25.10544148837598,25.11,-0.001,1.438,22.29,27.92,21.4,28.81,1001.3987060484469,1001.4,-0.0,1.425,998.61,1004.19,997.73,1005.07,45.89433010057318,45.9,-0.002,2.037,41.9,49.89,40.65,51.14,8.718391292578405,8.69,0.025,1.521,5.71,11.67,4.78,12.61,False,NORMAL,NORMAL,0.796
2026-09-06 17:15:00,25.432132024422998,25.43,-0.001,1.438,22.62,28.25,21.73,29.14,1001.3403297750751,1001.34,-0.0,1.425,998.55,1004.13,997.67,1005.01,44.7243044140711,44.73,-0.002,2.037,40.73,48.72,39.48,49.97,2.595879617064332,2.57,0.025,1.521,0.0,5.55,0.0,6.49,False,NORMAL,NORMAL,0.791
2026-09-06 17:20:00,25.367911689215013,25.37,-0.001,1.438,22.55,28.19,21.67,29.07,1001.4255856854296,1001.43,-0.0,1.425,998.63,1004.22,997.76,1005.1,44.32822464204192,44.33,-0.002,2.037,40.34,48.32,39.08,49.58,2.013104190737335,1.99,0.025,1.521,0.0,4.97,0.0,5.9,False,NORMAL,NORMAL,0.823
2026-09-06 17:25:00,25.78153990742758,25.78,-0.001,1.438,22.96,28.6,22.08,29.49,1001.0136675914134,1001.01,-0.0,1.425,998.22,1003.81,997.34,1004.68,42.60134017774687,42.6,-0.002,2.037,38.61,46.6,37.36,47.85,0.9981311750750641,0.97,0.025,1.521,0.0,3.95,0.0,4.89,False,NORMAL,NORMAL,0.699
2026-09-06 17:30:00,24.828029531918837,24.83,-0.001,1.438,22.01,27.65,21.13,28.53,1001.2702301472852,1001.27,-0.0,1.425,998.48,1004.06,997.6,1004.94,45.503288286624105,45.5,-0.002,2.037,41.51,49.5,40.26,50.75,6.807971026725156,6.78,0.025,1.521,3.8,9.76,2.87,10.7,False,NORMAL,NORMAL,0.649
2026-09-06 17:35:00,24.57472705253249,24.58,-0.001,1.438,21.76,27.39,20.87,28.28,1001.2097933003148,1001.21,-0.0,1.425,998.42,1004.0,997.54,1004.88,47.40826653164246,47.41,-0.002,2.037,43.42,51.4,42.16,52.66,6.778291783533634,6.75,0.025,1.521,3.77,9.73,2.84,10.67,False,NORMAL,NORMAL,0.815
2026-09-06 17:40:00,24.368231882082366,24.37,-0.001,1.438,21.55,27.19,20.67,28.07,1001.063170966411,1001.06,-0.0,1.425,998.27,1003.86,997.39,1004.73,47.488789697914314,47.49,-0.002,2.037,43.5,51.48,42.24,52.74,14.080590712983163,14.06,0.025,1.521,11.07,17.04,10.14,17.97,False,NORMAL,NORMAL,0.694
2026-09-06 17:45:00,23.993186641314757,23.99,-0.001,1.438,21.18,26.81,20.29,27.7,1001.1011353066698,1001.1,-0.0,1.425,998.31,1003.89,997.43,1004.77,46.728762781098034,46.73,-0.002,2.037,42.74,50.72,41.48,51.98,4.789197345671478,4.76,0.025,1.521,1.78,7.74,0.85,8.68,False,NORMAL,NORMAL,0.76
2026-09-06 17:50:00,24.11179607936059,24.11,-0.001,1.438,21.29,26.93,20.41,27.82,1001.1731823396686,1001.17,-0.0,1.425,998.38,1003.97,997.5,1004.84,49.28187053486082,49.28,-0.002,2.037,45.29,53.28,44.04,54.53,4.243643258216692,4.22,0.025,1.521,1.24,7.2,0.3,8.14,False,NORMAL,NORMAL,0.831
2026-09-06 17:55:00,23.698235776434416,23.7,-0.001,1.438,20.88,26.52,20.0,27.4,1001.1206463987335,1001.12,-0.0,1.425,998.33,1003.91,997.45,1004.79,49.683029588104134,49.68,-0.002,2.037,45.69,53.68,44.44,54.93,6.572193852747573,6.55,0.025,1.521,3.57,9.53,2.63,10.46,False,NORMAL,NORMAL,0.825
2026-09-06 18:00:00,23.721889943103758,23.72,-0.001,1.438,20.9,26.54,20.02,27.43,1000.7919927130534,1000.79,-0.0,1.425,998.0,1003.58,997.12,1004.46,48.0428555470746,48.04,-0.002,2.037,44.05,52.04,42.8,53.29,8.72212785415736,8.7,0.025,1.521,5.72,11.68,4.78,12.61,False,NORMAL,NORMAL,0.772
2026-09-06 18:05:00,24.017841127746667,24.02,-0.001,1.438,21.2,26.84,20.31,27.72,1001.0627299239452,1001.06,-0.0,1.425,998.27,1003.86,997.39,1004.73,48.51127576407334,48.51,-0.002,2.037,44.52,52.51,43.26,53.76,10.897309384887949,10.87,0.025,1.521,7.89,13.85,6.95,14.79,False,NORMAL,NORMAL,0.761
2026-09-06 18:10:00,22.922741834867708,22.92,-0.001,1.438,20.11,25.74,19.22,26.63,1000.9088761252289,1000.91,-0.0,1.425,998.12,1003.7,997.24,1004.58,53.071175876847526,53.07,-0.002,2.037,49.08,57.07,47.82,58.32,8.30657290151249,8.28,0.025,1.521,5.3,11.26,4.36,12.2,False,NORMAL,NORMAL,0.67
2026-09-06 18:15:00,23.61420092532993,23.61,-0.001,1.438,20.8,26.43,19.91,27.32,1000.9109905968456,1000.91,-0.0,1.425,998.12,1003.7,997.24,1004.58,48.406656180595554,48.41,-0.002,2.038,44.41,52.4,43.16,53.66,4.827950267819264,4.8,0.025,1.521,1.82,7.78,0.88,8.72,False,NORMAL,NORMAL,0.76
2026-09-06 18:20:00,23.516394599192775,23.52,-0.001,1.438,20.7,26.34,19.81,27.22,1000.8951158136421,1000.9,-0.0,1.425,998.1,1003.69,997.22,1004.57,50.443696871072504,50.45,-0.002,2.038,46.45,54.44,45.2,55.69,6.454220619595652,6.43,0.025,1.521,3.45,9.41,2.51,10.35,False,NORMAL,NORMAL,0.829
2026-09-06 18:25:00,22.77210400129638,22.77,-0.001,1.438,19.95,25.59,19.07,26.48,1000.8482588658798,1000.85,-0.0,1.425,998.06,1003.64,997.18,1004.52,51.34056897757578,51.34,-0.002,2.038,47.35,55.34,46.09,56.59,8.89478052179719,8.87,0.025,1.521,5.89,11.85,4.95,12.79,False,NORMAL,NORMAL,0.799
2026-09-06 18:30:00,21.79893216001728,21.8,-0.001,1.438,18.98,24.62,18.1,25.5,1001.0387740119312,1001.04,-0.0,1.425,998.25,1003.83,997.37,1004.71,58.230310922740536,58.23,-0.002,2.038,54.24,62.23,52.98,63.48,5.208632589162215,5.18,0.025,1.521,2.2,8.16,1.27,9.1,False,NORMAL,NORMAL,0.718
2026-09-06 18:35:00,22.23152472546583,22.23,-0.001,1.438,19.41,25.05,18.53,25.94,1000.8392232930279,1000.84,-0.0,1.425,998.05,1003.63,997.17,1004.51,54.642433203913946,54.64,-0.002,2.038,50.65,58.64,49.39,59.89,3.112085923041914,3.09,0.025,1.521,0.11,6.07,0.0,7.01,False,NORMAL,NORMAL,0.77
2026-09-06 18:40:00,22.81914494808222,22.82,-0.001,1.438,20.0,25.64,19.12,26.52,1000.6781254863686,1000.68,-0.0,1.425,997.89,1003.47,997.01,1004.35,52.34076328951442,52.34,-0.002,2.038,48.35,56.34,47.09,57.59,2.6965106204561224,2.67,0.025,1.521,0.0,5.65,0.0,6.59,False,NORMAL,NORMAL,0.82
2026-09-06 18:45:00,22.11568589062796,22.12,-0.001,1.438,19.3,24.93,18.41,25.82,1000.7837863003947,1000.78,-0.0,1.425,997.99,1003.58,997.11,1004.45,54.61358498244746,54.62,-0.002,2.038,50.62,58.61,49.37,59.86,0.07796286064198354,0.05,0.025,1.521,0.0,3.03,0.0,3.97,False,NORMAL,NORMAL,0.757
2026-09-06 18:50:00,21.548469370249244,21.55,-0.001,1.438,18.73,24.37,17.85,25.25,1000.8688248535997,1000.87,-0.0,1.425,998.08,1003.66,997.2,1004.54,57.7951978033153,57.8,-0.002,2.038,53.8,61.79,52.55,63.05,6.934669601926894,6.91,0.025,1.521,3.93,9.89,2.99,10.83,False,NORMAL,NORMAL,0.791
2026-09-06 18:55:00,21.568587967237548,21.57,-0.001,1.438,18.75,24.39,17.87,25.27,1001.0280147374716,1001.03,-0.0,1.425,998.24,1003.82,997.36,1004.7,58.284316855083155,58.29,-0.002,2.038,54.29,62.28,53.04,63.54,2.0987141950915924,2.07,0.025,1.521,0.0,5.05,0.0,5.99,False,NORMAL,NORMAL,0.826
2026-09-06 19:00:00,21.928084048474005,21.93,-0.001,1.438,19.11,24.75,18.22,25.63,1000.9380721642597,1000.94,-0.0,1.425,998.15,1003.73,997.27,1004.61,55.69033909419693,55.69,-0.002,2.038,51.7,59.69,50.44,60.94,3.2087630840971966,3.18,0.025,1.521,0.2,6.17,0.0,7.1,False,NORMAL,NORMAL,0.836
2026-09-06 19:05:00,21.630978404896478,21.63,-0.001,1.438,18.81,24.45,17.93,25.34,1000.7263193738505,1000.73,-0.0,1.425,997.93,1003.52,997.06,1004.4,57.51415792593789,57.52,-0.002,2.038,53.52,61.51,52.27,62.77,3.581710703933924,3.56,0.025,1.521,0.57,6.54,0.0,7.48,False,NORMAL,NORMAL,0.824
2026-09-06 19:10:00,21.1363527885996,21.14,-0.001,1.438,18.32,23.96,17.43,24.84,1001.2352350385404,1001.24,-0.0,1.425,998.44,1004.03,997.56,1004.91,58.91464568074175,58.92,-0.002,2.038,54.92,62.91,53.67,64.17,5.41773171121773,5.39,0.025,1.521,2.41,8.37,1.47,9.31,False,NORMAL,NORMAL,0.74
2026-09-06 19:15:00,20.904109525383895,20.9,-0.001,1.438,18.09,23.72,17.2,24.61,1000.9129401557302,1000.91,-0.0,1.425,998.12,1003.71,997.24,1004.58,58.58967197554996,58.59,-0.002,2.038,54.6,62.59,53.34,63.84,4.223599550863574,4.2,0.025,1.521,1.22,7.18,0.28,8.12,False,NORMAL,NORMAL,0.77
2026-09-06 19:20:00,20.712404392265608,20.71,-0.001,1.438,17.89,23.53,17.01,24.42,1001.0774518699783,1001.08,-0.0,1.425,998.28,1003.87,997.41,1004.75,60.2029099626434,60.2,-0.002,2.038,56.21,64.2,54.95,65.46,6.233081386840489,6.21,0.025,1.521,3.23,9.19,2.29,10.13,False,NORMAL,NORMAL,0.825
2026-09-06 19:25:00,20.317848678281276,20.32,-0.001,1.438,17.5,23.14,16.61,24.02,1000.8783957962719,1000.88,-0.0,1.425,998.09,1003.67,997.21,1004.55,60.48040275826016,60.48,-0.002,2.038,56.49,64.48,55.23,65.73,1.3960164442811878,1.37,0.025,1.521,0.0,4.35,0.0,5.29,False,NORMAL,NORMAL,0.786
2026-09-06 19:30:00,21.150187215863337,21.15,-0.001,1.438,18.33,23.97,17.45,24.86,1000.9981917204955,1001.0,-0.0,1.425,998.21,1003.79,997.33,1004.67,60.44766663088583,60.45,-0.002,2.038,56.45,64.44,55.2,65.7,2.1051240469502575,2.08,0.025,1.521,0.0,5.06,0.0,6.0,False,NORMAL,NORMAL,0.798
2026-09-06 19:35:00,20.191934649414055,20.19,-0.001,1.438,17.37,23.01,16.49,23.9,1001.0630998050167,1001.06,-0.0,1.425,998.27,1003.86,997.39,1004.73,63.27861022539124,63.28,-0.002,2.038,59.28,67.28,58.03,68.53,4.7730185367457425,4.75,0.025,1.521,1.77,7.73,0.83,8.67,False,NORMAL,NORMAL,0.776
2026-09-06 19:40:00,20.624236705414994,20.63,-0.001,1.438,17.81,23.44,16.92,24.33,1001.1407858225082,1001.14,-0.0,1.425,998.35,1003.93,997.47,1004.81,61.212027119550555,61.21,-0.002,2.039,57.22,65.21,55.96,66.46,3.6486120491323875,3.62,0.025,1.521,0.64,6.61,0.0,7.54,False,NORMAL,NORMAL,0.812
2026-09-06 19:45:00,20.562177788176577,20.56,-0.001,1.438,17.74,23.38,16.86,24.27,1001.1393499588006,1001.14,-0.0,1.425,998.35,1003.93,997.47,1004.81,63.246975386471576,63.25,-0.002,2.039,59.25,67.24,58.0,68.5,3.3423622687496235,3.32,0.025,1.521,0.34,6.3,0.0,7.24,False,NORMAL,NORMAL,0.858
2026-09-06 19:50:00,20.169104608778305,20.17,-0.001,1.438,17.35,22.99,16.47,23.87,1001.1359961858966,1001.14,-0.0,1.425,998.34,1003.93,997.47,1004.81,62.685257505791235,62.69,-0.002,2.039,58.69,66.68,57.44,67.94,1.473983085028467,1.45,0.025,1.521,0.0,4.43,0.0,5.37,False,NORMAL,NORMAL,0.83
2026-09-06 19:55:00,19.413195134428427,19.41,-0.001,1.438,16.6,22.23,15.71,23.12,1000.9839795322921,1000.98,-0.0,1.425,998.19,1003.78,997.31,1004.65,64.19331692320812,64.19,-0.002,2.039,60.2,68.19,58.94,69.45,8.341694040041345,8.32,0.025,1.522,5.33,11.3,4.4,12.24,False,NORMAL,NORMAL,0.772
2026-09-06 20:00:00,19.563415824781327,19.56,-0.001,1.438,16.75,22.38,15.86,23.27,1000.9731281782377,1000.97,-0.0,1.425,998.18,1003.77,997.3,1004.64,67.10248782927069,67.1,-0.002,2.039,63.11,71.1,61.85,72.36,5.967098672331575,5.94,0.025,1.522,2.96,8.92,2.02,9.86,False,NORMAL,NORMAL,0.834
2026-09-06 20:05:00,19.20842702123021,19.21,-0.001,1.438,16.39,22.03,15.5,22.91,1001.137915696847,1001.14,-0.0,1.425,998.35,1003.93,997.47,1004.81,67.96681620458783,67.97,-0.002,2.039,63.97,71.96,62.72,73.22,1.9805642713300138,1.96,0.025,1.522,0.0,4.94,0.0,5.87,False,NORMAL,NORMAL,0.833
2026-09-06 20:10:00,18.672990363595442,18.67,-0.001,1.438,15.86,21.49,14.97,22.38,1001.2585283324833,1001.26,-0.0,1.425,998.47,1004.05,997.59,1004.93,71.04668451748557,71.05,-0.002,2.039,67.05,75.04,65.8,76.3,1.4263770829398983,1.4,0.025,1.522,0.0,4.38,0.0,5.32,False,NORMAL,NORMAL,0.827
2026-09-06 20:15:00,18.980848413121237,18.98,-0.001,1.438,16.16,21.8,15.28,22.69,1001.1169967377109,1001.12,-0.0,1.425,998.32,1003.91,997.45,1004.79,68.04218687658907,68.04,-0.002,2.039,64.05,72.04,62.79,73.3,10.556266423423633,10.53,0.025,1.522,7.55,13.51,6.61,14.45,False,NORMAL,NORMAL,0.732
2026-09-06 20:20:00,18.196473421444132,18.2,-0.001,1.438,15.38,21.02,14.49,21.9,1001.3432467851072,1001.34,-0.0,1.425,998.55,1004.14,997.67,1005.01,72.46672941489363,72.47,-0.002,2.039,68.47,76.46,67.22,77.72,5.880385471937769,5.86,0.025,1.522,2.87,8.84,1.94,9.77,False,NORMAL,NORMAL,0.757
2026-09-06 20:25:00,18.960579949697582,18.96,-0.001,1.438,16.14,21.78,15.26,22.67,1001.4355576577906,1001.44,-0.0,1.425,998.64,1004.23,997.76,1005.11,68.3995259494855,68.4,-0.002,2.039,64.4,72.4,63.15,73.65,4.04297021125836,4.02,0.025,1.522,1.04,7.0,0.1,7.94,False,NORMAL,NORMAL,0.794
2026-09-06 20:30:00,18.117597362806404,18.12,-0.001,1.438,15.3,20.94,14.41,21.82,1001.115445256688,1001.12,-0.0,1.425,998.32,1003.91,997.44,1004.79,73.42586219997236,73.43,-0.002,2.039,69.43,77.42,68.17,78.68,6.049399099480344,6.02,0.025,1.522,3.04,9.01,2.1,9.94,False,NORMAL,NORMAL,0.709
2026-09-06 20:35:00,18.202444273295143,18.2,-0.001,1.438,15.38,21.02,14.5,21.91,1001.1635223971259,1001.16,-0.0,1.425,998.37,1003.96,997.49,1004.83,68.7886005967881,68.79,-0.002,2.039,64.79,72.79,63.54,74.04,6.535397442428486,6.51,0.025,1.522,3.53,9.49,2.59,10.43,False,NORMAL,NORMAL,0.819
2026-09-06 20:40:00,18.05451430084861,18.06,-0.001,1.438,15.24,20.87,14.35,21.76,1001.3050138425248,1001.31,-0.0,1.425,998.51,1004.1,997.63,1004.98,73.78472380795081,73.79,-0.002,2.039,69.79,77.78,68.53,79.04,6.767360429806647,6.74,0.025,1.522,3.76,9.72,2.82,10.66,False,NORMAL,NORMAL,0.816
2026-09-06 20:45:00,17.65762080665851,17.66,-0.001,1.438,14.84,20.48,13.95,21.36,1001.4099667702413,1001.41,-0.0,1.425,998.62,1004.2,997.74,1005.08,77.82284673338528,77.82,-0.002,2.039,73.83,81.82,72.57,83.08,4.433739204140074,4.41,0.025,1.522,1.43,7.39,0.49,8.33,False,NORMAL,NORMAL,0.827
2026-09-06 20:50:00,17.81669083511339,17.82,-0.001,1.438,15.0,20.64,14.11,21.52,1001.3235416706264,1001.32,-0.0,1.425,998.53,1004.12,997.65,1004.99,73.33812153096004,73.34,-0.002,2.039,69.34,77.34,68.09,78.59,4.122848028617167,4.1,0.025,1.522,1.11,7.08,0.18,8.02,False,NORMAL,NORMAL,0.83
2026-09-06 20:55:00,17.21381085899307,17.21,-0.001,1.438,14.4,20.03,13.51,20.92,1001.644007397326,1001.64,-0.0,1.425,998.85,1004.44,997.97,1005.32,76.72677084589296,76.73,-0.002,2.039,72.73,80.73,71.47,81.98,0.5791827586631404,0.55,0.025,1.522,0.0,3.54,0.0,4.47,False,NORMAL,NORMAL,0.746
2026-09-06 21:00:00,17.575059954455476,17.58,-0.001,1.438,14.76,20.39,13.87,21.28,1001.544186664389,1001.54,-0.0,1.425,998.75,1004.34,997.87,1005.22,75.37579414373953,75.38,-0.002,2.04,71.38,79.37,70.12,80.63,8.88764475893427,8.86,0.025,1.522,5.88,11.85,4.94,12.78,False,NORMAL,NORMAL,0.729
2026-09-06 21:05:00,16.51200836709066,16.51,-0.001,1.438,13.69,19.33,12.81,20.22,1001.526243445587,1001.53,-0.0,1.425,998.73,1004.32,997.86,1005.2,79.08606864966619,79.09,-0.002,2.04,75.09,83.09,73.83,84.34,5.288571928896847,5.26,0.025,1.522,2.28,8.25,1.34,9.18,False,NORMAL,NORMAL,0.747
2026-09-06 21:10:00,16.92598207467443,16.93,-0.001,1.438,14.11,19.75,13.22,20.63,1001.3449405627333,1001.35,-0.0,1.425,998.55,1004.14,997.67,1005.02,75.39518236260467,75.4,-0.002,2.04,71.4,79.39,70.14,80.65,2.620989580309589,2.6,0.025,1.522,0.0,5.58,0.0,6.52,False,NORMAL,NORMAL,0.767
2026-09-06 21:15:00,17.47728244496139,17.48,-0.001,1.438,14.66,20.3,13.77,21.18,1001.403106987075,1001.4,-0.0,1.425,998.61,1004.2,997.73,1005.07,76.4096441211276,76.41,-0.002,2.04,72.41,80.41,71.16,81.67,8.732336738984893,8.71,0.025,1.522,5.72,11.69,4.79,12.63,False,NORMAL,NORMAL,0.796
2026-09-06 21:20:00,16.1291887666174,16.13,-0.001,1.438,13.31,18.95,12.42,19.83,1001.6828361645961,1001.68,-0.0,1.425,998.89,1004.48,998.01,1005.35,83.81360557389802,83.82,-0.002,2.04,79.82,87.81,78.56,89.07,8.633954564680332,8.61,0.025,1.522,5.63,11.59,4.69,12.53,False,NORMAL,NORMAL,0.592
2026-09-06 21:25:00,16.08724227120662,16.09,-0.001,1.438,13.27,18.91,12.38,19.79,1001.3609557410715,1001.36,-0.0,1.425,998.57,1004.15,997.69,1005.03,83.24356139111039,83.25,-0.002,2.04,79.25,87.24,77.99,88.5,11.701880390778532,11.68,0.025,1.522,8.69,14.66,7.76,15.6,False,NORMAL,NORMAL,0.666
2026-09-06 21:30:00,16.394408913332924,16.4,-0.001,1.438,13.58,19.21,12.69,20.1,1001.8727584805512,1001.87,-0.0,1.425,999.08,1004.67,998.2,1005.54,82.69737538325448,82.7,-0.002,2.04,78.7,86.7,77.44,87.95,7.916795576202366,7.89,0.025,1.522,4.91,10.87,3.97,11.81,False,NORMAL,NORMAL,0.708
2026-09-06 21:35:00,16.092747929706086,16.09,-0.001,1.438,13.27,18.91,12.39,19.8,1001.7369185691317,1001.74,-0.0,1.425,998.94,1004.53,998.07,1005.41,84.1482822521501,84.15,-0.002,2.04,80.15,88.15,78.89,89.4,13.597604666544783,13.57,0.025,1.522,10.59,16.56,9.65,17.49,False,NORMAL,NORMAL,0.661
2026-09-06 21:40:00,15.994877310172606,16.0,-0.001,1.438,13.18,18.81,12.29,19.7,1002.286549991817,1002.29,-0.0,1.425,999.49,1005.08,998.62,1005.96,86.64343975051104,86.64,-0.002,2.04,82.65,90.64,81.39,91.9,2.913557040697021,2.89,0.025,1.522,0.0,5.87,0.0,6.81,False,NORMAL,NORMAL,0.618
2026-09-06 21:45:00,15.885726732773195,15.89,-0.001,1.438,13.07,18.71,12.18,19.59,1002.1852894368532,1002.19,-0.0,1.425,999.39,1004.98,998.51,1005.86,85.6584995500324,85.66,-0.002,2.04,81.66,89.66,80.4,90.92,7.474216997752505,7.45,0.025,1.522,4.47,10.43,3.53,11.37,False,NORMAL,NORMAL,0.782
2026-09-06 21:50:00,15.781158811713516,15.78,-0.001,1.438,12.96,18.6,12.08,19.49,1001.850379549124,1001.85,-0.0,1.425,999.06,1004.64,998.18,1005.52,85.01987415328581,85.02,-0.002,2.04,81.02,89.02,79.77,90.28,7.237810874217294,7.21,0.025,1.522,4.23,10.2,3.29,11.13,False,NORMAL,NORMAL,0.823
2026-09-06 21:55:00,15.810234608877627,15.81,-0.001,1.438,12.99,18.63,12.11,19.52,1001.8995292853166,1001.9,-0.0,1.425,999.11,1004.69,998.23,1005.57,85.6141005775906,85.62,-0.002,2.04,81.62,89.61,80.36,90.87,2.818377081791549,2.79,0.025,1.522,0.0,5.78,0.0,6.71,False,NORMAL,NORMAL,0.835
2026-09-06 22:00:00,15.371306216838791,15.37,-0.001,1.438,12.55,18.19,11.67,19.08,1002.1019988906146,1002.1,-0.0,1.425,999.31,1004.9,998.43,1005.77,89.91188850370864,89.91,-0.002,2.04,85.91,93.91,84.66,95.17,1.770504283234964,1.75,0.025,1.522,0.0,4.73,0.0,5.67,False,NORMAL,NORMAL,0.776
2026-09-06 22:05:00,14.953912062441217,14.95,-0.001,1.438,12.14,17.77,11.25,18.66,1002.2445311674214,1002.24,-0.0,1.425,999.45,1005.04,998.57,1005.92,90.37660131914424,90.38,-0.002,2.04,86.38,94.38,85.12,95.63,10.838573725127745,10.81,0.025,1.522,7.83,13.8,6.89,14.73,False,NORMAL,NORMAL,0.719
2026-09-06 22:10:00,15.1645650070094,15.17,-0.001,1.438,12.35,17.98,11.46,18.87,1001.7788713608971,1001.78,-0.0,1.425,998.99,1004.57,998.11,1005.45,88.85970726477949,88.86,-0.002,2.04,84.86,92.86,83.61,94.12,3.258543675014318,3.23,0.025,1.522,0.25,6.22,0.0,7.15,False,NORMAL,NORMAL,0.661
2026-09-06 22:15:00,15.502763534169272,15.5,-0.001,1.438,12.68,18.32,11.8,19.21,1001.791184046774,1001.79,-0.0,1.425,999.0,1004.58,998.12,1005.46,88.35315983550707,88.35,-0.002,2.04,84.36,92.35,83.1,93.61,7.869238074808798,7.84,0.025,1.522,4.86,10.83,3.92,11.77,False,NORMAL,NORMAL,0.792
2026-09-06 22:20:00,14.539257148280877,14.54,-0.001,1.438,11.72,17.36,10.83,18.25,1001.9993638521229,1002.0,-0.0,1.425,999.21,1004.79,998.33,1005.67,90.23256038645972,90.23,-0.002,2.041,86.23,94.23,84.98,95.49,0.3537015270292516,0.33,0.025,1.522,0.0,3.31,0.0,4.25,False,NORMAL,NORMAL,0.636
2026-09-06 22:25:00,14.054292274976895,14.06,-0.001,1.438,11.24,16.87,10.35,17.76,1002.2124949684417,1002.21,-0.0,1.425,999.42,1005.01,998.54,1005.88,91.83597957130888,91.84,-0.002,2.041,87.84,95.84,86.58,97.09,0.8017365699441404,0.78,0.025,1.522,0.0,3.76,0.0,4.7,False,NORMAL,NORMAL,0.744
2026-09-06 22:30:00,14.741090844719924,14.74,-0.001,1.438,11.92,17.56,11.04,18.45,1002.2308424559336,1002.23,-0.0,1.425,999.44,1005.02,998.56,1005.9,90.02080325966573,90.02,-0.002,2.041,86.02,94.02,84.77,95.28,4.355494672445906,4.33,0.025,1.522,1.35,7.31,0.41,8.25,False,NORMAL,NORMAL,0.788
2026-09-06 22:35:00,14.106688612658544,14.11,-0.001,1.438,11.29,16.93,10.4,17.81,1002.3467442541931,1002.35,-0.0,1.425,999.55,1005.14,998.68,1006.02,90.03172942008864,90.03,-0.002,2.041,86.03,94.03,84.78,95.29,2.8723855646701115,2.85,0.025,1.522,0.0,5.83,0.0,6.77,False,NORMAL,NORMAL,0.818
2026-09-06 22:40:00,13.144849265600676,13.15,-0.001,1.439,10.33,15.97,9.44,16.85,1002.034962325387,1002.04,-0.0,1.425,999.24,1004.83,998.36,1005.71,91.27110732014894,91.27,-0.002,2.041,87.27,95.27,86.02,96.53,5.950865608392722,5.93,0.025,1.522,2.94,8.91,2.0,9.85,False,NORMAL,NORMAL,0.705
2026-09-06 22:45:00,14.214519710041083,14.22,-0.001,1.439,11.4,17.03,10.51,17.92,1001.8947395571939,1001.89,-0.0,1.425,999.1,1004.69,998.22,1005.57,91.04485830635302,91.05,-0.002,2.041,87.05,95.05,85.79,96.3,5.0219168208691185,5.0,0.025,1.523,2.01,7.98,1.07,8.92,False,NORMAL,NORMAL,0.739
2026-09-06 22:50:00,13.525674945109184,13.53,-0.001,1.439,10.71,16.35,9.82,17.23,1002.3966509947885,1002.4,-0.0,1.425,999.6,1005.19,998.73,1006.07,90.12753910420045,90.13,-0.002,2.041,86.13,94.13,84.87,95.39,1.561966181105526,1.54,0.025,1.523,0.0,4.52,0.0,5.46,False,NORMAL,NORMAL,0.646
2026-09-06 22:55:00,13.570531388575503,13.57,-0.001,1.439,10.75,16.39,9.87,17.28,1002.1679919229165,1002.17,-0.0,1.425,999.37,1004.96,998.5,1005.84,90.94728335020133,90.95,-0.002,2.041,86.95,94.95,85.69,96.21,2.3171077453611564,2.29,0.025,1.523,0.0,5.28,0.0,6.21,False,NORMAL,NORMAL,0.752
2026-09-06 23:00:00,13.609219465376805,13.61,-0.001,1.439,10.79,16.43,9.9,17.32,1002.0121502260198,1002.01,-0.0,1.425,999.22,1004.81,998.34,1005.68,91.38025149176721,91.38,-0.002,2.041,87.38,95.38,86.12,96.64,3.8543327654532757,3.83,0.025,1.523,0.84,6.81,0.0,7.75,False,NORMAL,NORMAL,0.826
2026-09-06 23:05:00,13.425113576831333,13.43,-0.001,1.439,10.61,16.25,9.72,17.13,1002.3577629834435,1002.36,-0.0,1.425,999.56,1005.15,998.69,1006.03,90.61839584048604,90.62,-0.002,2.041,86.62,94.62,85.36,95.88,2.4921047039486126,2.47,0.025,1.523,0.0,5.45,0.0,6.39,False,NORMAL,NORMAL,0.794
2026-09-06 23:10:00,13.50804284839366,13.51,-0.001,1.439,10.69,16.33,9.8,17.21,1002.4743899503997,1002.47,-0.0,1.425,999.68,1005.27,998.8,1006.15,91.93870718929851,91.94,-0.002,2.041,87.94,95.94,86.68,97.2,6.894303745296129,6.87,0.025,1.523,3.88,9.85,2.95,10.79,False,NORMAL,NORMAL,0.767
2026-09-06 23:15:00,12.928335026104945,12.93,-0.001,1.439,10.11,15.75,9.22,16.63,1002.3548013947334,1002.35,-0.0,1.425,999.56,1005.15,998.68,1006.03,89.73683181648947,89.74,-0.002,2.041,85.74,93.74,84.48,95.0,4.0340712357098445,4.01,0.025,1.523,1.02,6.99,0.09,7.93,False,NORMAL,NORMAL,0.697
2026-09-06 23:20:00,13.189014033468576,13.19,-0.001,1.439,10.37,16.01,9.48,16.9,1002.3203752280334,1002.32,-0.0,1.425,999.53,1005.11,998.65,1005.99,90.96398785256933,90.97,-0.002,2.041,86.96,94.97,85.71,96.22,1.7225547888663695,1.7,0.025,1.523,0.0,4.68,0.0,5.62,False,NORMAL,NORMAL,0.806
2026-09-06 23:25:00,12.764224154161495,12.76,-0.001,1.439,9.95,15.58,9.06,16.47,1002.3793007954686,1002.38,-0.0,1.425,999.59,1005.17,998.71,1006.05,91.17063389272185,91.17,-0.002,2.041,87.17,95.17,85.91,96.43,4.476044741641351,4.45,0.025,1.523,1.47,7.44,0.53,8.37,False,NORMAL,NORMAL,0.718
2026-09-06 23:30:00,13.050919991157917,13.05,-0.001,1.439,10.23,15.87,9.35,16.76,1002.3599485274704,1002.36,-0.0,1.425,999.57,1005.15,998.69,1006.03,91.05310605178954,91.05,-0.002,2.041,87.05,95.06,85.8,96.31,1.697284155914107,1.67,0.025,1.523,0.0,4.66,0.0,5.59,False,NORMAL,NORMAL,0.802
2026-09-06 23:35:00,12.892029102435773,12.89,-0.001,1.439,10.07,15.71,9.19,16.6,1002.2238100344539,1002.22,-0.0,1.425,999.43,1005.02,998.55,1005.9,90.4941440665963,90.5,-0.002,2.041,86.49,94.5,85.24,95.75,2.0434652120297456,2.02,0.025,1.523,0.0,5.0,0.0,5.94,False,NORMAL,NORMAL,0.746
2026-09-06 23:40:00,12.165376306182994,12.17,-0.001,1.439,9.35,14.99,8.46,15.87,1002.3274228771072,1002.33,-0.0,1.425,999.53,1005.12,998.66,1006.0,90.40003453983712,90.4,-0.002,2.042,86.4,94.4,85.14,95.66,2.878574101077219,2.85,0.025,1.523,0.0,5.84,0.0,6.78,False,NORMAL,NORMAL,0.668
2026-09-06 23:45:00,12.870846245689481,12.87,-0.001,1.439,10.05,15.69,9.17,16.58,1002.5195321644859,1002.52,-0.0,1.425,999.73,1005.31,998.85,1006.19,90.81691161158224,90.82,-0.002,2.042,86.82,94.82,85.56,96.08,7.705390077783333,7.68,0.025,1.523,4.7,10.67,3.76,11.6,False,NORMAL,NORMAL,0.641
2026-09-06 23:50:00,12.122248644493975,12.12,-0.001,1.439,9.3,14.94,8.42,15.83,1002.4943993589146,1002.49,-0.0,1.425,999.7,1005.29,998.82,1006.17,90.9500888320017,90.95,-0.002,2.042,86.95,94.95,85.69,96.21,8.843059732362908,8.82,0.025,1.523,5.83,11.8,4.89,12.74,False,NORMAL,NORMAL,0.554
2026-09-06 23:55:00,12.563362342145515,12.56,-0.001,1.439,9.74,15.38,8.86,16.27,1002.4742453231203,1002.47,-0.0,1.425,999.68,1005.27,998.8,1006.15,90.87451152359247,90.88,-0.002,2.042,86.87,94.88,85.62,96.14,7.276195021916177,7.25,0.025,1.523,4.27,10.24,3.33,11.17,False,NORMAL,NORMAL,0.731
2026-09-07 00:00:00,12.293927958539554,12.29,-0.001,1.439,9.47,15.11,8.59,16.0,1002.300727727722,1002.3,-0.0,1.425,999.51,1005.09,998.63,1005.97,91.07434807946217,91.08,-0.002,2.042,87.07,95.08,85.82,96.34,3.5070061457430843,3.48,0.025,1.523,0.5,6.47,0.0,7.4,False,NORMAL,NORMAL,0.704
2026-09-07 00:05:00,12.792571403698185,12.79,-0.001,1.439,9.97,15.61,9.09,16.5,1002.4218108779048,1002.42,-0.0,1.425,999.63,1005.22,998.75,1006.09,90.07992143595294,90.08,-0.002,2.042,86.08,94.08,84.82,95.34,3.1018618249151335,3.08,0.025,1.523,0.09,6.06,0.0,7.0,False,NORMAL,NORMAL,0.738
2026-09-07 00:10:00,11.88164843486757,11.88,-0.001,1.439,9.06,14.7,8.18,15.59,1002.1195878207418,1002.12,-0.0,1.425,999.33,1004.91,998.45,1005.79,90.41131946931888,90.41,-0.002,2.042,86.41,94.41,85.15,95.67,4.908987130467347,4.88,0.025,1.523,1.9,7.87,0.96,8.81,False,NORMAL,NORMAL,0.549
2026-09-07 00:15:00,11.74853631159827,11.75,-0.001,1.439,8.93,14.57,8.04,15.46,1002.4681116783166,1002.47,-0.0,1.425,999.67,1005.26,998.8,1006.14,90.04576871591723,90.05,-0.002,2.042,86.05,94.05,84.79,95.31,6.221582168778472,6.2,0.025,1.523,3.21,9.18,2.27,10.12,False,NORMAL,NORMAL,0.593
2026-09-07 00:20:00,11.801252397806072,11.8,-0.001,1.439,8.98,14.62,8.1,15.51,1002.6489536348278,1002.65,-0.0,1.425,999.86,1005.44,998.98,1006.32,90.32645580413529,90.33,-0.002,2.042,86.33,94.33,85.07,95.59,12.318736777019271,12.29,0.025,1.523,9.31,15.28,8.37,16.22,False,NORMAL,NORMAL,0.524
2026-09-07 00:25:00,11.61207061578055,11.61,-0.001,1.439,8.79,14.43,7.91,15.32,1002.2048972814387,1002.21,-0.0,1.425,999.41,1005.0,998.53,1005.88,91.01370697036508,91.02,-0.002,2.042,87.01,95.02,85.75,96.28,2.065754276086977,2.04,0.025,1.523,0.0,5.03,0.0,5.96,False,NORMAL,NORMAL,0.399
2026-09-07 00:30:00,11.98124108098666,11.98,-0.001,1.439,9.16,14.8,8.28,15.69,1002.3276467908329,1002.33,-0.0,1.425,999.53,1005.12,998.66,1006.0,90.58624200214682,90.59,-0.002,2.042,86.59,94.59,85.33,95.85,1.2365622952966813,1.21,0.025,1.523,0.0,4.2,0.0,5.13,False,NORMAL,NORMAL,0.608
2026-09-07 00:35:00,10.946294131410271,10.95,-0.001,1.439,8.13,13.77,7.24,14.65,1002.4525711470969,1002.45,-0.0,1.425,999.66,1005.25,998.78,1006.12,91.76209017251159,91.76,-0.002,2.042,87.76,95.77,86.5,97.02,5.988017214975922,5.96,0.025,1.523,2.98,8.95,2.04,9.89,False,NORMAL,NORMAL,0.439
2026-09-07 00:40:00,11.106562807017568,11.11,-0.001,1.439,8.29,13.93,7.4,14.81,1002.5769788811249,1002.58,-0.0,1.425,999.78,1005.37,998.91,1006.25,90.5668146024224,90.57,-0.002,2.042,86.57,94.57,85.31,95.83,7.348494310111135,7.32,0.025,1.523,4.34,10.31,3.4,11.25,False,NORMAL,NORMAL,0.618
2026-09-07 00:45:00,11.039824739852769,11.04,-0.001,1.439,8.22,13.86,7.33,14.75,1002.3058762721065,1002.31,-0.0,1.425,999.51,1005.1,998.63,1005.98,90.4951915376867,90.5,-0.002,2.042,86.49,94.5,85.24,95.76,7.52730821713086,7.5,0.025,1.523,4.52,10.49,3.58,11.43,False,NORMAL,NORMAL,0.597
2026-09-07 00:50:00,11.78969949423345,11.79,-0.001,1.439,8.97,14.61,8.08,15.5,1002.2515760477769,1002.25,-0.0,1.425,999.46,1005.05,998.58,1005.92,90.57178518795328,90.57,-0.002,2.042,86.57,94.58,85.31,95.83,5.858582764856197,5.83,0.025,1.523,2.85,8.82,1.91,9.76,False,NORMAL,NORMAL,0.649
2026-09-07 00:55:00,12.040198731334195,12.04,-0.001,1.439,9.22,14.86,8.33,15.75,1002.0406649501873,1002.04,-0.0,1.425,999.25,1004.83,998.37,1005.71,90.21751266544176,90.22,-0.002,2.042,86.22,94.22,84.96,95.48,9.65161072864864,9.63,0.025,1.523,6.64,12.61,5.7,13.55,False,NORMAL,NORMAL,0.606
2026-09-07 01:00:00,11.264321223597078,11.27,-0.001,1.439,8.44,14.09,7.56,14.97,1002.3304391250743,1002.33,-0.0,1.425,999.54,1005.12,998.66,1006.0,90.45244483842126,90.45,-0.002,2.042,86.45,94.46,85.19,95.72,4.651980928741997,4.63,0.025,1.523,1.64,7.61,0.7,8.55,False,NORMAL,NORMAL,0.517
2026-09-07 01:05:00,11.192512837983225,11.19,-0.001,1.439,8.37,14.01,7.49,14.9,1002.5985327698828,1002.6,-0.0,1.425,999.81,1005.39,998.93,1006.27,91.04013803077147,91.04,-0.002,2.043,87.04,95.05,85.78,96.3,8.61106949874106,8.59,0.025,1.523,5.6,11.57,4.66,12.51,False,NORMAL,NORMAL,0.537
2026-09-07 01:10:00,11.245816825046646,11.25,-0.001,1.439,8.43,14.07,7.54,14.95,1002.3095526347879,1002.31,-0.0,1.425,999.52,1005.1,998.64,1005.98,90.53702971147577,90.54,-0.002,2.043,86.54,94.54,85.28,95.8,10.19529382295221,10.17,0.025,1.523,7.18,13.16,6.25,14.09,False,NORMAL,NORMAL,0.512
2026-09-07 01:15:00,11.644134493696003,11.64,-0.001,1.439,8.82,14.47,7.94,15.35,1002.2388192897618,1002.24,-0.0,1.425,999.45,1005.03,998.57,1005.91,90.11164240921508,90.11,-0.002,2.043,86.11,94.12,84.85,95.38,7.537904039054236,7.51,0.025,1.523,4.53,10.5,3.59,11.44,False,NORMAL,NORMAL,0.647
2026-09-07 01:20:00,10.773879102425589,10.77,-0.001,1.439,7.95,13.6,7.07,14.48,1002.2632293012568,1002.26,-0.0,1.425,999.47,1005.06,998.59,1005.93,89.9837769910658,89.99,-0.002,2.043,85.98,93.99,84.72,95.25,3.3487450614786085,3.32,0.025,1.523,0.34,6.31,0.0,7.25,False,NORMAL,NORMAL,0.551
2026-09-07 01:25:00,11.20947051166621,11.21,-0.001,1.439,8.39,14.03,7.5,14.92,1002.1846147353533,1002.18,-0.0,1.425,999.39,1004.98,998.51,1005.86,90.25235232764976,90.25,-0.002,2.043,86.25,94.26,84.99,95.52,2.5704735217575863,2.55,0.025,1.523,0.0,5.53,0.0,6.47,False,NORMAL,NORMAL,0.6
2026-09-07 01:30:00,11.47738353124276,11.48,-0.001,1.439,8.66,14.3,7.77,15.18,1002.0343592615185,1002.03,-0.0,1.425,999.24,1004.83,998.36,1005.71,90.53345997764754,90.54,-0.002,2.043,86.53,94.54,85.27,95.8,4.901912651101826,4.88,0.025,1.523,1.89,7.86,0.95,8.8,False,NORMAL,NORMAL,0.666
2026-09-07 01:35:00,11.264814530014343,11.27,-0.001,1.439,8.45,14.09,7.56,14.97,1002.2485763183172,1002.25,-0.0,1.425,999.46,1005.04,998.58,1005.92,91.07819156551486,91.08,-0.002,2.043,87.08,95.08,85.82,96.34,4.272099793688935,4.25,0.025,1.524,1.26,7.23,0.32,8.17,False,NORMAL,NORMAL,0.577
2026-09-07 01:40:00,11.12118273580933,11.12,-0.001,1.439,8.3,13.94,7.42,14.83,1002.1265333014228,1002.13,-0.0,1.425,999.33,1004.92,998.46,1005.8,89.80091065120395,89.8,-0.002,2.043,85.8,93.81,84.54,95.07,7.973587686886275,7.95,0.025,1.524,4.96,10.93,4.02,11.87,False,NORMAL,NORMAL,0.594
2026-09-07 01:45:00,11.430650814294626,11.43,-0.001,1.439,8.61,14.25,7.72,15.14,1002.0617823543672,1002.06,-0.0,1.425,999.27,1004.86,998.39,1005.73,90.33329187860284,90.33,-0.002,2.043,86.33,94.34,85.07,95.6,1.7855587688834855,1.76,0.025,1.524,0.0,4.75,0.0,5.69,False,NORMAL,NORMAL,0.591
2026-09-07 01:50:00,9.937737215870206,9.94,-0.001,1.439,7.12,12.76,6.23,13.65,1001.8782708154208,1001.88,-0.0,1.425,999.08,1004.67,998.21,1005.55,90.45828951731313,90.46,-0.002,2.043,86.46,94.46,85.2,95.72,3.002696656055109,2.98,0.025,1.524,0.0,5.96,0.0,6.9,False,NORMAL,NORMAL,0.47
2026-09-07 01:55:00,11.282898078301626,11.28,-0.001,1.439,8.46,14.1,7.58,14.99,1002.1845814657241,1002.18,-0.0,1.425,999.39,1004.98,998.51,1005.86,89.56583392123531,89.57,-0.002,2.043,85.56,93.57,84.3,94.83,6.492600684528126,6.47,0.025,1.524,3.48,9.45,2.54,10.39,False,NORMAL,NORMAL,0.343
2026-09-07 02:00:00,10.746758335205492,10.75,-0.001,1.439,7.93,13.57,7.04,14.45,1002.0523670753142,1002.05,-0.0,1.425,999.26,1004.85,998.38,1005.72,90.02757674435821,90.03,-0.002,2.043,86.02,94.03,84.77,95.29,1.7375611495465082,1.71,0.025,1.524,0.0,4.7,0.0,5.64,False,NORMAL,NORMAL,0.496
2026-09-07 02:05:00,10.276699910881158,10.28,-0.001,1.439,7.46,13.1,6.57,13.98,1001.8325417100912,1001.83,-0.0,1.425,999.04,1004.63,998.16,1005.5,90.07065557571845,90.07,-0.002,2.043,86.07,94.08,84.81,95.34,3.420572226213779,3.4,0.025,1.524,0.41,6.38,0.0,7.32,False,NORMAL,NORMAL,0.609
2026-09-07 02:10:00,11.217921519741534,11.22,-0.001,1.439,8.4,14.04,7.51,14.93,1002.0278706375634,1002.03,-0.0,1.425,999.23,1004.82,998.36,1005.7,90.08007064580937,90.08,-0.002,2.043,86.08,94.09,84.82,95.35,3.848600674647177,3.82,0.025,1.524,0.84,6.81,0.0,7.75,False,NORMAL,NORMAL,0.546
2026-09-07 02:15:00,11.571311587102906,11.57,-0.001,1.439,8.75,14.39,7.86,15.28,1001.764466373503,1001.76,-0.0,1.425,998.97,1004.56,998.09,1005.44,90.5991472446301,90.6,-0.002,2.043,86.6,94.61,85.34,95.86,5.429236094394938,5.4,0.025,1.524,2.42,8.39,1.48,9.33,False,NORMAL,NORMAL,0.62
2026-09-07 02:20:00,10.979192245758192,10.98,-0.001,1.439,8.16,13.8,7.27,14.69,1001.682785522501,1001.68,-0.0,1.425,998.89,1004.48,998.01,1005.35,90.38073293245832,90.38,-0.002,2.043,86.38,94.39,85.12,95.65,2.2818890447219804,2.26,0.025,1.524,0.0,5.24,0.0,6.18,False,NORMAL,NORMAL,0.603
2026-09-07 02:25:00,11.431554448357046,11.43,-0.001,1.439,8.61,14.25,7.73,15.14,1001.6466861781655,1001.65,-0.0,1.425,998.85,1004.44,997.98,1005.32,90.21562624142226,90.22,-0.002,2.044,86.21,94.22,84.95,95.48,7.720479893948233,7.7,0.025,1.524,4.71,10.68,3.77,11.62,False,NORMAL,NORMAL,0.575
2026-09-07 02:30:00,11.715450297839778,11.72,-0.001,1.439,8.9,14.54,8.01,15.42,1001.4552025861412,1001.46,-0.0,1.425,998.66,1004.25,997.78,1005.13,90.72741238287408,90.73,-0.002,2.044,86.72,94.73,85.46,95.99,4.236707844193592,4.21,0.025,1.524,1.22,7.2,0.29,8.14,False,NORMAL,NORMAL,0.65
2026-09-07 02:35:00,11.62053061460595,11.62,-0.001,1.439,8.8,14.44,7.91,15.33,1001.7515764420575,1001.75,-0.0,1.425,998.96,1004.55,998.08,1005.42,91.3682344139308,91.37,-0.002,2.044,87.36,95.38,86.11,96.63,8.677417985981185,8.65,0.025,1.524,5.67,11.64,4.73,12.58,False,NORMAL,NORMAL,0.525
2026-09-07 02:40:00,11.778456241648444,11.78,-0.001,1.439,8.96,14.6,8.07,15.49,1001.366013045303,1001.37,-0.0,1.425,998.57,1004.16,997.69,1005.04,91.33752535993784,91.34,-0.002,2.044,87.33,95.34,86.07,96.6,4.368493528973107,4.34,0.025,1.524,1.36,7.33,0.42,8.27,False,NORMAL,NORMAL,0.509
2026-09-07 02:45:00,11.451093270464675,11.45,-0.001,1.439,8.63,14.27,7.74,15.16,1001.4162127848492,1001.42,-0.0,1.425,998.62,1004.21,997.74,1005.09,89.53327303980913,89.53,-0.002,2.044,85.53,93.54,84.27,94.8,3.1192281811518727,3.09,0.025,1.524,0.11,6.08,0.0,7.02,False,NORMAL,NORMAL,0.555
2026-09-07 02:50:00,11.220038521158248,11.22,-0.001,1.439,8.4,14.04,7.51,14.93,1001.2489887899518,1001.25,-0.0,1.425,998.46,1004.04,997.58,1004.92,90.76674285865553,90.77,-0.002,2.044,86.76,94.77,85.5,96.03,2.150997186327367,2.13,0.025,1.524,0.0,5.11,0.0,6.05,False,NORMAL,NORMAL,0.613
2026-09-07 02:55:00,10.588535397940428,10.59,-0.001,1.439,7.77,13.41,6.88,14.3,1001.5074159344323,1001.51,-0.0,1.425,998.71,1004.3,997.84,1005.18,90.34401471651205,90.35,-0.002,2.044,86.34,94.35,85.08,95.61,0.3369002603080529,0.31,0.025,1.524,0.0,3.3,0.0,4.24,False,NORMAL,NORMAL,0.497
2026-09-07 03:00:00,11.174168394435474,11.17,-0.001,1.439,8.35,14.0,7.47,14.88,1001.4580285661204,1001.46,-0.0,1.425,998.66,1004.25,997.79,1005.13,90.55251328684106,90.55,-0.002,2.044,86.55,94.56,85.29,95.82,4.7936011795640585,4.77,0.025,1.524,1.78,7.76,0.84,8.69,False,NORMAL,NORMAL,0.565
2026-09-07 03:05:00,10.982360807991482,10.98,-0.001,1.439,8.16,13.8,7.28,14.69,1001.392172563518,1001.39,-0.0,1.425,998.6,1004.19,997.72,1005.06,90.26209772092686,90.26,-0.002,2.044,86.26,94.27,85.0,95.53,1.8516645554892204,1.83,0.025,1.524,0.0,4.81,0.0,5.75,False,NORMAL,NORMAL,0.621
2026-09-07 03:10:00,12.238874603570386,12.24,-0.001,1.439,9.42,15.06,8.53,15.95,1001.2458400684909,1001.25,-0.0,1.425,998.45,1004.04,997.57,1004.92,90.60923334283758,90.61,-0.002,2.044,86.6,94.62,85.35,95.88,3.87792023980938,3.85,0.025,1.524,0.87,6.84,0.0,7.78,False,NORMAL,NORMAL,0.588
2026-09-07 03:15:00,11.354729156327982,11.36,-0.001,1.439,8.53,14.18,7.65,15.06,1001.1879898069975,1001.19,-0.0,1.425,998.39,1003.98,997.52,1004.86,90.56350614840635,90.57,-0.002,2.044,86.56,94.57,85.3,95.83,5.188175108645941,5.16,0.025,1.524,2.18,8.15,1.24,9.09,False,NORMAL,NORMAL,0.544
2026-09-07 03:20:00,11.53267341042408,11.53,-0.001,1.439,8.71,14.35,7.83,15.24,1001.3957255808925,1001.4,-0.0,1.425,998.6,1004.19,997.72,1005.07,90.21098193045184,90.21,-0.002,2.044,86.21,94.22,84.95,95.48,3.1235455227722553,3.1,0.025,1.524,0.11,6.09,0.0,7.02,False,NORMAL,NORMAL,0.617
2026-09-07 03:25:00,11.765988113068216,11.77,-0.001,1.439,8.95,14.59,8.06,15.47,1001.2064777129391,1001.21,-0.0,1.425,998.41,1004.0,997.54,1004.88,90.06882979866806,90.07,-0.002,2.044,86.06,94.08,84.8,95.34,2.4140163471168177,2.39,0.025,1.524,0.0,5.38,0.0,6.32,False,NORMAL,NORMAL,0.658
2026-09-07 03:30:00,11.628502604093491,11.63,-0.001,1.439,8.81,14.45,7.92,15.34,1001.3003471427794,1001.3,-0.0,1.425,998.51,1004.09,997.63,1004.97,90.28291505205573,90.28,-0.002,2.044,86.28,94.29,85.02,95.55,6.714548150272949,6.69,0.025,1.524,3.7,9.68,2.76,10.62,False,NORMAL,NORMAL,0.65
2026-09-07 03:35:00,12.358383918471155,12.36,-0.001,1.439,9.54,15.18,8.65,16.07,1001.0848778430491,1001.09,-0.0,1.425,998.29,1003.88,997.41,1004.76,90.67598857798507,90.68,-0.002,2.044,86.67,94.68,85.41,95.94,9.42015454203303,9.39,0.025,1.524,6.41,12.38,5.47,13.32,False,NORMAL,NORMAL,0.644
2026-09-07 03:40:00,11.504207195356251,11.5,-0.001,1.439,8.68,14.33,7.8,15.21,1001.2106304016658,1001.21,-0.0,1.425,998.42,1004.0,997.54,1004.88,90.79793313499293,90.8,-0.002,2.044,86.79,94.81,85.53,96.07,1.7894027370763903,1.76,0.025,1.524,0.0,4.75,0.0,5.69,False,NORMAL,NORMAL,0.462
2026-09-07 03:45:00,11.907580604779941,11.91,-0.001,1.439,9.09,14.73,8.2,15.62,1001.3458965484248,1001.35,-0.0,1.425,998.55,1004.14,997.67,1005.02,90.9537146061243,90.96,-0.002,2.045,86.95,94.96,85.69,96.22,2.2618144290124294,2.24,0.025,1.524,0.0,5.22,0.0,6.16,False,NORMAL,NORMAL,0.63
2026-09-07 03:50:00,11.612751352881412,11.61,-0.001,1.439,8.79,14.43,7.91,15.32,720.0,800.0,-0.0,1.425,797.21,802.79,796.33,803.67,90.25904983692652,90.26,-0.002,2.045,86.25,94.27,84.99,95.53,9.868159264239655,9.84,0.025,1.524,6.86,12.83,5.92,13.77,True,WARNING,SENSOR_SPEC_BREACH (SPEC_PRESSURE_EXCEEDS_RANGE),0.92
2026-09-07 03:55:00,11.465226236114669,11.47,-0.001,1.439,8.64,14.29,7.76,15.17,1001.026162497566,1001.03,-0.0,1.425,998.23,1003.82,997.35,1004.7,90.63758618281409,90.64,-0.002,2.045,86.63,94.65,85.37,95.91,1.0794098815968134,1.05,0.025,1.524,0.0,4.04,0.0,4.98,True,WARNING,MULTIVARIATE_OUTLIER,0.781
2026-09-07 04:00:00,11.835477741818838,11.84,-0.001,1.439,9.02,14.66,8.13,15.54,1001.0974699300846,1001.1,-0.0,1.425,998.3,1003.89,997.43,1004.77,91.00318756763305,91.0,-0.002,2.045,87.0,95.01,85.74,96.27,10.721669809930134,10.7,0.025,1.524,7.71,13.68,6.77,14.62,False,NORMAL,NORMAL,0.33
2026-09-07 04:05:00,12.155734482925597,12.16,-0.001,1.439,9.34,14.98,8.45,15.86,1000.9951427657917,1001.0,-0.0,1.425,998.2,1003.79,997.32,1004.67,91.12737239145699,91.13,-0.002,2.045,87.12,95.14,85.86,96.4,0.37526376300348285,0.35,0.025,1.524,0.0,3.34,0.0,4.28,False,NORMAL,NORMAL,0.54
2026-09-07 04:10:00,12.092563449414778,12.09,-0.001,1.439,9.27,14.91,8.39,15.8,1001.0063486635898,1001.01,-0.0,1.425,998.21,1003.8,997.33,1004.68,90.51069931980636,90.51,-0.002,2.045,86.5,94.52,85.24,95.78,7.910918086775343,7.89,0.025,1.524,4.9,10.87,3.96,11.81,False,NORMAL,NORMAL,0.611
2026-09-07 04:15:00,12.084378472806696,12.09,-0.001,1.439,9.26,14.91,8.38,15.79,1000.9319030551716,1000.93,-0.0,1.425,998.14,1003.73,997.26,1004.6,90.42907188628597,90.43,-0.002,2.045,86.42,94.44,85.16,95.7,3.332812243919662,3.31,0.025,1.524,0.32,6.3,0.0,7.23,False,NORMAL,NORMAL,0.685
2026-09-07 04:20:00,11.899164334123126,11.9,-0.001,1.439,9.08,14.72,8.19,15.61,1000.9334063348621,1000.93,-0.0,1.425,998.14,1003.73,997.26,1004.61,90.62200669209997,90.62,-0.002,2.045,86.62,94.63,85.36,95.89,9.187081197027386,9.16,0.025,1.524,6.17,12.15,5.23,13.09,False,NORMAL,NORMAL,0.594
2026-09-07 04:25:00,12.532028504625625,12.53,-0.001,1.439,9.71,15.35,8.82,16.24,1000.9689935323,1000.97,-0.0,1.425,998.18,1003.76,997.3,1004.64,89.9962195017057,90.0,-0.002,2.045,85.99,94.01,84.73,95.27,3.395689123509171,3.37,0.025,1.525,0.38,6.36,0.0,7.3,False,NORMAL,NORMAL,0.703
2026-09-07 04:30:00,12.070148498377991,12.07,-0.001,1.439,9.25,14.89,8.36,15.78,1000.7691840288524,1000.77,-0.0,1.425,997.98,1003.56,997.1,1004.44,90.4417279919807,90.44,-0.002,2.045,86.43,94.45,85.18,95.71,5.668475730458378,5.64,0.025,1.525,2.66,8.63,1.72,9.57,False,NORMAL,NORMAL,0.645
2026-09-07 04:35:00,13.085961523047166,13.09,-0.001,1.44,10.27,15.91,9.38,16.79,1000.7487711372601,1000.75,-0.0,1.425,997.96,1003.54,997.08,1004.42,90.98217535696341,90.98,-0.002,2.045,86.98,94.99,85.72,96.25,1.5885101817198424,1.56,0.025,1.525,0.0,4.55,0.0,5.49,False,NORMAL,NORMAL,0.708
2026-09-07 04:40:00,12.927902736421466,12.93,-0.001,1.44,10.11,15.75,9.22,16.64,1000.6778618762038,1000.68,-0.0,1.425,997.88,1003.47,997.01,1004.35,90.91980603972925,90.92,-0.002,2.045,86.91,94.93,85.65,96.19,2.897341822848755,2.87,0.025,1.525,0.0,5.86,0.0,6.8,False,NORMAL,NORMAL,0.722
2026-09-07 04:45:00,12.427926356260778,12.43,-0.001,1.44,9.61,15.25,8.72,16.14,1000.633183193408,1000.63,-0.0,1.425,997.84,1003.43,996.96,1004.31,90.42861960730173,90.43,-0.002,2.045,86.42,94.44,85.16,95.7,6.704142342463059,6.68,0.025,1.525,3.69,9.67,2.75,10.61,False,NORMAL,NORMAL,0.722
2026-09-07 04:50:00,13.006261691459905,13.01,-0.001,1.44,10.19,15.83,9.3,16.72,1000.6798641472054,1000.68,-0.0,1.425,997.89,1003.47,997.01,1004.35,90.71317193964826,90.71,-0.002,2.045,86.71,94.72,85.45,95.98,4.770217029293228,4.75,0.025,1.525,1.76,7.73,0.82,8.67,False,NORMAL,NORMAL,0.74
2026-09-07 04:55:00,12.951003827051048,12.95,-0.001,1.44,10.13,15.77,9.24,16.66,1000.8778190416832,1000.88,-0.0,1.425,998.08,1003.67,997.21,1004.55,90.18812346637303,90.19,-0.002,2.045,86.18,94.2,84.92,95.46,8.920619459120362,8.9,0.025,1.525,5.91,11.88,4.97,12.82,False,NORMAL,NORMAL,0.686
2026-09-07 05:00:00,13.504323075999906,13.51,-0.001,1.44,10.68,16.33,9.8,17.21,1000.7136898341936,1000.71,-0.0,1.425,997.92,1003.51,997.04,1004.39,90.99078318663624,90.99,-0.002,2.045,86.98,95.0,85.72,96.26,4.115568826404549,4.09,0.025,1.525,1.1,7.08,0.16,8.02,False,NORMAL,NORMAL,0.786
2026-09-07 05:05:00,14.040427949539959,14.04,-0.001,1.44,11.22,16.86,10.33,17.75,1000.9206746894616,1000.92,-0.0,1.425,998.13,1003.71,997.25,1004.59,90.63729219113868,90.64,-0.002,2.045,86.63,94.65,85.37,95.91,7.853219117644473,7.83,0.025,1.525,4.84,10.82,3.9,11.76,False,NORMAL,NORMAL,0.781
2026-09-07 05:10:00,12.88452141464626,12.89,-0.001,1.44,10.06,15.71,9.18,16.59,1000.8472277083911,1000.85,-0.0,1.425,998.05,1003.64,997.18,1004.52,90.45782066849532,90.46,-0.002,2.046,86.45,94.47,85.19,95.73,4.245841827097091,4.22,0.025,1.525,1.23,7.21,0.29,8.15,False,NORMAL,NORMAL,0.636
2026-09-07 05:15:00,13.813630855303712,13.81,-0.001,1.44,10.99,16.64,10.11,17.52,1000.5475401467745,1000.55,-0.0,1.425,997.75,1003.34,996.88,1004.22,90.47964471749178,90.48,-0.002,2.046,86.47,94.49,85.21,95.75,10.826936961539419,10.8,0.025,1.525,7.81,13.79,6.87,14.73,False,NORMAL,NORMAL,0.596
2026-09-07 05:20:00,13.839222745244406,13.84,-0.001,1.44,11.02,16.66,10.13,17.55,1000.9443037432593,1000.94,-0.0,1.425,998.15,1003.74,997.27,1004.62,90.63083282435515,90.63,-0.002,2.046,86.62,94.64,85.36,95.9,9.861338814599986,9.84,0.025,1.525,6.85,12.82,5.91,13.76,False,NORMAL,NORMAL,0.706
2026-09-07 05:25:00,14.310029582155012,14.31,-0.001,1.44,11.49,17.13,10.6,18.02,1000.973400783844,1000.97,-0.0,1.425,998.18,1003.77,997.3,1004.65,90.47087229493901,90.47,-0.002,2.046,86.46,94.48,85.2,95.74,3.474981205575159,3.45,0.025,1.525,0.46,6.44,0.0,7.38,False,NORMAL,NORMAL,0.793
2026-09-07 05:30:00,14.267487799525448,14.27,-0.001,1.44,11.45,17.09,10.56,17.98,1000.71093848614,1000.71,-0.0,1.425,997.92,1003.5,997.04,1004.38,91.02094999085168,91.02,-0.002,2.046,87.01,95.03,85.75,96.29,8.103662553502955,8.08,0.025,1.525,5.09,11.07,4.15,12.01,False,NORMAL,NORMAL,0.791
2026-09-07 05:35:00,14.024569442265651,14.03,-0.001,1.44,11.2,16.85,10.32,17.73,1000.9338240456337,1000.93,-0.0,1.425,998.14,1003.73,997.26,1004.61,90.47746485662847,90.48,-0.002,2.046,86.47,94.49,85.21,95.75,7.543869596725069,7.52,0.025,1.525,4.53,10.51,3.59,11.45,False,NORMAL,NORMAL,0.785
2026-09-07 05:40:00,14.343249471379352,14.34,-0.001,1.44,11.52,17.17,10.64,18.05,1000.7556615293805,1000.76,-0.0,1.425,997.96,1003.55,997.08,1004.43,91.49358225308181,91.5,-0.002,2.046,87.49,95.51,86.22,96.77,2.675194386130368,2.65,0.025,1.525,0.0,5.64,0.0,6.58,False,NORMAL,NORMAL,0.785
2026-09-07 05:45:00,14.300272755428841,14.3,-0.001,1.44,11.48,17.12,10.59,18.01,1000.9147100386556,1000.91,-0.0,1.425,998.12,1003.71,997.24,1004.59,91.4267438964529,91.43,-0.002,2.046,87.42,95.44,86.16,96.7,5.441773423201298,5.42,0.025,1.525,2.43,8.41,1.49,9.34,False,NORMAL,NORMAL,0.815
2026-09-07 05:50:00,15.199127481906933,15.2,-0.001,1.44,12.38,18.02,11.49,18.91,1000.7289046549405,1000.73,-0.0,1.425,997.94,1003.52,997.06,1004.4,90.31001971337702,90.31,-0.002,2.046,86.3,94.32,85.04,95.58,1.510839793791142,1.49,0.025,1.525,0.0,4.47,0.0,5.41,False,NORMAL,NORMAL,0.739
2026-09-07 05:55:00,14.929450572824807,14.93,-0.001,1.44,12.11,17.75,11.22,18.64,1000.6707402280517,1000.67,-0.0,1.425,997.88,1003.46,997.0,1004.34,90.77220968538917,90.77,-0.002,2.046,86.76,94.78,85.5,96.04,7.404054018320853,7.38,0.025,1.525,4.39,10.37,3.45,11.31,False,NORMAL,NORMAL,0.781
2026-09-07 06:00:00,15.835692537755731,15.84,-0.001,1.44,13.01,18.66,12.13,19.55,1000.9060230314226,1000.91,-0.0,1.425,998.11,1003.7,997.23,1004.58,90.47376209253208,90.48,-0.002,2.046,86.46,94.49,85.2,95.75,2.4088593556714613,2.38,0.025,1.525,0.0,5.37,0.0,6.31,False,NORMAL,NORMAL,0.753
2026-09-07 06:05:00,15.207259711335679,15.21,-0.001,1.44,12.39,18.03,11.5,18.92,1000.971239749788,1000.97,-0.0,1.425,998.18,1003.77,997.3,1004.64,90.59302271978004,90.59,-0.002,2.046,86.58,94.61,85.32,95.87,1.4905618966754088,1.47,0.025,1.525,0.0,4.45,0.0,5.39,False,NORMAL,NORMAL,0.795
2026-09-07 06:10:00,15.10641397639822,15.11,-0.001,1.44,12.29,17.93,11.4,18.82,1000.9591117633867,1000.96,-0.0,1.425,998.17,1003.75,997.29,1004.63,91.75067381298638,91.75,-0.002,2.046,87.74,95.76,86.48,97.02,3.9323686504379696,3.91,0.025,1.525,0.92,6.9,0.0,7.84,False,NORMAL,NORMAL,0.817
2026-09-07 06:15:00,14.944415018842689,14.95,-0.001,1.44,12.12,17.77,11.24,18.65,1000.8727276252482,1000.87,-0.0,1.425,998.08,1003.67,997.2,1004.54,90.58459616332006,90.59,-0.002,2.046,86.58,94.6,85.31,95.86,5.101080393695833,5.08,0.025,1.525,2.09,8.07,1.15,9.0,False,NORMAL,NORMAL,0.852
2026-09-07 06:20:00,14.990566176884792,14.99,-0.001,1.44,12.17,17.81,11.28,18.7,1001.0245080876324,1001.02,-0.0,1.425,998.23,1003.82,997.35,1004.7,90.92165290144011,90.92,-0.002,2.046,86.91,94.93,85.65,96.19,7.64173293679738,7.62,0.025,1.525,4.63,10.61,3.69,11.55,False,NORMAL,NORMAL,0.819
2026-09-07 06:25:00,15.241811046898318,15.24,-0.001,1.44,12.42,18.06,11.53,18.95,1001.1616242040142,1001.16,-0.0,1.425,998.37,1003.96,997.49,1004.83,91.02936480787893,91.03,-0.002,2.046,87.02,95.04,85.76,96.3,10.520725749467971,10.5,0.025,1.525,7.51,13.48,6.57,14.42,False,NORMAL,NORMAL,0.775
2026-09-07 06:30:00,16.14760572261667,16.15,-0.001,1.44,13.33,18.97,12.44,19.86,1001.1537891548807,1001.15,-0.0,1.425,998.36,1003.95,997.48,1004.83,90.31988293819269,90.32,-0.002,2.047,86.31,94.33,85.05,95.59,4.1847471263842255,4.16,0.025,1.525,1.17,7.15,0.23,8.09,False,NORMAL,NORMAL,0.769
2026-09-07 06:35:00,16.41110439296048,16.41,-0.001,1.44,13.59,19.23,12.7,20.12,1001.2297229693896,1001.23,-0.0,1.425,998.44,1004.02,997.56,1004.9,90.41042534079469,90.41,-0.002,2.047,86.4,94.42,85.14,95.68,1.3733596559638481,1.35,0.025,1.525,0.0,4.34,0.0,5.28,False,NORMAL,NORMAL,0.791
2026-09-07 06:40:00,15.743489831731765,15.74,-0.001,1.44,12.92,18.57,12.04,19.45,1001.146158130549,1001.15,-0.0,1.425,998.35,1003.94,997.47,1004.82,90.18982614960436,90.19,-0.002,2.047,86.18,94.2,84.92,95.46,6.467501707248431,6.44,0.025,1.525,3.45,9.43,2.51,10.37,False,NORMAL,NORMAL,0.8
2026-09-07 06:45:00,16.903747637369857,16.9,-0.001,1.44,14.08,19.73,13.2,20.61,1001.4692307307126,1001.47,-0.0,1.425,998.68,1004.26,997.8,1005.14,89.17183600211965,89.17,-0.002,2.047,85.16,93.18,83.9,94.45,5.019206155002117,4.99,0.025,1.525,2.0,7.98,1.06,8.92,False,NORMAL,NORMAL,0.694
2026-09-07 06:50:00,16.52360999931148,16.52,-0.001,1.44,13.7,19.35,12.82,20.23,1001.1662777640071,1001.17,-0.0,1.425,998.37,1003.96,997.49,1004.84,89.42053213234698,89.42,-0.002,2.047,85.41,93.43,84.15,94.69,4.238963905722595,4.21,0.025,1.525,1.22,7.2,0.28,8.14,False,NORMAL,NORMAL,0.724
2026-09-07 06:55:00,16.947910493944033,16.95,-0.001,1.44,14.13,19.77,13.24,20.66,1001.4674606423175,1001.47,-0.0,1.425,998.67,1004.26,997.8,1005.14,88.20492402463805,88.21,-0.002,2.047,84.19,92.22,82.93,93.48,3.3455403979020244,3.32,0.025,1.525,0.33,6.31,0.0,7.25,False,NORMAL,NORMAL,0.759
2026-09-07 07:00:00,17.707617473123584,17.71,-0.001,1.44,14.89,20.53,14.0,21.42,1001.6255802810103,1001.63,-0.0,1.425,998.83,1004.42,997.95,1005.3,89.63140116395714,89.63,-0.002,2.047,85.62,93.64,84.36,94.91,4.59490612702745,4.57,0.025,1.525,1.58,7.56,0.64,8.5,False,NORMAL,NORMAL,0.702
2026-09-07 07:05:00,17.59609773549215,17.6,-0.001,1.44,14.77,20.42,13.89,21.31,1001.5767012436268,1001.58,-0.0,1.425,998.78,1004.37,997.9,1005.25,87.23162097058173,87.23,-0.002,2.047,83.22,91.25,81.96,92.51,3.536790141700936,3.51,0.025,1.525,0.52,6.5,0.0,7.44,False,NORMAL,NORMAL,0.807
2026-09-07 07:10:00,17.305598709748878,17.31,-0.001,1.44,14.48,20.13,13.6,21.02,1001.5327006337218,1001.53,-0.0,1.425,998.74,1004.33,997.86,1005.2,90.18980380129297,90.19,-0.002,2.047,86.18,94.2,84.92,95.46,6.541862573292644,6.52,0.025,1.525,3.53,9.51,2.59,10.45,False,NORMAL,NORMAL,0.807
2026-09-07 07:15:00,17.233118093686322,17.23,-0.001,1.44,14.41,20.06,13.52,20.94,1001.5445385295889,1001.54,-0.0,1.425,998.75,1004.34,997.87,1005.22,88.23735875083845,88.24,-0.002,2.047,84.23,92.25,82.97,93.51,4.873103589194412,4.85,0.025,1.526,1.86,7.84,0.92,8.78,False,NORMAL,NORMAL,0.818
2026-09-07 07:20:00,16.90630637963144,16.91,-0.001,1.44,14.08,19.73,13.2,20.62,1001.8420298177756,1001.84,-0.0,1.425,999.05,1004.64,998.17,1005.51,90.38293324611753,90.38,-0.002,2.047,86.37,94.4,85.11,95.66,7.959497844051386,7.93,0.025,1.526,4.94,10.92,4.0,11.86,False,NORMAL,NORMAL,0.77
2026-09-07 07:25:00,17.657580438496154,17.66,-0.001,1.44,14.84,20.48,13.95,21.37,1001.5380705044347,1001.54,-0.0,1.425,998.74,1004.33,997.87,1005.21,86.56115839005861,86.56,-0.002,2.047,82.55,90.58,81.29,91.84,4.870723679292346,4.85,0.025,1.526,1.86,7.84,0.92,8.78,False,NORMAL,NORMAL,0.681
2026-09-07 07:30:00,18.039688375783406,18.04,-0.001,1.44,15.22,20.86,14.33,21.75,1001.672898051339,1001.67,-0.0,1.425,998.88,1004.47,998.0,1005.35,86.82852626569111,86.83,-0.002,2.047,82.82,90.84,81.56,92.1,2.869256524136916,2.84,0.025,1.526,0.0,5.83,0.0,6.77,False,NORMAL,NORMAL,0.799
2026-09-07 07:35:00,17.90877437407762,17.91,-0.001,1.44,15.09,20.73,14.2,21.62,1001.8276130160551,1001.83,-0.0,1.425,999.03,1004.62,998.16,1005.5,86.39819386798494,86.4,-0.002,2.047,82.39,90.41,81.13,91.67,7.590051457756515,7.56,0.025,1.526,4.57,10.56,3.63,11.49,False,NORMAL,NORMAL,0.802
2026-09-07 07:40:00,18.431173408824087,18.43,-0.001,1.44,15.61,21.25,14.72,22.14,1002.1435818635128,1002.14,-0.0,1.425,999.35,1004.94,998.47,1005.82,84.45148074972467,84.45,-0.002,2.047,80.44,88.47,79.18,89.73,4.964279675987037,4.94,0.025,1.526,1.95,7.93,1.01,8.87,False,NORMAL,NORMAL,0.797
2026-09-07 07:45:00,18.694888343710367,18.7,-0.001,1.44,15.87,21.52,14.99,22.41,1002.0873673310746,1002.09,-0.0,1.425,999.29,1004.88,998.42,1005.76,81.53995580487157,81.54,-0.002,2.047,77.53,85.55,76.27,86.82,2.647618087821791,2.62,0.025,1.526,0.0,5.61,0.0,6.55,False,NORMAL,NORMAL,0.809
2026-09-07 07:50:00,18.75503490165698,18.76,-0.001,1.44,15.93,21.58,15.05,22.47,1001.9593663083991,1001.96,-0.0,1.425,999.17,1004.75,998.29,1005.63,81.06930815654164,81.07,-0.002,2.047,77.06,85.08,75.8,86.35,5.435986916823119,5.41,0.025,1.526,2.42,8.4,1.48,9.34,False,NORMAL,NORMAL,0.857
2026-09-07 07:55:00,18.766081076966927,18.77,-0.001,1.44,15.94,21.59,15.06,22.48,1002.13381928123,1002.13,-0.0,1.425,999.34,1004.93,998.46,1005.81,80.61704532940728,80.62,-0.002,2.048,76.61,84.63,75.34,85.89,3.6595707902031265,3.63,0.025,1.526,0.64,6.62,0.0,7.56,False,NORMAL,NORMAL,0.837
2026-09-07 08:00:00,19.274840622854075,19.28,-0.001,1.44,16.45,22.1,15.57,22.99,1002.1655466829723,1002.17,-0.0,1.426,999.37,1004.96,998.49,1005.84,78.0310279863023,78.03,-0.002,2.048,74.02,82.05,72.76,83.31,7.502013581849426,7.48,0.025,1.526,4.49,10.47,3.55,11.41,False,NORMAL,NORMAL,0.811
2026-09-07 08:05:00,19.565560163554494,19.57,-0.001,1.44,16.74,22.39,15.86,23.28,1002.2300078047891,1002.23,-0.0,1.426,999.44,1005.02,998.56,1005.9,77.34090232844997,77.34,-0.002,2.048,73.33,81.36,72.07,82.62,4.311238732593603,4.29,0.025,1.526,1.3,7.28,0.36,8.22,False,NORMAL,NORMAL,0.835
2026-09-07 08:10:00,19.134054598114624,19.13,-0.001,1.44,16.31,21.96,15.43,22.84,1002.5634535134217,1002.56,-0.0,1.426,999.77,1005.36,998.89,1006.24,81.71150302246377,81.71,-0.002,2.048,77.7,85.73,76.44,86.99,6.3711436039778695,6.35,0.025,1.526,3.36,9.34,2.42,10.28,False,NORMAL,NORMAL,0.649
2026-09-07 08:15:00,20.315959388205794,20.32,-0.001,1.44,17.49,23.14,16.61,24.03,1002.2922750917692,1002.29,-0.0,1.426,999.5,1005.09,998.62,1005.96,74.01665198631676,74.02,-0.002,2.048,70.0,78.03,68.74,79.29,1.7884355090923865,1.76,0.025,1.526,0.0,4.75,0.0,5.69,False,NORMAL,NORMAL,0.504
2026-09-07 08:20:00,19.893382053456342,19.89,-0.001,1.44,17.07,22.72,16.18,23.6,1002.821950508294,1002.82,-0.0,1.426,1000.03,1005.62,999.15,1006.49,78.70575782335496,78.71,-0.002,2.048,74.69,82.72,73.43,83.98,4.041623805945074,4.02,0.025,1.526,1.03,7.01,0.09,7.95,False,NORMAL,NORMAL,0.475
2026-09-07 08:25:00,20.12136358379379,20.12,-0.001,1.44,17.3,22.94,16.41,23.83,1002.7885510981345,1002.79,-0.0,1.426,999.99,1005.58,999.12,1006.46,78.08393974667558,78.09,-0.002,2.048,74.07,82.1,72.81,83.36,11.605797020973808,11.58,0.025,1.526,8.59,14.57,7.65,15.51,False,NORMAL,NORMAL,0.544
2026-09-07 08:30:00,20.577808539453105,20.58,-0.001,1.44,17.76,23.4,16.87,24.29,1002.9126202181486,1002.91,-0.0,1.426,1000.12,1005.71,999.24,1006.58,73.27080931800734,73.27,-0.002,2.048,69.26,77.29,68.0,78.55,7.439728478380001,7.41,0.025,1.526,4.42,10.41,3.48,11.35,False,NORMAL,NORMAL,0.787
2026-09-07 08:35:00,20.568118107710905,20.57,-0.001,1.44,17.75,23.39,16.86,24.28,1002.7651187177772,1002.77,-0.0,1.426,999.97,1005.56,999.09,1006.44,71.81098346364125,71.81,-0.002,2.048,67.8,75.83,66.54,77.09,2.435812277172119,2.41,0.025,1.526,0.0,5.4,0.0,6.34,False,NORMAL,NORMAL,0.811
2026-09-07 08:40:00,21.035922517965723,21.04,-0.001,1.44,18.21,23.86,17.33,24.75,1002.8984337291832,1002.9,-0.0,1.426,1000.1,1005.69,999.23,1006.57,70.62331515460203,70.62,-0.002,2.048,66.61,74.64,65.35,75.9,3.355351148105322,3.33,0.025,1.526,0.34,6.32,0.0,7.26,False,NORMAL,NORMAL,0.835
2026-09-07 08:45:00,20.948798809973123,20.95,-0.001,1.44,18.13,23.77,17.24,24.66,1002.7930149840239,1002.79,-0.0,1.426,1000.0,1005.59,999.12,1006.47,71.54319862254626,71.54,-0.002,2.048,67.53,75.56,66.27,76.82,3.750904511622442,3.73,0.025,1.526,0.73,6.72,0.0,7.66,False,NORMAL,NORMAL,0.851
2026-09-07 08:50:00,20.7676186005387,20.77,-0.001,1.44,17.95,23.59,17.06,24.48,1003.016949488227,1003.02,-0.0,1.426,1000.22,1005.81,999.34,1006.69,73.07069880494545,73.07,-0.002,2.048,69.06,77.09,67.8,78.35,6.126277143734264,6.1,0.025,1.526,3.11,9.09,2.17,10.03,False,NORMAL,NORMAL,0.831
2026-09-07 08:55:00,21.335120900129112,21.34,-0.001,1.44,18.51,24.16,17.63,25.05,1003.2578562141948,1003.26,-0.0,1.426,1000.46,1006.05,999.59,1006.93,69.90036622503753,69.9,-0.002,2.048,65.89,73.92,64.63,75.18,7.16364769282955,7.14,0.025,1.526,4.15,10.13,3.21,11.07,False,NORMAL,NORMAL,0.805
2026-09-07 09:00:00,20.910155274184643,20.91,-0.001,1.44,18.09,23.73,17.2,24.62,1003.4667741116367,1003.47,-0.0,1.426,1000.67,1006.26,999.79,1007.14,71.9497376970136,71.95,-0.002,2.048,67.94,75.97,66.67,77.23,7.141297032047965,7.12,0.025,1.526,4.12,10.11,3.18,11.05,False,NORMAL,NORMAL,0.824
2026-09-07 09:05:00,21.587315454810014,21.59,-0.001,1.44,18.77,24.41,17.88,25.3,1003.1951446070843,1003.2,-0.0,1.426,1000.4,1005.99,999.52,1006.87,69.58105269443105,69.58,-0.002,2.048,65.57,73.6,64.31,74.86,5.164328008310591,5.14,0.025,1.526,2.15,8.13,1.21,9.07,False,NORMAL,NORMAL,0.781
2026-09-07 09:10:00,21.705884625804497,21.71,-0.001,1.44,18.88,24.53,18.0,25.42,1003.395441803731,1003.4,-0.0,1.426,1000.6,1006.19,999.72,1007.07,69.13403115999797,69.14,-0.002,2.048,65.12,73.15,63.86,74.41,7.950693439555406,7.93,0.025,1.526,4.93,10.92,3.99,11.86,False,NORMAL,NORMAL,0.824
2026-09-07 09:15:00,21.81017435178544,21.81,-0.001,1.44,18.99,24.63,18.1,25.52,1003.516717919752,1003.52,-0.0,1.426,1000.72,1006.31,999.84,1007.19,68.43227003260436,68.43,-0.002,2.049,64.42,72.45,63.16,73.71,4.705238606714771,4.68,0.025,1.526,1.69,7.67,0.75,8.61,False,NORMAL,NORMAL,0.861
2026-09-07 09:20:00,22.015130715595376,22.02,-0.001,1.44,19.19,24.84,18.31,25.73,1003.4191849014035,1003.42,-0.0,1.426,1000.63,1006.21,999.75,1007.09,68.92342313313412,68.92,-0.002,2.049,64.91,72.94,63.65,74.2,2.2738005271943464,2.25,0.025,1.526,0.0,5.24,0.0,6.18,False,NORMAL,NORMAL,0.751
2026-09-07 09:25:00,21.48573218853589,21.49,-0.001,1.44,18.66,24.31,17.78,25.2,1003.8062919028101,1003.81,-0.0,1.426,1001.01,1006.6,1000.13,1007.48,69.07910022077401,69.08,-0.002,2.049,65.07,73.1,63.8,74.36,5.741064910630869,5.72,0.025,1.526,2.72,8.71,1.78,9.65,False,NORMAL,NORMAL,0.8
2026-09-07 09:30:00,22.1896313153105,22.19,-0.001,1.44,19.37,25.01,18.48,25.9,1003.6978240892622,1003.7,-0.0,1.426,1000.9,1006.49,1000.03,1007.37,69.24633641991507,69.25,-0.002,2.049,65.23,73.26,63.97,74.53,11.062673946016897,11.04,0.025,1.526,8.05,14.03,7.11,14.97,False,NORMAL,NORMAL,0.585
2026-09-07 09:35:00,22.615554672455016,22.62,-0.001,1.44,19.79,25.44,18.91,26.33,1003.8656461607474,1003.87,-0.0,1.426,1001.07,1006.66,1000.19,1007.54,65.10438985876655,65.11,-0.002,2.049,61.09,69.12,59.83,70.38,8.01443480333887,7.99,0.025,1.526,5.0,10.98,4.06,11.92,False,NORMAL,NORMAL,0.788
2026-09-07 09:40:00,22.81022393061387,22.81,-0.001,1.44,19.99,25.63,19.1,26.52,1003.9152965149942,1003.92,-0.0,1.426,1001.12,1006.71,1000.24,1007.59,62.46735898387084,62.47,-0.002,2.049,58.45,66.48,57.19,67.75,5.97798855831103,5.95,0.025,1.526,2.96,8.94,2.02,9.88,False,NORMAL,NORMAL,0.831
2026-09-07 09:45:00,22.501569199655364,22.5,-0.001,1.44,19.68,25.33,18.79,26.21,1003.9523289652124,1003.95,-0.0,1.426,1001.16,1006.75,1000.28,1007.62,66.29399343914373,66.3,-0.002,2.049,62.28,70.31,61.02,71.57,6.603564534895285,6.58,0.025,1.526,3.59,9.57,2.65,10.51,False,NORMAL,NORMAL,0.84
2026-09-07 09:50:00,23.58369824903634,23.58,-0.001,1.44,20.76,26.41,19.87,27.29,1004.1567263850652,1004.16,-0.0,1.426,1001.36,1006.95,1000.48,1007.83,60.19732161198078,60.2,-0.002,2.049,56.18,64.21,54.92,65.48,10.641639665851145,10.62,0.025,1.526,7.62,13.61,6.68,14.55,False,NORMAL,NORMAL,0.651
2026-09-07 09:55:00,22.894064556132363,22.89,-0.001,1.44,20.07,25.72,19.18,26.61,1004.2118152735097,1004.21,-0.0,1.426,1001.42,1007.01,1000.54,1007.88,64.92908694074238,64.93,-0.002,2.049,60.91,68.95,59.65,70.21,4.9042513590085735,4.88,0.025,1.526,1.89,7.87,0.95,8.81,False,NORMAL,NORMAL,0.645
2026-09-07 10:00:00,23.789706668857377,23.79,-0.001,1.44,20.97,26.61,20.08,27.5,1004.2739812341633,1004.27,-0.0,1.426,1001.48,1007.07,1000.6,1007.95,59.30285295302286,59.3,-0.002,2.049,55.29,63.32,54.03,64.58,4.187545471179309,4.16,0.025,1.526,1.17,7.15,0.23,8.09,False,NORMAL,NORMAL,0.77
2026-09-07 10:05:00,23.73238798927201,23.73,-0.001,1.44,20.91,26.56,20.02,27.44,1004.305234950809,1004.31,-0.0,1.426,1001.51,1007.1,1000.63,1007.98,63.251443144918234,63.25,-0.002,2.049,59.24,67.27,57.97,68.53,12.916979807583342,12.89,0.025,1.527,9.9,15.88,8.96,16.82,False,NORMAL,NORMAL,0.591
2026-09-07 10:10:00,23.4607310934335,23.46,-0.001,1.44,20.64,26.28,19.75,27.17,1004.5462318518153,1004.55,-0.0,1.426,1001.75,1007.34,1000.87,1008.22,62.82835976891009,62.83,-0.002,2.049,58.81,66.85,57.55,68.11,9.428605998836012,9.4,0.025,1.527,6.41,12.4,5.47,13.34,False,NORMAL,NORMAL,0.701
2026-09-07 10:15:00,24.58511255476707,24.59,-0.001,1.44,21.76,27.41,20.88,28.3,1004.8291153143405,1004.83,-0.0,1.426,1002.04,1007.62,1001.16,1008.5,56.69934442636314,56.7,-0.002,2.049,52.68,60.72,51.42,61.98,4.198845158023376,4.17,0.025,1.527,1.18,7.17,0.24,8.11,False,NORMAL,NORMAL,0.659
2026-09-07 10:20:00,23.55128411320931,23.55,-0.001,1.44,20.73,26.38,19.84,27.26,1004.6837144194352,1004.68,-0.0,1.426,1001.89,1007.48,1001.01,1008.36,59.89253536115492,59.89,-0.002,2.049,55.88,63.91,54.62,65.17,5.338073588819756,5.31,0.025,1.527,2.32,8.31,1.38,9.25,False,NORMAL,NORMAL,0.718
2026-09-07 10:25:00,24.54806669463553,24.55,-0.001,1.44,21.73,27.37,20.84,28.26,1004.8926177753237,1004.89,-0.0,1.426,1002.1,1007.69,1001.22,1008.57,60.121666674272355,60.12,-0.002,2.049,56.11,64.14,54.84,65.4,4.980348958770018,4.96,0.025,1.527,1.96,7.95,1.02,8.89,False,NORMAL,NORMAL,0.668
2026-09-07 10:30:00,24.7301517616021,24.73,-0.001,1.44,21.91,27.55,21.02,28.44,1004.613869408298,1004.61,-0.0,1.426,1001.82,1007.41,1000.94,1008.29,57.5295481519078,57.53,-0.002,2.049,53.51,61.55,52.25,62.81,2.7481258386810747,2.72,0.025,1.527,0.0,5.72,0.0,6.66,False,NORMAL,NORMAL,0.785
2026-09-07 10:35:00,24.208965356403155,24.21,-0.001,1.441,21.39,27.03,20.5,27.92,1004.9239302890053,1004.92,-0.0,1.426,1002.13,1007.72,1001.25,1008.6,58.472730465188455,58.47,-0.002,2.05,54.46,62.49,53.19,63.75,12.236079348490104,12.21,0.025,1.527,9.22,15.2,8.28,16.14,False,NORMAL,NORMAL,0.662
2026-09-07 10:40:00,25.17920922806573,25.18,-0.001,1.441,22.36,28.0,21.47,28.89,1004.8121147664693,1004.81,-0.0,1.426,1002.02,1007.61,1001.14,1008.48,54.78488803921067,54.79,-0.002,2.05,50.77,58.8,49.51,60.07,4.976441758631855,4.95,0.025,1.527,1.96,7.94,1.02,8.88,False,NORMAL,NORMAL,0.679
2026-09-07 10:45:00,24.664864628941714,24.67,-0.001,1.441,21.84,27.49,20.95,28.38,1004.830158822343,1004.83,-0.0,1.426,1002.04,1007.62,1001.16,1008.5,57.99619464352152,58.0,-0.002,2.05,53.98,62.02,52.72,63.28,10.029246600228898,10.0,0.025,1.527,7.01,13.0,6.07,13.94,False,NORMAL,NORMAL,0.791
2026-09-07 10:50:00,25.02060782939988,25.02,-0.001,1.441,22.2,27.84,21.31,28.73,1005.014229367062,1005.01,-0.0,1.426,1002.22,1007.81,1001.34,1008.69,57.00081224367704,57.0,-0.002,2.05,52.98,61.02,51.72,62.28,3.2009643406226638,3.18,0.025,1.527,0.18,6.17,0.0,7.11,False,NORMAL,NORMAL,0.732
2026-09-07 10:55:00,25.147031020773177,25.15,-0.001,1.441,22.32,27.97,21.44,28.86,1005.3757572697863,1005.38,-0.0,1.426,1002.58,1008.17,1001.7,1009.05,57.43365064269893,57.44,-0.002,2.05,53.42,61.45,52.16,62.72,6.255634779865797,6.23,0.025,1.527,3.24,9.22,2.3,10.16,False,NORMAL,NORMAL,0.75
2026-09-07 11:00:00,25.124414429956172,25.13,-0.001,1.441,22.3,27.95,21.41,28.84,1005.409655169094,1005.41,-0.0,1.426,1002.62,1008.2,1001.74,1009.08,55.755346124963246,55.76,-0.002,2.05,51.74,59.77,50.48,61.04,1.0988033849943009,1.07,0.025,1.527,0.0,4.07,0.0,5.01,False,NORMAL,NORMAL,0.8
2026-09-07 11:05:00,25.63510082922286,25.64,-0.001,1.441,22.81,28.46,21.92,29.35,1005.3720740802291,1005.37,-0.0,1.426,1002.58,1008.17,1001.7,1009.04,53.987286288700766,53.99,-0.002,2.05,49.97,58.01,48.71,59.27,8.521378985636618,8.5,0.025,1.527,5.5,11.49,4.56,12.43,False,NORMAL,NORMAL,0.808
2026-09-07 11:10:00,25.758158049834904,25.76,-0.001,1.441,22.94,28.58,22.05,29.47,1005.1724297929526,1005.17,-0.0,1.426,1002.38,1007.97,1001.5,1008.85,55.43353786698766,55.44,-0.002,2.05,51.42,59.45,50.15,60.72,6.641742761671138,6.62,0.025,1.527,3.62,9.61,2.68,10.55,False,NORMAL,NORMAL,0.783
2026-09-07 11:15:00,24.868623063658763,24.87,-0.001,1.441,22.05,27.69,21.16,28.58,1005.4377998370459,1005.44,-0.0,1.426,1002.64,1008.23,1001.77,1009.11,59.186110233985026,59.19,-0.002,2.05,55.17,63.21,53.91,64.47,7.090822278681011,7.07,0.025,1.527,4.07,10.06,3.13,11.0,False,NORMAL,NORMAL,0.675
2026-09-07 11:20:00,26.214277624955518,26.22,-0.001,1.441,23.39,29.04,22.5,29.93,1005.5755581045568,1005.58,-0.0,1.426,1002.78,1008.37,1001.9,1009.25,51.65276444735889,51.65,-0.002,2.05,47.64,55.67,46.37,56.94,1.6558392425927386,1.63,0.025,1.527,0.0,4.62,0.0,5.56,False,NORMAL,NORMAL,0.583
2026-09-07 11:25:00,25.14922828356277,25.15,-0.001,1.441,22.33,27.97,21.44,28.86,1005.6178113839989,1005.62,-0.0,1.426,1002.82,1008.41,1001.95,1009.29,58.293584768060356,58.3,-0.002,2.05,54.28,62.31,53.01,63.58,3.5130941972141074,3.49,0.025,1.527,0.49,6.48,0.0,7.42,False,NORMAL,NORMAL,0.56
2026-09-07 11:30:00,26.34605186476654,26.35,-0.001,1.441,23.52,29.17,22.64,30.06,1005.3741730816507,1005.37,-0.0,1.426,1002.58,1008.17,1001.7,1009.05,52.810800126721865,52.81,-0.002,2.05,48.79,56.83,47.53,58.09,2.0136208734916488,1.99,0.025,1.527,0.0,4.98,0.0,5.92,False,NORMAL,NORMAL,0.547
2026-09-07 11:35:00,26.49959678209381,26.5,-0.001,1.441,23.68,29.32,22.79,30.21,1005.5745097194439,1005.57,-0.0,1.426,1002.78,1008.37,1001.9,1009.25,53.57748104576602,53.58,-0.002,2.05,49.56,57.6,48.3,58.86,4.24753670934101,4.22,0.025,1.527,1.23,7.22,0.29,8.16,False,NORMAL,NORMAL,0.733
2026-09-07 11:40:00,25.725432260557085,25.73,-0.001,1.441,22.9,28.55,22.02,29.44,1005.7537900942752,1005.75,-0.0,1.426,1002.96,1008.55,1002.08,1009.43,54.720888262245374,54.72,-0.002,2.05,50.7,58.74,49.44,60.0,7.255818098721273,7.23,0.025,1.527,4.24,10.22,3.3,11.16,False,NORMAL,NORMAL,0.752
2026-09-07 11:45:00,26.10737116236482,26.11,-0.001,1.441,23.28,28.93,22.4,29.82,1005.8971980567198,1005.9,-0.0,1.426,1003.1,1008.69,1002.22,1009.57,50.93464217442852,50.94,-0.002,2.05,46.92,54.95,45.65,56.22,6.69789008616158,6.67,0.025,1.527,3.68,9.67,2.74,10.61,False,NORMAL,NORMAL,0.826
2026-09-07 11:50:00,25.936219654208003,25.94,-0.001,1.441,23.11,28.76,22.23,29.65,1005.5386796965365,1005.54,-0.0,1.426,1002.74,1008.33,1001.87,1009.21,53.752129352655054,53.75,-0.002,2.05,49.73,57.77,48.47,59.04,7.158402510823638,7.13,0.025,1.527,4.14,10.13,3.2,11.07,False,NORMAL,NORMAL,0.779
2026-09-07 11:55:00,26.396218515416457,26.4,-0.001,1.441,23.57,29.22,22.69,30.11,1005.8931043030784,1005.89,-0.0,1.426,1003.1,1008.69,1002.22,1009.57,54.11541356388488,54.12,-0.002,2.05,50.1,58.14,48.83,59.4,6.588564285618749,6.56,0.025,1.527,3.57,9.56,2.63,10.5,False,NORMAL,NORMAL,0.702
2026-09-07 12:00:00,26.45949506919713,26.46,-0.001,1.441,23.64,29.28,22.75,30.17,1005.9861759412433,1005.99,-0.0,1.426,1003.19,1008.78,1002.31,1009.66,52.363376737845144,52.36,-0.002,2.051,48.35,56.38,47.08,57.65,4.181632081692961,4.16,0.025,1.527,1.16,7.15,0.22,8.09,False,NORMAL,NORMAL,0.779
2026-09-07 12:05:00,26.99188853377365,26.99,-0.001,1.441,24.17,29.82,23.28,30.7,1006.1374242999807,1006.14,-0.0,1.426,1003.34,1008.93,1002.47,1009.81,51.18524727980876,51.19,-0.002,2.051,47.17,55.21,45.9,56.47,3.9336554196439906,3.91,0.025,1.527,0.92,6.9,0.0,7.84,False,NORMAL,NORMAL,0.796
2026-09-07 12:10:00,27.298215839074935,27.3,-0.001,1.441,24.48,30.12,23.59,31.01,1006.1571439585052,1006.16,-0.0,1.426,1003.36,1008.95,1002.48,1009.83,49.27027589579397,49.27,-0.002,2.051,45.25,53.29,43.99,54.55,2.860897967304766,2.84,0.025,1.527,0.0,5.83,0.0,6.77,False,NORMAL,NORMAL,0.844
2026-09-07 12:15:00,27.423146750859697,27.42,-0.001,1.441,24.6,30.25,23.71,31.14,1006.1818079113546,1006.18,-0.0,1.426,1003.39,1008.98,1002.51,1009.85,47.64886198400073,47.65,-0.002,2.051,43.63,51.67,42.37,52.93,10.27640939538789,10.25,0.025,1.527,7.26,13.24,6.32,14.19,False,NORMAL,NORMAL,0.801
2026-09-07 12:20:00,26.727461756304947,26.73,-0.001,1.441,23.9,29.55,23.02,30.44,1006.0136215582221,1006.01,-0.0,1.426,1003.22,1008.81,1002.34,1009.69,53.29442786200198,53.3,-0.002,2.051,49.28,57.32,48.01,58.58,7.3362027191358665,7.31,0.025,1.527,4.32,10.3,3.38,11.25,False,NORMAL,NORMAL,0.683
2026-09-07 12:25:00,26.95273442244873,26.95,-0.001,1.441,24.13,29.78,23.24,30.67,1005.8846000205671,1005.88,-0.0,1.426,1003.09,1008.68,1002.21,1009.56,50.51014297868034,50.51,-0.002,2.051,46.49,54.53,45.23,55.79,3.4137516672637322,3.39,0.025,1.527,0.39,6.38,0.0,7.32,False,NORMAL,NORMAL,0.832
2026-09-07 12:30:00,26.443745813765556,26.44,-0.001,1.441,23.62,29.27,22.73,30.16,1006.1470454537132,1006.15,-0.0,1.426,1003.35,1008.94,1002.47,1009.82,52.69636367852094,52.7,-0.002,2.051,48.68,56.72,47.41,57.98,3.3267338253672567,3.3,0.025,1.527,0.31,6.3,0.0,7.24,False,NORMAL,NORMAL,0.733
2026-09-07 12:35:00,26.87204160081157,26.87,-0.001,1.441,24.05,29.7,23.16,30.58,1006.3894887572969,1006.39,-0.0,1.426,1003.6,1009.18,1002.72,1010.06,51.305305765530186,51.31,-0.002,2.051,47.29,55.33,46.02,56.59,10.847005716048667,10.82,0.025,1.527,7.83,13.82,6.89,14.76,False,NORMAL,NORMAL,0.672
2026-09-07 12:40:00,27.654138010623047,27.65,-0.001,1.441,24.83,30.48,23.94,31.37,1006.4795668326838,1006.48,-0.0,1.426,1003.69,1009.27,1002.81,1010.15,50.362632258774134,50.36,-0.002,2.051,46.34,54.38,45.08,55.65,8.817255620236592,8.79,0.025,1.527,5.8,11.79,4.86,12.73,False,NORMAL,NORMAL,0.72
2026-09-07 12:45:00,27.984747670730645,27.99,-0.001,1.441,25.16,30.81,24.27,31.7,1006.406530346194,1006.41,-0.0,1.426,1003.61,1009.2,1002.73,1010.08,47.700549847548864,47.7,-0.002,2.051,43.68,51.72,42.42,52.99,7.869947685138889,7.84,0.025,1.527,4.85,10.84,3.91,11.78,False,NORMAL,NORMAL,0.827
2026-09-07 12:50:00,26.911573590686363,26.91,-0.001,1.441,24.09,29.74,23.2,30.62,1006.391877771106,1006.39,-0.0,1.426,1003.6,1009.19,1002.72,1010.06,51.254568781974605,51.26,-0.002,2.051,47.24,55.28,45.97,56.54,5.4913943632957185,5.47,0.025,1.528,2.47,8.46,1.53,9.4,False,NORMAL,NORMAL,0.704
2026-09-07 12:55:00,27.231581120995898,27.23,-0.001,1.441,24.41,30.06,23.52,30.94,1006.4101192937236,1006.41,-0.0,1.426,1003.62,1009.2,1002.74,1010.08,50.03810514666121,50.04,-0.002,2.051,46.02,54.06,44.76,55.32,4.195497266870303,4.17,0.025,1.528,1.18,7.16,0.24,8.11,False,NORMAL,NORMAL,0.78
2026-09-07 13:00:00,27.5176886920395,27.52,-0.001,1.441,24.69,30.34,23.81,31.23,1006.2936628913264,1006.29,-0.0,1.426,1003.5,1009.09,1002.62,1009.97,50.04773355891113,50.05,-0.002,2.051,46.03,54.07,44.77,55.33,15.029122569796753,15.0,0.025,1.528,12.01,18.0,11.07,18.94,False,NORMAL,NORMAL,0.571
2026-09-07 13:05:00,27.69640724777875,27.7,-0.001,1.441,24.87,30.52,23.99,31.41,1006.3797361503144,1006.38,-0.0,1.426,1003.59,1009.17,1002.71,1010.05,47.80460159040942,47.81,-0.002,2.051,43.79,51.83,42.52,53.09,9.647167530993237,9.62,0.025,1.528,6.63,12.62,5.69,13.56,False,NORMAL,NORMAL,0.784
2026-09-07 13:10:00,27.312979666412993,27.31,-0.001,1.441,24.49,30.14,23.6,31.03,1006.6700774830773,1006.67,-0.0,1.426,1003.88,1009.46,1003.0,1010.34,50.478230018555564,50.48,-0.002,2.051,46.46,54.5,45.2,55.76,4.583736464757814,4.56,0.025,1.528,1.56,7.55,0.62,8.49,False,NORMAL,NORMAL,0.712
2026-09-07 13:15:00,27.855290921403096,27.86,-0.001,1.441,25.03,30.68,24.14,31.57,1006.2971664770623,1006.3,-0.0,1.426,1003.5,1009.09,1002.62,1009.97,47.79416685616243,47.8,-0.002,2.051,43.77,51.82,42.51,53.08,10.502582965513811,10.48,0.025,1.528,7.48,13.47,6.54,14.41,False,NORMAL,NORMAL,0.647
2026-09-07 13:20:00,27.54132573749014,27.54,-0.001,1.441,24.72,30.37,23.83,31.25,1006.6980188341108,1006.7,-0.0,1.426,1003.9,1009.49,1003.03,1010.37,49.35073659785223,49.35,-0.002,2.052,45.33,53.37,44.07,54.64,9.144385154443036,9.12,0.025,1.528,6.12,12.11,5.18,13.05,False,NORMAL,NORMAL,0.625
2026-09-07 13:25:00,27.766609262606583,27.77,-0.001,1.441,24.94,30.59,24.06,31.48,1006.4232292365386,1006.42,-0.0,1.426,1003.63,1009.22,1002.75,1010.1,49.967194139721016,49.97,-0.002,2.052,45.95,53.99,44.68,55.25,4.556503618683076,4.53,0.025,1.528,1.54,7.53,0.6,8.47,False,NORMAL,NORMAL,0.685
2026-09-07 13:30:00,28.028752246632322,28.03,-0.001,1.441,25.21,30.85,24.32,31.74,1006.6846235438243,1006.68,-0.0,1.426,1003.89,1009.48,1003.01,1010.36,49.1979452760528,49.2,-0.002,2.052,45.18,53.22,43.91,54.48,5.727963198583418,5.7,0.025,1.528,2.71,8.7,1.77,9.64,False,NORMAL,NORMAL,0.737
2026-09-07 13:35:00,27.846963261438923,27.85,-0.001,1.441,25.02,30.67,24.14,31.56,1006.2876729833006,1006.29,-0.0,1.426,1003.49,1009.08,1002.62,1009.96,48.286944419987144,48.29,-0.002,2.052,44.27,52.31,43.0,53.57,3.486659585276843,3.46,0.025,1.528,0.47,6.46,0.0,7.4,False,NORMAL,NORMAL,0.655
2026-09-07 13:40:00,27.700292774265115,27.7,-0.001,1.441,24.88,30.53,23.99,31.41,1006.5981490955899,1006.6,-0.0,1.426,1003.8,1009.39,1002.93,1010.27,46.15494505874279,46.16,-0.002,2.052,42.14,50.18,40.87,51.44,2.6389912677534544,2.61,0.025,1.528,0.0,5.61,0.0,6.55,False,NORMAL,NORMAL,0.755
2026-09-07 13:45:00,27.857744296252875,27.86,-0.001,1.441,25.03,30.68,24.15,31.57,1006.4100713139775,1006.41,-0.0,1.426,1003.62,1009.2,1002.74,1010.08,47.64625180951189,47.65,-0.002,2.052,43.63,51.67,42.36,52.93,8.71601215930076,8.69,0.025,1.528,5.7,11.69,4.76,12.63,False,NORMAL,NORMAL,0.775
2026-09-07 13:50:00,27.889265573520884,27.89,-0.001,1.441,25.07,30.71,24.18,31.6,1006.317451465984,1006.32,-0.0,1.426,1003.52,1009.11,1002.64,1009.99,48.09203189975742,48.09,-0.002,2.052,44.07,52.12,42.81,53.38,4.295046171960217,4.27,0.025,1.528,1.28,7.26,0.33,8.21,False,NORMAL,NORMAL,0.773
2026-09-07 13:55:00,27.79590528348194,27.8,-0.001,1.441,24.97,30.62,24.08,31.51,1006.5705865466068,1006.57,-0.0,1.426,1003.78,1009.37,1002.9,1010.24,48.813763749604774,48.82,-0.002,2.052,44.79,52.84,43.53,54.1,10.08345816938313,10.06,0.025,1.528,7.06,13.05,6.12,13.99,False,NORMAL,NORMAL,0.692
2026-09-07 14:00:00,27.8559633616204,27.86,-0.001,1.441,25.03,30.68,24.14,31.57,1006.6962836201848,1006.7,-0.0,1.426,1003.9,1009.49,1003.02,1010.37,49.559080489543554,49.56,-0.002,2.052,45.54,53.58,44.27,54.85,17.939731917653116,17.91,0.025,1.528,14.92,20.91,13.98,21.85,False,NORMAL,NORMAL,0.576
2026-09-07 14:05:00,28.610784461994175,28.61,-0.001,1.441,25.79,31.44,24.9,32.32,1006.4242532248377,1006.42,-0.0,1.426,1003.63,1009.22,1002.75,1010.1,46.043824954308874,46.05,-0.002,2.052,42.02,50.07,40.76,51.33,2.173847700809562,2.15,0.025,1.528,0.0,5.14,0.0,6.08,False,NORMAL,NORMAL,0.533
2026-09-07 14:10:00,28.203809267873446,28.2,-0.001,1.441,25.38,31.03,24.49,31.92,1006.3314346409263,1006.33,-0.0,1.426,1003.54,1009.13,1002.66,1010.0,46.93606494181908,46.94,-0.002,2.052,42.92,50.96,41.65,52.22,6.1613137404104465,6.14,0.025,1.528,3.14,9.13,2.2,10.07,False,NORMAL,NORMAL,0.828
2026-09-07 14:15:00,27.865639524841153,27.87,-0.001,1.441,25.04,30.69,24.15,31.58,1006.5470517502786,1006.55,-0.0,1.426,1003.75,1009.34,1002.87,1010.22,47.83911964456546,47.84,-0.002,2.052,43.82,51.86,42.55,53.13,9.793912910335388,9.77,0.025,1.528,6.77,12.76,5.83,13.7,False,NORMAL,NORMAL,0.803
2026-09-07 14:20:00,28.263281833747676,28.26,-0.001,1.441,25.44,31.09,24.55,31.98,1006.5515930923112,1006.55,-0.0,1.426,1003.76,1009.35,1002.88,1010.22,47.62375902100129,47.63,-0.002,2.052,43.6,51.65,42.34,52.91,9.593481779052436,9.57,0.025,1.528,6.57,12.56,5.63,13.5,False,NORMAL,NORMAL,0.757
2026-09-07 14:25:00,27.847924745847415,27.85,-0.001,1.441,25.02,30.67,24.14,31.56,1006.6502660780959,1006.65,-0.0,1.426,1003.86,1009.44,1002.98,1010.32,46.083496634020726,46.09,-0.002,2.052,42.06,50.11,40.8,51.37,9.18291309413678,9.16,0.025,1.528,6.16,12.15,5.22,13.09,False,NORMAL,NORMAL,0.786
2026-09-07 14:30:00,28.443946512190777,28.44,-0.001,1.441,25.62,31.27,24.73,32.16,1006.7132896774141,1006.71,-0.0,1.426,1003.92,1009.51,1003.04,1010.39,47.316914701095094,47.32,-0.002,2.052,43.3,51.34,42.03,52.61,5.032419976053973,5.01,0.025,1.528,2.01,8.0,1.07,8.94,False,NORMAL,NORMAL,0.738
2026-09-07 14:35:00,28.112098689174513,28.11,-0.001,1.441,25.29,30.94,24.4,31.83,1006.5643872887591,1006.56,-0.0,1.426,1003.77,1009.36,1002.89,1010.24,48.288636301591765,48.29,-0.002,2.052,44.27,52.31,43.0,53.58,5.968625354630702,5.94,0.025,1.528,2.95,8.94,2.01,9.88,False,NORMAL,NORMAL,0.778
2026-09-07 14:40:00,27.90717833743635,27.91,-0.001,1.441,25.08,30.73,24.2,31.62,1006.8537860742068,1006.85,-0.0,1.426,1004.06,1009.65,1003.18,1010.53,48.9495392973198,48.95,-0.002,2.052,44.93,52.97,43.66,54.24,7.288451889766994,7.26,0.025,1.528,4.27,10.26,3.33,11.2,False,NORMAL,NORMAL,0.744
2026-09-07 14:45:00,28.111368551750928,28.11,-0.001,1.441,25.29,30.94,24.4,31.82,1006.6110648917977,1006.61,-0.0,1.426,1003.82,1009.41,1002.94,1010.28,45.24133881757886,45.24,-0.002,2.053,41.22,49.27,39.96,50.53,14.624808518801572,14.6,0.025,1.528,11.6,17.59,10.66,18.54,False,NORMAL,NORMAL,0.594
2026-09-07 14:50:00,27.282453868429652,27.28,-0.001,1.441,24.46,30.11,23.57,31.0,1006.5273398037046,1006.53,-0.0,1.426,1003.73,1009.32,1002.85,1010.2,51.55642676689433,51.56,-0.002,2.053,47.53,55.58,46.27,56.85,4.817681674959731,4.79,0.025,1.528,1.8,7.79,0.86,8.73,False,NORMAL,NORMAL,0.576
2026-09-07 14:55:00,27.434976383245523,27.44,-0.001,1.441,24.61,30.26,23.72,31.15,1006.3394452373694,1006.34,-0.0,1.426,1003.55,1009.13,1002.67,1010.01,52.41097156226142,52.41,-0.002,2.053,48.39,56.44,47.12,57.7,12.233006567950095,12.21,0.025,1.528,9.21,15.2,8.27,16.14,False,NORMAL,NORMAL,0.618
2026-09-07 15:00:00,27.37936720217672,27.38,-0.001,1.441,24.56,30.2,23.67,31.09,1006.5437582757174,1006.54,-0.0,1.426,1003.75,1009.34,1002.87,1010.22,48.09076511487998,48.09,-0.002,2.053,44.07,52.12,42.8,53.38,4.2715875385864805,4.25,0.025,1.528,1.25,7.24,0.31,8.18,False,NORMAL,NORMAL,0.714
2026-09-07 15:05:00,27.88176312501155,27.88,-0.001,1.441,25.06,30.71,24.17,31.6,1006.5348743478636,1006.54,-0.0,1.426,1003.74,1009.33,1002.86,1010.21,49.68578155809259,49.69,-0.002,2.053,45.66,53.71,44.4,54.98,16.177573505160243,16.15,0.025,1.528,13.16,19.15,12.22,20.09,False,NORMAL,NORMAL,0.51
2026-09-07 15:10:00,28.481657221403708,28.48,-0.001,1.441,25.66,31.31,24.77,32.2,1006.7318496349885,1006.73,-0.0,1.426,1003.94,1009.53,1003.06,1010.4,46.26769141636022,46.27,-0.002,2.053,42.25,50.29,40.98,51.56,8.003236263100732,7.98,0.025,1.528,4.98,10.97,4.04,11.92,False,NORMAL,NORMAL,0.711
2026-09-07 15:15:00,28.64167680741174,28.64,-0.001,1.441,25.82,31.47,24.93,32.36,1006.6600421460489,1006.66,-0.0,1.426,1003.87,1009.45,1002.99,1010.33,44.23761627915184,44.24,-0.002,2.053,40.22,48.26,38.95,49.53,5.984090065590691,5.96,0.025,1.528,2.96,8.95,2.02,9.9,False,NORMAL,NORMAL,0.826
2026-09-07 15:20:00,27.961348175887135,27.96,-0.001,1.441,25.14,30.79,24.25,31.67,1006.417121518393,1006.42,-0.0,1.426,1003.62,1009.21,1002.74,1010.09,47.72604601398776,47.73,-0.002,2.053,43.7,51.75,42.44,53.02,7.377034413708058,7.35,0.025,1.528,4.36,10.35,3.41,11.29,False,NORMAL,NORMAL,0.799
2026-09-07 15:25:00,27.859928950211167,27.86,-0.001,1.441,25.04,30.69,24.15,31.57,1006.6238107890763,1006.62,-0.0,1.426,1003.83,1009.42,1002.95,1010.3,49.432905321793875,49.43,-0.002,2.053,45.41,53.46,44.15,54.72,4.259025199012506,4.23,0.025,1.528,1.24,7.23,0.3,8.17,False,NORMAL,NORMAL,0.731
2026-09-07 15:30:00,26.88915260970869,26.89,-0.001,1.441,24.06,29.71,23.18,30.6,1006.7033326138319,1006.7,-0.0,1.426,1003.91,1009.5,1003.03,1010.38,49.643746625235266,49.65,-0.002,2.053,45.62,53.67,44.36,54.93,4.264005418112394,4.24,0.025,1.528,1.24,7.23,0.3,8.18,False,NORMAL,NORMAL,0.819
2026-09-07 15:35:00,27.339042210762354,27.34,-0.001,1.441,24.51,30.16,23.63,31.05,1006.837217666836,1006.84,-0.0,1.426,1004.04,1009.63,1003.16,1010.51,50.745237516085325,50.75,-0.002,2.053,46.72,54.77,45.46,56.04,2.6086199683112445,2.58,0.025,1.528,0.0,5.58,0.0,6.52,False,NORMAL,NORMAL,0.756
2026-09-07 15:40:00,27.18411777882553,27.18,-0.001,1.441,24.36,30.01,23.47,30.9,1006.747422325195,1006.75,-0.0,1.426,1003.95,1009.54,1003.07,1010.42,47.83469951142373,47.84,-0.002,2.053,43.81,51.86,42.55,53.13,2.6077734067397778,2.58,0.025,1.529,0.0,5.58,0.0,6.52,False,NORMAL,NORMAL,0.82
2026-09-07 15:45:00,27.190629004421638,27.19,-0.001,1.441,24.37,30.02,23.48,30.9,1006.73567394899,1006.74,-0.0,1.426,1003.94,1009.53,1003.06,1010.41,47.99389506624615,48.0,-0.002,2.053,43.97,52.02,42.71,53.28,4.8845136879277495,4.86,0.025,1.529,1.86,7.86,0.92,8.8,False,NORMAL,NORMAL,0.871
2026-09-07 15:50:00,27.30809982893872,27.31,-0.001,1.441,24.48,30.13,23.6,31.02,1006.6388677430133,1006.64,-0.0,1.426,1003.84,1009.43,1002.97,1010.31,49.90149777127542,49.9,-0.002,2.053,45.88,53.93,44.61,55.19,8.938868925807556,8.91,0.025,1.529,5.92,11.91,4.98,12.85,False,NORMAL,NORMAL,0.773
2026-09-07 15:55:00,27.119599942466532,27.12,-0.001,1.441,24.3,29.95,23.41,30.83,1006.6975567589858,1006.7,-0.0,1.426,1003.9,1009.49,1003.02,1010.37,49.605631396568135,49.61,-0.002,2.053,45.58,53.63,44.32,54.9,7.1887588400925075,7.16,0.025,1.529,4.17,10.16,3.23,11.1,False,NORMAL,NORMAL,0.855
2026-09-07 16:00:00,26.44652313193433,26.45,-0.001,1.441,23.62,29.27,22.73,30.16,1006.8374257351059,1006.84,-0.0,1.426,1004.04,1009.63,1003.16,1010.51,50.8379127731877,50.84,-0.002,2.053,46.81,54.86,45.55,56.13,2.4362772002042825,2.41,0.025,1.529,0.0,5.41,0.0,6.35,False,NORMAL,NORMAL,0.83
2026-09-07 16:05:00,27.463982253507538,27.46,-0.001,1.441,24.64,30.29,23.75,31.18,1006.4620940526345,1006.46,-0.0,1.426,1003.67,1009.26,1002.79,1010.14,50.03675022843257,50.04,-0.002,2.054,46.01,54.06,44.75,55.33,10.206196271356273,10.18,0.025,1.529,7.18,13.18,6.24,14.12,False,NORMAL,NORMAL,0.523
2026-09-07 16:10:00,26.65910596210334,26.66,-0.001,1.441,23.83,29.49,22.95,30.37,1006.6230095593845,1006.62,-0.0,1.426,1003.83,1009.42,1002.95,1010.3,52.35212190916238,52.35,-0.002,2.054,48.33,56.38,47.06,57.64,7.054020182227984,7.03,0.025,1.529,4.03,10.03,3.09,10.97,False,NORMAL,NORMAL,0.69
2026-09-07 16:15:00,27.104140126411206,27.1,-0.001,1.441,24.28,29.93,23.39,30.82,1006.5744402482799,1006.57,-0.0,1.426,1003.78,1009.37,1002.9,1010.25,50.822330812597244,50.82,-0.002,2.054,46.8,54.85,45.53,56.11,13.193632105073632,13.17,0.025,1.529,10.17,16.16,9.23,17.11,False,NORMAL,NORMAL,0.665
2026-09-07 16:20:00,27.75521063061465,27.76,-0.001,1.441,24.93,30.58,24.04,31.47,1006.7636626091523,1006.76,-0.0,1.426,1003.97,1009.56,1003.09,1010.44,47.339060564148284,47.34,-0.002,2.054,43.32,51.37,42.05,52.63,7.690589211386173,7.67,0.025,1.529,4.67,10.66,3.73,11.6,False,NORMAL,NORMAL,0.753
2026-09-07 16:25:00,26.471904172464814,26.47,-0.001,1.441,23.65,29.3,22.76,30.19,1006.909427047577,1006.91,-0.0,1.426,1004.11,1009.7,1003.24,1010.58,51.826090325570924,51.83,-0.002,2.054,47.8,55.85,46.54,57.12,3.192227891950391,3.17,0.025,1.529,0.17,6.16,0.0,7.11,False,NORMAL,NORMAL,0.737
2026-09-07 16:30:00,25.738615483685336,25.74,-0.001,1.441,22.91,28.56,22.03,29.45,1006.655164877656,1006.66,-0.0,1.426,1003.86,1009.45,1002.98,1010.33,53.30625924173582,53.31,-0.002,2.054,49.28,57.33,48.02,58.6,5.805542749193182,5.78,0.025,1.529,2.78,8.78,1.84,9.72,False,NORMAL,NORMAL,0.826
2026-09-07 16:35:00,26.544442556880913,26.55,-0.001,1.441,23.72,29.37,22.83,30.26,1006.4077661622596,1006.41,-0.0,1.426,1003.61,1009.2,1002.73,1010.08,53.39903693382031,53.4,-0.002,2.054,49.37,57.43,48.11,58.69,7.3782147591444325,7.35,0.025,1.529,4.36,10.35,3.41,11.29,False,NORMAL,NORMAL,0.733
2026-09-07 16:40:00,27.004433788812754,27.01,-0.001,1.442,24.18,29.83,23.29,30.72,1006.7279301976831,1006.73,-0.0,1.426,1003.93,1009.52,1003.06,1010.4,48.50897484052592,48.51,-0.002,2.054,44.48,52.54,43.22,53.8,1.2166692629470097,1.19,0.025,1.529,0.0,4.19,0.0,5.13,False,NORMAL,NORMAL,0.642
2026-09-07 16:45:00,27.24973862009754,27.25,-0.001,1.442,24.43,30.08,23.54,30.96,1006.9521505438881,1006.95,-0.0,1.426,1004.16,1009.75,1003.28,1010.63,51.404436694132954,51.41,-0.002,2.054,47.38,55.43,46.11,56.7,0.8768463579630105,0.85,0.025,1.529,0.0,3.85,0.0,4.79,False,NORMAL,NORMAL,0.716
2026-09-07 16:50:00,25.874126982584976,25.87,-0.001,1.442,23.05,28.7,22.16,29.59,1006.9231154781751,1006.92,-0.0,1.426,1004.13,1009.72,1003.25,1010.6,53.20228915698484,53.2,-0.002,2.054,49.18,57.23,47.91,58.5,2.6512259961810125,2.63,0.025,1.529,0.0,5.62,0.0,6.56,False,NORMAL,NORMAL,0.792
2026-09-07 16:55:00,26.461425994066257,26.46,-0.001,1.442,23.64,29.29,22.75,30.18,1006.9360729694182,1006.94,-0.0,1.426,1004.14,1009.73,1003.26,1010.61,49.0688216803451,49.07,-0.002,2.054,45.04,53.1,43.78,54.36,3.8170180684515964,3.79,0.025,1.529,0.8,6.79,0.0,7.73,False,NORMAL,NORMAL,0.804
2026-09-07 17:00:00,25.970730066780355,25.97,-0.001,1.442,23.15,28.8,22.26,29.68,1006.8613062375495,1006.86,-0.0,1.426,1004.07,1009.66,1003.19,1010.53,53.670937434029156,53.67,-0.002,2.054,49.65,57.7,48.38,58.96,5.2862115450697615,5.26,0.025,1.529,2.26,8.26,1.32,9.2,False,NORMAL,NORMAL,0.828
2026-09-07 17:05:00,26.00594877744828,26.01,-0.001,1.442,23.18,28.83,22.29,29.72,1006.7450469422427,1006.75,-0.0,1.426,1003.95,1009.54,1003.07,1010.42,52.45236657397023,52.45,-0.002,2.054,48.43,56.48,47.16,57.75,5.740074405272927,5.71,0.025,1.529,2.72,8.71,1.78,9.65,False,NORMAL,NORMAL,0.878
2026-09-07 17:10:00,26.994963996404227,27.0,-0.001,1.442,24.17,29.82,23.28,30.71,1007.0499743278377,1007.05,-0.0,1.426,1004.26,1009.84,1003.38,1010.72,50.33329211029066,50.33,-0.002,2.054,46.31,54.36,45.04,55.63,2.692509253584461,2.67,0.025,1.529,0.0,5.66,0.0,6.61,False,NORMAL,NORMAL,0.751
2026-09-07 17:15:00,25.222421728126772,25.22,-0.001,1.442,22.4,28.05,21.51,28.94,1006.8855411683179,1006.89,-0.0,1.426,1004.09,1009.68,1003.21,1010.56,57.23850511014727,57.24,-0.002,2.054,53.21,61.27,51.95,62.53,7.3524756066156165,7.33,0.025,1.529,4.33,10.32,3.39,11.27,False,NORMAL,NORMAL,0.421
2026-09-07 17:20:00,25.80903480622619,25.81,-0.001,1.442,22.98,28.64,22.1,29.52,1007.3785642241756,1007.38,-0.0,1.426,1004.58,1010.17,1003.71,1011.05,53.5188602526422,53.52,-0.002,2.054,49.49,57.55,48.23,58.81,6.583627598022591,6.56,0.025,1.529,3.56,9.56,2.62,10.5,False,NORMAL,NORMAL,0.668
2026-09-07 17:25:00,25.77615358220316,25.78,-0.001,1.442,22.95,28.6,22.06,29.49,1007.1790894429043,1007.18,-0.0,1.426,1004.38,1009.97,1003.51,1010.85,52.086854702689756,52.09,-0.002,2.055,48.06,56.12,46.8,57.38,4.061512364754203,4.04,0.025,1.529,1.04,7.03,0.1,7.98,False,NORMAL,NORMAL,0.823
2026-09-07 17:30:00,25.902600077226317,25.9,-0.001,1.442,23.08,28.73,22.19,29.62,1007.0513074054172,1007.05,-0.0,1.426,1004.26,1009.85,1003.38,1010.72,53.77151276638524,53.77,-0.002,2.055,49.75,57.8,48.48,59.07,0.8020938501819641,0.78,0.025,1.529,0.0,3.77,0.0,4.72,False,NORMAL,NORMAL,0.83
2026-09-07 17:35:00,25.38442460859192,25.39,-0.001,1.442,22.56,28.21,21.67,29.1,1007.093941911617,1007.09,-0.0,1.426,1004.3,1009.89,1003.42,1010.77,54.08471925619982,54.09,-0.002,2.055,50.06,58.11,48.79,59.38,1.9335116764007247,1.91,0.025,1.529,0.0,4.91,0.0,5.85,False,NORMAL,NORMAL,0.848
2026-09-07 17:40:00,25.34319973455052,25.34,-0.001,1.442,22.52,28.17,21.63,29.06,1007.2213287870885,1007.22,-0.0,1.426,1004.43,1010.02,1003.55,1010.89,55.22605833069519,55.23,-0.002,2.055,51.2,59.25,49.93,60.52,4.767373656470877,4.74,0.025,1.529,1.74,7.74,0.8,8.68,False,NORMAL,NORMAL,0.867
2026-09-07 17:45:00,24.93593750978826,24.94,-0.001,1.442,22.11,27.76,21.22,28.65,1007.251359183724,1007.25,-0.0,1.426,1004.46,1010.05,1003.58,1010.92,53.65081386607985,53.65,-0.002,2.055,49.63,57.68,48.36,58.95,2.748782412006618,2.72,0.025,1.529,0.0,5.72,0.0,6.66,False,NORMAL,NORMAL,0.865
2026-09-07 17:50:00,25.07080228996286,25.07,-0.001,1.442,22.25,27.9,21.36,28.79,1007.5092303036046,1007.51,-0.0,1.426,1004.71,1010.3,1003.84,1011.18,56.206633779912025,56.21,-0.002,2.055,52.18,60.24,50.91,61.5,4.595193553030071,4.57,0.025,1.529,1.57,7.57,0.63,8.51,False,NORMAL,NORMAL,0.835
2026-09-07 17:55:00,24.694435255671273,24.7,-0.001,1.442,21.87,27.52,20.98,28.41,1007.4265042007363,1007.43,-0.0,1.426,1004.63,1010.22,1003.75,1011.1,55.623509007193896,55.63,-0.002,2.055,51.6,59.65,50.33,60.92,6.605849646331043,6.58,0.025,1.529,3.58,9.58,2.64,10.52,False,NORMAL,NORMAL,0.858
2026-09-07 18:00:00,24.946977538589746,24.95,-0.001,1.442,22.12,27.77,21.23,28.66,1007.3480540507826,1007.35,-0.0,1.426,1004.55,1010.14,1003.68,1011.02,58.034956850499704,58.04,-0.002,2.055,54.01,62.06,52.74,63.33,5.875065596645388,5.85,0.025,1.529,2.85,8.85,1.91,9.79,False,NORMAL,NORMAL,0.8
2026-09-07 18:05:00,24.415288056180863,24.42,-0.001,1.442,21.59,27.24,20.7,28.13,1007.8030428264605,1007.8,-0.0,1.426,1005.01,1010.6,1004.13,1011.48,58.304019334648345,58.31,-0.002,2.055,54.28,62.33,53.01,63.6,3.3625796089704476,3.34,0.025,1.529,0.34,6.33,0.0,7.28,False,NORMAL,NORMAL,0.794
2026-09-07 18:10:00,24.576974278219044,24.58,-0.001,1.442,21.75,27.4,20.86,28.29,1007.5909677862887,1007.59,-0.0,1.426,1004.8,1010.39,1003.92,1011.26,56.46063333062615,56.46,-0.002,2.055,52.43,60.49,51.17,61.76,4.229401743169823,4.2,0.025,1.529,1.21,7.2,0.26,8.14,False,NORMAL,NORMAL,0.828
2026-09-07 18:15:00,24.275722047994034,24.28,-0.001,1.442,21.45,27.1,20.56,27.99,1007.7654008786103,1007.77,-0.0,1.426,1004.97,1010.56,1004.09,1011.44,59.170459640150334,59.17,-0.002,2.055,55.14,63.2,53.88,64.47,6.315767723950737,6.29,0.025,1.529,3.29,9.29,2.35,10.23,False,NORMAL,NORMAL,0.836
2026-09-07 18:20:00,24.597504884842632,24.6,-0.001,1.442,21.77,27.42,20.88,28.31,1007.6277402608642,1007.63,-0.0,1.426,1004.83,1010.42,1003.95,1011.3,55.45615816011608,55.46,-0.002,2.055,51.43,59.49,50.16,60.75,9.029725278857471,9.0,0.025,1.529,6.01,12.0,5.06,12.94,False,NORMAL,NORMAL,0.801
2026-09-07 18:25:00,23.984623699551076,23.99,-0.001,1.442,21.16,26.81,20.27,27.7,1007.8447198364138,1007.84,-0.0,1.426,1005.05,1010.64,1004.17,1011.52,59.853213797276915,59.85,-0.002,2.055,55.83,63.88,54.56,65.15,7.553993326886824,7.53,0.025,1.529,4.53,10.53,3.59,11.47,False,NORMAL,NORMAL,0.797
2026-09-07 18:30:00,23.152578398678735,23.15,-0.001,1.442,20.33,25.98,19.44,26.87,1007.9105549320698,1007.91,-0.0,1.426,1005.12,1010.71,1004.24,1011.58,64.5821762265262,64.58,-0.002,2.055,60.56,68.61,59.29,69.88,5.693927569664653,5.67,0.025,1.53,2.67,8.67,1.73,9.61,False,NORMAL,NORMAL,0.701
2026-09-07 18:35:00,24.22175970289859,24.22,-0.001,1.442,21.4,27.05,20.51,27.94,1007.6564091580165,1007.66,-0.0,1.426,1004.86,1010.45,1003.98,1011.33,58.946263846881216,58.95,-0.002,2.055,54.92,62.98,53.65,64.24,4.223819539440196,4.2,0.025,1.53,1.2,7.2,0.26,8.14,False,NORMAL,NORMAL,0.717
2026-09-07 18:40:00,23.208563837436216,23.21,-0.001,1.442,20.38,26.04,19.5,26.92,1008.320418401718,1008.32,-0.0,1.426,1005.53,1011.12,1004.65,1011.99,62.9030979349228,62.9,-0.002,2.055,58.88,66.93,57.61,68.2,4.2138461316060765,4.19,0.025,1.53,1.19,7.19,0.25,8.13,False,NORMAL,NORMAL,0.599
2026-09-07 18:45:00,23.161958889870494,23.16,-0.001,1.442,20.34,25.99,19.45,26.88,1008.2922629894182,1008.29,-0.0,1.426,1005.5,1011.09,1004.62,1011.97,60.21063994785128,60.21,-0.002,2.055,56.18,64.24,54.92,65.51,9.028002556250211,9.0,0.025,1.53,6.0,12.0,5.06,12.94,False,NORMAL,NORMAL,0.745
2026-09-07 18:50:00,23.036630279553776,23.04,-0.001,1.442,20.21,25.86,19.32,26.75,1008.1218568570939,1008.12,-0.0,1.426,1005.33,1010.92,1004.45,1011.8,60.503080090931604,60.5,-0.002,2.056,56.48,64.53,55.21,65.8,1.2328397641881232,1.21,0.025,1.53,0.0,4.21,0.0,5.15,False,NORMAL,NORMAL,0.78
2026-09-07 18:55:00,23.674998383262952,23.68,-0.001,1.442,20.85,26.5,19.96,27.39,1008.1010542032584,1008.1,-0.0,1.426,1005.31,1010.9,1004.43,1011.77,59.539526528637595,59.54,-0.002,2.056,55.51,63.57,54.25,64.84,12.859403790575861,12.83,0.025,1.53,9.84,15.83,8.89,16.77,False,NORMAL,NORMAL,0.702
2026-09-07 19:00:00,22.120259602129497,22.12,-0.001,1.442,19.29,24.95,18.41,25.84,1008.4056301738913,1008.41,-0.0,1.426,1005.61,1011.2,1004.73,1012.08,66.09429072019488,66.1,-0.002,2.056,62.07,70.12,60.8,71.39,6.341761291382477,6.32,0.025,1.53,3.32,9.31,2.38,10.26,False,NORMAL,NORMAL,0.592
2026-09-07 19:05:00,24.077991957158883,24.08,-0.001,1.442,21.25,26.9,20.36,27.79,1008.4556948336192,1008.46,-0.0,1.426,1005.66,1011.25,1004.78,1012.13,57.43924722766942,57.44,-0.002,2.056,53.41,61.47,52.15,62.74,6.439151457427846,6.41,0.025,1.53,3.42,9.41,2.47,10.35,False,NORMAL,NORMAL,0.509
2026-09-07 19:10:00,23.0928154262635,23.09,-0.001,1.442,20.27,25.92,19.38,26.81,1008.5872741998846,1008.59,-0.0,1.426,1005.79,1011.38,1004.91,1012.26,61.73423355823745,61.74,-0.002,2.056,57.71,65.77,56.44,67.03,1.1762363205462156,1.15,0.025,1.53,0.0,4.15,0.0,5.09,False,NORMAL,NORMAL,0.667
2026-09-07 19:15:00,22.606405548025005,22.61,-0.001,1.442,19.78,25.43,18.89,26.32,1008.655876359921,1008.66,-0.0,1.426,1005.86,1011.45,1004.98,1012.33,63.92480855688964,63.93,-0.002,2.056,59.9,67.96,58.63,69.22,5.718558770811717,5.69,0.025,1.53,2.7,8.69,1.75,9.63,False,NORMAL,NORMAL,0.828
2026-09-07 19:20:00,22.34116739111192,22.34,-0.001,1.442,19.52,25.17,18.63,26.06,1008.7982132226018,1008.8,-0.0,1.426,1006.0,1011.59,1005.13,1012.47,62.377889396556284,62.38,-0.002,2.056,58.35,66.41,57.08,67.68,4.789997519594478,4.76,0.025,1.53,1.77,7.76,0.82,8.71,False,NORMAL,NORMAL,0.864
2026-09-07 19:25:00,22.3227403199565,22.32,-0.001,1.442,19.5,25.15,18.61,26.04,1009.03636744754,1009.04,-0.0,1.426,1006.24,1011.83,1005.36,1012.71,64.90642588907268,64.91,-0.002,2.056,60.88,68.94,59.61,70.2,1.950929754873067,1.93,0.025,1.53,0.0,4.92,0.0,5.87,False,NORMAL,NORMAL,0.825
2026-09-07 19:30:00,22.261821323246643,22.26,-0.001,1.442,19.44,25.09,18.55,25.98,1009.0032712162919,1009.0,-0.0,1.426,1006.21,1011.8,1005.33,1012.68,64.8415327655412,64.84,-0.002,2.056,60.81,68.87,59.55,70.14,3.302343657935182,3.28,0.025,1.53,0.28,6.28,0.0,7.22,False,NORMAL,NORMAL,0.862
2026-09-07 19:35:00,22.15585375909432,22.16,-0.001,1.442,19.33,24.98,18.44,25.87,1008.8611103988059,1008.86,-0.0,1.426,1006.07,1011.66,1005.19,1012.53,64.67980002039455,64.68,-0.002,2.056,60.65,68.71,59.38,69.98,8.532656561582849,8.51,0.025,1.53,5.51,11.51,4.57,12.45,False,NORMAL,NORMAL,0.83
2026-09-07 19:40:00,21.964027777627596,21.96,-0.001,1.442,19.14,24.79,18.25,25.68,1009.3250911279112,1009.33,-0.0,1.426,1006.53,1012.12,1005.65,1013.0,66.33337752400385,66.33,-0.002,2.056,62.3,70.36,61.04,71.63,5.086016992928299,5.06,0.025,1.53,2.06,8.06,1.12,9.0,False,NORMAL,NORMAL,0.803
2026-09-07 19:45:00,21.621342002506307,21.62,-0.001,1.442,18.8,24.45,17.91,25.34,1009.4705150514935,1009.47,-0.0,1.426,1006.68,1012.27,1005.8,1013.14,64.65828768977384,64.66,-0.002,2.056,60.63,68.69,59.36,69.96,4.122125827073114,4.1,0.025,1.53,1.1,7.1,0.16,8.04,False,NORMAL,NORMAL,0.855
2026-09-07 19:50:00,21.350085507999754,21.35,-0.001,1.442,18.52,24.18,17.64,25.07,1009.8024361391169,1009.8,-0.0,1.426,1007.01,1012.6,1006.13,1013.48,67.67792678056614,67.68,-0.002,2.056,63.65,71.71,62.38,72.98,1.5371988015920897,1.51,0.025,1.53,0.0,4.51,0.0,5.45,False,NORMAL,NORMAL,0.806
2026-09-07 19:55:00,21.21189236830226,21.21,-0.001,1.442,18.39,24.04,17.5,24.93,1009.2677146353734,1009.27,-0.0,1.426,1006.47,1012.06,1005.59,1012.94,66.90387326859006,66.91,-0.002,2.056,62.88,70.94,61.61,72.2,6.208272005056879,6.18,0.025,1.53,3.18,9.18,2.24,10.12,False,NORMAL,NORMAL,0.727
2026-09-07 20:00:00,21.037771164626214,21.04,-0.001,1.442,18.21,23.86,17.32,24.75,1009.5806037607423,1009.58,-0.0,1.426,1006.79,1012.38,1005.91,1013.25,66.56883884156184,66.57,-0.002,2.056,62.54,70.6,61.27,71.87,6.058796076083834,6.03,0.025,1.53,3.03,9.03,2.09,9.97,False,NORMAL,NORMAL,0.823
2026-09-07 20:05:00,21.41260966789145,21.41,-0.001,1.442,18.59,24.24,17.7,25.13,1009.341023897125,1009.34,-0.0,1.426,1006.55,1012.14,1005.67,1013.01,65.57628272486447,65.58,-0.002,2.056,61.55,69.61,60.28,70.88,5.366463858235679,5.34,0.025,1.53,2.34,8.34,1.4,9.28,False,NORMAL,NORMAL,0.841
2026-09-07 20:10:00,21.04000819448417,21.04,-0.001,1.442,18.21,23.87,17.33,24.76,1009.8466235868834,1009.85,-0.0,1.426,1007.05,1012.64,1006.17,1013.52,68.04530481373313,68.05,-0.002,2.057,64.02,72.08,62.75,73.34,4.647047755234984,4.62,0.025,1.53,1.62,7.62,0.68,8.56,False,NORMAL,NORMAL,0.775
2026-09-07 20:15:00,19.470112978018598,19.47,-0.001,1.442,16.64,22.3,15.76,23.19,1009.7927876775977,1009.79,-0.0,1.426,1007.0,1012.59,1006.12,1013.47,74.77723722995238,74.78,-0.002,2.057,70.75,78.81,69.48,80.08,4.147964060119004,4.12,0.025,1.53,1.12,7.12,0.18,8.06,False,NORMAL,NORMAL,0.651
2026-09-07 20:20:00,20.752592964201625,20.75,-0.001,1.442,17.93,23.58,17.04,24.47,1010.2758619893189,1010.28,-0.0,1.426,1007.48,1013.07,1006.6,1013.95,67.78353923365894,67.79,-0.002,2.057,63.75,71.82,62.49,73.08,5.216622839158726,5.19,0.025,1.53,2.19,8.19,1.25,9.13,False,NORMAL,NORMAL,0.538
2026-09-07 20:25:00,20.412454774306216,20.41,-0.001,1.442,17.59,23.24,16.7,24.13,1009.9843463854669,1009.98,-0.0,1.426,1007.19,1012.78,1006.31,1013.66,71.51147795960662,71.51,-0.002,2.057,67.48,75.54,66.21,76.81,2.83548440985457,2.81,0.025,1.53,0.0,5.81,0.0,6.75,False,NORMAL,NORMAL,0.743
2026-09-07 20:30:00,20.171849824353664,20.17,-0.001,1.442,17.35,23.0,16.46,23.89,1009.9611245337694,1009.96,-0.0,1.426,1007.17,1012.76,1006.29,1013.63,70.26197443668497,70.26,-0.002,2.057,66.23,74.29,64.97,75.56,9.259978793577503,9.23,0.025,1.53,6.24,12.23,5.29,13.18,False,NORMAL,NORMAL,0.816
2026-09-07 20:35:00,19.869226131967423,19.87,-0.001,1.442,17.04,22.7,16.15,23.59,1010.2584480589854,1010.26,-0.0,1.426,1007.46,1013.05,1006.59,1013.93,70.19475169740902,70.2,-0.002,2.057,66.16,74.23,64.9,75.49,5.184788653099436,5.16,0.025,1.53,2.16,8.16,1.22,9.1,False,NORMAL,NORMAL,0.845
2026-09-07 20:40:00,20.320187473588074,20.32,-0.001,1.442,17.49,23.15,16.61,24.04,1010.1480236538599,1010.15,-0.0,1.426,1007.35,1012.94,1006.47,1013.82,70.78419948200134,70.79,-0.002,2.057,66.75,74.82,65.49,76.08,3.3581243333714412,3.33,0.025,1.53,0.33,6.33,0.0,7.27,False,NORMAL,NORMAL,0.837
2026-09-07 20:45:00,20.0961517824932,20.1,-0.001,1.442,17.27,22.92,16.38,23.81,1010.6726948592044,1010.67,-0.0,1.426,1007.88,1013.47,1007.0,1014.35,70.45312525064548,70.45,-0.002,2.057,66.42,74.49,65.16,75.75,4.2505254021504335,4.23,0.025,1.53,1.23,7.22,0.28,8.17,False,NORMAL,NORMAL,0.794
2026-09-07 20:50:00,19.25535981996259,19.26,-0.001,1.442,16.43,22.08,15.54,22.97,1010.3663241234575,1010.37,-0.0,1.426,1007.57,1013.16,1006.69,1014.04,74.76350585041644,74.77,-0.002,2.057,70.73,78.8,69.47,80.06,7.039728515783654,7.01,0.025,1.53,4.02,10.01,3.07,10.96,False,NORMAL,NORMAL,0.72
2026-09-07 20:55:00,19.575552951893357,19.58,-0.001,1.442,16.75,22.4,15.86,23.29,1010.7966844008699,1010.8,-0.0,1.426,1008.0,1013.59,1007.12,1014.47,74.50679382431481,74.51,-0.002,2.057,70.48,78.54,69.21,79.81,2.309208401298764,2.28,0.025,1.53,0.0,5.28,0.0,6.23,False,NORMAL,NORMAL,0.752
2026-09-07 21:00:00,18.873222143494377,18.87,-0.001,1.442,16.05,21.7,15.16,22.59,1010.597244362828,1010.6,-0.0,1.426,1007.8,1013.39,1006.92,1014.27,76.52638687435442,76.53,-0.002,2.057,72.5,80.56,71.23,81.83,3.2374970635681626,3.21,0.025,1.53,0.21,6.21,0.0,7.15,False,NORMAL,NORMAL,0.81
2026-09-07 21:05:00,18.560201780022183,18.56,-0.001,1.442,15.73,21.39,14.85,22.28,1010.9774414791499,1010.98,-0.0,1.426,1008.18,1013.77,1007.3,1014.65,80.18115331401184,80.18,-0.002,2.057,76.15,84.21,74.88,85.48,5.866976696301079,5.84,0.025,1.53,2.84,8.84,1.9,9.78,False,NORMAL,NORMAL,0.773
2026-09-07 21:10:00,18.71261706109334,18.71,-0.001,1.442,15.89,21.54,15.0,22.43,1011.3885309801559,1011.39,-0.0,1.426,1008.59,1014.18,1007.72,1015.06,78.13072479045253,78.13,-0.002,2.057,74.1,82.16,72.83,83.43,3.386190882645709,3.36,0.025,1.53,0.36,6.36,0.0,7.3,False,NORMAL,NORMAL,0.81
2026-09-07 21:15:00,19.160685721158778,19.16,-0.001,1.442,16.33,21.99,15.45,22.88,1011.3125262790599,1011.31,-0.0,1.426,1008.52,1014.11,1007.64,1014.99,74.87713125996142,74.88,-0.002,2.057,70.85,78.91,69.58,80.18,6.897254479297978,6.87,0.025,1.53,3.87,9.87,2.93,10.81,False,NORMAL,NORMAL,0.825
2026-09-07 21:20:00,19.050650441946896,19.05,-0.001,1.442,16.22,21.88,15.34,22.77,1011.2450756404523,1011.25,-0.0,1.426,1008.45,1014.04,1007.57,1014.92,79.75604717495035,79.76,-0.002,2.057,75.73,83.79,74.46,85.06,2.0563193937298,2.03,0.025,1.531,0.0,5.03,0.0,5.97,False,NORMAL,NORMAL,0.809
2026-09-07 21:25:00,18.72963204433409,18.73,-0.001,1.442,15.9,21.56,15.02,22.45,1011.4857550723489,1011.49,-0.0,1.426,1008.69,1014.28,1007.81,1015.16,77.91023239274797,77.91,-0.002,2.057,73.88,81.94,72.61,83.21,6.59626774127095,6.57,0.025,1.531,3.57,9.57,2.63,10.51,False,NORMAL,NORMAL,0.81
2026-09-07 21:30:00,18.670836034329735,18.67,-0.001,1.442,15.84,21.5,14.96,22.39,1011.6085397041946,1011.61,-0.0,1.426,1008.81,1014.4,1007.94,1015.28,77.02404254186432,77.03,-0.002,2.057,72.99,81.06,71.73,82.33,1.4634539067201278,1.44,0.025,1.531,0.0,4.44,0.0,5.38,False,NORMAL,NORMAL,0.833
2026-09-07 21:35:00,18.445147640738927,18.45,-0.001,1.442,15.62,21.27,14.73,22.16,1011.7916002400768,1011.79,-0.0,1.426,1009.0,1014.59,1008.12,1015.47,80.87443044053835,80.88,-0.002,2.058,76.84,84.91,75.58,86.18,0.6191488435237589,0.59,0.025,1.531,0.0,3.59,0.0,4.54,False,NORMAL,NORMAL,0.78
2026-09-07 21:40:00,17.841516734984435,17.84,-0.001,1.442,15.02,20.67,14.13,21.56,1011.6299147832198,1011.63,-0.0,1.426,1008.83,1014.43,1007.96,1015.3,80.94550550640416,80.95,-0.002,2.058,76.91,84.98,75.65,86.25,8.31387581084276,8.29,0.025,1.531,5.29,11.29,4.35,12.23,False,NORMAL,NORMAL,0.779
2026-09-07 21:45:00,18.131940826203362,18.13,-0.001,1.442,15.31,20.96,14.42,21.85,1012.0373395164509,1012.04,-0.0,1.426,1009.24,1014.83,1008.36,1015.71,79.66516787316414,79.67,-0.002,2.058,75.63,83.7,74.37,84.97,5.132105005313952,5.11,0.025,1.531,2.11,8.11,1.16,9.05,False,NORMAL,NORMAL,0.8
2026-09-07 21:50:00,18.14210162231238,18.14,-0.001,1.442,15.32,20.97,14.43,21.86,1011.6554847954656,1011.66,-0.0,1.426,1008.86,1014.45,1007.98,1015.33,83.47475884283126,83.48,-0.002,2.058,79.44,87.51,78.18,88.78,3.6216465725413904,3.6,0.025,1.531,0.6,6.6,0.0,7.54,False,NORMAL,NORMAL,0.731
2026-09-07 21:55:00,17.988197294937272,17.99,-0.001,1.442,15.16,20.82,14.27,21.7,1012.0784350508128,1012.08,-0.0,1.426,1009.28,1014.87,1008.4,1015.75,80.95453813421656,80.96,-0.002,2.058,76.92,84.99,75.66,86.26,2.8299096110247395,2.8,0.025,1.531,0.0,5.8,0.0,6.75,False,NORMAL,NORMAL,0.739
2026-09-07 22:00:00,18.028438550061335,18.03,-0.001,1.442,15.2,20.86,14.31,21.74,1012.2104446169917,1012.21,-0.0,1.426,1009.42,1015.01,1008.54,1015.88,79.35046240287298,79.35,-0.002,2.058,75.32,83.39,74.05,84.65,5.387255245155275,5.36,0.025,1.531,2.36,8.36,1.42,9.31,False,NORMAL,NORMAL,0.855
2026-09-07 22:05:00,17.70450833489812,17.71,-0.001,1.442,14.88,20.53,13.99,21.42,1012.4883571371413,1012.49,-0.0,1.426,1009.69,1015.28,1008.81,1016.16,81.5721816127904,81.57,-0.002,2.058,77.54,85.61,76.27,86.87,4.638674039976827,4.61,0.025,1.531,1.61,7.61,0.67,8.56,False,NORMAL,NORMAL,0.85
2026-09-07 22:10:00,17.432071591311814,17.43,-0.001,1.442,14.61,20.26,13.72,21.15,1012.5052424878633,1012.51,-0.0,1.426,1009.71,1015.3,1008.83,1016.18,83.79477328684354,83.8,-0.002,2.058,79.76,87.83,78.49,89.1,12.0238337649663,12.0,0.025,1.531,9.0,15.0,8.06,15.94,False,NORMAL,NORMAL,0.714
2026-09-07 22:15:00,17.591919654509596,17.59,-0.001,1.442,14.77,20.42,13.88,21.31,1012.3982356771298,1012.4,-0.0,1.426,1009.6,1015.19,1008.72,1016.07,79.94757423823135,79.95,-0.002,2.058,75.92,83.98,74.65,85.25,11.119428270939878,11.09,0.025,1.531,8.09,14.09,7.15,15.04,False,NORMAL,NORMAL,0.8
2026-09-07 22:20:00,17.02774889154955,17.03,-0.001,1.442,14.2,19.86,13.31,20.74,1012.5671936645278,1012.57,-0.0,1.426,1009.77,1015.36,1008.89,1016.24,81.99273978349136,81.99,-0.002,2.058,77.96,86.03,76.69,87.3,5.521751377317547,5.5,0.025,1.531,2.5,8.5,1.55,9.44,False,NORMAL,NORMAL,0.815
2026-09-07 22:25:00,16.562303795177474,16.56,-0.001,1.442,13.74,19.39,12.85,20.28,1012.8491876962231,1012.85,-0.0,1.426,1010.05,1015.64,1009.18,1016.52,86.51971475804613,86.52,-0.002,2.058,82.49,90.56,81.22,91.82,4.2065385819162895,4.18,0.025,1.531,1.18,7.18,0.24,8.12,False,NORMAL,NORMAL,0.802
2026-09-07 22:30:00,16.72878835404281,16.73,-0.001,1.442,13.9,19.56,13.01,20.45,1012.9104623521894,1012.91,-0.0,1.426,1010.12,1015.71,1009.24,1016.58,83.06995714042334,83.07,-0.002,2.058,79.04,87.11,77.77,88.37,4.520666287239165,4.5,0.025,1.531,1.49,7.5,0.55,8.44,False,NORMAL,NORMAL,0.833
2026-09-07 22:35:00,16.37734651625713,16.38,-0.001,1.442,13.55,19.21,12.66,20.09,1012.9368103636037,1012.94,-0.0,1.426,1010.14,1015.73,1009.26,1016.61,86.82520123465082,86.83,-0.002,2.058,82.79,90.86,81.52,92.13,5.890937851798028,5.87,0.025,1.531,2.87,8.87,1.92,9.81,False,NORMAL,NORMAL,0.842
2026-09-07 22:40:00,16.28892427273048,16.29,-0.001,1.443,13.46,19.12,12.57,20.01,1013.0512593503441,1013.05,-0.0,1.426,1010.26,1015.85,1009.38,1016.73,88.49320080243955,88.49,-0.002,2.058,84.46,92.53,83.19,93.8,1.800034479521705,1.77,0.025,1.531,0.0,4.78,0.0,5.72,False,NORMAL,NORMAL,0.844
2026-09-07 22:45:00,16.387335185554395,16.39,-0.001,1.443,13.56,19.22,12.67,20.1,1013.3257963183194,1013.33,-0.0,1.426,1010.53,1016.12,1009.65,1017.0,86.13918245303059,86.14,-0.002,2.058,82.11,90.18,80.84,91.44,3.469889782427514,3.44,0.025,1.531,0.44,6.45,0.0,7.39,False,NORMAL,NORMAL,0.829
2026-09-07 22:50:00,16.01684314243176,16.02,-0.001,1.443,13.19,18.84,12.3,19.73,1013.2399208731689,1013.24,-0.0,1.426,1010.44,1016.04,1009.57,1016.91,86.57887943178673,86.58,-0.002,2.058,82.55,90.61,81.28,91.88,1.5385840752016524,1.51,0.025,1.531,0.0,4.51,0.0,5.46,False,NORMAL,NORMAL,0.843
2026-09-07 22:55:00,16.101877469842616,16.1,-0.001,1.443,13.28,18.93,12.39,19.82,1013.3987207811731,1013.4,-0.0,1.426,1010.6,1016.19,1009.73,1017.07,88.49278526890456,88.49,-0.002,2.059,84.46,92.53,83.19,93.8,1.518149030773154,1.49,0.025,1.531,0.0,4.49,0.0,5.44,False,NORMAL,NORMAL,0.825
2026-09-07 23:00:00,15.361509602966828,15.36,-0.001,1.443,12.53,18.19,11.65,19.08,1013.8298834219917,1013.83,-0.0,1.426,1011.03,1016.63,1010.16,1017.5,90.55501975592259,90.56,-0.002,2.059,86.52,94.59,85.25,95.86,2.567717172391579,2.54,0.025,1.531,0.0,5.54,0.0,6.49,False,NORMAL,NORMAL,0.792
2026-09-07 23:05:00,16.100867407716063,16.1,-0.001,1.443,13.27,18.93,12.39,19.82,1013.3813441170845,1013.38,-0.0,1.426,1010.59,1016.18,1009.71,1017.06,85.59393814084952,85.6,-0.002,2.059,81.56,89.63,80.29,90.9,4.48201157258657,4.46,0.025,1.531,1.46,7.46,0.51,8.4,False,NORMAL,NORMAL,0.622
2026-09-07 23:10:00,15.915385004929337,15.92,-0.001,1.443,13.09,18.74,12.2,19.63,1013.4056189150516,1013.41,-0.0,1.426,1010.61,1016.2,1009.73,1017.08,90.53550073834337,90.54,-0.002,2.059,86.5,94.57,85.23,95.84,6.816601866321326,6.79,0.025,1.531,3.79,9.79,2.85,10.74,False,NORMAL,NORMAL,0.786
2026-09-07 23:15:00,15.490234746029328,15.49,-0.001,1.443,12.66,18.32,11.77,19.21,1013.8873817968042,1013.89,-0.0,1.426,1011.09,1016.68,1010.21,1017.56,91.00885194783933,91.01,-0.002,2.059,86.98,95.05,85.71,96.31,4.483602353515498,4.46,0.025,1.531,1.46,7.46,0.51,8.4,False,NORMAL,NORMAL,0.795
2026-09-07 23:20:00,15.985805065439054,15.99,-0.001,1.443,13.16,18.81,12.27,19.7,1013.7524020373648,1013.75,-0.0,1.426,1010.96,1016.55,1010.08,1017.43,90.70055222594785,90.7,-0.002,2.059,86.67,94.74,85.4,96.01,3.5160670339958604,3.49,0.025,1.531,0.49,6.49,0.0,7.44,False,NORMAL,NORMAL,0.804
2026-09-07 23:25:00,16.005094028211555,16.01,-0.001,1.443,13.18,18.83,12.29,19.72,1013.8886870778259,1013.89,-0.0,1.426,1011.09,1016.68,1010.22,1017.56,90.66648467894392,90.67,-0.002,2.059,86.63,94.7,85.36,95.97,1.61237716494257,1.59,0.025,1.531,0.0,4.59,0.0,5.53,False,NORMAL,NORMAL,0.84
2026-09-07 23:30:00,14.897975749093552,14.9,-0.001,1.443,12.07,17.73,11.18,18.62,1013.8993085409659,1013.9,-0.0,1.426,1011.1,1016.69,1010.23,1017.57,90.82670900812415,90.83,-0.002,2.059,86.79,94.86,85.52,96.13,4.9167804569275315,4.89,0.025,1.531,1.89,7.89,0.95,8.84,False,NORMAL,NORMAL,0.793
2026-09-07 23:35:00,15.14986860927946,15.15,-0.001,1.443,12.32,17.98,11.43,18.87,1014.0553765134347,1014.06,-0.0,1.426,1011.26,1016.85,1010.38,1017.73,90.25666485843786,90.26,-0.002,2.059,86.22,94.29,84.95,95.56,3.09396410759517,3.07,0.025,1.531,0.07,6.07,0.0,7.01,False,NORMAL,NORMAL,0.824
2026-09-07 23:40:00,15.064334630558923,15.07,-0.001,1.443,12.24,17.89,11.35,18.78,1014.4097714000144,1014.41,-0.0,1.426,1011.61,1017.21,1010.74,1018.08,90.79922369646457,90.8,-0.002,2.059,86.77,94.84,85.5,96.1,5.372970782906707,5.35,0.025,1.531,2.35,8.35,1.4,9.29,False,NORMAL,NORMAL,0.833
2026-09-07 23:45:00,14.916185261843387,14.92,-0.001,1.443,12.09,17.74,11.2,18.63,1014.3637123229234,1014.36,-0.0,1.426,1011.57,1017.16,1010.69,1018.04,90.81175064268275,90.81,-0.002,2.059,86.78,94.85,85.51,96.12,10.693868719452885,10.67,0.025,1.531,7.67,13.67,6.72,14.61,False,NORMAL,NORMAL,0.765
2026-09-07 23:50:00,15.547259426483368,15.55,-0.001,1.443,12.72,18.38,11.83,19.26,1014.4438700665629,1014.44,-0.0,1.426,1011.65,1017.24,1010.77,1018.12,90.01010526928532,90.01,-0.002,2.059,85.98,94.05,84.71,95.32,1.889405494326527,1.86,0.025,1.531,0.0,4.87,0.0,5.81,False,NORMAL,NORMAL,0.764
2026-09-07 23:55:00,15.0644747439312,15.07,-0.001,1.443,12.24,17.89,11.35,18.78,1014.1709742850772,1014.17,-0.0,1.426,1011.38,1016.97,1010.5,1017.84,91.24444083920194,91.25,-0.002,2.059,87.21,95.28,85.94,96.55,2.685534248702248,2.66,0.025,1.531,0.0,5.66,0.0,6.61,False,NORMAL,NORMAL,0.814
