timestamp,is_anomaly,anomaly_type,severity,confidence,affected_sensors,recommended_action,description,iforest_flag,iforest_conf,lstm_flag,lstm_conf
2026-09-01 00:00:00,False,NORMAL,NORMAL,0.841,None,Normal operational routine,Nominal sensor operation within physical and statistical bounds,False,0.159,False,0.047
2026-09-01 00:05:00,False,NORMAL,NORMAL,0.822,None,Normal operational routine,Nominal sensor operation within physical and statistical bounds,False,0.178,False,0.047
2026-09-01 00:10:00,False,NORMAL,NORMAL,0.823,None,Normal operational routine,Nominal sensor operation within physical and statistical bounds,False,0.177,False,0.047
2026-09-01 00:15:00,False,NORMAL,NORMAL,0.705,None,Normal operational routine,Nominal sensor operation within physical and statistical bounds,False,0.295,False,0.047
2026-09-01 00:20:00,False,NORMAL,NORMAL,0.618,None,Normal operational routine,Nominal sensor operation within physical and statistical bounds,False,0.382,False,0.047
2026-09-01 00:25:00,False,NORMAL,NORMAL,0.794,None,Normal operational routine,Nominal sensor operation within physical and statistical bounds,False,0.206,False,0.047
2026-09-01 00:30:00,False,NORMAL,NORMAL,0.791,None,Normal operational routine,Nominal sensor operation within physical and statistical bounds,False,0.209,False,0.047
2026-09-01 00:35:00,False,NORMAL,NORMAL,0.827,None,Normal operational routine,Nominal sensor operation within physical and statistical bounds,False,0.173,False,0.047
2026-09-01 00:40:00,False,NORMAL,NORMAL,0.779,None,Normal operational routine,Nominal sensor operation within physical and statistical bounds,False,0.221,False,0.047
2026-09-01 00:45:00,False,NORMAL,NORMAL,0.815,None,Normal operational routine,Nominal sensor operation within physical and statistical bounds,False,0.185,False,0.047
2026-09-01 00:50:00,False,NORMAL,NORMAL,0.818,None,Normal operational routine,Nominal sensor operation within physical and statistical bounds,False,0.182,False,0.047
2026-09-01 00:55:00,False,NORMAL,NORMAL,0.778,None,Normal operational routine,Nominal sensor operation within physical and statistical bounds,False,0.222,False,0.027
2026-09-01 01:00:00,False,NORMAL,NORMAL,0.734,None,Normal operational routine,Nominal sensor operation within physical and statistical bounds,False,0.266,False,0.029
2026-09-01 01:05:00,False,NORMAL,NORMAL,0.72,None,Normal operational routine,Nominal sensor operation within physical and statistical bounds,False,0.28,False,0.057
2026-09-01 01:10:00,False,NORMAL,NORMAL,0.772,None,Normal operational routine,Nominal sensor operation within physical and statistical bounds,False,0.228,False,0.029
2026-09-01 01:15:00,False,NORMAL,NORMAL,0.703,None,Normal operational routine,Nominal sensor operation within physical and statistical bounds,False,0.297,False,0.033
2026-09-01 01:20:00,False,NORMAL,NORMAL,0.606,None,Normal operational routine,Nominal sensor operation within physical and statistical bounds,False,0.394,False,0.034
2026-09-01 01:25:00,False,NORMAL,NORMAL,0.761,None,Normal operational routine,Nominal sensor operation within physical and statistical bounds,False,0.239,False,0.02
2026-09-01 01:30:00,False,NORMAL,NORMAL,0.733,None,Normal operational routine,Nominal sensor operation within physical and statistical bounds,False,0.267,False,0.026
2026-09-01 01:35:00,False,NORMAL,NORMAL,0.565,None,Normal operational routine,Nominal sensor operation within physical and statistical bounds,False,0.435,False,0.05
2026-09-01 01:40:00,False,NORMAL,NORMAL,0.64,None,Normal operational routine,Nominal sensor operation within physical and statistical bounds,False,0.36,False,0.058
2026-09-01 01:45:00,False,NORMAL,NORMAL,0.769,None,Normal operational routine,Nominal sensor operation within physical and statistical bounds,False,0.231,False,0.03
2026-09-01 01:50:00,False,NORMAL,NORMAL,0.823,None,Normal operational routine,Nominal sensor operation within physical and statistical bounds,False,0.177,False,0.02
2026-09-01 01:55:00,False,NORMAL,NORMAL,0.845,None,Normal operational routine,Nominal sensor operation within physical and statistical bounds,False,0.155,False,0.022
2026-09-01 02:00:00,False,NORMAL,NORMAL,0.768,None,Normal operational routine,Nominal sensor operation within physical and statistical bounds,False,0.232,False,0.049
2026-09-01 02:05:00,False,NORMAL,NORMAL,0.759,None,Normal operational routine,Nominal sensor operation within physical and statistical bounds,False,0.241,False,0.029
2026-09-01 02:10:00,False,NORMAL,NORMAL,0.778,None,Normal operational routine,Nominal sensor operation within physical and statistical bounds,False,0.222,False,0.02
2026-09-01 02:15:00,False,NORMAL,NORMAL,0.675,None,Normal operational routine,Nominal sensor operation within physical and statistical bounds,False,0.325,False,0.316
2026-09-01 02:20:00,False,NORMAL,NORMAL,0.8,None,Normal operational routine,Nominal sensor operation within physical and statistical bounds,False,0.2,False,0.02
2026-09-01 02:25:00,False,NORMAL,NORMAL,0.815,None,Normal operational routine,Nominal sensor operation within physical and statistical bounds,False,0.185,False,0.029
2026-09-01 02:30:00,False,NORMAL,NORMAL,0.724,None,Normal operational routine,Nominal sensor operation within physical and statistical bounds,False,0.276,False,0.041
2026-09-01 02:35:00,False,NORMAL,NORMAL,0.742,None,Normal operational routine,Nominal sensor operation within physical and statistical bounds,False,0.258,False,0.055
2026-09-01 02:40:00,False,NORMAL,NORMAL,0.75,None,Normal operational routine,Nominal sensor operation within physical and statistical bounds,False,0.25,False,0.02
2026-09-01 02:45:00,False,NORMAL,NORMAL,0.713,None,Normal operational routine,Nominal sensor operation within physical and statistical bounds,False,0.287,False,0.02
2026-09-01 02:50:00,False,NORMAL,NORMAL,0.776,None,Normal operational routine,Nominal sensor operation within physical and statistical bounds,False,0.224,False,0.045
2026-09-01 02:55:00,False,NORMAL,NORMAL,0.67,None,Normal operational routine,Nominal sensor operation within physical and statistical bounds,False,0.33,False,0.227
2026-09-01 03:00:00,False,NORMAL,NORMAL,0.815,None,Normal operational routine,Nominal sensor operation within physical and statistical bounds,False,0.185,False,0.02
2026-09-01 03:05:00,False,NORMAL,NORMAL,0.856,None,Normal operational routine,Nominal sensor operation within physical and statistical bounds,False,0.144,False,0.02
2026-09-01 03:10:00,False,NORMAL,NORMAL,0.82,None,Normal operational routine,Nominal sensor operation within physical and statistical bounds,False,0.18,False,0.063
2026-09-01 03:15:00,False,NORMAL,NORMAL,0.664,None,Normal operational routine,Nominal sensor operation within physical and statistical bounds,False,0.238,False,0.336
2026-09-01 03:20:00,False,NORMAL,NORMAL,0.735,None,Normal operational routine,Nominal sensor operation within physical and statistical bounds,False,0.265,False,0.021
2026-09-01 03:25:00,False,NORMAL,NORMAL,0.831,None,Normal operational routine,Nominal sensor operation within physical and statistical bounds,False,0.169,False,0.039
2026-09-01 03:30:00,False,NORMAL,NORMAL,0.76,None,Normal operational routine,Nominal sensor operation within physical and statistical bounds,False,0.24,False,0.055
2026-09-01 03:35:00,False,NORMAL,NORMAL,0.714,None,Normal operational routine,Nominal sensor operation within physical and statistical bounds,False,0.286,False,0.02
2026-09-01 03:40:00,False,NORMAL,NORMAL,0.661,None,Normal operational routine,Nominal sensor operation within physical and statistical bounds,False,0.339,False,0.022
2026-09-01 03:45:00,False,NORMAL,NORMAL,0.795,None,Normal operational routine,Nominal sensor operation within physical and statistical bounds,False,0.205,False,0.028
2026-09-01 03:50:00,False,NORMAL,NORMAL,0.857,None,Normal operational routine,Nominal sensor operation within physical and statistical bounds,False,0.143,False,0.02
2026-09-01 03:55:00,False,NORMAL,NORMAL,0.86,None,Normal operational routine,Nominal sensor operation within physical and statistical bounds,False,0.14,False,0.025
2026-09-01 04:00:00,False,NORMAL,NORMAL,0.823,None,Normal operational routine,Nominal sensor operation within physical and statistical bounds,False,0.177,False,0.034
2026-09-01 04:05:00,False,NORMAL,NORMAL,0.71,None,Normal operational routine,Nominal sensor operation within physical and statistical bounds,False,0.29,False,0.02
2026-09-01 04:10:00,False,NORMAL,NORMAL,0.716,None,Normal operational routine,Nominal sensor operation within physical and statistical bounds,False,0.284,False,0.02
2026-09-01 04:15:00,False,NORMAL,NORMAL,0.829,None,Normal operational routine,Nominal sensor operation within physical and statistical bounds,False,0.171,False,0.019
2026-09-01 04:20:00,False,NORMAL,NORMAL,0.667,None,Normal operational routine,Nominal sensor operation within physical and statistical bounds,False,0.333,False,0.283
2026-09-01 04:25:00,False,NORMAL,NORMAL,0.789,None,Normal operational routine,Nominal sensor operation within physical and statistical bounds,False,0.211,False,0.02
2026-09-01 04:30:00,False,NORMAL,NORMAL,0.794,None,Normal operational routine,Nominal sensor operation within physical and statistical bounds,False,0.206,False,0.071
2026-09-01 04:35:00,False,NORMAL,NORMAL,0.838,None,Normal operational routine,Nominal sensor operation within physical and statistical bounds,False,0.162,False,0.02
2026-09-01 04:40:00,False,NORMAL,NORMAL,0.624,None,Normal operational routine,Nominal sensor operation within physical and statistical bounds,False,0.376,False,0.025
2026-09-01 04:45:00,False,NORMAL,NORMAL,0.444,None,Normal operational routine,Nominal sensor operation within physical and statistical bounds,True,0.556,False,0.02
2026-09-01 04:50:00,False,NORMAL,NORMAL,0.583,None,Normal operational routine,Nominal sensor operation within physical and statistical bounds,False,0.417,False,0.055
2026-09-01 04:55:00,False,NORMAL,NORMAL,0.678,None,Normal operational routine,Nominal sensor operation within physical and statistical bounds,False,0.322,False,0.079
2026-09-01 05:00:00,False,NORMAL,NORMAL,0.748,None,Normal operational routine,Nominal sensor operation within physical and statistical bounds,False,0.252,False,0.036
2026-09-01 05:05:00,False,NORMAL,NORMAL,0.743,None,Normal operational routine,Nominal sensor operation within physical and statistical bounds,False,0.257,False,0.02
2026-09-01 05:10:00,False,NORMAL,NORMAL,0.693,None,Normal operational routine,Nominal sensor operation within physical and statistical bounds,False,0.307,False,0.039
2026-09-01 05:15:00,False,NORMAL,NORMAL,0.701,None,Normal operational routine,Nominal sensor operation within physical and statistical bounds,False,0.299,False,0.028
2026-09-01 05:20:00,False,NORMAL,NORMAL,0.473,None,Normal operational routine,Nominal sensor operation within physical and statistical bounds,True,0.527,False,0.072
2026-09-01 05:25:00,False,NORMAL,NORMAL,0.745,None,Normal operational routine,Nominal sensor operation within physical and statistical bounds,False,0.255,False,0.028
2026-09-01 05:30:00,False,NORMAL,NORMAL,0.784,None,Normal operational routine,Nominal sensor operation within physical and statistical bounds,False,0.216,False,0.028
2026-09-01 05:35:00,False,NORMAL,NORMAL,0.751,None,Normal operational routine,Nominal sensor operation within physical and statistical bounds,False,0.249,False,0.165
2026-09-01 05:40:00,False,NORMAL,NORMAL,0.776,None,Normal operational routine,Nominal sensor operation within physical and statistical bounds,False,0.224,False,0.025
2026-09-01 05:45:00,False,NORMAL,NORMAL,0.814,None,Normal operational routine,Nominal sensor operation within physical and statistical bounds,False,0.186,False,0.03
2026-09-01 05:50:00,False,NORMAL,NORMAL,0.822,None,Normal operational routine,Nominal sensor operation within physical and statistical bounds,False,0.178,False,0.022
2026-09-01 05:55:00,False,NORMAL,NORMAL,0.8,None,Normal operational routine,Nominal sensor operation within physical and statistical bounds,False,0.2,False,0.026
2026-09-01 06:00:00,False,NORMAL,NORMAL,0.813,None,Normal operational routine,Nominal sensor operation within physical and statistical bounds,False,0.187,False,0.038
2026-09-01 06:05:00,False,NORMAL,NORMAL,0.801,None,Normal operational routine,Nominal sensor operation within physical and statistical bounds,False,0.199,False,0.029
2026-09-01 06:10:00,False,NORMAL,NORMAL,0.732,None,Normal operational routine,Nominal sensor operation within physical and statistical bounds,False,0.268,False,0.038
2026-09-01 06:15:00,False,NORMAL,NORMAL,0.775,None,Normal operational routine,Nominal sensor operation within physical and statistical bounds,False,0.225,False,0.046
2026-09-01 06:20:00,False,NORMAL,NORMAL,0.718,None,Normal operational routine,Nominal sensor operation within physical and statistical bounds,False,0.282,False,0.02
2026-09-01 06:25:00,False,NORMAL,NORMAL,0.536,None,Normal operational routine,Nominal sensor operation within physical and statistical bounds,False,0.464,False,0.025
2026-09-01 06:30:00,False,NORMAL,NORMAL,0.727,None,Normal operational routine,Nominal sensor operation within physical and statistical bounds,False,0.256,False,0.273
2026-09-01 06:35:00,False,NORMAL,NORMAL,0.805,None,Normal operational routine,Nominal sensor operation within physical and statistical bounds,False,0.195,False,0.03
2026-09-01 06:40:00,False,NORMAL,NORMAL,0.827,None,Normal operational routine,Nominal sensor operation within physical and statistical bounds,False,0.173,False,0.025
2026-09-01 06:45:00,False,NORMAL,NORMAL,0.684,None,Normal operational routine,Nominal sensor operation within physical and statistical bounds,False,0.316,False,0.02
2026-09-01 06:50:00,False,NORMAL,NORMAL,0.776,None,Normal operational routine,Nominal sensor operation within physical and statistical bounds,False,0.224,False,0.021
2026-09-01 06:55:00,False,NORMAL,NORMAL,0.746,None,Normal operational routine,Nominal sensor operation within physical and statistical bounds,False,0.254,False,0.164
2026-09-01 07:00:00,False,NORMAL,NORMAL,0.824,None,Normal operational routine,Nominal sensor operation within physical and statistical bounds,False,0.176,False,0.023
2026-09-01 07:05:00,False,NORMAL,NORMAL,0.81,None,Normal operational routine,Nominal sensor operation within physical and statistical bounds,False,0.19,False,0.121
2026-09-01 07:10:00,False,NORMAL,NORMAL,0.789,None,Normal operational routine,Nominal sensor operation within physical and statistical bounds,False,0.211,False,0.022
2026-09-01 07:15:00,False,NORMAL,NORMAL,0.843,None,Normal operational routine,Nominal sensor operation within physical and statistical bounds,False,0.157,False,0.02
2026-09-01 07:20:00,False,NORMAL,NORMAL,0.875,None,Normal operational routine,Nominal sensor operation within physical and statistical bounds,False,0.125,False,0.02
2026-09-01 07:25:00,False,NORMAL,NORMAL,0.758,None,Normal operational routine,Nominal sensor operation within physical and statistical bounds,False,0.242,False,0.096
2026-09-01 07:30:00,False,NORMAL,NORMAL,0.834,None,Normal operational routine,Nominal sensor operation within physical and statistical bounds,False,0.166,False,0.02
2026-09-01 07:35:00,False,NORMAL,NORMAL,0.854,None,Normal operational routine,Nominal sensor operation within physical and statistical bounds,False,0.146,False,0.031
2026-09-01 07:40:00,False,NORMAL,NORMAL,0.709,None,Normal operational routine,Nominal sensor operation within physical and statistical bounds,False,0.291,False,0.022
2026-09-01 07:45:00,False,NORMAL,NORMAL,0.813,None,Normal operational routine,Nominal sensor operation within physical and statistical bounds,False,0.187,False,0.021
2026-09-01 07:50:00,False,NORMAL,NORMAL,0.839,None,Normal operational routine,Nominal sensor operation within physical and statistical bounds,False,0.161,False,0.023
2026-09-01 07:55:00,False,NORMAL,NORMAL,0.519,None,Normal operational routine,Nominal sensor operation within physical and statistical bounds,False,0.271,False,0.481
2026-09-01 08:00:00,False,NORMAL,NORMAL,0.791,None,Normal operational routine,Nominal sensor operation within physical and statistical bounds,False,0.209,False,0.022
2026-09-01 08:05:00,False,NORMAL,NORMAL,0.876,None,Normal operational routine,Nominal sensor operation within physical and statistical bounds,False,0.124,False,0.02
2026-09-01 08:10:00,False,NORMAL,NORMAL,0.711,None,Normal operational routine,Nominal sensor operation within physical and statistical bounds,False,0.289,False,0.049
2026-09-01 08:15:00,False,NORMAL,NORMAL,0.706,None,Normal operational routine,Nominal sensor operation within physical and statistical bounds,False,0.294,False,0.02
2026-09-01 08:20:00,False,NORMAL,NORMAL,0.843,None,Normal operational routine,Nominal sensor operation within physical and statistical bounds,False,0.157,False,0.022
2026-09-01 08:25:00,False,NORMAL,NORMAL,0.797,None,Normal operational routine,Nominal sensor operation within physical and statistical bounds,False,0.203,False,0.021
2026-09-01 08:30:00,False,NORMAL,NORMAL,0.869,None,Normal operational routine,Nominal sensor operation within physical and statistical bounds,False,0.131,False,0.02
2026-09-01 08:35:00,False,NORMAL,NORMAL,0.848,None,Normal operational routine,Nominal sensor operation within physical and statistical bounds,False,0.152,False,0.077
2026-09-01 08:40:00,False,NORMAL,NORMAL,0.854,None,Normal operational routine,Nominal sensor operation within physical and statistical bounds,False,0.146,False,0.02
2026-09-01 08:45:00,False,NORMAL,NORMAL,0.818,None,Normal operational routine,Nominal sensor operation within physical and statistical bounds,False,0.182,False,0.024
2026-09-01 08:50:00,False,NORMAL,NORMAL,0.832,None,Normal operational routine,Nominal sensor operation within physical and statistical bounds,False,0.168,False,0.023
2026-09-01 08:55:00,False,NORMAL,NORMAL,0.721,None,Normal operational routine,Nominal sensor operation within physical and statistical bounds,False,0.173,False,0.279
2026-09-01 09:00:00,False,NORMAL,NORMAL,0.736,None,Normal operational routine,Nominal sensor operation within physical and statistical bounds,False,0.199,False,0.264
2026-09-01 09:05:00,False,NORMAL,NORMAL,0.754,None,Normal operational routine,Nominal sensor operation within physical and statistical bounds,False,0.246,False,0.029
2026-09-01 09:10:00,False,NORMAL,NORMAL,0.864,None,Normal operational routine,Nominal sensor operation within physical and statistical bounds,False,0.136,False,0.029
2026-09-01 09:15:00,False,NORMAL,NORMAL,0.834,None,Normal operational routine,Nominal sensor operation within physical and statistical bounds,False,0.166,False,0.022
2026-09-01 09:20:00,False,NORMAL,NORMAL,0.824,None,Normal operational routine,Nominal sensor operation within physical and statistical bounds,False,0.176,False,0.047
2026-09-01 09:25:00,False,NORMAL,NORMAL,0.719,None,Normal operational routine,Nominal sensor operation within physical and statistical bounds,False,0.281,False,0.034
2026-09-01 09:30:00,True,TEMPORAL_SEQUENCE_DISTORTION,WARNING,0.95,wind_speed,Inspect time-series trajectory of wind_speed; check for sudden rate-of-change distortion or sensor drift,LSTM Autoencoder reconstruction error exceeded 3-sigma baseline,False,0.437,True,0.95
2026-09-01 09:35:00,False,NORMAL,NORMAL,0.776,None,Normal operational routine,Nominal sensor operation within physical and statistical bounds,False,0.224,False,0.031
2026-09-01 09:40:00,False,NORMAL,NORMAL,0.642,None,Normal operational routine,Nominal sensor operation within physical and statistical bounds,False,0.358,False,0.021
2026-09-01 09:45:00,False,NORMAL,NORMAL,0.764,None,Normal operational routine,Nominal sensor operation within physical and statistical bounds,False,0.236,False,0.035
2026-09-01 09:50:00,False,NORMAL,NORMAL,0.791,None,Normal operational routine,Nominal sensor operation within physical and statistical bounds,False,0.209,False,0.027
2026-09-01 09:55:00,False,NORMAL,NORMAL,0.792,None,Normal operational routine,Nominal sensor operation within physical and statistical bounds,False,0.208,False,0.023
2026-09-01 10:00:00,False,NORMAL,NORMAL,0.755,None,Normal operational routine,Nominal sensor operation within physical and statistical bounds,False,0.245,False,0.026
2026-09-01 10:05:00,False,NORMAL,NORMAL,0.804,None,Normal operational routine,Nominal sensor operation within physical and statistical bounds,False,0.196,False,0.022
2026-09-01 10:10:00,False,NORMAL,NORMAL,0.66,None,Normal operational routine,Nominal sensor operation within physical and statistical bounds,False,0.34,False,0.025
2026-09-01 10:15:00,False,NORMAL,NORMAL,0.763,None,Normal operational routine,Nominal sensor operation within physical and statistical bounds,False,0.237,False,0.066
2026-09-01 10:20:00,False,NORMAL,NORMAL,0.855,None,Normal operational routine,Nominal sensor operation within physical and statistical bounds,False,0.145,False,0.02
2026-09-01 10:25:00,False,NORMAL,NORMAL,0.706,None,Normal operational routine,Nominal sensor operation within physical and statistical bounds,False,0.294,False,0.021
2026-09-01 10:30:00,False,NORMAL,NORMAL,0.794,None,Normal operational routine,Nominal sensor operation within physical and statistical bounds,False,0.206,False,0.025
2026-09-01 10:35:00,False,NORMAL,NORMAL,0.793,None,Normal operational routine,Nominal sensor operation within physical and statistical bounds,False,0.207,False,0.041
2026-09-01 10:40:00,False,NORMAL,NORMAL,0.807,None,Normal operational routine,Nominal sensor operation within physical and statistical bounds,False,0.193,False,0.025
2026-09-01 10:45:00,False,NORMAL,NORMAL,0.79,None,Normal operational routine,Nominal sensor operation within physical and statistical bounds,False,0.21,False,0.021
2026-09-01 10:50:00,False,NORMAL,NORMAL,0.822,None,Normal operational routine,Nominal sensor operation within physical and statistical bounds,False,0.178,False,0.024
2026-09-01 10:55:00,True,TEMPORAL_SEQUENCE_DISTORTION,WARNING,0.861,wind_speed,Inspect time-series trajectory of wind_speed; check for sudden rate-of-change distortion or sensor drift,LSTM Autoencoder reconstruction error exceeded 3-sigma baseline,False,0.345,True,0.861
2026-09-01 11:00:00,False,NORMAL,NORMAL,0.695,None,Normal operational routine,Nominal sensor operation within physical and statistical bounds,False,0.305,False,0.031
2026-09-01 11:05:00,False,NORMAL,NORMAL,0.844,None,Normal operational routine,Nominal sensor operation within physical and statistical bounds,False,0.156,False,0.036
2026-09-01 11:10:00,False,NORMAL,NORMAL,0.833,None,Normal operational routine,Nominal sensor operation within physical and statistical bounds,False,0.167,False,0.022
2026-09-01 11:15:00,False,NORMAL,NORMAL,0.719,None,Normal operational routine,Nominal sensor operation within physical and statistical bounds,False,0.281,False,0.06
2026-09-01 11:20:00,False,NORMAL,NORMAL,0.781,None,Normal operational routine,Nominal sensor operation within physical and statistical bounds,False,0.219,False,0.043
2026-09-01 11:25:00,False,NORMAL,NORMAL,0.504,None,Normal operational routine,Nominal sensor operation within physical and statistical bounds,False,0.496,False,0.11
2026-09-01 11:30:00,False,NORMAL,NORMAL,0.467,None,Normal operational routine,Nominal sensor operation within physical and statistical bounds,True,0.533,False,0.075
2026-09-01 11:35:00,False,NORMAL,NORMAL,0.771,None,Normal operational routine,Nominal sensor operation within physical and statistical bounds,False,0.229,False,0.034
2026-09-01 11:40:00,False,NORMAL,NORMAL,0.662,None,Normal operational routine,Nominal sensor operation within physical and statistical bounds,False,0.338,False,0.069
2026-09-01 11:45:00,False,NORMAL,NORMAL,0.744,None,Normal operational routine,Nominal sensor operation within physical and statistical bounds,False,0.256,False,0.036
2026-09-01 11:50:00,False,NORMAL,NORMAL,0.805,None,Normal operational routine,Nominal sensor operation within physical and statistical bounds,False,0.195,False,0.021
2026-09-01 11:55:00,False,NORMAL,NORMAL,0.722,None,Normal operational routine,Nominal sensor operation within physical and statistical bounds,False,0.278,False,0.024
2026-09-01 12:00:00,False,NORMAL,NORMAL,0.834,None,Normal operational routine,Nominal sensor operation within physical and statistical bounds,False,0.166,False,0.024
2026-09-01 12:05:00,False,NORMAL,NORMAL,0.806,None,Normal operational routine,Nominal sensor operation within physical and statistical bounds,False,0.194,False,0.124
2026-09-01 12:10:00,False,NORMAL,NORMAL,0.561,None,Normal operational routine,Nominal sensor operation within physical and statistical bounds,False,0.259,False,0.439
2026-09-01 12:15:00,False,NORMAL,NORMAL,0.634,None,Normal operational routine,Nominal sensor operation within physical and statistical bounds,False,0.366,False,0.088
2026-09-01 12:20:00,False,NORMAL,NORMAL,0.722,None,Normal operational routine,Nominal sensor operation within physical and statistical bounds,False,0.278,False,0.023
2026-09-01 12:25:00,False,NORMAL,NORMAL,0.813,None,Normal operational routine,Nominal sensor operation within physical and statistical bounds,False,0.187,False,0.026
2026-09-01 12:30:00,False,NORMAL,NORMAL,0.72,None,Normal operational routine,Nominal sensor operation within physical and statistical bounds,False,0.235,False,0.28
2026-09-01 12:35:00,False,NORMAL,NORMAL,0.206,None,Normal operational routine,Nominal sensor operation within physical and statistical bounds,False,0.41,False,0.794
2026-09-01 12:40:00,False,NORMAL,NORMAL,0.738,None,Normal operational routine,Nominal sensor operation within physical and statistical bounds,False,0.262,False,0.025
2026-09-01 12:45:00,False,NORMAL,NORMAL,0.82,None,Normal operational routine,Nominal sensor operation within physical and statistical bounds,False,0.18,False,0.02
2026-09-01 12:50:00,False,NORMAL,NORMAL,0.743,None,Normal operational routine,Nominal sensor operation within physical and statistical bounds,False,0.257,False,0.063
2026-09-01 12:55:00,False,NORMAL,NORMAL,0.757,None,Normal operational routine,Nominal sensor operation within physical and statistical bounds,False,0.243,False,0.021
2026-09-01 13:00:00,False,NORMAL,NORMAL,0.743,None,Normal operational routine,Nominal sensor operation within physical and statistical bounds,False,0.257,False,0.068
2026-09-01 13:05:00,True,TEMPORAL_MULTIVARIATE_ANOMALY,WARNING,0.756,wind_speed,Deep inspection required: Temporal pattern and multi-sensor correlation deviation in wind_speed,Dual ML model consensus: Temporal sequence reconstruction error (LSTM) and multi-variate feature isolation (IForest) flagged anomalous pattern,True,0.513,True,0.999
2026-09-01 13:10:00,False,NORMAL,NORMAL,0.667,None,Normal operational routine,Nominal sensor operation within physical and statistical bounds,False,0.333,False,0.216
2026-09-01 13:15:00,False,NORMAL,NORMAL,0.646,None,Normal operational routine,Nominal sensor operation within physical and statistical bounds,False,0.354,False,0.041
2026-09-01 13:20:00,False,NORMAL,NORMAL,0.75,None,Normal operational routine,Nominal sensor operation within physical and statistical bounds,False,0.25,False,0.105
2026-09-01 13:25:00,True,THERMODYNAMIC_VIOLATION (THERMO_VAPOR_EXCEEDS_PRESSURE),CRITICAL,0.99,"pressure, humidity",Isolate barometer and RH sensor channels; check for sensor chamber flooding,Thermodynamic violation: Water vapor pressure (30577107221.0 hPa) exceeds ambient barometric pressure (1021.7 hPa),True,0.805,True,1.0
2026-09-01 13:30:00,True,THERMODYNAMIC_VIOLATION (THERMO_VAPOR_EXCEEDS_PRESSURE),CRITICAL,0.99,"pressure, humidity",Isolate barometer and RH sensor channels; check for sensor chamber flooding,Thermodynamic violation: Water vapor pressure (31897116523.0 hPa) exceeds ambient barometric pressure (1021.8 hPa),True,0.742,True,1.0
2026-09-01 13:35:00,True,THERMODYNAMIC_VIOLATION (THERMO_VAPOR_EXCEEDS_PRESSURE),CRITICAL,0.99,"pressure, humidity",Isolate barometer and RH sensor channels; check for sensor chamber flooding,Thermodynamic violation: Water vapor pressure (31308076725.5 hPa) exceeds ambient barometric pressure (1021.4 hPa),True,0.658,True,1.0
2026-09-01 13:40:00,True,TEMPORAL_SEQUENCE_DISTORTION,WARNING,0.982,temperature,Inspect time-series trajectory of temperature; check for sudden rate-of-change distortion or sensor drift,LSTM Autoencoder reconstruction error exceeded 3-sigma baseline,False,0.449,True,0.982
2026-09-01 13:45:00,True,TEMPORAL_SEQUENCE_DISTORTION,WARNING,1.0,temperature,Inspect time-series trajectory of temperature; check for sudden rate-of-change distortion or sensor drift,LSTM Autoencoder reconstruction error exceeded 3-sigma baseline,False,0.346,True,1.0
2026-09-01 13:50:00,True,TEMPORAL_SEQUENCE_DISTORTION,WARNING,1.0,wind_speed,Inspect time-series trajectory of wind_speed; check for sudden rate-of-change distortion or sensor drift,LSTM Autoencoder reconstruction error exceeded 3-sigma baseline,False,0.43,True,1.0
2026-09-01 13:55:00,True,TEMPORAL_MULTIVARIATE_ANOMALY,WARNING,0.765,temperature,Deep inspection required: Temporal pattern and multi-sensor correlation deviation in temperature,Dual ML model consensus: Temporal sequence reconstruction error (LSTM) and multi-variate feature isolation (IForest) flagged anomalous pattern,True,0.538,True,0.993
2026-09-01 14:00:00,True,TEMPORAL_SEQUENCE_DISTORTION,WARNING,1.0,wind_speed,Inspect time-series trajectory of wind_speed; check for sudden rate-of-change distortion or sensor drift,LSTM Autoencoder reconstruction error exceeded 3-sigma baseline,False,0.413,True,1.0
2026-09-01 14:05:00,True,TEMPORAL_SEQUENCE_DISTORTION,WARNING,0.982,temperature,Inspect time-series trajectory of temperature; check for sudden rate-of-change distortion or sensor drift,LSTM Autoencoder reconstruction error exceeded 3-sigma baseline,False,0.32,True,0.982
2026-09-01 14:10:00,True,TEMPORAL_SEQUENCE_DISTORTION,WARNING,0.966,temperature,Inspect time-series trajectory of temperature; check for sudden rate-of-change distortion or sensor drift,LSTM Autoencoder reconstruction error exceeded 3-sigma baseline,False,0.451,True,0.966
2026-09-01 14:15:00,False,NORMAL,NORMAL,0.558,None,Normal operational routine,Nominal sensor operation within physical and statistical bounds,False,0.262,False,0.442
2026-09-01 14:20:00,False,NORMAL,NORMAL,0.782,None,Normal operational routine,Nominal sensor operation within physical and statistical bounds,False,0.209,False,0.218
2026-09-01 14:25:00,True,TEMPORAL_SEQUENCE_DISTORTION,WARNING,0.993,wind_speed,Inspect time-series trajectory of wind_speed; check for sudden rate-of-change distortion or sensor drift,LSTM Autoencoder reconstruction error exceeded 3-sigma baseline,False,0.358,True,0.993
2026-09-01 14:30:00,False,NORMAL,NORMAL,0.522,None,Normal operational routine,Nominal sensor operation within physical and statistical bounds,False,0.478,False,0.068
2026-09-01 14:35:00,False,NORMAL,NORMAL,0.686,None,Normal operational routine,Nominal sensor operation within physical and statistical bounds,False,0.314,False,0.022
2026-09-01 14:40:00,False,NORMAL,NORMAL,0.62,None,Normal operational routine,Nominal sensor operation within physical and statistical bounds,False,0.302,False,0.38
2026-09-01 14:45:00,False,NORMAL,NORMAL,0.754,None,Normal operational routine,Nominal sensor operation within physical and statistical bounds,False,0.246,False,0.058
2026-09-01 14:50:00,False,NORMAL,NORMAL,0.674,None,Normal operational routine,Nominal sensor operation within physical and statistical bounds,False,0.326,False,0.039
2026-09-01 14:55:00,False,NORMAL,NORMAL,0.744,None,Normal operational routine,Nominal sensor operation within physical and statistical bounds,False,0.256,False,0.064
2026-09-01 15:00:00,False,NORMAL,NORMAL,0.698,None,Normal operational routine,Nominal sensor operation within physical and statistical bounds,False,0.302,False,0.059
2026-09-01 15:05:00,False,NORMAL,NORMAL,0.642,None,Normal operational routine,Nominal sensor operation within physical and statistical bounds,False,0.311,False,0.358
2026-09-01 15:10:00,False,NORMAL,NORMAL,0.749,None,Normal operational routine,Nominal sensor operation within physical and statistical bounds,False,0.251,False,0.028
2026-09-01 15:15:00,False,NORMAL,NORMAL,0.754,None,Normal operational routine,Nominal sensor operation within physical and statistical bounds,False,0.246,False,0.02
2026-09-01 15:20:00,False,NORMAL,NORMAL,0.67,None,Normal operational routine,Nominal sensor operation within physical and statistical bounds,False,0.33,False,0.055
2026-09-01 15:25:00,False,NORMAL,NORMAL,0.77,None,Normal operational routine,Nominal sensor operation within physical and statistical bounds,False,0.23,False,0.021
2026-09-01 15:30:00,False,NORMAL,NORMAL,0.791,None,Normal operational routine,Nominal sensor operation within physical and statistical bounds,False,0.209,False,0.056
2026-09-01 15:35:00,False,NORMAL,NORMAL,0.758,None,Normal operational routine,Nominal sensor operation within physical and statistical bounds,False,0.242,False,0.066
2026-09-01 15:40:00,False,NORMAL,NORMAL,0.834,None,Normal operational routine,Nominal sensor operation within physical and statistical bounds,False,0.166,False,0.027
2026-09-01 15:45:00,False,NORMAL,NORMAL,0.803,None,Normal operational routine,Nominal sensor operation within physical and statistical bounds,False,0.197,False,0.041
2026-09-01 15:50:00,False,NORMAL,NORMAL,0.695,None,Normal operational routine,Nominal sensor operation within physical and statistical bounds,False,0.305,False,0.092
2026-09-01 15:55:00,False,NORMAL,NORMAL,0.816,None,Normal operational routine,Nominal sensor operation within physical and statistical bounds,False,0.184,False,0.07
2026-09-01 16:00:00,False,NORMAL,NORMAL,0.736,None,Normal operational routine,Nominal sensor operation within physical and statistical bounds,False,0.264,False,0.035
2026-09-01 16:05:00,False,NORMAL,NORMAL,0.73,None,Normal operational routine,Nominal sensor operation within physical and statistical bounds,False,0.27,False,0.02
2026-09-01 16:10:00,False,NORMAL,NORMAL,0.784,None,Normal operational routine,Nominal sensor operation within physical and statistical bounds,False,0.216,False,0.067
2026-09-01 16:15:00,False,NORMAL,NORMAL,0.764,None,Normal operational routine,Nominal sensor operation within physical and statistical bounds,False,0.236,False,0.032
2026-09-01 16:20:00,False,NORMAL,NORMAL,0.684,None,Normal operational routine,Nominal sensor operation within physical and statistical bounds,False,0.316,False,0.026
2026-09-01 16:25:00,False,NORMAL,NORMAL,0.68,None,Normal operational routine,Nominal sensor operation within physical and statistical bounds,False,0.32,False,0.021
2026-09-01 16:30:00,False,NORMAL,NORMAL,0.819,None,Normal operational routine,Nominal sensor operation within physical and statistical bounds,False,0.181,False,0.02
2026-09-01 16:35:00,False,NORMAL,NORMAL,0.666,None,Normal operational routine,Nominal sensor operation within physical and statistical bounds,False,0.334,False,0.082
2026-09-01 16:40:00,False,NORMAL,NORMAL,0.78,None,Normal operational routine,Nominal sensor operation within physical and statistical bounds,False,0.22,False,0.038
2026-09-01 16:45:00,False,NORMAL,NORMAL,0.822,None,Normal operational routine,Nominal sensor operation within physical and statistical bounds,False,0.178,False,0.133
2026-09-01 16:50:00,False,NORMAL,NORMAL,0.65,None,Normal operational routine,Nominal sensor operation within physical and statistical bounds,False,0.35,False,0.047
2026-09-01 16:55:00,False,NORMAL,NORMAL,0.803,None,Normal operational routine,Nominal sensor operation within physical and statistical bounds,False,0.197,False,0.022
2026-09-01 17:00:00,False,NORMAL,NORMAL,0.814,None,Normal operational routine,Nominal sensor operation within physical and statistical bounds,False,0.186,False,0.041
2026-09-01 17:05:00,False,NORMAL,NORMAL,0.765,None,Normal operational routine,Nominal sensor operation within physical and statistical bounds,False,0.235,False,0.055
2026-09-01 17:10:00,False,NORMAL,NORMAL,0.769,None,Normal operational routine,Nominal sensor operation within physical and statistical bounds,False,0.231,False,0.093
2026-09-01 17:15:00,False,NORMAL,NORMAL,0.716,None,Normal operational routine,Nominal sensor operation within physical and statistical bounds,False,0.284,False,0.025
2026-09-01 17:20:00,False,NORMAL,NORMAL,0.634,None,Normal operational routine,Nominal sensor operation within physical and statistical bounds,False,0.366,False,0.047
2026-09-01 17:25:00,False,NORMAL,NORMAL,0.746,None,Normal operational routine,Nominal sensor operation within physical and statistical bounds,False,0.254,False,0.038
2026-09-01 17:30:00,False,NORMAL,NORMAL,0.834,None,Normal operational routine,Nominal sensor operation within physical and statistical bounds,False,0.166,False,0.065
2026-09-01 17:35:00,False,NORMAL,NORMAL,0.837,None,Normal operational routine,Nominal sensor operation within physical and statistical bounds,False,0.163,False,0.067
2026-09-01 17:40:00,False,NORMAL,NORMAL,0.814,None,Normal operational routine,Nominal sensor operation within physical and statistical bounds,False,0.186,False,0.086
2026-09-01 17:45:00,False,NORMAL,NORMAL,0.845,None,Normal operational routine,Nominal sensor operation within physical and statistical bounds,False,0.155,False,0.021
2026-09-01 17:50:00,False,NORMAL,NORMAL,0.845,None,Normal operational routine,Nominal sensor operation within physical and statistical bounds,False,0.155,False,0.02
2026-09-01 17:55:00,False,NORMAL,NORMAL,0.806,None,Normal operational routine,Nominal sensor operation within physical and statistical bounds,False,0.194,False,0.163
2026-09-01 18:00:00,False,NORMAL,NORMAL,0.823,None,Normal operational routine,Nominal sensor operation within physical and statistical bounds,False,0.177,False,0.024
2026-09-01 18:05:00,False,NORMAL,NORMAL,0.851,None,Normal operational routine,Nominal sensor operation within physical and statistical bounds,False,0.149,False,0.029
2026-09-01 18:10:00,False,NORMAL,NORMAL,0.828,None,Normal operational routine,Nominal sensor operation within physical and statistical bounds,False,0.172,False,0.022
2026-09-01 18:15:00,False,NORMAL,NORMAL,0.795,None,Normal operational routine,Nominal sensor operation within physical and statistical bounds,False,0.205,False,0.02
2026-09-01 18:20:00,False,NORMAL,NORMAL,0.636,None,Normal operational routine,Nominal sensor operation within physical and statistical bounds,False,0.286,False,0.364
2026-09-01 18:25:00,False,NORMAL,NORMAL,0.817,None,Normal operational routine,Nominal sensor operation within physical and statistical bounds,False,0.183,False,0.056
2026-09-01 18:30:00,False,NORMAL,NORMAL,0.786,None,Normal operational routine,Nominal sensor operation within physical and statistical bounds,False,0.214,False,0.057
2026-09-01 18:35:00,False,NORMAL,NORMAL,0.756,None,Normal operational routine,Nominal sensor operation within physical and statistical bounds,False,0.244,False,0.171
2026-09-01 18:40:00,False,NORMAL,NORMAL,0.694,None,Normal operational routine,Nominal sensor operation within physical and statistical bounds,False,0.306,False,0.032
2026-09-01 18:45:00,False,NORMAL,NORMAL,0.852,None,Normal operational routine,Nominal sensor operation within physical and statistical bounds,False,0.148,False,0.027
2026-09-01 18:50:00,False,NORMAL,NORMAL,0.828,None,Normal operational routine,Nominal sensor operation within physical and statistical bounds,False,0.172,False,0.068
2026-09-01 18:55:00,False,NORMAL,NORMAL,0.782,None,Normal operational routine,Nominal sensor operation within physical and statistical bounds,False,0.218,False,0.068
2026-09-01 19:00:00,False,NORMAL,NORMAL,0.83,None,Normal operational routine,Nominal sensor operation within physical and statistical bounds,False,0.17,False,0.02
2026-09-01 19:05:00,False,NORMAL,NORMAL,0.76,None,Normal operational routine,Nominal sensor operation within physical and statistical bounds,False,0.24,False,0.036
2026-09-01 19:10:00,False,NORMAL,NORMAL,0.861,None,Normal operational routine,Nominal sensor operation within physical and statistical bounds,False,0.139,False,0.039
2026-09-01 19:15:00,False,NORMAL,NORMAL,0.89,None,Normal operational routine,Nominal sensor operation within physical and statistical bounds,False,0.11,False,0.022
2026-09-01 19:20:00,False,NORMAL,NORMAL,0.883,None,Normal operational routine,Nominal sensor operation within physical and statistical bounds,False,0.117,False,0.051
2026-09-01 19:25:00,False,NORMAL,NORMAL,0.824,None,Normal operational routine,Nominal sensor operation within physical and statistical bounds,False,0.176,False,0.037
2026-09-01 19:30:00,False,NORMAL,NORMAL,0.769,None,Normal operational routine,Nominal sensor operation within physical and statistical bounds,False,0.231,False,0.075
2026-09-01 19:35:00,False,NORMAL,NORMAL,0.725,None,Normal operational routine,Nominal sensor operation within physical and statistical bounds,False,0.275,False,0.063
2026-09-01 19:40:00,False,NORMAL,NORMAL,0.841,None,Normal operational routine,Nominal sensor operation within physical and statistical bounds,False,0.159,False,0.02
2026-09-01 19:45:00,False,NORMAL,NORMAL,0.872,None,Normal operational routine,Nominal sensor operation within physical and statistical bounds,False,0.128,False,0.037
2026-09-01 19:50:00,False,NORMAL,NORMAL,0.729,None,Normal operational routine,Nominal sensor operation within physical and statistical bounds,False,0.271,False,0.025
2026-09-01 19:55:00,False,NORMAL,NORMAL,0.544,None,Normal operational routine,Nominal sensor operation within physical and statistical bounds,False,0.456,False,0.02
2026-09-01 20:00:00,False,NORMAL,NORMAL,0.648,None,Normal operational routine,Nominal sensor operation within physical and statistical bounds,False,0.352,False,0.023
2026-09-01 20:05:00,False,NORMAL,NORMAL,0.856,None,Normal operational routine,Nominal sensor operation within physical and statistical bounds,False,0.144,False,0.021
2026-09-01 20:10:00,False,NORMAL,NORMAL,0.847,None,Normal operational routine,Nominal sensor operation within physical and statistical bounds,False,0.153,False,0.025
2026-09-01 20:15:00,False,NORMAL,NORMAL,0.862,None,Normal operational routine,Nominal sensor operation within physical and statistical bounds,False,0.138,False,0.07
2026-09-01 20:20:00,False,NORMAL,NORMAL,0.845,None,Normal operational routine,Nominal sensor operation within physical and statistical bounds,False,0.155,False,0.03
2026-09-01 20:25:00,False,NORMAL,NORMAL,0.887,None,Normal operational routine,Nominal sensor operation within physical and statistical bounds,False,0.113,False,0.019
2026-09-01 20:30:00,False,NORMAL,NORMAL,0.841,None,Normal operational routine,Nominal sensor operation within physical and statistical bounds,False,0.159,False,0.024
2026-09-01 20:35:00,False,NORMAL,NORMAL,0.86,None,Normal operational routine,Nominal sensor operation within physical and statistical bounds,False,0.14,False,0.023
2026-09-01 20:40:00,False,NORMAL,NORMAL,0.785,None,Normal operational routine,Nominal sensor operation within physical and statistical bounds,False,0.215,False,0.02
2026-09-01 20:45:00,False,NORMAL,NORMAL,0.816,None,Normal operational routine,Nominal sensor operation within physical and statistical bounds,False,0.184,False,0.034
2026-09-01 20:50:00,False,NORMAL,NORMAL,0.858,None,Normal operational routine,Nominal sensor operation within physical and statistical bounds,False,0.142,False,0.097
2026-09-01 20:55:00,False,NORMAL,NORMAL,0.555,None,Normal operational routine,Nominal sensor operation within physical and statistical bounds,False,0.158,False,0.445
2026-09-01 21:00:00,False,NORMAL,NORMAL,0.825,None,Normal operational routine,Nominal sensor operation within physical and statistical bounds,False,0.175,False,0.031
2026-09-01 21:05:00,False,NORMAL,NORMAL,0.745,None,Normal operational routine,Nominal sensor operation within physical and statistical bounds,False,0.255,False,0.019
2026-09-01 21:10:00,False,NORMAL,NORMAL,0.708,None,Normal operational routine,Nominal sensor operation within physical and statistical bounds,False,0.292,False,0.035
2026-09-01 21:15:00,False,NORMAL,NORMAL,0.652,None,Normal operational routine,Nominal sensor operation within physical and statistical bounds,False,0.348,False,0.019
2026-09-01 21:20:00,False,NORMAL,NORMAL,0.826,None,Normal operational routine,Nominal sensor operation within physical and statistical bounds,False,0.174,False,0.032
2026-09-01 21:25:00,False,NORMAL,NORMAL,0.881,None,Normal operational routine,Nominal sensor operation within physical and statistical bounds,False,0.119,False,0.021
2026-09-01 21:30:00,False,NORMAL,NORMAL,0.875,None,Normal operational routine,Nominal sensor operation within physical and statistical bounds,False,0.125,False,0.023
2026-09-01 21:35:00,False,NORMAL,NORMAL,0.86,None,Normal operational routine,Nominal sensor operation within physical and statistical bounds,False,0.14,False,0.027
2026-09-01 21:40:00,False,NORMAL,NORMAL,0.815,None,Normal operational routine,Nominal sensor operation within physical and statistical bounds,False,0.185,False,0.11
2026-09-01 21:45:00,False,NORMAL,NORMAL,0.782,None,Normal operational routine,Nominal sensor operation within physical and statistical bounds,False,0.218,False,0.02
2026-09-01 21:50:00,False,NORMAL,NORMAL,0.342,None,Normal operational routine,Nominal sensor operation within physical and statistical bounds,False,0.245,False,0.658
2026-09-01 21:55:00,False,NORMAL,NORMAL,0.778,None,Normal operational routine,Nominal sensor operation within physical and statistical bounds,False,0.222,False,0.023
2026-09-01 22:00:00,False,NORMAL,NORMAL,0.49,None,Normal operational routine,Nominal sensor operation within physical and statistical bounds,True,0.51,False,0.071
2026-09-01 22:05:00,False,NORMAL,NORMAL,0.626,None,Normal operational routine,Nominal sensor operation within physical and statistical bounds,False,0.374,False,0.024
2026-09-01 22:10:00,False,NORMAL,NORMAL,0.868,None,Normal operational routine,Nominal sensor operation within physical and statistical bounds,False,0.132,False,0.024
2026-09-01 22:15:00,False,NORMAL,NORMAL,0.711,None,Normal operational routine,Nominal sensor operation within physical and statistical bounds,False,0.289,False,0.057
2026-09-01 22:20:00,False,NORMAL,NORMAL,0.811,None,Normal operational routine,Nominal sensor operation within physical and statistical bounds,False,0.189,False,0.026
2026-09-01 22:25:00,False,NORMAL,NORMAL,0.755,None,Normal operational routine,Nominal sensor operation within physical and statistical bounds,False,0.245,False,0.036
2026-09-01 22:30:00,False,NORMAL,NORMAL,0.846,None,Normal operational routine,Nominal sensor operation within physical and statistical bounds,False,0.154,False,0.021
2026-09-01 22:35:00,False,NORMAL,NORMAL,0.857,None,Normal operational routine,Nominal sensor operation within physical and statistical bounds,False,0.143,False,0.05
2026-09-01 22:40:00,False,NORMAL,NORMAL,0.808,None,Normal operational routine,Nominal sensor operation within physical and statistical bounds,False,0.192,False,0.092
2026-09-01 22:45:00,False,NORMAL,NORMAL,0.829,None,Normal operational routine,Nominal sensor operation within physical and statistical bounds,False,0.171,False,0.079
2026-09-01 22:50:00,False,NORMAL,NORMAL,0.826,None,Normal operational routine,Nominal sensor operation within physical and statistical bounds,False,0.174,False,0.02
2026-09-01 22:55:00,False,NORMAL,NORMAL,0.653,None,Normal operational routine,Nominal sensor operation within physical and statistical bounds,False,0.347,False,0.337
2026-09-01 23:00:00,False,NORMAL,NORMAL,0.751,None,Normal operational routine,Nominal sensor operation within physical and statistical bounds,False,0.249,False,0.046
2026-09-01 23:05:00,False,NORMAL,NORMAL,0.833,None,Normal operational routine,Nominal sensor operation within physical and statistical bounds,False,0.167,False,0.02
2026-09-01 23:10:00,False,NORMAL,NORMAL,0.817,None,Normal operational routine,Nominal sensor operation within physical and statistical bounds,False,0.183,False,0.02
2026-09-01 23:15:00,False,NORMAL,NORMAL,0.809,None,Normal operational routine,Nominal sensor operation within physical and statistical bounds,False,0.191,False,0.036
2026-09-01 23:20:00,False,NORMAL,NORMAL,0.735,None,Normal operational routine,Nominal sensor operation within physical and statistical bounds,False,0.265,False,0.131
2026-09-01 23:25:00,False,NORMAL,NORMAL,0.798,None,Normal operational routine,Nominal sensor operation within physical and statistical bounds,False,0.202,False,0.105
2026-09-01 23:30:00,False,NORMAL,NORMAL,0.826,None,Normal operational routine,Nominal sensor operation within physical and statistical bounds,False,0.174,False,0.02
2026-09-01 23:35:00,False,NORMAL,NORMAL,0.881,None,Normal operational routine,Nominal sensor operation within physical and statistical bounds,False,0.119,False,0.025
2026-09-01 23:40:00,False,NORMAL,NORMAL,0.852,None,Normal operational routine,Nominal sensor operation within physical and statistical bounds,False,0.148,False,0.031
2026-09-01 23:45:00,False,NORMAL,NORMAL,0.793,None,Normal operational routine,Nominal sensor operation within physical and statistical bounds,False,0.207,False,0.022
2026-09-01 23:50:00,False,NORMAL,NORMAL,0.833,None,Normal operational routine,Nominal sensor operation within physical and statistical bounds,False,0.167,False,0.053
2026-09-01 23:55:00,False,NORMAL,NORMAL,0.852,None,Normal operational routine,Nominal sensor operation within physical and statistical bounds,False,0.148,False,0.02
2026-09-02 00:00:00,False,NORMAL,NORMAL,0.763,None,Normal operational routine,Nominal sensor operation within physical and statistical bounds,False,0.237,False,0.026
2026-09-02 00:05:00,False,NORMAL,NORMAL,0.839,None,Normal operational routine,Nominal sensor operation within physical and statistical bounds,False,0.161,False,0.036
2026-09-02 00:10:00,False,NORMAL,NORMAL,0.865,None,Normal operational routine,Nominal sensor operation within physical and statistical bounds,False,0.135,False,0.019
2026-09-02 00:15:00,False,NORMAL,NORMAL,0.842,None,Normal operational routine,Nominal sensor operation within physical and statistical bounds,False,0.158,False,0.02
2026-09-02 00:20:00,False,NORMAL,NORMAL,0.834,None,Normal operational routine,Nominal sensor operation within physical and statistical bounds,False,0.166,False,0.034
2026-09-02 00:25:00,False,NORMAL,NORMAL,0.823,None,Normal operational routine,Nominal sensor operation within physical and statistical bounds,False,0.177,False,0.097
2026-09-02 00:30:00,False,NORMAL,NORMAL,0.858,None,Normal operational routine,Nominal sensor operation within physical and statistical bounds,False,0.142,False,0.045
2026-09-02 00:35:00,False,NORMAL,NORMAL,0.884,None,Normal operational routine,Nominal sensor operation within physical and statistical bounds,False,0.116,False,0.02
2026-09-02 00:40:00,False,NORMAL,NORMAL,0.803,None,Normal operational routine,Nominal sensor operation within physical and statistical bounds,False,0.197,False,0.02
2026-09-02 00:45:00,False,NORMAL,NORMAL,0.765,None,Normal operational routine,Nominal sensor operation within physical and statistical bounds,False,0.235,False,0.019
2026-09-02 00:50:00,False,NORMAL,NORMAL,0.826,None,Normal operational routine,Nominal sensor operation within physical and statistical bounds,False,0.174,False,0.02
2026-09-02 00:55:00,False,NORMAL,NORMAL,0.813,None,Normal operational routine,Nominal sensor operation within physical and statistical bounds,False,0.187,False,0.02
2026-09-02 01:00:00,False,NORMAL,NORMAL,0.836,None,Normal operational routine,Nominal sensor operation within physical and statistical bounds,False,0.164,False,0.045
2026-09-02 01:05:00,False,NORMAL,NORMAL,0.877,None,Normal operational routine,Nominal sensor operation within physical and statistical bounds,False,0.123,False,0.026
2026-09-02 01:10:00,True,THERMODYNAMIC_VIOLATION (THERMO_TD_EXCEEDS_T),CRITICAL,0.98,"temperature, humidity",Emergency calibration required: Inspect hygrometer sensing element and aspirator fan,Thermodynamic violation: Calculated Dew Point (19.8°C) exceeds Dry Bulb Temp (17.1°C),False,0.491,False,0.278
2026-09-02 01:15:00,False,NORMAL,NORMAL,0.688,None,Normal operational routine,Nominal sensor operation within physical and statistical bounds,False,0.312,False,0.028
2026-09-02 01:20:00,False,NORMAL,NORMAL,0.785,None,Normal operational routine,Nominal sensor operation within physical and statistical bounds,False,0.215,False,0.024
2026-09-02 01:25:00,False,NORMAL,NORMAL,0.806,None,Normal operational routine,Nominal sensor operation within physical and statistical bounds,False,0.194,False,0.026
2026-09-02 01:30:00,False,NORMAL,NORMAL,0.795,None,Normal operational routine,Nominal sensor operation within physical and statistical bounds,False,0.205,False,0.059
2026-09-02 01:35:00,False,NORMAL,NORMAL,0.843,None,Normal operational routine,Nominal sensor operation within physical and statistical bounds,False,0.157,False,0.02
2026-09-02 01:40:00,False,NORMAL,NORMAL,0.838,None,Normal operational routine,Nominal sensor operation within physical and statistical bounds,False,0.162,False,0.081
2026-09-02 01:45:00,False,NORMAL,NORMAL,0.751,None,Normal operational routine,Nominal sensor operation within physical and statistical bounds,False,0.249,False,0.034
2026-09-02 01:50:00,False,NORMAL,NORMAL,0.666,None,Normal operational routine,Nominal sensor operation within physical and statistical bounds,False,0.334,False,0.187
2026-09-02 01:55:00,False,NORMAL,NORMAL,0.755,None,Normal operational routine,Nominal sensor operation within physical and statistical bounds,False,0.245,False,0.02
2026-09-02 02:00:00,False,NORMAL,NORMAL,0.8,None,Normal operational routine,Nominal sensor operation within physical and statistical bounds,False,0.2,False,0.033
2026-09-02 02:05:00,False,NORMAL,NORMAL,0.388,None,Normal operational routine,Nominal sensor operation within physical and statistical bounds,True,0.612,False,0.2
2026-09-02 02:10:00,False,NORMAL,NORMAL,0.651,None,Normal operational routine,Nominal sensor operation within physical and statistical bounds,False,0.349,False,0.019
2026-09-02 02:15:00,False,NORMAL,NORMAL,0.831,None,Normal operational routine,Nominal sensor operation within physical and statistical bounds,False,0.169,False,0.086
2026-09-02 02:20:00,False,NORMAL,NORMAL,0.854,None,Normal operational routine,Nominal sensor operation within physical and statistical bounds,False,0.146,False,0.02
2026-09-02 02:25:00,False,NORMAL,NORMAL,0.879,None,Normal operational routine,Nominal sensor operation within physical and statistical bounds,False,0.121,False,0.019
2026-09-02 02:30:00,False,NORMAL,NORMAL,0.677,None,Normal operational routine,Nominal sensor operation within physical and statistical bounds,False,0.323,False,0.035
2026-09-02 02:35:00,False,NORMAL,NORMAL,0.596,None,Normal operational routine,Nominal sensor operation within physical and statistical bounds,False,0.404,False,0.03
2026-09-02 02:40:00,False,NORMAL,NORMAL,0.794,None,Normal operational routine,Nominal sensor operation within physical and statistical bounds,False,0.206,False,0.032
2026-09-02 02:45:00,False,NORMAL,NORMAL,0.841,None,Normal operational routine,Nominal sensor operation within physical and statistical bounds,False,0.159,False,0.028
2026-09-02 02:50:00,False,NORMAL,NORMAL,0.873,None,Normal operational routine,Nominal sensor operation within physical and statistical bounds,False,0.127,False,0.027
2026-09-02 02:55:00,False,NORMAL,NORMAL,0.869,None,Normal operational routine,Nominal sensor operation within physical and statistical bounds,False,0.131,False,0.026
2026-09-02 03:00:00,False,NORMAL,NORMAL,0.809,None,Normal operational routine,Nominal sensor operation within physical and statistical bounds,False,0.191,False,0.032
2026-09-02 03:05:00,False,NORMAL,NORMAL,0.859,None,Normal operational routine,Nominal sensor operation within physical and statistical bounds,False,0.141,False,0.022
2026-09-02 03:10:00,False,NORMAL,NORMAL,0.816,None,Normal operational routine,Nominal sensor operation within physical and statistical bounds,False,0.184,False,0.025
2026-09-02 03:15:00,False,NORMAL,NORMAL,0.878,None,Normal operational routine,Nominal sensor operation within physical and statistical bounds,False,0.122,False,0.024
2026-09-02 03:20:00,False,NORMAL,NORMAL,0.875,None,Normal operational routine,Nominal sensor operation within physical and statistical bounds,False,0.125,False,0.036
2026-09-02 03:25:00,False,NORMAL,NORMAL,0.822,None,Normal operational routine,Nominal sensor operation within physical and statistical bounds,False,0.178,False,0.033
2026-09-02 03:30:00,False,NORMAL,NORMAL,0.821,None,Normal operational routine,Nominal sensor operation within physical and statistical bounds,False,0.179,False,0.038
2026-09-02 03:35:00,False,NORMAL,NORMAL,0.63,None,Normal operational routine,Nominal sensor operation within physical and statistical bounds,False,0.37,False,0.019
2026-09-02 03:40:00,False,NORMAL,NORMAL,0.648,None,Normal operational routine,Nominal sensor operation within physical and statistical bounds,False,0.352,False,0.13
2026-09-02 03:45:00,False,NORMAL,NORMAL,0.815,None,Normal operational routine,Nominal sensor operation within physical and statistical bounds,False,0.185,False,0.043
2026-09-02 03:50:00,False,NORMAL,NORMAL,0.739,None,Normal operational routine,Nominal sensor operation within physical and statistical bounds,False,0.261,False,0.04
2026-09-02 03:55:00,False,NORMAL,NORMAL,0.868,None,Normal operational routine,Nominal sensor operation within physical and statistical bounds,False,0.132,False,0.023
2026-09-02 04:00:00,False,NORMAL,NORMAL,0.817,None,Normal operational routine,Nominal sensor operation within physical and statistical bounds,False,0.183,False,0.044
2026-09-02 04:05:00,False,NORMAL,NORMAL,0.847,None,Normal operational routine,Nominal sensor operation within physical and statistical bounds,False,0.153,False,0.025
2026-09-02 04:10:00,False,NORMAL,NORMAL,0.874,None,Normal operational routine,Nominal sensor operation within physical and statistical bounds,False,0.126,False,0.021
2026-09-02 04:15:00,False,NORMAL,NORMAL,0.678,None,Normal operational routine,Nominal sensor operation within physical and statistical bounds,False,0.322,False,0.101
2026-09-02 04:20:00,False,NORMAL,NORMAL,0.618,None,Normal operational routine,Nominal sensor operation within physical and statistical bounds,False,0.382,False,0.027
2026-09-02 04:25:00,True,TEMPORAL_SEQUENCE_DISTORTION,WARNING,0.889,wind_speed,Inspect time-series trajectory of wind_speed; check for sudden rate-of-change distortion or sensor drift,LSTM Autoencoder reconstruction error exceeded 3-sigma baseline,False,0.276,True,0.889
2026-09-02 04:30:00,False,NORMAL,NORMAL,0.829,None,Normal operational routine,Nominal sensor operation within physical and statistical bounds,False,0.171,False,0.023
2026-09-02 04:35:00,False,NORMAL,NORMAL,0.878,None,Normal operational routine,Nominal sensor operation within physical and statistical bounds,False,0.122,False,0.02
2026-09-02 04:40:00,False,NORMAL,NORMAL,0.883,None,Normal operational routine,Nominal sensor operation within physical and statistical bounds,False,0.117,False,0.021
2026-09-02 04:45:00,False,NORMAL,NORMAL,0.846,None,Normal operational routine,Nominal sensor operation within physical and statistical bounds,False,0.154,False,0.021
2026-09-02 04:50:00,False,NORMAL,NORMAL,0.872,None,Normal operational routine,Nominal sensor operation within physical and statistical bounds,False,0.128,False,0.051
2026-09-02 04:55:00,False,NORMAL,NORMAL,0.857,None,Normal operational routine,Nominal sensor operation within physical and statistical bounds,False,0.143,False,0.023
2026-09-02 05:00:00,False,NORMAL,NORMAL,0.801,None,Normal operational routine,Nominal sensor operation within physical and statistical bounds,False,0.199,False,0.188
2026-09-02 05:05:00,False,NORMAL,NORMAL,0.864,None,Normal operational routine,Nominal sensor operation within physical and statistical bounds,False,0.136,False,0.025
2026-09-02 05:10:00,False,NORMAL,NORMAL,0.508,None,Normal operational routine,Nominal sensor operation within physical and statistical bounds,False,0.233,False,0.492
2026-09-02 05:15:00,False,NORMAL,NORMAL,0.854,None,Normal operational routine,Nominal sensor operation within physical and statistical bounds,False,0.146,False,0.023
2026-09-02 05:20:00,False,NORMAL,NORMAL,0.589,None,Normal operational routine,Nominal sensor operation within physical and statistical bounds,False,0.411,False,0.029
2026-09-02 05:25:00,False,NORMAL,NORMAL,0.837,None,Normal operational routine,Nominal sensor operation within physical and statistical bounds,False,0.163,False,0.025
2026-09-02 05:30:00,False,NORMAL,NORMAL,0.777,None,Normal operational routine,Nominal sensor operation within physical and statistical bounds,False,0.223,False,0.023
2026-09-02 05:35:00,False,NORMAL,NORMAL,0.751,None,Normal operational routine,Nominal sensor operation within physical and statistical bounds,False,0.249,False,0.053
2026-09-02 05:40:00,False,NORMAL,NORMAL,0.867,None,Normal operational routine,Nominal sensor operation within physical and statistical bounds,False,0.133,False,0.024
2026-09-02 05:45:00,False,NORMAL,NORMAL,0.838,None,Normal operational routine,Nominal sensor operation within physical and statistical bounds,False,0.162,False,0.024
2026-09-02 05:50:00,False,NORMAL,NORMAL,0.769,None,Normal operational routine,Nominal sensor operation within physical and statistical bounds,False,0.231,False,0.028
2026-09-02 05:55:00,False,NORMAL,NORMAL,0.884,None,Normal operational routine,Nominal sensor operation within physical and statistical bounds,False,0.116,False,0.036
2026-09-02 06:00:00,False,NORMAL,NORMAL,0.895,None,Normal operational routine,Nominal sensor operation within physical and statistical bounds,False,0.105,False,0.023
2026-09-02 06:05:00,False,NORMAL,NORMAL,0.882,None,Normal operational routine,Nominal sensor operation within physical and statistical bounds,False,0.118,False,0.031
2026-09-02 06:10:00,False,NORMAL,NORMAL,0.896,None,Normal operational routine,Nominal sensor operation within physical and statistical bounds,False,0.104,False,0.022
2026-09-02 06:15:00,False,NORMAL,NORMAL,0.845,None,Normal operational routine,Nominal sensor operation within physical and statistical bounds,False,0.155,False,0.049
2026-09-02 06:20:00,False,NORMAL,NORMAL,0.862,None,Normal operational routine,Nominal sensor operation within physical and statistical bounds,False,0.138,False,0.02
2026-09-02 06:25:00,False,NORMAL,NORMAL,0.821,None,Normal operational routine,Nominal sensor operation within physical and statistical bounds,False,0.179,False,0.021
2026-09-02 06:30:00,False,NORMAL,NORMAL,0.87,None,Normal operational routine,Nominal sensor operation within physical and statistical bounds,False,0.13,False,0.026
2026-09-02 06:35:00,False,NORMAL,NORMAL,0.819,None,Normal operational routine,Nominal sensor operation within physical and statistical bounds,False,0.181,False,0.035
2026-09-02 06:40:00,False,NORMAL,NORMAL,0.872,None,Normal operational routine,Nominal sensor operation within physical and statistical bounds,False,0.128,False,0.024
2026-09-02 06:45:00,False,NORMAL,NORMAL,0.657,None,Normal operational routine,Nominal sensor operation within physical and statistical bounds,False,0.343,False,0.025
2026-09-02 06:50:00,False,NORMAL,NORMAL,0.766,None,Normal operational routine,Nominal sensor operation within physical and statistical bounds,False,0.234,False,0.027
2026-09-02 06:55:00,False,NORMAL,NORMAL,0.859,None,Normal operational routine,Nominal sensor operation within physical and statistical bounds,False,0.141,False,0.022
2026-09-02 07:00:00,False,NORMAL,NORMAL,0.797,None,Normal operational routine,Nominal sensor operation within physical and statistical bounds,False,0.203,False,0.128
2026-09-02 07:05:00,False,NORMAL,NORMAL,0.863,None,Normal operational routine,Nominal sensor operation within physical and statistical bounds,False,0.137,False,0.085
2026-09-02 07:10:00,False,NORMAL,NORMAL,0.669,None,Normal operational routine,Nominal sensor operation within physical and statistical bounds,False,0.161,False,0.331
2026-09-02 07:15:00,False,NORMAL,NORMAL,0.823,None,Normal operational routine,Nominal sensor operation within physical and statistical bounds,False,0.177,False,0.028
2026-09-02 07:20:00,False,NORMAL,NORMAL,0.79,None,Normal operational routine,Nominal sensor operation within physical and statistical bounds,False,0.21,False,0.078
2026-09-02 07:25:00,False,NORMAL,NORMAL,0.809,None,Normal operational routine,Nominal sensor operation within physical and statistical bounds,False,0.191,False,0.022
2026-09-02 07:30:00,False,NORMAL,NORMAL,0.756,None,Normal operational routine,Nominal sensor operation within physical and statistical bounds,False,0.244,False,0.022
2026-09-02 07:35:00,False,NORMAL,NORMAL,0.854,None,Normal operational routine,Nominal sensor operation within physical and statistical bounds,False,0.146,False,0.022
2026-09-02 07:40:00,False,NORMAL,NORMAL,0.891,None,Normal operational routine,Nominal sensor operation within physical and statistical bounds,False,0.109,False,0.021
2026-09-02 07:45:00,False,NORMAL,NORMAL,0.809,None,Normal operational routine,Nominal sensor operation within physical and statistical bounds,False,0.191,False,0.023
2026-09-02 07:50:00,False,NORMAL,NORMAL,0.848,None,Normal operational routine,Nominal sensor operation within physical and statistical bounds,False,0.152,False,0.025
2026-09-02 07:55:00,False,NORMAL,NORMAL,0.874,None,Normal operational routine,Nominal sensor operation within physical and statistical bounds,False,0.126,False,0.024
2026-09-02 08:00:00,False,NORMAL,NORMAL,0.864,None,Normal operational routine,Nominal sensor operation within physical and statistical bounds,False,0.136,False,0.026
2026-09-02 08:05:00,False,NORMAL,NORMAL,0.865,None,Normal operational routine,Nominal sensor operation within physical and statistical bounds,False,0.135,False,0.022
2026-09-02 08:10:00,False,NORMAL,NORMAL,0.863,None,Normal operational routine,Nominal sensor operation within physical and statistical bounds,False,0.137,False,0.034
2026-09-02 08:15:00,False,NORMAL,NORMAL,0.864,None,Normal operational routine,Nominal sensor operation within physical and statistical bounds,False,0.136,False,0.029
2026-09-02 08:20:00,False,NORMAL,NORMAL,0.841,None,Normal operational routine,Nominal sensor operation within physical and statistical bounds,False,0.159,False,0.044
2026-09-02 08:25:00,False,NORMAL,NORMAL,0.851,None,Normal operational routine,Nominal sensor operation within physical and statistical bounds,False,0.149,False,0.03
2026-09-02 08:30:00,False,NORMAL,NORMAL,0.851,None,Normal operational routine,Nominal sensor operation within physical and statistical bounds,False,0.149,False,0.054
2026-09-02 08:35:00,False,NORMAL,NORMAL,0.791,None,Normal operational routine,Nominal sensor operation within physical and statistical bounds,False,0.209,False,0.023
2026-09-02 08:40:00,False,NORMAL,NORMAL,0.795,None,Normal operational routine,Nominal sensor operation within physical and statistical bounds,False,0.205,False,0.036
2026-09-02 08:45:00,False,NORMAL,NORMAL,0.733,None,Normal operational routine,Nominal sensor operation within physical and statistical bounds,False,0.267,False,0.021
2026-09-02 08:50:00,False,NORMAL,NORMAL,0.796,None,Normal operational routine,Nominal sensor operation within physical and statistical bounds,False,0.204,False,0.024
2026-09-02 08:55:00,False,NORMAL,NORMAL,0.848,None,Normal operational routine,Nominal sensor operation within physical and statistical bounds,False,0.152,False,0.02
2026-09-02 09:00:00,False,NORMAL,NORMAL,0.832,None,Normal operational routine,Nominal sensor operation within physical and statistical bounds,False,0.168,False,0.021
2026-09-02 09:05:00,False,NORMAL,NORMAL,0.765,None,Normal operational routine,Nominal sensor operation within physical and statistical bounds,False,0.235,False,0.111
2026-09-02 09:10:00,False,NORMAL,NORMAL,0.798,None,Normal operational routine,Nominal sensor operation within physical and statistical bounds,False,0.202,False,0.023
2026-09-02 09:15:00,False,NORMAL,NORMAL,0.805,None,Normal operational routine,Nominal sensor operation within physical and statistical bounds,False,0.195,False,0.06
2026-09-02 09:20:00,False,NORMAL,NORMAL,0.819,None,Normal operational routine,Nominal sensor operation within physical and statistical bounds,False,0.181,False,0.04
2026-09-02 09:25:00,False,NORMAL,NORMAL,0.675,None,Normal operational routine,Nominal sensor operation within physical and statistical bounds,False,0.325,False,0.023
2026-09-02 09:30:00,True,TEMPORAL_MULTIVARIATE_ANOMALY,CRITICAL,0.858,wind_speed,Deep inspection required: Temporal pattern and multi-sensor correlation deviation in wind_speed,Dual ML model consensus: Temporal sequence reconstruction error (LSTM) and multi-variate feature isolation (IForest) flagged anomalous pattern,True,0.716,True,1.0
2026-09-02 09:35:00,False,NORMAL,NORMAL,0.587,None,Normal operational routine,Nominal sensor operation within physical and statistical bounds,False,0.413,False,0.039
2026-09-02 09:40:00,False,NORMAL,NORMAL,0.688,None,Normal operational routine,Nominal sensor operation within physical and statistical bounds,False,0.312,False,0.021
2026-09-02 09:45:00,False,NORMAL,NORMAL,0.682,None,Normal operational routine,Nominal sensor operation within physical and statistical bounds,False,0.318,False,0.029
2026-09-02 09:50:00,False,NORMAL,NORMAL,0.781,None,Normal operational routine,Nominal sensor operation within physical and statistical bounds,False,0.219,False,0.043
2026-09-02 09:55:00,False,NORMAL,NORMAL,0.822,None,Normal operational routine,Nominal sensor operation within physical and statistical bounds,False,0.178,False,0.023
2026-09-02 10:00:00,False,NORMAL,NORMAL,0.263,None,Normal operational routine,Nominal sensor operation within physical and statistical bounds,False,0.329,False,0.737
2026-09-02 10:05:00,False,NORMAL,NORMAL,0.777,None,Normal operational routine,Nominal sensor operation within physical and statistical bounds,False,0.223,False,0.032
2026-09-02 10:10:00,False,NORMAL,NORMAL,0.676,None,Normal operational routine,Nominal sensor operation within physical and statistical bounds,False,0.324,False,0.041
2026-09-02 10:15:00,False,NORMAL,NORMAL,0.607,None,Normal operational routine,Nominal sensor operation within physical and statistical bounds,False,0.393,False,0.024
2026-09-02 10:20:00,False,NORMAL,NORMAL,0.511,None,Normal operational routine,Nominal sensor operation within physical and statistical bounds,False,0.489,False,0.02
2026-09-02 10:25:00,True,TEMPORAL_SEQUENCE_DISTORTION,WARNING,0.942,wind_speed,Inspect time-series trajectory of wind_speed; check for sudden rate-of-change distortion or sensor drift,LSTM Autoencoder reconstruction error exceeded 3-sigma baseline,False,0.386,True,0.942
2026-09-02 10:30:00,False,NORMAL,NORMAL,0.76,None,Normal operational routine,Nominal sensor operation within physical and statistical bounds,False,0.24,False,0.022
2026-09-02 10:35:00,False,NORMAL,NORMAL,0.847,None,Normal operational routine,Nominal sensor operation within physical and statistical bounds,False,0.153,False,0.027
2026-09-02 10:40:00,False,NORMAL,NORMAL,0.346,None,Normal operational routine,Nominal sensor operation within physical and statistical bounds,False,0.206,False,0.654
2026-09-02 10:45:00,False,NORMAL,NORMAL,0.487,None,Normal operational routine,Nominal sensor operation within physical and statistical bounds,True,0.513,False,0.036
2026-09-02 10:50:00,False,NORMAL,NORMAL,0.595,None,Normal operational routine,Nominal sensor operation within physical and statistical bounds,False,0.405,False,0.04
2026-09-02 10:55:00,False,NORMAL,NORMAL,0.723,None,Normal operational routine,Nominal sensor operation within physical and statistical bounds,False,0.277,False,0.057
2026-09-02 11:00:00,False,NORMAL,NORMAL,0.567,None,Normal operational routine,Nominal sensor operation within physical and statistical bounds,False,0.433,False,0.039
2026-09-02 11:05:00,False,NORMAL,NORMAL,0.78,None,Normal operational routine,Nominal sensor operation within physical and statistical bounds,False,0.22,False,0.044
2026-09-02 11:10:00,False,NORMAL,NORMAL,0.848,None,Normal operational routine,Nominal sensor operation within physical and statistical bounds,False,0.152,False,0.058
2026-09-02 11:15:00,False,NORMAL,NORMAL,0.707,None,Normal operational routine,Nominal sensor operation within physical and statistical bounds,False,0.293,False,0.027
2026-09-02 11:20:00,False,NORMAL,NORMAL,0.723,None,Normal operational routine,Nominal sensor operation within physical and statistical bounds,False,0.277,False,0.084
2026-09-02 11:25:00,False,NORMAL,NORMAL,0.681,None,Normal operational routine,Nominal sensor operation within physical and statistical bounds,False,0.319,False,0.086
2026-09-02 11:30:00,False,NORMAL,NORMAL,0.73,None,Normal operational routine,Nominal sensor operation within physical and statistical bounds,False,0.27,False,0.021
2026-09-02 11:35:00,False,NORMAL,NORMAL,0.691,None,Normal operational routine,Nominal sensor operation within physical and statistical bounds,False,0.309,False,0.06
2026-09-02 11:40:00,False,NORMAL,NORMAL,0.813,None,Normal operational routine,Nominal sensor operation within physical and statistical bounds,False,0.187,False,0.042
2026-09-02 11:45:00,False,NORMAL,NORMAL,0.791,None,Normal operational routine,Nominal sensor operation within physical and statistical bounds,False,0.209,False,0.033
2026-09-02 11:50:00,False,NORMAL,NORMAL,0.662,None,Normal operational routine,Nominal sensor operation within physical and statistical bounds,False,0.338,False,0.019
2026-09-02 11:55:00,False,NORMAL,NORMAL,0.763,None,Normal operational routine,Nominal sensor operation within physical and statistical bounds,False,0.237,False,0.026
2026-09-02 12:00:00,False,NORMAL,NORMAL,0.743,None,Normal operational routine,Nominal sensor operation within physical and statistical bounds,False,0.257,False,0.021
2026-09-02 12:05:00,False,NORMAL,NORMAL,0.748,None,Normal operational routine,Nominal sensor operation within physical and statistical bounds,False,0.252,False,0.019
2026-09-02 12:10:00,False,NORMAL,NORMAL,0.765,None,Normal operational routine,Nominal sensor operation within physical and statistical bounds,False,0.235,False,0.02
2026-09-02 12:15:00,False,NORMAL,NORMAL,0.549,None,Normal operational routine,Nominal sensor operation within physical and statistical bounds,False,0.451,False,0.204
2026-09-02 12:20:00,False,NORMAL,NORMAL,0.594,None,Normal operational routine,Nominal sensor operation within physical and statistical bounds,False,0.406,False,0.023
2026-09-02 12:25:00,False,NORMAL,NORMAL,0.772,None,Normal operational routine,Nominal sensor operation within physical and statistical bounds,False,0.228,False,0.02
2026-09-02 12:30:00,False,NORMAL,NORMAL,0.634,None,Normal operational routine,Nominal sensor operation within physical and statistical bounds,False,0.366,False,0.204
2026-09-02 12:35:00,False,NORMAL,NORMAL,0.745,None,Normal operational routine,Nominal sensor operation within physical and statistical bounds,False,0.255,False,0.037
2026-09-02 12:40:00,False,NORMAL,NORMAL,0.713,None,Normal operational routine,Nominal sensor operation within physical and statistical bounds,False,0.287,False,0.039
2026-09-02 12:45:00,False,NORMAL,NORMAL,0.704,None,Normal operational routine,Nominal sensor operation within physical and statistical bounds,False,0.296,False,0.077
2026-09-02 12:50:00,False,NORMAL,NORMAL,0.721,None,Normal operational routine,Nominal sensor operation within physical and statistical bounds,False,0.279,False,0.029
2026-09-02 12:55:00,False,NORMAL,NORMAL,0.804,None,Normal operational routine,Nominal sensor operation within physical and statistical bounds,False,0.196,False,0.03
2026-09-02 13:00:00,False,NORMAL,NORMAL,0.659,None,Normal operational routine,Nominal sensor operation within physical and statistical bounds,False,0.341,False,0.048
2026-09-02 13:05:00,True,TEMPORAL_SEQUENCE_DISTORTION,WARNING,0.888,wind_speed,Inspect time-series trajectory of wind_speed; check for sudden rate-of-change distortion or sensor drift,LSTM Autoencoder reconstruction error exceeded 3-sigma baseline,False,0.46,True,0.888
2026-09-02 13:10:00,False,NORMAL,NORMAL,0.302,None,Normal operational routine,Nominal sensor operation within physical and statistical bounds,False,0.383,False,0.698
2026-09-02 13:15:00,False,NORMAL,NORMAL,0.751,None,Normal operational routine,Nominal sensor operation within physical and statistical bounds,False,0.249,False,0.055
2026-09-02 13:20:00,False,NORMAL,NORMAL,0.778,None,Normal operational routine,Nominal sensor operation within physical and statistical bounds,False,0.222,False,0.02
2026-09-02 13:25:00,False,NORMAL,NORMAL,0.59,None,Normal operational routine,Nominal sensor operation within physical and statistical bounds,False,0.41,False,0.1
2026-09-02 13:30:00,False,NORMAL,NORMAL,0.649,None,Normal operational routine,Nominal sensor operation within physical and statistical bounds,False,0.351,False,0.021
2026-09-02 13:35:00,False,NORMAL,NORMAL,0.704,None,Normal operational routine,Nominal sensor operation within physical and statistical bounds,False,0.296,False,0.059
2026-09-02 13:40:00,False,NORMAL,NORMAL,0.775,None,Normal operational routine,Nominal sensor operation within physical and statistical bounds,False,0.225,False,0.026
2026-09-02 13:45:00,False,NORMAL,NORMAL,0.671,None,Normal operational routine,Nominal sensor operation within physical and statistical bounds,False,0.329,False,0.066
2026-09-02 13:50:00,False,NORMAL,NORMAL,0.353,None,Normal operational routine,Nominal sensor operation within physical and statistical bounds,True,0.537,False,0.647
2026-09-02 13:55:00,False,NORMAL,NORMAL,0.563,None,Normal operational routine,Nominal sensor operation within physical and statistical bounds,False,0.437,False,0.433
2026-09-02 14:00:00,False,NORMAL,NORMAL,0.613,None,Normal operational routine,Nominal sensor operation within physical and statistical bounds,False,0.387,False,0.066
2026-09-02 14:05:00,False,NORMAL,NORMAL,0.666,None,Normal operational routine,Nominal sensor operation within physical and statistical bounds,False,0.334,False,0.022
2026-09-02 14:10:00,False,NORMAL,NORMAL,0.612,None,Normal operational routine,Nominal sensor operation within physical and statistical bounds,False,0.388,False,0.104
2026-09-02 14:15:00,False,NORMAL,NORMAL,0.643,None,Normal operational routine,Nominal sensor operation within physical and statistical bounds,False,0.357,False,0.044
2026-09-02 14:20:00,False,NORMAL,NORMAL,0.762,None,Normal operational routine,Nominal sensor operation within physical and statistical bounds,False,0.238,False,0.02
2026-09-02 14:25:00,False,NORMAL,NORMAL,0.375,None,Normal operational routine,Nominal sensor operation within physical and statistical bounds,False,0.434,False,0.625
2026-09-02 14:30:00,False,NORMAL,NORMAL,0.671,None,Normal operational routine,Nominal sensor operation within physical and statistical bounds,False,0.329,False,0.021
2026-09-02 14:35:00,False,NORMAL,NORMAL,0.751,None,Normal operational routine,Nominal sensor operation within physical and statistical bounds,False,0.249,False,0.021
2026-09-02 14:40:00,True,TEMPORAL_MULTIVARIATE_ANOMALY,WARNING,0.754,wind_speed,Deep inspection required: Temporal pattern and multi-sensor correlation deviation in wind_speed,Dual ML model consensus: Temporal sequence reconstruction error (LSTM) and multi-variate feature isolation (IForest) flagged anomalous pattern,True,0.52,True,0.988
2026-09-02 14:45:00,False,NORMAL,NORMAL,0.585,None,Normal operational routine,Nominal sensor operation within physical and statistical bounds,False,0.415,False,0.115
2026-09-02 14:50:00,False,NORMAL,NORMAL,0.778,None,Normal operational routine,Nominal sensor operation within physical and statistical bounds,False,0.222,False,0.06
2026-09-02 14:55:00,False,NORMAL,NORMAL,0.494,None,Normal operational routine,Nominal sensor operation within physical and statistical bounds,False,0.436,False,0.506
2026-09-02 15:00:00,False,NORMAL,NORMAL,0.793,None,Normal operational routine,Nominal sensor operation within physical and statistical bounds,False,0.207,False,0.047
2026-09-02 15:05:00,False,NORMAL,NORMAL,0.636,None,Normal operational routine,Nominal sensor operation within physical and statistical bounds,False,0.364,False,0.051
2026-09-02 15:10:00,False,NORMAL,NORMAL,0.659,None,Normal operational routine,Nominal sensor operation within physical and statistical bounds,False,0.341,False,0.021
2026-09-02 15:15:00,False,NORMAL,NORMAL,0.817,None,Normal operational routine,Nominal sensor operation within physical and statistical bounds,False,0.183,False,0.03
2026-09-02 15:20:00,False,NORMAL,NORMAL,0.766,None,Normal operational routine,Nominal sensor operation within physical and statistical bounds,False,0.234,False,0.02
2026-09-02 15:25:00,False,NORMAL,NORMAL,0.726,None,Normal operational routine,Nominal sensor operation within physical and statistical bounds,False,0.274,False,0.174
2026-09-02 15:30:00,False,NORMAL,NORMAL,0.776,None,Normal operational routine,Nominal sensor operation within physical and statistical bounds,False,0.224,False,0.02
2026-09-02 15:35:00,False,NORMAL,NORMAL,0.567,None,Normal operational routine,Nominal sensor operation within physical and statistical bounds,False,0.433,False,0.038
2026-09-02 15:40:00,False,NORMAL,NORMAL,0.687,None,Normal operational routine,Nominal sensor operation within physical and statistical bounds,False,0.313,False,0.077
2026-09-02 15:45:00,False,NORMAL,NORMAL,0.637,None,Normal operational routine,Nominal sensor operation within physical and statistical bounds,False,0.363,False,0.032
2026-09-02 15:50:00,False,NORMAL,NORMAL,0.673,None,Normal operational routine,Nominal sensor operation within physical and statistical bounds,False,0.327,False,0.192
2026-09-02 15:55:00,False,NORMAL,NORMAL,0.679,None,Normal operational routine,Nominal sensor operation within physical and statistical bounds,False,0.321,False,0.033
2026-09-02 16:00:00,False,NORMAL,NORMAL,0.808,None,Normal operational routine,Nominal sensor operation within physical and statistical bounds,False,0.192,False,0.032
2026-09-02 16:05:00,True,TEMPORAL_MULTIVARIATE_ANOMALY,WARNING,0.754,wind_speed,Deep inspection required: Temporal pattern and multi-sensor correlation deviation in wind_speed,Dual ML model consensus: Temporal sequence reconstruction error (LSTM) and multi-variate feature isolation (IForest) flagged anomalous pattern,True,0.51,True,0.999
2026-09-02 16:10:00,False,NORMAL,NORMAL,0.703,None,Normal operational routine,Nominal sensor operation within physical and statistical bounds,False,0.297,False,0.022
2026-09-02 16:15:00,False,NORMAL,NORMAL,0.793,None,Normal operational routine,Nominal sensor operation within physical and statistical bounds,False,0.207,False,0.024
2026-09-02 16:20:00,False,NORMAL,NORMAL,0.793,None,Normal operational routine,Nominal sensor operation within physical and statistical bounds,False,0.207,False,0.106
2026-09-02 16:25:00,False,NORMAL,NORMAL,0.728,None,Normal operational routine,Nominal sensor operation within physical and statistical bounds,False,0.272,False,0.05
2026-09-02 16:30:00,False,NORMAL,NORMAL,0.758,None,Normal operational routine,Nominal sensor operation within physical and statistical bounds,False,0.242,False,0.027
2026-09-02 16:35:00,False,NORMAL,NORMAL,0.703,None,Normal operational routine,Nominal sensor operation within physical and statistical bounds,False,0.297,False,0.037
2026-09-02 16:40:00,False,NORMAL,NORMAL,0.728,None,Normal operational routine,Nominal sensor operation within physical and statistical bounds,False,0.272,False,0.12
2026-09-02 16:45:00,True,TEMPORAL_MULTIVARIATE_ANOMALY,WARNING,0.686,wind_speed,Deep inspection required: Temporal pattern and multi-sensor correlation deviation in wind_speed,Dual ML model consensus: Temporal sequence reconstruction error (LSTM) and multi-variate feature isolation (IForest) flagged anomalous pattern,True,0.537,True,0.836
2026-09-02 16:50:00,False,NORMAL,NORMAL,0.652,None,Normal operational routine,Nominal sensor operation within physical and statistical bounds,False,0.348,False,0.062
2026-09-02 16:55:00,False,NORMAL,NORMAL,0.589,None,Normal operational routine,Nominal sensor operation within physical and statistical bounds,False,0.411,False,0.033
2026-09-02 17:00:00,False,NORMAL,NORMAL,0.731,None,Normal operational routine,Nominal sensor operation within physical and statistical bounds,False,0.269,False,0.024
2026-09-02 17:05:00,False,NORMAL,NORMAL,0.715,None,Normal operational routine,Nominal sensor operation within physical and statistical bounds,False,0.285,False,0.044
2026-09-02 17:10:00,False,NORMAL,NORMAL,0.742,None,Normal operational routine,Nominal sensor operation within physical and statistical bounds,False,0.258,False,0.028
2026-09-02 17:15:00,False,NORMAL,NORMAL,0.675,None,Normal operational routine,Nominal sensor operation within physical and statistical bounds,False,0.325,False,0.029
2026-09-02 17:20:00,True,TEMPORAL_SEQUENCE_DISTORTION,WARNING,0.994,wind_speed,Inspect time-series trajectory of wind_speed; check for sudden rate-of-change distortion or sensor drift,LSTM Autoencoder reconstruction error exceeded 3-sigma baseline,False,0.38,True,0.994
2026-09-02 17:25:00,False,NORMAL,NORMAL,0.679,None,Normal operational routine,Nominal sensor operation within physical and statistical bounds,False,0.321,False,0.028
2026-09-02 17:30:00,False,NORMAL,NORMAL,0.794,None,Normal operational routine,Nominal sensor operation within physical and statistical bounds,False,0.206,False,0.04
2026-09-02 17:35:00,False,NORMAL,NORMAL,0.814,None,Normal operational routine,Nominal sensor operation within physical and statistical bounds,False,0.186,False,0.042
2026-09-02 17:40:00,False,NORMAL,NORMAL,0.735,None,Normal operational routine,Nominal sensor operation within physical and statistical bounds,False,0.265,False,0.086
2026-09-02 17:45:00,False,NORMAL,NORMAL,0.793,None,Normal operational routine,Nominal sensor operation within physical and statistical bounds,False,0.207,False,0.026
2026-09-02 17:50:00,False,NORMAL,NORMAL,0.81,None,Normal operational routine,Nominal sensor operation within physical and statistical bounds,False,0.19,False,0.025
2026-09-02 17:55:00,False,NORMAL,NORMAL,0.85,None,Normal operational routine,Nominal sensor operation within physical and statistical bounds,False,0.15,False,0.04
2026-09-02 18:00:00,False,NORMAL,NORMAL,0.846,None,Normal operational routine,Nominal sensor operation within physical and statistical bounds,False,0.154,False,0.034
2026-09-02 18:05:00,False,NORMAL,NORMAL,0.851,None,Normal operational routine,Nominal sensor operation within physical and statistical bounds,False,0.149,False,0.022
2026-09-02 18:10:00,False,NORMAL,NORMAL,0.73,None,Normal operational routine,Nominal sensor operation within physical and statistical bounds,False,0.27,False,0.028
2026-09-02 18:15:00,False,NORMAL,NORMAL,0.777,None,Normal operational routine,Nominal sensor operation within physical and statistical bounds,False,0.223,False,0.025
2026-09-02 18:20:00,False,NORMAL,NORMAL,0.864,None,Normal operational routine,Nominal sensor operation within physical and statistical bounds,False,0.136,False,0.026
2026-09-02 18:25:00,False,NORMAL,NORMAL,0.858,None,Normal operational routine,Nominal sensor operation within physical and statistical bounds,False,0.142,False,0.02
2026-09-02 18:30:00,False,NORMAL,NORMAL,0.862,None,Normal operational routine,Nominal sensor operation within physical and statistical bounds,False,0.138,False,0.02
2026-09-02 18:35:00,False,NORMAL,NORMAL,0.865,None,Normal operational routine,Nominal sensor operation within physical and statistical bounds,False,0.135,False,0.021
2026-09-02 18:40:00,False,NORMAL,NORMAL,0.848,None,Normal operational routine,Nominal sensor operation within physical and statistical bounds,False,0.152,False,0.029
2026-09-02 18:45:00,False,NORMAL,NORMAL,0.819,None,Normal operational routine,Nominal sensor operation within physical and statistical bounds,False,0.181,False,0.05
2026-09-02 18:50:00,False,NORMAL,NORMAL,0.871,None,Normal operational routine,Nominal sensor operation within physical and statistical bounds,False,0.129,False,0.02
2026-09-02 18:55:00,False,NORMAL,NORMAL,0.869,None,Normal operational routine,Nominal sensor operation within physical and statistical bounds,False,0.131,False,0.021
2026-09-02 19:00:00,False,NORMAL,NORMAL,0.795,None,Normal operational routine,Nominal sensor operation within physical and statistical bounds,False,0.205,False,0.032
2026-09-02 19:05:00,False,NORMAL,NORMAL,0.86,None,Normal operational routine,Nominal sensor operation within physical and statistical bounds,False,0.14,False,0.02
2026-09-02 19:10:00,False,NORMAL,NORMAL,0.855,None,Normal operational routine,Nominal sensor operation within physical and statistical bounds,False,0.145,False,0.021
2026-09-02 19:15:00,False,NORMAL,NORMAL,0.81,None,Normal operational routine,Nominal sensor operation within physical and statistical bounds,False,0.19,False,0.046
2026-09-02 19:20:00,False,NORMAL,NORMAL,0.803,None,Normal operational routine,Nominal sensor operation within physical and statistical bounds,False,0.197,False,0.053
2026-09-02 19:25:00,False,NORMAL,NORMAL,0.847,None,Normal operational routine,Nominal sensor operation within physical and statistical bounds,False,0.151,False,0.153
2026-09-02 19:30:00,False,NORMAL,NORMAL,0.876,None,Normal operational routine,Nominal sensor operation within physical and statistical bounds,False,0.124,False,0.019
2026-09-02 19:35:00,False,NORMAL,NORMAL,0.683,None,Normal operational routine,Nominal sensor operation within physical and statistical bounds,False,0.23,False,0.317
2026-09-02 19:40:00,False,NORMAL,NORMAL,0.868,None,Normal operational routine,Nominal sensor operation within physical and statistical bounds,False,0.132,False,0.025
2026-09-02 19:45:00,False,NORMAL,NORMAL,0.807,None,Normal operational routine,Nominal sensor operation within physical and statistical bounds,False,0.193,False,0.038
2026-09-02 19:50:00,False,NORMAL,NORMAL,0.882,None,Normal operational routine,Nominal sensor operation within physical and statistical bounds,False,0.118,False,0.021
2026-09-02 19:55:00,False,NORMAL,NORMAL,0.82,None,Normal operational routine,Nominal sensor operation within physical and statistical bounds,False,0.18,False,0.071
2026-09-02 20:00:00,False,NORMAL,NORMAL,0.807,None,Normal operational routine,Nominal sensor operation within physical and statistical bounds,False,0.193,False,0.023
2026-09-02 20:05:00,False,NORMAL,NORMAL,0.872,None,Normal operational routine,Nominal sensor operation within physical and statistical bounds,False,0.128,False,0.046
2026-09-02 20:10:00,False,NORMAL,NORMAL,0.831,None,Normal operational routine,Nominal sensor operation within physical and statistical bounds,False,0.169,False,0.063
2026-09-02 20:15:00,False,NORMAL,NORMAL,0.8,None,Normal operational routine,Nominal sensor operation within physical and statistical bounds,False,0.2,False,0.023
2026-09-02 20:20:00,False,NORMAL,NORMAL,0.798,None,Normal operational routine,Nominal sensor operation within physical and statistical bounds,False,0.202,False,0.071
2026-09-02 20:25:00,False,NORMAL,NORMAL,0.807,None,Normal operational routine,Nominal sensor operation within physical and statistical bounds,False,0.193,False,0.064
2026-09-02 20:30:00,False,NORMAL,NORMAL,0.878,None,Normal operational routine,Nominal sensor operation within physical and statistical bounds,False,0.122,False,0.024
2026-09-02 20:35:00,False,NORMAL,NORMAL,0.767,None,Normal operational routine,Nominal sensor operation within physical and statistical bounds,False,0.233,False,0.083
2026-09-02 20:40:00,False,NORMAL,NORMAL,0.755,None,Normal operational routine,Nominal sensor operation within physical and statistical bounds,False,0.245,False,0.031
2026-09-02 20:45:00,False,NORMAL,NORMAL,0.801,None,Normal operational routine,Nominal sensor operation within physical and statistical bounds,False,0.179,False,0.199
2026-09-02 20:50:00,False,NORMAL,NORMAL,0.877,None,Normal operational routine,Nominal sensor operation within physical and statistical bounds,False,0.123,False,0.021
2026-09-02 20:55:00,False,NORMAL,NORMAL,0.839,None,Normal operational routine,Nominal sensor operation within physical and statistical bounds,False,0.161,False,0.05
2026-09-02 21:00:00,False,NORMAL,NORMAL,0.801,None,Normal operational routine,Nominal sensor operation within physical and statistical bounds,False,0.199,False,0.035
2026-09-02 21:05:00,False,NORMAL,NORMAL,0.846,None,Normal operational routine,Nominal sensor operation within physical and statistical bounds,False,0.154,False,0.033
2026-09-02 21:10:00,False,NORMAL,NORMAL,0.842,None,Normal operational routine,Nominal sensor operation within physical and statistical bounds,False,0.158,False,0.026
2026-09-02 21:15:00,False,NORMAL,NORMAL,0.881,None,Normal operational routine,Nominal sensor operation within physical and statistical bounds,False,0.119,False,0.024
2026-09-02 21:20:00,False,NORMAL,NORMAL,0.85,None,Normal operational routine,Nominal sensor operation within physical and statistical bounds,False,0.15,False,0.075
2026-09-02 21:25:00,False,NORMAL,NORMAL,0.874,None,Normal operational routine,Nominal sensor operation within physical and statistical bounds,False,0.126,False,0.032
2026-09-02 21:30:00,False,NORMAL,NORMAL,0.875,None,Normal operational routine,Nominal sensor operation within physical and statistical bounds,False,0.125,False,0.031
2026-09-02 21:35:00,False,NORMAL,NORMAL,0.8,None,Normal operational routine,Nominal sensor operation within physical and statistical bounds,False,0.2,False,0.024
2026-09-02 21:40:00,False,NORMAL,NORMAL,0.864,None,Normal operational routine,Nominal sensor operation within physical and statistical bounds,False,0.136,False,0.024
2026-09-02 21:45:00,False,NORMAL,NORMAL,0.834,None,Normal operational routine,Nominal sensor operation within physical and statistical bounds,False,0.166,False,0.026
2026-09-02 21:50:00,False,NORMAL,NORMAL,0.762,None,Normal operational routine,Nominal sensor operation within physical and statistical bounds,False,0.238,False,0.03
2026-09-02 21:55:00,False,NORMAL,NORMAL,0.786,None,Normal operational routine,Nominal sensor operation within physical and statistical bounds,False,0.214,False,0.023
2026-09-02 22:00:00,False,NORMAL,NORMAL,0.812,None,Normal operational routine,Nominal sensor operation within physical and statistical bounds,False,0.188,False,0.039
2026-09-02 22:05:00,False,NORMAL,NORMAL,0.857,None,Normal operational routine,Nominal sensor operation within physical and statistical bounds,False,0.143,False,0.03
2026-09-02 22:10:00,False,NORMAL,NORMAL,0.868,None,Normal operational routine,Nominal sensor operation within physical and statistical bounds,False,0.132,False,0.106
2026-09-02 22:15:00,False,NORMAL,NORMAL,0.846,None,Normal operational routine,Nominal sensor operation within physical and statistical bounds,False,0.154,False,0.023
2026-09-02 22:20:00,False,NORMAL,NORMAL,0.861,None,Normal operational routine,Nominal sensor operation within physical and statistical bounds,False,0.139,False,0.054
2026-09-02 22:25:00,False,NORMAL,NORMAL,0.854,None,Normal operational routine,Nominal sensor operation within physical and statistical bounds,False,0.146,False,0.034
2026-09-02 22:30:00,False,NORMAL,NORMAL,0.843,None,Normal operational routine,Nominal sensor operation within physical and statistical bounds,False,0.157,False,0.027
2026-09-02 22:35:00,False,NORMAL,NORMAL,0.837,None,Normal operational routine,Nominal sensor operation within physical and statistical bounds,False,0.163,False,0.022
2026-09-02 22:40:00,False,NORMAL,NORMAL,0.845,None,Normal operational routine,Nominal sensor operation within physical and statistical bounds,False,0.155,False,0.072
2026-09-02 22:45:00,False,NORMAL,NORMAL,0.673,None,Normal operational routine,Nominal sensor operation within physical and statistical bounds,False,0.327,False,0.036
2026-09-02 22:50:00,False,NORMAL,NORMAL,0.804,None,Normal operational routine,Nominal sensor operation within physical and statistical bounds,False,0.196,False,0.037
2026-09-02 22:55:00,False,NORMAL,NORMAL,0.858,None,Normal operational routine,Nominal sensor operation within physical and statistical bounds,False,0.142,False,0.05
2026-09-02 23:00:00,False,NORMAL,NORMAL,0.784,None,Normal operational routine,Nominal sensor operation within physical and statistical bounds,False,0.216,False,0.041
2026-09-02 23:05:00,False,NORMAL,NORMAL,0.719,None,Normal operational routine,Nominal sensor operation within physical and statistical bounds,False,0.281,False,0.023
2026-09-02 23:10:00,False,NORMAL,NORMAL,0.822,None,Normal operational routine,Nominal sensor operation within physical and statistical bounds,False,0.178,False,0.104
2026-09-02 23:15:00,False,NORMAL,NORMAL,0.85,None,Normal operational routine,Nominal sensor operation within physical and statistical bounds,False,0.15,False,0.019
2026-09-02 23:20:00,False,NORMAL,NORMAL,0.794,None,Normal operational routine,Nominal sensor operation within physical and statistical bounds,False,0.206,False,0.027
2026-09-02 23:25:00,False,NORMAL,NORMAL,0.658,None,Normal operational routine,Nominal sensor operation within physical and statistical bounds,False,0.342,False,0.022
2026-09-02 23:30:00,False,NORMAL,NORMAL,0.735,None,Normal operational routine,Nominal sensor operation within physical and statistical bounds,False,0.265,False,0.061
2026-09-02 23:35:00,False,NORMAL,NORMAL,0.84,None,Normal operational routine,Nominal sensor operation within physical and statistical bounds,False,0.16,False,0.036
2026-09-02 23:40:00,False,NORMAL,NORMAL,0.778,None,Normal operational routine,Nominal sensor operation within physical and statistical bounds,False,0.222,False,0.065
2026-09-02 23:45:00,False,NORMAL,NORMAL,0.837,None,Normal operational routine,Nominal sensor operation within physical and statistical bounds,False,0.163,False,0.034
2026-09-02 23:50:00,False,NORMAL,NORMAL,0.881,None,Normal operational routine,Nominal sensor operation within physical and statistical bounds,False,0.119,False,0.02
2026-09-02 23:55:00,False,NORMAL,NORMAL,0.801,None,Normal operational routine,Nominal sensor operation within physical and statistical bounds,False,0.199,False,0.033
2026-09-03 00:00:00,False,NORMAL,NORMAL,0.77,None,Normal operational routine,Nominal sensor operation within physical and statistical bounds,False,0.23,False,0.045
2026-09-03 00:05:00,False,NORMAL,NORMAL,0.828,None,Normal operational routine,Nominal sensor operation within physical and statistical bounds,False,0.172,False,0.021
2026-09-03 00:10:00,False,NORMAL,NORMAL,0.838,None,Normal operational routine,Nominal sensor operation within physical and statistical bounds,False,0.162,False,0.02
2026-09-03 00:15:00,False,NORMAL,NORMAL,0.721,None,Normal operational routine,Nominal sensor operation within physical and statistical bounds,False,0.279,False,0.023
2026-09-03 00:20:00,False,NORMAL,NORMAL,0.684,None,Normal operational routine,Nominal sensor operation within physical and statistical bounds,False,0.316,False,0.033
2026-09-03 00:25:00,False,NORMAL,NORMAL,0.748,None,Normal operational routine,Nominal sensor operation within physical and statistical bounds,False,0.252,False,0.021
2026-09-03 00:30:00,False,NORMAL,NORMAL,0.816,None,Normal operational routine,Nominal sensor operation within physical and statistical bounds,False,0.184,False,0.021
2026-09-03 00:35:00,False,NORMAL,NORMAL,0.854,None,Normal operational routine,Nominal sensor operation within physical and statistical bounds,False,0.146,False,0.024
2026-09-03 00:40:00,False,NORMAL,NORMAL,0.807,None,Normal operational routine,Nominal sensor operation within physical and statistical bounds,False,0.193,False,0.019
2026-09-03 00:45:00,False,NORMAL,NORMAL,0.796,None,Normal operational routine,Nominal sensor operation within physical and statistical bounds,False,0.204,False,0.023
2026-09-03 00:50:00,False,NORMAL,NORMAL,0.807,None,Normal operational routine,Nominal sensor operation within physical and statistical bounds,False,0.193,False,0.046
2026-09-03 00:55:00,False,NORMAL,NORMAL,0.641,None,Normal operational routine,Nominal sensor operation within physical and statistical bounds,False,0.359,False,0.037
2026-09-03 01:00:00,False,NORMAL,NORMAL,0.709,None,Normal operational routine,Nominal sensor operation within physical and statistical bounds,False,0.291,False,0.049
2026-09-03 01:05:00,False,NORMAL,NORMAL,0.775,None,Normal operational routine,Nominal sensor operation within physical and statistical bounds,False,0.225,False,0.07
2026-09-03 01:10:00,False,NORMAL,NORMAL,0.768,None,Normal operational routine,Nominal sensor operation within physical and statistical bounds,False,0.232,False,0.038
2026-09-03 01:15:00,False,NORMAL,NORMAL,0.724,None,Normal operational routine,Nominal sensor operation within physical and statistical bounds,False,0.276,False,0.026
2026-09-03 01:20:00,False,NORMAL,NORMAL,0.664,None,Normal operational routine,Nominal sensor operation within physical and statistical bounds,False,0.336,False,0.02
2026-09-03 01:25:00,False,NORMAL,NORMAL,0.687,None,Normal operational routine,Nominal sensor operation within physical and statistical bounds,False,0.313,False,0.019
2026-09-03 01:30:00,False,NORMAL,NORMAL,0.742,None,Normal operational routine,Nominal sensor operation within physical and statistical bounds,False,0.258,False,0.021
2026-09-03 01:35:00,False,NORMAL,NORMAL,0.69,None,Normal operational routine,Nominal sensor operation within physical and statistical bounds,False,0.31,False,0.025
2026-09-03 01:40:00,False,NORMAL,NORMAL,0.656,None,Normal operational routine,Nominal sensor operation within physical and statistical bounds,False,0.344,False,0.021
2026-09-03 01:45:00,False,NORMAL,NORMAL,0.756,None,Normal operational routine,Nominal sensor operation within physical and statistical bounds,False,0.244,False,0.044
2026-09-03 01:50:00,False,NORMAL,NORMAL,0.814,None,Normal operational routine,Nominal sensor operation within physical and statistical bounds,False,0.186,False,0.021
2026-09-03 01:55:00,False,NORMAL,NORMAL,0.749,None,Normal operational routine,Nominal sensor operation within physical and statistical bounds,False,0.251,False,0.042
2026-09-03 02:00:00,False,NORMAL,NORMAL,0.789,None,Normal operational routine,Nominal sensor operation within physical and statistical bounds,False,0.211,False,0.02
2026-09-03 02:05:00,False,NORMAL,NORMAL,0.821,None,Normal operational routine,Nominal sensor operation within physical and statistical bounds,False,0.179,False,0.02
2026-09-03 02:10:00,False,NORMAL,NORMAL,0.763,None,Normal operational routine,Nominal sensor operation within physical and statistical bounds,False,0.237,False,0.022
2026-09-03 02:15:00,False,NORMAL,NORMAL,0.692,None,Normal operational routine,Nominal sensor operation within physical and statistical bounds,False,0.308,False,0.02
2026-09-03 02:20:00,False,NORMAL,NORMAL,0.722,None,Normal operational routine,Nominal sensor operation within physical and statistical bounds,False,0.278,False,0.02
2026-09-03 02:25:00,False,NORMAL,NORMAL,0.747,None,Normal operational routine,Nominal sensor operation within physical and statistical bounds,False,0.253,False,0.031
2026-09-03 02:30:00,False,NORMAL,NORMAL,0.797,None,Normal operational routine,Nominal sensor operation within physical and statistical bounds,False,0.203,False,0.023
2026-09-03 02:35:00,False,NORMAL,NORMAL,0.521,None,Normal operational routine,Nominal sensor operation within physical and statistical bounds,False,0.479,False,0.043
2026-09-03 02:40:00,False,NORMAL,NORMAL,0.706,None,Normal operational routine,Nominal sensor operation within physical and statistical bounds,False,0.294,False,0.023
2026-09-03 02:45:00,False,NORMAL,NORMAL,0.793,None,Normal operational routine,Nominal sensor operation within physical and statistical bounds,False,0.207,False,0.029
2026-09-03 02:50:00,False,NORMAL,NORMAL,0.708,None,Normal operational routine,Nominal sensor operation within physical and statistical bounds,False,0.292,False,0.024
2026-09-03 02:55:00,False,NORMAL,NORMAL,0.738,None,Normal operational routine,Nominal sensor operation within physical and statistical bounds,False,0.262,False,0.036
2026-09-03 03:00:00,False,NORMAL,NORMAL,0.706,None,Normal operational routine,Nominal sensor operation within physical and statistical bounds,False,0.294,False,0.04
2026-09-03 03:05:00,False,NORMAL,NORMAL,0.673,None,Normal operational routine,Nominal sensor operation within physical and statistical bounds,False,0.327,False,0.053
2026-09-03 03:10:00,False,NORMAL,NORMAL,0.779,None,Normal operational routine,Nominal sensor operation within physical and statistical bounds,False,0.221,False,0.127
2026-09-03 03:15:00,False,NORMAL,NORMAL,0.678,None,Normal operational routine,Nominal sensor operation within physical and statistical bounds,False,0.322,False,0.033
2026-09-03 03:20:00,False,NORMAL,NORMAL,0.778,None,Normal operational routine,Nominal sensor operation within physical and statistical bounds,False,0.222,False,0.034
2026-09-03 03:25:00,False,NORMAL,NORMAL,0.739,None,Normal operational routine,Nominal sensor operation within physical and statistical bounds,False,0.261,False,0.037
2026-09-03 03:30:00,False,NORMAL,NORMAL,0.811,None,Normal operational routine,Nominal sensor operation within physical and statistical bounds,False,0.189,False,0.02
2026-09-03 03:35:00,False,NORMAL,NORMAL,0.748,None,Normal operational routine,Nominal sensor operation within physical and statistical bounds,False,0.252,False,0.139
2026-09-03 03:40:00,False,NORMAL,NORMAL,0.684,None,Normal operational routine,Nominal sensor operation within physical and statistical bounds,False,0.316,False,0.116
2026-09-03 03:45:00,False,NORMAL,NORMAL,0.803,None,Normal operational routine,Nominal sensor operation within physical and statistical bounds,False,0.197,False,0.027
2026-09-03 03:50:00,False,NORMAL,NORMAL,0.817,None,Normal operational routine,Nominal sensor operation within physical and statistical bounds,False,0.183,False,0.02
2026-09-03 03:55:00,False,NORMAL,NORMAL,0.732,None,Normal operational routine,Nominal sensor operation within physical and statistical bounds,False,0.268,False,0.022
2026-09-03 04:00:00,False,NORMAL,NORMAL,0.814,None,Normal operational routine,Nominal sensor operation within physical and statistical bounds,False,0.186,False,0.022
2026-09-03 04:05:00,False,NORMAL,NORMAL,0.822,None,Normal operational routine,Nominal sensor operation within physical and statistical bounds,False,0.178,False,0.06
2026-09-03 04:10:00,False,NORMAL,NORMAL,0.205,None,Normal operational routine,Nominal sensor operation within physical and statistical bounds,False,0.34,False,0.795
2026-09-03 04:15:00,False,NORMAL,NORMAL,0.786,None,Normal operational routine,Nominal sensor operation within physical and statistical bounds,False,0.214,False,0.029
2026-09-03 04:20:00,False,NORMAL,NORMAL,0.819,None,Normal operational routine,Nominal sensor operation within physical and statistical bounds,False,0.181,False,0.02
2026-09-03 04:25:00,False,NORMAL,NORMAL,0.839,None,Normal operational routine,Nominal sensor operation within physical and statistical bounds,False,0.161,False,0.023
2026-09-03 04:30:00,False,NORMAL,NORMAL,0.766,None,Normal operational routine,Nominal sensor operation within physical and statistical bounds,False,0.234,False,0.024
2026-09-03 04:35:00,False,NORMAL,NORMAL,0.684,None,Normal operational routine,Nominal sensor operation within physical and statistical bounds,False,0.316,False,0.021
2026-09-03 04:40:00,False,NORMAL,NORMAL,0.802,None,Normal operational routine,Nominal sensor operation within physical and statistical bounds,False,0.198,False,0.02
2026-09-03 04:45:00,False,NORMAL,NORMAL,0.852,None,Normal operational routine,Nominal sensor operation within physical and statistical bounds,False,0.148,False,0.025
2026-09-03 04:50:00,False,NORMAL,NORMAL,0.853,None,Normal operational routine,Nominal sensor operation within physical and statistical bounds,False,0.147,False,0.043
2026-09-03 04:55:00,False,NORMAL,NORMAL,0.831,None,Normal operational routine,Nominal sensor operation within physical and statistical bounds,False,0.169,False,0.027
2026-09-03 05:00:00,False,NORMAL,NORMAL,0.808,None,Normal operational routine,Nominal sensor operation within physical and statistical bounds,False,0.192,False,0.04
2026-09-03 05:05:00,False,NORMAL,NORMAL,0.86,None,Normal operational routine,Nominal sensor operation within physical and statistical bounds,False,0.14,False,0.022
2026-09-03 05:10:00,False,NORMAL,NORMAL,0.845,None,Normal operational routine,Nominal sensor operation within physical and statistical bounds,False,0.155,False,0.022
2026-09-03 05:15:00,False,NORMAL,NORMAL,0.777,None,Normal operational routine,Nominal sensor operation within physical and statistical bounds,False,0.223,False,0.022
2026-09-03 05:20:00,False,NORMAL,NORMAL,0.836,None,Normal operational routine,Nominal sensor operation within physical and statistical bounds,False,0.164,False,0.026
2026-09-03 05:25:00,False,NORMAL,NORMAL,0.768,None,Normal operational routine,Nominal sensor operation within physical and statistical bounds,False,0.232,False,0.126
2026-09-03 05:30:00,False,NORMAL,NORMAL,0.745,None,Normal operational routine,Nominal sensor operation within physical and statistical bounds,False,0.255,False,0.031
2026-09-03 05:35:00,False,NORMAL,NORMAL,0.864,None,Normal operational routine,Nominal sensor operation within physical and statistical bounds,False,0.136,False,0.022
2026-09-03 05:40:00,False,NORMAL,NORMAL,0.871,None,Normal operational routine,Nominal sensor operation within physical and statistical bounds,False,0.129,False,0.02
2026-09-03 05:45:00,False,NORMAL,NORMAL,0.738,None,Normal operational routine,Nominal sensor operation within physical and statistical bounds,False,0.262,False,0.026
2026-09-03 05:50:00,False,NORMAL,NORMAL,0.723,None,Normal operational routine,Nominal sensor operation within physical and statistical bounds,False,0.277,False,0.04
2026-09-03 05:55:00,False,NORMAL,NORMAL,0.826,None,Normal operational routine,Nominal sensor operation within physical and statistical bounds,False,0.174,False,0.021
2026-09-03 06:00:00,False,NORMAL,NORMAL,0.826,None,Normal operational routine,Nominal sensor operation within physical and statistical bounds,False,0.174,False,0.028
2026-09-03 06:05:00,False,NORMAL,NORMAL,0.834,None,Normal operational routine,Nominal sensor operation within physical and statistical bounds,False,0.166,False,0.062
2026-09-03 06:10:00,False,NORMAL,NORMAL,0.855,None,Normal operational routine,Nominal sensor operation within physical and statistical bounds,False,0.145,False,0.021
2026-09-03 06:15:00,False,NORMAL,NORMAL,0.829,None,Normal operational routine,Nominal sensor operation within physical and statistical bounds,False,0.171,False,0.032
2026-09-03 06:20:00,False,NORMAL,NORMAL,0.825,None,Normal operational routine,Nominal sensor operation within physical and statistical bounds,False,0.175,False,0.028
2026-09-03 06:25:00,False,NORMAL,NORMAL,0.839,None,Normal operational routine,Nominal sensor operation within physical and statistical bounds,False,0.161,False,0.022
2026-09-03 06:30:00,False,NORMAL,NORMAL,0.819,None,Normal operational routine,Nominal sensor operation within physical and statistical bounds,False,0.181,False,0.055
2026-09-03 06:35:00,False,NORMAL,NORMAL,0.831,None,Normal operational routine,Nominal sensor operation within physical and statistical bounds,False,0.169,False,0.023
2026-09-03 06:40:00,False,NORMAL,NORMAL,0.797,None,Normal operational routine,Nominal sensor operation within physical and statistical bounds,False,0.203,False,0.028
2026-09-03 06:45:00,False,NORMAL,NORMAL,0.565,None,Normal operational routine,Nominal sensor operation within physical and statistical bounds,False,0.435,False,0.035
2026-09-03 06:50:00,False,NORMAL,NORMAL,0.653,None,Normal operational routine,Nominal sensor operation within physical and statistical bounds,False,0.347,False,0.044
2026-09-03 06:55:00,False,NORMAL,NORMAL,0.401,None,Normal operational routine,Nominal sensor operation within physical and statistical bounds,True,0.599,False,0.193
2026-09-03 07:00:00,False,NORMAL,NORMAL,0.605,None,Normal operational routine,Nominal sensor operation within physical and statistical bounds,False,0.395,False,0.025
2026-09-03 07:05:00,False,NORMAL,NORMAL,0.367,None,Normal operational routine,Nominal sensor operation within physical and statistical bounds,True,0.633,False,0.026
2026-09-03 07:10:00,False,NORMAL,NORMAL,0.717,None,Normal operational routine,Nominal sensor operation within physical and statistical bounds,False,0.283,False,0.024
2026-09-03 07:15:00,False,NORMAL,NORMAL,0.784,None,Normal operational routine,Nominal sensor operation within physical and statistical bounds,False,0.216,False,0.021
2026-09-03 07:20:00,False,NORMAL,NORMAL,0.734,None,Normal operational routine,Nominal sensor operation within physical and statistical bounds,False,0.266,False,0.02
2026-09-03 07:25:00,False,NORMAL,NORMAL,0.744,None,Normal operational routine,Nominal sensor operation within physical and statistical bounds,False,0.256,False,0.02
2026-09-03 07:30:00,False,NORMAL,NORMAL,0.751,None,Normal operational routine,Nominal sensor operation within physical and statistical bounds,False,0.249,False,0.043
2026-09-03 07:35:00,False,NORMAL,NORMAL,0.759,None,Normal operational routine,Nominal sensor operation within physical and statistical bounds,False,0.241,False,0.021
2026-09-03 07:40:00,False,NORMAL,NORMAL,0.791,None,Normal operational routine,Nominal sensor operation within physical and statistical bounds,False,0.209,False,0.02
2026-09-03 07:45:00,False,NORMAL,NORMAL,0.684,None,Normal operational routine,Nominal sensor operation within physical and statistical bounds,False,0.316,False,0.046
2026-09-03 07:50:00,False,NORMAL,NORMAL,0.694,None,Normal operational routine,Nominal sensor operation within physical and statistical bounds,False,0.306,False,0.035
2026-09-03 07:55:00,False,NORMAL,NORMAL,0.768,None,Normal operational routine,Nominal sensor operation within physical and statistical bounds,False,0.232,False,0.058
2026-09-03 08:00:00,False,NORMAL,NORMAL,0.725,None,Normal operational routine,Nominal sensor operation within physical and statistical bounds,False,0.275,False,0.023
2026-09-03 08:05:00,False,NORMAL,NORMAL,0.691,None,Normal operational routine,Nominal sensor operation within physical and statistical bounds,False,0.309,False,0.022
2026-09-03 08:10:00,False,NORMAL,NORMAL,0.778,None,Normal operational routine,Nominal sensor operation within physical and statistical bounds,False,0.222,False,0.02
2026-09-03 08:15:00,False,NORMAL,NORMAL,0.674,None,Normal operational routine,Nominal sensor operation within physical and statistical bounds,False,0.326,False,0.069
2026-09-03 08:20:00,False,NORMAL,NORMAL,0.769,None,Normal operational routine,Nominal sensor operation within physical and statistical bounds,False,0.231,False,0.02
2026-09-03 08:25:00,False,NORMAL,NORMAL,0.636,None,Normal operational routine,Nominal sensor operation within physical and statistical bounds,False,0.364,False,0.023
2026-09-03 08:30:00,False,NORMAL,NORMAL,0.796,None,Normal operational routine,Nominal sensor operation within physical and statistical bounds,False,0.204,False,0.024
2026-09-03 08:35:00,False,NORMAL,NORMAL,0.81,None,Normal operational routine,Nominal sensor operation within physical and statistical bounds,False,0.19,False,0.035
2026-09-03 08:40:00,False,NORMAL,NORMAL,0.808,None,Normal operational routine,Nominal sensor operation within physical and statistical bounds,False,0.192,False,0.083
2026-09-03 08:45:00,False,NORMAL,NORMAL,0.839,None,Normal operational routine,Nominal sensor operation within physical and statistical bounds,False,0.161,False,0.019
2026-09-03 08:50:00,False,NORMAL,NORMAL,0.816,None,Normal operational routine,Nominal sensor operation within physical and statistical bounds,False,0.184,False,0.02
2026-09-03 08:55:00,False,NORMAL,NORMAL,0.822,None,Normal operational routine,Nominal sensor operation within physical and statistical bounds,False,0.178,False,0.022
2026-09-03 09:00:00,False,NORMAL,NORMAL,0.709,None,Normal operational routine,Nominal sensor operation within physical and statistical bounds,False,0.291,False,0.148
2026-09-03 09:05:00,False,NORMAL,NORMAL,0.788,None,Normal operational routine,Nominal sensor operation within physical and statistical bounds,False,0.212,False,0.021
2026-09-03 09:10:00,False,NORMAL,NORMAL,0.247,None,Normal operational routine,Nominal sensor operation within physical and statistical bounds,False,0.372,False,0.753
2026-09-03 09:15:00,False,NORMAL,NORMAL,0.499,None,Normal operational routine,Nominal sensor operation within physical and statistical bounds,True,0.501,False,0.173
2026-09-03 09:20:00,False,NORMAL,NORMAL,0.766,None,Normal operational routine,Nominal sensor operation within physical and statistical bounds,False,0.234,False,0.02
2026-09-03 09:25:00,False,NORMAL,NORMAL,0.837,None,Normal operational routine,Nominal sensor operation within physical and statistical bounds,False,0.163,False,0.103
2026-09-03 09:30:00,False,NORMAL,NORMAL,0.824,None,Normal operational routine,Nominal sensor operation within physical and statistical bounds,False,0.176,False,0.034
2026-09-03 09:35:00,False,NORMAL,NORMAL,0.868,None,Normal operational routine,Nominal sensor operation within physical and statistical bounds,False,0.132,False,0.019
2026-09-03 09:40:00,False,NORMAL,NORMAL,0.359,None,Normal operational routine,Nominal sensor operation within physical and statistical bounds,False,0.474,False,0.641
2026-09-03 09:45:00,False,NORMAL,NORMAL,0.674,None,Normal operational routine,Nominal sensor operation within physical and statistical bounds,False,0.326,False,0.025
2026-09-03 09:50:00,False,NORMAL,NORMAL,0.814,None,Normal operational routine,Nominal sensor operation within physical and statistical bounds,False,0.186,False,0.049
2026-09-03 09:55:00,False,NORMAL,NORMAL,0.823,None,Normal operational routine,Nominal sensor operation within physical and statistical bounds,False,0.177,False,0.023
2026-09-03 10:00:00,True,TEMPORAL_SEQUENCE_DISTORTION,WARNING,0.952,wind_speed,Inspect time-series trajectory of wind_speed; check for sudden rate-of-change distortion or sensor drift,LSTM Autoencoder reconstruction error exceeded 3-sigma baseline,False,0.421,True,0.952
2026-09-03 10:05:00,False,NORMAL,NORMAL,0.806,None,Normal operational routine,Nominal sensor operation within physical and statistical bounds,False,0.194,False,0.032
2026-09-03 10:10:00,False,NORMAL,NORMAL,0.87,None,Normal operational routine,Nominal sensor operation within physical and statistical bounds,False,0.13,False,0.043
2026-09-03 10:15:00,True,TEMPORAL_SEQUENCE_DISTORTION,WARNING,0.958,wind_speed,Inspect time-series trajectory of wind_speed; check for sudden rate-of-change distortion or sensor drift,LSTM Autoencoder reconstruction error exceeded 3-sigma baseline,False,0.441,True,0.958
2026-09-03 10:20:00,False,NORMAL,NORMAL,0.756,None,Normal operational routine,Nominal sensor operation within physical and statistical bounds,False,0.244,False,0.026
2026-09-03 10:25:00,False,NORMAL,NORMAL,0.86,None,Normal operational routine,Nominal sensor operation within physical and statistical bounds,False,0.14,False,0.071
2026-09-03 10:30:00,True,TEMPORAL_SEQUENCE_DISTORTION,WARNING,0.869,wind_speed,Inspect time-series trajectory of wind_speed; check for sudden rate-of-change distortion or sensor drift,LSTM Autoencoder reconstruction error exceeded 3-sigma baseline,False,0.199,True,0.869
2026-09-03 10:35:00,False,NORMAL,NORMAL,0.823,None,Normal operational routine,Nominal sensor operation within physical and statistical bounds,False,0.177,False,0.02
2026-09-03 10:40:00,False,NORMAL,NORMAL,0.789,None,Normal operational routine,Nominal sensor operation within physical and statistical bounds,False,0.211,False,0.03
2026-09-03 10:45:00,True,SENSOR_SPEC_BREACH (SPEC_WIND_NEGATIVE),WARNING,0.95,wind_speed,"Inspect anemometer wiring, zero-offset calibration, and ADC voltage reference",Negative wind speed measured (-4.50 m/s),False,0.27,True,0.999
2026-09-03 10:50:00,False,NORMAL,NORMAL,0.497,None,Normal operational routine,Nominal sensor operation within physical and statistical bounds,True,0.503,False,0.056
2026-09-03 10:55:00,False,NORMAL,NORMAL,0.639,None,Normal operational routine,Nominal sensor operation within physical and statistical bounds,False,0.361,False,0.021
2026-09-03 11:00:00,False,NORMAL,NORMAL,0.437,None,Normal operational routine,Nominal sensor operation within physical and statistical bounds,True,0.563,False,0.06
2026-09-03 11:05:00,False,NORMAL,NORMAL,0.611,None,Normal operational routine,Nominal sensor operation within physical and statistical bounds,False,0.389,False,0.022
2026-09-03 11:10:00,False,NORMAL,NORMAL,0.593,None,Normal operational routine,Nominal sensor operation within physical and statistical bounds,False,0.407,False,0.022
2026-09-03 11:15:00,False,NORMAL,NORMAL,0.535,None,Normal operational routine,Nominal sensor operation within physical and statistical bounds,False,0.465,False,0.33
2026-09-03 11:20:00,False,NORMAL,NORMAL,0.708,None,Normal operational routine,Nominal sensor operation within physical and statistical bounds,False,0.292,False,0.022
2026-09-03 11:25:00,False,NORMAL,NORMAL,0.864,None,Normal operational routine,Nominal sensor operation within physical and statistical bounds,False,0.136,False,0.02
2026-09-03 11:30:00,False,NORMAL,NORMAL,0.823,None,Normal operational routine,Nominal sensor operation within physical and statistical bounds,False,0.177,False,0.049
2026-09-03 11:35:00,False,NORMAL,NORMAL,0.826,None,Normal operational routine,Nominal sensor operation within physical and statistical bounds,False,0.174,False,0.036
2026-09-03 11:40:00,False,NORMAL,NORMAL,0.759,None,Normal operational routine,Nominal sensor operation within physical and statistical bounds,False,0.241,False,0.03
2026-09-03 11:45:00,False,NORMAL,NORMAL,0.805,None,Normal operational routine,Nominal sensor operation within physical and statistical bounds,False,0.195,False,0.044
2026-09-03 11:50:00,False,NORMAL,NORMAL,0.736,None,Normal operational routine,Nominal sensor operation within physical and statistical bounds,False,0.264,False,0.066
2026-09-03 11:55:00,False,NORMAL,NORMAL,0.778,None,Normal operational routine,Nominal sensor operation within physical and statistical bounds,False,0.222,False,0.18
2026-09-03 12:00:00,False,NORMAL,NORMAL,0.804,None,Normal operational routine,Nominal sensor operation within physical and statistical bounds,False,0.196,False,0.056
2026-09-03 12:05:00,False,NORMAL,NORMAL,0.716,None,Normal operational routine,Nominal sensor operation within physical and statistical bounds,False,0.284,False,0.019
2026-09-03 12:10:00,False,NORMAL,NORMAL,0.854,None,Normal operational routine,Nominal sensor operation within physical and statistical bounds,False,0.146,False,0.024
2026-09-03 12:15:00,False,NORMAL,NORMAL,0.892,None,Normal operational routine,Nominal sensor operation within physical and statistical bounds,False,0.108,False,0.02
2026-09-03 12:20:00,False,NORMAL,NORMAL,0.858,None,Normal operational routine,Nominal sensor operation within physical and statistical bounds,False,0.142,False,0.093
2026-09-03 12:25:00,False,NORMAL,NORMAL,0.827,None,Normal operational routine,Nominal sensor operation within physical and statistical bounds,False,0.173,False,0.02
2026-09-03 12:30:00,False,NORMAL,NORMAL,0.843,None,Normal operational routine,Nominal sensor operation within physical and statistical bounds,False,0.157,False,0.033
2026-09-03 12:35:00,False,NORMAL,NORMAL,0.841,None,Normal operational routine,Nominal sensor operation within physical and statistical bounds,False,0.159,False,0.023
2026-09-03 12:40:00,False,NORMAL,NORMAL,0.846,None,Normal operational routine,Nominal sensor operation within physical and statistical bounds,False,0.154,False,0.027
2026-09-03 12:45:00,False,NORMAL,NORMAL,0.67,None,Normal operational routine,Nominal sensor operation within physical and statistical bounds,False,0.33,False,0.052
2026-09-03 12:50:00,False,NORMAL,NORMAL,0.783,None,Normal operational routine,Nominal sensor operation within physical and statistical bounds,False,0.217,False,0.054
2026-09-03 12:55:00,False,NORMAL,NORMAL,0.759,None,Normal operational routine,Nominal sensor operation within physical and statistical bounds,False,0.241,False,0.03
2026-09-03 13:00:00,False,NORMAL,NORMAL,0.695,None,Normal operational routine,Nominal sensor operation within physical and statistical bounds,False,0.305,False,0.15
2026-09-03 13:05:00,False,NORMAL,NORMAL,0.8,None,Normal operational routine,Nominal sensor operation within physical and statistical bounds,False,0.2,False,0.031
2026-09-03 13:10:00,False,NORMAL,NORMAL,0.823,None,Normal operational routine,Nominal sensor operation within physical and statistical bounds,False,0.177,False,0.057
2026-09-03 13:15:00,False,NORMAL,NORMAL,0.701,None,Normal operational routine,Nominal sensor operation within physical and statistical bounds,False,0.299,False,0.148
2026-09-03 13:20:00,False,NORMAL,NORMAL,0.811,None,Normal operational routine,Nominal sensor operation within physical and statistical bounds,False,0.189,False,0.024
2026-09-03 13:25:00,False,NORMAL,NORMAL,0.892,None,Normal operational routine,Nominal sensor operation within physical and statistical bounds,False,0.108,False,0.023
2026-09-03 13:30:00,False,NORMAL,NORMAL,0.844,None,Normal operational routine,Nominal sensor operation within physical and statistical bounds,False,0.156,False,0.031
2026-09-03 13:35:00,False,NORMAL,NORMAL,0.791,None,Normal operational routine,Nominal sensor operation within physical and statistical bounds,False,0.209,False,0.022
2026-09-03 13:40:00,False,NORMAL,NORMAL,0.874,None,Normal operational routine,Nominal sensor operation within physical and statistical bounds,False,0.126,False,0.022
2026-09-03 13:45:00,False,NORMAL,NORMAL,0.848,None,Normal operational routine,Nominal sensor operation within physical and statistical bounds,False,0.152,False,0.028
2026-09-03 13:50:00,True,TEMPORAL_SEQUENCE_DISTORTION,WARNING,1.0,wind_speed,Inspect time-series trajectory of wind_speed; check for sudden rate-of-change distortion or sensor drift,LSTM Autoencoder reconstruction error exceeded 3-sigma baseline,False,0.47,True,1.0
2026-09-03 13:55:00,False,NORMAL,NORMAL,0.656,None,Normal operational routine,Nominal sensor operation within physical and statistical bounds,False,0.344,False,0.096
2026-09-03 14:00:00,False,NORMAL,NORMAL,0.85,None,Normal operational routine,Nominal sensor operation within physical and statistical bounds,False,0.15,False,0.021
2026-09-03 14:05:00,False,NORMAL,NORMAL,0.734,None,Normal operational routine,Nominal sensor operation within physical and statistical bounds,False,0.266,False,0.102
2026-09-03 14:10:00,False,NORMAL,NORMAL,0.755,None,Normal operational routine,Nominal sensor operation within physical and statistical bounds,False,0.245,False,0.023
2026-09-03 14:15:00,False,NORMAL,NORMAL,0.68,None,Normal operational routine,Nominal sensor operation within physical and statistical bounds,False,0.32,False,0.077
2026-09-03 14:20:00,False,NORMAL,NORMAL,0.835,None,Normal operational routine,Nominal sensor operation within physical and statistical bounds,False,0.165,False,0.038
2026-09-03 14:25:00,False,NORMAL,NORMAL,0.824,None,Normal operational routine,Nominal sensor operation within physical and statistical bounds,False,0.176,False,0.025
2026-09-03 14:30:00,False,NORMAL,NORMAL,0.85,None,Normal operational routine,Nominal sensor operation within physical and statistical bounds,False,0.15,False,0.025
2026-09-03 14:35:00,False,NORMAL,NORMAL,0.552,None,Normal operational routine,Nominal sensor operation within physical and statistical bounds,False,0.239,False,0.448
2026-09-03 14:40:00,False,NORMAL,NORMAL,0.58,None,Normal operational routine,Nominal sensor operation within physical and statistical bounds,False,0.42,False,0.037
2026-09-03 14:45:00,False,NORMAL,NORMAL,0.805,None,Normal operational routine,Nominal sensor operation within physical and statistical bounds,False,0.195,False,0.106
2026-09-03 14:50:00,False,NORMAL,NORMAL,0.817,None,Normal operational routine,Nominal sensor operation within physical and statistical bounds,False,0.183,False,0.023
2026-09-03 14:55:00,False,NORMAL,NORMAL,0.817,None,Normal operational routine,Nominal sensor operation within physical and statistical bounds,False,0.183,False,0.035
2026-09-03 15:00:00,False,NORMAL,NORMAL,0.663,None,Normal operational routine,Nominal sensor operation within physical and statistical bounds,False,0.337,False,0.069
2026-09-03 15:05:00,False,NORMAL,NORMAL,0.778,None,Normal operational routine,Nominal sensor operation within physical and statistical bounds,False,0.222,False,0.044
2026-09-03 15:10:00,False,NORMAL,NORMAL,0.843,None,Normal operational routine,Nominal sensor operation within physical and statistical bounds,False,0.157,False,0.024
2026-09-03 15:15:00,False,NORMAL,NORMAL,0.828,None,Normal operational routine,Nominal sensor operation within physical and statistical bounds,False,0.172,False,0.019
2026-09-03 15:20:00,False,NORMAL,NORMAL,0.868,None,Normal operational routine,Nominal sensor operation within physical and statistical bounds,False,0.132,False,0.023
2026-09-03 15:25:00,False,NORMAL,NORMAL,0.459,None,Normal operational routine,Nominal sensor operation within physical and statistical bounds,False,0.19,False,0.541
2026-09-03 15:30:00,True,TEMPORAL_SEQUENCE_DISTORTION,WARNING,0.971,wind_speed,Inspect time-series trajectory of wind_speed; check for sudden rate-of-change distortion or sensor drift,LSTM Autoencoder reconstruction error exceeded 3-sigma baseline,False,0.406,True,0.971
2026-09-03 15:35:00,False,NORMAL,NORMAL,0.725,None,Normal operational routine,Nominal sensor operation within physical and statistical bounds,False,0.275,False,0.043
2026-09-03 15:40:00,False,NORMAL,NORMAL,0.845,None,Normal operational routine,Nominal sensor operation within physical and statistical bounds,False,0.155,False,0.02
2026-09-03 15:45:00,False,NORMAL,NORMAL,0.826,None,Normal operational routine,Nominal sensor operation within physical and statistical bounds,False,0.174,False,0.11
2026-09-03 15:50:00,False,NORMAL,NORMAL,0.648,None,Normal operational routine,Nominal sensor operation within physical and statistical bounds,False,0.352,False,0.036
2026-09-03 15:55:00,False,NORMAL,NORMAL,0.873,None,Normal operational routine,Nominal sensor operation within physical and statistical bounds,False,0.127,False,0.037
2026-09-03 16:00:00,False,NORMAL,NORMAL,0.861,None,Normal operational routine,Nominal sensor operation within physical and statistical bounds,False,0.139,False,0.069
2026-09-03 16:05:00,False,NORMAL,NORMAL,0.652,None,Normal operational routine,Nominal sensor operation within physical and statistical bounds,False,0.348,False,0.348
2026-09-03 16:10:00,False,NORMAL,NORMAL,0.639,None,Normal operational routine,Nominal sensor operation within physical and statistical bounds,False,0.361,False,0.024
2026-09-03 16:15:00,False,NORMAL,NORMAL,0.709,None,Normal operational routine,Nominal sensor operation within physical and statistical bounds,False,0.291,False,0.067
2026-09-03 16:20:00,False,NORMAL,NORMAL,0.844,None,Normal operational routine,Nominal sensor operation within physical and statistical bounds,False,0.156,False,0.028
2026-09-03 16:25:00,False,NORMAL,NORMAL,0.847,None,Normal operational routine,Nominal sensor operation within physical and statistical bounds,False,0.153,False,0.037
2026-09-03 16:30:00,False,NORMAL,NORMAL,0.877,None,Normal operational routine,Nominal sensor operation within physical and statistical bounds,False,0.123,False,0.027
2026-09-03 16:35:00,False,NORMAL,NORMAL,0.83,None,Normal operational routine,Nominal sensor operation within physical and statistical bounds,False,0.17,False,0.099
2026-09-03 16:40:00,False,NORMAL,NORMAL,0.792,None,Normal operational routine,Nominal sensor operation within physical and statistical bounds,False,0.208,False,0.022
2026-09-03 16:45:00,False,NORMAL,NORMAL,0.787,None,Normal operational routine,Nominal sensor operation within physical and statistical bounds,False,0.213,False,0.108
2026-09-03 16:50:00,False,NORMAL,NORMAL,0.882,None,Normal operational routine,Nominal sensor operation within physical and statistical bounds,False,0.118,False,0.032
2026-09-03 16:55:00,False,NORMAL,NORMAL,0.84,None,Normal operational routine,Nominal sensor operation within physical and statistical bounds,False,0.16,False,0.027
2026-09-03 17:00:00,False,NORMAL,NORMAL,0.779,None,Normal operational routine,Nominal sensor operation within physical and statistical bounds,False,0.221,False,0.026
2026-09-03 17:05:00,False,NORMAL,NORMAL,0.779,None,Normal operational routine,Nominal sensor operation within physical and statistical bounds,False,0.221,False,0.022
2026-09-03 17:10:00,False,NORMAL,NORMAL,0.791,None,Normal operational routine,Nominal sensor operation within physical and statistical bounds,False,0.209,False,0.047
2026-09-03 17:15:00,False,NORMAL,NORMAL,0.551,None,Normal operational routine,Nominal sensor operation within physical and statistical bounds,False,0.449,False,0.081
2026-09-03 17:20:00,False,NORMAL,NORMAL,0.795,None,Normal operational routine,Nominal sensor operation within physical and statistical bounds,False,0.205,False,0.023
2026-09-03 17:25:00,False,NORMAL,NORMAL,0.825,None,Normal operational routine,Nominal sensor operation within physical and statistical bounds,False,0.175,False,0.077
2026-09-03 17:30:00,False,NORMAL,NORMAL,0.506,None,Normal operational routine,Nominal sensor operation within physical and statistical bounds,False,0.288,False,0.494
2026-09-03 17:35:00,False,NORMAL,NORMAL,0.756,None,Normal operational routine,Nominal sensor operation within physical and statistical bounds,False,0.238,False,0.244
2026-09-03 17:40:00,False,NORMAL,NORMAL,0.819,None,Normal operational routine,Nominal sensor operation within physical and statistical bounds,False,0.181,False,0.083
2026-09-03 17:45:00,False,NORMAL,NORMAL,0.588,None,Normal operational routine,Nominal sensor operation within physical and statistical bounds,False,0.227,False,0.412
2026-09-03 17:50:00,False,NORMAL,NORMAL,0.838,None,Normal operational routine,Nominal sensor operation within physical and statistical bounds,False,0.162,False,0.036
2026-09-03 17:55:00,False,NORMAL,NORMAL,0.876,None,Normal operational routine,Nominal sensor operation within physical and statistical bounds,False,0.124,False,0.026
2026-09-03 18:00:00,False,NORMAL,NORMAL,0.818,None,Normal operational routine,Nominal sensor operation within physical and statistical bounds,False,0.182,False,0.03
2026-09-03 18:05:00,False,NORMAL,NORMAL,0.854,None,Normal operational routine,Nominal sensor operation within physical and statistical bounds,False,0.146,False,0.043
2026-09-03 18:10:00,False,NORMAL,NORMAL,0.846,None,Normal operational routine,Nominal sensor operation within physical and statistical bounds,False,0.154,False,0.024
2026-09-03 18:15:00,False,NORMAL,NORMAL,0.836,None,Normal operational routine,Nominal sensor operation within physical and statistical bounds,False,0.164,False,0.026
2026-09-03 18:20:00,False,NORMAL,NORMAL,0.678,None,Normal operational routine,Nominal sensor operation within physical and statistical bounds,False,0.322,False,0.033
2026-09-03 18:25:00,False,NORMAL,NORMAL,0.651,None,Normal operational routine,Nominal sensor operation within physical and statistical bounds,False,0.349,False,0.029
2026-09-03 18:30:00,False,NORMAL,NORMAL,0.738,None,Normal operational routine,Nominal sensor operation within physical and statistical bounds,False,0.262,False,0.054
2026-09-03 18:35:00,False,NORMAL,NORMAL,0.783,None,Normal operational routine,Nominal sensor operation within physical and statistical bounds,False,0.217,False,0.024
2026-09-03 18:40:00,False,NORMAL,NORMAL,0.726,None,Normal operational routine,Nominal sensor operation within physical and statistical bounds,False,0.274,False,0.138
2026-09-03 18:45:00,False,NORMAL,NORMAL,0.836,None,Normal operational routine,Nominal sensor operation within physical and statistical bounds,False,0.164,False,0.022
2026-09-03 18:50:00,False,NORMAL,NORMAL,0.854,None,Normal operational routine,Nominal sensor operation within physical and statistical bounds,False,0.146,False,0.029
2026-09-03 18:55:00,False,NORMAL,NORMAL,0.876,None,Normal operational routine,Nominal sensor operation within physical and statistical bounds,False,0.124,False,0.023
2026-09-03 19:00:00,False,NORMAL,NORMAL,0.842,None,Normal operational routine,Nominal sensor operation within physical and statistical bounds,False,0.158,False,0.022
2026-09-03 19:05:00,False,NORMAL,NORMAL,0.804,None,Normal operational routine,Nominal sensor operation within physical and statistical bounds,False,0.196,False,0.116
2026-09-03 19:10:00,True,TEMPORAL_SEQUENCE_DISTORTION,WARNING,0.94,wind_speed,Inspect time-series trajectory of wind_speed; check for sudden rate-of-change distortion or sensor drift,LSTM Autoencoder reconstruction error exceeded 3-sigma baseline,False,0.354,True,0.94
2026-09-03 19:15:00,False,NORMAL,NORMAL,0.794,None,Normal operational routine,Nominal sensor operation within physical and statistical bounds,False,0.206,False,0.022
2026-09-03 19:20:00,False,NORMAL,NORMAL,0.814,None,Normal operational routine,Nominal sensor operation within physical and statistical bounds,False,0.186,False,0.02
2026-09-03 19:25:00,False,NORMAL,NORMAL,0.671,None,Normal operational routine,Nominal sensor operation within physical and statistical bounds,False,0.329,False,0.028
2026-09-03 19:30:00,False,NORMAL,NORMAL,0.834,None,Normal operational routine,Nominal sensor operation within physical and statistical bounds,False,0.166,False,0.021
2026-09-03 19:35:00,False,NORMAL,NORMAL,0.794,None,Normal operational routine,Nominal sensor operation within physical and statistical bounds,False,0.206,False,0.083
2026-09-03 19:40:00,False,NORMAL,NORMAL,0.779,None,Normal operational routine,Nominal sensor operation within physical and statistical bounds,False,0.221,False,0.02
2026-09-03 19:45:00,False,NORMAL,NORMAL,0.783,None,Normal operational routine,Nominal sensor operation within physical and statistical bounds,False,0.217,False,0.039
2026-09-03 19:50:00,False,NORMAL,NORMAL,0.68,None,Normal operational routine,Nominal sensor operation within physical and statistical bounds,False,0.32,False,0.023
2026-09-03 19:55:00,False,NORMAL,NORMAL,0.687,None,Normal operational routine,Nominal sensor operation within physical and statistical bounds,False,0.313,False,0.059
2026-09-03 20:00:00,False,NORMAL,NORMAL,0.619,None,Normal operational routine,Nominal sensor operation within physical and statistical bounds,False,0.381,False,0.021
2026-09-03 20:05:00,False,NORMAL,NORMAL,0.717,None,Normal operational routine,Nominal sensor operation within physical and statistical bounds,False,0.198,False,0.283
2026-09-03 20:10:00,False,NORMAL,NORMAL,0.661,None,Normal operational routine,Nominal sensor operation within physical and statistical bounds,False,0.339,False,0.029
2026-09-03 20:15:00,False,NORMAL,NORMAL,0.793,None,Normal operational routine,Nominal sensor operation within physical and statistical bounds,False,0.207,False,0.032
2026-09-03 20:20:00,False,NORMAL,NORMAL,0.76,None,Normal operational routine,Nominal sensor operation within physical and statistical bounds,False,0.24,False,0.062
2026-09-03 20:25:00,False,NORMAL,NORMAL,0.742,None,Normal operational routine,Nominal sensor operation within physical and statistical bounds,False,0.258,False,0.056
2026-09-03 20:30:00,False,NORMAL,NORMAL,0.828,None,Normal operational routine,Nominal sensor operation within physical and statistical bounds,False,0.172,False,0.031
2026-09-03 20:35:00,False,NORMAL,NORMAL,0.551,None,Normal operational routine,Nominal sensor operation within physical and statistical bounds,False,0.449,False,0.025
2026-09-03 20:40:00,False,NORMAL,NORMAL,0.715,None,Normal operational routine,Nominal sensor operation within physical and statistical bounds,False,0.285,False,0.028
2026-09-03 20:45:00,False,NORMAL,NORMAL,0.778,None,Normal operational routine,Nominal sensor operation within physical and statistical bounds,False,0.222,False,0.034
2026-09-03 20:50:00,False,NORMAL,NORMAL,0.875,None,Normal operational routine,Nominal sensor operation within physical and statistical bounds,False,0.125,False,0.026
2026-09-03 20:55:00,False,NORMAL,NORMAL,0.641,None,Normal operational routine,Nominal sensor operation within physical and statistical bounds,False,0.359,False,0.027
2026-09-03 21:00:00,False,NORMAL,NORMAL,0.822,None,Normal operational routine,Nominal sensor operation within physical and statistical bounds,False,0.178,False,0.042
2026-09-03 21:05:00,False,NORMAL,NORMAL,0.858,None,Normal operational routine,Nominal sensor operation within physical and statistical bounds,False,0.142,False,0.038
2026-09-03 21:10:00,False,NORMAL,NORMAL,0.852,None,Normal operational routine,Nominal sensor operation within physical and statistical bounds,False,0.148,False,0.023
2026-09-03 21:15:00,False,NORMAL,NORMAL,0.785,None,Normal operational routine,Nominal sensor operation within physical and statistical bounds,False,0.215,False,0.105
2026-09-03 21:20:00,False,NORMAL,NORMAL,0.822,None,Normal operational routine,Nominal sensor operation within physical and statistical bounds,False,0.178,False,0.031
2026-09-03 21:25:00,False,NORMAL,NORMAL,0.589,None,Normal operational routine,Nominal sensor operation within physical and statistical bounds,False,0.293,False,0.411
2026-09-03 21:30:00,False,NORMAL,NORMAL,0.82,None,Normal operational routine,Nominal sensor operation within physical and statistical bounds,False,0.18,False,0.03
2026-09-03 21:35:00,False,NORMAL,NORMAL,0.831,None,Normal operational routine,Nominal sensor operation within physical and statistical bounds,False,0.169,False,0.025
2026-09-03 21:40:00,False,NORMAL,NORMAL,0.783,None,Normal operational routine,Nominal sensor operation within physical and statistical bounds,False,0.217,False,0.042
2026-09-03 21:45:00,False,NORMAL,NORMAL,0.709,None,Normal operational routine,Nominal sensor operation within physical and statistical bounds,False,0.291,False,0.203
2026-09-03 21:50:00,False,NORMAL,NORMAL,0.694,None,Normal operational routine,Nominal sensor operation within physical and statistical bounds,False,0.306,False,0.079
2026-09-03 21:55:00,False,NORMAL,NORMAL,0.848,None,Normal operational routine,Nominal sensor operation within physical and statistical bounds,False,0.152,False,0.02
2026-09-03 22:00:00,False,NORMAL,NORMAL,0.87,None,Normal operational routine,Nominal sensor operation within physical and statistical bounds,False,0.13,False,0.025
2026-09-03 22:05:00,False,NORMAL,NORMAL,0.869,None,Normal operational routine,Nominal sensor operation within physical and statistical bounds,False,0.131,False,0.022
2026-09-03 22:10:00,False,NORMAL,NORMAL,0.856,None,Normal operational routine,Nominal sensor operation within physical and statistical bounds,False,0.144,False,0.031
2026-09-03 22:15:00,False,NORMAL,NORMAL,0.33,None,Normal operational routine,Nominal sensor operation within physical and statistical bounds,False,0.264,False,0.67
2026-09-03 22:20:00,False,NORMAL,NORMAL,0.774,None,Normal operational routine,Nominal sensor operation within physical and statistical bounds,False,0.226,False,0.032
2026-09-03 22:25:00,False,NORMAL,NORMAL,0.682,None,Normal operational routine,Nominal sensor operation within physical and statistical bounds,False,0.318,False,0.054
2026-09-03 22:30:00,False,NORMAL,NORMAL,0.774,None,Normal operational routine,Nominal sensor operation within physical and statistical bounds,False,0.226,False,0.02
2026-09-03 22:35:00,False,NORMAL,NORMAL,0.855,None,Normal operational routine,Nominal sensor operation within physical and statistical bounds,False,0.145,False,0.021
2026-09-03 22:40:00,True,TEMPORAL_SEQUENCE_DISTORTION,WARNING,0.999,wind_speed,Inspect time-series trajectory of wind_speed; check for sudden rate-of-change distortion or sensor drift,LSTM Autoencoder reconstruction error exceeded 3-sigma baseline,False,0.322,True,0.999
2026-09-03 22:45:00,False,NORMAL,NORMAL,0.627,None,Normal operational routine,Nominal sensor operation within physical and statistical bounds,False,0.373,False,0.043
2026-09-03 22:50:00,False,NORMAL,NORMAL,0.833,None,Normal operational routine,Nominal sensor operation within physical and statistical bounds,False,0.167,False,0.027
2026-09-03 22:55:00,False,NORMAL,NORMAL,0.839,None,Normal operational routine,Nominal sensor operation within physical and statistical bounds,False,0.161,False,0.041
2026-09-03 23:00:00,False,NORMAL,NORMAL,0.869,None,Normal operational routine,Nominal sensor operation within physical and statistical bounds,False,0.131,False,0.022
2026-09-03 23:05:00,False,NORMAL,NORMAL,0.785,None,Normal operational routine,Nominal sensor operation within physical and statistical bounds,False,0.215,False,0.034
2026-09-03 23:10:00,False,NORMAL,NORMAL,0.749,None,Normal operational routine,Nominal sensor operation within physical and statistical bounds,False,0.251,False,0.065
2026-09-03 23:15:00,False,NORMAL,NORMAL,0.853,None,Normal operational routine,Nominal sensor operation within physical and statistical bounds,False,0.147,False,0.023
2026-09-03 23:20:00,False,NORMAL,NORMAL,0.84,None,Normal operational routine,Nominal sensor operation within physical and statistical bounds,False,0.16,False,0.037
2026-09-03 23:25:00,False,NORMAL,NORMAL,0.848,None,Normal operational routine,Nominal sensor operation within physical and statistical bounds,False,0.152,False,0.021
2026-09-03 23:30:00,False,NORMAL,NORMAL,0.814,None,Normal operational routine,Nominal sensor operation within physical and statistical bounds,False,0.186,False,0.02
2026-09-03 23:35:00,False,NORMAL,NORMAL,0.835,None,Normal operational routine,Nominal sensor operation within physical and statistical bounds,False,0.165,False,0.02
2026-09-03 23:40:00,True,TEMPORAL_SEQUENCE_DISTORTION,WARNING,0.848,wind_speed,Inspect time-series trajectory of wind_speed; check for sudden rate-of-change distortion or sensor drift,LSTM Autoencoder reconstruction error exceeded 3-sigma baseline,False,0.304,True,0.848
2026-09-03 23:45:00,False,NORMAL,NORMAL,0.805,None,Normal operational routine,Nominal sensor operation within physical and statistical bounds,False,0.195,False,0.113
2026-09-03 23:50:00,False,NORMAL,NORMAL,0.806,None,Normal operational routine,Nominal sensor operation within physical and statistical bounds,False,0.194,False,0.023
2026-09-03 23:55:00,False,NORMAL,NORMAL,0.774,None,Normal operational routine,Nominal sensor operation within physical and statistical bounds,False,0.226,False,0.028
2026-09-04 00:00:00,False,NORMAL,NORMAL,0.783,None,Normal operational routine,Nominal sensor operation within physical and statistical bounds,False,0.217,False,0.021
2026-09-04 00:05:00,False,NORMAL,NORMAL,0.812,None,Normal operational routine,Nominal sensor operation within physical and statistical bounds,False,0.188,False,0.026
2026-09-04 00:10:00,False,NORMAL,NORMAL,0.741,None,Normal operational routine,Nominal sensor operation within physical and statistical bounds,False,0.259,False,0.113
2026-09-04 00:15:00,False,NORMAL,NORMAL,0.767,None,Normal operational routine,Nominal sensor operation within physical and statistical bounds,False,0.233,False,0.023
2026-09-04 00:20:00,False,NORMAL,NORMAL,0.819,None,Normal operational routine,Nominal sensor operation within physical and statistical bounds,False,0.181,False,0.019
2026-09-04 00:25:00,False,NORMAL,NORMAL,0.822,None,Normal operational routine,Nominal sensor operation within physical and statistical bounds,False,0.178,False,0.02
2026-09-04 00:30:00,False,NORMAL,NORMAL,0.765,None,Normal operational routine,Nominal sensor operation within physical and statistical bounds,False,0.235,False,0.02
2026-09-04 00:35:00,False,NORMAL,NORMAL,0.778,None,Normal operational routine,Nominal sensor operation within physical and statistical bounds,False,0.222,False,0.116
2026-09-04 00:40:00,False,NORMAL,NORMAL,0.827,None,Normal operational routine,Nominal sensor operation within physical and statistical bounds,False,0.173,False,0.02
2026-09-04 00:45:00,False,NORMAL,NORMAL,0.752,None,Normal operational routine,Nominal sensor operation within physical and statistical bounds,False,0.248,False,0.021
2026-09-04 00:50:00,True,TEMPORAL_SEQUENCE_DISTORTION,WARNING,0.896,wind_speed,Inspect time-series trajectory of wind_speed; check for sudden rate-of-change distortion or sensor drift,LSTM Autoencoder reconstruction error exceeded 3-sigma baseline,False,0.391,True,0.896
2026-09-04 00:55:00,False,NORMAL,NORMAL,0.702,None,Normal operational routine,Nominal sensor operation within physical and statistical bounds,False,0.298,False,0.021
2026-09-04 01:00:00,False,NORMAL,NORMAL,0.788,None,Normal operational routine,Nominal sensor operation within physical and statistical bounds,False,0.212,False,0.022
2026-09-04 01:05:00,False,NORMAL,NORMAL,0.799,None,Normal operational routine,Nominal sensor operation within physical and statistical bounds,False,0.201,False,0.02
2026-09-04 01:10:00,False,NORMAL,NORMAL,0.8,None,Normal operational routine,Nominal sensor operation within physical and statistical bounds,False,0.2,False,0.023
2026-09-04 01:15:00,False,NORMAL,NORMAL,0.749,None,Normal operational routine,Nominal sensor operation within physical and statistical bounds,False,0.251,False,0.02
2026-09-04 01:20:00,False,NORMAL,NORMAL,0.499,None,Normal operational routine,Nominal sensor operation within physical and statistical bounds,True,0.501,False,0.058
2026-09-04 01:25:00,True,TEMPORAL_MULTIVARIATE_ANOMALY,CRITICAL,0.883,wind_speed,Deep inspection required: Temporal pattern and multi-sensor correlation deviation in wind_speed,Dual ML model consensus: Temporal sequence reconstruction error (LSTM) and multi-variate feature isolation (IForest) flagged anomalous pattern,True,0.793,True,0.974
2026-09-04 01:30:00,False,NORMAL,NORMAL,0.393,None,Normal operational routine,Nominal sensor operation within physical and statistical bounds,True,0.607,False,0.035
2026-09-04 01:35:00,False,NORMAL,NORMAL,0.603,None,Normal operational routine,Nominal sensor operation within physical and statistical bounds,False,0.397,False,0.25
2026-09-04 01:40:00,False,NORMAL,NORMAL,0.728,None,Normal operational routine,Nominal sensor operation within physical and statistical bounds,False,0.272,False,0.117
2026-09-04 01:45:00,False,NORMAL,NORMAL,0.69,None,Normal operational routine,Nominal sensor operation within physical and statistical bounds,False,0.31,False,0.142
2026-09-04 01:50:00,False,NORMAL,NORMAL,0.604,None,Normal operational routine,Nominal sensor operation within physical and statistical bounds,False,0.396,False,0.055
2026-09-04 01:55:00,False,NORMAL,NORMAL,0.622,None,Normal operational routine,Nominal sensor operation within physical and statistical bounds,False,0.378,False,0.161
2026-09-04 02:00:00,False,NORMAL,NORMAL,0.678,None,Normal operational routine,Nominal sensor operation within physical and statistical bounds,False,0.322,False,0.022
2026-09-04 02:05:00,False,NORMAL,NORMAL,0.708,None,Normal operational routine,Nominal sensor operation within physical and statistical bounds,False,0.292,False,0.045
2026-09-04 02:10:00,False,NORMAL,NORMAL,0.632,None,Normal operational routine,Nominal sensor operation within physical and statistical bounds,False,0.368,False,0.151
2026-09-04 02:15:00,False,NORMAL,NORMAL,0.654,None,Normal operational routine,Nominal sensor operation within physical and statistical bounds,False,0.346,False,0.041
2026-09-04 02:20:00,False,NORMAL,NORMAL,0.66,None,Normal operational routine,Nominal sensor operation within physical and statistical bounds,False,0.34,False,0.035
2026-09-04 02:25:00,False,NORMAL,NORMAL,0.725,None,Normal operational routine,Nominal sensor operation within physical and statistical bounds,False,0.275,False,0.02
2026-09-04 02:30:00,False,NORMAL,NORMAL,0.761,None,Normal operational routine,Nominal sensor operation within physical and statistical bounds,False,0.239,False,0.027
2026-09-04 02:35:00,False,NORMAL,NORMAL,0.734,None,Normal operational routine,Nominal sensor operation within physical and statistical bounds,False,0.266,False,0.037
2026-09-04 02:40:00,False,NORMAL,NORMAL,0.804,None,Normal operational routine,Nominal sensor operation within physical and statistical bounds,False,0.196,False,0.021
2026-09-04 02:45:00,False,NORMAL,NORMAL,0.702,None,Normal operational routine,Nominal sensor operation within physical and statistical bounds,False,0.298,False,0.075
2026-09-04 02:50:00,False,NORMAL,NORMAL,0.74,None,Normal operational routine,Nominal sensor operation within physical and statistical bounds,False,0.26,False,0.028
2026-09-04 02:55:00,False,NORMAL,NORMAL,0.55,None,Normal operational routine,Nominal sensor operation within physical and statistical bounds,False,0.45,False,0.061
2026-09-04 03:00:00,False,NORMAL,NORMAL,0.683,None,Normal operational routine,Nominal sensor operation within physical and statistical bounds,False,0.317,False,0.047
2026-09-04 03:05:00,False,NORMAL,NORMAL,0.724,None,Normal operational routine,Nominal sensor operation within physical and statistical bounds,False,0.276,False,0.023
2026-09-04 03:10:00,True,TEMPORAL_SEQUENCE_DISTORTION,WARNING,0.897,wind_speed,Inspect time-series trajectory of wind_speed; check for sudden rate-of-change distortion or sensor drift,LSTM Autoencoder reconstruction error exceeded 3-sigma baseline,False,0.397,True,0.897
2026-09-04 03:15:00,False,NORMAL,NORMAL,0.697,None,Normal operational routine,Nominal sensor operation within physical and statistical bounds,False,0.303,False,0.023
2026-09-04 03:20:00,False,NORMAL,NORMAL,0.726,None,Normal operational routine,Nominal sensor operation within physical and statistical bounds,False,0.274,False,0.109
2026-09-04 03:25:00,False,NORMAL,NORMAL,0.746,None,Normal operational routine,Nominal sensor operation within physical and statistical bounds,False,0.254,False,0.02
2026-09-04 03:30:00,False,NORMAL,NORMAL,0.741,None,Normal operational routine,Nominal sensor operation within physical and statistical bounds,False,0.259,False,0.077
2026-09-04 03:35:00,True,THERMODYNAMIC_VIOLATION (THERMO_RH_OUT_OF_BOUNDS),CRITICAL,0.97,humidity,Recalibrate or replace capacitive humidity sensor element; inspect for condensation or saline coating,"Relative Humidity (-12.0%) is outside physical limits [0%, 105%]",True,0.681,True,1.0
2026-09-04 03:40:00,False,NORMAL,NORMAL,0.685,None,Normal operational routine,Nominal sensor operation within physical and statistical bounds,False,0.315,False,0.046
2026-09-04 03:45:00,False,NORMAL,NORMAL,0.524,None,Normal operational routine,Nominal sensor operation within physical and statistical bounds,False,0.262,False,0.476
2026-09-04 03:50:00,False,NORMAL,NORMAL,0.75,None,Normal operational routine,Nominal sensor operation within physical and statistical bounds,False,0.25,False,0.04
2026-09-04 03:55:00,False,NORMAL,NORMAL,0.72,None,Normal operational routine,Nominal sensor operation within physical and statistical bounds,False,0.28,False,0.036
2026-09-04 04:00:00,False,NORMAL,NORMAL,0.72,None,Normal operational routine,Nominal sensor operation within physical and statistical bounds,False,0.28,False,0.026
2026-09-04 04:05:00,False,NORMAL,NORMAL,0.744,None,Normal operational routine,Nominal sensor operation within physical and statistical bounds,False,0.256,False,0.028
2026-09-04 04:10:00,False,NORMAL,NORMAL,0.713,None,Normal operational routine,Nominal sensor operation within physical and statistical bounds,False,0.287,False,0.121
2026-09-04 04:15:00,False,NORMAL,NORMAL,0.733,None,Normal operational routine,Nominal sensor operation within physical and statistical bounds,False,0.267,False,0.044
2026-09-04 04:20:00,False,NORMAL,NORMAL,0.815,None,Normal operational routine,Nominal sensor operation within physical and statistical bounds,False,0.185,False,0.02
2026-09-04 04:25:00,False,NORMAL,NORMAL,0.781,None,Normal operational routine,Nominal sensor operation within physical and statistical bounds,False,0.219,False,0.109
2026-09-04 04:30:00,False,NORMAL,NORMAL,0.761,None,Normal operational routine,Nominal sensor operation within physical and statistical bounds,False,0.239,False,0.05
2026-09-04 04:35:00,False,NORMAL,NORMAL,0.78,None,Normal operational routine,Nominal sensor operation within physical and statistical bounds,False,0.22,False,0.022
2026-09-04 04:40:00,False,NORMAL,NORMAL,0.853,None,Normal operational routine,Nominal sensor operation within physical and statistical bounds,False,0.147,False,0.069
2026-09-04 04:45:00,False,NORMAL,NORMAL,0.822,None,Normal operational routine,Nominal sensor operation within physical and statistical bounds,False,0.166,False,0.178
2026-09-04 04:50:00,False,NORMAL,NORMAL,0.861,None,Normal operational routine,Nominal sensor operation within physical and statistical bounds,False,0.139,False,0.02
2026-09-04 04:55:00,False,NORMAL,NORMAL,0.833,None,Normal operational routine,Nominal sensor operation within physical and statistical bounds,False,0.167,False,0.021
2026-09-04 05:00:00,False,NORMAL,NORMAL,0.758,None,Normal operational routine,Nominal sensor operation within physical and statistical bounds,False,0.242,False,0.036
2026-09-04 05:05:00,False,NORMAL,NORMAL,0.839,None,Normal operational routine,Nominal sensor operation within physical and statistical bounds,False,0.161,False,0.03
2026-09-04 05:10:00,False,NORMAL,NORMAL,0.867,None,Normal operational routine,Nominal sensor operation within physical and statistical bounds,False,0.133,False,0.026
2026-09-04 05:15:00,False,NORMAL,NORMAL,0.809,None,Normal operational routine,Nominal sensor operation within physical and statistical bounds,False,0.191,False,0.051
2026-09-04 05:20:00,False,NORMAL,NORMAL,0.517,None,Normal operational routine,Nominal sensor operation within physical and statistical bounds,False,0.483,False,0.191
2026-09-04 05:25:00,False,NORMAL,NORMAL,0.791,None,Normal operational routine,Nominal sensor operation within physical and statistical bounds,False,0.209,False,0.067
2026-09-04 05:30:00,False,NORMAL,NORMAL,0.816,None,Normal operational routine,Nominal sensor operation within physical and statistical bounds,False,0.184,False,0.038
2026-09-04 05:35:00,False,NORMAL,NORMAL,0.795,None,Normal operational routine,Nominal sensor operation within physical and statistical bounds,False,0.205,False,0.043
2026-09-04 05:40:00,False,NORMAL,NORMAL,0.674,None,Normal operational routine,Nominal sensor operation within physical and statistical bounds,False,0.326,False,0.025
2026-09-04 05:45:00,False,NORMAL,NORMAL,0.751,None,Normal operational routine,Nominal sensor operation within physical and statistical bounds,False,0.249,False,0.024
2026-09-04 05:50:00,False,NORMAL,NORMAL,0.782,None,Normal operational routine,Nominal sensor operation within physical and statistical bounds,False,0.218,False,0.192
2026-09-04 05:55:00,False,NORMAL,NORMAL,0.824,None,Normal operational routine,Nominal sensor operation within physical and statistical bounds,False,0.176,False,0.025
2026-09-04 06:00:00,False,NORMAL,NORMAL,0.743,None,Normal operational routine,Nominal sensor operation within physical and statistical bounds,False,0.257,False,0.04
2026-09-04 06:05:00,False,NORMAL,NORMAL,0.87,None,Normal operational routine,Nominal sensor operation within physical and statistical bounds,False,0.13,False,0.024
2026-09-04 06:10:00,False,NORMAL,NORMAL,0.863,None,Normal operational routine,Nominal sensor operation within physical and statistical bounds,False,0.137,False,0.023
2026-09-04 06:15:00,False,NORMAL,NORMAL,0.756,None,Normal operational routine,Nominal sensor operation within physical and statistical bounds,False,0.244,False,0.046
2026-09-04 06:20:00,False,NORMAL,NORMAL,0.845,None,Normal operational routine,Nominal sensor operation within physical and statistical bounds,False,0.155,False,0.022
2026-09-04 06:25:00,False,NORMAL,NORMAL,0.861,None,Normal operational routine,Nominal sensor operation within physical and statistical bounds,False,0.139,False,0.041
2026-09-04 06:30:00,False,NORMAL,NORMAL,0.792,None,Normal operational routine,Nominal sensor operation within physical and statistical bounds,False,0.208,False,0.091
2026-09-04 06:35:00,False,NORMAL,NORMAL,0.868,None,Normal operational routine,Nominal sensor operation within physical and statistical bounds,False,0.132,False,0.021
2026-09-04 06:40:00,False,NORMAL,NORMAL,0.81,None,Normal operational routine,Nominal sensor operation within physical and statistical bounds,False,0.19,False,0.023
2026-09-04 06:45:00,False,NORMAL,NORMAL,0.83,None,Normal operational routine,Nominal sensor operation within physical and statistical bounds,False,0.17,False,0.032
2026-09-04 06:50:00,False,NORMAL,NORMAL,0.729,None,Normal operational routine,Nominal sensor operation within physical and statistical bounds,False,0.271,False,0.037
2026-09-04 06:55:00,False,NORMAL,NORMAL,0.793,None,Normal operational routine,Nominal sensor operation within physical and statistical bounds,False,0.207,False,0.023
2026-09-04 07:00:00,False,NORMAL,NORMAL,0.636,None,Normal operational routine,Nominal sensor operation within physical and statistical bounds,False,0.364,False,0.034
2026-09-04 07:05:00,False,NORMAL,NORMAL,0.763,None,Normal operational routine,Nominal sensor operation within physical and statistical bounds,False,0.237,False,0.022
2026-09-04 07:10:00,False,NORMAL,NORMAL,0.82,None,Normal operational routine,Nominal sensor operation within physical and statistical bounds,False,0.18,False,0.077
2026-09-04 07:15:00,False,NORMAL,NORMAL,0.668,None,Normal operational routine,Nominal sensor operation within physical and statistical bounds,False,0.186,False,0.332
2026-09-04 07:20:00,False,NORMAL,NORMAL,0.813,None,Normal operational routine,Nominal sensor operation within physical and statistical bounds,False,0.187,False,0.021
2026-09-04 07:25:00,False,NORMAL,NORMAL,0.872,None,Normal operational routine,Nominal sensor operation within physical and statistical bounds,False,0.128,False,0.02
2026-09-04 07:30:00,False,NORMAL,NORMAL,0.857,None,Normal operational routine,Nominal sensor operation within physical and statistical bounds,False,0.143,False,0.022
2026-09-04 07:35:00,False,NORMAL,NORMAL,0.454,None,Normal operational routine,Nominal sensor operation within physical and statistical bounds,True,0.546,False,0.258
2026-09-04 07:40:00,False,NORMAL,NORMAL,0.822,None,Normal operational routine,Nominal sensor operation within physical and statistical bounds,False,0.178,False,0.042
2026-09-04 07:45:00,False,NORMAL,NORMAL,0.764,None,Normal operational routine,Nominal sensor operation within physical and statistical bounds,False,0.236,False,0.056
2026-09-04 07:50:00,False,NORMAL,NORMAL,0.754,None,Normal operational routine,Nominal sensor operation within physical and statistical bounds,False,0.246,False,0.032
2026-09-04 07:55:00,False,NORMAL,NORMAL,0.605,None,Normal operational routine,Nominal sensor operation within physical and statistical bounds,False,0.395,False,0.21
2026-09-04 08:00:00,False,NORMAL,NORMAL,0.669,None,Normal operational routine,Nominal sensor operation within physical and statistical bounds,False,0.331,False,0.03
2026-09-04 08:05:00,False,NORMAL,NORMAL,0.751,None,Normal operational routine,Nominal sensor operation within physical and statistical bounds,False,0.249,False,0.036
2026-09-04 08:10:00,False,NORMAL,NORMAL,0.689,None,Normal operational routine,Nominal sensor operation within physical and statistical bounds,False,0.311,False,0.035
2026-09-04 08:15:00,False,NORMAL,NORMAL,0.832,None,Normal operational routine,Nominal sensor operation within physical and statistical bounds,False,0.168,False,0.019
2026-09-04 08:20:00,False,NORMAL,NORMAL,0.637,None,Normal operational routine,Nominal sensor operation within physical and statistical bounds,False,0.363,False,0.05
2026-09-04 08:25:00,False,NORMAL,NORMAL,0.66,None,Normal operational routine,Nominal sensor operation within physical and statistical bounds,False,0.34,False,0.055
2026-09-04 08:30:00,False,NORMAL,NORMAL,0.712,None,Normal operational routine,Nominal sensor operation within physical and statistical bounds,False,0.288,False,0.043
2026-09-04 08:35:00,False,NORMAL,NORMAL,0.829,None,Normal operational routine,Nominal sensor operation within physical and statistical bounds,False,0.171,False,0.02
2026-09-04 08:40:00,False,NORMAL,NORMAL,0.806,None,Normal operational routine,Nominal sensor operation within physical and statistical bounds,False,0.194,False,0.045
2026-09-04 08:45:00,False,NORMAL,NORMAL,0.865,None,Normal operational routine,Nominal sensor operation within physical and statistical bounds,False,0.135,False,0.038
2026-09-04 08:50:00,False,NORMAL,NORMAL,0.805,None,Normal operational routine,Nominal sensor operation within physical and statistical bounds,False,0.195,False,0.027
2026-09-04 08:55:00,False,NORMAL,NORMAL,0.842,None,Normal operational routine,Nominal sensor operation within physical and statistical bounds,False,0.158,False,0.021
2026-09-04 09:00:00,False,NORMAL,NORMAL,0.638,None,Normal operational routine,Nominal sensor operation within physical and statistical bounds,False,0.362,False,0.033
2026-09-04 09:05:00,False,NORMAL,NORMAL,0.746,None,Normal operational routine,Nominal sensor operation within physical and statistical bounds,False,0.254,False,0.037
2026-09-04 09:10:00,False,NORMAL,NORMAL,0.773,None,Normal operational routine,Nominal sensor operation within physical and statistical bounds,False,0.227,False,0.032
2026-09-04 09:15:00,False,NORMAL,NORMAL,0.627,None,Normal operational routine,Nominal sensor operation within physical and statistical bounds,False,0.373,False,0.029
2026-09-04 09:20:00,False,NORMAL,NORMAL,0.364,None,Normal operational routine,Nominal sensor operation within physical and statistical bounds,True,0.636,False,0.072
2026-09-04 09:25:00,False,NORMAL,NORMAL,0.661,None,Normal operational routine,Nominal sensor operation within physical and statistical bounds,False,0.339,False,0.055
2026-09-04 09:30:00,False,NORMAL,NORMAL,0.765,None,Normal operational routine,Nominal sensor operation within physical and statistical bounds,False,0.235,False,0.038
2026-09-04 09:35:00,False,NORMAL,NORMAL,0.709,None,Normal operational routine,Nominal sensor operation within physical and statistical bounds,False,0.291,False,0.115
2026-09-04 09:40:00,False,NORMAL,NORMAL,0.75,None,Normal operational routine,Nominal sensor operation within physical and statistical bounds,False,0.25,False,0.024
2026-09-04 09:45:00,False,NORMAL,NORMAL,0.724,None,Normal operational routine,Nominal sensor operation within physical and statistical bounds,False,0.276,False,0.18
2026-09-04 09:50:00,False,NORMAL,NORMAL,0.806,None,Normal operational routine,Nominal sensor operation within physical and statistical bounds,False,0.194,False,0.02
2026-09-04 09:55:00,False,NORMAL,NORMAL,0.811,None,Normal operational routine,Nominal sensor operation within physical and statistical bounds,False,0.189,False,0.028
2026-09-04 10:00:00,False,NORMAL,NORMAL,0.533,None,Normal operational routine,Nominal sensor operation within physical and statistical bounds,False,0.467,False,0.027
2026-09-04 10:05:00,False,NORMAL,NORMAL,0.708,None,Normal operational routine,Nominal sensor operation within physical and statistical bounds,False,0.292,False,0.084
2026-09-04 10:10:00,False,NORMAL,NORMAL,0.732,None,Normal operational routine,Nominal sensor operation within physical and statistical bounds,False,0.268,False,0.027
2026-09-04 10:15:00,False,NORMAL,NORMAL,0.829,None,Normal operational routine,Nominal sensor operation within physical and statistical bounds,False,0.171,False,0.035
2026-09-04 10:20:00,False,NORMAL,NORMAL,0.798,None,Normal operational routine,Nominal sensor operation within physical and statistical bounds,False,0.202,False,0.028
2026-09-04 10:25:00,True,TEMPORAL_SEQUENCE_DISTORTION,WARNING,0.903,wind_speed,Inspect time-series trajectory of wind_speed; check for sudden rate-of-change distortion or sensor drift,LSTM Autoencoder reconstruction error exceeded 3-sigma baseline,False,0.336,True,0.903
2026-09-04 10:30:00,False,NORMAL,NORMAL,0.585,None,Normal operational routine,Nominal sensor operation within physical and statistical bounds,False,0.415,False,0.044
2026-09-04 10:35:00,False,NORMAL,NORMAL,0.754,None,Normal operational routine,Nominal sensor operation within physical and statistical bounds,False,0.246,False,0.02
2026-09-04 10:40:00,False,NORMAL,NORMAL,0.676,None,Normal operational routine,Nominal sensor operation within physical and statistical bounds,False,0.324,False,0.02
2026-09-04 10:45:00,False,NORMAL,NORMAL,0.744,None,Normal operational routine,Nominal sensor operation within physical and statistical bounds,False,0.256,False,0.127
2026-09-04 10:50:00,False,NORMAL,NORMAL,0.715,None,Normal operational routine,Nominal sensor operation within physical and statistical bounds,False,0.285,False,0.025
2026-09-04 10:55:00,False,NORMAL,NORMAL,0.758,None,Normal operational routine,Nominal sensor operation within physical and statistical bounds,False,0.242,False,0.136
2026-09-04 11:00:00,False,NORMAL,NORMAL,0.687,None,Normal operational routine,Nominal sensor operation within physical and statistical bounds,False,0.313,False,0.024
2026-09-04 11:05:00,False,NORMAL,NORMAL,0.805,None,Normal operational routine,Nominal sensor operation within physical and statistical bounds,False,0.195,False,0.02
2026-09-04 11:10:00,False,NORMAL,NORMAL,0.615,None,Normal operational routine,Nominal sensor operation within physical and statistical bounds,False,0.385,False,0.021
2026-09-04 11:15:00,False,NORMAL,NORMAL,0.589,None,Normal operational routine,Nominal sensor operation within physical and statistical bounds,False,0.411,False,0.02
2026-09-04 11:20:00,False,NORMAL,NORMAL,0.669,None,Normal operational routine,Nominal sensor operation within physical and statistical bounds,False,0.331,False,0.02
2026-09-04 11:25:00,False,NORMAL,NORMAL,0.737,None,Normal operational routine,Nominal sensor operation within physical and statistical bounds,False,0.263,False,0.139
2026-09-04 11:30:00,False,NORMAL,NORMAL,0.82,None,Normal operational routine,Nominal sensor operation within physical and statistical bounds,False,0.18,False,0.027
2026-09-04 11:35:00,False,NORMAL,NORMAL,0.686,None,Normal operational routine,Nominal sensor operation within physical and statistical bounds,False,0.314,False,0.024
2026-09-04 11:40:00,False,NORMAL,NORMAL,0.69,None,Normal operational routine,Nominal sensor operation within physical and statistical bounds,False,0.31,False,0.147
2026-09-04 11:45:00,False,NORMAL,NORMAL,0.679,None,Normal operational routine,Nominal sensor operation within physical and statistical bounds,False,0.321,False,0.194
2026-09-04 11:50:00,False,NORMAL,NORMAL,0.752,None,Normal operational routine,Nominal sensor operation within physical and statistical bounds,False,0.248,False,0.059
2026-09-04 11:55:00,False,NORMAL,NORMAL,0.354,None,Normal operational routine,Nominal sensor operation within physical and statistical bounds,True,0.646,False,0.098
2026-09-04 12:00:00,False,NORMAL,NORMAL,0.607,None,Normal operational routine,Nominal sensor operation within physical and statistical bounds,False,0.393,False,0.05
2026-09-04 12:05:00,True,TEMPORAL_SEQUENCE_DISTORTION,WARNING,0.906,wind_speed,Inspect time-series trajectory of wind_speed; check for sudden rate-of-change distortion or sensor drift,LSTM Autoencoder reconstruction error exceeded 3-sigma baseline,False,0.378,True,0.906
2026-09-04 12:10:00,False,NORMAL,NORMAL,0.543,None,Normal operational routine,Nominal sensor operation within physical and statistical bounds,False,0.457,False,0.076
2026-09-04 12:15:00,False,NORMAL,NORMAL,0.589,None,Normal operational routine,Nominal sensor operation within physical and statistical bounds,False,0.411,False,0.386
2026-09-04 12:20:00,False,NORMAL,NORMAL,0.437,None,Normal operational routine,Nominal sensor operation within physical and statistical bounds,True,0.563,False,0.025
2026-09-04 12:25:00,False,NORMAL,NORMAL,0.566,None,Normal operational routine,Nominal sensor operation within physical and statistical bounds,False,0.286,False,0.434
2026-09-04 12:30:00,False,NORMAL,NORMAL,0.806,None,Normal operational routine,Nominal sensor operation within physical and statistical bounds,False,0.194,False,0.02
2026-09-04 12:35:00,False,NORMAL,NORMAL,0.704,None,Normal operational routine,Nominal sensor operation within physical and statistical bounds,False,0.296,False,0.087
2026-09-04 12:40:00,False,NORMAL,NORMAL,0.663,None,Normal operational routine,Nominal sensor operation within physical and statistical bounds,False,0.337,False,0.06
2026-09-04 12:45:00,False,NORMAL,NORMAL,0.771,None,Normal operational routine,Nominal sensor operation within physical and statistical bounds,False,0.229,False,0.042
2026-09-04 12:50:00,False,NORMAL,NORMAL,0.772,None,Normal operational routine,Nominal sensor operation within physical and statistical bounds,False,0.228,False,0.04
2026-09-04 12:55:00,False,NORMAL,NORMAL,0.758,None,Normal operational routine,Nominal sensor operation within physical and statistical bounds,False,0.242,False,0.209
2026-09-04 13:00:00,True,TEMPORAL_MULTIVARIATE_ANOMALY,WARNING,0.792,wind_speed,Deep inspection required: Temporal pattern and multi-sensor correlation deviation in wind_speed,Dual ML model consensus: Temporal sequence reconstruction error (LSTM) and multi-variate feature isolation (IForest) flagged anomalous pattern,True,0.585,True,1.0
2026-09-04 13:05:00,False,NORMAL,NORMAL,0.438,None,Normal operational routine,Nominal sensor operation within physical and statistical bounds,True,0.562,False,0.033
2026-09-04 13:10:00,False,NORMAL,NORMAL,0.674,None,Normal operational routine,Nominal sensor operation within physical and statistical bounds,False,0.326,False,0.143
2026-09-04 13:15:00,False,NORMAL,NORMAL,0.774,None,Normal operational routine,Nominal sensor operation within physical and statistical bounds,False,0.226,False,0.026
2026-09-04 13:20:00,False,NORMAL,NORMAL,0.677,None,Normal operational routine,Nominal sensor operation within physical and statistical bounds,False,0.323,False,0.111
2026-09-04 13:25:00,False,NORMAL,NORMAL,0.751,None,Normal operational routine,Nominal sensor operation within physical and statistical bounds,False,0.249,False,0.023
2026-09-04 13:30:00,False,NORMAL,NORMAL,0.435,None,Normal operational routine,Nominal sensor operation within physical and statistical bounds,False,0.344,False,0.565
2026-09-04 13:35:00,False,NORMAL,NORMAL,0.5,None,Normal operational routine,Nominal sensor operation within physical and statistical bounds,False,0.495,False,0.5
2026-09-04 13:40:00,False,NORMAL,NORMAL,0.348,None,Normal operational routine,Nominal sensor operation within physical and statistical bounds,True,0.652,False,0.187
2026-09-04 13:45:00,False,NORMAL,NORMAL,0.379,None,Normal operational routine,Nominal sensor operation within physical and statistical bounds,True,0.621,False,0.43
2026-09-04 13:50:00,False,NORMAL,NORMAL,0.614,None,Normal operational routine,Nominal sensor operation within physical and statistical bounds,False,0.386,False,0.031
2026-09-04 13:55:00,False,NORMAL,NORMAL,0.778,None,Normal operational routine,Nominal sensor operation within physical and statistical bounds,False,0.222,False,0.068
2026-09-04 14:00:00,False,NORMAL,NORMAL,0.439,None,Normal operational routine,Nominal sensor operation within physical and statistical bounds,True,0.561,False,0.117
2026-09-04 14:05:00,False,NORMAL,NORMAL,0.488,None,Normal operational routine,Nominal sensor operation within physical and statistical bounds,True,0.512,False,0.021
2026-09-04 14:10:00,False,NORMAL,NORMAL,0.507,None,Normal operational routine,Nominal sensor operation within physical and statistical bounds,False,0.493,False,0.041
2026-09-04 14:15:00,False,NORMAL,NORMAL,0.377,None,Normal operational routine,Nominal sensor operation within physical and statistical bounds,True,0.623,False,0.022
2026-09-04 14:20:00,False,NORMAL,NORMAL,0.347,None,Normal operational routine,Nominal sensor operation within physical and statistical bounds,True,0.653,False,0.038
2026-09-04 14:25:00,False,NORMAL,NORMAL,0.548,None,Normal operational routine,Nominal sensor operation within physical and statistical bounds,False,0.452,False,0.023
2026-09-04 14:30:00,False,NORMAL,NORMAL,0.745,None,Normal operational routine,Nominal sensor operation within physical and statistical bounds,False,0.255,False,0.082
2026-09-04 14:35:00,False,NORMAL,NORMAL,0.731,None,Normal operational routine,Nominal sensor operation within physical and statistical bounds,False,0.269,False,0.056
2026-09-04 14:40:00,False,NORMAL,NORMAL,0.622,None,Normal operational routine,Nominal sensor operation within physical and statistical bounds,False,0.378,False,0.04
2026-09-04 14:45:00,False,NORMAL,NORMAL,0.468,None,Normal operational routine,Nominal sensor operation within physical and statistical bounds,True,0.532,False,0.041
2026-09-04 14:50:00,False,NORMAL,NORMAL,0.64,None,Normal operational routine,Nominal sensor operation within physical and statistical bounds,False,0.36,False,0.065
2026-09-04 14:55:00,False,NORMAL,NORMAL,0.725,None,Normal operational routine,Nominal sensor operation within physical and statistical bounds,False,0.275,False,0.02
2026-09-04 15:00:00,False,NORMAL,NORMAL,0.465,None,Normal operational routine,Nominal sensor operation within physical and statistical bounds,False,0.4,False,0.535
2026-09-04 15:05:00,False,NORMAL,NORMAL,0.752,None,Normal operational routine,Nominal sensor operation within physical and statistical bounds,False,0.248,False,0.02
2026-09-04 15:10:00,False,NORMAL,NORMAL,0.796,None,Normal operational routine,Nominal sensor operation within physical and statistical bounds,False,0.204,False,0.021
2026-09-04 15:15:00,True,TEMPORAL_SEQUENCE_DISTORTION,WARNING,0.939,wind_speed,Inspect time-series trajectory of wind_speed; check for sudden rate-of-change distortion or sensor drift,LSTM Autoencoder reconstruction error exceeded 3-sigma baseline,False,0.373,True,0.939
2026-09-04 15:20:00,True,MULTIVARIATE_OUTLIER,WARNING,0.78,"temperature, pressure, humidity, wind_speed",Inspect multi-sensor correlation matrix; check for abnormal atmospheric coupling,Isolation Forest identified rare multi-dimensional feature combination,True,0.78,False,0.757
2026-09-04 15:25:00,False,NORMAL,NORMAL,0.524,None,Normal operational routine,Nominal sensor operation within physical and statistical bounds,False,0.476,False,0.397
2026-09-04 15:30:00,False,NORMAL,NORMAL,0.57,None,Normal operational routine,Nominal sensor operation within physical and statistical bounds,False,0.359,False,0.43
2026-09-04 15:35:00,False,NORMAL,NORMAL,0.706,None,Normal operational routine,Nominal sensor operation within physical and statistical bounds,False,0.294,False,0.023
2026-09-04 15:40:00,False,NORMAL,NORMAL,0.407,None,Normal operational routine,Nominal sensor operation within physical and statistical bounds,False,0.39,False,0.593
2026-09-04 15:45:00,False,NORMAL,NORMAL,0.521,None,Normal operational routine,Nominal sensor operation within physical and statistical bounds,False,0.479,False,0.03
2026-09-04 15:50:00,False,NORMAL,NORMAL,0.637,None,Normal operational routine,Nominal sensor operation within physical and statistical bounds,False,0.363,False,0.024
2026-09-04 15:55:00,False,NORMAL,NORMAL,0.642,None,Normal operational routine,Nominal sensor operation within physical and statistical bounds,False,0.358,False,0.089
2026-09-04 16:00:00,False,NORMAL,NORMAL,0.596,None,Normal operational routine,Nominal sensor operation within physical and statistical bounds,False,0.404,False,0.052
2026-09-04 16:05:00,False,NORMAL,NORMAL,0.798,None,Normal operational routine,Nominal sensor operation within physical and statistical bounds,False,0.202,False,0.023
2026-09-04 16:10:00,False,NORMAL,NORMAL,0.793,None,Normal operational routine,Nominal sensor operation within physical and statistical bounds,False,0.207,False,0.028
2026-09-04 16:15:00,False,NORMAL,NORMAL,0.78,None,Normal operational routine,Nominal sensor operation within physical and statistical bounds,False,0.22,False,0.064
2026-09-04 16:20:00,False,NORMAL,NORMAL,0.727,None,Normal operational routine,Nominal sensor operation within physical and statistical bounds,False,0.273,False,0.026
2026-09-04 16:25:00,False,NORMAL,NORMAL,0.538,None,Normal operational routine,Nominal sensor operation within physical and statistical bounds,False,0.462,False,0.085
2026-09-04 16:30:00,False,NORMAL,NORMAL,0.49,None,Normal operational routine,Nominal sensor operation within physical and statistical bounds,True,0.51,False,0.088
2026-09-04 16:35:00,False,NORMAL,NORMAL,0.69,None,Normal operational routine,Nominal sensor operation within physical and statistical bounds,False,0.31,False,0.023
2026-09-04 16:40:00,False,NORMAL,NORMAL,0.844,None,Normal operational routine,Nominal sensor operation within physical and statistical bounds,False,0.156,False,0.021
2026-09-04 16:45:00,False,NORMAL,NORMAL,0.863,None,Normal operational routine,Nominal sensor operation within physical and statistical bounds,False,0.137,False,0.021
2026-09-04 16:50:00,False,NORMAL,NORMAL,0.771,None,Normal operational routine,Nominal sensor operation within physical and statistical bounds,False,0.229,False,0.054
2026-09-04 16:55:00,False,NORMAL,NORMAL,0.714,None,Normal operational routine,Nominal sensor operation within physical and statistical bounds,False,0.286,False,0.024
2026-09-04 17:00:00,False,NORMAL,NORMAL,0.798,None,Normal operational routine,Nominal sensor operation within physical and statistical bounds,False,0.202,False,0.028
2026-09-04 17:05:00,False,NORMAL,NORMAL,0.751,None,Normal operational routine,Nominal sensor operation within physical and statistical bounds,False,0.223,False,0.249
2026-09-04 17:10:00,False,NORMAL,NORMAL,0.685,None,Normal operational routine,Nominal sensor operation within physical and statistical bounds,False,0.315,False,0.101
2026-09-04 17:15:00,False,NORMAL,NORMAL,0.847,None,Normal operational routine,Nominal sensor operation within physical and statistical bounds,False,0.153,False,0.023
2026-09-04 17:20:00,False,NORMAL,NORMAL,0.84,None,Normal operational routine,Nominal sensor operation within physical and statistical bounds,False,0.16,False,0.024
2026-09-04 17:25:00,False,NORMAL,NORMAL,0.514,None,Normal operational routine,Nominal sensor operation within physical and statistical bounds,False,0.308,False,0.486
2026-09-04 17:30:00,False,NORMAL,NORMAL,0.776,None,Normal operational routine,Nominal sensor operation within physical and statistical bounds,False,0.224,False,0.038
2026-09-04 17:35:00,False,NORMAL,NORMAL,0.793,None,Normal operational routine,Nominal sensor operation within physical and statistical bounds,False,0.207,False,0.021
2026-09-04 17:40:00,False,NORMAL,NORMAL,0.791,None,Normal operational routine,Nominal sensor operation within physical and statistical bounds,False,0.19,False,0.209
2026-09-04 17:45:00,False,NORMAL,NORMAL,0.753,None,Normal operational routine,Nominal sensor operation within physical and statistical bounds,False,0.247,False,0.09
2026-09-04 17:50:00,False,NORMAL,NORMAL,0.702,None,Normal operational routine,Nominal sensor operation within physical and statistical bounds,False,0.298,False,0.125
2026-09-04 17:55:00,False,NORMAL,NORMAL,0.666,None,Normal operational routine,Nominal sensor operation within physical and statistical bounds,False,0.334,False,0.152
2026-09-04 18:00:00,False,NORMAL,NORMAL,0.195,None,Normal operational routine,Nominal sensor operation within physical and statistical bounds,False,0.245,False,0.805
2026-09-04 18:05:00,False,NORMAL,NORMAL,0.778,None,Normal operational routine,Nominal sensor operation within physical and statistical bounds,False,0.222,False,0.051
2026-09-04 18:10:00,False,NORMAL,NORMAL,0.732,None,Normal operational routine,Nominal sensor operation within physical and statistical bounds,False,0.268,False,0.021
2026-09-04 18:15:00,False,NORMAL,NORMAL,0.818,None,Normal operational routine,Nominal sensor operation within physical and statistical bounds,False,0.182,False,0.023
2026-09-04 18:20:00,False,NORMAL,NORMAL,0.827,None,Normal operational routine,Nominal sensor operation within physical and statistical bounds,False,0.173,False,0.021
2026-09-04 18:25:00,False,NORMAL,NORMAL,0.8,None,Normal operational routine,Nominal sensor operation within physical and statistical bounds,False,0.2,False,0.024
2026-09-04 18:30:00,False,NORMAL,NORMAL,0.853,None,Normal operational routine,Nominal sensor operation within physical and statistical bounds,False,0.147,False,0.027
2026-09-04 18:35:00,False,NORMAL,NORMAL,0.824,None,Normal operational routine,Nominal sensor operation within physical and statistical bounds,False,0.176,False,0.025
2026-09-04 18:40:00,False,NORMAL,NORMAL,0.279,None,Normal operational routine,Nominal sensor operation within physical and statistical bounds,False,0.449,False,0.721
2026-09-04 18:45:00,False,NORMAL,NORMAL,0.583,None,Normal operational routine,Nominal sensor operation within physical and statistical bounds,False,0.417,False,0.046
2026-09-04 18:50:00,False,NORMAL,NORMAL,0.778,None,Normal operational routine,Nominal sensor operation within physical and statistical bounds,False,0.222,False,0.022
2026-09-04 18:55:00,False,NORMAL,NORMAL,0.739,None,Normal operational routine,Nominal sensor operation within physical and statistical bounds,False,0.261,False,0.026
2026-09-04 19:00:00,False,NORMAL,NORMAL,0.826,None,Normal operational routine,Nominal sensor operation within physical and statistical bounds,False,0.174,False,0.06
2026-09-04 19:05:00,False,NORMAL,NORMAL,0.791,None,Normal operational routine,Nominal sensor operation within physical and statistical bounds,False,0.195,False,0.209
2026-09-04 19:10:00,False,NORMAL,NORMAL,0.859,None,Normal operational routine,Nominal sensor operation within physical and statistical bounds,False,0.141,False,0.057
2026-09-04 19:15:00,False,NORMAL,NORMAL,0.823,None,Normal operational routine,Nominal sensor operation within physical and statistical bounds,False,0.177,False,0.034
2026-09-04 19:20:00,False,NORMAL,NORMAL,0.557,None,Normal operational routine,Nominal sensor operation within physical and statistical bounds,False,0.443,False,0.299
2026-09-04 19:25:00,False,NORMAL,NORMAL,0.588,None,Normal operational routine,Nominal sensor operation within physical and statistical bounds,False,0.412,False,0.05
2026-09-04 19:30:00,False,NORMAL,NORMAL,0.593,None,Normal operational routine,Nominal sensor operation within physical and statistical bounds,False,0.407,False,0.219
2026-09-04 19:35:00,False,NORMAL,NORMAL,0.818,None,Normal operational routine,Nominal sensor operation within physical and statistical bounds,False,0.182,False,0.021
2026-09-04 19:40:00,False,NORMAL,NORMAL,0.863,None,Normal operational routine,Nominal sensor operation within physical and statistical bounds,False,0.137,False,0.021
2026-09-04 19:45:00,False,NORMAL,NORMAL,0.873,None,Normal operational routine,Nominal sensor operation within physical and statistical bounds,False,0.127,False,0.022
2026-09-04 19:50:00,False,NORMAL,NORMAL,0.839,None,Normal operational routine,Nominal sensor operation within physical and statistical bounds,False,0.161,False,0.021
2026-09-04 19:55:00,False,NORMAL,NORMAL,0.846,None,Normal operational routine,Nominal sensor operation within physical and statistical bounds,False,0.154,False,0.03
2026-09-04 20:00:00,False,NORMAL,NORMAL,0.801,None,Normal operational routine,Nominal sensor operation within physical and statistical bounds,False,0.199,False,0.02
2026-09-04 20:05:00,False,NORMAL,NORMAL,0.848,None,Normal operational routine,Nominal sensor operation within physical and statistical bounds,False,0.152,False,0.039
2026-09-04 20:10:00,False,NORMAL,NORMAL,0.715,None,Normal operational routine,Nominal sensor operation within physical and statistical bounds,False,0.176,False,0.285
2026-09-04 20:15:00,False,NORMAL,NORMAL,0.549,None,Normal operational routine,Nominal sensor operation within physical and statistical bounds,False,0.323,False,0.451
2026-09-04 20:20:00,False,NORMAL,NORMAL,0.579,None,Normal operational routine,Nominal sensor operation within physical and statistical bounds,False,0.421,False,0.156
2026-09-04 20:25:00,False,NORMAL,NORMAL,0.773,None,Normal operational routine,Nominal sensor operation within physical and statistical bounds,False,0.227,False,0.02
2026-09-04 20:30:00,False,NORMAL,NORMAL,0.801,None,Normal operational routine,Nominal sensor operation within physical and statistical bounds,False,0.199,False,0.022
2026-09-04 20:35:00,False,NORMAL,NORMAL,0.787,None,Normal operational routine,Nominal sensor operation within physical and statistical bounds,False,0.213,False,0.021
2026-09-04 20:40:00,False,NORMAL,NORMAL,0.786,None,Normal operational routine,Nominal sensor operation within physical and statistical bounds,False,0.214,False,0.021
2026-09-04 20:45:00,False,NORMAL,NORMAL,0.837,None,Normal operational routine,Nominal sensor operation within physical and statistical bounds,False,0.163,False,0.023
2026-09-04 20:50:00,False,NORMAL,NORMAL,0.461,None,Normal operational routine,Nominal sensor operation within physical and statistical bounds,True,0.539,False,0.029
2026-09-04 20:55:00,False,NORMAL,NORMAL,0.616,None,Normal operational routine,Nominal sensor operation within physical and statistical bounds,False,0.384,False,0.026
2026-09-04 21:00:00,False,NORMAL,NORMAL,0.72,None,Normal operational routine,Nominal sensor operation within physical and statistical bounds,False,0.28,False,0.021
2026-09-04 21:05:00,False,NORMAL,NORMAL,0.811,None,Normal operational routine,Nominal sensor operation within physical and statistical bounds,False,0.189,False,0.133
2026-09-04 21:10:00,False,NORMAL,NORMAL,0.805,None,Normal operational routine,Nominal sensor operation within physical and statistical bounds,False,0.195,False,0.02
2026-09-04 21:15:00,False,NORMAL,NORMAL,0.793,None,Normal operational routine,Nominal sensor operation within physical and statistical bounds,False,0.207,False,0.022
2026-09-04 21:20:00,False,NORMAL,NORMAL,0.843,None,Normal operational routine,Nominal sensor operation within physical and statistical bounds,False,0.157,False,0.021
2026-09-04 21:25:00,False,NORMAL,NORMAL,0.801,None,Normal operational routine,Nominal sensor operation within physical and statistical bounds,False,0.199,False,0.034
2026-09-04 21:30:00,False,NORMAL,NORMAL,0.828,None,Normal operational routine,Nominal sensor operation within physical and statistical bounds,False,0.172,False,0.044
2026-09-04 21:35:00,False,NORMAL,NORMAL,0.823,None,Normal operational routine,Nominal sensor operation within physical and statistical bounds,False,0.177,False,0.077
2026-09-04 21:40:00,False,NORMAL,NORMAL,0.652,None,Normal operational routine,Nominal sensor operation within physical and statistical bounds,False,0.348,False,0.034
2026-09-04 21:45:00,False,NORMAL,NORMAL,0.768,None,Normal operational routine,Nominal sensor operation within physical and statistical bounds,False,0.232,False,0.024
2026-09-04 21:50:00,False,NORMAL,NORMAL,0.813,None,Normal operational routine,Nominal sensor operation within physical and statistical bounds,False,0.187,False,0.043
2026-09-04 21:55:00,False,NORMAL,NORMAL,0.842,None,Normal operational routine,Nominal sensor operation within physical and statistical bounds,False,0.158,False,0.02
2026-09-04 22:00:00,False,NORMAL,NORMAL,0.609,None,Normal operational routine,Nominal sensor operation within physical and statistical bounds,False,0.391,False,0.049
2026-09-04 22:05:00,False,NORMAL,NORMAL,0.806,None,Normal operational routine,Nominal sensor operation within physical and statistical bounds,False,0.194,False,0.02
2026-09-04 22:10:00,False,NORMAL,NORMAL,0.799,None,Normal operational routine,Nominal sensor operation within physical and statistical bounds,False,0.201,False,0.113
2026-09-04 22:15:00,False,NORMAL,NORMAL,0.792,None,Normal operational routine,Nominal sensor operation within physical and statistical bounds,False,0.208,False,0.038
2026-09-04 22:20:00,False,NORMAL,NORMAL,0.805,None,Normal operational routine,Nominal sensor operation within physical and statistical bounds,False,0.195,False,0.019
2026-09-04 22:25:00,False,NORMAL,NORMAL,0.692,None,Normal operational routine,Nominal sensor operation within physical and statistical bounds,False,0.308,False,0.071
2026-09-04 22:30:00,False,NORMAL,NORMAL,0.682,None,Normal operational routine,Nominal sensor operation within physical and statistical bounds,False,0.318,False,0.032
2026-09-04 22:35:00,False,NORMAL,NORMAL,0.651,None,Normal operational routine,Nominal sensor operation within physical and statistical bounds,False,0.349,False,0.024
2026-09-04 22:40:00,False,NORMAL,NORMAL,0.837,None,Normal operational routine,Nominal sensor operation within physical and statistical bounds,False,0.163,False,0.021
2026-09-04 22:45:00,False,NORMAL,NORMAL,0.846,None,Normal operational routine,Nominal sensor operation within physical and statistical bounds,False,0.154,False,0.035
2026-09-04 22:50:00,False,NORMAL,NORMAL,0.709,None,Normal operational routine,Nominal sensor operation within physical and statistical bounds,False,0.291,False,0.042
2026-09-04 22:55:00,False,NORMAL,NORMAL,0.706,None,Normal operational routine,Nominal sensor operation within physical and statistical bounds,False,0.294,False,0.02
2026-09-04 23:00:00,False,NORMAL,NORMAL,0.837,None,Normal operational routine,Nominal sensor operation within physical and statistical bounds,False,0.163,False,0.025
2026-09-04 23:05:00,False,NORMAL,NORMAL,0.819,None,Normal operational routine,Nominal sensor operation within physical and statistical bounds,False,0.181,False,0.065
2026-09-04 23:10:00,False,NORMAL,NORMAL,0.826,None,Normal operational routine,Nominal sensor operation within physical and statistical bounds,False,0.174,False,0.041
2026-09-04 23:15:00,False,NORMAL,NORMAL,0.857,None,Normal operational routine,Nominal sensor operation within physical and statistical bounds,False,0.143,False,0.026
2026-09-04 23:20:00,False,NORMAL,NORMAL,0.837,None,Normal operational routine,Nominal sensor operation within physical and statistical bounds,False,0.163,False,0.02
2026-09-04 23:25:00,False,NORMAL,NORMAL,0.803,None,Normal operational routine,Nominal sensor operation within physical and statistical bounds,False,0.197,False,0.022
2026-09-04 23:30:00,False,NORMAL,NORMAL,0.586,None,Normal operational routine,Nominal sensor operation within physical and statistical bounds,False,0.384,False,0.414
2026-09-04 23:35:00,False,NORMAL,NORMAL,0.751,None,Normal operational routine,Nominal sensor operation within physical and statistical bounds,False,0.249,False,0.038
2026-09-04 23:40:00,False,NORMAL,NORMAL,0.798,None,Normal operational routine,Nominal sensor operation within physical and statistical bounds,False,0.202,False,0.022
2026-09-04 23:45:00,False,NORMAL,NORMAL,0.767,None,Normal operational routine,Nominal sensor operation within physical and statistical bounds,False,0.233,False,0.05
2026-09-04 23:50:00,False,NORMAL,NORMAL,0.695,None,Normal operational routine,Nominal sensor operation within physical and statistical bounds,False,0.305,False,0.032
2026-09-04 23:55:00,False,NORMAL,NORMAL,0.74,None,Normal operational routine,Nominal sensor operation within physical and statistical bounds,False,0.26,False,0.023
2026-09-05 00:00:00,False,NORMAL,NORMAL,0.76,None,Normal operational routine,Nominal sensor operation within physical and statistical bounds,False,0.24,False,0.073
2026-09-05 00:05:00,False,NORMAL,NORMAL,0.81,None,Normal operational routine,Nominal sensor operation within physical and statistical bounds,False,0.19,False,0.032
2026-09-05 00:10:00,False,NORMAL,NORMAL,0.807,None,Normal operational routine,Nominal sensor operation within physical and statistical bounds,False,0.193,False,0.041
2026-09-05 00:15:00,False,NORMAL,NORMAL,0.803,None,Normal operational routine,Nominal sensor operation within physical and statistical bounds,False,0.197,False,0.075
2026-09-05 00:20:00,False,NORMAL,NORMAL,0.812,None,Normal operational routine,Nominal sensor operation within physical and statistical bounds,False,0.188,False,0.131
2026-09-05 00:25:00,False,NORMAL,NORMAL,0.8,None,Normal operational routine,Nominal sensor operation within physical and statistical bounds,False,0.2,False,0.021
2026-09-05 00:30:00,False,NORMAL,NORMAL,0.809,None,Normal operational routine,Nominal sensor operation within physical and statistical bounds,False,0.191,False,0.043
2026-09-05 00:35:00,False,NORMAL,NORMAL,0.771,None,Normal operational routine,Nominal sensor operation within physical and statistical bounds,False,0.229,False,0.06
2026-09-05 00:40:00,False,NORMAL,NORMAL,0.787,None,Normal operational routine,Nominal sensor operation within physical and statistical bounds,False,0.213,False,0.031
2026-09-05 00:45:00,False,NORMAL,NORMAL,0.781,None,Normal operational routine,Nominal sensor operation within physical and statistical bounds,False,0.219,False,0.02
2026-09-05 00:50:00,False,NORMAL,NORMAL,0.761,None,Normal operational routine,Nominal sensor operation within physical and statistical bounds,False,0.239,False,0.023
2026-09-05 00:55:00,False,NORMAL,NORMAL,0.679,None,Normal operational routine,Nominal sensor operation within physical and statistical bounds,False,0.321,False,0.118
2026-09-05 01:00:00,False,NORMAL,NORMAL,0.674,None,Normal operational routine,Nominal sensor operation within physical and statistical bounds,False,0.326,False,0.022
2026-09-05 01:05:00,False,NORMAL,NORMAL,0.522,None,Normal operational routine,Nominal sensor operation within physical and statistical bounds,False,0.478,False,0.02
2026-09-05 01:10:00,False,NORMAL,NORMAL,0.662,None,Normal operational routine,Nominal sensor operation within physical and statistical bounds,False,0.338,False,0.021
2026-09-05 01:15:00,False,NORMAL,NORMAL,0.718,None,Normal operational routine,Nominal sensor operation within physical and statistical bounds,False,0.282,False,0.027
2026-09-05 01:20:00,False,NORMAL,NORMAL,0.76,None,Normal operational routine,Nominal sensor operation within physical and statistical bounds,False,0.24,False,0.02
2026-09-05 01:25:00,False,NORMAL,NORMAL,0.806,None,Normal operational routine,Nominal sensor operation within physical and statistical bounds,False,0.194,False,0.022
2026-09-05 01:30:00,False,NORMAL,NORMAL,0.792,None,Normal operational routine,Nominal sensor operation within physical and statistical bounds,False,0.208,False,0.028
2026-09-05 01:35:00,False,NORMAL,NORMAL,0.821,None,Normal operational routine,Nominal sensor operation within physical and statistical bounds,False,0.179,False,0.028
2026-09-05 01:40:00,False,NORMAL,NORMAL,0.751,None,Normal operational routine,Nominal sensor operation within physical and statistical bounds,False,0.249,False,0.027
2026-09-05 01:45:00,False,NORMAL,NORMAL,0.8,None,Normal operational routine,Nominal sensor operation within physical and statistical bounds,False,0.2,False,0.021
2026-09-05 01:50:00,False,NORMAL,NORMAL,0.802,None,Normal operational routine,Nominal sensor operation within physical and statistical bounds,False,0.198,False,0.02
2026-09-05 01:55:00,False,NORMAL,NORMAL,0.735,None,Normal operational routine,Nominal sensor operation within physical and statistical bounds,False,0.265,False,0.022
2026-09-05 02:00:00,False,NORMAL,NORMAL,0.733,None,Normal operational routine,Nominal sensor operation within physical and statistical bounds,False,0.267,False,0.035
2026-09-05 02:05:00,False,NORMAL,NORMAL,0.375,None,Normal operational routine,Nominal sensor operation within physical and statistical bounds,False,0.376,False,0.625
2026-09-05 02:10:00,False,NORMAL,NORMAL,0.643,None,Normal operational routine,Nominal sensor operation within physical and statistical bounds,False,0.357,False,0.032
2026-09-05 02:15:00,False,NORMAL,NORMAL,0.486,None,Normal operational routine,Nominal sensor operation within physical and statistical bounds,True,0.514,False,0.036
2026-09-05 02:20:00,False,NORMAL,NORMAL,0.649,None,Normal operational routine,Nominal sensor operation within physical and statistical bounds,False,0.351,False,0.02
2026-09-05 02:25:00,False,NORMAL,NORMAL,0.794,None,Normal operational routine,Nominal sensor operation within physical and statistical bounds,False,0.206,False,0.031
2026-09-05 02:30:00,False,NORMAL,NORMAL,0.271,None,Normal operational routine,Nominal sensor operation within physical and statistical bounds,False,0.401,False,0.729
2026-09-05 02:35:00,False,NORMAL,NORMAL,0.561,None,Normal operational routine,Nominal sensor operation within physical and statistical bounds,False,0.439,False,0.024
2026-09-05 02:40:00,False,NORMAL,NORMAL,0.744,None,Normal operational routine,Nominal sensor operation within physical and statistical bounds,False,0.256,False,0.027
2026-09-05 02:45:00,False,NORMAL,NORMAL,0.757,None,Normal operational routine,Nominal sensor operation within physical and statistical bounds,False,0.243,False,0.021
2026-09-05 02:50:00,False,NORMAL,NORMAL,0.616,None,Normal operational routine,Nominal sensor operation within physical and statistical bounds,False,0.321,False,0.384
2026-09-05 02:55:00,False,NORMAL,NORMAL,0.801,None,Normal operational routine,Nominal sensor operation within physical and statistical bounds,False,0.199,False,0.045
2026-09-05 03:00:00,False,NORMAL,NORMAL,0.832,None,Normal operational routine,Nominal sensor operation within physical and statistical bounds,False,0.168,False,0.024
2026-09-05 03:05:00,False,NORMAL,NORMAL,0.843,None,Normal operational routine,Nominal sensor operation within physical and statistical bounds,False,0.157,False,0.04
2026-09-05 03:10:00,False,NORMAL,NORMAL,0.813,None,Normal operational routine,Nominal sensor operation within physical and statistical bounds,False,0.187,False,0.024
2026-09-05 03:15:00,False,NORMAL,NORMAL,0.775,None,Normal operational routine,Nominal sensor operation within physical and statistical bounds,False,0.225,False,0.02
2026-09-05 03:20:00,False,NORMAL,NORMAL,0.665,None,Normal operational routine,Nominal sensor operation within physical and statistical bounds,False,0.335,False,0.035
2026-09-05 03:25:00,False,NORMAL,NORMAL,0.759,None,Normal operational routine,Nominal sensor operation within physical and statistical bounds,False,0.241,False,0.02
2026-09-05 03:30:00,False,NORMAL,NORMAL,0.783,None,Normal operational routine,Nominal sensor operation within physical and statistical bounds,False,0.217,False,0.037
2026-09-05 03:35:00,False,NORMAL,NORMAL,0.545,None,Normal operational routine,Nominal sensor operation within physical and statistical bounds,False,0.455,False,0.129
2026-09-05 03:40:00,False,NORMAL,NORMAL,0.75,None,Normal operational routine,Nominal sensor operation within physical and statistical bounds,False,0.25,False,0.021
2026-09-05 03:45:00,False,NORMAL,NORMAL,0.833,None,Normal operational routine,Nominal sensor operation within physical and statistical bounds,False,0.167,False,0.021
2026-09-05 03:50:00,False,NORMAL,NORMAL,0.813,None,Normal operational routine,Nominal sensor operation within physical and statistical bounds,False,0.187,False,0.023
2026-09-05 03:55:00,False,NORMAL,NORMAL,0.688,None,Normal operational routine,Nominal sensor operation within physical and statistical bounds,False,0.312,False,0.02
2026-09-05 04:00:00,False,NORMAL,NORMAL,0.704,None,Normal operational routine,Nominal sensor operation within physical and statistical bounds,False,0.296,False,0.023
2026-09-05 04:05:00,False,NORMAL,NORMAL,0.805,None,Normal operational routine,Nominal sensor operation within physical and statistical bounds,False,0.195,False,0.022
2026-09-05 04:10:00,False,NORMAL,NORMAL,0.852,None,Normal operational routine,Nominal sensor operation within physical and statistical bounds,False,0.148,False,0.022
2026-09-05 04:15:00,False,NORMAL,NORMAL,0.815,None,Normal operational routine,Nominal sensor operation within physical and statistical bounds,False,0.185,False,0.028
2026-09-05 04:20:00,False,NORMAL,NORMAL,0.757,None,Normal operational routine,Nominal sensor operation within physical and statistical bounds,False,0.243,False,0.021
2026-09-05 04:25:00,False,NORMAL,NORMAL,0.728,None,Normal operational routine,Nominal sensor operation within physical and statistical bounds,False,0.272,False,0.099
2026-09-05 04:30:00,False,NORMAL,NORMAL,0.818,None,Normal operational routine,Nominal sensor operation within physical and statistical bounds,False,0.182,False,0.026
2026-09-05 04:35:00,False,NORMAL,NORMAL,0.743,None,Normal operational routine,Nominal sensor operation within physical and statistical bounds,False,0.257,False,0.027
2026-09-05 04:40:00,False,NORMAL,NORMAL,0.678,None,Normal operational routine,Nominal sensor operation within physical and statistical bounds,False,0.322,False,0.033
2026-09-05 04:45:00,False,NORMAL,NORMAL,0.535,None,Normal operational routine,Nominal sensor operation within physical and statistical bounds,False,0.465,False,0.061
2026-09-05 04:50:00,False,NORMAL,NORMAL,0.692,None,Normal operational routine,Nominal sensor operation within physical and statistical bounds,False,0.308,False,0.024
2026-09-05 04:55:00,False,NORMAL,NORMAL,0.601,None,Normal operational routine,Nominal sensor operation within physical and statistical bounds,False,0.399,False,0.031
2026-09-05 05:00:00,False,NORMAL,NORMAL,0.743,None,Normal operational routine,Nominal sensor operation within physical and statistical bounds,False,0.257,False,0.02
2026-09-05 05:05:00,False,NORMAL,NORMAL,0.841,None,Normal operational routine,Nominal sensor operation within physical and statistical bounds,False,0.159,False,0.021
2026-09-05 05:10:00,False,NORMAL,NORMAL,0.863,None,Normal operational routine,Nominal sensor operation within physical and statistical bounds,False,0.137,False,0.027
2026-09-05 05:15:00,False,NORMAL,NORMAL,0.854,None,Normal operational routine,Nominal sensor operation within physical and statistical bounds,False,0.146,False,0.022
2026-09-05 05:20:00,False,NORMAL,NORMAL,0.832,None,Normal operational routine,Nominal sensor operation within physical and statistical bounds,False,0.168,False,0.047
2026-09-05 05:25:00,False,NORMAL,NORMAL,0.779,None,Normal operational routine,Nominal sensor operation within physical and statistical bounds,False,0.221,False,0.034
2026-09-05 05:30:00,False,NORMAL,NORMAL,0.34,None,Normal operational routine,Nominal sensor operation within physical and statistical bounds,False,0.305,False,0.66
2026-09-05 05:35:00,False,NORMAL,NORMAL,0.683,None,Normal operational routine,Nominal sensor operation within physical and statistical bounds,False,0.317,False,0.026
2026-09-05 05:40:00,False,NORMAL,NORMAL,0.731,None,Normal operational routine,Nominal sensor operation within physical and statistical bounds,False,0.269,False,0.063
2026-09-05 05:45:00,False,NORMAL,NORMAL,0.831,None,Normal operational routine,Nominal sensor operation within physical and statistical bounds,False,0.169,False,0.066
2026-09-05 05:50:00,False,NORMAL,NORMAL,0.661,None,Normal operational routine,Nominal sensor operation within physical and statistical bounds,False,0.339,False,0.02
2026-09-05 05:55:00,False,NORMAL,NORMAL,0.8,None,Normal operational routine,Nominal sensor operation within physical and statistical bounds,False,0.2,False,0.035
2026-09-05 06:00:00,False,NORMAL,NORMAL,0.799,None,Normal operational routine,Nominal sensor operation within physical and statistical bounds,False,0.201,False,0.06
2026-09-05 06:05:00,False,NORMAL,NORMAL,0.717,None,Normal operational routine,Nominal sensor operation within physical and statistical bounds,False,0.283,False,0.031
2026-09-05 06:10:00,False,NORMAL,NORMAL,0.609,None,Normal operational routine,Nominal sensor operation within physical and statistical bounds,False,0.391,False,0.185
2026-09-05 06:15:00,False,NORMAL,NORMAL,0.747,None,Normal operational routine,Nominal sensor operation within physical and statistical bounds,False,0.253,False,0.05
2026-09-05 06:20:00,False,NORMAL,NORMAL,0.542,None,Normal operational routine,Nominal sensor operation within physical and statistical bounds,False,0.276,False,0.458
2026-09-05 06:25:00,False,NORMAL,NORMAL,0.846,None,Normal operational routine,Nominal sensor operation within physical and statistical bounds,False,0.154,False,0.056
2026-09-05 06:30:00,False,NORMAL,NORMAL,0.777,None,Normal operational routine,Nominal sensor operation within physical and statistical bounds,False,0.223,False,0.054
2026-09-05 06:35:00,False,NORMAL,NORMAL,0.856,None,Normal operational routine,Nominal sensor operation within physical and statistical bounds,False,0.144,False,0.03
2026-09-05 06:40:00,False,NORMAL,NORMAL,0.829,None,Normal operational routine,Nominal sensor operation within physical and statistical bounds,False,0.171,False,0.077
2026-09-05 06:45:00,False,NORMAL,NORMAL,0.746,None,Normal operational routine,Nominal sensor operation within physical and statistical bounds,False,0.254,False,0.068
2026-09-05 06:50:00,False,NORMAL,NORMAL,0.832,None,Normal operational routine,Nominal sensor operation within physical and statistical bounds,False,0.168,False,0.03
2026-09-05 06:55:00,False,NORMAL,NORMAL,0.864,None,Normal operational routine,Nominal sensor operation within physical and statistical bounds,False,0.136,False,0.036
2026-09-05 07:00:00,False,NORMAL,NORMAL,0.634,None,Normal operational routine,Nominal sensor operation within physical and statistical bounds,False,0.366,False,0.24
2026-09-05 07:05:00,False,NORMAL,NORMAL,0.765,None,Normal operational routine,Nominal sensor operation within physical and statistical bounds,False,0.235,False,0.029
2026-09-05 07:10:00,False,NORMAL,NORMAL,0.624,None,Normal operational routine,Nominal sensor operation within physical and statistical bounds,False,0.376,False,0.023
2026-09-05 07:15:00,False,NORMAL,NORMAL,0.709,None,Normal operational routine,Nominal sensor operation within physical and statistical bounds,False,0.291,False,0.035
2026-09-05 07:20:00,False,NORMAL,NORMAL,0.74,None,Normal operational routine,Nominal sensor operation within physical and statistical bounds,False,0.26,False,0.028
2026-09-05 07:25:00,False,NORMAL,NORMAL,0.817,None,Normal operational routine,Nominal sensor operation within physical and statistical bounds,False,0.183,False,0.028
2026-09-05 07:30:00,False,NORMAL,NORMAL,0.875,None,Normal operational routine,Nominal sensor operation within physical and statistical bounds,False,0.125,False,0.019
2026-09-05 07:35:00,False,NORMAL,NORMAL,0.228,None,Normal operational routine,Nominal sensor operation within physical and statistical bounds,False,0.245,False,0.772
2026-09-05 07:40:00,False,NORMAL,NORMAL,0.819,None,Normal operational routine,Nominal sensor operation within physical and statistical bounds,False,0.181,False,0.022
2026-09-05 07:45:00,False,NORMAL,NORMAL,0.801,None,Normal operational routine,Nominal sensor operation within physical and statistical bounds,False,0.199,False,0.022
2026-09-05 07:50:00,False,NORMAL,NORMAL,0.868,None,Normal operational routine,Nominal sensor operation within physical and statistical bounds,False,0.132,False,0.022
2026-09-05 07:55:00,False,NORMAL,NORMAL,0.587,None,Normal operational routine,Nominal sensor operation within physical and statistical bounds,False,0.413,False,0.047
2026-09-05 08:00:00,False,NORMAL,NORMAL,0.668,None,Normal operational routine,Nominal sensor operation within physical and statistical bounds,False,0.332,False,0.028
2026-09-05 08:05:00,False,NORMAL,NORMAL,0.792,None,Normal operational routine,Nominal sensor operation within physical and statistical bounds,False,0.208,False,0.029
2026-09-05 08:10:00,False,NORMAL,NORMAL,0.783,None,Normal operational routine,Nominal sensor operation within physical and statistical bounds,False,0.217,False,0.031
2026-09-05 08:15:00,False,NORMAL,NORMAL,0.79,None,Normal operational routine,Nominal sensor operation within physical and statistical bounds,False,0.21,False,0.022
2026-09-05 08:20:00,False,NORMAL,NORMAL,0.82,None,Normal operational routine,Nominal sensor operation within physical and statistical bounds,False,0.18,False,0.023
2026-09-05 08:25:00,False,NORMAL,NORMAL,0.82,None,Normal operational routine,Nominal sensor operation within physical and statistical bounds,False,0.18,False,0.023
2026-09-05 08:30:00,False,NORMAL,NORMAL,0.672,None,Normal operational routine,Nominal sensor operation within physical and statistical bounds,False,0.328,False,0.043
2026-09-05 08:35:00,False,NORMAL,NORMAL,0.788,None,Normal operational routine,Nominal sensor operation within physical and statistical bounds,False,0.212,False,0.027
2026-09-05 08:40:00,False,NORMAL,NORMAL,0.576,None,Normal operational routine,Nominal sensor operation within physical and statistical bounds,False,0.424,False,0.027
2026-09-05 08:45:00,False,NORMAL,NORMAL,0.475,None,Normal operational routine,Nominal sensor operation within physical and statistical bounds,True,0.525,False,0.06
2026-09-05 08:50:00,False,NORMAL,NORMAL,0.796,None,Normal operational routine,Nominal sensor operation within physical and statistical bounds,False,0.204,False,0.023
2026-09-05 08:55:00,False,NORMAL,NORMAL,0.674,None,Normal operational routine,Nominal sensor operation within physical and statistical bounds,False,0.326,False,0.07
2026-09-05 09:00:00,False,NORMAL,NORMAL,0.481,None,Normal operational routine,Nominal sensor operation within physical and statistical bounds,True,0.519,False,0.021
2026-09-05 09:05:00,False,NORMAL,NORMAL,0.709,None,Normal operational routine,Nominal sensor operation within physical and statistical bounds,False,0.291,False,0.026
2026-09-05 09:10:00,False,NORMAL,NORMAL,0.824,None,Normal operational routine,Nominal sensor operation within physical and statistical bounds,False,0.176,False,0.044
2026-09-05 09:15:00,False,NORMAL,NORMAL,0.877,None,Normal operational routine,Nominal sensor operation within physical and statistical bounds,False,0.123,False,0.02
2026-09-05 09:20:00,False,NORMAL,NORMAL,0.8,None,Normal operational routine,Nominal sensor operation within physical and statistical bounds,False,0.2,False,0.025
2026-09-05 09:25:00,False,NORMAL,NORMAL,0.799,None,Normal operational routine,Nominal sensor operation within physical and statistical bounds,False,0.201,False,0.021
2026-09-05 09:30:00,False,NORMAL,NORMAL,0.834,None,Normal operational routine,Nominal sensor operation within physical and statistical bounds,False,0.166,False,0.031
2026-09-05 09:35:00,False,NORMAL,NORMAL,0.771,None,Normal operational routine,Nominal sensor operation within physical and statistical bounds,False,0.229,False,0.063
2026-09-05 09:40:00,False,NORMAL,NORMAL,0.811,None,Normal operational routine,Nominal sensor operation within physical and statistical bounds,False,0.189,False,0.025
2026-09-05 09:45:00,False,NORMAL,NORMAL,0.684,None,Normal operational routine,Nominal sensor operation within physical and statistical bounds,False,0.316,False,0.069
2026-09-05 09:50:00,False,NORMAL,NORMAL,0.753,None,Normal operational routine,Nominal sensor operation within physical and statistical bounds,False,0.247,False,0.115
2026-09-05 09:55:00,False,NORMAL,NORMAL,0.811,None,Normal operational routine,Nominal sensor operation within physical and statistical bounds,False,0.189,False,0.027
2026-09-05 10:00:00,False,NORMAL,NORMAL,0.811,None,Normal operational routine,Nominal sensor operation within physical and statistical bounds,False,0.189,False,0.088
2026-09-05 10:05:00,False,NORMAL,NORMAL,0.791,None,Normal operational routine,Nominal sensor operation within physical and statistical bounds,False,0.209,False,0.042
2026-09-05 10:10:00,False,NORMAL,NORMAL,0.773,None,Normal operational routine,Nominal sensor operation within physical and statistical bounds,False,0.227,False,0.032
2026-09-05 10:15:00,False,NORMAL,NORMAL,0.818,None,Normal operational routine,Nominal sensor operation within physical and statistical bounds,False,0.182,False,0.036
2026-09-05 10:20:00,False,NORMAL,NORMAL,0.611,None,Normal operational routine,Nominal sensor operation within physical and statistical bounds,False,0.389,False,0.069
2026-09-05 10:25:00,False,NORMAL,NORMAL,0.775,None,Normal operational routine,Nominal sensor operation within physical and statistical bounds,False,0.225,False,0.141
2026-09-05 10:30:00,False,NORMAL,NORMAL,0.714,None,Normal operational routine,Nominal sensor operation within physical and statistical bounds,False,0.286,False,0.063
2026-09-05 10:35:00,False,NORMAL,NORMAL,0.737,None,Normal operational routine,Nominal sensor operation within physical and statistical bounds,False,0.263,False,0.105
2026-09-05 10:40:00,False,NORMAL,NORMAL,0.815,None,Normal operational routine,Nominal sensor operation within physical and statistical bounds,False,0.185,False,0.082
2026-09-05 10:45:00,False,NORMAL,NORMAL,0.832,None,Normal operational routine,Nominal sensor operation within physical and statistical bounds,False,0.168,False,0.025
2026-09-05 10:50:00,False,NORMAL,NORMAL,0.71,None,Normal operational routine,Nominal sensor operation within physical and statistical bounds,False,0.282,False,0.29
2026-09-05 10:55:00,False,NORMAL,NORMAL,0.636,None,Normal operational routine,Nominal sensor operation within physical and statistical bounds,False,0.364,False,0.29
2026-09-05 11:00:00,False,NORMAL,NORMAL,0.696,None,Normal operational routine,Nominal sensor operation within physical and statistical bounds,False,0.304,False,0.089
2026-09-05 11:05:00,False,NORMAL,NORMAL,0.824,None,Normal operational routine,Nominal sensor operation within physical and statistical bounds,False,0.176,False,0.026
2026-09-05 11:10:00,False,NORMAL,NORMAL,0.647,None,Normal operational routine,Nominal sensor operation within physical and statistical bounds,False,0.353,False,0.073
2026-09-05 11:15:00,False,NORMAL,NORMAL,0.488,None,Normal operational routine,Nominal sensor operation within physical and statistical bounds,True,0.512,False,0.025
2026-09-05 11:20:00,False,NORMAL,NORMAL,0.437,None,Normal operational routine,Nominal sensor operation within physical and statistical bounds,True,0.563,False,0.488
2026-09-05 11:25:00,False,NORMAL,NORMAL,0.703,None,Normal operational routine,Nominal sensor operation within physical and statistical bounds,False,0.297,False,0.029
2026-09-05 11:30:00,False,NORMAL,NORMAL,0.806,None,Normal operational routine,Nominal sensor operation within physical and statistical bounds,False,0.194,False,0.036
2026-09-05 11:35:00,False,NORMAL,NORMAL,0.718,None,Normal operational routine,Nominal sensor operation within physical and statistical bounds,False,0.282,False,0.237
2026-09-05 11:40:00,False,NORMAL,NORMAL,0.612,None,Normal operational routine,Nominal sensor operation within physical and statistical bounds,False,0.388,False,0.028
2026-09-05 11:45:00,False,NORMAL,NORMAL,0.763,None,Normal operational routine,Nominal sensor operation within physical and statistical bounds,False,0.237,False,0.025
2026-09-05 11:50:00,False,NORMAL,NORMAL,0.807,None,Normal operational routine,Nominal sensor operation within physical and statistical bounds,False,0.193,False,0.022
2026-09-05 11:55:00,False,NORMAL,NORMAL,0.603,None,Normal operational routine,Nominal sensor operation within physical and statistical bounds,False,0.397,False,0.052
2026-09-05 12:00:00,False,NORMAL,NORMAL,0.725,None,Normal operational routine,Nominal sensor operation within physical and statistical bounds,False,0.275,False,0.056
2026-09-05 12:05:00,False,NORMAL,NORMAL,0.666,None,Normal operational routine,Nominal sensor operation within physical and statistical bounds,False,0.334,False,0.043
2026-09-05 12:10:00,False,NORMAL,NORMAL,0.56,None,Normal operational routine,Nominal sensor operation within physical and statistical bounds,False,0.44,False,0.03
2026-09-05 12:15:00,False,NORMAL,NORMAL,0.683,None,Normal operational routine,Nominal sensor operation within physical and statistical bounds,False,0.317,False,0.04
2026-09-05 12:20:00,False,NORMAL,NORMAL,0.797,None,Normal operational routine,Nominal sensor operation within physical and statistical bounds,False,0.203,False,0.028
2026-09-05 12:25:00,False,NORMAL,NORMAL,0.695,None,Normal operational routine,Nominal sensor operation within physical and statistical bounds,False,0.305,False,0.034
2026-09-05 12:30:00,False,NORMAL,NORMAL,0.601,None,Normal operational routine,Nominal sensor operation within physical and statistical bounds,False,0.399,False,0.027
2026-09-05 12:35:00,False,NORMAL,NORMAL,0.638,None,Normal operational routine,Nominal sensor operation within physical and statistical bounds,False,0.362,False,0.02
2026-09-05 12:40:00,False,NORMAL,NORMAL,0.698,None,Normal operational routine,Nominal sensor operation within physical and statistical bounds,False,0.302,False,0.021
2026-09-05 12:45:00,False,NORMAL,NORMAL,0.722,None,Normal operational routine,Nominal sensor operation within physical and statistical bounds,False,0.278,False,0.035
2026-09-05 12:50:00,False,NORMAL,NORMAL,0.741,None,Normal operational routine,Nominal sensor operation within physical and statistical bounds,False,0.259,False,0.037
2026-09-05 12:55:00,False,NORMAL,NORMAL,0.722,None,Normal operational routine,Nominal sensor operation within physical and statistical bounds,False,0.278,False,0.028
2026-09-05 13:00:00,False,NORMAL,NORMAL,0.678,None,Normal operational routine,Nominal sensor operation within physical and statistical bounds,False,0.322,False,0.031
2026-09-05 13:05:00,False,NORMAL,NORMAL,0.766,None,Normal operational routine,Nominal sensor operation within physical and statistical bounds,False,0.234,False,0.021
2026-09-05 13:10:00,True,SENSOR_SPEC_BREACH (SPEC_WIND_EXCEEDS_RANGE),WARNING,0.88,wind_speed,Verify severe weather event / gust recording; inspect anemometer bearing for mechanical damage,Wind speed (108.0 m/s) exceeds typical 50 m/s sensor specification,True,0.551,True,1.0
2026-09-05 13:15:00,False,NORMAL,NORMAL,0.601,None,Normal operational routine,Nominal sensor operation within physical and statistical bounds,False,0.399,False,0.157
2026-09-05 13:20:00,False,NORMAL,NORMAL,0.61,None,Normal operational routine,Nominal sensor operation within physical and statistical bounds,False,0.39,False,0.021
2026-09-05 13:25:00,False,NORMAL,NORMAL,0.721,None,Normal operational routine,Nominal sensor operation within physical and statistical bounds,False,0.279,False,0.099
2026-09-05 13:30:00,False,NORMAL,NORMAL,0.716,None,Normal operational routine,Nominal sensor operation within physical and statistical bounds,False,0.284,False,0.02
2026-09-05 13:35:00,False,NORMAL,NORMAL,0.641,None,Normal operational routine,Nominal sensor operation within physical and statistical bounds,False,0.304,False,0.359
2026-09-05 13:40:00,False,NORMAL,NORMAL,0.66,None,Normal operational routine,Nominal sensor operation within physical and statistical bounds,False,0.34,False,0.034
2026-09-05 13:45:00,False,NORMAL,NORMAL,0.564,None,Normal operational routine,Nominal sensor operation within physical and statistical bounds,False,0.436,False,0.239
2026-09-05 13:50:00,True,TEMPORAL_SEQUENCE_DISTORTION,WARNING,0.938,wind_speed,Inspect time-series trajectory of wind_speed; check for sudden rate-of-change distortion or sensor drift,LSTM Autoencoder reconstruction error exceeded 3-sigma baseline,False,0.484,True,0.938
2026-09-05 13:55:00,False,NORMAL,NORMAL,0.415,None,Normal operational routine,Nominal sensor operation within physical and statistical bounds,True,0.585,False,0.083
2026-09-05 14:00:00,False,NORMAL,NORMAL,0.498,None,Normal operational routine,Nominal sensor operation within physical and statistical bounds,False,0.344,False,0.502
2026-09-05 14:05:00,False,NORMAL,NORMAL,0.668,None,Normal operational routine,Nominal sensor operation within physical and statistical bounds,False,0.332,False,0.021
2026-09-05 14:10:00,False,NORMAL,NORMAL,0.582,None,Normal operational routine,Nominal sensor operation within physical and statistical bounds,False,0.418,False,0.175
2026-09-05 14:15:00,False,NORMAL,NORMAL,0.617,None,Normal operational routine,Nominal sensor operation within physical and statistical bounds,False,0.383,False,0.069
2026-09-05 14:20:00,False,NORMAL,NORMAL,0.186,None,Normal operational routine,Nominal sensor operation within physical and statistical bounds,True,0.529,False,0.814
2026-09-05 14:25:00,False,NORMAL,NORMAL,0.498,None,Normal operational routine,Nominal sensor operation within physical and statistical bounds,True,0.502,False,0.116
2026-09-05 14:30:00,False,NORMAL,NORMAL,0.57,None,Normal operational routine,Nominal sensor operation within physical and statistical bounds,False,0.43,False,0.031
2026-09-05 14:35:00,False,NORMAL,NORMAL,0.649,None,Normal operational routine,Nominal sensor operation within physical and statistical bounds,False,0.351,False,0.031
2026-09-05 14:40:00,False,NORMAL,NORMAL,0.669,None,Normal operational routine,Nominal sensor operation within physical and statistical bounds,False,0.331,False,0.146
2026-09-05 14:45:00,False,NORMAL,NORMAL,0.783,None,Normal operational routine,Nominal sensor operation within physical and statistical bounds,False,0.217,False,0.037
2026-09-05 14:50:00,False,NORMAL,NORMAL,0.809,None,Normal operational routine,Nominal sensor operation within physical and statistical bounds,False,0.191,False,0.044
2026-09-05 14:55:00,False,NORMAL,NORMAL,0.777,None,Normal operational routine,Nominal sensor operation within physical and statistical bounds,False,0.223,False,0.055
2026-09-05 15:00:00,False,NORMAL,NORMAL,0.67,None,Normal operational routine,Nominal sensor operation within physical and statistical bounds,False,0.33,False,0.197
2026-09-05 15:05:00,False,NORMAL,NORMAL,0.805,None,Normal operational routine,Nominal sensor operation within physical and statistical bounds,False,0.195,False,0.085
2026-09-05 15:10:00,False,NORMAL,NORMAL,0.727,None,Normal operational routine,Nominal sensor operation within physical and statistical bounds,False,0.273,False,0.022
2026-09-05 15:15:00,False,NORMAL,NORMAL,0.712,None,Normal operational routine,Nominal sensor operation within physical and statistical bounds,False,0.288,False,0.047
2026-09-05 15:20:00,False,NORMAL,NORMAL,0.703,None,Normal operational routine,Nominal sensor operation within physical and statistical bounds,False,0.297,False,0.02
2026-09-05 15:25:00,False,NORMAL,NORMAL,0.653,None,Normal operational routine,Nominal sensor operation within physical and statistical bounds,False,0.347,False,0.043
2026-09-05 15:30:00,False,NORMAL,NORMAL,0.796,None,Normal operational routine,Nominal sensor operation within physical and statistical bounds,False,0.204,False,0.036
2026-09-05 15:35:00,False,NORMAL,NORMAL,0.796,None,Normal operational routine,Nominal sensor operation within physical and statistical bounds,False,0.204,False,0.023
2026-09-05 15:40:00,False,NORMAL,NORMAL,0.676,None,Normal operational routine,Nominal sensor operation within physical and statistical bounds,False,0.324,False,0.09
2026-09-05 15:45:00,False,NORMAL,NORMAL,0.388,None,Normal operational routine,Nominal sensor operation within physical and statistical bounds,False,0.323,False,0.612
2026-09-05 15:50:00,False,NORMAL,NORMAL,0.81,None,Normal operational routine,Nominal sensor operation within physical and statistical bounds,False,0.19,False,0.036
2026-09-05 15:55:00,False,NORMAL,NORMAL,0.794,None,Normal operational routine,Nominal sensor operation within physical and statistical bounds,False,0.206,False,0.021
2026-09-05 16:00:00,True,TEMPORAL_SEQUENCE_DISTORTION,WARNING,0.892,wind_speed,Inspect time-series trajectory of wind_speed; check for sudden rate-of-change distortion or sensor drift,LSTM Autoencoder reconstruction error exceeded 3-sigma baseline,False,0.479,True,0.892
2026-09-05 16:05:00,False,NORMAL,NORMAL,0.648,None,Normal operational routine,Nominal sensor operation within physical and statistical bounds,False,0.352,False,0.022
2026-09-05 16:10:00,False,NORMAL,NORMAL,0.787,None,Normal operational routine,Nominal sensor operation within physical and statistical bounds,False,0.213,False,0.033
2026-09-05 16:15:00,False,NORMAL,NORMAL,0.777,None,Normal operational routine,Nominal sensor operation within physical and statistical bounds,False,0.223,False,0.023
2026-09-05 16:20:00,False,NORMAL,NORMAL,0.498,None,Normal operational routine,Nominal sensor operation within physical and statistical bounds,True,0.502,False,0.148
2026-09-05 16:25:00,False,NORMAL,NORMAL,0.64,None,Normal operational routine,Nominal sensor operation within physical and statistical bounds,False,0.36,False,0.24
2026-09-05 16:30:00,False,NORMAL,NORMAL,0.815,None,Normal operational routine,Nominal sensor operation within physical and statistical bounds,False,0.185,False,0.035
2026-09-05 16:35:00,False,NORMAL,NORMAL,0.68,None,Normal operational routine,Nominal sensor operation within physical and statistical bounds,False,0.32,False,0.023
2026-09-05 16:40:00,False,NORMAL,NORMAL,0.714,None,Normal operational routine,Nominal sensor operation within physical and statistical bounds,False,0.286,False,0.034
2026-09-05 16:45:00,False,NORMAL,NORMAL,0.77,None,Normal operational routine,Nominal sensor operation within physical and statistical bounds,False,0.23,False,0.026
2026-09-05 16:50:00,False,NORMAL,NORMAL,0.69,None,Normal operational routine,Nominal sensor operation within physical and statistical bounds,False,0.31,False,0.053
2026-09-05 16:55:00,False,NORMAL,NORMAL,0.709,None,Normal operational routine,Nominal sensor operation within physical and statistical bounds,False,0.291,False,0.228
2026-09-05 17:00:00,False,NORMAL,NORMAL,0.742,None,Normal operational routine,Nominal sensor operation within physical and statistical bounds,False,0.258,False,0.063
2026-09-05 17:05:00,False,NORMAL,NORMAL,0.742,None,Normal operational routine,Nominal sensor operation within physical and statistical bounds,False,0.258,False,0.021
2026-09-05 17:10:00,False,NORMAL,NORMAL,0.612,None,Normal operational routine,Nominal sensor operation within physical and statistical bounds,False,0.388,False,0.026
2026-09-05 17:15:00,False,NORMAL,NORMAL,0.559,None,Normal operational routine,Nominal sensor operation within physical and statistical bounds,False,0.441,False,0.02
2026-09-05 17:20:00,False,NORMAL,NORMAL,0.577,None,Normal operational routine,Nominal sensor operation within physical and statistical bounds,False,0.423,False,0.048
2026-09-05 17:25:00,False,NORMAL,NORMAL,0.817,None,Normal operational routine,Nominal sensor operation within physical and statistical bounds,False,0.183,False,0.02
2026-09-05 17:30:00,False,NORMAL,NORMAL,0.834,None,Normal operational routine,Nominal sensor operation within physical and statistical bounds,False,0.166,False,0.036
2026-09-05 17:35:00,False,NORMAL,NORMAL,0.828,None,Normal operational routine,Nominal sensor operation within physical and statistical bounds,False,0.172,False,0.023
2026-09-05 17:40:00,False,NORMAL,NORMAL,0.801,None,Normal operational routine,Nominal sensor operation within physical and statistical bounds,False,0.199,False,0.043
2026-09-05 17:45:00,False,NORMAL,NORMAL,0.492,None,Normal operational routine,Nominal sensor operation within physical and statistical bounds,False,0.325,False,0.508
2026-09-05 17:50:00,False,NORMAL,NORMAL,0.401,None,Normal operational routine,Nominal sensor operation within physical and statistical bounds,True,0.599,False,0.134
2026-09-05 17:55:00,False,NORMAL,NORMAL,0.39,None,Normal operational routine,Nominal sensor operation within physical and statistical bounds,True,0.574,False,0.61
2026-09-05 18:00:00,False,NORMAL,NORMAL,0.743,None,Normal operational routine,Nominal sensor operation within physical and statistical bounds,False,0.257,False,0.032
2026-09-05 18:05:00,False,NORMAL,NORMAL,0.801,None,Normal operational routine,Nominal sensor operation within physical and statistical bounds,False,0.199,False,0.023
2026-09-05 18:10:00,False,NORMAL,NORMAL,0.816,None,Normal operational routine,Nominal sensor operation within physical and statistical bounds,False,0.184,False,0.03
2026-09-05 18:15:00,False,NORMAL,NORMAL,0.869,None,Normal operational routine,Nominal sensor operation within physical and statistical bounds,False,0.131,False,0.021
2026-09-05 18:20:00,True,TEMPORAL_SEQUENCE_DISTORTION,WARNING,0.92,wind_speed,Inspect time-series trajectory of wind_speed; check for sudden rate-of-change distortion or sensor drift,LSTM Autoencoder reconstruction error exceeded 3-sigma baseline,False,0.281,True,0.92
2026-09-05 18:25:00,False,NORMAL,NORMAL,0.807,None,Normal operational routine,Nominal sensor operation within physical and statistical bounds,False,0.193,False,0.068
2026-09-05 18:30:00,False,NORMAL,NORMAL,0.751,None,Normal operational routine,Nominal sensor operation within physical and statistical bounds,False,0.249,False,0.082
2026-09-05 18:35:00,False,NORMAL,NORMAL,0.817,None,Normal operational routine,Nominal sensor operation within physical and statistical bounds,False,0.183,False,0.022
2026-09-05 18:40:00,False,NORMAL,NORMAL,0.845,None,Normal operational routine,Nominal sensor operation within physical and statistical bounds,False,0.155,False,0.062
2026-09-05 18:45:00,False,NORMAL,NORMAL,0.878,None,Normal operational routine,Nominal sensor operation within physical and statistical bounds,False,0.122,False,0.03
2026-09-05 18:50:00,False,NORMAL,NORMAL,0.859,None,Normal operational routine,Nominal sensor operation within physical and statistical bounds,False,0.141,False,0.021
2026-09-05 18:55:00,False,NORMAL,NORMAL,0.859,None,Normal operational routine,Nominal sensor operation within physical and statistical bounds,False,0.141,False,0.023
2026-09-05 19:00:00,False,NORMAL,NORMAL,0.863,None,Normal operational routine,Nominal sensor operation within physical and statistical bounds,False,0.137,False,0.064
2026-09-05 19:05:00,False,NORMAL,NORMAL,0.865,None,Normal operational routine,Nominal sensor operation within physical and statistical bounds,False,0.135,False,0.021
2026-09-05 19:10:00,False,NORMAL,NORMAL,0.583,None,Normal operational routine,Nominal sensor operation within physical and statistical bounds,False,0.417,False,0.029
2026-09-05 19:15:00,False,NORMAL,NORMAL,0.566,None,Normal operational routine,Nominal sensor operation within physical and statistical bounds,False,0.434,False,0.022
2026-09-05 19:20:00,False,NORMAL,NORMAL,0.812,None,Normal operational routine,Nominal sensor operation within physical and statistical bounds,False,0.188,False,0.022
2026-09-05 19:25:00,False,NORMAL,NORMAL,0.762,None,Normal operational routine,Nominal sensor operation within physical and statistical bounds,False,0.171,False,0.238
2026-09-05 19:30:00,False,NORMAL,NORMAL,0.826,None,Normal operational routine,Nominal sensor operation within physical and statistical bounds,False,0.174,False,0.023
2026-09-05 19:35:00,False,NORMAL,NORMAL,0.861,None,Normal operational routine,Nominal sensor operation within physical and statistical bounds,False,0.139,False,0.02
2026-09-05 19:40:00,False,NORMAL,NORMAL,0.834,None,Normal operational routine,Nominal sensor operation within physical and statistical bounds,False,0.166,False,0.063
2026-09-05 19:45:00,False,NORMAL,NORMAL,0.794,None,Normal operational routine,Nominal sensor operation within physical and statistical bounds,False,0.206,False,0.121
2026-09-05 19:50:00,False,NORMAL,NORMAL,0.842,None,Normal operational routine,Nominal sensor operation within physical and statistical bounds,False,0.158,False,0.04
2026-09-05 19:55:00,False,NORMAL,NORMAL,0.725,None,Normal operational routine,Nominal sensor operation within physical and statistical bounds,False,0.275,False,0.033
2026-09-05 20:00:00,False,NORMAL,NORMAL,0.878,None,Normal operational routine,Nominal sensor operation within physical and statistical bounds,False,0.122,False,0.026
2026-09-05 20:05:00,False,NORMAL,NORMAL,0.794,None,Normal operational routine,Nominal sensor operation within physical and statistical bounds,False,0.206,False,0.021
2026-09-05 20:10:00,False,NORMAL,NORMAL,0.775,None,Normal operational routine,Nominal sensor operation within physical and statistical bounds,False,0.225,False,0.019
2026-09-05 20:15:00,False,NORMAL,NORMAL,0.861,None,Normal operational routine,Nominal sensor operation within physical and statistical bounds,False,0.139,False,0.138
2026-09-05 20:20:00,False,NORMAL,NORMAL,0.568,None,Normal operational routine,Nominal sensor operation within physical and statistical bounds,False,0.13,False,0.432
2026-09-05 20:25:00,False,NORMAL,NORMAL,0.704,None,Normal operational routine,Nominal sensor operation within physical and statistical bounds,False,0.296,False,0.027
2026-09-05 20:30:00,False,NORMAL,NORMAL,0.632,None,Normal operational routine,Nominal sensor operation within physical and statistical bounds,False,0.368,False,0.023
2026-09-05 20:35:00,False,NORMAL,NORMAL,0.424,None,Normal operational routine,Nominal sensor operation within physical and statistical bounds,True,0.576,False,0.039
2026-09-05 20:40:00,False,NORMAL,NORMAL,0.76,None,Normal operational routine,Nominal sensor operation within physical and statistical bounds,False,0.24,False,0.02
2026-09-05 20:45:00,False,NORMAL,NORMAL,0.524,None,Normal operational routine,Nominal sensor operation within physical and statistical bounds,False,0.476,False,0.475
2026-09-05 20:50:00,False,NORMAL,NORMAL,0.844,None,Normal operational routine,Nominal sensor operation within physical and statistical bounds,False,0.156,False,0.039
2026-09-05 20:55:00,True,TEMPORAL_SEQUENCE_DISTORTION,WARNING,0.983,wind_speed,Inspect time-series trajectory of wind_speed; check for sudden rate-of-change distortion or sensor drift,LSTM Autoencoder reconstruction error exceeded 3-sigma baseline,False,0.423,True,0.983
2026-09-05 21:00:00,False,NORMAL,NORMAL,0.423,None,Normal operational routine,Nominal sensor operation within physical and statistical bounds,False,0.22,False,0.577
2026-09-05 21:05:00,False,NORMAL,NORMAL,0.805,None,Normal operational routine,Nominal sensor operation within physical and statistical bounds,False,0.195,False,0.03
2026-09-05 21:10:00,False,NORMAL,NORMAL,0.893,None,Normal operational routine,Nominal sensor operation within physical and statistical bounds,False,0.107,False,0.02
2026-09-05 21:15:00,False,NORMAL,NORMAL,0.801,None,Normal operational routine,Nominal sensor operation within physical and statistical bounds,False,0.199,False,0.022
2026-09-05 21:20:00,False,NORMAL,NORMAL,0.755,None,Normal operational routine,Nominal sensor operation within physical and statistical bounds,False,0.245,False,0.021
2026-09-05 21:25:00,False,NORMAL,NORMAL,0.88,None,Normal operational routine,Nominal sensor operation within physical and statistical bounds,False,0.12,False,0.021
2026-09-05 21:30:00,False,NORMAL,NORMAL,0.764,None,Normal operational routine,Nominal sensor operation within physical and statistical bounds,False,0.236,False,0.043
2026-09-05 21:35:00,False,NORMAL,NORMAL,0.817,None,Normal operational routine,Nominal sensor operation within physical and statistical bounds,False,0.183,False,0.019
2026-09-05 21:40:00,False,NORMAL,NORMAL,0.844,None,Normal operational routine,Nominal sensor operation within physical and statistical bounds,False,0.156,False,0.029
2026-09-05 21:45:00,False,NORMAL,NORMAL,0.888,None,Normal operational routine,Nominal sensor operation within physical and statistical bounds,False,0.112,False,0.063
2026-09-05 21:50:00,False,NORMAL,NORMAL,0.806,None,Normal operational routine,Nominal sensor operation within physical and statistical bounds,False,0.194,False,0.033
2026-09-05 21:55:00,False,NORMAL,NORMAL,0.498,None,Normal operational routine,Nominal sensor operation within physical and statistical bounds,False,0.488,False,0.502
2026-09-05 22:00:00,False,NORMAL,NORMAL,0.644,None,Normal operational routine,Nominal sensor operation within physical and statistical bounds,False,0.356,False,0.024
2026-09-05 22:05:00,False,NORMAL,NORMAL,0.842,None,Normal operational routine,Nominal sensor operation within physical and statistical bounds,False,0.158,False,0.039
2026-09-05 22:10:00,False,NORMAL,NORMAL,0.73,None,Normal operational routine,Nominal sensor operation within physical and statistical bounds,False,0.27,False,0.195
2026-09-05 22:15:00,False,NORMAL,NORMAL,0.816,None,Normal operational routine,Nominal sensor operation within physical and statistical bounds,False,0.184,False,0.02
2026-09-05 22:20:00,False,NORMAL,NORMAL,0.883,None,Normal operational routine,Nominal sensor operation within physical and statistical bounds,False,0.117,False,0.019
2026-09-05 22:25:00,False,NORMAL,NORMAL,0.785,None,Normal operational routine,Nominal sensor operation within physical and statistical bounds,False,0.215,False,0.054
2026-09-05 22:30:00,False,NORMAL,NORMAL,0.484,None,Normal operational routine,Nominal sensor operation within physical and statistical bounds,True,0.516,False,0.053
2026-09-05 22:35:00,False,NORMAL,NORMAL,0.655,None,Normal operational routine,Nominal sensor operation within physical and statistical bounds,False,0.345,False,0.076
2026-09-05 22:40:00,False,NORMAL,NORMAL,0.839,None,Normal operational routine,Nominal sensor operation within physical and statistical bounds,False,0.161,False,0.025
2026-09-05 22:45:00,False,NORMAL,NORMAL,0.244,None,Normal operational routine,Nominal sensor operation within physical and statistical bounds,False,0.278,False,0.756
2026-09-05 22:50:00,False,NORMAL,NORMAL,0.777,None,Normal operational routine,Nominal sensor operation within physical and statistical bounds,False,0.223,False,0.039
2026-09-05 22:55:00,False,NORMAL,NORMAL,0.831,None,Normal operational routine,Nominal sensor operation within physical and statistical bounds,False,0.169,False,0.026
2026-09-05 23:00:00,False,NORMAL,NORMAL,0.829,None,Normal operational routine,Nominal sensor operation within physical and statistical bounds,False,0.171,False,0.097
2026-09-05 23:05:00,False,NORMAL,NORMAL,0.838,None,Normal operational routine,Nominal sensor operation within physical and statistical bounds,False,0.162,False,0.034
2026-09-05 23:10:00,False,NORMAL,NORMAL,0.873,None,Normal operational routine,Nominal sensor operation within physical and statistical bounds,False,0.127,False,0.031
2026-09-05 23:15:00,False,NORMAL,NORMAL,0.809,None,Normal operational routine,Nominal sensor operation within physical and statistical bounds,False,0.191,False,0.068
2026-09-05 23:20:00,False,NORMAL,NORMAL,0.825,None,Normal operational routine,Nominal sensor operation within physical and statistical bounds,False,0.175,False,0.02
2026-09-05 23:25:00,False,NORMAL,NORMAL,0.827,None,Normal operational routine,Nominal sensor operation within physical and statistical bounds,False,0.173,False,0.022
2026-09-05 23:30:00,False,NORMAL,NORMAL,0.71,None,Normal operational routine,Nominal sensor operation within physical and statistical bounds,False,0.29,False,0.046
2026-09-05 23:35:00,False,NORMAL,NORMAL,0.788,None,Normal operational routine,Nominal sensor operation within physical and statistical bounds,False,0.212,False,0.023
2026-09-05 23:40:00,False,NORMAL,NORMAL,0.831,None,Normal operational routine,Nominal sensor operation within physical and statistical bounds,False,0.169,False,0.042
2026-09-05 23:45:00,False,NORMAL,NORMAL,0.774,None,Normal operational routine,Nominal sensor operation within physical and statistical bounds,False,0.226,False,0.057
2026-09-05 23:50:00,False,NORMAL,NORMAL,0.695,None,Normal operational routine,Nominal sensor operation within physical and statistical bounds,False,0.305,False,0.02
2026-09-05 23:55:00,False,NORMAL,NORMAL,0.455,None,Normal operational routine,Nominal sensor operation within physical and statistical bounds,False,0.349,False,0.545
2026-09-06 00:00:00,False,NORMAL,NORMAL,0.804,None,Normal operational routine,Nominal sensor operation within physical and statistical bounds,False,0.196,False,0.047
2026-09-06 00:05:00,False,NORMAL,NORMAL,0.766,None,Normal operational routine,Nominal sensor operation within physical and statistical bounds,False,0.234,False,0.052
2026-09-06 00:10:00,False,NORMAL,NORMAL,0.776,None,Normal operational routine,Nominal sensor operation within physical and statistical bounds,False,0.224,False,0.106
2026-09-06 00:15:00,False,NORMAL,NORMAL,0.848,None,Normal operational routine,Nominal sensor operation within physical and statistical bounds,False,0.152,False,0.024
2026-09-06 00:20:00,False,NORMAL,NORMAL,0.822,None,Normal operational routine,Nominal sensor operation within physical and statistical bounds,False,0.178,False,0.025
2026-09-06 00:25:00,False,NORMAL,NORMAL,0.813,None,Normal operational routine,Nominal sensor operation within physical and statistical bounds,False,0.187,False,0.027
2026-09-06 00:30:00,False,NORMAL,NORMAL,0.663,None,Normal operational routine,Nominal sensor operation within physical and statistical bounds,False,0.337,False,0.032
2026-09-06 00:35:00,False,NORMAL,NORMAL,0.718,None,Normal operational routine,Nominal sensor operation within physical and statistical bounds,False,0.282,False,0.024
2026-09-06 00:40:00,False,NORMAL,NORMAL,0.838,None,Normal operational routine,Nominal sensor operation within physical and statistical bounds,False,0.162,False,0.02
2026-09-06 00:45:00,False,NORMAL,NORMAL,0.849,None,Normal operational routine,Nominal sensor operation within physical and statistical bounds,False,0.151,False,0.02
2026-09-06 00:50:00,False,NORMAL,NORMAL,0.747,None,Normal operational routine,Nominal sensor operation within physical and statistical bounds,False,0.253,False,0.137
2026-09-06 00:55:00,True,SENSOR_SPEC_BREACH (SPEC_TEMP_EXCEEDS_RANGE),WARNING,0.92,temperature,Inspect radiation shield ventilation and RTD/thermistor wiring integrity,"Temperature (78.5°C) exceeds operating specifications [-45.0°C, 55.0°C]",True,0.656,True,1.0
2026-09-06 01:00:00,False,NORMAL,NORMAL,0.652,None,Normal operational routine,Nominal sensor operation within physical and statistical bounds,False,0.348,False,0.033
2026-09-06 01:05:00,False,NORMAL,NORMAL,0.777,None,Normal operational routine,Nominal sensor operation within physical and statistical bounds,False,0.223,False,0.037
2026-09-06 01:10:00,False,NORMAL,NORMAL,0.787,None,Normal operational routine,Nominal sensor operation within physical and statistical bounds,False,0.213,False,0.048
2026-09-06 01:15:00,False,NORMAL,NORMAL,0.771,None,Normal operational routine,Nominal sensor operation within physical and statistical bounds,False,0.229,False,0.046
2026-09-06 01:20:00,False,NORMAL,NORMAL,0.83,None,Normal operational routine,Nominal sensor operation within physical and statistical bounds,False,0.17,False,0.038
2026-09-06 01:25:00,False,NORMAL,NORMAL,0.815,None,Normal operational routine,Nominal sensor operation within physical and statistical bounds,False,0.185,False,0.099
2026-09-06 01:30:00,False,NORMAL,NORMAL,0.83,None,Normal operational routine,Nominal sensor operation within physical and statistical bounds,False,0.17,False,0.042
2026-09-06 01:35:00,False,NORMAL,NORMAL,0.822,None,Normal operational routine,Nominal sensor operation within physical and statistical bounds,False,0.178,False,0.069
2026-09-06 01:40:00,False,NORMAL,NORMAL,0.806,None,Normal operational routine,Nominal sensor operation within physical and statistical bounds,False,0.194,False,0.096
2026-09-06 01:45:00,False,NORMAL,NORMAL,0.649,None,Normal operational routine,Nominal sensor operation within physical and statistical bounds,False,0.351,False,0.084
2026-09-06 01:50:00,False,NORMAL,NORMAL,0.846,None,Normal operational routine,Nominal sensor operation within physical and statistical bounds,False,0.154,False,0.03
2026-09-06 01:55:00,False,NORMAL,NORMAL,0.859,None,Normal operational routine,Nominal sensor operation within physical and statistical bounds,False,0.141,False,0.02
2026-09-06 02:00:00,False,NORMAL,NORMAL,0.784,None,Normal operational routine,Nominal sensor operation within physical and statistical bounds,False,0.216,False,0.077
2026-09-06 02:05:00,False,NORMAL,NORMAL,0.859,None,Normal operational routine,Nominal sensor operation within physical and statistical bounds,False,0.141,False,0.023
2026-09-06 02:10:00,False,NORMAL,NORMAL,0.88,None,Normal operational routine,Nominal sensor operation within physical and statistical bounds,False,0.12,False,0.019
2026-09-06 02:15:00,False,NORMAL,NORMAL,0.655,None,Normal operational routine,Nominal sensor operation within physical and statistical bounds,False,0.345,False,0.087
2026-09-06 02:20:00,False,NORMAL,NORMAL,0.685,None,Normal operational routine,Nominal sensor operation within physical and statistical bounds,False,0.315,False,0.019
2026-09-06 02:25:00,False,NORMAL,NORMAL,0.845,None,Normal operational routine,Nominal sensor operation within physical and statistical bounds,False,0.155,False,0.064
2026-09-06 02:30:00,False,NORMAL,NORMAL,0.844,None,Normal operational routine,Nominal sensor operation within physical and statistical bounds,False,0.156,False,0.024
2026-09-06 02:35:00,False,NORMAL,NORMAL,0.751,None,Normal operational routine,Nominal sensor operation within physical and statistical bounds,False,0.249,False,0.028
2026-09-06 02:40:00,False,NORMAL,NORMAL,0.795,None,Normal operational routine,Nominal sensor operation within physical and statistical bounds,False,0.205,False,0.019
2026-09-06 02:45:00,False,NORMAL,NORMAL,0.82,None,Normal operational routine,Nominal sensor operation within physical and statistical bounds,False,0.18,False,0.032
2026-09-06 02:50:00,False,NORMAL,NORMAL,0.831,None,Normal operational routine,Nominal sensor operation within physical and statistical bounds,False,0.169,False,0.029
2026-09-06 02:55:00,False,NORMAL,NORMAL,0.885,None,Normal operational routine,Nominal sensor operation within physical and statistical bounds,False,0.115,False,0.019
2026-09-06 03:00:00,False,NORMAL,NORMAL,0.851,None,Normal operational routine,Nominal sensor operation within physical and statistical bounds,False,0.149,False,0.039
2026-09-06 03:05:00,False,NORMAL,NORMAL,0.519,None,Normal operational routine,Nominal sensor operation within physical and statistical bounds,False,0.481,False,0.038
2026-09-06 03:10:00,False,NORMAL,NORMAL,0.791,None,Normal operational routine,Nominal sensor operation within physical and statistical bounds,False,0.209,False,0.023
2026-09-06 03:15:00,False,NORMAL,NORMAL,0.883,None,Normal operational routine,Nominal sensor operation within physical and statistical bounds,False,0.117,False,0.02
2026-09-06 03:20:00,False,NORMAL,NORMAL,0.875,None,Normal operational routine,Nominal sensor operation within physical and statistical bounds,False,0.125,False,0.045
2026-09-06 03:25:00,False,NORMAL,NORMAL,0.869,None,Normal operational routine,Nominal sensor operation within physical and statistical bounds,False,0.131,False,0.02
2026-09-06 03:30:00,False,NORMAL,NORMAL,0.858,None,Normal operational routine,Nominal sensor operation within physical and statistical bounds,False,0.142,False,0.022
2026-09-06 03:35:00,False,NORMAL,NORMAL,0.802,None,Normal operational routine,Nominal sensor operation within physical and statistical bounds,False,0.198,False,0.036
2026-09-06 03:40:00,False,NORMAL,NORMAL,0.816,None,Normal operational routine,Nominal sensor operation within physical and statistical bounds,False,0.184,False,0.025
2026-09-06 03:45:00,False,NORMAL,NORMAL,0.829,None,Normal operational routine,Nominal sensor operation within physical and statistical bounds,False,0.171,False,0.027
2026-09-06 03:50:00,False,NORMAL,NORMAL,0.797,None,Normal operational routine,Nominal sensor operation within physical and statistical bounds,False,0.203,False,0.021
2026-09-06 03:55:00,False,NORMAL,NORMAL,0.785,None,Normal operational routine,Nominal sensor operation within physical and statistical bounds,False,0.199,False,0.215
2026-09-06 04:00:00,False,NORMAL,NORMAL,0.839,None,Normal operational routine,Nominal sensor operation within physical and statistical bounds,False,0.161,False,0.027
2026-09-06 04:05:00,False,NORMAL,NORMAL,0.854,None,Normal operational routine,Nominal sensor operation within physical and statistical bounds,False,0.146,False,0.023
2026-09-06 04:10:00,False,NORMAL,NORMAL,0.567,None,Normal operational routine,Nominal sensor operation within physical and statistical bounds,False,0.209,False,0.433
2026-09-06 04:15:00,False,NORMAL,NORMAL,0.241,None,Normal operational routine,Nominal sensor operation within physical and statistical bounds,False,0.266,False,0.759
2026-09-06 04:20:00,False,NORMAL,NORMAL,0.8,None,Normal operational routine,Nominal sensor operation within physical and statistical bounds,False,0.2,False,0.021
2026-09-06 04:25:00,False,NORMAL,NORMAL,0.833,None,Normal operational routine,Nominal sensor operation within physical and statistical bounds,False,0.167,False,0.04
2026-09-06 04:30:00,False,NORMAL,NORMAL,0.525,None,Normal operational routine,Nominal sensor operation within physical and statistical bounds,False,0.475,False,0.024
2026-09-06 04:35:00,False,NORMAL,NORMAL,0.826,None,Normal operational routine,Nominal sensor operation within physical and statistical bounds,False,0.174,False,0.057
2026-09-06 04:40:00,False,NORMAL,NORMAL,0.879,None,Normal operational routine,Nominal sensor operation within physical and statistical bounds,False,0.121,False,0.025
2026-09-06 04:45:00,False,NORMAL,NORMAL,0.418,None,Normal operational routine,Nominal sensor operation within physical and statistical bounds,False,0.271,False,0.582
2026-09-06 04:50:00,False,NORMAL,NORMAL,0.825,None,Normal operational routine,Nominal sensor operation within physical and statistical bounds,False,0.175,False,0.036
2026-09-06 04:55:00,False,NORMAL,NORMAL,0.739,None,Normal operational routine,Nominal sensor operation within physical and statistical bounds,False,0.261,False,0.021
2026-09-06 05:00:00,False,NORMAL,NORMAL,0.827,None,Normal operational routine,Nominal sensor operation within physical and statistical bounds,False,0.173,False,0.023
2026-09-06 05:05:00,False,NORMAL,NORMAL,0.677,None,Normal operational routine,Nominal sensor operation within physical and statistical bounds,False,0.323,False,0.03
2026-09-06 05:10:00,False,NORMAL,NORMAL,0.454,None,Normal operational routine,Nominal sensor operation within physical and statistical bounds,True,0.546,False,0.029
2026-09-06 05:15:00,False,NORMAL,NORMAL,0.815,None,Normal operational routine,Nominal sensor operation within physical and statistical bounds,False,0.185,False,0.125
2026-09-06 05:20:00,False,NORMAL,NORMAL,0.856,None,Normal operational routine,Nominal sensor operation within physical and statistical bounds,False,0.144,False,0.024
2026-09-06 05:25:00,False,NORMAL,NORMAL,0.691,None,Normal operational routine,Nominal sensor operation within physical and statistical bounds,False,0.309,False,0.027
2026-09-06 05:30:00,False,NORMAL,NORMAL,0.857,None,Normal operational routine,Nominal sensor operation within physical and statistical bounds,False,0.143,False,0.029
2026-09-06 05:35:00,False,NORMAL,NORMAL,0.887,None,Normal operational routine,Nominal sensor operation within physical and statistical bounds,False,0.113,False,0.029
2026-09-06 05:40:00,True,TEMPORAL_SEQUENCE_DISTORTION,WARNING,0.981,wind_speed,Inspect time-series trajectory of wind_speed; check for sudden rate-of-change distortion or sensor drift,LSTM Autoencoder reconstruction error exceeded 3-sigma baseline,False,0.328,True,0.981
2026-09-06 05:45:00,False,NORMAL,NORMAL,0.706,None,Normal operational routine,Nominal sensor operation within physical and statistical bounds,False,0.294,False,0.055
2026-09-06 05:50:00,False,NORMAL,NORMAL,0.738,None,Normal operational routine,Nominal sensor operation within physical and statistical bounds,False,0.262,False,0.044
2026-09-06 05:55:00,False,NORMAL,NORMAL,0.795,None,Normal operational routine,Nominal sensor operation within physical and statistical bounds,False,0.205,False,0.025
2026-09-06 06:00:00,False,NORMAL,NORMAL,0.875,None,Normal operational routine,Nominal sensor operation within physical and statistical bounds,False,0.125,False,0.023
2026-09-06 06:05:00,False,NORMAL,NORMAL,0.88,None,Normal operational routine,Nominal sensor operation within physical and statistical bounds,False,0.12,False,0.021
2026-09-06 06:10:00,False,NORMAL,NORMAL,0.827,None,Normal operational routine,Nominal sensor operation within physical and statistical bounds,False,0.173,False,0.039
2026-09-06 06:15:00,False,NORMAL,NORMAL,0.87,None,Normal operational routine,Nominal sensor operation within physical and statistical bounds,False,0.13,False,0.023
2026-09-06 06:20:00,False,NORMAL,NORMAL,0.874,None,Normal operational routine,Nominal sensor operation within physical and statistical bounds,False,0.126,False,0.026
2026-09-06 06:25:00,False,NORMAL,NORMAL,0.864,None,Normal operational routine,Nominal sensor operation within physical and statistical bounds,False,0.136,False,0.089
2026-09-06 06:30:00,False,NORMAL,NORMAL,0.235,None,Normal operational routine,Nominal sensor operation within physical and statistical bounds,False,0.236,False,0.765
2026-09-06 06:35:00,False,NORMAL,NORMAL,0.722,None,Normal operational routine,Nominal sensor operation within physical and statistical bounds,False,0.278,False,0.027
2026-09-06 06:40:00,False,NORMAL,NORMAL,0.83,None,Normal operational routine,Nominal sensor operation within physical and statistical bounds,False,0.17,False,0.034
2026-09-06 06:45:00,False,NORMAL,NORMAL,0.722,None,Normal operational routine,Nominal sensor operation within physical and statistical bounds,False,0.278,False,0.088
2026-09-06 06:50:00,False,NORMAL,NORMAL,0.821,None,Normal operational routine,Nominal sensor operation within physical and statistical bounds,False,0.179,False,0.066
2026-09-06 06:55:00,False,NORMAL,NORMAL,0.859,None,Normal operational routine,Nominal sensor operation within physical and statistical bounds,False,0.141,False,0.021
2026-09-06 07:00:00,False,NORMAL,NORMAL,0.86,None,Normal operational routine,Nominal sensor operation within physical and statistical bounds,False,0.14,False,0.023
2026-09-06 07:05:00,False,NORMAL,NORMAL,0.806,None,Normal operational routine,Nominal sensor operation within physical and statistical bounds,False,0.194,False,0.021
2026-09-06 07:10:00,False,NORMAL,NORMAL,0.515,None,Normal operational routine,Nominal sensor operation within physical and statistical bounds,False,0.361,False,0.485
2026-09-06 07:15:00,False,NORMAL,NORMAL,0.56,None,Normal operational routine,Nominal sensor operation within physical and statistical bounds,False,0.44,False,0.021
2026-09-06 07:20:00,False,NORMAL,NORMAL,0.556,None,Normal operational routine,Nominal sensor operation within physical and statistical bounds,False,0.444,False,0.028
2026-09-06 07:25:00,False,NORMAL,NORMAL,0.761,None,Normal operational routine,Nominal sensor operation within physical and statistical bounds,False,0.239,False,0.133
2026-09-06 07:30:00,False,NORMAL,NORMAL,0.755,None,Normal operational routine,Nominal sensor operation within physical and statistical bounds,False,0.245,False,0.075
2026-09-06 07:35:00,False,NORMAL,NORMAL,0.797,None,Normal operational routine,Nominal sensor operation within physical and statistical bounds,False,0.203,False,0.026
2026-09-06 07:40:00,False,NORMAL,NORMAL,0.83,None,Normal operational routine,Nominal sensor operation within physical and statistical bounds,False,0.17,False,0.023
2026-09-06 07:45:00,False,NORMAL,NORMAL,0.878,None,Normal operational routine,Nominal sensor operation within physical and statistical bounds,False,0.122,False,0.024
2026-09-06 07:50:00,False,NORMAL,NORMAL,0.689,None,Normal operational routine,Nominal sensor operation within physical and statistical bounds,False,0.3,False,0.311
2026-09-06 07:55:00,False,NORMAL,NORMAL,0.677,None,Normal operational routine,Nominal sensor operation within physical and statistical bounds,False,0.323,False,0.028
2026-09-06 08:00:00,False,NORMAL,NORMAL,0.742,None,Normal operational routine,Nominal sensor operation within physical and statistical bounds,False,0.258,False,0.136
2026-09-06 08:05:00,False,NORMAL,NORMAL,0.872,None,Normal operational routine,Nominal sensor operation within physical and statistical bounds,False,0.128,False,0.021
2026-09-06 08:10:00,False,NORMAL,NORMAL,0.783,None,Normal operational routine,Nominal sensor operation within physical and statistical bounds,False,0.217,False,0.041
2026-09-06 08:15:00,False,NORMAL,NORMAL,0.625,None,Normal operational routine,Nominal sensor operation within physical and statistical bounds,False,0.375,False,0.098
2026-09-06 08:20:00,False,NORMAL,NORMAL,0.239,None,Normal operational routine,Nominal sensor operation within physical and statistical bounds,False,0.322,False,0.761
2026-09-06 08:25:00,False,NORMAL,NORMAL,0.642,None,Normal operational routine,Nominal sensor operation within physical and statistical bounds,False,0.358,False,0.034
2026-09-06 08:30:00,False,NORMAL,NORMAL,0.845,None,Normal operational routine,Nominal sensor operation within physical and statistical bounds,False,0.155,False,0.058
2026-09-06 08:35:00,False,NORMAL,NORMAL,0.854,None,Normal operational routine,Nominal sensor operation within physical and statistical bounds,False,0.146,False,0.053
2026-09-06 08:40:00,False,NORMAL,NORMAL,0.81,None,Normal operational routine,Nominal sensor operation within physical and statistical bounds,False,0.19,False,0.021
2026-09-06 08:45:00,False,NORMAL,NORMAL,0.83,None,Normal operational routine,Nominal sensor operation within physical and statistical bounds,False,0.17,False,0.023
2026-09-06 08:50:00,False,NORMAL,NORMAL,0.694,None,Normal operational routine,Nominal sensor operation within physical and statistical bounds,False,0.306,False,0.067
2026-09-06 08:55:00,False,NORMAL,NORMAL,0.852,None,Normal operational routine,Nominal sensor operation within physical and statistical bounds,False,0.148,False,0.022
2026-09-06 09:00:00,False,NORMAL,NORMAL,0.688,None,Normal operational routine,Nominal sensor operation within physical and statistical bounds,False,0.312,False,0.172
2026-09-06 09:05:00,False,NORMAL,NORMAL,0.584,None,Normal operational routine,Nominal sensor operation within physical and statistical bounds,False,0.416,False,0.027
2026-09-06 09:10:00,False,NORMAL,NORMAL,0.702,None,Normal operational routine,Nominal sensor operation within physical and statistical bounds,False,0.298,False,0.022
2026-09-06 09:15:00,False,NORMAL,NORMAL,0.882,None,Normal operational routine,Nominal sensor operation within physical and statistical bounds,False,0.118,False,0.022
2026-09-06 09:20:00,False,NORMAL,NORMAL,0.873,None,Normal operational routine,Nominal sensor operation within physical and statistical bounds,False,0.127,False,0.076
2026-09-06 09:25:00,False,NORMAL,NORMAL,0.881,None,Normal operational routine,Nominal sensor operation within physical and statistical bounds,False,0.119,False,0.021
2026-09-06 09:30:00,True,TEMPORAL_SEQUENCE_DISTORTION,WARNING,0.915,wind_speed,Inspect time-series trajectory of wind_speed; check for sudden rate-of-change distortion or sensor drift,LSTM Autoencoder reconstruction error exceeded 3-sigma baseline,False,0.246,True,0.915
2026-09-06 09:35:00,False,NORMAL,NORMAL,0.829,None,Normal operational routine,Nominal sensor operation within physical and statistical bounds,False,0.171,False,0.02
2026-09-06 09:40:00,False,NORMAL,NORMAL,0.729,None,Normal operational routine,Nominal sensor operation within physical and statistical bounds,False,0.271,False,0.08
2026-09-06 09:45:00,False,NORMAL,NORMAL,0.843,None,Normal operational routine,Nominal sensor operation within physical and statistical bounds,False,0.157,False,0.022
2026-09-06 09:50:00,False,NORMAL,NORMAL,0.829,None,Normal operational routine,Nominal sensor operation within physical and statistical bounds,False,0.171,False,0.023
2026-09-06 09:55:00,False,NORMAL,NORMAL,0.482,None,Normal operational routine,Nominal sensor operation within physical and statistical bounds,False,0.201,False,0.518
2026-09-06 10:00:00,False,NORMAL,NORMAL,0.822,None,Normal operational routine,Nominal sensor operation within physical and statistical bounds,False,0.178,False,0.023
2026-09-06 10:05:00,False,NORMAL,NORMAL,0.839,None,Normal operational routine,Nominal sensor operation within physical and statistical bounds,False,0.161,False,0.021
2026-09-06 10:10:00,False,NORMAL,NORMAL,0.816,None,Normal operational routine,Nominal sensor operation within physical and statistical bounds,False,0.184,False,0.027
2026-09-06 10:15:00,False,NORMAL,NORMAL,0.859,None,Normal operational routine,Nominal sensor operation within physical and statistical bounds,False,0.141,False,0.02
2026-09-06 10:20:00,False,NORMAL,NORMAL,0.834,None,Normal operational routine,Nominal sensor operation within physical and statistical bounds,False,0.166,False,0.032
2026-09-06 10:25:00,False,NORMAL,NORMAL,0.495,None,Normal operational routine,Nominal sensor operation within physical and statistical bounds,True,0.505,False,0.1
2026-09-06 10:30:00,False,NORMAL,NORMAL,0.806,None,Normal operational routine,Nominal sensor operation within physical and statistical bounds,False,0.194,False,0.028
2026-09-06 10:35:00,False,NORMAL,NORMAL,0.754,None,Normal operational routine,Nominal sensor operation within physical and statistical bounds,False,0.246,False,0.235
2026-09-06 10:40:00,False,NORMAL,NORMAL,0.785,None,Normal operational routine,Nominal sensor operation within physical and statistical bounds,False,0.215,False,0.032
2026-09-06 10:45:00,False,NORMAL,NORMAL,0.851,None,Normal operational routine,Nominal sensor operation within physical and statistical bounds,False,0.149,False,0.02
2026-09-06 10:50:00,False,NORMAL,NORMAL,0.846,None,Normal operational routine,Nominal sensor operation within physical and statistical bounds,False,0.154,False,0.034
2026-09-06 10:55:00,False,NORMAL,NORMAL,0.72,None,Normal operational routine,Nominal sensor operation within physical and statistical bounds,False,0.28,False,0.162
2026-09-06 11:00:00,False,NORMAL,NORMAL,0.732,None,Normal operational routine,Nominal sensor operation within physical and statistical bounds,False,0.268,False,0.035
2026-09-06 11:05:00,False,NORMAL,NORMAL,0.716,None,Normal operational routine,Nominal sensor operation within physical and statistical bounds,False,0.284,False,0.025
2026-09-06 11:10:00,False,NORMAL,NORMAL,0.361,None,Normal operational routine,Nominal sensor operation within physical and statistical bounds,False,0.43,False,0.639
2026-09-06 11:15:00,False,NORMAL,NORMAL,0.483,None,Normal operational routine,Nominal sensor operation within physical and statistical bounds,True,0.517,False,0.037
2026-09-06 11:20:00,False,NORMAL,NORMAL,0.619,None,Normal operational routine,Nominal sensor operation within physical and statistical bounds,False,0.353,False,0.381
2026-09-06 11:25:00,False,NORMAL,NORMAL,0.845,None,Normal operational routine,Nominal sensor operation within physical and statistical bounds,False,0.155,False,0.085
2026-09-06 11:30:00,True,TEMPORAL_SEQUENCE_DISTORTION,WARNING,0.94,wind_speed,Inspect time-series trajectory of wind_speed; check for sudden rate-of-change distortion or sensor drift,LSTM Autoencoder reconstruction error exceeded 3-sigma baseline,False,0.365,True,0.94
2026-09-06 11:35:00,False,NORMAL,NORMAL,0.786,None,Normal operational routine,Nominal sensor operation within physical and statistical bounds,False,0.214,False,0.131
2026-09-06 11:40:00,False,NORMAL,NORMAL,0.827,None,Normal operational routine,Nominal sensor operation within physical and statistical bounds,False,0.173,False,0.056
2026-09-06 11:45:00,False,NORMAL,NORMAL,0.809,None,Normal operational routine,Nominal sensor operation within physical and statistical bounds,False,0.191,False,0.06
2026-09-06 11:50:00,False,NORMAL,NORMAL,0.85,None,Normal operational routine,Nominal sensor operation within physical and statistical bounds,False,0.15,False,0.023
2026-09-06 11:55:00,False,NORMAL,NORMAL,0.702,None,Normal operational routine,Nominal sensor operation within physical and statistical bounds,False,0.298,False,0.039
2026-09-06 12:00:00,False,NORMAL,NORMAL,0.69,None,Normal operational routine,Nominal sensor operation within physical and statistical bounds,False,0.31,False,0.053
2026-09-06 12:05:00,False,NORMAL,NORMAL,0.546,None,Normal operational routine,Nominal sensor operation within physical and statistical bounds,False,0.454,False,0.193
2026-09-06 12:10:00,False,NORMAL,NORMAL,0.816,None,Normal operational routine,Nominal sensor operation within physical and statistical bounds,False,0.184,False,0.033
2026-09-06 12:15:00,False,NORMAL,NORMAL,0.835,None,Normal operational routine,Nominal sensor operation within physical and statistical bounds,False,0.165,False,0.026
2026-09-06 12:20:00,False,NORMAL,NORMAL,0.792,None,Normal operational routine,Nominal sensor operation within physical and statistical bounds,False,0.208,False,0.031
2026-09-06 12:25:00,False,NORMAL,NORMAL,0.651,None,Normal operational routine,Nominal sensor operation within physical and statistical bounds,False,0.349,False,0.104
2026-09-06 12:30:00,False,NORMAL,NORMAL,0.735,None,Normal operational routine,Nominal sensor operation within physical and statistical bounds,False,0.265,False,0.185
2026-09-06 12:35:00,False,NORMAL,NORMAL,0.677,None,Normal operational routine,Nominal sensor operation within physical and statistical bounds,False,0.323,False,0.181
2026-09-06 12:40:00,False,NORMAL,NORMAL,0.763,None,Normal operational routine,Nominal sensor operation within physical and statistical bounds,False,0.237,False,0.022
2026-09-06 12:45:00,False,NORMAL,NORMAL,0.795,None,Normal operational routine,Nominal sensor operation within physical and statistical bounds,False,0.205,False,0.02
2026-09-06 12:50:00,False,NORMAL,NORMAL,0.793,None,Normal operational routine,Nominal sensor operation within physical and statistical bounds,False,0.207,False,0.104
2026-09-06 12:55:00,False,NORMAL,NORMAL,0.797,None,Normal operational routine,Nominal sensor operation within physical and statistical bounds,False,0.203,False,0.063
2026-09-06 13:00:00,True,TEMPORAL_MULTIVARIATE_ANOMALY,WARNING,0.707,wind_speed,Deep inspection required: Temporal pattern and multi-sensor correlation deviation in wind_speed,Dual ML model consensus: Temporal sequence reconstruction error (LSTM) and multi-variate feature isolation (IForest) flagged anomalous pattern,True,0.536,True,0.879
2026-09-06 13:05:00,False,NORMAL,NORMAL,0.716,None,Normal operational routine,Nominal sensor operation within physical and statistical bounds,False,0.284,False,0.02
2026-09-06 13:10:00,False,NORMAL,NORMAL,0.866,None,Normal operational routine,Nominal sensor operation within physical and statistical bounds,False,0.134,False,0.021
2026-09-06 13:15:00,False,NORMAL,NORMAL,0.846,None,Normal operational routine,Nominal sensor operation within physical and statistical bounds,False,0.154,False,0.082
2026-09-06 13:20:00,False,NORMAL,NORMAL,0.697,None,Normal operational routine,Nominal sensor operation within physical and statistical bounds,False,0.303,False,0.059
2026-09-06 13:25:00,False,NORMAL,NORMAL,0.818,None,Normal operational routine,Nominal sensor operation within physical and statistical bounds,False,0.182,False,0.145
2026-09-06 13:30:00,False,NORMAL,NORMAL,0.78,None,Normal operational routine,Nominal sensor operation within physical and statistical bounds,False,0.22,False,0.022
2026-09-06 13:35:00,False,NORMAL,NORMAL,0.781,None,Normal operational routine,Nominal sensor operation within physical and statistical bounds,False,0.219,False,0.024
2026-09-06 13:40:00,False,NORMAL,NORMAL,0.817,None,Normal operational routine,Nominal sensor operation within physical and statistical bounds,False,0.183,False,0.027
2026-09-06 13:45:00,False,NORMAL,NORMAL,0.698,None,Normal operational routine,Nominal sensor operation within physical and statistical bounds,False,0.302,False,0.033
2026-09-06 13:50:00,False,NORMAL,NORMAL,0.688,None,Normal operational routine,Nominal sensor operation within physical and statistical bounds,False,0.312,False,0.036
2026-09-06 13:55:00,False,NORMAL,NORMAL,0.184,None,Normal operational routine,Nominal sensor operation within physical and statistical bounds,False,0.438,False,0.816
2026-09-06 14:00:00,False,NORMAL,NORMAL,0.695,None,Normal operational routine,Nominal sensor operation within physical and statistical bounds,False,0.305,False,0.021
2026-09-06 14:05:00,False,NORMAL,NORMAL,0.72,None,Normal operational routine,Nominal sensor operation within physical and statistical bounds,False,0.28,False,0.024
2026-09-06 14:10:00,False,NORMAL,NORMAL,0.587,None,Normal operational routine,Nominal sensor operation within physical and statistical bounds,False,0.413,False,0.025
2026-09-06 14:15:00,False,NORMAL,NORMAL,0.474,None,Normal operational routine,Nominal sensor operation within physical and statistical bounds,False,0.3,False,0.526
2026-09-06 14:20:00,False,NORMAL,NORMAL,0.646,None,Normal operational routine,Nominal sensor operation within physical and statistical bounds,False,0.354,False,0.035
2026-09-06 14:25:00,False,NORMAL,NORMAL,0.808,None,Normal operational routine,Nominal sensor operation within physical and statistical bounds,False,0.192,False,0.025
2026-09-06 14:30:00,False,NORMAL,NORMAL,0.799,None,Normal operational routine,Nominal sensor operation within physical and statistical bounds,False,0.201,False,0.152
2026-09-06 14:35:00,False,NORMAL,NORMAL,0.846,None,Normal operational routine,Nominal sensor operation within physical and statistical bounds,False,0.154,False,0.024
2026-09-06 14:40:00,False,NORMAL,NORMAL,0.662,None,Normal operational routine,Nominal sensor operation within physical and statistical bounds,False,0.338,False,0.132
2026-09-06 14:45:00,False,NORMAL,NORMAL,0.715,None,Normal operational routine,Nominal sensor operation within physical and statistical bounds,False,0.285,False,0.031
2026-09-06 14:50:00,False,NORMAL,NORMAL,0.758,None,Normal operational routine,Nominal sensor operation within physical and statistical bounds,False,0.242,False,0.024
2026-09-06 14:55:00,False,NORMAL,NORMAL,0.773,None,Normal operational routine,Nominal sensor operation within physical and statistical bounds,False,0.227,False,0.106
2026-09-06 15:00:00,False,NORMAL,NORMAL,0.837,None,Normal operational routine,Nominal sensor operation within physical and statistical bounds,False,0.163,False,0.023
2026-09-06 15:05:00,False,NORMAL,NORMAL,0.806,None,Normal operational routine,Nominal sensor operation within physical and statistical bounds,False,0.194,False,0.043
2026-09-06 15:10:00,False,NORMAL,NORMAL,0.815,None,Normal operational routine,Nominal sensor operation within physical and statistical bounds,False,0.185,False,0.028
2026-09-06 15:15:00,False,NORMAL,NORMAL,0.782,None,Normal operational routine,Nominal sensor operation within physical and statistical bounds,False,0.218,False,0.035
2026-09-06 15:20:00,False,NORMAL,NORMAL,0.821,None,Normal operational routine,Nominal sensor operation within physical and statistical bounds,False,0.179,False,0.045
2026-09-06 15:25:00,False,NORMAL,NORMAL,0.788,None,Normal operational routine,Nominal sensor operation within physical and statistical bounds,False,0.212,False,0.045
2026-09-06 15:30:00,False,NORMAL,NORMAL,0.772,None,Normal operational routine,Nominal sensor operation within physical and statistical bounds,False,0.228,False,0.067
2026-09-06 15:35:00,False,NORMAL,NORMAL,0.71,None,Normal operational routine,Nominal sensor operation within physical and statistical bounds,False,0.29,False,0.023
2026-09-06 15:40:00,False,NORMAL,NORMAL,0.745,None,Normal operational routine,Nominal sensor operation within physical and statistical bounds,False,0.255,False,0.024
2026-09-06 15:45:00,False,NORMAL,NORMAL,0.732,None,Normal operational routine,Nominal sensor operation within physical and statistical bounds,False,0.268,False,0.182
2026-09-06 15:50:00,False,NORMAL,NORMAL,0.771,None,Normal operational routine,Nominal sensor operation within physical and statistical bounds,False,0.229,False,0.026
2026-09-06 15:55:00,False,NORMAL,NORMAL,0.772,None,Normal operational routine,Nominal sensor operation within physical and statistical bounds,False,0.228,False,0.024
2026-09-06 16:00:00,False,NORMAL,NORMAL,0.718,None,Normal operational routine,Nominal sensor operation within physical and statistical bounds,False,0.282,False,0.092
2026-09-06 16:05:00,False,NORMAL,NORMAL,0.815,None,Normal operational routine,Nominal sensor operation within physical and statistical bounds,False,0.185,False,0.03
2026-09-06 16:10:00,False,NORMAL,NORMAL,0.645,None,Normal operational routine,Nominal sensor operation within physical and statistical bounds,False,0.355,False,0.03
2026-09-06 16:15:00,False,NORMAL,NORMAL,0.769,None,Normal operational routine,Nominal sensor operation within physical and statistical bounds,False,0.231,False,0.029
2026-09-06 16:20:00,False,NORMAL,NORMAL,0.811,None,Normal operational routine,Nominal sensor operation within physical and statistical bounds,False,0.189,False,0.105
2026-09-06 16:25:00,False,NORMAL,NORMAL,0.24,None,Normal operational routine,Nominal sensor operation within physical and statistical bounds,False,0.211,False,0.76
2026-09-06 16:30:00,False,NORMAL,NORMAL,0.756,None,Normal operational routine,Nominal sensor operation within physical and statistical bounds,False,0.244,False,0.033
2026-09-06 16:35:00,True,TEMPORAL_SEQUENCE_DISTORTION,WARNING,0.839,wind_speed,Inspect time-series trajectory of wind_speed; check for sudden rate-of-change distortion or sensor drift,LSTM Autoencoder reconstruction error exceeded 3-sigma baseline,False,0.368,True,0.839
2026-09-06 16:40:00,False,NORMAL,NORMAL,0.688,None,Normal operational routine,Nominal sensor operation within physical and statistical bounds,False,0.248,False,0.312
2026-09-06 16:45:00,False,NORMAL,NORMAL,0.817,None,Normal operational routine,Nominal sensor operation within physical and statistical bounds,False,0.183,False,0.036
2026-09-06 16:50:00,False,NORMAL,NORMAL,0.837,None,Normal operational routine,Nominal sensor operation within physical and statistical bounds,False,0.163,False,0.04
2026-09-06 16:55:00,False,NORMAL,NORMAL,0.847,None,Normal operational routine,Nominal sensor operation within physical and statistical bounds,False,0.153,False,0.028
2026-09-06 17:00:00,False,NORMAL,NORMAL,0.788,None,Normal operational routine,Nominal sensor operation within physical and statistical bounds,False,0.212,False,0.038
2026-09-06 17:05:00,False,NORMAL,NORMAL,0.831,None,Normal operational routine,Nominal sensor operation within physical and statistical bounds,False,0.169,False,0.028
2026-09-06 17:10:00,False,NORMAL,NORMAL,0.833,None,Normal operational routine,Nominal sensor operation within physical and statistical bounds,False,0.167,False,0.141
2026-09-06 17:15:00,False,NORMAL,NORMAL,0.8,None,Normal operational routine,Nominal sensor operation within physical and statistical bounds,False,0.2,False,0.026
2026-09-06 17:20:00,False,NORMAL,NORMAL,0.812,None,Normal operational routine,Nominal sensor operation within physical and statistical bounds,False,0.188,False,0.072
2026-09-06 17:25:00,False,NORMAL,NORMAL,0.819,None,Normal operational routine,Nominal sensor operation within physical and statistical bounds,False,0.181,False,0.021
2026-09-06 17:30:00,False,NORMAL,NORMAL,0.846,None,Normal operational routine,Nominal sensor operation within physical and statistical bounds,False,0.154,False,0.031
2026-09-06 17:35:00,False,NORMAL,NORMAL,0.849,None,Normal operational routine,Nominal sensor operation within physical and statistical bounds,False,0.151,False,0.02
2026-09-06 17:40:00,False,NORMAL,NORMAL,0.607,None,Normal operational routine,Nominal sensor operation within physical and statistical bounds,False,0.393,False,0.206
2026-09-06 17:45:00,False,NORMAL,NORMAL,0.791,None,Normal operational routine,Nominal sensor operation within physical and statistical bounds,False,0.209,False,0.024
2026-09-06 17:50:00,False,NORMAL,NORMAL,0.859,None,Normal operational routine,Nominal sensor operation within physical and statistical bounds,False,0.141,False,0.021
2026-09-06 17:55:00,False,NORMAL,NORMAL,0.877,None,Normal operational routine,Nominal sensor operation within physical and statistical bounds,False,0.123,False,0.022
2026-09-06 18:00:00,False,NORMAL,NORMAL,0.872,None,Normal operational routine,Nominal sensor operation within physical and statistical bounds,False,0.128,False,0.029
2026-09-06 18:05:00,False,NORMAL,NORMAL,0.852,None,Normal operational routine,Nominal sensor operation within physical and statistical bounds,False,0.148,False,0.02
2026-09-06 18:10:00,False,NORMAL,NORMAL,0.34,None,Normal operational routine,Nominal sensor operation within physical and statistical bounds,False,0.282,False,0.66
2026-09-06 18:15:00,False,NORMAL,NORMAL,0.739,None,Normal operational routine,Nominal sensor operation within physical and statistical bounds,False,0.261,False,0.025
2026-09-06 18:20:00,False,NORMAL,NORMAL,0.874,None,Normal operational routine,Nominal sensor operation within physical and statistical bounds,False,0.126,False,0.019
2026-09-06 18:25:00,False,NORMAL,NORMAL,0.85,None,Normal operational routine,Nominal sensor operation within physical and statistical bounds,False,0.15,False,0.021
2026-09-06 18:30:00,False,NORMAL,NORMAL,0.815,None,Normal operational routine,Nominal sensor operation within physical and statistical bounds,False,0.185,False,0.022
2026-09-06 18:35:00,False,NORMAL,NORMAL,0.884,None,Normal operational routine,Nominal sensor operation within physical and statistical bounds,False,0.116,False,0.022
2026-09-06 18:40:00,False,NORMAL,NORMAL,0.79,None,Normal operational routine,Nominal sensor operation within physical and statistical bounds,False,0.21,False,0.118
2026-09-06 18:45:00,False,NORMAL,NORMAL,0.48,None,Normal operational routine,Nominal sensor operation within physical and statistical bounds,False,0.417,False,0.52
2026-09-06 18:50:00,False,NORMAL,NORMAL,0.706,None,Normal operational routine,Nominal sensor operation within physical and statistical bounds,False,0.294,False,0.067
2026-09-06 18:55:00,False,NORMAL,NORMAL,0.868,None,Normal operational routine,Nominal sensor operation within physical and statistical bounds,False,0.132,False,0.019
2026-09-06 19:00:00,False,NORMAL,NORMAL,0.831,None,Normal operational routine,Nominal sensor operation within physical and statistical bounds,False,0.169,False,0.02
2026-09-06 19:05:00,False,NORMAL,NORMAL,0.785,None,Normal operational routine,Nominal sensor operation within physical and statistical bounds,False,0.215,False,0.034
2026-09-06 19:10:00,False,NORMAL,NORMAL,0.669,None,Normal operational routine,Nominal sensor operation within physical and statistical bounds,False,0.331,False,0.02
2026-09-06 19:15:00,False,NORMAL,NORMAL,0.773,None,Normal operational routine,Nominal sensor operation within physical and statistical bounds,False,0.227,False,0.023
2026-09-06 19:20:00,False,NORMAL,NORMAL,0.754,None,Normal operational routine,Nominal sensor operation within physical and statistical bounds,False,0.246,False,0.138
2026-09-06 19:25:00,False,NORMAL,NORMAL,0.745,None,Normal operational routine,Nominal sensor operation within physical and statistical bounds,False,0.255,False,0.03
2026-09-06 19:30:00,False,NORMAL,NORMAL,0.747,None,Normal operational routine,Nominal sensor operation within physical and statistical bounds,False,0.253,False,0.042
2026-09-06 19:35:00,False,NORMAL,NORMAL,0.778,None,Normal operational routine,Nominal sensor operation within physical and statistical bounds,False,0.222,False,0.033
2026-09-06 19:40:00,False,NORMAL,NORMAL,0.785,None,Normal operational routine,Nominal sensor operation within physical and statistical bounds,False,0.215,False,0.022
2026-09-06 19:45:00,False,NORMAL,NORMAL,0.826,None,Normal operational routine,Nominal sensor operation within physical and statistical bounds,False,0.174,False,0.086
2026-09-06 19:50:00,False,NORMAL,NORMAL,0.742,None,Normal operational routine,Nominal sensor operation within physical and statistical bounds,False,0.258,False,0.114
2026-09-06 19:55:00,False,NORMAL,NORMAL,0.786,None,Normal operational routine,Nominal sensor operation within physical and statistical bounds,False,0.214,False,0.021
2026-09-06 20:00:00,False,NORMAL,NORMAL,0.871,None,Normal operational routine,Nominal sensor operation within physical and statistical bounds,False,0.129,False,0.02
2026-09-06 20:05:00,False,NORMAL,NORMAL,0.886,None,Normal operational routine,Nominal sensor operation within physical and statistical bounds,False,0.114,False,0.021
2026-09-06 20:10:00,False,NORMAL,NORMAL,0.801,None,Normal operational routine,Nominal sensor operation within physical and statistical bounds,False,0.199,False,0.02
2026-09-06 20:15:00,False,NORMAL,NORMAL,0.79,None,Normal operational routine,Nominal sensor operation within physical and statistical bounds,False,0.21,False,0.022
2026-09-06 20:20:00,False,NORMAL,NORMAL,0.818,None,Normal operational routine,Nominal sensor operation within physical and statistical bounds,False,0.182,False,0.032
2026-09-06 20:25:00,False,NORMAL,NORMAL,0.867,None,Normal operational routine,Nominal sensor operation within physical and statistical bounds,False,0.133,False,0.025
2026-09-06 20:30:00,False,NORMAL,NORMAL,0.837,None,Normal operational routine,Nominal sensor operation within physical and statistical bounds,False,0.163,False,0.021
2026-09-06 20:35:00,False,NORMAL,NORMAL,0.877,None,Normal operational routine,Nominal sensor operation within physical and statistical bounds,False,0.123,False,0.021
2026-09-06 20:40:00,False,NORMAL,NORMAL,0.886,None,Normal operational routine,Nominal sensor operation within physical and statistical bounds,False,0.114,False,0.021
2026-09-06 20:45:00,False,NORMAL,NORMAL,0.787,None,Normal operational routine,Nominal sensor operation within physical and statistical bounds,False,0.213,False,0.075
2026-09-06 20:50:00,False,NORMAL,NORMAL,0.758,None,Normal operational routine,Nominal sensor operation within physical and statistical bounds,False,0.242,False,0.024
2026-09-06 20:55:00,False,NORMAL,NORMAL,0.818,None,Normal operational routine,Nominal sensor operation within physical and statistical bounds,False,0.182,False,0.043
2026-09-06 21:00:00,False,NORMAL,NORMAL,0.822,None,Normal operational routine,Nominal sensor operation within physical and statistical bounds,False,0.178,False,0.166
2026-09-06 21:05:00,False,NORMAL,NORMAL,0.746,None,Normal operational routine,Nominal sensor operation within physical and statistical bounds,False,0.254,False,0.036
2026-09-06 21:10:00,False,NORMAL,NORMAL,0.873,None,Normal operational routine,Nominal sensor operation within physical and statistical bounds,False,0.127,False,0.026
2026-09-06 21:15:00,False,NORMAL,NORMAL,0.846,None,Normal operational routine,Nominal sensor operation within physical and statistical bounds,False,0.154,False,0.032
2026-09-06 21:20:00,False,NORMAL,NORMAL,0.778,None,Normal operational routine,Nominal sensor operation within physical and statistical bounds,False,0.222,False,0.027
2026-09-06 21:25:00,False,NORMAL,NORMAL,0.846,None,Normal operational routine,Nominal sensor operation within physical and statistical bounds,False,0.154,False,0.101
2026-09-06 21:30:00,False,NORMAL,NORMAL,0.801,None,Normal operational routine,Nominal sensor operation within physical and statistical bounds,False,0.199,False,0.026
2026-09-06 21:35:00,False,NORMAL,NORMAL,0.715,None,Normal operational routine,Nominal sensor operation within physical and statistical bounds,False,0.285,False,0.097
2026-09-06 21:40:00,False,NORMAL,NORMAL,0.735,None,Normal operational routine,Nominal sensor operation within physical and statistical bounds,False,0.265,False,0.024
2026-09-06 21:45:00,False,NORMAL,NORMAL,0.814,None,Normal operational routine,Nominal sensor operation within physical and statistical bounds,False,0.186,False,0.022
2026-09-06 21:50:00,False,NORMAL,NORMAL,0.857,None,Normal operational routine,Nominal sensor operation within physical and statistical bounds,False,0.143,False,0.023
2026-09-06 21:55:00,False,NORMAL,NORMAL,0.843,None,Normal operational routine,Nominal sensor operation within physical and statistical bounds,False,0.157,False,0.024
2026-09-06 22:00:00,False,NORMAL,NORMAL,0.843,None,Normal operational routine,Nominal sensor operation within physical and statistical bounds,False,0.157,False,0.023
2026-09-06 22:05:00,False,NORMAL,NORMAL,0.696,None,Normal operational routine,Nominal sensor operation within physical and statistical bounds,False,0.304,False,0.02
2026-09-06 22:10:00,False,NORMAL,NORMAL,0.675,None,Normal operational routine,Nominal sensor operation within physical and statistical bounds,False,0.325,False,0.023
2026-09-06 22:15:00,False,NORMAL,NORMAL,0.859,None,Normal operational routine,Nominal sensor operation within physical and statistical bounds,False,0.141,False,0.022
2026-09-06 22:20:00,False,NORMAL,NORMAL,0.82,None,Normal operational routine,Nominal sensor operation within physical and statistical bounds,False,0.18,False,0.056
2026-09-06 22:25:00,False,NORMAL,NORMAL,0.811,None,Normal operational routine,Nominal sensor operation within physical and statistical bounds,False,0.189,False,0.019
2026-09-06 22:30:00,False,NORMAL,NORMAL,0.774,None,Normal operational routine,Nominal sensor operation within physical and statistical bounds,False,0.226,False,0.12
2026-09-06 22:35:00,False,NORMAL,NORMAL,0.791,None,Normal operational routine,Nominal sensor operation within physical and statistical bounds,False,0.209,False,0.033
2026-09-06 22:40:00,False,NORMAL,NORMAL,0.83,None,Normal operational routine,Nominal sensor operation within physical and statistical bounds,False,0.17,False,0.02
2026-09-06 22:45:00,False,NORMAL,NORMAL,0.84,None,Normal operational routine,Nominal sensor operation within physical and statistical bounds,False,0.16,False,0.022
2026-09-06 22:50:00,False,NORMAL,NORMAL,0.803,None,Normal operational routine,Nominal sensor operation within physical and statistical bounds,False,0.197,False,0.06
2026-09-06 22:55:00,False,NORMAL,NORMAL,0.706,None,Normal operational routine,Nominal sensor operation within physical and statistical bounds,False,0.294,False,0.038
2026-09-06 23:00:00,False,NORMAL,NORMAL,0.826,None,Normal operational routine,Nominal sensor operation within physical and statistical bounds,False,0.174,False,0.02
2026-09-06 23:05:00,False,NORMAL,NORMAL,0.829,None,Normal operational routine,Nominal sensor operation within physical and statistical bounds,False,0.171,False,0.024
2026-09-06 23:10:00,False,NORMAL,NORMAL,0.627,None,Normal operational routine,Nominal sensor operation within physical and statistical bounds,False,0.373,False,0.03
2026-09-06 23:15:00,False,NORMAL,NORMAL,0.815,None,Normal operational routine,Nominal sensor operation within physical and statistical bounds,False,0.185,False,0.024
2026-09-06 23:20:00,False,NORMAL,NORMAL,0.839,None,Normal operational routine,Nominal sensor operation within physical and statistical bounds,False,0.161,False,0.033
2026-09-06 23:25:00,False,NORMAL,NORMAL,0.75,None,Normal operational routine,Nominal sensor operation within physical and statistical bounds,False,0.25,False,0.02
2026-09-06 23:30:00,False,NORMAL,NORMAL,0.804,None,Normal operational routine,Nominal sensor operation within physical and statistical bounds,False,0.196,False,0.021
2026-09-06 23:35:00,False,NORMAL,NORMAL,0.676,None,Normal operational routine,Nominal sensor operation within physical and statistical bounds,False,0.324,False,0.046
2026-09-06 23:40:00,False,NORMAL,NORMAL,0.524,None,Normal operational routine,Nominal sensor operation within physical and statistical bounds,False,0.476,False,0.028
2026-09-06 23:45:00,False,NORMAL,NORMAL,0.497,None,Normal operational routine,Nominal sensor operation within physical and statistical bounds,True,0.503,False,0.027
2026-09-06 23:50:00,False,NORMAL,NORMAL,0.739,None,Normal operational routine,Nominal sensor operation within physical and statistical bounds,False,0.261,False,0.019
2026-09-06 23:55:00,False,NORMAL,NORMAL,0.817,None,Normal operational routine,Nominal sensor operation within physical and statistical bounds,False,0.183,False,0.025
2026-09-07 00:00:00,False,NORMAL,NORMAL,0.748,None,Normal operational routine,Nominal sensor operation within physical and statistical bounds,False,0.252,False,0.019
2026-09-07 00:05:00,False,NORMAL,NORMAL,0.757,None,Normal operational routine,Nominal sensor operation within physical and statistical bounds,False,0.243,False,0.022
2026-09-07 00:10:00,False,NORMAL,NORMAL,0.466,None,Normal operational routine,Nominal sensor operation within physical and statistical bounds,True,0.534,False,0.048
2026-09-07 00:15:00,False,NORMAL,NORMAL,0.551,None,Normal operational routine,Nominal sensor operation within physical and statistical bounds,False,0.449,False,0.02
2026-09-07 00:20:00,False,NORMAL,NORMAL,0.645,None,Normal operational routine,Nominal sensor operation within physical and statistical bounds,False,0.355,False,0.02
2026-09-07 00:25:00,False,NORMAL,NORMAL,0.645,None,Normal operational routine,Nominal sensor operation within physical and statistical bounds,False,0.355,False,0.021
2026-09-07 00:30:00,False,NORMAL,NORMAL,0.683,None,Normal operational routine,Nominal sensor operation within physical and statistical bounds,False,0.317,False,0.021
2026-09-07 00:35:00,False,NORMAL,NORMAL,0.64,None,Normal operational routine,Nominal sensor operation within physical and statistical bounds,False,0.36,False,0.031
2026-09-07 00:40:00,False,NORMAL,NORMAL,0.556,None,Normal operational routine,Nominal sensor operation within physical and statistical bounds,False,0.444,False,0.019
2026-09-07 00:45:00,False,NORMAL,NORMAL,0.502,None,Normal operational routine,Nominal sensor operation within physical and statistical bounds,False,0.498,False,0.035
2026-09-07 00:50:00,False,NORMAL,NORMAL,0.649,None,Normal operational routine,Nominal sensor operation within physical and statistical bounds,False,0.351,False,0.079
2026-09-07 00:55:00,False,NORMAL,NORMAL,0.69,None,Normal operational routine,Nominal sensor operation within physical and statistical bounds,False,0.31,False,0.02
2026-09-07 01:00:00,False,NORMAL,NORMAL,0.742,None,Normal operational routine,Nominal sensor operation within physical and statistical bounds,False,0.258,False,0.026
2026-09-07 01:05:00,False,NORMAL,NORMAL,0.718,None,Normal operational routine,Nominal sensor operation within physical and statistical bounds,False,0.282,False,0.022
2026-09-07 01:10:00,False,NORMAL,NORMAL,0.526,None,Normal operational routine,Nominal sensor operation within physical and statistical bounds,False,0.474,False,0.031
2026-09-07 01:15:00,False,NORMAL,NORMAL,0.571,None,Normal operational routine,Nominal sensor operation within physical and statistical bounds,False,0.429,False,0.021
2026-09-07 01:20:00,False,NORMAL,NORMAL,0.61,None,Normal operational routine,Nominal sensor operation within physical and statistical bounds,False,0.39,False,0.077
2026-09-07 01:25:00,False,NORMAL,NORMAL,0.553,None,Normal operational routine,Nominal sensor operation within physical and statistical bounds,False,0.447,False,0.021
2026-09-07 01:30:00,False,NORMAL,NORMAL,0.368,None,Normal operational routine,Nominal sensor operation within physical and statistical bounds,True,0.632,False,0.16
2026-09-07 01:35:00,False,NORMAL,NORMAL,0.626,None,Normal operational routine,Nominal sensor operation within physical and statistical bounds,False,0.374,False,0.02
2026-09-07 01:40:00,False,NORMAL,NORMAL,0.515,None,Normal operational routine,Nominal sensor operation within physical and statistical bounds,False,0.485,False,0.019
2026-09-07 01:45:00,False,NORMAL,NORMAL,0.514,None,Normal operational routine,Nominal sensor operation within physical and statistical bounds,False,0.486,False,0.029
2026-09-07 01:50:00,False,NORMAL,NORMAL,0.431,None,Normal operational routine,Nominal sensor operation within physical and statistical bounds,True,0.569,False,0.031
2026-09-07 01:55:00,False,NORMAL,NORMAL,0.579,None,Normal operational routine,Nominal sensor operation within physical and statistical bounds,False,0.421,False,0.137
2026-09-07 02:00:00,False,NORMAL,NORMAL,0.716,None,Normal operational routine,Nominal sensor operation within physical and statistical bounds,False,0.284,False,0.021
2026-09-07 02:05:00,False,NORMAL,NORMAL,0.533,None,Normal operational routine,Nominal sensor operation within physical and statistical bounds,False,0.467,False,0.143
2026-09-07 02:10:00,False,NORMAL,NORMAL,0.535,None,Normal operational routine,Nominal sensor operation within physical and statistical bounds,False,0.465,False,0.055
2026-09-07 02:15:00,False,NORMAL,NORMAL,0.597,None,Normal operational routine,Nominal sensor operation within physical and statistical bounds,False,0.403,False,0.024
2026-09-07 02:20:00,False,NORMAL,NORMAL,0.657,None,Normal operational routine,Nominal sensor operation within physical and statistical bounds,False,0.343,False,0.032
2026-09-07 02:25:00,False,NORMAL,NORMAL,0.652,None,Normal operational routine,Nominal sensor operation within physical and statistical bounds,False,0.348,False,0.06
2026-09-07 02:30:00,False,NORMAL,NORMAL,0.647,None,Normal operational routine,Nominal sensor operation within physical and statistical bounds,False,0.353,False,0.029
2026-09-07 02:35:00,False,NORMAL,NORMAL,0.596,None,Normal operational routine,Nominal sensor operation within physical and statistical bounds,False,0.404,False,0.146
2026-09-07 02:40:00,False,NORMAL,NORMAL,0.461,None,Normal operational routine,Nominal sensor operation within physical and statistical bounds,True,0.539,False,0.059
2026-09-07 02:45:00,False,NORMAL,NORMAL,0.316,None,Normal operational routine,Nominal sensor operation within physical and statistical bounds,True,0.684,False,0.138
2026-09-07 02:50:00,True,TEMPORAL_MULTIVARIATE_ANOMALY,CRITICAL,0.853,wind_speed,Deep inspection required: Temporal pattern and multi-sensor correlation deviation in wind_speed,Dual ML model consensus: Temporal sequence reconstruction error (LSTM) and multi-variate feature isolation (IForest) flagged anomalous pattern,True,0.73,True,0.976
2026-09-07 02:55:00,False,NORMAL,NORMAL,0.555,None,Normal operational routine,Nominal sensor operation within physical and statistical bounds,False,0.445,False,0.026
2026-09-07 03:00:00,False,NORMAL,NORMAL,0.73,None,Normal operational routine,Nominal sensor operation within physical and statistical bounds,False,0.27,False,0.028
2026-09-07 03:05:00,False,NORMAL,NORMAL,0.683,None,Normal operational routine,Nominal sensor operation within physical and statistical bounds,False,0.317,False,0.075
2026-09-07 03:10:00,False,NORMAL,NORMAL,0.639,None,Normal operational routine,Nominal sensor operation within physical and statistical bounds,False,0.361,False,0.02
2026-09-07 03:15:00,False,NORMAL,NORMAL,0.532,None,Normal operational routine,Nominal sensor operation within physical and statistical bounds,False,0.468,False,0.062
2026-09-07 03:20:00,False,NORMAL,NORMAL,0.487,None,Normal operational routine,Nominal sensor operation within physical and statistical bounds,True,0.513,False,0.086
2026-09-07 03:25:00,False,NORMAL,NORMAL,0.756,None,Normal operational routine,Nominal sensor operation within physical and statistical bounds,False,0.244,False,0.029
2026-09-07 03:30:00,False,NORMAL,NORMAL,0.526,None,Normal operational routine,Nominal sensor operation within physical and statistical bounds,False,0.474,False,0.042
2026-09-07 03:35:00,False,NORMAL,NORMAL,0.603,None,Normal operational routine,Nominal sensor operation within physical and statistical bounds,False,0.397,False,0.02
2026-09-07 03:40:00,False,NORMAL,NORMAL,0.77,None,Normal operational routine,Nominal sensor operation within physical and statistical bounds,False,0.23,False,0.022
2026-09-07 03:45:00,False,NORMAL,NORMAL,0.727,None,Normal operational routine,Nominal sensor operation within physical and statistical bounds,False,0.273,False,0.02
2026-09-07 03:50:00,True,SENSOR_SPEC_BREACH (SPEC_PRESSURE_EXCEEDS_RANGE),WARNING,0.92,pressure,Inspect barometric pressure port for insect blockage or static port leakage,"Pressure (720.0 hPa) exceeds station operating specifications [850.0 hPa, 1080.0 hPa]",False,0.492,True,1.0
2026-09-07 03:55:00,True,MULTIVARIATE_OUTLIER,WARNING,0.709,"temperature, pressure, humidity, wind_speed",Inspect multi-sensor correlation matrix; check for abnormal atmospheric coupling,Isolation Forest identified rare multi-dimensional feature combination,True,0.709,False,0.036
2026-09-07 04:00:00,False,NORMAL,NORMAL,0.473,None,Normal operational routine,Nominal sensor operation within physical and statistical bounds,True,0.527,False,0.02
2026-09-07 04:05:00,False,NORMAL,NORMAL,0.768,None,Normal operational routine,Nominal sensor operation within physical and statistical bounds,False,0.232,False,0.019
2026-09-07 04:10:00,False,NORMAL,NORMAL,0.733,None,Normal operational routine,Nominal sensor operation within physical and statistical bounds,False,0.267,False,0.049
2026-09-07 04:15:00,False,NORMAL,NORMAL,0.75,None,Normal operational routine,Nominal sensor operation within physical and statistical bounds,False,0.25,False,0.026
2026-09-07 04:20:00,False,NORMAL,NORMAL,0.74,None,Normal operational routine,Nominal sensor operation within physical and statistical bounds,False,0.26,False,0.032
2026-09-07 04:25:00,False,NORMAL,NORMAL,0.726,None,Normal operational routine,Nominal sensor operation within physical and statistical bounds,False,0.274,False,0.071
2026-09-07 04:30:00,False,NORMAL,NORMAL,0.769,None,Normal operational routine,Nominal sensor operation within physical and statistical bounds,False,0.231,False,0.021
2026-09-07 04:35:00,False,NORMAL,NORMAL,0.81,None,Normal operational routine,Nominal sensor operation within physical and statistical bounds,False,0.19,False,0.026
2026-09-07 04:40:00,False,NORMAL,NORMAL,0.792,None,Normal operational routine,Nominal sensor operation within physical and statistical bounds,False,0.208,False,0.027
2026-09-07 04:45:00,False,NORMAL,NORMAL,0.734,None,Normal operational routine,Nominal sensor operation within physical and statistical bounds,False,0.266,False,0.076
2026-09-07 04:50:00,False,NORMAL,NORMAL,0.413,None,Normal operational routine,Nominal sensor operation within physical and statistical bounds,True,0.587,False,0.124
2026-09-07 04:55:00,False,NORMAL,NORMAL,0.63,None,Normal operational routine,Nominal sensor operation within physical and statistical bounds,False,0.37,False,0.107
2026-09-07 05:00:00,False,NORMAL,NORMAL,0.843,None,Normal operational routine,Nominal sensor operation within physical and statistical bounds,False,0.157,False,0.021
2026-09-07 05:05:00,False,NORMAL,NORMAL,0.775,None,Normal operational routine,Nominal sensor operation within physical and statistical bounds,False,0.225,False,0.021
2026-09-07 05:10:00,False,NORMAL,NORMAL,0.821,None,Normal operational routine,Nominal sensor operation within physical and statistical bounds,False,0.179,False,0.034
2026-09-07 05:15:00,False,NORMAL,NORMAL,0.833,None,Normal operational routine,Nominal sensor operation within physical and statistical bounds,False,0.167,False,0.02
2026-09-07 05:20:00,False,NORMAL,NORMAL,0.773,None,Normal operational routine,Nominal sensor operation within physical and statistical bounds,False,0.227,False,0.022
2026-09-07 05:25:00,False,NORMAL,NORMAL,0.578,None,Normal operational routine,Nominal sensor operation within physical and statistical bounds,False,0.288,False,0.422
2026-09-07 05:30:00,False,NORMAL,NORMAL,0.816,None,Normal operational routine,Nominal sensor operation within physical and statistical bounds,False,0.184,False,0.162
2026-09-07 05:35:00,False,NORMAL,NORMAL,0.81,None,Normal operational routine,Nominal sensor operation within physical and statistical bounds,False,0.19,False,0.036
2026-09-07 05:40:00,False,NORMAL,NORMAL,0.84,None,Normal operational routine,Nominal sensor operation within physical and statistical bounds,False,0.16,False,0.025
2026-09-07 05:45:00,False,NORMAL,NORMAL,0.793,None,Normal operational routine,Nominal sensor operation within physical and statistical bounds,False,0.207,False,0.04
2026-09-07 05:50:00,False,NORMAL,NORMAL,0.817,None,Normal operational routine,Nominal sensor operation within physical and statistical bounds,False,0.183,False,0.089
2026-09-07 05:55:00,False,NORMAL,NORMAL,0.643,None,Normal operational routine,Nominal sensor operation within physical and statistical bounds,False,0.298,False,0.357
2026-09-07 06:00:00,False,NORMAL,NORMAL,0.841,None,Normal operational routine,Nominal sensor operation within physical and statistical bounds,False,0.159,False,0.027
2026-09-07 06:05:00,False,NORMAL,NORMAL,0.845,None,Normal operational routine,Nominal sensor operation within physical and statistical bounds,False,0.155,False,0.026
2026-09-07 06:10:00,False,NORMAL,NORMAL,0.812,None,Normal operational routine,Nominal sensor operation within physical and statistical bounds,False,0.188,False,0.021
2026-09-07 06:15:00,False,NORMAL,NORMAL,0.626,None,Normal operational routine,Nominal sensor operation within physical and statistical bounds,False,0.374,False,0.022
2026-09-07 06:20:00,False,NORMAL,NORMAL,0.813,None,Normal operational routine,Nominal sensor operation within physical and statistical bounds,False,0.187,False,0.024
2026-09-07 06:25:00,False,NORMAL,NORMAL,0.855,None,Normal operational routine,Nominal sensor operation within physical and statistical bounds,False,0.145,False,0.029
2026-09-07 06:30:00,False,NORMAL,NORMAL,0.797,None,Normal operational routine,Nominal sensor operation within physical and statistical bounds,False,0.203,False,0.044
2026-09-07 06:35:00,False,NORMAL,NORMAL,0.831,None,Normal operational routine,Nominal sensor operation within physical and statistical bounds,False,0.169,False,0.023
2026-09-07 06:40:00,False,NORMAL,NORMAL,0.742,None,Normal operational routine,Nominal sensor operation within physical and statistical bounds,False,0.258,False,0.027
2026-09-07 06:45:00,False,NORMAL,NORMAL,0.742,None,Normal operational routine,Nominal sensor operation within physical and statistical bounds,False,0.258,False,0.023
2026-09-07 06:50:00,False,NORMAL,NORMAL,0.745,None,Normal operational routine,Nominal sensor operation within physical and statistical bounds,False,0.255,False,0.102
2026-09-07 06:55:00,False,NORMAL,NORMAL,0.789,None,Normal operational routine,Nominal sensor operation within physical and statistical bounds,False,0.211,False,0.197
2026-09-07 07:00:00,False,NORMAL,NORMAL,0.589,None,Normal operational routine,Nominal sensor operation within physical and statistical bounds,False,0.411,False,0.027
2026-09-07 07:05:00,False,NORMAL,NORMAL,0.649,None,Normal operational routine,Nominal sensor operation within physical and statistical bounds,False,0.351,False,0.023
2026-09-07 07:10:00,False,NORMAL,NORMAL,0.533,None,Normal operational routine,Nominal sensor operation within physical and statistical bounds,False,0.467,False,0.024
2026-09-07 07:15:00,False,NORMAL,NORMAL,0.685,None,Normal operational routine,Nominal sensor operation within physical and statistical bounds,False,0.315,False,0.033
2026-09-07 07:20:00,False,NORMAL,NORMAL,0.789,None,Normal operational routine,Nominal sensor operation within physical and statistical bounds,False,0.211,False,0.04
2026-09-07 07:25:00,False,NORMAL,NORMAL,0.757,None,Normal operational routine,Nominal sensor operation within physical and statistical bounds,False,0.243,False,0.03
2026-09-07 07:30:00,False,NORMAL,NORMAL,0.573,None,Normal operational routine,Nominal sensor operation within physical and statistical bounds,False,0.427,False,0.051
2026-09-07 07:35:00,False,NORMAL,NORMAL,0.585,None,Normal operational routine,Nominal sensor operation within physical and statistical bounds,False,0.415,False,0.043
2026-09-07 07:40:00,False,NORMAL,NORMAL,0.784,None,Normal operational routine,Nominal sensor operation within physical and statistical bounds,False,0.216,False,0.069
2026-09-07 07:45:00,False,NORMAL,NORMAL,0.74,None,Normal operational routine,Nominal sensor operation within physical and statistical bounds,False,0.26,False,0.027
2026-09-07 07:50:00,False,NORMAL,NORMAL,0.657,None,Normal operational routine,Nominal sensor operation within physical and statistical bounds,False,0.343,False,0.021
2026-09-07 07:55:00,False,NORMAL,NORMAL,0.757,None,Normal operational routine,Nominal sensor operation within physical and statistical bounds,False,0.243,False,0.021
2026-09-07 08:00:00,False,NORMAL,NORMAL,0.636,None,Normal operational routine,Nominal sensor operation within physical and statistical bounds,False,0.364,False,0.027
2026-09-07 08:05:00,False,NORMAL,NORMAL,0.82,None,Normal operational routine,Nominal sensor operation within physical and statistical bounds,False,0.18,False,0.02
2026-09-07 08:10:00,False,NORMAL,NORMAL,0.822,None,Normal operational routine,Nominal sensor operation within physical and statistical bounds,False,0.178,False,0.021
2026-09-07 08:15:00,False,NORMAL,NORMAL,0.567,None,Normal operational routine,Nominal sensor operation within physical and statistical bounds,False,0.433,False,0.07
2026-09-07 08:20:00,False,NORMAL,NORMAL,0.575,None,Normal operational routine,Nominal sensor operation within physical and statistical bounds,False,0.425,False,0.025
2026-09-07 08:25:00,False,NORMAL,NORMAL,0.671,None,Normal operational routine,Nominal sensor operation within physical and statistical bounds,False,0.329,False,0.02
2026-09-07 08:30:00,False,NORMAL,NORMAL,0.798,None,Normal operational routine,Nominal sensor operation within physical and statistical bounds,False,0.202,False,0.055
2026-09-07 08:35:00,False,NORMAL,NORMAL,0.746,None,Normal operational routine,Nominal sensor operation within physical and statistical bounds,False,0.254,False,0.032
2026-09-07 08:40:00,False,NORMAL,NORMAL,0.696,None,Normal operational routine,Nominal sensor operation within physical and statistical bounds,False,0.304,False,0.021
2026-09-07 08:45:00,False,NORMAL,NORMAL,0.66,None,Normal operational routine,Nominal sensor operation within physical and statistical bounds,False,0.34,False,0.029
2026-09-07 08:50:00,False,NORMAL,NORMAL,0.796,None,Normal operational routine,Nominal sensor operation within physical and statistical bounds,False,0.204,False,0.064
2026-09-07 08:55:00,False,NORMAL,NORMAL,0.73,None,Normal operational routine,Nominal sensor operation within physical and statistical bounds,False,0.27,False,0.089
2026-09-07 09:00:00,False,NORMAL,NORMAL,0.768,None,Normal operational routine,Nominal sensor operation within physical and statistical bounds,False,0.232,False,0.037
2026-09-07 09:05:00,False,NORMAL,NORMAL,0.678,None,Normal operational routine,Nominal sensor operation within physical and statistical bounds,False,0.322,False,0.02
2026-09-07 09:10:00,False,NORMAL,NORMAL,0.653,None,Normal operational routine,Nominal sensor operation within physical and statistical bounds,False,0.347,False,0.026
2026-09-07 09:15:00,False,NORMAL,NORMAL,0.749,None,Normal operational routine,Nominal sensor operation within physical and statistical bounds,False,0.251,False,0.037
2026-09-07 09:20:00,False,NORMAL,NORMAL,0.786,None,Normal operational routine,Nominal sensor operation within physical and statistical bounds,False,0.214,False,0.124
2026-09-07 09:25:00,False,NORMAL,NORMAL,0.731,None,Normal operational routine,Nominal sensor operation within physical and statistical bounds,False,0.269,False,0.033
2026-09-07 09:30:00,False,NORMAL,NORMAL,0.727,None,Normal operational routine,Nominal sensor operation within physical and statistical bounds,False,0.273,False,0.031
2026-09-07 09:35:00,False,NORMAL,NORMAL,0.758,None,Normal operational routine,Nominal sensor operation within physical and statistical bounds,False,0.242,False,0.025
2026-09-07 09:40:00,False,NORMAL,NORMAL,0.667,None,Normal operational routine,Nominal sensor operation within physical and statistical bounds,False,0.333,False,0.091
2026-09-07 09:45:00,True,TEMPORAL_SEQUENCE_DISTORTION,WARNING,0.975,wind_speed,Inspect time-series trajectory of wind_speed; check for sudden rate-of-change distortion or sensor drift,LSTM Autoencoder reconstruction error exceeded 3-sigma baseline,False,0.353,True,0.975
2026-09-07 09:50:00,False,NORMAL,NORMAL,0.674,None,Normal operational routine,Nominal sensor operation within physical and statistical bounds,False,0.326,False,0.045
2026-09-07 09:55:00,False,NORMAL,NORMAL,0.662,None,Normal operational routine,Nominal sensor operation within physical and statistical bounds,False,0.338,False,0.049
2026-09-07 10:00:00,False,NORMAL,NORMAL,0.613,None,Normal operational routine,Nominal sensor operation within physical and statistical bounds,False,0.387,False,0.022
2026-09-07 10:05:00,False,NORMAL,NORMAL,0.542,None,Normal operational routine,Nominal sensor operation within physical and statistical bounds,False,0.458,False,0.031
2026-09-07 10:10:00,False,NORMAL,NORMAL,0.81,None,Normal operational routine,Nominal sensor operation within physical and statistical bounds,False,0.19,False,0.031
2026-09-07 10:15:00,False,NORMAL,NORMAL,0.827,None,Normal operational routine,Nominal sensor operation within physical and statistical bounds,False,0.173,False,0.036
2026-09-07 10:20:00,False,NORMAL,NORMAL,0.826,None,Normal operational routine,Nominal sensor operation within physical and statistical bounds,False,0.174,False,0.056
2026-09-07 10:25:00,False,NORMAL,NORMAL,0.731,None,Normal operational routine,Nominal sensor operation within physical and statistical bounds,False,0.269,False,0.035
2026-09-07 10:30:00,False,NORMAL,NORMAL,0.485,None,Normal operational routine,Nominal sensor operation within physical and statistical bounds,False,0.227,False,0.515
2026-09-07 10:35:00,False,NORMAL,NORMAL,0.821,None,Normal operational routine,Nominal sensor operation within physical and statistical bounds,False,0.179,False,0.03
2026-09-07 10:40:00,False,NORMAL,NORMAL,0.8,None,Normal operational routine,Nominal sensor operation within physical and statistical bounds,False,0.2,False,0.067
2026-09-07 10:45:00,False,NORMAL,NORMAL,0.842,None,Normal operational routine,Nominal sensor operation within physical and statistical bounds,False,0.158,False,0.051
2026-09-07 10:50:00,False,NORMAL,NORMAL,0.819,None,Normal operational routine,Nominal sensor operation within physical and statistical bounds,False,0.181,False,0.034
2026-09-07 10:55:00,False,NORMAL,NORMAL,0.853,None,Normal operational routine,Nominal sensor operation within physical and statistical bounds,False,0.147,False,0.081
2026-09-07 11:00:00,False,NORMAL,NORMAL,0.752,None,Normal operational routine,Nominal sensor operation within physical and statistical bounds,False,0.248,False,0.022
2026-09-07 11:05:00,False,NORMAL,NORMAL,0.774,None,Normal operational routine,Nominal sensor operation within physical and statistical bounds,False,0.226,False,0.045
2026-09-07 11:10:00,False,NORMAL,NORMAL,0.834,None,Normal operational routine,Nominal sensor operation within physical and statistical bounds,False,0.166,False,0.1
2026-09-07 11:15:00,False,NORMAL,NORMAL,0.85,None,Normal operational routine,Nominal sensor operation within physical and statistical bounds,False,0.15,False,0.061
2026-09-07 11:20:00,False,NORMAL,NORMAL,0.871,None,Normal operational routine,Nominal sensor operation within physical and statistical bounds,False,0.129,False,0.05
2026-09-07 11:25:00,False,NORMAL,NORMAL,0.861,None,Normal operational routine,Nominal sensor operation within physical and statistical bounds,False,0.139,False,0.062
2026-09-07 11:30:00,False,NORMAL,NORMAL,0.835,None,Normal operational routine,Nominal sensor operation within physical and statistical bounds,False,0.165,False,0.037
2026-09-07 11:35:00,False,NORMAL,NORMAL,0.862,None,Normal operational routine,Nominal sensor operation within physical and statistical bounds,False,0.138,False,0.021
2026-09-07 11:40:00,False,NORMAL,NORMAL,0.747,None,Normal operational routine,Nominal sensor operation within physical and statistical bounds,False,0.253,False,0.136
2026-09-07 11:45:00,False,NORMAL,NORMAL,0.645,None,Normal operational routine,Nominal sensor operation within physical and statistical bounds,False,0.355,False,0.048
2026-09-07 11:50:00,False,NORMAL,NORMAL,0.693,None,Normal operational routine,Nominal sensor operation within physical and statistical bounds,False,0.307,False,0.142
2026-09-07 11:55:00,False,NORMAL,NORMAL,0.685,None,Normal operational routine,Nominal sensor operation within physical and statistical bounds,False,0.251,False,0.315
2026-09-07 12:00:00,False,NORMAL,NORMAL,0.792,None,Normal operational routine,Nominal sensor operation within physical and statistical bounds,False,0.208,False,0.03
2026-09-07 12:05:00,False,NORMAL,NORMAL,0.867,None,Normal operational routine,Nominal sensor operation within physical and statistical bounds,False,0.133,False,0.042
2026-09-07 12:10:00,False,NORMAL,NORMAL,0.888,None,Normal operational routine,Nominal sensor operation within physical and statistical bounds,False,0.112,False,0.058
2026-09-07 12:15:00,False,NORMAL,NORMAL,0.838,None,Normal operational routine,Nominal sensor operation within physical and statistical bounds,False,0.162,False,0.034
2026-09-07 12:20:00,False,NORMAL,NORMAL,0.698,None,Normal operational routine,Nominal sensor operation within physical and statistical bounds,False,0.302,False,0.021
2026-09-07 12:25:00,False,NORMAL,NORMAL,0.735,None,Normal operational routine,Nominal sensor operation within physical and statistical bounds,False,0.265,False,0.059
2026-09-07 12:30:00,False,NORMAL,NORMAL,0.848,None,Normal operational routine,Nominal sensor operation within physical and statistical bounds,False,0.152,False,0.02
2026-09-07 12:35:00,False,NORMAL,NORMAL,0.868,None,Normal operational routine,Nominal sensor operation within physical and statistical bounds,False,0.132,False,0.024
2026-09-07 12:40:00,False,NORMAL,NORMAL,0.828,None,Normal operational routine,Nominal sensor operation within physical and statistical bounds,False,0.172,False,0.022
2026-09-07 12:45:00,False,NORMAL,NORMAL,0.813,None,Normal operational routine,Nominal sensor operation within physical and statistical bounds,False,0.187,False,0.061
2026-09-07 12:50:00,False,NORMAL,NORMAL,0.83,None,Normal operational routine,Nominal sensor operation within physical and statistical bounds,False,0.17,False,0.157
2026-09-07 12:55:00,False,NORMAL,NORMAL,0.511,None,Normal operational routine,Nominal sensor operation within physical and statistical bounds,False,0.489,False,0.161
2026-09-07 13:00:00,False,NORMAL,NORMAL,0.635,None,Normal operational routine,Nominal sensor operation within physical and statistical bounds,False,0.365,False,0.066
2026-09-07 13:05:00,False,NORMAL,NORMAL,0.74,None,Normal operational routine,Nominal sensor operation within physical and statistical bounds,False,0.26,False,0.023
2026-09-07 13:10:00,False,NORMAL,NORMAL,0.868,None,Normal operational routine,Nominal sensor operation within physical and statistical bounds,False,0.132,False,0.021
2026-09-07 13:15:00,False,NORMAL,NORMAL,0.858,None,Normal operational routine,Nominal sensor operation within physical and statistical bounds,False,0.142,False,0.035
2026-09-07 13:20:00,False,NORMAL,NORMAL,0.779,None,Normal operational routine,Nominal sensor operation within physical and statistical bounds,False,0.221,False,0.042
2026-09-07 13:25:00,False,NORMAL,NORMAL,0.441,None,Normal operational routine,Nominal sensor operation within physical and statistical bounds,True,0.559,False,0.309
2026-09-07 13:30:00,False,NORMAL,NORMAL,0.304,None,Normal operational routine,Nominal sensor operation within physical and statistical bounds,False,0.287,False,0.696
2026-09-07 13:35:00,False,NORMAL,NORMAL,0.78,None,Normal operational routine,Nominal sensor operation within physical and statistical bounds,False,0.22,False,0.022
2026-09-07 13:40:00,False,NORMAL,NORMAL,0.787,None,Normal operational routine,Nominal sensor operation within physical and statistical bounds,False,0.213,False,0.065
2026-09-07 13:45:00,False,NORMAL,NORMAL,0.754,None,Normal operational routine,Nominal sensor operation within physical and statistical bounds,False,0.246,False,0.211
2026-09-07 13:50:00,False,NORMAL,NORMAL,0.472,None,Normal operational routine,Nominal sensor operation within physical and statistical bounds,True,0.528,False,0.023
2026-09-07 13:55:00,False,NORMAL,NORMAL,0.757,None,Normal operational routine,Nominal sensor operation within physical and statistical bounds,False,0.243,False,0.024
2026-09-07 14:00:00,False,NORMAL,NORMAL,0.845,None,Normal operational routine,Nominal sensor operation within physical and statistical bounds,False,0.155,False,0.027
2026-09-07 14:05:00,False,NORMAL,NORMAL,0.853,None,Normal operational routine,Nominal sensor operation within physical and statistical bounds,False,0.147,False,0.146
2026-09-07 14:10:00,False,NORMAL,NORMAL,0.87,None,Normal operational routine,Nominal sensor operation within physical and statistical bounds,False,0.13,False,0.025
2026-09-07 14:15:00,False,NORMAL,NORMAL,0.852,None,Normal operational routine,Nominal sensor operation within physical and statistical bounds,False,0.148,False,0.026
2026-09-07 14:20:00,False,NORMAL,NORMAL,0.62,None,Normal operational routine,Nominal sensor operation within physical and statistical bounds,False,0.258,False,0.38
2026-09-07 14:25:00,False,NORMAL,NORMAL,0.754,None,Normal operational routine,Nominal sensor operation within physical and statistical bounds,False,0.246,False,0.041
2026-09-07 14:30:00,False,NORMAL,NORMAL,0.86,None,Normal operational routine,Nominal sensor operation within physical and statistical bounds,False,0.14,False,0.02
2026-09-07 14:35:00,False,NORMAL,NORMAL,0.846,None,Normal operational routine,Nominal sensor operation within physical and statistical bounds,False,0.154,False,0.025
2026-09-07 14:40:00,False,NORMAL,NORMAL,0.789,None,Normal operational routine,Nominal sensor operation within physical and statistical bounds,False,0.211,False,0.07
2026-09-07 14:45:00,False,NORMAL,NORMAL,0.747,None,Normal operational routine,Nominal sensor operation within physical and statistical bounds,False,0.253,False,0.132
2026-09-07 14:50:00,False,NORMAL,NORMAL,0.75,None,Normal operational routine,Nominal sensor operation within physical and statistical bounds,False,0.25,False,0.023
2026-09-07 14:55:00,False,NORMAL,NORMAL,0.782,None,Normal operational routine,Nominal sensor operation within physical and statistical bounds,False,0.218,False,0.022
2026-09-07 15:00:00,False,NORMAL,NORMAL,0.806,None,Normal operational routine,Nominal sensor operation within physical and statistical bounds,False,0.194,False,0.052
2026-09-07 15:05:00,False,NORMAL,NORMAL,0.745,None,Normal operational routine,Nominal sensor operation within physical and statistical bounds,False,0.255,False,0.132
2026-09-07 15:10:00,False,NORMAL,NORMAL,0.781,None,Normal operational routine,Nominal sensor operation within physical and statistical bounds,False,0.219,False,0.113
2026-09-07 15:15:00,False,NORMAL,NORMAL,0.765,None,Normal operational routine,Nominal sensor operation within physical and statistical bounds,False,0.179,False,0.235
2026-09-07 15:20:00,False,NORMAL,NORMAL,0.827,None,Normal operational routine,Nominal sensor operation within physical and statistical bounds,False,0.173,False,0.026
2026-09-07 15:25:00,False,NORMAL,NORMAL,0.816,None,Normal operational routine,Nominal sensor operation within physical and statistical bounds,False,0.184,False,0.02
2026-09-07 15:30:00,False,NORMAL,NORMAL,0.784,None,Normal operational routine,Nominal sensor operation within physical and statistical bounds,False,0.216,False,0.021
2026-09-07 15:35:00,False,NORMAL,NORMAL,0.834,None,Normal operational routine,Nominal sensor operation within physical and statistical bounds,False,0.166,False,0.019
2026-09-07 15:40:00,False,NORMAL,NORMAL,0.864,None,Normal operational routine,Nominal sensor operation within physical and statistical bounds,False,0.136,False,0.066
2026-09-07 15:45:00,False,NORMAL,NORMAL,0.859,None,Normal operational routine,Nominal sensor operation within physical and statistical bounds,False,0.141,False,0.109
2026-09-07 15:50:00,False,NORMAL,NORMAL,0.813,None,Normal operational routine,Nominal sensor operation within physical and statistical bounds,False,0.187,False,0.029
2026-09-07 15:55:00,False,NORMAL,NORMAL,0.845,None,Normal operational routine,Nominal sensor operation within physical and statistical bounds,False,0.155,False,0.022
2026-09-07 16:00:00,False,NORMAL,NORMAL,0.753,None,Normal operational routine,Nominal sensor operation within physical and statistical bounds,False,0.247,False,0.036
2026-09-07 16:05:00,False,NORMAL,NORMAL,0.749,None,Normal operational routine,Nominal sensor operation within physical and statistical bounds,False,0.251,False,0.096
2026-09-07 16:10:00,False,NORMAL,NORMAL,0.729,None,Normal operational routine,Nominal sensor operation within physical and statistical bounds,False,0.271,False,0.166
2026-09-07 16:15:00,False,NORMAL,NORMAL,0.702,None,Normal operational routine,Nominal sensor operation within physical and statistical bounds,False,0.298,False,0.179
2026-09-07 16:20:00,False,NORMAL,NORMAL,0.847,None,Normal operational routine,Nominal sensor operation within physical and statistical bounds,False,0.153,False,0.021
2026-09-07 16:25:00,True,TEMPORAL_SEQUENCE_DISTORTION,WARNING,0.835,wind_speed,Inspect time-series trajectory of wind_speed; check for sudden rate-of-change distortion or sensor drift,LSTM Autoencoder reconstruction error exceeded 3-sigma baseline,False,0.259,True,0.835
2026-09-07 16:30:00,False,NORMAL,NORMAL,0.69,None,Normal operational routine,Nominal sensor operation within physical and statistical bounds,False,0.31,False,0.026
2026-09-07 16:35:00,False,NORMAL,NORMAL,0.864,None,Normal operational routine,Nominal sensor operation within physical and statistical bounds,False,0.136,False,0.026
2026-09-07 16:40:00,False,NORMAL,NORMAL,0.816,None,Normal operational routine,Nominal sensor operation within physical and statistical bounds,False,0.184,False,0.02
2026-09-07 16:45:00,False,NORMAL,NORMAL,0.791,None,Normal operational routine,Nominal sensor operation within physical and statistical bounds,False,0.209,False,0.024
2026-09-07 16:50:00,False,NORMAL,NORMAL,0.829,None,Normal operational routine,Nominal sensor operation within physical and statistical bounds,False,0.171,False,0.076
2026-09-07 16:55:00,False,NORMAL,NORMAL,0.867,None,Normal operational routine,Nominal sensor operation within physical and statistical bounds,False,0.133,False,0.022
2026-09-07 17:00:00,False,NORMAL,NORMAL,0.892,None,Normal operational routine,Nominal sensor operation within physical and statistical bounds,False,0.108,False,0.031
2026-09-07 17:05:00,False,NORMAL,NORMAL,0.312,None,Normal operational routine,Nominal sensor operation within physical and statistical bounds,False,0.171,False,0.688
2026-09-07 17:10:00,False,NORMAL,NORMAL,0.456,None,Normal operational routine,Nominal sensor operation within physical and statistical bounds,False,0.263,False,0.544
2026-09-07 17:15:00,False,NORMAL,NORMAL,0.712,None,Normal operational routine,Nominal sensor operation within physical and statistical bounds,False,0.288,False,0.09
2026-09-07 17:20:00,False,NORMAL,NORMAL,0.761,None,Normal operational routine,Nominal sensor operation within physical and statistical bounds,False,0.239,False,0.025
2026-09-07 17:25:00,False,NORMAL,NORMAL,0.803,None,Normal operational routine,Nominal sensor operation within physical and statistical bounds,False,0.197,False,0.161
2026-09-07 17:30:00,False,NORMAL,NORMAL,0.844,None,Normal operational routine,Nominal sensor operation within physical and statistical bounds,False,0.156,False,0.078
2026-09-07 17:35:00,False,NORMAL,NORMAL,0.621,None,Normal operational routine,Nominal sensor operation within physical and statistical bounds,False,0.379,False,0.044
2026-09-07 17:40:00,False,NORMAL,NORMAL,0.732,None,Normal operational routine,Nominal sensor operation within physical and statistical bounds,False,0.268,False,0.025
2026-09-07 17:45:00,False,NORMAL,NORMAL,0.845,None,Normal operational routine,Nominal sensor operation within physical and statistical bounds,False,0.155,False,0.065
2026-09-07 17:50:00,False,NORMAL,NORMAL,0.373,None,Normal operational routine,Nominal sensor operation within physical and statistical bounds,False,0.241,False,0.627
2026-09-07 17:55:00,False,NORMAL,NORMAL,0.778,None,Normal operational routine,Nominal sensor operation within physical and statistical bounds,False,0.222,False,0.019
2026-09-07 18:00:00,False,NORMAL,NORMAL,0.674,None,Normal operational routine,Nominal sensor operation within physical and statistical bounds,False,0.287,False,0.326
2026-09-07 18:05:00,False,NORMAL,NORMAL,0.851,None,Normal operational routine,Nominal sensor operation within physical and statistical bounds,False,0.149,False,0.044
2026-09-07 18:10:00,False,NORMAL,NORMAL,0.662,None,Normal operational routine,Nominal sensor operation within physical and statistical bounds,False,0.338,False,0.087
2026-09-07 18:15:00,False,NORMAL,NORMAL,0.693,None,Normal operational routine,Nominal sensor operation within physical and statistical bounds,False,0.307,False,0.082
2026-09-07 18:20:00,False,NORMAL,NORMAL,0.849,None,Normal operational routine,Nominal sensor operation within physical and statistical bounds,False,0.151,False,0.022
2026-09-07 18:25:00,False,NORMAL,NORMAL,0.74,None,Normal operational routine,Nominal sensor operation within physical and statistical bounds,False,0.147,False,0.26
2026-09-07 18:30:00,False,NORMAL,NORMAL,0.853,None,Normal operational routine,Nominal sensor operation within physical and statistical bounds,False,0.147,False,0.073
2026-09-07 18:35:00,False,NORMAL,NORMAL,0.827,None,Normal operational routine,Nominal sensor operation within physical and statistical bounds,False,0.173,False,0.057
2026-09-07 18:40:00,False,NORMAL,NORMAL,0.883,None,Normal operational routine,Nominal sensor operation within physical and statistical bounds,False,0.117,False,0.036
2026-09-07 18:45:00,False,NORMAL,NORMAL,0.883,None,Normal operational routine,Nominal sensor operation within physical and statistical bounds,False,0.117,False,0.027
2026-09-07 18:50:00,False,NORMAL,NORMAL,0.888,None,Normal operational routine,Nominal sensor operation within physical and statistical bounds,False,0.112,False,0.108
2026-09-07 18:55:00,False,NORMAL,NORMAL,0.503,None,Normal operational routine,Nominal sensor operation within physical and statistical bounds,False,0.497,False,0.311
2026-09-07 19:00:00,False,NORMAL,NORMAL,0.614,None,Normal operational routine,Nominal sensor operation within physical and statistical bounds,False,0.386,False,0.031
2026-09-07 19:05:00,False,NORMAL,NORMAL,0.86,None,Normal operational routine,Nominal sensor operation within physical and statistical bounds,False,0.14,False,0.021
2026-09-07 19:10:00,False,NORMAL,NORMAL,0.225,None,Normal operational routine,Nominal sensor operation within physical and statistical bounds,False,0.19,False,0.775
2026-09-07 19:15:00,False,NORMAL,NORMAL,0.705,None,Normal operational routine,Nominal sensor operation within physical and statistical bounds,False,0.295,False,0.034
2026-09-07 19:20:00,False,NORMAL,NORMAL,0.302,None,Normal operational routine,Nominal sensor operation within physical and statistical bounds,False,0.3,False,0.698
2026-09-07 19:25:00,False,NORMAL,NORMAL,0.791,None,Normal operational routine,Nominal sensor operation within physical and statistical bounds,False,0.209,False,0.022
2026-09-07 19:30:00,False,NORMAL,NORMAL,0.841,None,Normal operational routine,Nominal sensor operation within physical and statistical bounds,False,0.159,False,0.02
2026-09-07 19:35:00,False,NORMAL,NORMAL,0.666,None,Normal operational routine,Nominal sensor operation within physical and statistical bounds,False,0.334,False,0.075
2026-09-07 19:40:00,False,NORMAL,NORMAL,0.8,None,Normal operational routine,Nominal sensor operation within physical and statistical bounds,False,0.2,False,0.036
2026-09-07 19:45:00,False,NORMAL,NORMAL,0.831,None,Normal operational routine,Nominal sensor operation within physical and statistical bounds,False,0.169,False,0.033
2026-09-07 19:50:00,False,NORMAL,NORMAL,0.855,None,Normal operational routine,Nominal sensor operation within physical and statistical bounds,False,0.145,False,0.068
2026-09-07 19:55:00,False,NORMAL,NORMAL,0.842,None,Normal operational routine,Nominal sensor operation within physical and statistical bounds,False,0.158,False,0.048
2026-09-07 20:00:00,False,NORMAL,NORMAL,0.827,None,Normal operational routine,Nominal sensor operation within physical and statistical bounds,False,0.173,False,0.052
2026-09-07 20:05:00,False,NORMAL,NORMAL,0.848,None,Normal operational routine,Nominal sensor operation within physical and statistical bounds,False,0.152,False,0.03
2026-09-07 20:10:00,False,NORMAL,NORMAL,0.885,None,Normal operational routine,Nominal sensor operation within physical and statistical bounds,False,0.115,False,0.022
2026-09-07 20:15:00,False,NORMAL,NORMAL,0.871,None,Normal operational routine,Nominal sensor operation within physical and statistical bounds,False,0.129,False,0.022
2026-09-07 20:20:00,False,NORMAL,NORMAL,0.829,None,Normal operational routine,Nominal sensor operation within physical and statistical bounds,False,0.171,False,0.047
2026-09-07 20:25:00,False,NORMAL,NORMAL,0.881,None,Normal operational routine,Nominal sensor operation within physical and statistical bounds,False,0.119,False,0.043
2026-09-07 20:30:00,False,NORMAL,NORMAL,0.863,None,Normal operational routine,Nominal sensor operation within physical and statistical bounds,False,0.137,False,0.026
2026-09-07 20:35:00,False,NORMAL,NORMAL,0.856,None,Normal operational routine,Nominal sensor operation within physical and statistical bounds,False,0.144,False,0.02
2026-09-07 20:40:00,False,NORMAL,NORMAL,0.778,None,Normal operational routine,Nominal sensor operation within physical and statistical bounds,False,0.222,False,0.022
2026-09-07 20:45:00,False,NORMAL,NORMAL,0.776,None,Normal operational routine,Nominal sensor operation within physical and statistical bounds,False,0.224,False,0.104
2026-09-07 20:50:00,False,NORMAL,NORMAL,0.843,None,Normal operational routine,Nominal sensor operation within physical and statistical bounds,False,0.157,False,0.024
2026-09-07 20:55:00,False,NORMAL,NORMAL,0.826,None,Normal operational routine,Nominal sensor operation within physical and statistical bounds,False,0.174,False,0.023
2026-09-07 21:00:00,False,NORMAL,NORMAL,0.785,None,Normal operational routine,Nominal sensor operation within physical and statistical bounds,False,0.215,False,0.024
2026-09-07 21:05:00,False,NORMAL,NORMAL,0.868,None,Normal operational routine,Nominal sensor operation within physical and statistical bounds,False,0.132,False,0.037
2026-09-07 21:10:00,False,NORMAL,NORMAL,0.865,None,Normal operational routine,Nominal sensor operation within physical and statistical bounds,False,0.135,False,0.027
2026-09-07 21:15:00,False,NORMAL,NORMAL,0.844,None,Normal operational routine,Nominal sensor operation within physical and statistical bounds,False,0.156,False,0.04
2026-09-07 21:20:00,False,NORMAL,NORMAL,0.785,None,Normal operational routine,Nominal sensor operation within physical and statistical bounds,False,0.215,False,0.028
2026-09-07 21:25:00,False,NORMAL,NORMAL,0.826,None,Normal operational routine,Nominal sensor operation within physical and statistical bounds,False,0.174,False,0.021
2026-09-07 21:30:00,False,NORMAL,NORMAL,0.57,None,Normal operational routine,Nominal sensor operation within physical and statistical bounds,False,0.43,False,0.022
2026-09-07 21:35:00,False,NORMAL,NORMAL,0.576,None,Normal operational routine,Nominal sensor operation within physical and statistical bounds,False,0.424,False,0.089
2026-09-07 21:40:00,False,NORMAL,NORMAL,0.556,None,Normal operational routine,Nominal sensor operation within physical and statistical bounds,False,0.293,False,0.444
2026-09-07 21:45:00,False,NORMAL,NORMAL,0.714,None,Normal operational routine,Nominal sensor operation within physical and statistical bounds,False,0.286,False,0.024
2026-09-07 21:50:00,False,NORMAL,NORMAL,0.308,None,Normal operational routine,Nominal sensor operation within physical and statistical bounds,False,0.335,False,0.692
2026-09-07 21:55:00,False,NORMAL,NORMAL,0.808,None,Normal operational routine,Nominal sensor operation within physical and statistical bounds,False,0.192,False,0.022
2026-09-07 22:00:00,False,NORMAL,NORMAL,0.679,None,Normal operational routine,Nominal sensor operation within physical and statistical bounds,False,0.321,False,0.033
2026-09-07 22:05:00,False,NORMAL,NORMAL,0.817,None,Normal operational routine,Nominal sensor operation within physical and statistical bounds,False,0.183,False,0.038
2026-09-07 22:10:00,False,NORMAL,NORMAL,0.815,None,Normal operational routine,Nominal sensor operation within physical and statistical bounds,False,0.185,False,0.041
2026-09-07 22:15:00,False,NORMAL,NORMAL,0.843,None,Normal operational routine,Nominal sensor operation within physical and statistical bounds,False,0.157,False,0.026
2026-09-07 22:20:00,False,NORMAL,NORMAL,0.859,None,Normal operational routine,Nominal sensor operation within physical and statistical bounds,False,0.141,False,0.022
2026-09-07 22:25:00,False,NORMAL,NORMAL,0.822,None,Normal operational routine,Nominal sensor operation within physical and statistical bounds,False,0.178,False,0.046
2026-09-07 22:30:00,False,NORMAL,NORMAL,0.827,None,Normal operational routine,Nominal sensor operation within physical and statistical bounds,False,0.173,False,0.119
2026-09-07 22:35:00,False,NORMAL,NORMAL,0.852,None,Normal operational routine,Nominal sensor operation within physical and statistical bounds,False,0.148,False,0.022
2026-09-07 22:40:00,False,NORMAL,NORMAL,0.756,None,Normal operational routine,Nominal sensor operation within physical and statistical bounds,False,0.244,False,0.083
2026-09-07 22:45:00,False,NORMAL,NORMAL,0.851,None,Normal operational routine,Nominal sensor operation within physical and statistical bounds,False,0.149,False,0.053
2026-09-07 22:50:00,False,NORMAL,NORMAL,0.86,None,Normal operational routine,Nominal sensor operation within physical and statistical bounds,False,0.14,False,0.021
2026-09-07 22:55:00,False,NORMAL,NORMAL,0.78,None,Normal operational routine,Nominal sensor operation within physical and statistical bounds,False,0.22,False,0.02
2026-09-07 23:00:00,False,NORMAL,NORMAL,0.855,None,Normal operational routine,Nominal sensor operation within physical and statistical bounds,False,0.145,False,0.02
2026-09-07 23:05:00,False,NORMAL,NORMAL,0.712,None,Normal operational routine,Nominal sensor operation within physical and statistical bounds,False,0.288,False,0.087
2026-09-07 23:10:00,False,NORMAL,NORMAL,0.817,None,Normal operational routine,Nominal sensor operation within physical and statistical bounds,False,0.183,False,0.02
2026-09-07 23:15:00,False,NORMAL,NORMAL,0.777,None,Normal operational routine,Nominal sensor operation within physical and statistical bounds,False,0.223,False,0.04
2026-09-07 23:20:00,False,NORMAL,NORMAL,0.761,None,Normal operational routine,Nominal sensor operation within physical and statistical bounds,False,0.239,False,0.035
2026-09-07 23:25:00,False,NORMAL,NORMAL,0.706,None,Normal operational routine,Nominal sensor operation within physical and statistical bounds,False,0.294,False,0.021
2026-09-07 23:30:00,False,NORMAL,NORMAL,0.694,None,Normal operational routine,Nominal sensor operation within physical and statistical bounds,False,0.306,False,0.024
2026-09-07 23:35:00,False,NORMAL,NORMAL,0.797,None,Normal operational routine,Nominal sensor operation within physical and statistical bounds,False,0.203,False,0.04
2026-09-07 23:40:00,False,NORMAL,NORMAL,0.853,None,Normal operational routine,Nominal sensor operation within physical and statistical bounds,False,0.147,False,0.025
2026-09-07 23:45:00,False,NORMAL,NORMAL,0.655,None,Normal operational routine,Nominal sensor operation within physical and statistical bounds,False,0.345,False,0.168
2026-09-07 23:50:00,False,NORMAL,NORMAL,0.655,None,Normal operational routine,Nominal sensor operation within physical and statistical bounds,False,0.345,False,0.063
2026-09-07 23:55:00,False,NORMAL,NORMAL,0.806,None,Normal operational routine,Nominal sensor operation within physical and statistical bounds,False,0.194,False,0.023
