timestamp,temp_true_ground_truth,temp_observed_drifted,temp_true_estimated,temp_true_ci95_lower,temp_true_ci95_upper,temp_bias_ground_truth,temp_bias_estimated,temp_bias_ci95_lower,temp_bias_ci95_upper,temp_innovation,temp_post_fit_residual,pres_true_ground_truth,pres_observed_drifted,pres_true_estimated,pres_bias_ground_truth,pres_bias_estimated,pres_post_fit_residual,rh_true_ground_truth,rh_observed_drifted,rh_true_estimated,rh_bias_ground_truth,rh_bias_estimated,rh_post_fit_residual,wind_true_ground_truth,wind_observed_drifted,wind_true_estimated,wind_bias_ground_truth,wind_bias_estimated,wind_post_fit_residual,nis
2026-09-01 00:00:00,15.270482430928983,15.02158514095121,15.02158514095121,13.042328582212395,17.000841699690024,0.0,0.0,-1.9225321685765373,1.9225321685765373,0.0,0.0,1026.5494321903002,1026.5719525383936,1026.5719525383936,0.0,0.0,0.0,88.17594074154451,87.03612821856731,87.03612821856731,0.0,0.0,0.0,6.863496708331322,7.066143962510963,7.066143962510963,0.0,0.0,0.0,0.0
2026-09-01 00:05:00,14.949580069047563,15.039545511792864,15.038092945495357,13.058103859489158,17.018082031501557,0.0,-0.00030528111356247726,-1.922698075822626,1.9220875135955011,0.017960370841654694,0.0017578474110688802,1026.6247004581942,1026.7315727228593,1026.7163818817146,0.0,-0.0009266490392716947,0.01611749018388764,90.30749744191692,90.13753607974648,89.47089740436155,0.0,-0.00031910316534068575,0.6669577785502696,0.9794183414692741,1.1526734278514377,1.238035775417277,0.0,0.07751776795266796,-0.16288011551850734,8.153247435593421
2026-09-01 00:10:00,15.200387693600748,15.058877236541926,15.058482851544378,13.081392713979813,17.035572989108942,0.0,-0.0003661505457495519,-1.922750793701762,1.922018492610263,0.005727801482120043,0.0007605355432982464,1026.4718729315175,1026.626580010309,1026.6628794432038,0.0,2.1104531860715063e-05,-0.03632053742671815,91.36601892202934,91.12434128920965,91.18006819509314,0.0,-5.927295803466519e-05,-0.05566763292544863,10.15220410926656,10.304180410775743,9.572809741463956,0.0,0.06345763912171187,0.6679130301900749,63.88165275488876
2026-09-01 00:15:00,15.49032660959441,15.382568548679068,15.337895233669464,13.362800664958105,17.312989802380823,0.0,-0.00115778234907757,-1.9235845887683354,1.9212690240701802,0.3050543361239004,0.04583109735868085,1026.2436026963699,1026.301830565718,1026.3784718352867,0.0,0.0007442758113710817,-0.07738554537991149,90.23729633603925,91.50721681797168,91.78142056051274,0.0,0.0006235229869407687,-0.2748272655280033,4.756161050525364,5.0897470587834865,5.6617593141824525,0.0,0.055128532780626016,-0.6271407881795916,57.48397795557528
2026-09-01 00:20:00,14.730668429031683,14.586626024830325,14.736521577977518,12.761806855309624,16.71123630064541,0.0,-0.0015642318574503693,-1.9240359287836957,1.9209074650687947,-0.981104723862467,-0.14833132128974214,1026.4888668213364,1026.3433261224502,1026.3082107954435,0.0,0.0006727930523697783,0.03444253395423402,90.34247538016518,90.66247262252007,91.0578107910213,0.0,0.0008840469745207063,-0.39622221547574554,3.306287583535804,3.6376308946870437,3.441070811446347,0.0,0.055241541587215295,0.14131854165348168,6.117587402528878
2026-09-01 00:25:00,14.677338029418948,14.45220703585883,14.42810632068482,12.453368551742296,16.402844089627347,0.0,-0.0014659956023012272,-1.9239825134868915,1.921050522282289,0.16909936674885273,0.02556671077631023,1026.3193897817741,1026.1164598984296,1026.1346089825543,0.0,0.0006624872457373354,-0.018811571370406455,91.23822668917815,91.37091391061709,91.25343537806488,0.0,0.0008928946684260858,0.11658563788378729,3.6908710470421657,3.6527234679797003,3.5070932928018164,0.0,0.055188303137125555,0.09044187204075849,1.345621804960456
2026-09-01 00:30:00,15.352822448941637,15.344564176584704,15.156399666687504,13.181575246581742,17.131224086793264,0.0,-0.001213059158809881,-1.9237745194921645,1.9213484011745445,1.2521193074286625,0.18937756905600978,1026.3233935390008,1026.3457106342219,1026.2635065424186,0.0,0.0007312829967519163,0.08147280880666585,90.46850572086484,91.13809864457178,91.17301319719257,0.0,0.0008866773369366567,-0.03580122995772683,1.4417233438535098,1.6342870622968406,1.675188442628592,0.0,0.055191150447462874,-0.0960925307792142,5.858299644846446
2026-09-01 00:35:00,14.981769099494782,14.686868562085134,14.840127324392718,12.865235457437304,16.81501919134813,0.0,-0.0012172400801891442,-1.923823658651515,1.9213891784911368,-1.0052212381173504,-0.1520415222273943,1026.4736701543186,1026.4479817085949,1026.4148872472647,0.0,0.0007462812527027262,0.03234818007740614,91.19120458143703,91.48600265090826,91.41637180321761,0.0,0.0008928565215747073,0.06873799116907264,11.72177589701621,11.606847420668272,11.029489798247907,0.0,0.05520475554466262,0.5221528668757021,41.48885047205462
2026-09-01 00:40:00,14.444206936320844,14.633568449623219,14.641274198304643,12.666334570094348,16.61621382651494,0.0,-0.0012160104058717266,-1.9238673858319626,1.921435365020219,-0.042906871973199756,-0.006489738275552881,1026.5519522646405,1026.5650609789784,1026.5567905072446,0.0,0.000747280472358582,0.007523191261498141,91.55376979802476,91.18762820363402,91.26410211390461,0.0,0.0008912786898028132,-0.07736518896039968,1.1011641361425022,0.8242424172478289,1.6787409564473421,0.0,0.05520379214503119,-0.9097023313445445,118.12292946447135
2026-09-01 00:45:00,14.809794323185116,14.820794910391792,14.765595753457628,12.790614187383833,16.740577319531425,0.0,-0.0012211150852137365,-1.9239174465766333,1.9214752164062059,0.3730220396810626,0.05642027201937694,1026.3473916499859,1026.3449835440986,1026.4218942271432,0.0,0.0007481897372628948,-0.07765887278196715,90.52826352182068,91.38544426602432,91.34800368767453,0.0,0.0008910886340906578,0.03654948971569638,5.67311520417934,5.592267077468144,4.870441885834703,0.0,0.0552030248546812,0.66662216677876,64.42350330017777
2026-09-01 00:50:00,14.371775807623756,14.456262802204044,14.514254077575567,12.539230181008469,16.489277974142666,0.0,-0.001220402221017791,-1.9239616888024544,1.9215208843604188,-0.37533996345645626,-0.056770873150505,1026.366050043611,1026.753586092636,1026.6674622525343,0.0,0.0007449514866537862,0.08537888861496867,91.03974637474352,90.1519462724329,90.39250021196196,0.0,0.000892803648261513,-0.2414467431773204,4.205670057355966,4.182786611834091,4.364437060051014,0.0,0.05520303334245084,-0.2368534815593737,9.457577609243035
2026-09-01 00:55:00,14.338847642239537,14.245609919850294,14.257951332548263,12.282884049276559,16.233018615819965,0.0,-0.0012204907927453993,-1.9240067314140303,1.9215657498285397,-0.07352584488118019,-0.01112092190522418,1026.5481548197733,1026.3486208814272,1026.4536293484036,0.0,0.0007474606169083501,-0.10575592759323627,90.11995079460712,90.37854854463397,90.2461679540937,0.0,0.0008923737458546987,0.13148821679440914,9.48536865173711,8.986894354983713,8.68654989089324,0.0,0.055203045782285604,0.24514141830818836,9.92306389266107
2026-09-01 01:00:00,14.593568579073139,14.52012779223079,14.444444267224627,12.469333176069437,16.419555358379817,0.0,-0.0012200657147402023,-1.9240512593251995,1.9216111278957193,0.5084471883641815,0.07690359072090303,1026.2996505403278,1026.0011585998545,1026.0801419838313,0.0,0.0007480965986189482,-0.07973148057544677,91.09168898362466,89.85363314831561,89.87274479802385,0.0,0.0008923855175625692,-0.020004035225795747,2.922578936187133,3.180678704012149,3.582105123387146,0.0,0.05520304527796094,-0.4566294646529583,31.087806939734577
2026-09-01 01:05:00,13.7067848156744,13.764297596707866,13.884644676319239,11.909489745573389,15.859799607065089,0.0,-0.0012202221712096185,-1.924096367720205,1.9216559233777857,-0.7876058206479684,-0.11912685744016294,1026.6221705732169,1026.6720270982448,1026.47452454673,0.0,0.000748053315925866,0.1967544981989704,90.7528104898838,90.91596557589659,90.64384117415658,0.0,0.0008924618808612075,0.27123193985914895,4.79312463594472,3.9629270091640003,3.625685408323477,0.0,0.05520304464819764,0.28203855619232554,17.543822032744494
2026-09-01 01:10:00,13.761132038278292,13.528321911797127,13.516812799887,11.541614079477794,15.492011520296204,0.0,-0.001220225197420833,-1.924141321634131,1.9217008712392891,0.08415986297267963,0.012729337107549199,1026.2828424876452,1026.226379104457,1026.3214957696923,0.0,0.0007478964403980264,-0.09586456167562574,90.8933868677984,91.04777858121675,91.0605849338274,0.0,0.000892457987434098,-0.013698810598086197,4.463032043629298,5.277477125475194,5.181542288504727,0.0,0.055203044647061,0.04073179232340607,1.2790567755539555
2026-09-01 01:15:00,14.20889357043662,14.137295483553952,13.986898630333444,12.011656148476312,15.962141112190576,0.0,-0.0012202717359350403,-1.9241863180095962,1.921745774537726,1.0024148431951225,0.1516171249564433,1025.8977724661863,1025.945182646646,1026.0182869093107,0.0,0.0007478088278856869,-0.07385207149263806,90.36505097721157,91.7062149467433,91.66388058566491,0.0,0.0008924628164610003,0.04144189826192246,6.058927308294081,6.509491048432976,6.470630646919574,0.0,0.05520304464545842,-0.016342643132055912,3.0865270642946534
2026-09-01 01:20:00,14.015109067556015,13.843186364780324,13.913856268854877,11.938570031525373,15.889142506184381,0.0,-0.0012202645221308657,-1.9242312595820539,1.9217907305377921,-0.45916547726217694,-0.06944963955242223,1026.2365909520092,1026.3241734053518,1026.2051424256554,0.0,0.0007478629035100595,0.11828311679278158,89.84391084868115,88.59193173392772,89.29756194183393,0.0,0.0008924522694810399,-0.7065226601756933,1.459661483395235,1.381358866143541,1.6063792918677704,0.0,0.05520304464536801,-0.2802234703695974,15.839129423004941
2026-09-01 01:25:00,14.536111497643835,14.357997735525633,14.291437172146477,12.316107178473562,16.26676716581939,0.0,-0.001220264582569167,-1.9242762073781385,1.9218356782130002,0.44813214900520215,0.06778082796172491,1026.1403608301314,1026.3329765344083,1026.3165194386572,0.0,0.0007478637129563345,0.015709232038034315,90.96199943521546,90.4812896945324,89.94061850464479,0.0,0.0008924448865192306,0.5397787450011009,2.5526752336950684,2.5555031418642002,2.2209608750536374,0.0,0.05520304464416742,0.2793392221663953,13.144623013693277
2026-09-01 01:30:00,14.041124907110955,13.619157258985826,13.768613013212653,11.793239262570134,15.74398676385517,0.0,-0.0012202668512374555,-1.9243211563319107,1.9218806226294356,-0.9800571859931857,-0.14823548737558845,1026.2342077706028,1026.0081238975451,1026.0978387759487,0.0,0.0007478697514042783,-0.0904627481550051,89.64454950840818,90.3026954496675,90.24138112788111,0.0,0.0008924442128560323,0.0604218775735319,2.7029427854264587,2.7938343475026435,2.7699085919010202,0.0,0.055203044644166616,-0.031277289042543455,3.394863323774715
2026-09-01 01:35:00,13.837096971110105,14.104962289006105,13.99873275692792,12.023315249836596,15.974150264019244,0.0,-0.001220266087616423,-1.9243661012029245,1.9219255690276917,0.7104030801955759,0.10744979816580091,1026.0973093700024,1026.0138016853239,1026.005287028975,0.0,0.000747869301426364,0.007766787047330581,90.50345724728955,90.7717110524074,90.71341513105301,0.0,0.0008924439798758056,0.057403477374506906,6.366677847577766,6.189929731181084,6.008358251584259,0.0,0.05520304464419029,0.12636843495263506,3.5235369114416613
2026-09-01 01:40:00,14.989733036777112,14.852425286146358,14.742700021411194,12.767238758877287,16.7181612839451,0.0,-0.0012202659852544554,-1.9244110456848027,1.9219705137142937,0.7335150749757631,0.11094553072041968,1025.9292527926941,1025.9935669815263,1025.9729431114895,0.0,0.0007478687989543713,0.019876001237889795,91.21207382043046,91.35631786150046,91.31008923178979,0.0,0.0008924439673302615,0.045336185743337865,2.518365008555843,2.5761507528319236,2.8277849741354784,0.0,0.05520304464419135,-0.3068372659477463,14.790481807888495
2026-09-01 01:45:00,14.318396670556712,14.551071881589422,14.676638733012192,12.701133716089528,16.652143749934858,0.0,-0.001220265903855864,-1.9244559891373225,1.9220154573296109,-0.8221159915826988,-0.12434658551891431,1025.7182423276006,1025.8338118669537,1025.8522932683131,0.0,0.0007478688868041681,-0.019229270246114538,90.79133661566769,90.02642805330086,90.3819389138706,0.0,0.0008924437452866558,-0.3564033043150232,5.07707976495528,5.033879771644782,4.715452783187999,0.0,0.05520304464418971,0.2632239438125934,12.215888775295104
2026-09-01 01:50:00,14.444736334150527,14.658494798429386,14.671313247656414,12.695764477347044,16.646862017965784,0.0,-0.0012202658987786837,-1.9245009316159163,1.9220603998183587,-0.07668125302895312,-0.01159818332824969,1025.820654239137,1026.1496716716802,1026.0600543395158,0.0,0.0007478691086766695,0.08886946305574384,91.67825956135039,91.20560488287724,90.94009693767165,0.0,0.000892443858905667,0.26461550134668244,2.7077780220139367,2.679496206844647,2.8240478716014614,0.0,0.05520304464418985,-0.19975470940100415,6.947727217947286
2026-09-01 01:55:00,13.860631647573484,13.603431706270186,13.766956018430854,11.791363495705998,15.74254854115571,0.0,-0.0012202658824819665,-1.9245458730331162,1.9221053412681521,-1.073071298154625,-0.1623040462781855,1025.6728857159671,1025.8162413116343,1025.8950807384565,0.0,0.0007478688890614148,-0.07958729571123513,91.17631725911795,92.17235006569656,91.98394231371728,0.0,0.000892443884702202,0.18751530809457506,7.734860871308945,7.789299190353137,7.416845958347043,0.0,0.055203044644189625,0.31725018736190425,18.03431380001131
2026-09-01 02:00:00,14.22937370871845,14.011691461583881,13.863764191991097,11.888127917815716,15.839400466166477,0.0,-0.0012202658794285418,-1.9245908134134586,1.9221502816546017,0.9860871812857592,0.14914753547221338,1025.660259819015,1025.651741529632,1025.6883312791424,0.0,0.0007478688383868856,-0.03733761834860161,90.36230070337112,90.32109334836798,90.80704947744026,0.0,0.0008924438850111578,-0.48684857295728534,9.285907343747871,8.891849004241672,9.00633172955053,0.0,0.05520304464418951,-0.16968576995304652,7.834940226110168
2026-09-01 02:05:00,14.511881904877729,15.023982496748866,14.841349473017942,12.865669448358764,16.81702949767712,0.0,-0.001220265874921613,-1.924635752742321,1.9221952209924777,1.2155438676445218,0.18385328960584602,1025.781003596731,1025.6474382337894,1025.6188447740067,0.0,0.0007478688474085245,0.02784559093538519,90.7223640906266,91.02265184754218,90.85492505168845,0.0,0.0008924438804810395,0.16683435197325025,4.701887105374356,4.71375802261445,4.9021999301373755,0.0,0.055203044644189674,-0.24364495216711468,12.27543387770338
2026-09-01 02:10:00,14.031290078274635,14.381475266660063,14.571791999629829,12.59606822545529,16.547515773804367,0.0,-0.0012202658764472833,-1.9246806910272625,1.9222401592743679,-1.250209074100896,-0.18909646709331795,1025.8871725943193,1025.8025291164115,1025.738304126612,0.0,0.0007478688423726457,0.06347712095703173,90.65188589162143,90.55973522860025,90.5901479014596,0.0,0.0008924438809895426,-0.03130511674034153,3.624751912264824,3.6737862362500673,3.4714599584785244,0.0,0.05520304464418978,0.1471232331273531,7.325151396620541
2026-09-01 02:15:00,14.66992649134365,14.66362278867803,14.638937673466087,12.663170150745088,16.614705196187085,0.0,-0.0012202658764480657,-1.9247256282607994,1.9222850965079035,0.17127312319783883,0.02590538108839091,1025.6385389678892,1025.5496335444457,1025.6025466206315,0.0,0.000747868849230246,-0.05366094503506247,89.92847808217392,88.98200966997412,89.24939318419025,0.0,0.0008924438821986193,-0.2682759580983287,2.8400912354756596,2.878746121882434,2.803491093767862,0.0,0.055203044644189764,0.020051983470382062,0.8191283459312582
2026-09-01 02:20:00,14.311131472299303,14.362606093582773,14.411628740590391,12.435817470291742,16.38744001088904,0.0,-0.0012202658763890504,-1.9247705644444706,1.9223300326916923,-0.31604488213097426,-0.0478023811312287,1025.3413798382987,1025.4396648825757,1025.458378328191,0.0,0.0007478688506119212,-0.019461314465843316,90.22468760056864,90.97173594142863,90.43223359875192,0.0,0.0008924438824380493,0.5386098987942773,1.2428393244146807,1.1780900977838344,1.169183303082193,0.0,0.05520304464418973,-0.04629624994254833,2.080520447304741
2026-09-01 02:25:00,14.470221949541292,14.344052668951855,14.328244279232534,12.352389262324888,16.30409929614018,0.0,-0.0012202658763985788,-1.9248154995784774,1.92237496782568,0.11258475672632251,0.017028655595719755,1025.5277426732557,1025.5662922900935,1025.5139565229504,0.0,0.0007478688495457644,0.051587898293519174,90.42546142191412,90.82804732954011,90.8654589224168,0.0,0.000892443882394188,-0.03830403675908656,3.075371428187763,3.416728760978575,3.189429358253156,0.0,0.05520304464418961,0.17209635808122892,4.560785012343615
2026-09-01 02:30:00,14.3854932856065,14.471963828446569,14.436043507434812,12.46014474488672,16.4119422699829,0.0,-0.001220265876401086,-1.9248604336628181,1.9224199019100159,0.2455545545549107,0.03714058688815847,1025.5797975621383,1025.381250126512,1025.4102065419945,0.0,0.0007478688494994298,-0.029704284331955932,89.68189965624039,91.52640912613414,91.4895554203467,0.0,0.0008924438824158913,0.03596126190501536,5.667931278654652,5.561835512190187,5.510279255142551,0.0,0.05520304464418961,-0.003646787596554013,0.25280071157691164
2026-09-01 02:35:00,15.410117007496698,15.266680627352203,15.152701642325114,13.176759135105062,17.128644149545167,0.0,-0.001220265876394947,-1.9249053666975648,1.922464834944775,0.7616384960702973,0.11519925090348337,1025.2471425528086,1025.181757332445,1025.2164613179789,0.0,0.0007478688492964334,-0.03545185438315457,90.79392283197588,89.98145772825544,90.38798219016432,0.0,0.0008924438823584461,-0.40741690579125134,4.803449321940817,4.871647093987773,4.948141340053124,0.0,0.0552030446441897,-0.13169729070953995,4.871673517642302
2026-09-01 02:40:00,14.710577515605353,14.304106762745675,14.52425950760234,12.54827325667875,16.50024575852593,0.0,-0.001220265876402725,-1.9249502986828135,1.9225097669300082,-1.4474695167173603,-0.21893247898026047,1025.2559682743458,1025.3876004073636,1025.313897482573,0.0,0.000747868849561494,0.07295505594083806,90.59782060399918,91.25587894095956,90.95891013448895,0.0,0.0008924438823489135,0.2960763625882663,9.338897922628034,9.728087182805698,9.428561824594338,0.0,0.05520304464418987,0.24432231356717082,14.631465944124418
2026-09-01 02:45:00,14.343389330560838,14.079078173258628,14.08590135534275,12.109871361683982,16.06193134900152,0.0,-0.0012202658764027747,-1.9249952296186161,1.9225546978658108,-0.037043614785574164,-0.005602916207719133,1025.2149867309981,1025.2677360842442,1025.2814087325055,0.0,0.0007478688495436428,-0.014420517110693254,89.86066288995532,88.81142771712572,89.27647972095096,0.0,0.0008924438823708471,-0.46594444770759935,3.907091881002338,3.8832790389962444,4.293286753421503,0.0,0.055203044644190194,-0.465210759069449,32.02250969243671
2026-09-01 02:50:00,15.149699560918299,15.153918110488416,14.927969264641398,12.95189552921575,16.904043000067045,0.0,-0.0012202658764035818,-1.9250401595050546,1.9225996277522475,1.5019259174837245,0.22716911172342158,1025.0311120443187,1025.1164087367206,1025.149102846651,0.0,0.0007478688495421577,-0.03344197877981969,90.95452326698944,91.0804005211279,90.50074702073236,0.0,0.0008924438823581245,0.5787610565131729,5.983948647131404,6.0482876273716695,5.648672927563245,0.0,0.05520304464419043,0.344411655164234,24.23039149349756
2026-09-01 02:55:00,14.390244823319808,14.16403137621929,14.373211883209501,12.39709440698521,16.349329359433796,0.0,-0.001220265876402843,-1.9250850883422,1.9226445565893941,-1.3749266947667955,-0.20796024111380795,1025.1816022064024,1025.239040462911,1025.196839494037,0.0,0.0007478688495320328,0.041453100024455125,91.05827347627788,91.8394787475284,91.69288640342863,0.0,0.0008924438823574775,0.14569990021740864,4.5087170031324195,4.47980161223795,4.570914499421496,0.0,0.055203044644190534,-0.14631593182773628,7.930163051561132
2026-09-01 03:00:00,15.0237016295583,15.010246136575592,14.862847917363963,12.886686701309193,16.839009133418735,0.0,-0.0012202658764031069,-1.9251300161301286,1.9226894843773223,0.9825893708764717,0.14861848508803277,1025.0012811425477,1025.245245752739,1025.2343113736786,0.0,0.000747868849530195,0.010186510211042332,90.8573235221259,89.19961542924871,89.88495880471297,0.0,0.0008924438823562585,-0.6862358193466065,4.662434510961157,5.033645449030237,4.899224059235371,0.0,0.05520304464419059,0.07921834515067605,5.663443077858552
2026-09-01 03:05:00,14.22151393970773,14.006581731821157,14.188442686889463,12.21223773197232,16.164647641806607,0.0,-0.0012202658764031069,-1.9251749428689129,1.9227344111161067,-1.1943037976912816,-0.18064068919190213,1025.0170663414133,1025.0524728009868,1025.0985801682402,0.0,0.0007478688495334463,-0.04685523610282871,90.526673617326,90.36272763793271,90.06376538643167,0.0,0.0008924438823569203,0.2980698076186883,3.070490449343168,2.993173080867279,3.045924388878653,0.0,0.055203044644190666,-0.10795435265556463,5.815961759403646
2026-09-01 03:10:00,14.542962175857959,14.38649139135756,14.283212539426518,12.306963846615043,16.259461232237996,0.0,-0.0012202658764031069,-1.9252198685586261,1.92277933680582,0.690894691617542,0.10449911780744436,1024.7554756680438,1024.6975722483633,1024.7680319668166,0.0,0.0007478688495340392,-0.07120758730275156,91.00656544457578,90.55599765734169,90.4306314185496,0.0,0.0008924438823570309,0.12447379490973276,4.284634746738021,4.669641119924483,4.454107701125839,0.0,0.05520304464419078,0.16033037415445328,5.467767357642323
2026-09-01 03:15:00,15.225439684613724,15.396072745896362,15.227127539034043,13.25083510929621,17.203419968771875,0.0,-0.0012202658764031069,-1.925264793199342,1.9228242614465358,1.1250470269845376,0.17016547273872185,1024.7572935236103,1024.6199302674402,1024.5959527817943,0.0,0.0007478688495341037,0.02322961679647051,91.09769732838892,90.53613148975282,90.55969195118995,0.0,0.0008924438823570255,-0.024452905319492402,4.387471370734973,4.356395002340854,4.385087288588609,0.0,0.05520304464419083,-0.08389533089194678,4.130607646259186
2026-09-01 03:20:00,15.51811785878178,15.567613968309802,15.633876781747261,13.657540616050984,17.61021294744354,0.0,-0.0012202658764031069,-1.9253097167911344,1.9228691850383282,-0.43002804025599595,-0.0650425475610561,1024.865531475913,1024.9029728946446,1024.7892046621016,0.0,0.0007478688495347311,0.11302036369352209,90.9312283022364,91.23939842404388,91.1367465586657,0.0,0.0008924438823570029,0.10175942149581374,6.0907710003097275,5.832933083275322,5.7055870409201805,0.0,0.05520304464419088,0.07214299771095067,2.666974707241982
2026-09-01 03:25:00,15.370863755491294,15.368930871228624,15.48151601002537,13.505136109338494,17.457895910712246,0.0,-0.0012202658764033046,-1.9253546393340764,1.9229141075812697,-0.7362875510117206,-0.11136487292034225,1024.6355594510394,1024.269453848823,1024.4009910876812,0.0,0.000747868849534364,-0.1322851077075029,90.35519630056527,91.25174486570334,91.31921031392278,0.0,0.0008924438823570181,-0.0683578921018011,9.242839047552584,9.44665099872482,9.294821107692739,0.0,0.05520304464419081,0.0966268463878901,4.6184811277357944
2026-09-01 03:30:00,15.339161562261973,15.514954356876103,15.50493117388262,13.528507539172928,17.48135480859231,0.0,-0.0012202658764033046,-1.925399560828241,1.9229590290754344,0.07433593031849561,0.011243448869887374,1024.88498547489,1024.8573421246151,1024.6998753367243,0.0,0.000747868849534364,0.15671891904139557,90.90364263164507,90.79701965946174,90.94802434512616,0.0,0.0008924438823570181,-0.15189712954678214,3.4761786613049312,3.3847783111782346,3.757434468022831,0.0,0.05520304464419051,-0.4278592014887872,28.989922990947683
2026-09-01 03:35:00,15.351571393574291,15.44769311224376,15.459207034162999,13.482739666398212,17.435674401927788,0.0,-0.0012202658764033229,-1.9254444812737024,1.9230039495208957,-0.06805638618343579,-0.010293656042835053,1024.50069550738,1024.4698195283918,1024.5493116535376,0.0,0.0007478688495341413,-0.08023999399529202,91.363928264764,91.52831740681202,91.37488048699367,0.0,0.0008924438823570181,0.15254447593598286,1.142051927053864,1.3282021967836128,1.0978677976405935,0.0,0.05520304464419039,0.17513135449882888,5.224687158964117
2026-09-01 03:40:00,14.970650311988845,15.259962970239117,15.285794214243744,13.309283114391516,17.262305314095972,0.0,-0.001220265876403279,-1.9254894006705339,1.9230488689177272,-0.16271519320992134,-0.024610978128222882,1024.5293833746312,1024.3247127465886,1024.3604917867328,0.0,0.00074786884953404,-0.03652690899366462,90.4418627542184,90.5333097566658,90.7468486410061,0.0,0.0008924438823570181,-0.2144313282226591,4.554600273784918,3.735778958307798,3.4679000190844627,0.0,0.055203044644190534,0.2126758945791445,6.902914384220102
2026-09-01 03:45:00,15.367586918655158,15.275615066192131,15.255727896757776,13.279173065785695,17.232282727729856,0.0,-0.0012202658764032415,-1.9255343190188086,1.9230937872660019,0.1395515609685365,0.02110743531075876,1024.5710435442772,1024.4318036684788,1024.3818631201823,0.0,0.0007478688495339035,0.04919267944706007,91.8162488472792,91.81769165236433,91.5321668484729,0.0,0.0008924438823570181,0.2846323600090699,4.876967184147759,4.878528762716242,4.888349015549934,0.0,0.05520304464419058,-0.06502329747788149,1.3364314932037404
2026-09-01 03:50:00,15.568117221695795,15.482190225990294,15.441195146011088,13.464596584886683,17.41779370713549,0.0,-0.0012202658764033166,-1.9255792363186,1.9231387045657933,0.27910626394170457,0.0422153458556096,1024.1544021902505,1024.2758508197728,1024.2917357433403,0.0,0.0007478688495339035,-0.016632792416885422,90.51811103183287,89.64663692166319,90.10487731464946,0.0,0.00089244388235712,-0.4591328368686334,2.362136264254547,2.224254674627303,2.344089655611605,0.0,0.05520304464419046,-0.17503802562849247,5.674295115937153
2026-09-01 03:55:00,16.275414135406393,16.015192282128123,15.951001354846722,13.974359064537454,17.92764364515599,0.0,-0.0012202658764032003,-1.9256241525699815,1.9231836208171753,0.4324653362947082,0.06541119315780364,1024.0396574361403,1024.0742641985014,1024.1063438190604,0.0,0.0007478688495338124,-0.03282748940841884,90.84502934624243,91.73178502762075,91.2347736224416,0.0,0.00089244388235712,0.4961189612967871,6.574867775284536,6.255890169325153,5.9033758821976985,0.0,0.05520304464419025,0.29731124248326424,14.450166027767052
2026-09-01 04:00:00,16.09350960878459,16.007713465310108,16.067269788463438,14.090583769936705,18.04395580699017,0.0,-0.0012202658764032003,-1.9256690677730268,1.9232285360202206,-0.38568815840907433,-0.0583360572769287,1024.0122614682834,1024.0275297183396,1024.011123221891,0.0,0.0007478688495338124,0.015658627599123065,90.48029925005899,90.71645554458605,90.93052774591935,0.0,0.00089244388235712,-0.21496464521565883,11.26492124850817,11.098948947956229,11.003262319153347,0.0,0.05520304464419022,0.04048358415869302,0.8586324403834488
2026-09-01 04:05:00,15.35760637098415,15.55056034984464,15.656263047723671,13.679533301946806,17.632992793500534,0.0,-0.001220265876403386,-1.9257139819278097,1.923273450175003,-0.690784373614731,-0.1044824320026283,1024.3686260135103,1024.4145781436,1024.2982823083687,0.0,0.0007478688495338124,0.11554796638188236,90.87823458055524,91.1941397725573,91.12882372914477,0.0,0.00089244388235712,0.06442359953017274,9.389722685158421,9.217611741870625,9.470346907262957,0.0,0.05520304464418979,-0.30793821003652155,16.19450848667499
2026-09-01 04:10:00,16.30243624405484,16.562433718507265,16.380234139402564,14.403460667342838,18.35700761146229,0.0,-0.0012202658764037119,-1.925758895034403,1.9233183632815953,1.2126781535923268,0.1834198449811062,1024.035471194988,1024.0493653331805,1024.1405927942155,0.0,0.0007478688495338124,-0.09197532988446255,89.95953769772433,89.31432999450386,89.6915401030206,0.0,0.00089244388235712,-0.37810255239909907,2.576986994401425,2.5625912559462507,2.7154367497667318,0.0,0.05520304464418994,-0.20804853846467086,11.412388542120182
2026-09-01 04:15:00,16.131925493250048,16.32398652686738,16.41496069434277,14.438143496967387,18.391777891718153,0.0,-0.0012202658764037119,-1.9258038070928796,1.923363275340072,-0.5934068676155348,-0.08975390159898566,1024.4419577502351,1024.6283871346639,1024.50565484497,0.0,0.0007478688495338124,0.1219844208444556,90.54611734511258,90.17874102672118,89.884266037381,0.0,0.00089244388235712,0.2935825454578236,7.936695701664092,7.526497763278606,6.946962999935928,0.0,0.05520304464418994,0.5243317186984875,42.181386038640944
2026-09-01 04:20:00,16.131474796320735,15.772636423010848,15.889813510390896,13.912952588666997,17.866674432114795,0.0,-0.0012202658764037119,-1.9258487181033137,1.9234081863505061,-0.7666471652070044,-0.11595682150364439,1023.9146159812086,1023.9331303584642,1024.1128389015062,0.0,0.0007478688495338124,-0.18045641189144135,90.27304719191991,90.1321398337513,90.05799251379614,0.0,0.00089244388235712,0.07325487607279513,6.072619982207524,6.167502116285438,6.384950844235927,0.0,0.05520304464418975,-0.27265177259467865,15.686416964768549
2026-09-01 04:25:00,16.766281155497914,16.982910198030062,16.756929824073257,14.780025178967918,18.733834469178596,0.0,-0.0012202658764037119,-1.9258936280657781,1.9234530963129706,1.5021343652117505,0.22720063983321026,1023.9690866678632,1023.7503547007904,1023.7873916950869,0.0,0.0007478688495338124,-0.03778486314604379,90.92952209932946,89.70222234457037,89.78889898832871,0.0,0.00089244388235712,-0.08756908764070204,4.277484488857837,4.687348924419574,4.657920172173358,0.0,0.05520304464418977,-0.025774292397973575,5.753884899136495
2026-09-01 04:30:00,17.056410272534002,16.688706547879587,16.796442708021512,14.819494340501747,18.773391075541277,0.0,-0.0012202658764037119,-1.9259385369803463,1.9234980052275388,-0.7042285855134871,-0.10651589426552022,1024.116072384248,1024.360591878979,1024.1677313137834,0.0,0.0007478688495338124,0.19211269634615746,90.3208566128396,88.97042915268146,89.09531956122777,0.0,0.00089244388235712,-0.12578285242867082,4.850793966793847,4.935072515878195,4.792005385435152,0.0,0.05520304464418983,0.08786408579885308,6.496343324672633
2026-09-01 04:35:00,17.141904582409317,17.321528047233787,17.26542148395939,15.288429394992146,19.242413572926633,0.0,-0.0012202658764037119,-1.925983444847092,1.9235429130942845,0.3790156584913582,0.057326829150802894,1024.1302953635711,1024.1858464036704,1024.2192289578174,0.0,0.0007478688495339071,-0.03413042299644076,90.79803031368287,90.31743196917202,89.97078321236464,0.0,0.00089244388235712,0.34575631292501896,7.570162180241361,7.812858763010064,7.642129426353155,0.0,0.05520304464418975,0.1155262920127198,2.9961374765882187
2026-09-01 04:40:00,16.562017875736128,16.48846097042192,16.669173868735164,14.692138059287327,18.646209678183002,0.0,-0.0012202658764040306,-1.9260283516660885,1.9235878199132805,-1.1867134339218168,-0.17949263243684044,1024.0845756137314,1023.9961875541122,1024.0655926372592,0.0,0.0007478688495339071,-0.07015295199641969,89.10218236348703,89.52019897664094,89.70368897698188,0.0,0.00089244388235712,-0.18438244422330285,4.448497107080851,4.77686584346499,4.985607822281738,0.0,0.05520304464418975,-0.26394502346093685,14.071832935217707
2026-09-01 04:45:00,16.905209183583377,17.045715846370147,16.927085336274537,14.950005807312927,18.904164865236147,0.0,-0.0012202658764042436,-1.9260732574374089,1.9236327256846004,0.7923919994988644,0.1198507759720151,1023.9039830588067,1023.7159728010624,1023.7766238516483,0.0,0.0007478688495339071,-0.061398919435418975,90.10482242053847,89.58231250859451,89.59261348486238,0.0,0.00089244388235712,-0.011193420150235056,3.759118332756694,4.130065186411947,3.9728504867963452,0.0,0.05520304464418982,0.10201165497141229,3.425140068651449
2026-09-01 04:50:00,17.29541088694818,17.028921217369266,17.035221351395325,15.058098103886696,19.012344598903955,0.0,-0.0012202658764042527,-1.9261181621611263,1.9236776304083179,-0.0335854886849738,-0.005079868149653777,1023.8251879215397,1023.8845750546834,1023.8100731058213,0.0,0.0007478688495339071,0.0737540800125771,84.81551026216711,84.00046610409454,85.06874935492188,0.0,0.00089244388235712,-1.069175694709699,4.53452417918933,5.095565787035722,4.959114032692536,0.0,0.055203044644189764,0.081248709698996,7.4252189020452795
2026-09-01 04:55:00,17.689900949285406,17.924134475826634,17.80785360902298,15.830686643934028,19.785020574111936,0.0,-0.0012202658764044615,-1.9261630658373146,1.9237225340845057,0.7768573604352369,0.11750113268005791,1023.7108399067666,1023.6932641060205,1023.7082341708414,0.0,0.0007478688495339071,-0.015717933670430284,84.30677578891502,83.65502726632488,83.27740842162237,0.0,0.00089244388235712,0.3767264008201465,5.116569376343216,4.966808776860438,4.964749977709856,0.0,0.055203044644189764,-0.0531442454936073,2.62033954266974
2026-09-01 05:00:00,17.24749912846869,16.95450417924771,17.1834899635131,15.206279281810449,19.16070064521575,0.0,-0.001220265876404866,-1.9262079684660471,1.9237674367132374,-1.5058690531572765,-0.22776551838898484,1023.6906852308248,1023.9268072487297,1023.858222512876,0.0,0.0007478688495339071,0.06783686700418912,89.6371355841729,89.27286164565665,87.67638700385663,0.0,0.00089244388235712,1.5955821979176505,2.517912855541928,2.302367659993593,2.361305122945939,0.0,0.05520304464418969,-0.11414050759653582,20.94226733044285
2026-09-01 05:05:00,17.507040929329634,17.373349947159,17.28609065051868,15.308836253168895,19.263345047868466,0.0,-0.001220265876404866,-1.9262528700473962,1.9238123382945864,0.5849815897210675,0.08847956251672429,1023.444863623096,1023.392977530996,1023.5137058111721,0.0,0.0007478688495339071,-0.12147614902573878,85.83468862679923,85.55160145654315,86.47965231570112,0.0,0.00089244388235712,-0.9289433030403274,8.36235859810983,8.59739829260725,8.146375339699341,0.0,0.05520304464418941,0.3958199082637197,29.262352220355456
2026-09-01 05:10:00,17.28349594833533,17.08387702278152,17.11747530444031,15.140177192409888,19.09477341647073,0.0,-0.001220265876404866,-1.926297770581436,1.9238572388286261,-0.21406687155365844,-0.0323780157823812,1023.3601108325206,1023.2345037140682,1023.2491749326326,0.0,0.0007478688495339071,-0.015419087413988564,88.60675414665651,90.33917130842175,89.55289320483834,0.0,0.00089244388235712,0.7853856597010491,5.82437152184343,6.03685138774065,6.368172382243969,0.0,0.05520304464418941,-0.3865240391475089,24.62462802275221
2026-09-01 05:15:00,17.394801126662454,17.043944156097954,17.035553411050863,15.058211585306244,19.012895236795483,0.0,-0.001220265876404866,-1.9263426700682393,1.9239021383154296,0.06354308598429625,0.009611010923496366,1023.439367174571,1023.5737366073064,1023.4448087955798,0.0,0.0007478688495339071,0.12817994287706824,87.10710353880933,87.95080004159918,88.69217182715161,0.0,0.00089244388235712,-0.7422642294347952,5.508591012248728,5.741293602133435,5.600673010961468,0.0,0.05520304464418941,0.08541754652777822,5.713199837304336
2026-09-01 05:20:00,18.348013840289447,18.36691935380714,18.152721721177596,16.17533618268515,20.13010725967004,0.0,-0.001220265876404866,-1.9263875685078795,1.9239470367550697,1.4242329091372063,0.21541789850595094,1023.3731526111092,1023.5119448950167,1023.5086362895955,0.0,0.0007478688495339143,0.0025607365715814012,82.5404254591193,83.3602447489447,84.38813478239348,0.0,0.00089244388235712,-1.0287824773311485,1.7805133916957403,2.3472981279708156,2.4116662873954935,0.0,0.05520304464418949,-0.11957120406886723,12.388483374380606
2026-09-01 05:25:00,18.71762143761248,19.078839261179873,19.07580360435475,17.098374354080782,21.053232854628718,0.0,-0.0012202658764048737,-1.9264324659004304,1.9239919341476206,0.02813798301950854,0.004255922701528192,1023.2913141237999,1023.3166118289414,1023.3727932175249,0.0,0.0007478688495340723,-0.056929257433012026,78.56351022696948,79.49837451838819,79.8313413948636,0.0,0.00089244388235712,-0.33385932035777444,5.294818897886882,5.298229870526431,4.967749572049929,0.0,0.055203044644189875,0.2752772538323116,11.748331800710426
2026-09-01 05:30:00,18.300780592257325,18.834161636721326,19.010712663834497,17.033239702745252,20.98818562492374,0.0,-0.001220265876405185,-1.9264773622459648,1.9240368304931545,-1.1591972713009362,-0.17533076123676494,1023.4262182466595,1023.5276718038107,1023.4758916572952,0.0,0.0007478688495340723,0.05103227766596774,82.54163506109914,81.7425783656319,80.5544850267387,0.0,0.00089244388235712,1.1872008950108324,1.9748418393870102,2.102688807280866,2.314001735505345,0.0,0.05520304464419006,-0.26651597286866924,20.92008519447302
2026-09-01 05:35:00,18.887728302131578,18.907159459548826,18.94084574514926,16.963329074210918,20.918362416087604,0.0,-0.0012202658764051274,-1.9265222575445557,1.9240817257917455,-0.2146487085815849,-0.03246601972402985,1023.429390049998,1023.4237369818867,1023.4454206593057,0.0,0.0007478688495340723,-0.022431546268535385,74.64271167283447,73.66481998084467,74.89201089765295,0.0,0.00089244388235712,-1.228083360690647,1.5746437514898528,1.2805272760448103,1.1309791032227143,0.0,0.05520304464419,0.09434512817790597,9.187867717551992
2026-09-01 05:40:00,18.78990422860252,19.013240483616023,18.997727527719057,17.02016714789773,20.975287907540384,0.0,-0.0012202658764051274,-1.926567151796277,1.9241266200434668,0.11063149947527151,0.016733221773371554,1023.2655861607227,1023.3006659258741,1023.3312432912692,0.0,0.0007478688495340723,-0.03132523424460487,80.20264853390084,79.3171523006736,77.6156594460735,0.0,0.00089244388235712,1.7006004107177404,4.760971653496142,5.401567990688929,5.119032148462828,0.0,0.05520304464419,0.22733279758191127,22.374587313157658
2026-09-01 05:45:00,18.548272582285115,18.594691509870824,18.662729740206014,16.685125652467757,20.64033382794427,0.0,-0.0012202658764050088,-1.9266120450012012,1.924171513248391,-0.44176618824983294,-0.06681796445878518,1023.4421023627178,1023.6168509951024,1023.5343034441667,0.0,0.0007478688495340723,0.08179968208617083,79.4894718058915,80.55707671256177,80.15080398462672,0.0,0.00089244388235712,0.4053802840526828,3.9488276066556747,3.8478641302929413,4.047444751152563,0.0,0.05520304464419,-0.2547836655038118,11.324941587077118
2026-09-01 05:50:00,19.114016160650873,19.213792799604516,19.091036136614427,17.113388341925226,21.068683931303628,0.0,-0.0012202658764047885,-1.9266569371594018,1.924216405406592,0.8196720109612663,0.12397692886649381,1023.0192999414762,1023.1130976915795,1023.232415053659,0.0,0.0007478688495340723,-0.12006523092907173,81.07885601848311,80.64110258737712,80.95173687190308,0.0,0.00089244388235712,-0.3115267284083245,5.184900324183848,5.092435545735599,4.922283435690304,0.0,0.05520304464419,0.11494906540110517,5.616616211155453
2026-09-01 05:55:00,19.749806522059007,19.68137679183356,19.638930737495198,17.661239236820975,21.61662223816942,0.0,-0.0012202658764047885,-1.9267018282709523,1.9242612965181425,0.2886993638974573,0.04366632021476846,1023.1335291533795,1023.1081379876297,1023.097271874394,0.0,0.0007478688495340723,0.010118244386148945,77.53602372844594,76.5349387826545,77.61611463125865,0.0,0.00089244388235712,-1.082068292486511,1.6813841312664028,1.57735916396393,1.7205334538683559,0.0,0.05520304464419,-0.19837733454861595,11.845177283632143
2026-09-01 06:00:00,19.287320801708695,19.326336186793217,19.450839670408936,17.473104464715547,21.428574876102324,0.0,-0.0012202658764045695,-1.9267467183359255,1.9243061865831161,-0.8150855479810879,-0.1232832177393135,1023.029031042045,1023.2318854239338,1023.168303695828,0.0,0.0007478688495338978,0.06283385925632956,79.14458218491242,78.79978522473657,78.15070023638667,0.0,0.00089244388235712,0.648192544467534,4.129929010637735,3.9364602530444337,3.627170950363773,0.0,0.05520304464419,0.2540862580364709,13.418684341340292
2026-09-01 06:05:00,20.096421210384435,20.20391695130572,20.081466771732213,18.103687861985456,22.05924568147897,0.0,-0.0012202658764045695,-1.926791607354395,1.9243510756015856,0.8176456994475743,0.12367044544991401,1022.8325046839133,1022.4777763779946,1022.6325595079821,0.0,0.0007478688495338978,-0.15553099883709365,76.45685069202469,76.26596626665298,76.59761834484664,0.0,0.00089244388235712,-0.33254452207602014,2.4106908376991267,2.191859723044832,2.31004836801827,0.0,0.05520304464419,-0.17339168961762796,9.171950923804484
2026-09-01 06:10:00,18.59335840579361,18.47766646001834,18.797736632916287,16.819914020081896,20.775559245750678,0.0,-0.0012202658764045695,-1.9268364953264336,1.9243959635736243,-2.108072420188755,-0.3188499070215407,1023.0779669042747,1023.385777900988,1023.1343474517821,0.0,0.0007478688495345936,0.250682580356397,80.84020195598782,81.05493257494348,79.95561365528972,0.0,0.00089244388235712,1.0984264757713902,11.471864386826274,11.314753101959417,10.793068555006318,0.0,0.05520304464419,0.46648150230890906,55.00766030982725
2026-09-01 06:15:00,20.142416407397914,20.126917547419318,19.781543207782917,17.803676892826555,21.75940952273928,0.0,-0.0012202658764039539,-1.9268813822521145,1.9244408504993065,2.291506168820657,0.34659460551280574,1023.0519379974638,1022.7960441332302,1022.9222026207352,0.0,0.0007478688495349458,-0.12690635635453873,76.30746283681505,76.50822365338469,77.59724918380297,0.0,0.00089244388235712,-1.089917974300647,4.991376798439492,4.581638020024209,5.217646601813291,0.0,0.05520304464419,-0.6912116264332724,88.77878802598184
2026-09-01 06:20:00,20.022504705429164,20.010818681629665,20.072934840736195,18.095024824623465,22.050844856848926,0.0,-0.0012202658764038457,-1.926926268131511,1.9244857363787033,-0.40261248378696024,-0.0608958932301249,1023.2789859073051,1023.1849219835893,1023.1090611162335,0.0,0.0007478688495349458,0.07511299850625619,75.97847482399393,75.31593037289512,75.53297898835723,0.0,0.00089244388235712,-0.2179410593444686,5.931205674485592,5.695610298406621,5.310782664959195,0.0,0.05520304464419,0.3296245888032354,16.768383778965788
2026-09-01 06:25:00,20.04366938064886,20.208950044114967,20.242806392373375,18.264852676069815,22.220760108676934,0.0,-0.0012202658764039036,-1.9269711529646967,1.9245306212118887,-0.21577307584994543,-0.032636082382001774,1023.1302813444682,1023.124143714189,1023.143606033821,0.0,0.0007478688495349458,-0.02021018848154199,74.22037155303559,74.76889666704656,74.56170551623565,0.0,0.00089244388235712,0.2062987069285498,3.450838922929554,4.03552785636384,4.074580123462129,0.0,0.05520304464419,-0.09425531174247848,1.644531360154714
2026-09-01 06:30:00,20.37704273651267,20.163836302187136,20.2075044805861,18.229507065057184,22.185501896115014,0.0,-0.001220265876403828,-1.9270160367517442,1.9245755049989366,-0.28064387573223115,-0.042447912522558084,1022.8676268838578,1022.8456547832486,1022.9246340173501,0.0,0.0007478688495349458,-0.07972710295098295,75.74308151557483,75.2317266885747,74.8675567913257,0.0,0.00089244388235712,0.363277453366635,1.7351770858265467,1.9558736289189573,1.9326230031790539,0.0,0.05520304464419,-0.03195241890428657,1.7228663785180118
2026-09-01 06:35:00,19.72377959186551,19.71347115014398,19.79038718014936,17.8123460663605,21.768428293938218,0.0,-0.0012202658764039625,-1.927060919492727,1.924620387739919,-0.5004616566333944,-0.07569576412897305,1023.2868453883544,1023.4378070443585,1023.2926201946774,0.0,0.0007478688495349458,0.14443898083152362,75.54286804563237,75.41784697626834,75.29197990509843,0.0,0.00089244388235712,0.12497462728754272,10.614195139414413,10.891966392432728,10.349826544005808,0.0,0.05520304464419,0.4869368037827311,36.84355093981035
2026-09-01 06:40:00,20.6107320341236,20.99313312793414,20.7607461582416,18.782661347158147,22.73883096932505,0.0,-0.0012202658764043776,-1.9271058011877182,1.9246652694349093,1.5444914977697266,0.2336072355689467,1023.1812173538256,1023.022541861034,1023.129535235926,0.0,0.0007478688495349458,-0.10774124374154326,71.75720747164704,72.30662672804972,72.94275800813988,0.0,0.00089244388235712,-0.6370237239725185,3.193957436780252,3.5471200730053267,4.208124501110579,0.0,0.0552030446441905,-0.7162074727494421,82.34339891313847
2026-09-01 06:45:00,21.02248596749513,21.255297998012317,21.292548530174315,19.31442002276155,23.27067703758708,0.0,-0.0012202658764044415,-1.9271506818367905,1.9247101500839816,-0.23821368291503475,-0.036030266285592916,1023.0765307339881,1023.1156457566105,1023.1081201261995,0.0,0.0007478688495349458,0.006777761561465923,70.61220634020759,70.09874921705212,70.33035685859312,0.0,0.00089244388235712,-0.23250008542336786,4.083781154958759,4.634021524267476,4.224251239961147,0.0,0.05520304464419099,0.35456723966213843,18.358481176336465
2026-09-01 06:50:00,21.653006225190293,21.922842034968035,21.914494934967998,19.936322732191137,23.89266713774486,0.0,-0.0012202658764044584,-1.9271955614400171,1.9247550296872082,0.06325452726764524,0.00956736587644258,1022.9481849317943,1022.8614531170614,1022.9097323447386,0.0,0.0007478688495349458,-0.04902709652674275,67.14094289727913,66.68546175841422,66.93531755317487,0.0,0.00089244388235712,-0.25074823864301266,5.634302130607105,5.102875365173952,5.046623315207645,0.0,0.05520304464419099,0.0010490053221152706,0.6008249536932141
2026-09-01 06:55:00,21.037836127530827,21.042722495566434,21.268221754680575,19.290005857504774,23.246437651856375,0.0,-0.0012202658764048568,-1.9272404399974719,1.924799908244662,-1.4828179330164524,-0.2242789932377356,1022.8329315171095,1022.8772026640102,1022.8514862992367,0.0,0.0007478688495349458,0.02496849592387207,69.70453066128357,70.17786510103808,68.93902720930626,0.0,0.00089244388235712,1.2379454478494551,0.8697549170662046,0.5007899824802424,0.6832463214706586,0.0,0.05520304464419116,-0.23765938363460726,21.32494737819522
2026-09-01 07:00:00,21.106050198022558,21.170249710759762,21.122678102549077,19.144418511939428,23.100937693158727,0.0,-0.00122026587640503,-1.9272853175092268,1.9248447857564166,0.3225869032019908,0.04879187408709029,1022.9174113974401,1022.9076955584704,1022.8752949946992,0.0,0.0007478688495350336,0.03165269492171774,72.34101089398101,71.65482435269699,71.25116118615308,0.0,0.00089244388235712,0.40277072266154335,7.0907265827701025,6.849609484501697,6.312598527320415,0.0,0.05520304464419116,0.4818079125370902,34.32021172651257
2026-09-01 07:05:00,21.413975435663193,21.61442266900378,21.511600087719298,19.533296804640827,23.48990337079777,0.0,-0.0012202658764052148,-1.9273301939753555,1.9248896622225453,0.6878780635898423,0.10404284716088696,1023.1346077932902,1023.1485481411927,1023.0842218901512,0.0,0.0007478688495350336,0.0635783821919631,69.53596866387267,69.22813504498941,69.98501967000841,0.0,0.00089244388235712,-0.7577770689013619,4.82346426235603,4.68254532340915,4.994364851461553,0.0,0.05520304464419116,-0.36702257269659366,23.767086685283857
2026-09-01 07:10:00,22.16691580969107,22.478966915597255,22.376588745720287,20.398241771137958,24.354935720302617,0.0,-0.0012202658764048468,-1.927375069395931,1.9249345376431213,0.6849398427819651,0.1035984357533728,1023.2536437718152,1023.1711550469455,1023.1822897533815,0.0,0.0007478688495350336,-0.011882575285540042,66.78163901349981,67.22623275593412,67.6778105610691,0.0,0.00089244388235712,-0.45247024901733823,3.140451831080241,3.0502810139046663,2.9893919863099607,0.0,0.05520304464419116,0.005685982950514479,2.2077454195795636
2026-09-01 07:15:00,22.11909668915737,21.728776106580792,21.942770851201338,19.96438018608005,23.921161516322627,0.0,-0.0012202658764044689,-1.927419943771026,1.924979412018217,-1.4067559703890993,-0.2127744787441408,1023.2036554259536,1023.1271458334392,1023.1638586801766,0.0,0.0007478688495351376,-0.03746071558703079,65.71691616686078,67.36019012000956,67.06892772503541,0.0,0.00089244388235712,0.2903699510917903,1.3869108145253017,1.2528175486834896,1.1888262986051794,0.0,0.05520304464419116,0.008788205434119067,5.3898400691711705
2026-09-01 07:20:00,21.963216107296237,21.700127845886268,21.70481157004905,19.726377215353637,23.68324592474446,0.0,-0.0012202658764044689,-1.9274648171007145,1.9250242853479056,-0.022898613834286152,-0.0034634582863759533,1022.9015492531279,1022.944640130232,1022.9983212922406,0.0,0.0007478688495351376,-0.05442903085815942,65.27798254706617,65.76230615087637,65.835355950173,0.0,0.00089244388235712,-0.07394224317899045,2.316095147062216,2.381887821001832,2.198825439443499,0.0,0.05520304464419116,0.12785933691414186,2.692177028293925
2026-09-01 07:25:00,22.56855150283611,22.83044032311664,22.62576083114763,20.64728278784286,24.6042388744524,0.0,-0.0012202658764044689,-1.9275096893850692,1.9250691576322603,1.3613038338071242,0.20589975784541537,1022.8110750334384,1022.9526323593019,1022.9385664591819,0.0,0.0007478688495351376,0.013318031270500796,65.71780476077839,66.0959165711704,65.82023193358336,0.0,0.00089244388235712,0.274792193704684,8.25754520087423,8.268133818097795,8.006112584187784,0.0,0.05520304464419116,0.20681818926581919,10.995713233682189
2026-09-01 07:30:00,22.590717711524814,22.53533984037105,22.657835725779364,20.67931399482995,24.636357456728778,0.0,-0.0012202658764046842,-1.927554560624163,1.9251140288713537,-0.8018123359817935,-0.12127561953190735,1023.0056599717931,1022.9159180716634,1022.9037360127868,0.0,0.0007478688495351058,0.011434190027102886,62.22399354400105,62.64863481093923,63.20347882354692,0.0,0.00089244388235712,-0.5557364564900453,5.91969535794363,5.702844919390155,6.025335321452008,0.0,0.05520304464419116,-0.37769344670604443,23.51205313425322
2026-09-01 07:35:00,23.128421822437907,22.994077664586293,22.967667878539707,20.989102460910292,24.946233296169122,0.0,-0.0012202658764046842,-1.927599430818069,1.9251588990652597,0.18267576419054166,0.027630051922990617,1022.7260709160091,1022.5957557843232,1022.6536330803842,0.0,0.0007478688495351058,-0.058625164910608873,62.75783665373113,61.899284434477494,61.76182474555066,0.0,0.00089244388235712,0.13656724504447482,2.9493082337007297,2.2966436006044586,2.2838709444168495,0.0,0.05520304464419116,-0.04243038845658198,0.8165248582681797
2026-09-01 07:40:00,22.64957161206507,22.39873941466595,22.528460725855574,20.549851622510737,24.50706982920041,0.0,-0.0012202658764049125,-1.9276442999668602,1.9252037682140504,-0.8495831537812641,-0.12850104531321804,1023.0478510939939,1023.1398701188447,1022.9885478396295,0.0,0.0007478688495351058,0.15057441036560704,62.559789942049335,62.65226733299326,62.168559685793774,0.0,0.00089244388235712,0.4828152033171307,1.4326574741002702,1.134796862486661,0.9643530368732982,0.0,0.05520304464419116,0.11524078096917156,7.3664561536690085
2026-09-01 07:45:00,22.989025625173365,22.878022284864542,22.779421386646522,20.80076859855078,24.758074174742266,0.0,-0.0012202658764049125,-1.9276891680706092,1.9252486363177994,0.6599664555159421,0.09982116409442554,1022.9864299967658,1022.9815544128071,1023.0206047075006,0.0,0.0007478688495351058,-0.03979816354308241,64.71603218145835,64.69221899078923,64.17643974969472,0.0,0.00089244388235712,0.5148867972121423,5.957213059620569,5.792441463626797,5.4815291635567815,0.0,0.05520304464419116,0.255709255425824,11.922788082335114
2026-09-01 07:50:00,23.153130033928267,22.872656177243503,22.88227130618959,20.903574834307392,24.86096777807179,0.0,-0.0012202658764048975,-1.92773403512939,1.9252935033765801,-0.05550253871413702,-0.008394863069682401,1022.9489379053017,1023.0735126253996,1023.0780519655174,0.0,0.0007478688495350912,-0.005287208967274637,64.1279670134165,64.3852346457147,64.62465814711669,0.0,0.00089244388235712,-0.24031594528435107,5.069511942807532,4.995388111765216,5.186505609792757,0.0,0.05520304464419116,-0.2463205426717323,8.96467756119867
2026-09-01 07:55:00,22.914551754793717,23.332770609340212,23.28250845919476,21.303768304490493,25.261248613899024,0.0,-0.0012202658764048975,-1.9277789011432744,1.9253383693904647,0.3403753896438566,0.05148241602185877,1022.7909100428398,1022.6550404608341,1022.7635367351312,0.0,0.0007478688495353945,-0.10924414314661135,64.31358203818024,64.40678848016094,64.5870111613049,0.0,0.00089244388235712,-0.18111512502632365,3.9599491146965993,3.6210488769034384,3.6000747180001396,0.0,0.05520304464419116,-0.034228885740892334,1.946184066591007
2026-09-01 08:00:00,23.808408285016696,23.803921074620582,23.778749747748446,21.799965911186437,25.757533584310455,0.0,-0.0012202658764048507,-1.9278237661123363,1.9253832343595265,0.17448770588569928,0.02639159274854208,1023.1193448613986,1022.8524290225852,1022.7882493582197,0.0,0.0007478688495353945,0.06343179551595313,62.18052684169368,62.484286583627366,62.924108556713115,0.0,0.00089244388235712,-0.4407144169681061,3.6974809925691194,3.5502390526201935,3.4268351796713903,0.0,0.05520304464419106,0.06820082830461205,2.183892502233305
2026-09-01 08:05:00,23.984319061263122,23.97272895291058,24.015443316953373,22.036615799497884,25.994270834408862,0.0,-0.0012202658764048507,-1.9278686300366485,1.9254280982838388,-0.27433774330460636,-0.04149409816638894,1022.9754220486625,1022.8954714363886,1022.8607687602079,0.0,0.0007478688495353945,0.03395480733115619,58.024797515921904,57.775623760002546,58.547314066038695,0.0,0.00089244388235712,-0.7725827499185058,2.7426698157735943,2.403373599227918,2.3944302381916627,0.0,0.05520304464419106,-0.04625968360793564,3.683221305777673
2026-09-01 08:10:00,24.07172979063281,24.189345125666375,24.20622856548202,22.227357368097245,26.1850997628668,0.0,-0.0012202658764048785,-1.9279134929162838,1.925472961163474,-0.10355689077149677,-0.01566317393924166,1022.8936085668277,1022.7786556754379,1022.8044039131473,0.0,0.0007478688495353945,-0.02649610655896595,60.14406057362273,60.190947707520166,59.183650131740215,0.0,0.00089244388235712,1.0064051318975942,5.889030369481499,5.851284564016999,5.597382907527294,0.0,0.05520304464419134,0.19869861184551407,10.94243082527512
2026-09-01 08:15:00,24.165404069030505,24.35787310288382,24.36722604206197,22.38831116571204,26.346140918411898,0.0,-0.0012202658764048785,-1.9279583547513155,1.9255178229985057,-0.05376907413886656,-0.00813267330174483,1022.652683869173,1022.6408656091609,1022.670848550052,0.0,0.0007478688495353945,-0.03073080974070308,58.517196129024114,57.53493327617852,57.76395812004462,0.0,0.00089244388235712,-0.22991728774845654,10.602514564061027,10.280587165552243,10.182192251535458,0.0,0.05520304464419134,0.04319186937259367,0.6500801665626583
2026-09-01 08:20:00,23.882328661865472,24.071506293176398,24.14286597492129,22.163907420570276,26.121824529272303,0.0,-0.0012202658764048785,-1.928003215541816,1.9255626837890063,-0.4637259252847059,-0.0701394158684856,1023.094391040327,1022.9988642581864,1022.9023107572831,0.0,0.0007478688495353945,0.09580563205372528,61.448978029175784,61.19305220677345,60.29786469798584,0.0,0.00089244388235712,0.8942950649052577,2.5020322720050268,2.2473608750938876,2.747144937562851,0.0,0.05520304464419134,-0.5549871071131545,49.602143587258034
2026-09-01 08:25:00,24.469056972009188,24.683781360790704,24.579802039127443,22.60079980773935,26.558804270515537,0.0,-0.0012202658764048785,-1.9280480752878588,1.925607543535049,0.6955258390356747,0.10519958753966563,1023.3798271760836,1023.490979718784,1023.3866887516255,0.0,0.0007478688495353945,0.1035430983090464,59.30027827927541,60.412945117816726,60.69194408255937,0.0,0.00089244388235712,-0.27989140862499795,5.472457181626085,5.079851942329343,4.545509134109976,0.0,0.05520304464419167,0.4791397635751755,35.52538495971454
2026-09-01 08:30:00,24.68858428787021,24.56241517771204,24.616068038940988,22.637022131479753,26.595113946402222,0.0,-0.0012202658764048785,-1.9280929339895165,1.9256524022367068,-0.3466574891431442,-0.052432595352541966,1023.379032206378,1023.3358096670147,1023.429808526125,0.0,0.0007478688495351314,-0.09474672795988681,59.11843242261638,59.37347909431898,59.765792863545784,0.0,0.00089244388235712,-0.3932062131091598,4.2995463407776695,4.253496132106735,4.33864203250111,0.0,0.05520304464419177,-0.14034894503856776,4.896420273168666
2026-09-01 08:35:00,24.692547975859686,24.632974614868314,24.64496288975031,22.665873307179815,26.624052472320805,0.0,-0.0012202658764048785,-1.9281377916468625,1.9256972598940527,-0.07119256523256468,-0.010768009005591495,1023.0774208434798,1023.0999920182959,1023.2063905021857,0.0,0.0007478688495351314,-0.10714635273939166,58.489680268244605,58.47294343833814,58.62755602461948,0.0,0.0008924438823570855,-0.15550503016369532,4.4886584634065825,4.228724132420863,4.158110590600749,0.0,0.05520304464419178,0.015410497175921911,1.449895599768218
2026-09-01 08:40:00,25.13608436764547,25.289890698733924,25.199398222333983,23.22026496561804,27.178531479049926,0.0,-0.0012202658764047156,-1.9281826482599689,1.9257421165071595,0.6063577197768666,0.0917127422763464,1023.0719877275001,1023.0956329112662,1023.0961562612405,0.0,0.0007478688495351278,-0.0012712188238310773,54.009969291907275,55.52686791291075,55.94124966435408,0.0,0.0008924438823570855,-0.41527419532568643,3.185143549656866,3.4571788296594947,3.4286798597263033,0.0,0.055203044644191804,-0.02670407471100056,1.8778971916033882
2026-09-01 08:45:00,25.548627205881004,25.44314939355308,25.477140685876744,23.4979637559791,27.45631761577439,0.0,-0.0012202658764047156,-1.9282275038289096,1.9257869720761003,-0.21666525695450645,-0.03277102644725716,1023.2490655208804,1023.2783087847423,1023.2124543853147,0.0,0.0007478688495349471,0.06510653057807758,53.319856083712686,52.23118810107182,52.51837616708654,0.0,0.0008924438823570855,-0.2880805098970711,7.82955195330551,7.9513070333133795,7.6658854725708885,0.0,0.05520304464419196,0.23021851609829902,8.574958888883803
2026-09-01 08:50:00,26.32707565636518,26.326054329959735,26.24571468333608,24.266494081220422,28.224935285451735,0.0,-0.0012202658764047156,-1.9282723583537569,1.9258318266009475,0.5392324048028421,0.08155991250006167,1023.0454195522402,1023.041800185672,1023.0895616773398,0.0,0.0007478688495349471,-0.04850936051741428,52.49630623004002,51.608741785683044,51.18047079258028,0.0,0.0008924438823570855,0.42737854922040697,4.870062251242155,4.849106690787062,5.127581366361295,0.0,0.05520304464419219,-0.3336777202184251,17.791376336327897
2026-09-01 08:55:00,25.827131211723483,25.906883964608447,26.062934551762947,24.0836702783929,28.042198825132992,0.0,-0.0012202658764047156,-1.9283172118345837,1.9258766800817744,-1.0236588529827166,-0.15483032127809437,1023.2567742682477,1023.3333643718092,1023.2624694157627,0.0,0.0007478688495349471,0.07014708719702867,53.72483986727182,55.09500899629283,53.980899505279034,0.0,0.0008924438823570855,1.1132170471314424,5.332776115133154,5.093530465930017,4.8987625160059665,0.0,0.05520304464419229,0.1395649052798582,12.231827242680746
2026-09-01 09:00:00,26.044041922685473,26.20107893914755,26.177269856647865,24.197961912986987,28.156577800308742,0.0,-0.0012202658764047156,-1.9283620642714634,1.925921532518654,0.1654812431962398,0.02502934837609061,1023.3425473893883,1023.2231991193145,1023.2529467151305,0.0,0.0007478688495349471,-0.0304954646655915,52.29278629439135,52.32955504323049,52.957411160027924,0.0,0.0008924438823570855,-0.6287485606797887,3.6592981366664645,3.7734542282613552,3.773443566788081,0.0,0.05520304464419233,-0.055192383170918013,2.636049973139665
2026-09-01 09:05:00,26.093906933638113,25.738370741164072,25.819253623439486,23.83990201045127,27.798605236427704,0.0,-0.0012202658764047156,-1.9284069156644683,1.925966383911659,-0.5266884538858712,-0.07966261639900907,1023.4275083836549,1023.637421072653,1023.5559676139505,0.0,0.0007478688495349471,0.0807055898528688,55.533297432970556,55.33923100393872,54.81011647851534,0.0,0.0008924438823570855,0.5282220815410241,2.739491085617166,2.946701352421757,2.875496870631475,0.0,0.055203044644192345,0.016001437146089703,2.86757972096696
2026-09-01 09:10:00,25.537701637616987,25.680650767594777,25.660691565151993,23.681296283799867,27.64008684650412,0.0,-0.0012202658764047156,-1.9284517660136717,1.9260112342608624,0.1400278063588445,0.02117946831918971,1023.2438829768436,1023.2084023693383,1023.3338931193128,0.0,0.0007478688495349471,-0.12623861882411802,55.80659141902517,54.84722795894865,55.08701617947459,0.0,0.0008924438823570855,-0.24068066440829483,1.8466849875255256,1.8894915111860147,1.8421121607385744,0.0,0.05520304464419235,-0.007823694196752218,2.1299417882927427
2026-09-01 09:15:00,26.474910634044633,26.428165822474288,26.2858954278561,24.306456479103435,28.265334376608767,0.0,-0.0012202658764044608,-1.928496615319146,1.9260560835663372,0.9486868187259176,0.14349066049459225,1023.2432989960148,1023.04656662533,1023.09169842994,0.0,0.0007478688495349471,-0.04587967345958077,51.61576600874225,51.973923021858255,52.68429297724874,0.0,0.0008924438823570855,-0.7112623992728402,6.945872737645905,7.426983294285984,7.0835461968631686,0.0,0.05520304464419255,0.28823405277862246,16.86654623905291
2026-09-01 09:20:00,26.68861605964138,26.830107601814255,26.82143324312523,24.84195062793533,28.800915858315133,0.0,-0.0012202658764044784,-1.9285414635809646,1.9261009318281557,0.06541819425117268,0.009894624565429666,1023.1565049566548,1023.1847159602036,1023.1202358836425,0.0,0.0007478688495349471,0.0637322077114959,51.682276094382615,52.11784399000459,51.91168351107642,0.0,0.0008924438823570855,0.20526803504581181,2.9222900523012396,3.0601812477236843,3.4411090386096816,0.0,0.05520304464419286,-0.4361308355301903,27.819979748341762
2026-09-01 09:25:00,27.82745142271054,27.982837761181504,27.887695646692947,25.908169366029046,29.867221927356848,0.0,-0.0012202658764044784,-1.9285863107992003,1.9261457790463914,0.6370987474598522,0.09636238036496181,1023.177833503799,1023.0501564314319,1023.0560094600592,0.0,0.0007478688495349471,-0.0066008974768010376,47.71415072246623,46.83855523379831,47.63087691727225,0.0,0.0008924438823570855,-0.7932141273563005,6.815790319454831,7.089872484725242,6.675510491958476,0.0,0.05520304464419311,0.3591589481225732,22.626257178008355
2026-09-01 09:30:00,26.941385306842633,27.262968319066466,27.505021824155424,25.5254518789807,29.484591769330148,0.0,-0.0012202658764044784,-1.9286311569739256,1.9261906252211167,-1.5922661360989743,-0.24083323921255229,1023.2807712354372,1023.3805714156135,1023.2944044810891,0.0,0.0007478688495351842,0.08541906567484148,49.587364001464884,49.47514353302454,48.451888110818714,0.0,0.0008924438823570855,1.0223629783234713,4.4615353999403595,4.501605024601153,4.720473098313498,0.0,0.05520304464419311,-0.2740711183565381,23.037783084431254
2026-09-01 09:35:00,27.313590619832087,27.584281349356328,27.552306538084796,25.57269292936236,29.53192014680723,0.0,-0.0012202658764044784,-1.9286760021052134,1.9262354703524045,0.21946886318795222,0.03319507714793701,1023.3818440314087,1023.7132848678151,1023.6511921957186,0.0,0.000747868849535014,0.06134480324692504,50.12927368773457,49.86086102210812,49.52739191925382,0.0,0.0008924438823570855,0.3325766589719379,4.681752280579342,4.884451616556436,4.7123262336355936,0.0,0.055203044644193025,0.11692233827664911,3.054998673560732
2026-09-01 09:40:00,27.352118898834075,27.621433231356132,27.614085024286755,25.63442775297966,29.59374229559385,0.0,-0.0012202658764044784,-1.9287208461931369,1.926280314440328,0.05665035837353116,0.008568472945782446,1023.4747971171356,1023.356811303402,1023.487198546647,0.0,0.000747868849535014,-0.13113511209462558,50.448936222466735,50.653717939601755,50.572084892936836,0.0,0.0008924438823570855,0.08074060278256212,5.116924103287515,4.877889733486762,4.8288106606898795,0.0,0.05520304464419302,-0.006123971847310727,1.9631515701673241
2026-09-01 09:45:00,27.069878040560212,27.35861210439346,27.40632133045146,25.426620397522687,29.38602226338023,0.0,-0.0012202658764044784,-1.9287656892377683,1.9263251574849594,-0.30736121492880386,-0.04648896018159476,1023.2272336540037,1023.2770895039873,1023.3191339669637,0.0,0.000747868849535014,-0.04279233182592179,49.14042896894224,48.24502877516572,48.88320651473532,0.0,0.0008924438823570855,-0.6390701834519561,4.3826069913259085,4.24508748236207,4.222380544133892,0.0,0.05520304464419304,-0.03249610641601475,2.6821124247695054
2026-09-01 09:50:00,28.16406231564419,28.222338112607382,28.075639891203245,26.095895297615716,30.055384484790775,0.0,-0.0012202658764042156,-1.9288105312391808,1.9263699994863723,0.9779613435831571,0.1479184872805419,1023.5804039806343,1023.3170781423286,1023.2897932381848,0.0,0.000747868849535014,0.026537035294268208,47.488112774027165,48.48967073763769,48.37335785127139,0.0,0.0008924438823570855,0.11542044248393779,2.1219025074577393,2.2267115735024534,2.231633704573361,0.0,0.055203044644193,-0.060125175715100454,2.97729644776181
2026-09-01 09:55:00,28.175453987276793,28.18189100468416,28.245453861871585,26.265665608588154,30.225242115155016,0.0,-0.0012202658764041048,-1.928855372197447,1.926414840444639,-0.41217731117913914,-0.062342591311018936,1023.3233714213127,1023.3914572057289,1023.3549582277856,0.0,0.000747868849535014,0.03575110909378054,47.45001613448638,48.182675159764464,48.09519805053906,0.0,0.0008924438823570855,0.08658466534304665,3.992039546009774,4.094669390476988,3.8672612907701085,0.0,0.05520304464419288,0.1722050550626868,4.82342111662065
2026-09-01 10:00:00,28.35693099212998,28.531494408765646,28.524491699652312,26.544659787635776,30.50432361166885,0.0,-0.0012202658764040903,-1.9289002121126404,1.9264596803598324,0.054366102689815676,0.008222974989738674,1023.3670349893426,1023.2341779193727,1023.2665079649086,0.0,0.0007478688495349222,-0.033077914385444274,44.49444709306343,44.20390664607717,44.887809157400945,0.0,0.0008924438823570855,-0.6847949552061294,6.890140288267344,7.042423835150318,6.93886832425446,0.0,0.055203044644192914,0.04835246625166523,2.8724868729079946
2026-09-01 10:05:00,27.840617604570756,27.98703379485736,28.11030753903736,26.13043196925045,30.090183108824274,0.0,-0.0012202658764040903,-1.9289450509848332,1.9265045192320251,-0.8069551401265791,-0.12205347830359514,1023.2629331140993,1023.1692079213341,1023.178755399969,0.0,0.0007478688495349222,-0.01029534748442984,47.63011858182845,47.45698361251775,46.47839413906074,0.0,0.0008924438823570855,0.9776970295746565,6.952681067763179,7.282798935446798,7.354171654978877,0.0,0.055203044644193004,-0.12657576417627237,8.785827694000371
2026-09-01 10:10:00,28.927289606600873,28.865476359253222,28.70832462334937,26.728405396754745,30.688243849943994,0.0,-0.0012202658764043715,-1.9289898888140986,1.9265493570612897,1.0470746320791378,0.15837200178025768,1023.0146442570037,1022.8494512835277,1022.9055894981473,0.0,0.0007478688495349222,-0.05688608346906676,45.28162498184725,45.17248726162516,45.52662840156086,0.0,0.0008924438823570855,-0.35503358381806294,3.8801223319682583,3.452630980423635,3.576684683179365,0.0,0.05520304464419288,-0.17925674739992292,8.246569763698425
2026-09-01 10:15:00,27.965104607125532,28.046069288887185,28.21348587119083,26.233522988751098,30.193448753630562,0.0,-0.0012202658764043715,-1.9290347256005083,1.9265941938476994,-1.0988049965890774,-0.1661963164272393,1023.5125615150084,1023.6223841989166,1023.4137425044711,0.0,0.0007478688495349222,0.20789382559598835,50.0969147476306,49.474267905225396,48.595949509347086,0.0,0.0008924438823570855,0.8774259519959529,5.277617172902476,4.985281408619387,4.687986767216534,0.0,0.05520304464419271,0.24209159675865966,20.057549033261914
2026-09-01 10:20:00,28.918064782586697,28.911045489229778,28.757163835257053,26.77715729793475,30.737170372579357,0.0,-0.0012202658764043715,-1.929079561344136,1.9266390295913272,1.0254545237492856,0.15510191984913035,1023.4904855133024,1023.6415811669234,1023.6527052336127,0.0,0.0007478688495349222,-0.01187193553880661,44.93586137012793,44.5811178355399,45.771587630559445,0.0,0.0008924438823570855,-1.1913622389019025,3.1352468358246095,3.2041186281468854,3.288435889389502,0.0,0.055203044644192616,-0.13952030588680886,12.631713676235215
2026-09-01 10:25:00,29.71471578949666,29.54392920780465,29.484460259096622,27.504410067854224,31.46451045033902,0.0,-0.0012202658764043715,-1.9291243960450544,1.9266838642922455,0.4012460303452876,0.060689214584431994,1023.3360173216228,1023.3395251038215,1023.4657222041341,0.0,0.0007478688495352745,-0.1269449691620821,41.90659548510565,41.69037919096596,42.18866622130466,0.0,0.0008924438823570855,-0.4991794742210516,3.305210320463104,3.0879012309220655,2.969094787175856,0.0,0.055203044644192574,0.06360339910201684,4.0433365911803465
2026-09-01 10:30:00,28.59519724557713,28.8532893938524,29.050507774507288,27.070413930307208,31.03060161870737,0.0,-0.0012202658764047197,-1.9291692297033363,1.926728697950527,-1.2958392368155849,-0.19599811477848306,1023.3847021853604,1023.2550381795601,1023.2910232777992,0.0,0.0007478688495352745,-0.03673296708871021,46.29718675140259,47.587481447968294,45.94552855917474,0.0,0.0008924438823570855,1.6410604449111972,1.0443469018032843,2.057677374190093,2.0369817266717294,0.0,0.05520304464419255,-0.03450739712582873,18.223114621970332
2026-09-01 10:35:00,28.915370598415556,28.926410446921576,28.910576057528978,26.93043856133356,30.890713553724396,0.0,-0.0012202658764047197,-1.9292140623190535,1.9267735305662441,0.11275665326126827,0.017054655269003405,1023.4465904178887,1023.6850188733043,1023.5659132881156,0.0,0.000747868849534946,0.11835771633923287,44.18113407520181,44.93842872186616,45.51431149656038,0.0,0.0008924438823570855,-0.5767752185765787,10.36259056972594,10.51730645547698,10.048895459546907,0.0,0.05520304464419227,0.41320795128588017,27.663938788476624
2026-09-01 10:40:00,29.329761971306528,29.7395036228463,29.591387446841495,27.611206299613027,31.571568594069962,0.0,-0.0012202658764047197,-1.92925889389228,1.9268183621394706,0.9873361337929936,0.14933644188121065,1023.1274047706376,1023.0148432514743,1023.1704048638352,0.0,0.000747868849534946,-0.1563094812104282,45.56629361833052,46.314017384199815,46.196936931930374,0.0,0.0008924438823570855,0.1161880083870841,3.363263633043183,3.3397643783641358,3.971782428198816,0.0,0.05520304464419227,-0.6872210944788724,72.53846705896059
2026-09-01 10:45:00,29.23399199876245,28.90889354472248,29.093276868963247,27.113052071663947,31.073501666262548,0.0,-0.0012202658764047197,-1.9293037244230875,1.9268631926702782,-1.2109804118878067,-0.18316305836436086,1023.2729925536241,1022.948687708635,1022.9476003553821,0.0,0.000747868849534946,0.000339484403411916,44.99952768144937,45.29546817185288,45.578199833641705,0.0,0.0008924438823570855,-0.2836241056711799,3.5315902999605466,3.376949518035389,3.017523805073627,0.0,0.05520304464419248,0.3042226683175695,17.16813973465287
2026-09-01 10:50:00,28.95800327107665,28.846647516507975,28.83767798171558,26.857409535307603,30.817946428123555,0.0,-0.0012202658764047197,-1.9293485539115494,1.92690802215874,0.06736974759621717,0.010189800668801041,1023.4599695300559,1023.5287278815495,1023.347728883897,0.0,0.000747868849534946,0.18025112880286542,45.05328312889066,44.15942152174568,44.374960155727784,0.0,0.0008924438823570855,-0.21643107786446336,4.000841862615888,3.856793177657975,3.754887857484712,0.0,0.05520304464419248,0.04670227552907047,4.183960133601634
2026-09-01 10:55:00,29.74592341043575,29.752451177773924,29.574906428763754,27.594594334209198,31.55521852331831,0.0,-0.0012202658764047197,-1.929393382357738,1.9269528506049287,1.1819027990231241,0.1787650148865758,1023.1390236868514,1022.9733074858051,1023.1021013164774,0.0,0.000747868849534946,-0.12954169952183747,44.236792739078304,44.2035998554164,44.04829882481549,0.0,0.0008924438823570855,0.15440858671855295,2.59207133827143,2.6011135366659834,2.6356842563757032,0.0,0.05520304464419254,-0.08977376435391227,6.5232437060321935
2026-09-01 11:00:00,29.431088379491413,29.658564599017197,29.731095342217635,27.75073960047853,31.711451083956742,0.0,-0.0012202658764047197,-1.9294382097617264,1.926997678008917,-0.47146838436159655,-0.07131047732403317,1023.355341864114,1023.503633183139,1023.3897723430881,0.0,0.000747868849534946,0.11311297120130348,43.670729107857824,44.44711987554853,44.27224774453636,0.0,0.0008924438823570855,0.17397968712981537,7.124464852812356,7.1580594325987335,6.849472542486653,0.0,0.05520304464419254,0.25338384546788717,11.280377336888472
2026-09-01 11:05:00,30.18018067916249,30.260074553682927,30.215638570215617,28.235239182253924,32.196037958177314,0.0,-0.0012202658764048008,-1.9294830361235873,1.9270425043707775,0.30185575699177747,0.045656249343714705,1023.0897153570132,1023.0325447025123,1023.1487822798019,0.0,0.000747868849534946,-0.11698544613921058,41.344193257381605,40.33758155388777,41.10897077525442,0.0,0.0008924438823570855,-0.7722816652490039,1.9813789364302707,1.8443691930222168,2.21991359373275,0.0,0.05520304464419254,-0.43074744535472576,31.285154280116338
2026-09-01 11:10:00,29.75487146733495,29.8169660181711,29.944602402783765,27.964159369561386,31.925045436006144,0.0,-0.0012202658764050255,-1.9295278614433928,1.9270873296905826,-0.8357986861737103,-0.1264161187362589,1023.342768309317,1023.4333252953986,1023.3436564307782,0.0,0.0007478688495351928,0.0889209957708772,43.52213774666947,44.03138031216808,43.01131921743187,0.0,0.0008924438823570855,1.0191686508538567,2.703589968309896,2.621644294353925,2.3067926069801663,0.0,0.05520304464419272,0.2596486427295659,17.52898151954272
2026-09-01 11:15:00,30.87161871648833,30.6461659579775,30.5194411917528,28.538954514231577,32.499927869274025,0.0,-0.0012202658764050255,-1.9295726857212157,1.9271321539684054,0.8459070789513667,0.1279450321011062,1023.2447227209284,1023.4549477729112,1023.4512279500381,0.0,0.0007478688495351846,0.002971954023564649,41.645932308511455,43.50401968872167,43.55996578050375,0.0,0.0008924438823570855,-0.05683853566443986,7.27799950739966,7.68128487997004,7.422016981364219,0.0,0.05520304464419258,0.20406485396162743,7.691077400061264
2026-09-01 11:20:00,30.064397836920534,29.83300955747464,30.00523371621852,28.024703395360227,31.985764037076812,0.0,-0.0012202658764047217,-1.9296175089571288,1.9271769772043195,-1.1305902318311958,-0.17100389286747486,1022.9826894142788,1022.8013605845856,1022.9699550356315,0.0,0.0007478688495351846,-0.16934231989546333,40.81295286619214,41.66240618298393,42.149855201513944,0.0,0.0008924438823570855,-0.48834146241237164,4.62881190653818,5.044163395333491,5.339340432137763,0.0,0.05520304464419258,-0.3503800814484652,25.03194691458021
2026-09-01 11:25:00,30.371924585113124,30.436425517171106,30.32063870394812,28.340064740714467,32.30121266718177,0.0,-0.0012202658764049296,-1.9296623311512051,1.9272217993983953,0.7735909309818609,0.11700707909939112,1023.3721506354025,1023.2872600657686,1023.1492308279397,0.0,0.0007478688495351846,0.137281368979302,38.98922075640298,40.12044406485257,40.344529705719786,0.0,0.0008924438823570855,-0.22497808474957282,8.005325557490835,8.080935751471298,7.782929273986499,0.0,0.05520304464419275,0.24280343284060635,12.220618220664424
2026-09-01 11:30:00,30.94614877871411,30.67332757995044,30.65081693792224,28.67019933327488,32.6314345425696,0.0,-0.0012202658764048876,-1.929707152303517,1.9272666205507072,0.1568966192496255,0.023730907904603527,1023.0572911274012,1023.0459404665027,1023.0749515620773,0.0,0.0007478688495351846,-0.029758964424217993,39.40065825770425,39.57532925805798,39.42102730321632,0.0,0.0008924438823570855,0.15340951095929967,6.541515573971332,6.139137655800311,6.288886072470601,0.0,0.055203044644192886,-0.20495146131448294,6.272771652460865
2026-09-01 11:35:00,30.245279768575312,30.138904218517446,30.263675910000348,28.28301466490086,32.244337155099835,0.0,-0.0012202658764046681,-1.9297519724141365,1.9273114406613272,-0.8168588011489248,-0.12355142560649668,1023.013515154889,1023.2441478527442,1023.1962775729647,0.0,0.0007478688495351846,0.04712241092988734,42.96813589609581,43.7424814551078,42.6883371373155,0.0,0.0008924438823570855,1.053251873909943,3.9558603410771056,4.117411288068818,4.0744656734416695,0.0,0.055203044644192886,-0.012257430017044157,7.584340130565647
2026-09-01 11:40:00,30.94233365751052,31.04251712332769,30.886104468046074,28.90539958345598,32.86680935263617,0.0,-0.0012202658764046681,-1.9297967914831373,1.927356259730328,1.0421882092145758,0.1576329211580223,1023.1302222279163,1023.0314648202252,1023.0834707745321,0.0,0.0007478688495351846,-0.052753823156422186,42.077066150987314,41.50278357950408,42.14365787768954,0.0,0.0008924438823570855,-0.6417667420678157,7.490262120464078,7.956546852947386,7.635534738722557,0.0,0.055203044644192886,0.2658090695806363,15.136606917833904
2026-09-01 11:45:00,31.484722705851123,31.288257851395766,31.298486011040566,29.317737487921327,33.279234534159805,0.0,-0.001220265876404652,-1.9298416095105917,1.9274010777577824,-0.059555583987851435,-0.009007893768394837,1023.2350088494193,1023.1458332950269,1023.1189456375023,0.0,0.0007478688495351846,0.026139788675095588,39.885238308372756,40.521929358245735,40.86785763263187,0.0,0.0008924438823570855,-0.34682071826848926,2.5768051290466234,2.987739459635337,3.320244742465178,0.0,0.055203044644192886,-0.38770832747403405,22.15116523943875
2026-09-01 11:50:00,30.426132597477274,30.747203789949634,30.89537403251198,28.914581871824986,32.876166193198976,0.0,-0.001220265876404652,-1.9298864264965718,1.9274458947437625,-0.9715580471475285,-0.14694997668594212,1022.8703951328719,1022.9421162192052,1022.9827249384912,0.0,0.0007478688495352994,-0.041356588135499806,41.85331965678588,42.37683016403449,41.90826339394036,0.0,0.0008924438823570855,0.4676743262117711,6.449173250001198,6.669501005844098,6.24347157477248,0.0,0.055203044644192886,0.37082638642742527,23.22003174160239
2026-09-01 11:55:00,31.24693823359064,31.491725502438218,31.36408010490336,29.38324430760994,33.344915902196774,0.0,-0.001220265876404652,-1.9299312424411506,1.9274907106883412,0.8519938220595655,0.12886566341126482,1022.9895448098733,1022.9029605010168,1022.8998966208991,0.0,0.0007478688495352994,0.0023160112681352985,41.31790067417839,41.54982961340852,41.72144826947861,0.0,0.0008924438823570855,-0.17251109995244462,5.595501757119791,6.022228643705538,6.143064486603947,0.0,0.055203044644192886,-0.17603888754260222,6.332022654154059
2026-09-01 12:00:00,31.37765079537897,31.06336679571131,31.377121959299284,31.279241670782678,31.47500224781589,0.0,-0.20606434334118393,-0.6552995597723155,0.2431708730899476,-0.637807658407997,-0.10769082024679122,1022.9996038492882,1023.0224827317228,1022.9995445499168,0.0,-0.022806077200470825,0.045744259006482935,37.86582271110512,38.91862864687992,37.86800624261447,0.0,0.8932619294850045,0.15736047478043957,4.135038651098272,4.151053932841979,4.135103209914597,0.0,0.0802388561816259,-0.06428813325424354,4.864964049396504
2026-09-01 12:05:00,31.68365123222261,31.49717698358621,31.542473340885365,31.076514382644028,32.0084322991267,0.0,-0.11061337525566796,-0.46087570927193655,0.23964895876060066,0.42232361164924015,0.06531701795651301,1022.9916990711828,1022.7589684580375,1022.90680432464,0.0,-0.09258781152979309,-0.055248055072638635,38.0017066466367,37.57067877635879,36.246770778853204,0.0,1.0820211879321227,0.2418868095734652,7.150016060858269,7.33844695180838,6.612925427507151,0.0,0.4893022553950008,0.23621926890622813,8.776251396266165
2026-09-01 12:10:00,30.969936425975245,30.512780977076254,30.768968012923015,30.1892290854279,31.34870694041813,0.0,-0.08689967714781993,-0.43639050534158225,0.2625911510459424,-1.119019691886848,-0.1692873586989414,1022.864118187842,1023.1962676792255,1023.1657081281363,0.0,-0.07850326700369642,0.10906281809286611,41.05340980111135,40.90376378793242,38.79847273733968,0.0,1.1079629173075323,0.9973281332852082,10.670200114269104,10.46596744437155,9.977333605553115,0.0,0.4934629080586549,-0.004829069240219752,9.470149666346575
2026-09-01 12:15:00,31.026859307901503,30.870341035391878,30.874852991978237,30.28826241769277,31.461443566263704,0.0,-0.12053204036926471,-0.4658759618593371,0.22481188112080766,0.7664148796046781,0.11602008378290662,1022.7299912779014,1022.527834893355,1022.7346395110948,0.0,-0.04684471101190643,-0.1599599067278632,40.905058649062845,40.98142828214948,39.94058083038776,0.0,1.1223003445306525,-0.08145289276892953,19.511465982284093,19.599145619130805,18.87069531631574,0.0,0.47568373022309546,0.25276657259196966,13.423181614820145
2026-09-01 12:20:00,31.850636444208728,32.00391413952321,31.950329020658366,31.37515246212372,32.525505579193016,0.0,-0.14226300200050862,-0.48720956749741556,0.20268356349639832,1.2946867987419992,0.19584812086535308,1022.6057874399046,1022.557524534306,1022.5868717943613,0.0,-0.05034109390290135,0.020993833847683163,38.17635995608769,37.352671179216166,37.089609903914805,0.0,1.230780551477534,-0.9677192761761759,7.249676202012329,7.648536475203486,8.134238884508054,0.0,0.4399388853191225,-0.9256412946236905,131.1562595227846
2026-09-01 12:25:00,31.843927809025935,31.761148820570963,32.03901577126657,31.470308580385556,32.607722962147584,0.0,-0.14135317202300668,-0.4865478880175658,0.20384154397155246,-0.9025588421794843,-0.13651377867260095,1022.6852316584094,1022.6803595030331,1022.6644262595327,0.0,-0.05543073666160828,0.07136398016200474,38.72837121400398,38.90991676904417,37.25093453705252,0.0,1.2161048835559216,0.44287734843572935,5.41141676910943,5.234589745663363,4.37837727025002,0.0,0.44107102163781586,0.4151414537755267,28.137515739740927
2026-09-01 12:30:00,31.905026739528655,31.99718618825185,32.15819680300258,31.590648413611728,32.72574519239343,0.0,-0.1416197695470591,-0.48705485663839776,0.2038153175442796,-0.12820210127493326,-0.019390845203677287,1022.4513977640235,1022.7383009841769,1022.7637856126917,0.0,-0.05580012644859739,0.030315497933884217,36.74198067954631,35.36683634918323,34.68910133601423,0.0,1.2150758726960555,-0.5373408595270561,3.8049332085887833,3.5465001797494975,3.0370133078635977,0.0,0.4409533834924021,0.0685334883934976,2.2961184301657225
2026-09-01 12:35:00,32.01949302402719,31.715026160370844,31.923693761742324,31.35558053345247,32.49180699003218,0.0,-0.14210376909672154,-0.48778621205667716,0.2035786738632341,-0.44008576169887803,-0.0665638322747597,1022.111474125756,1021.912747258616,1022.1631301754527,0.0,-0.05725495239540288,-0.1931279644412598,38.28431374139413,39.121877368936694,36.88896697252818,0.0,1.2227577079253233,1.0101526884831884,4.116110318956062,4.1453570006631715,3.6230509639439514,0.0,0.4409449449600673,0.08136109175915252,10.813686968604436
2026-09-01 12:40:00,31.68134509480344,31.84094014571982,31.948669635282194,31.380018557768416,32.51732071279597,0.0,-0.1420614424471004,-0.487993759776252,0.2038708748820512,0.22698530030771735,0.03433195288472746,1022.5501976069546,1022.8477532272764,1022.6490462328578,0.0,-0.0552317918482442,0.25393878626675814,39.84149243653864,39.87880232979141,38.525486389732684,0.0,1.2233052014194044,0.13001073863932078,6.114467362907698,6.046468701790499,5.552225748252988,0.0,0.44094900264479675,0.05329395089271305,7.803622846977644
2026-09-01 12:45:00,32.11502512170303,32.00400327611736,32.11475499506689,31.545838884146324,32.68367110598746,0.0,-0.14207830108203007,-0.4882603769543033,0.20410377479024316,0.20711532970593183,0.03132658213250039,1022.5529531233407,1022.666529646506,1022.7525115413933,0.0,-0.055349595312123426,-0.03063229957524527,37.46997332752982,37.05325900440681,36.646172358443835,0.0,1.2224422141181874,-0.815355568155212,5.130466330677002,5.325210646998128,5.0031803752084505,0.0,0.44094854540092066,-0.11891827361124285,5.642475641106595
2026-09-01 12:50:00,32.20442072817226,32.20685466462884,32.333843490988066,31.764782273509457,32.90290470846668,0.0,-0.1420848169469139,-0.48851647671478093,0.20434684282095314,0.09980696450826088,0.015095990587688846,1021.9932221758709,1022.0557864745343,1022.2858847236035,0.0,-0.05550408045895195,-0.17459416861026966,38.17449185883536,37.50699296899926,36.16318858384933,0.0,1.2224201804416592,0.12138420470827072,11.896070914165742,11.76009305638163,11.006934185677721,0.0,0.440947493166354,0.31221137753755457,17.405656549620655
2026-09-01 12:55:00,31.862792444395986,31.844217544117374,32.06968522826465,31.50049232565303,32.63887813087628,0.0,-0.1420752076596532,-0.4887562807042103,0.20460586538490388,-0.5513483800369734,-0.08339247648762793,1022.1241930474555,1021.9764979944028,1022.0272245229978,0.0,-0.055505265066630546,0.004778736471621414,39.02760194347267,38.839938719777315,37.21471929668976,0.0,1.2222931056849888,0.40292631740256724,5.159042438392567,5.674574323073381,5.779702778818596,0.0,0.4409475682643385,-0.5460760240095528,44.12145290331259
2026-09-01 13:00:00,32.95243273771843,32.69812303353998,32.69646449706032,32.12712792348838,33.26580107063226,0.0,-0.1420733690119745,-0.48900367671279044,0.20485693868884144,0.950281807192475,0.1437319054916344,1022.294253404893,1022.3799245911987,1022.2847201248941,0.0,-0.05556115597424609,0.15076562227886825,35.670505684456124,36.221113453074054,35.548501334312995,0.0,1.2223781947899417,-0.549766076028881,5.2136412508689105,4.826738421480594,4.165037396137542,0.0,0.44094760113146453,0.22075342421158783,13.225218551840848
2026-09-01 13:05:00,32.44947188786426,32.218855021516305,32.48448642461454,31.91499871976165,33.05397412946743,0.0,-0.1420762424288395,-0.4892556058445552,0.2051031209868762,-0.8168834954689927,-0.12355516066939032,1022.4335185960603,1022.3249956026973,1022.3796948348086,0.0,-0.05556133008619275,0.0008620979749593971,37.67041770742296,38.10860889041301,36.41910355025188,0.0,1.2223632845856232,0.4671420555755006,5.311679970129393,5.687800405995313,5.15010355459861,0.0,0.44094760158220536,0.09674924981449706,4.071962024287732
2026-09-01 13:10:00,31.833437941315754,32.02699683511644,32.20362694005225,31.63398654633553,32.77326733376897,0.0,-0.14207654164233718,-0.4895047822604805,0.20535169897580613,-0.2284504784040493,-0.03455356329347126,1022.0493669082414,1022.2393660962211,1022.3350320265614,0.0,-0.055559037370072825,-0.04010689297024328,37.08044617511761,36.516015817294836,35.582321112765435,0.0,1.2223601438985194,-0.2886654393691188,10.293899184709417,10.064444416216986,9.480062665104313,0.0,0.44094760064066485,0.14343415047200736,3.6693165055917976
2026-09-01 13:15:00,32.618786972698636,32.69858540419897,32.70711675197927,32.13732411595574,33.2769093880028,0.0,-0.14207648458806804,-0.48975342425909635,0.20560045508296027,0.8829321055306778,0.13354513680776847,1021.8562973975834,1021.7106380932172,1021.8936515539458,0.0,-0.0555597492961149,-0.1274537114325085,37.18260195147965,36.50577021337754,35.240386362019336,0.0,1.2223606932697357,0.04302315808846657,7.854592884811802,7.315798064436595,7.192507533679193,0.0,0.44094760068637207,-0.3176570699289707,18.10445669307057
2026-09-01 13:20:00,32.00866712545905,32.218676933769736,32.46885707669391,31.89891266529062,33.03880148809719,0.0,-0.14207636403832868,-0.490001824990767,0.20584909691410963,-0.7147268660549955,-0.108103778885841,1021.8552701818155,1021.8382964076471,1021.8261739048077,0.0,-0.05555861874819321,0.06768112158761141,37.934947655761,38.46046662081672,36.77362092148679,0.0,1.2223632848337944,0.4644824144961319,7.481712901778373,7.553075448683033,6.984707974623066,0.0,0.44094760072317724,0.12741987333678928,5.172047295293754
2026-09-01 13:25:00,32.75190026267773,32.81683190977823,32.865294457373814,32.295198443805766,33.43539047094186,0.0,-0.1420764176428024,-0.49025022248595085,0.20609738720034607,0.6189270037339156,0.09361387004722133,1022.004163611504,1021.9208726483021,1021.9109289243412,0.0,-0.055557940618607936,0.06550166457952855,36.761133751102406,36.183255827410385,35.51282105516848,0.0,1.2223628001404763,-0.551928027898569,4.894076764332936,4.8176943685287705,4.4942101547413,0.0,0.44094760072274797,-0.11746338693527658,4.93934709801319
2026-09-01 13:30:00,32.9351697202783,32.96376784724015,33.115095621825795,32.544848042442716,33.68534320120887,0.0,-0.14207641678995536,-0.49049838851239796,0.20634555493248724,-0.061165243548494175,-0.009251357795690751,1021.614352920519,1021.4662244761549,1021.6119630292728,0.0,-0.055558251388657505,-0.09018030172921954,35.29678700985401,35.34471482911761,34.26545385052882,0.0,1.2223628797666146,-0.14310190117782184,10.024518622852101,9.691635812481191,8.921886634459828,0.0,0.4409476007185769,0.32880157730278725,16.446555298551964
2026-09-01 13:35:00,32.174249940155,31.829047816421646,32.18335080835262,31.612951681550754,32.75374993515449,0.0,-0.14207642625815525,-0.4907463882264248,0.2065935357101143,-1.40313344954507,-0.21222656567281817,1021.5028424625548,1021.6140404350909,1021.6118056727039,0.0,-0.055558247227354036,0.05779300961444278,38.13791452018174,38.23691823420116,36.267407103649866,0.0,1.222362501496709,0.7471486290545855,1.5203626808997752,1.015949613385196,1.1663763685918642,0.0,0.4409476007186029,-0.5913743559252711,57.90622507748863
2026-09-01 13:40:00,32.91478068132815,32.86070734197592,32.770394568668145,32.19984392533504,33.34094521200125,0.0,-0.14207641829489456,-0.49099419425214574,0.2068413576623566,1.53643841437421,0.2323891916026639,1021.4600152695053,1021.5403340816168,1021.5852003825768,0.0,-0.05555825495752193,0.010691953997593373,36.6256707262368,36.87532043161819,36.00254794743876,0.0,1.2223625703258862,-0.34959008614644915,11.002986043730766,11.000477807549329,9.751150169546426,0.0,0.44094760071905253,0.8083800372838503,99.59612801696728
2026-09-01 13:45:00,32.717557423116986,32.71208055903624,32.89471375174353,32.324011631147336,33.465415872339726,0.0,-0.14207641865431986,-0.4912418327189928,0.20708899541035308,-0.26814063592350124,-0.04055677405297331,1021.2974413040126,1021.4787928338478,1021.5371574951494,0.0,-0.05555825350245807,-0.002806407799084809,34.32796759345364,35.01458393759914,34.24546522012299,0.0,1.222362579459334,-0.45324386198318223,6.5250326774313745,6.81778374491852,6.978900887219742,0.0,0.4409476007190545,-0.6020647430202768,52.95181851635905
2026-09-01 13:50:00,32.90038468605623,33.291006125710744,33.37666368369508,32.805810127010105,33.94751724038005,0.0,-0.14207641871896215,-0.49148929538345276,0.20733645794552846,0.37301263595823286,0.05641886073463098,1021.3652424498689,1021.0982611836376,1021.2297225268663,0.0,-0.05555823846932396,-0.07590310475939077,37.17255087669206,36.162180527198196,34.55956456770456,0.0,1.2223625894095789,0.3802533700840556,5.486148086156698,5.6616341340826315,5.118006139586425,0.0,0.440947600719052,0.10268039377715432,3.2262214178491764
2026-09-01 13:55:00,33.34548923046169,33.482880556881426,33.65166348428605,33.080658532265545,34.22266843630655,0.0,-0.14207641866922444,-0.4917365827985609,0.20758374546011205,-0.1765697692388315,-0.026706508735394152,1021.4954143885577,1021.6550399939089,1021.5524513016325,0.0,-0.0555582418386394,0.15814693411505232,34.72968743788801,33.20075997767962,32.46060757649512,0.0,1.2223625799129405,-0.48221017872844385,6.384058086207014,6.401070080858794,5.851660964067887,0.0,0.44094760071905204,0.10846151607185561,5.736305104335955
2026-09-01 14:00:00,32.49992096495217,32.80713320129407,33.10113855670414,32.52998224959924,33.67229486380904,0.0,-0.1420764185666567,-0.491983695397183,0.2078308582638696,-1.004476383825839,-0.15192893684341158,1021.2035990390721,1021.5794163748756,1021.6499273612723,0.0,-0.05555824228161332,-0.01495274411513492,37.6941753403909,37.24021751540822,35.02014243516581,0.0,1.2223625866759447,0.9977124935664676,8.078989593948382,8.222643865913703,7.739788117918198,0.0,0.4409476007190521,0.04190814727645353,7.8325493734014655
2026-09-01 14:05:00,32.30397740683321,32.42348494801216,32.58655211196543,32.01524448984006,33.157859734090806,0.0,-0.14207641856611405,-0.4922306337041794,0.20807779657195127,-0.13878006690740108,-0.020990745387159393,1021.0193492058185,1020.9516030424419,1021.1768906633503,0.0,-0.05555824658632947,-0.1697293743220598,38.21573252318528,39.65695524945103,38.05515770100743,0.0,1.2223625867720769,0.3794349616715209,0.8727146733676354,0.8645504336542783,0.8308286216671394,0.0,0.44094760071905204,-0.4072257887319132,27.65919927856741
2026-09-01 14:10:00,32.25315379399447,32.110893148604575,32.22880486874893,31.65734597163549,32.80026376586237,0.0,-0.14207641856393116,-0.49247739798458656,0.20832456085672424,0.1597646201510301,0.02416469841957536,1020.9142251028453,1021.1984973946617,1021.1724167144322,0.0,-0.05555824569025022,0.08163892591971944,36.66593170591964,38.283670985989545,37.76429049622533,0.0,1.2223625875920212,-0.7029820978278067,11.027717327824273,10.598800054915163,9.407270469398503,0.0,0.4409476007190519,0.7505819847976074,83.72984122101346
2026-09-01 14:15:00,32.28221753764892,32.305642380878886,32.356799484091965,31.785189352014694,32.92840961616924,0.0,-0.14207641855983422,-0.49272398860553496,0.20857115148586652,0.601111986938708,0.09091931534675268,1020.6231331514429,1020.5836589606339,1020.7377229617863,0.0,-0.05555824588105199,-0.09850575527138972,36.38135974783995,37.846301456292665,36.93937502089474,0.0,1.222362587829338,-0.31543615243140977,5.9205058311048395,5.494237635537806,5.692308217634928,0.0,0.44094760071905187,-0.639018182816173,60.73240236447898
2026-09-01 14:20:00,32.57338162107901,32.620626350331854,32.70675402155624,32.13499269451832,33.27851534859417,0.0,-0.14207641855945016,-0.49297040593876484,0.2088175688198645,0.36990448673137877,0.05594874733505861,1020.8886064189259,1020.6827449582917,1020.6649121149771,0.0,-0.055558245962981555,0.07339108927749294,36.24310030713625,36.0887152129277,35.1765969199984,0.0,1.2223625878996096,-0.31024429497031036,4.984865356949399,4.923914798253995,4.311375787376476,0.0,0.44094760071905187,0.17159141015846746,5.627247413213697
2026-09-01 14:25:00,32.73246830257654,32.5446371886224,32.73411348871,32.16220100668418,33.306025970735824,0.0,-0.14207641855927533,-0.49321665034560114,0.20906381322705048,-0.3133837607276462,-0.047399881528320975,1020.6420002052955,1020.5961553389345,1020.6202756545312,0.0,-0.05555824600102518,0.03143793040442233,35.62386605819238,34.19817399260452,33.12730231421213,0.0,1.222362587898113,-0.15149090950572486,2.965050219174852,2.9168542332650294,2.5124217255184647,0.0,0.44094760071905187,-0.03651509297248712,0.6560036715558542
2026-09-01 14:30:00,32.69458139123632,32.61770391591774,32.76729055373039,32.19522695665672,33.33935415080406,0.0,-0.1420764185592549,-0.4934627221895396,0.20930988507102982,-0.04965372649956379,-0.007510219253397565,1020.5232432294981,1020.6804738246494,1020.6923145439982,0.0,-0.055558246026834575,0.0437175266780514,38.118260670823865,36.243829389502395,34.28642531731766,0.0,1.2223625879348887,0.735041484249848,5.844081146690369,6.099375950242399,5.438293945671148,0.0,0.44094760071905187,0.22013440385219862,9.909844801844997
2026-09-01 14:35:00,32.89879788289116,32.85764448415573,32.97073285426633,32.398518182052555,33.542947526480106,0.0,-0.14207641855927464,-0.49370862183274433,0.20955578471419503,0.1916541422908864,0.02898804844867442,1020.925121642678,1020.7993951703284,1020.8238688596584,0.0,-0.055558246031147035,0.031084556701102883,36.27570980846824,35.78447927922871,34.577057890628254,0.0,1.2223625879344668,-0.014941199334010946,6.3554912374607975,6.582682504593222,6.260385504865866,0.0,0.44094760071905187,-0.11865060099169611,2.20646188303946
2026-09-01 14:40:00,32.553278207283235,32.874402173796256,33.03589408320488,32.463528375726995,33.608259790682766,0.0,-0.1420764185592766,-0.4939543496361697,0.20980151251761647,-0.12836529000827568,-0.01941549084934735,1020.3861079856676,1020.2960571868167,1020.4794077963184,0.0,-0.05555824603575248,-0.1277923634659146,35.92432959387292,35.76587068975343,34.60978450204196,0.0,1.2223625879339841,-0.06627640022252024,5.512060937629881,5.693600842357566,5.321321653359095,0.0,0.44094760071905187,-0.06866841172058091,2.55533678836971
2026-09-01 14:45:00,33.105790501819605,32.68964239674141,32.875427865212004,32.30291116231447,33.447944568109534,0.0,-0.1420764185592831,-0.4941999059595909,0.2100470688410247,-0.288981870784923,-0.04370904991130686,1020.1230645236966,1020.2120954385406,1020.269342583433,0.0,-0.05555824603584733,-0.0016888988565142427,36.25188754812747,37.292387868972234,35.8063861649592,0.0,1.2223625879336928,0.26363911607933943,8.159185045070249,8.075100231147095,7.48506688073161,0.0,0.44094760071905187,0.1490857496964333,3.731019438434234
2026-09-01 14:50:00,32.390975097636186,32.632138781779396,32.77194234146694,32.19927468296275,33.34460999997113,0.0,-0.142076418559283,-0.49444529116149616,0.21029245404293018,0.01502697977005596,0.0022728588717413345,1020.065916363558,1020.0663753810688,1020.1082945251815,0.0,-0.055558246035425404,0.013639101922763075,35.088103878550434,35.78234824618439,34.97908947915372,0.0,1.2223625879345659,-0.4191038209038993,5.652554257300235,5.238358606267193,5.024341026855763,0.0,0.44094760071905187,-0.22693002130762174,8.271854267005681
2026-09-01 14:55:00,33.553544764890475,33.366185717898595,33.380892162514385,32.80807358818507,33.9537107368437,0.0,-0.1420764185592828,-0.49469050559914396,0.21053766848057834,0.8421050886877168,0.12736997394349459,1020.1957730448216,1020.2834664876947,1020.2477849637307,0.0,-0.055558246034613734,0.09123976999853767,33.796144387236026,33.978068450429326,33.116885964010805,0.0,1.2223625879349418,-0.36118010151641755,13.778210634029486,13.901831975149294,12.961598123182178,0.0,0.4409476007190518,0.4992862512480638,38.8841420383308
2026-09-01 15:00:00,32.68058015312581,32.40616431567189,32.74679257870575,32.17382312830139,33.31976202911011,0.0,-0.14207641855928135,-0.49493554962854347,0.2107827125099808,-1.31272319074629,-0.1985518444745793,1019.9338333578158,1019.9695077889296,1020.0838561030816,0.0,-0.05555824603456915,-0.058790068117446026,36.122773216167886,35.41089739941497,33.694742622423455,0.0,1.2223625879348323,0.4937921890566841,7.29172888302679,7.449279677005441,7.665086386488836,0.0,0.4409476007190518,-0.6567543102024462,67.3529208930923
2026-09-01 15:05:00,32.04850346108363,32.28449188709132,32.40948099184471,31.836360705084005,32.982601278605415,0.0,-0.1420764185592814,-0.495180423604473,0.21102758648591022,0.11297257479483847,0.01708731380589512,1019.5942393839002,1019.6661831818329,1019.7806695209937,0.0,-0.05555824603442051,-0.05892809312638292,36.76683794831702,35.998214301721106,34.572466112108984,0.0,1.2223625879348463,0.20338560167727593,9.77065358087504,9.054094142131735,8.276064051142688,0.0,0.44094760071905187,0.33708249026999404,16.843164407860478
2026-09-01 15:10:00,31.92030196787132,32.0666815817182,32.18548362999215,31.612212546562443,32.75875471342186,0.0,-0.14207641855928144,-0.49542512788047693,0.21127229076191406,0.15387822613493185,0.02327437028533552,1019.8409066420455,1019.7760614641741,1019.7666866409232,0.0,-0.055558246034523265,0.06493306928530274,37.07723274500423,37.28053489466138,35.896424860612186,0.0,1.22236258793486,0.16174744611433312,2.585729881487172,2.335428425512373,2.2333915259489867,0.0,0.44094760071905187,-0.33891070115566535,17.050688260388103
2026-09-01 15:15:00,32.49520343429475,32.74610717477099,32.74445691189102,32.171035071448344,33.3178787523337,0.0,-0.14207641855928138,-0.49566966280887775,0.211516825690315,0.9502472684330137,0.14372668143925438,1019.495845923402,1019.5306055647065,1019.6075376136533,0.0,-0.05555824603451186,-0.021373802912307838,36.536702602044215,37.094343385116,36.09983633608587,0.0,1.2223625879348514,-0.22785553890472698,5.395954113248523,5.188637800030355,4.340077777796737,0.0,0.4409476007190518,0.4076124215145658,26.209985938966803
2026-09-01 15:20:00,32.16267340909195,32.32281379860107,32.56972463805287,31.99615208022198,33.14329719588376,0.0,-0.1420764185592814,-0.49591402874078083,0.21176119162221804,-0.6931115440314315,-0.10483442089251582,1019.7702121533943,1019.6311062025399,1019.6384765709112,0.0,-0.05555824603451262,0.048187877663167455,36.196526696535436,36.5100317063319,35.53396011581791,0.0,1.2223625879348499,-0.24629099742086424,4.849884777557841,4.885389837894872,4.571594249899841,0.0,0.4409476007190518,-0.12715201272402155,4.040002392264031
2026-09-01 15:25:00,32.483818586213054,32.89578758656054,32.95667260937586,32.38294937375029,33.53039584500142,0.0,-0.1420764185592814,-0.4961582260260796,0.21200538890751677,0.5367959605925847,0.08119139574396428,1019.5445795052912,1019.7378445486667,1019.7537284968934,0.0,-0.055558246034508305,0.0396742978077782,37.098525028703705,36.27084666101838,35.08543561766965,0.0,1.22236258793485,-0.03695154458612393,6.931460112870658,6.69045198304095,6.173844166859173,0.0,0.4409476007190518,0.07566021546272594,1.6965796003877016
2026-09-01 15:30:00,32.330018077529644,32.44176284491854,32.686331860042536,32.11245798618464,33.260205733900435,0.0,-0.1420764185592814,-0.496402255013462,0.21224941789489923,-0.6776285999575364,-0.10249259656470855,1019.2091330693326,1019.11399186181,1019.3166777597256,0.0,-0.05555824603451994,-0.14712765188119192,38.58919973493022,39.10973383796389,37.26272596463001,0.0,1.2223625879348479,0.6246452853990334,10.583408311713296,10.571967941065903,10.035190936933926,0.0,0.4409476007190518,0.09582940341292456,6.839113364904756
2026-09-01 15:35:00,32.05047153209269,32.01917605686806,32.215467918150686,31.64144344559166,32.78949239070972,0.0,-0.1420764185592814,-0.4966461160504162,0.21249327893185335,-0.3584447636225292,-0.05421544272333989,1019.3624455725223,1019.5317726956548,1019.4647980216289,0.0,-0.05555824603451619,0.12253292006039374,37.69190400126887,38.032632774949995,37.188618553889086,0.0,1.2223625879348483,-0.37834836687393647,2.1460346967309794,2.0828742146250816,2.1879806531810626,0.0,0.44094760071905176,-0.5460540392750328,45.26542520547744
2026-09-01 15:40:00,31.67617344467706,31.74475872014133,31.8736196878024,31.299444656042336,32.44779471956247,0.0,-0.1420764185592814,-0.4968898094832357,0.21273697236467284,0.08737379859732641,0.013215450898211856,1019.0750332525145,1019.039992208367,1019.1814420462108,0.0,-0.055558246034516486,-0.08589159180928618,38.8223256830584,37.96579255810626,36.89644124502635,0.0,1.2223625879348483,-0.15301127485493993,2.0569721166798662,2.009227275218548,1.1988549880710444,0.0,0.44094760071905176,0.36942468642845183,20.434074652330803
2026-09-01 15:45:00,31.340681639921023,31.589375465590216,31.69922731649775,31.12490176500568,32.27355286798982,0.0,-0.1420764185592814,-0.4971333356570262,0.21298049853846338,0.21305235103788078,0.03222456765174542,1019.087928862749,1019.1182287143625,1019.1330856784433,0.0,-0.055558246034516666,0.04070128195371581,39.52807665375375,38.90061987751355,37.50193590384765,0.0,1.2223625879348483,0.17632138573105038,10.298925455324174,10.084007167213949,9.265607974572715,0.0,0.4409476007190518,0.377451591922183,20.78274017251264
2026-09-01 15:50:00,31.69622155442989,31.540346489377868,31.653655697345954,31.079179665559884,32.22813172913202,0.0,-0.1420764185592814,-0.49737669491571046,0.21322385779714761,0.19019407538657163,0.02876721059119447,1018.9285712505955,1018.8543265679618,1018.9390863437537,0.0,-0.055558246034516555,-0.0292015297574153,36.71775682620921,37.268553605858465,36.40965155669194,0.0,1.2223625879348483,-0.3634605387683223,3.6453882515101323,3.453692735290129,3.6765044545825294,0.0,0.4409476007190518,-0.6637593200114522,63.72574102565326
2026-09-01 15:55:00,32.14210873993921,32.01173102343294,32.066863147434766,31.492236674761717,32.64148962010781,0.0,-0.1420764185592814,-0.4976198876020341,0.21346705048347128,0.5748311836169222,0.08694429455745123,1018.625539871815,1018.4731405571398,1018.5844265024094,0.0,-0.055558246034516465,-0.055727699235148975,39.01791962117762,38.83031359306091,37.23982529681833,0.0,1.2223625879348483,0.36812570830772984,7.808695010105419,7.484614892171211,6.587128402025831,0.0,0.44094760071905176,0.45653888942632825,31.5819852710287
2026-09-01 16:00:00,31.806461973860205,31.744669970940624,31.963181596807313,31.388404722623363,32.53795847099126,0.0,-0.1420764185592814,-0.49786291405757155,0.21371007693900876,-0.5053504765339873,-0.0764352073074086,1018.5534675251523,1018.2917534670115,1018.3346622932049,0.0,-0.05555824603451647,0.012649419841068266,37.795852804805115,39.06717064611428,37.810013927309384,0.0,1.2223625879348483,0.03479413087004701,6.551895112660343,6.665915344832493,6.4125037113878545,0.0,0.44094760071905176,-0.18753596727441302,5.660326322594512
2026-09-01 16:05:00,31.140398264325977,30.71948170457291,31.024196563038075,30.449269326688402,31.599123799387748,0.0,-0.1420764185592814,-0.4981057746227314,0.21395293750416863,-1.075282137701734,-0.16263843990588356,1018.7029644003484,1018.5446657765596,1018.4815140752081,0.0,-0.055558246034516465,0.11870994738592344,40.16448466354136,40.56538808439302,39.14823047626265,0.0,1.2223625879348483,0.19479502019552797,9.872430388234235,10.043761176811646,9.43727331333275,0.0,0.44094760071905176,0.1655402627598459,8.473781076791713
2026-09-01 16:10:00,31.622471543540662,31.650087225224173,31.55887456549466,30.983797006293578,32.13395212469574,0.0,-0.1420764185592814,-0.49834846963676194,0.21419563251819915,1.5423880046439535,0.23328907828879508,1018.3977747944746,1018.3491884664921,1018.4256866508982,0.0,-0.05555824603451647,-0.020939938371611788,37.66201337300805,37.27270842245664,36.872007093628156,0.0,1.2223625879348483,-0.8216612591063637,2.6888512766455217,2.45766589160792,2.490267480880833,0.0,0.4409476007190517,-0.47354918999196505,41.27263197674844
2026-09-01 16:15:00,31.618511225943895,31.24128548515369,31.455076377014937,30.87984853424594,32.03030421978393,0.0,-0.1420764185592814,-0.49859099943775675,0.2144381623191939,-0.47413939903086444,-0.07171447330196656,1018.2880997402993,1018.3198816171237,1018.379342593456,0.0,-0.05555824603451647,-0.0039027302979093292,39.16843743950134,39.160272959188596,37.46300768626504,0.0,1.2223625879348483,0.474902684988713,2.7326604601999342,3.188852489005048,2.386498264280455,0.0,0.4409476007190517,0.36140662400554113,20.34166236746183
2026-09-01 16:20:00,31.018751242189207,31.02936310477573,31.209615837222675,30.634237750138478,31.78499392430687,0.0,-0.1420764185592814,-0.4988333643626601,0.21468052724409734,-0.25240225146315254,-0.03817631388766429,1018.1072517085064,1018.2588086054989,1018.3195069413456,0.0,-0.05555824603451647,-0.005140089812243787,39.95259906548108,40.00330577959126,38.53806318322419,0.0,1.2223625879348483,0.24288000843222335,6.587219756088288,6.492839321855674,5.9217678777485325,0.0,0.4409476007190517,0.13012384338808936,2.8762553879595454
2026-09-01 16:25:00,31.33846569276426,31.51152364399131,31.555162856001626,30.979634563824195,32.13069114817906,0.0,-0.1420764185592814,-0.4990755647472729,0.2149227276287101,0.6508164364378466,0.09843720654896515,1018.2172296403321,1018.1503660213626,1018.2192458986921,0.0,-0.05555824603451647,-0.013321631294957115,39.41035606108419,38.82764381049082,37.944135655723464,0.0,1.2223625879348483,-0.33885443316749075,12.442476974009303,12.901532661148272,12.341615120758012,0.0,0.4409476007190517,0.11896993967120828,3.6544198341966774
2026-09-01 16:30:00,31.201760200633387,31.10638490850462,31.332050044672233,30.756371586592838,31.907728502751628,0.0,-0.1420764185592814,-0.4993176009262573,0.21516476380769453,-0.5526458259784519,-0.08358871760833253,1018.3676114423746,1018.2353173277345,1018.2555968710269,0.0,-0.05555824603451647,0.035278702742061796,39.447690066783146,38.71761950824104,37.53939554052335,0.0,1.2223625879348483,-0.04413862021715431,5.305177902163266,5.112539750013785,5.300274162222568,0.0,0.44094760071905176,-0.6286820129278343,57.283408179872815
2026-09-01 16:35:00,30.619658889898357,30.95508206393573,31.111732685879318,30.535904101058566,31.68756127070007,0.0,-0.1420764185592814,-0.49955947323314276,0.21540663611457997,-0.09635717472108496,-0.014574203384306372,1017.8040926371376,1017.5876854192372,1017.7800746177542,0.0,-0.05555824603451647,-0.13683095248245536,39.746545907184235,40.30765782223183,38.71512865209684,0.0,1.2223625879348483,0.37016658220014875,4.540326659017169,3.9323533260373384,3.2013721612887363,0.0,0.44094760071905176,0.2900335640295504,14.81595237293623
2026-09-01 16:40:00,31.11525252759253,30.823152347708834,30.956294820981793,30.38031614854967,31.532273493413914,0.0,-0.1420764185592814,-0.4998011820003311,0.2156483448817683,0.05906667446606306,0.008933945286322853,1017.8753629455786,1017.9473724882641,1017.879955062023,0.0,-0.05555824603451647,0.12297567227562922,39.89939626234406,40.57561489997774,39.37881868632108,0.0,1.2223625879348483,-0.025566374278191972,6.94099561691367,7.061654964387376,6.407063049585643,0.0,0.44094760071905176,0.21364431408268114,8.210023994598705
2026-09-01 16:45:00,31.08871471039765,31.326966846724016,31.366611557560805,30.790482836616718,31.942740278504893,0.0,-0.1420764185592814,-0.500042727559102,0.2158898904405391,0.6772260340914258,0.10243170772249144,1017.9926555825278,1018.2001347598273,1018.1635419812632,0.0,-0.05555824603451647,0.09215102459859281,39.899680454099745,40.38270562974211,39.33747157414549,0.0,1.2223625879348483,-0.177128532338223,11.680369549521808,11.754933081057505,11.260142488094994,0.0,0.44094760071905176,0.05384299224346023,2.6312040515168165
2026-09-01 16:50:00,31.186911311335074,31.32193872261646,31.495667414590205,30.919388684203014,32.071946144977396,0.0,-0.1420764185592814,-0.5002841102396179,0.2161312731210551,-0.20926863440107724,-0.031652273414465526,1017.6796178922871,1017.8695674324805,1018.0195358510948,0.0,-0.05555824603451647,-0.09441017257984186,37.80256912547308,39.01482360093212,38.122899713965445,0.0,1.2223625879348483,-0.3304387009681733,9.591109366245892,9.601427504838167,9.470236651354472,0.0,0.44094760071905176,-0.3097567472353564,15.35112623865359
2026-09-01 16:55:00,31.061583369536685,30.718376719874545,30.980894579602595,30.404465878810665,31.557323280394524,0.0,-0.1420764185592814,-0.5005253303709299,0.2163724932523671,-0.7962971755187489,-0.12044144116876865,1017.6718712672398,1017.7783611794619,1017.866493245334,0.0,-0.05555824603451647,-0.03257381983769392,39.45463131893698,39.0212127301277,37.69612305609908,0.0,1.2223625879348483,0.1027270860937719,16.473878522406636,16.281208778873438,15.45286136716092,0.0,0.4409476007190517,0.38739981099346643,23.121190936537868
2026-09-01 17:00:00,29.972504919667966,30.514663779476074,30.646341485983854,30.069762853795087,31.22292011817262,0.0,-0.1420764185592814,-0.5007663882809827,0.2166135511624199,0.06875096275243209,0.01039871205150078,1017.3588747688646,1017.4546562664547,1017.5638221022417,0.0,-0.05555824603451647,-0.053607589752573404,42.18588151457843,43.525298127435335,41.30146552589313,0.0,1.2223625879348483,1.00147001360736,1.0660116742050703,1.0556400065593246,1.5641811079829644,0.0,0.44094760071905165,-0.9494887021426917,134.12160520289032
2026-09-01 17:05:00,30.02914902889436,30.016399971793565,30.1800736709356,29.603345146327467,30.75680219554373,0.0,-0.1420764185592814,-0.5010072842966194,0.21685444717805666,-0.14279016723847704,-0.021597280582753342,1017.4985185122779,1017.7531620792342,1017.699087417883,0.0,-0.05555824603451647,0.1096329073857305,42.393963560337,41.67322666549368,41.10411503486411,0.0,1.2223625879348483,-0.6532509573052749,2.4297285717567982,2.27635073439594,1.1232821743400638,0.0,0.44094760071905165,0.7121209593368245,75.94044765734976
2026-09-01 17:10:00,30.48825495178971,30.312758147358583,30.34605789050493,29.769179512424532,30.922936268585328,0.0,-0.1420764185592814,-0.5012480187435875,0.2170951816250247,0.7191757135508183,0.10877667541293334,1017.3241094917673,1017.3739217109799,1017.4933124959072,0.0,-0.05555824603451647,-0.06383253889282514,39.718705857735785,38.90855740704099,38.45242153666754,0.0,1.2223625879348483,-0.7662267175614019,6.77434945507096,6.683644585171435,6.068056073971022,0.0,0.44094760071905165,0.17464091048136154,9.074633575342036
2026-09-01 17:15:00,30.363032867000733,30.08161542804393,30.250657885763257,29.673629693127342,30.82768607839917,0.0,-0.1420764185592814,-0.501488591946543,0.21733575482798026,-0.17828565159714316,-0.026966039160047472,1017.4198651815018,1017.5167846329055,1017.5241692849719,0.0,-0.05555824603451647,0.04817359396804477,42.0587246776729,40.6507575719535,38.8860879455312,0.0,1.2223625879348483,0.5423070384874507,9.110289656459138,9.36277933318866,9.0303227430998,0.0,0.44094760071905165,-0.10849101063019084,3.526322539921673
2026-09-01 17:20:00,30.236192692864773,30.19218908733284,30.31131722307043,29.73413925476544,30.888495191375416,0.0,-0.1420764185592814,-0.5017290042290568,0.2175761671104939,0.15172230269406484,0.022948282821690924,1017.37189590368,1017.3237783244022,1017.4068882704538,0.0,-0.05555824603451647,-0.027551700017170333,39.433830083544606,39.077193832483154,38.024090085294695,0.0,1.2223625879348483,-0.1692588407463873,4.00670581323948,4.061970982098509,3.977218443112972,0.0,0.4409476007190516,-0.3561950617335148,18.390867195310996
2026-09-01 17:25:00,31.441361683796245,31.415880309318254,31.375062935595764,30.79773523047789,31.952390640713638,0.0,-0.14207641855928144,-0.5019692559136182,0.2178164187950553,1.2092001623412365,0.18289379228177083,1017.5060005028558,1017.3016939972276,1017.3488604542399,0.0,-0.05555824603451647,0.008391789022198282,38.04079030831815,37.63781243885459,36.59689230853467,0.0,1.2223625879348483,-0.18144245761492783,3.595834996787795,3.778820412987388,3.1100700580833545,0.0,0.4409476007190516,0.22780275418498164,11.120094298510773
2026-09-01 17:30:00,29.996225115214234,30.016754220922166,30.47569102455712,29.898213621452314,31.053168427661923,0.0,-0.14207641855928144,-0.5022093473216416,0.21805651020307865,-2.094918719180548,-0.31686038507567105,1017.130318342088,1017.0277410070131,1017.1277867249795,0.0,-0.05555824603451647,-0.044487471931915934,40.12208842553409,40.542838249737805,38.55148588304526,0.0,1.2223625879348483,0.7689897787576996,8.504796082905454,8.435235530917717,7.764409791638332,0.0,0.4409476007190516,0.22987813856033412,21.420229346922802
2026-09-01 17:35:00,30.08726450001049,30.0277052687657,30.12851253724125,29.550885474945282,30.706139599537217,0.0,-0.14207641855928144,-0.50244927877347,0.21829644165490714,0.27285050169473024,0.04126915008373189,1017.0201093316741,1017.0187354758939,1017.047653582396,0.0,-0.05555824603451647,0.026640139532332796,42.290717654512555,42.48583040780892,40.95185702652641,0.0,1.2223625879348483,0.3116107933476613,1.638344862553927,1.5357396588124945,1.6130535416824827,0.0,0.4409476007190516,-0.51826148358904,39.08311936626449
2026-09-01 17:40:00,29.877444054892884,30.004089116915903,30.084668145842773,29.506891463121264,30.662444828564283,0.0,-0.14207641855928144,-0.5026890505883814,0.2185362134698186,0.40658927019516966,0.061497389632410915,1016.9303486199269,1016.9394664258022,1016.9822972981327,0.0,-0.05555824603451647,0.012727373703910416,41.847705720788454,40.89332702397314,40.32078810428126,0.0,1.2223625879348483,-0.6498236682429663,4.591383243653593,4.245338484387,3.388808094195924,0.0,0.4409476007190516,0.4155827894720243,27.23132477610125
2026-09-01 17:45:00,29.61690806703931,29.53938210050666,29.726401456700348,29.148475192288814,30.304327721111882,0.0,-0.14207641855928144,-0.5029286630845928,0.21877582596602996,-0.29713970499277664,-0.04494293763440638,1016.7802729167539,1017.0692157949823,1017.0750206767688,0.0,-0.05555824603451647,0.049753364247976606,42.166488719963546,41.85230772922289,40.58575289404952,0.0,1.2223625879348483,0.044192247238527216,5.643626518175105,5.532615534404646,5.135077877855469,0.0,0.4409476007190516,-0.0434099441698752,0.768468913577876
2026-09-01 17:50:00,29.08852357987578,28.701530756427687,28.929821146762087,28.351745339365973,29.507896954158202,0.0,-0.14207641855928144,-0.5031681165792652,0.21901527946070232,-0.570002663108145,-0.0862139717751198,1016.8182000638242,1016.8303916389629,1016.9369137507102,0.0,-0.05555824603451647,-0.05096386571290168,43.18430939165049,42.88713977478034,41.4969243550079,0.0,1.2223625879348483,0.16785283183759248,6.057401076061979,5.061066709385238,4.71496527481465,0.0,0.4409476007190516,-0.0948461661484643,2.504106173399369
2026-09-01 17:55:00,29.374339565264847,29.34446726613492,29.295048512260344,28.716823200555062,29.873273823965626,0.0,-0.14207641855928144,-0.5034074113885088,0.21925457426994593,1.2660680863232443,0.19149517243385716,1016.6594322814079,1016.8362587980117,1016.8834985332901,0.0,-0.05555824603451647,0.008318510756112119,43.52269893156074,42.101913133991225,41.14115779048816,0.0,1.2223625879348483,-0.2616072444317794,7.584521147433265,7.407454557541575,6.840303801872771,0.0,0.4409476007190516,0.12620315494975198,6.5111375694389775
2026-09-01 18:00:00,28.615653650730444,28.14215812005579,28.463056428523128,27.8846816511541,29.041431205892156,0.0,-0.14207641855928144,-0.5036465478273878,0.21949371070882495,-1.1822788275605163,-0.17882188990805759,1016.6674703348215,1016.602208748585,1016.6943727317866,0.0,-0.05555824603451647,-0.03660573716717863,45.66678249143851,44.882025109827815,43.15620020092636,0.0,1.2223625879348483,0.5034623209666123,4.369308680847166,4.344746427689914,4.137732307487429,0.0,0.4409476007190516,-0.23393348051656648,12.643064926244366
2026-09-01 18:05:00,28.6820707300189,28.75282485619718,28.731110958454753,28.15258675403745,29.309635162872056,0.0,-0.1420764185592814,-0.5038855262099252,0.21973268909136243,1.0828977549812961,0.16379031630170715,1016.7804471748576,1016.7336957919928,1016.7345573634467,0.0,-0.05555824603451647,0.05469667458055483,44.78874554604035,44.17209464154908,43.27451771045646,0.0,1.2223625879348483,-0.3247856568422236,6.387121599630473,6.55622369591152,5.887637862813592,0.0,0.4409476007190516,0.22763823237887593,11.107279959970782
2026-09-01 18:10:00,28.43272199350654,28.236861947450013,28.44768196489497,27.86900837201495,29.026355557774988,0.0,-0.1420764185592814,-0.5041243468491077,0.21997150973054488,-0.4544974976756748,-0.06874359888567483,1016.3745798032272,1016.1752286576437,1016.3393409808405,0.0,-0.05555824603451648,-0.10855407716223908,44.82038090061891,45.967280916475666,44.55116467705651,0.0,1.2223625879348483,0.19375365148430745,6.113732080251857,6.03312871699437,5.70380185040573,0.0,0.4409476007190516,-0.11162073413041185,3.783891470240172
2026-09-01 18:15:00,28.507814215199485,28.540486286182645,28.61468809331634,28.03586515052928,29.1935110361034,0.0,-0.1420764185592814,-0.5043630100568901,0.22021017293832731,0.4487521972764519,0.06787461142558726,1016.6414391896573,1016.5300899877258,1016.4684654087393,0.0,-0.05555824603451648,0.1171828250209046,45.68611203459076,45.83927260735664,44.811172780271924,0.0,1.2223625879348483,-0.19426276085012972,5.765087727050025,5.869389789723525,5.421649319291045,0.0,0.4409476007190516,0.006792869713428296,2.218258450605402
2026-09-01 18:20:00,29.247326984140635,29.510141980445557,29.510162269039142,28.931190014870886,30.0891345232074,0.0,-0.1420764185592814,-0.5046015161442007,0.22044867902563783,0.9392024369610397,0.14205612996569528,1016.6150544158908,1016.6941016245953,1016.6867023955944,0.0,-0.05555824603451648,0.06295747503543225,41.774792224106626,42.30452722726463,41.899909871683164,0.0,1.2223625879348483,-0.8177452323533814,6.503265002790457,5.849328404373383,5.397260423155934,0.0,0.4409476007190516,0.011120380498397253,6.0304359759412165
2026-09-01 18:25:00,27.41923307996336,27.22948334090976,27.80872889079685,27.22960736374344,28.38785041785026,0.0,-0.1420764185592814,-0.5048398654209453,0.2206870283023825,-2.8903385838145326,-0.4371691313278099,1016.3489268116114,1016.3500608386705,1016.5021273629995,0.0,-0.05555824603451648,-0.09650827829455011,49.405133084540516,48.206224686821145,45.60263634768084,0.0,1.2223625879348483,1.3812257512054558,3.4998835508618726,3.4828324951997875,3.1450636623087687,0.0,0.4409476007190516,-0.10317876782803248,32.57778057629869
2026-09-01 18:30:00,28.28367095477039,28.495922206472812,28.322130588904972,27.742859827432696,28.90140135037725,0.0,-0.1420764185592814,-0.5050780581960126,0.2209252210774498,2.088357815747411,0.3158680361271209,1015.9996113486567,1016.1410521416412,1016.2474960830789,0.0,-0.05555824603451648,-0.05088569540316712,45.79515463668449,46.75052622309568,45.96823171553482,0.0,1.2223625879348483,-0.44006808037398315,1.8860890626138682,1.3822382247398473,0.9291846850606679,0.0,0.4409476007190516,0.012105938960127904,11.858995257680307
2026-09-01 18:35:00,27.20553662874646,27.11885871540923,27.450754600965162,26.87133464351058,28.030174558419745,0.0,-0.1420764185592814,-0.5053160947772783,0.2211632576587155,-1.254989179481047,-0.1898194669966493,1016.1800494683091,1016.2072375605609,1016.214771780269,0.0,-0.05555824603451648,0.048024026326402236,48.84450064283776,49.88538229325703,48.3037408871593,0.0,1.2223625879348483,0.35927881816288476,2.2442488506908482,1.8817577959930485,1.3225106948202443,0.0,0.4409476007190516,0.11829950045375259,6.728763168985907
2026-09-01 18:40:00,27.501811659326197,27.852450619739315,27.809533673743648,27.229964558713636,28.38910278877366,0.0,-0.1420764185592814,-0.5055539754716103,0.22140113835304745,1.2230814597975268,0.18499336455494841,1016.4211597569491,1016.3682916972035,1016.3577880710493,0.0,-0.05555824603451648,0.06606187218869763,46.785764295251234,45.18708832153553,45.18685530458916,0.0,1.2223625879348483,-1.2221295709884714,3.153324901062862,3.0971752367037038,2.6264844708791495,0.0,0.4409476007190516,0.029743165105502456,11.90807566611824
2026-09-01 18:45:00,27.964709016766946,27.891678494127305,28.025795148548656,27.44607691432045,28.605513382776863,0.0,-0.1420764185592814,-0.5057917005848726,0.2216388634663097,0.0526258872305263,0.007959764137929426,1016.1805925923483,1016.5028371219163,1016.5292150058383,0.0,-0.05555824603451648,0.029180362112469993,46.562514042570136,45.998260663437456,44.51032210270747,0.0,1.2223625879348483,0.26557597279514056,5.169281164301468,5.552160360663534,5.062371294274357,0.0,0.4409476007190516,0.04884146567012593,0.8044184540743868
2026-09-01 18:50:00,27.392046340242533,27.223947743141196,27.497307530428028,26.91744021534925,28.077174845506807,0.0,-0.1420764185592814,-0.5060292704219304,0.22187643330336757,-0.8679784523986918,-0.13128336872755142,1015.993529821752,1015.979444286445,1016.1771335016708,0.0,-0.05555824603451648,-0.1421309691913848,46.24258379684503,46.63919625525744,45.05205880006105,0.0,1.2223625879348483,0.36477486726154495,8.347374806468146,8.458736835509164,7.999759077784273,0.0,0.4409476007190516,0.018030157005838987,4.804789224220759
2026-09-01 18:55:00,26.771181983687356,26.908629673766413,27.058412618693886,26.478396261082594,27.63842897630518,0.0,-0.1420764185592814,-0.5062666852866547,0.2221138481680919,-0.05095160868635418,-0.007706526368192357,1016.0290630978615,1016.2035132433173,1016.196700556677,0.0,-0.05555824603451648,0.06237093267475302,49.68960578903985,50.2051165518704,48.245365249216775,0.0,1.2223625879348483,0.7373887147187759,6.722440106546339,6.727909405687474,6.49239551905392,0.0,0.4409476007190516,-0.2054337140854976,9.255802467049424
2026-09-01 19:00:00,26.750923355791564,26.663765409866837,26.778839383428558,26.198674021573275,27.35900474528384,0.0,-0.1420764185592814,-0.5065039454819267,0.22235110836336383,0.17852634836482295,0.027002444997560104,1016.1941361030723,1016.1339547220906,1016.1801612964704,0.0,-0.05555824603451648,0.009351671654712845,49.811399513912995,49.26860372952322,48.548929971978225,0.0,1.2223625879348483,-0.5026888303898502,7.57117346374067,7.565314346900539,7.010778586110892,0.0,0.4409476007190516,0.11358816007059502,3.2264039244678586
2026-09-01 19:05:00,27.142548152417934,26.974258249592133,27.01886936945756,26.438555041617317,27.5991836972978,0.0,-0.1420764185592814,-0.506741051309642,0.2225882141910792,0.6443906790541831,0.09746529869385512,1016.1151803865721,1016.2216203084796,1016.249403938927,0.0,-0.05555824603451648,0.027774615587077278,46.184034307779555,45.93963473733663,45.62933576497784,0.0,1.2223625879348483,-0.9120636155760522,3.959965329925334,3.745876661963994,3.5009524565987773,0.0,0.4409476007190516,-0.19602339535383528,10.848358355849353
2026-09-01 19:10:00,26.411206242057123,26.315638271916363,26.56397901856658,25.983515762970956,27.144442274162206,0.0,-0.1420764185592814,-0.5069780030707156,0.22282516595215277,-0.7025653587010758,-0.106264328090937,1015.9642714212309,1016.1034737701037,1016.1879992377777,0.0,-0.05555824603451648,-0.028967221639504714,49.64580172467416,49.167896875838046,47.121432036739705,0.0,1.2223625879348483,0.8241022511634952,4.303720481038009,4.140525457026204,3.5181694037128386,0.0,0.4409476007190516,0.18140845259431337,9.473681303349803
2026-09-01 19:15:00,26.62164059608325,26.61271928964665,26.673394289847124,26.092782144696276,27.254006434997972,0.0,-0.1420764185592814,-0.5072148010650862,0.22306196394652336,0.5381845226470467,0.08140141835880499,1015.913788571037,1015.9450623666233,1016.0360092081783,0.0,-0.05555824603451648,-0.0353885955204305,49.5366742774231,49.62500871498,48.26769020298969,0.0,1.2223625879348483,0.1349559240554612,4.194045812642504,4.322258626283744,3.883714072500124,0.0,0.4409476007190516,-0.0024030469354316963,0.9349348590819987
2026-09-01 19:20:00,26.38413177709749,26.65256780334646,26.780396312279965,26.19963531574467,27.36115730881526,0.0,-0.1420764185592814,-0.5074514455917202,0.22329860847315738,0.09419988736397755,0.0142479096257766,1015.8804525399519,1015.5272801015474,1015.6591094458997,0.0,-0.05555824603451648,-0.07627109831787493,50.172716818374624,51.13045964354416,49.78311529200931,0.0,1.2223625879348483,0.12498176359999746,2.7148993090570865,2.2992911535237384,1.9628386344558741,0.0,0.4409476007190516,-0.1044950816511876,2.3081035821128775
2026-09-01 19:25:00,25.935331948162624,25.548514399070708,25.869429660142448,25.28851985036414,26.450339469920756,0.0,-0.1420764185592814,-0.5076879369486169,0.22353509983005407,-1.1823909095056635,-0.17883884251245874,1015.7729012713497,1015.7756391404781,1015.7268251552429,0.0,-0.05555824603451647,0.1043722312697355,49.64449744763498,49.02766372192202,48.45839148024799,0.0,1.2223625879348483,-0.653090346260818,1.4664719715340786,1.644388186618985,1.1424529318339638,0.0,0.4409476007190516,0.06098765406596951,7.319947905221472
2026-09-01 19:30:00,26.88292380317027,26.887539934960355,26.743720509802685,26.162661924893495,27.324779094711875,0.0,-0.1420764185592814,-0.507924275432812,0.22377143831424925,1.8901970171990072,0.28589584371695054,1016.1271943430502,1016.3117633502142,1016.2131451636334,0.0,-0.05555824603451647,0.15417643261525882,48.78906514313369,49.589721541348425,48.26675624610607,0.0,1.2223625879348483,0.10060270730750887,5.47134357730289,5.354791457167234,4.7186153183701265,0.0,0.4409476007190516,0.19522853807805607,16.785978788196893
2026-09-01 19:35:00,26.107675039925965,26.232655758856772,26.519026205986258,25.93781888402905,27.100233527943466,0.0,-0.14207641855928138,-0.508160461340383,0.22400762422182025,-0.9539982773343816,-0.14429402857020435,1015.8116767076983,1015.8907988326525,1016.0773397871884,0.0,-0.05555824603451647,-0.13098270850139215,50.76971319240527,50.14437553452776,48.73572406388546,0.0,1.2223625879348483,0.18628888270745136,12.21552004403194,12.46318716649281,11.877860845401656,0.0,0.4409476007190516,0.14437872037210298,7.2672464151657765
2026-09-01 19:40:00,24.872281233414427,24.910970948412785,25.262877132337106,24.68152111138551,25.8442331532887,0.0,-0.14207641855928138,-0.5083964949664521,0.2242436578478894,-1.3872870324244282,-0.20982976536503983,1016.0191768148718,1016.0860526461562,1016.1289730184558,0.0,-0.05555824603451647,0.012637873734888672,53.765167747706236,53.08706597770873,51.307284148791034,0.0,1.2223625879348483,0.5574192409828527,2.431628243064871,2.719956280234496,3.027024115735564,0.0,0.44094760071905154,-0.7480154362201197,86.10897250062742
2026-09-01 19:45:00,25.584702996572318,25.846676030459026,25.721080462248164,25.139575780326624,26.302585144169704,0.0,-0.14207641855928138,-0.5086323766051921,0.2244795394866293,1.769710200759608,0.2676719867701429,1016.0427471111971,1015.7844085711034,1015.9132669753815,0.0,-0.05555824603451647,-0.07330015824356906,51.570122012662786,52.22499770733736,51.44330160029757,0.0,1.2223625879348483,-0.4406664808950609,1.2340601741887163,0.7321349704369943,-0.049051138042931264,0.0,0.44094760071905154,0.340238507760874,25.69363084271063
2026-09-01 19:50:00,25.07282460729057,25.057955541338867,25.307180385408156,24.725527080511956,25.888833690304356,0.0,-0.14207641855928138,-0.5088681065498293,0.22471526943126652,-0.7084105584168832,-0.10714842551000814,1015.9435355585397,1015.8354672979384,1015.8656717283199,0.0,-0.05555824603451647,0.025353815653033962,54.52385353971474,55.261402642120835,53.65448832543324,0.0,1.2223625879348483,0.3845517287527471,6.880989358081315,6.70651512911315,5.887159086761917,0.0,0.4409476007190515,0.3784084416321809,22.477746186195734
2026-09-01 19:55:00,25.505648247066443,25.468737958629255,25.518684290806387,24.936882400901695,26.10048618071108,0.0,-0.14207641855928138,-0.5091036850926487,0.224950847974086,0.609116985436966,0.09213008638214859,1015.7094991527005,1015.7712027973731,1015.8185718750816,0.0,-0.05555824603451647,0.008189168325998253,54.28859146484948,54.96971941425961,54.077455625146484,0.0,1.2223625879348483,-0.330098798821723,2.9935317551977882,2.7368734488156012,2.7498695008381553,0.0,0.4409476007190514,-0.4539436527416054,30.86798180822705
2026-09-01 20:00:00,24.674603096170458,24.793069005573127,25.041297294835342,24.459346857859245,25.62324773181144,0.0,-0.14207641855928138,-0.5093391125249978,0.22518627540643504,-0.7018218479994047,-0.1061518707029343,1015.8163880547808,1015.8779455462987,1015.8951415327188,0.0,-0.05555824603451647,0.03836225961447326,53.8100462488367,52.75740832226219,52.182600577150104,0.0,1.2223625879348483,-0.647554842822764,7.316992488852854,6.7731740993309115,5.993961129910613,0.0,0.4409476007190515,0.3382653687012471,19.83752195482493
2026-09-01 20:05:00,24.772537056873738,24.79239981986401,24.89467321679933,24.31257427065987,25.47677216293879,0.0,-0.14207641855928138,-0.5095743891372908,0.2254215520187281,0.26315721058051267,0.03980302162396043,1015.7348352846741,1015.917035301694,1015.9629523946302,0.0,-0.05555824603451647,0.009641153098300492,54.68724322928746,54.31448244682982,52.684681515776695,0.0,1.2223625879348483,0.40743834311827953,6.067928148545762,5.758168165682939,5.521696895021663,0.0,0.44094760071905154,-0.20447633005777632,6.99682157541154
2026-09-01 20:10:00,24.847213560083087,24.769131812426995,24.88043854935646,24.298191131932672,25.462685966780246,0.0,-0.14207641855928138,-0.509809515219013,0.22565667810045026,0.20343338916960718,0.03076968162981686,1015.5865096792862,1015.5647796660143,1015.7100298810982,0.0,-0.05555824603451647,-0.0896919690494542,54.22748603762327,54.88587691122593,53.48372723828305,0.0,1.2223625879348483,0.1797870850080301,9.38671937711495,10.119096130694553,9.455612353240419,0.0,0.44094760071905154,0.2225361767350833,8.229000010659302
2026-09-01 20:15:00,24.818357488880356,24.92158629679763,25.02908762052205,24.446691769664,25.611483471380097,0.0,-0.14207641855928138,-0.5100444910587246,0.22589165394016186,0.22859283393757934,0.03457509483486376,1015.7551959322593,1015.8160695452603,1015.8007224779908,0.0,-0.05555824603451647,0.07090531330402428,53.921800127403536,53.95503359985465,52.99592451440626,0.0,1.2223625879348483,-0.2632535024864566,3.9882249805373147,4.171077949401047,4.1747697434374444,0.0,0.44094760071905154,-0.4446393947554492,29.252627781226558
2026-09-01 20:20:00,23.818906258853197,23.688400600209867,24.028961104167006,23.44641685769583,24.611505350638183,0.0,-0.14207641855928138,-0.5102793169440654,0.2261264798255026,-1.3122752024053312,-0.19848408539785822,1015.5149505672492,1015.5174067035389,1015.6269446071328,0.0,-0.05555824603451647,-0.05397965755946643,57.70375466991987,56.84480039296189,55.072614572148325,0.0,1.2223625879348483,0.5498232328787225,5.727980419950553,6.30316681053228,5.513962988188904,0.0,0.44094760071905154,0.34825622162432346,23.351034703028596
2026-09-01 20:25:00,23.992409171593476,23.87017374118961,23.893883255752865,23.311190651460798,24.47657586004493,0.0,-0.14207641855928138,-0.5105139931617579,0.22636115604319523,0.7825813973353206,0.11836690399602645,1015.8559193584894,1015.7078779480141,1015.7071251892285,0.0,-0.05555824603451647,0.05631100482014517,57.326491299523724,57.69314565082408,56.485403740094554,0.0,1.2223625879348483,-0.014620677205321897,4.348887009154307,4.597616541159808,4.308482964025348,0.0,0.44094760071905154,-0.15181402358459195,5.1251720847085735
2026-09-01 20:30:00,23.763714452140402,23.65811564778728,23.7758170628668,23.19297613851722,24.35865798721638,0.0,-0.14207641855928138,-0.5107485199976132,0.22659568287905035,0.16115504958957771,0.024375003479761403,1015.5946397076947,1015.2562710080305,1015.4046250662162,0.0,-0.05555824603451647,-0.09279581215128019,55.84676990990254,55.27492410270936,54.804040230923874,0.0,1.2223625879348483,-0.7514787161493572,5.488560793245325,5.2660078449427825,4.7349387172877595,0.0,0.44094760071905154,0.0901215269359712,5.083401799920144
2026-09-01 20:35:00,23.520224300536768,23.790838132570048,23.887565111329526,23.30457590465699,24.470554318002062,0.0,-0.14207641855928138,-0.5109828977365325,0.22683006061796968,0.2998272892910592,0.04534943979980355,1015.6815812548388,1015.7462327086582,1015.667686785159,0.0,-0.05555824603451647,0.1341041695336571,59.174109263470115,60.60972914218389,58.32874772025126,0.0,1.2223625879348483,1.0586188339977838,4.250002016845879,4.1354706578436655,3.7674967128764862,0.0,0.44094760071905154,-0.07297365575187253,8.740566824287223
2026-09-01 20:40:00,24.31606382077944,23.6718605495823,23.835035062880195,23.251897611590476,24.418172514169914,0.0,-0.14207641855928138,-0.5112171266625134,0.22706428954395064,-0.13948980588537196,-0.021098094738615458,1015.6813907347888,1015.7074828160507,1015.7676496455738,0.0,-0.05555824603451647,-0.004608583488561635,56.29447357117188,57.530346741106484,57.161051524487966,0.0,1.2223625879348483,-0.8530673713163281,2.5146122144347465,2.6911430685068387,2.267218734512377,0.0,0.44094760071905154,-0.017023266724589536,3.830410081709904
2026-09-01 20:45:00,23.6007455909936,23.679865357946188,23.81920580222023,23.235920143990345,24.40249146045012,0.0,-0.14207641855928138,-0.5114512070586531,0.22729836994009034,0.018088861894081987,0.002735974285236864,1015.5878714515878,1015.4951451952728,1015.622925858757,0.0,-0.05555824603451648,-0.07222241744966595,57.40415169171357,57.887429632798025,56.71653168750609,0.0,1.2223625879348483,-0.051464642642912395,4.631339916806983,4.762591777848893,4.164292538721275,0.0,0.44094760071905154,0.15735163840856625,4.128584290453917
2026-09-01 20:50:00,22.763896384204084,22.77075074704413,23.047105707884892,22.463671880363147,23.630539535406637,0.0,-0.14207641855928138,-0.511685139207152,0.22753230208858916,-0.8877810072173453,-0.13427854228148206,1015.7027437072309,1015.4598677487535,1015.5248542673045,0.0,-0.05555824603451648,-0.00942827251651579,60.37936960780012,61.46817497161594,59.48350510067395,0.0,1.2223625879348483,0.7623072830071393,4.769533199483066,4.596330594770565,4.254096797164228,0.0,0.44094760071905154,-0.09871380311271416,6.293865674451372
2026-09-01 20:55:00,23.465599359007136,23.12942526715951,23.14133014017091,22.557748180976944,23.72491209936488,0.0,-0.14207641855928138,-0.511918923389318,0.22776608627075523,0.8606276464878988,0.13017154554788135,1015.5316621581372,1015.6261230852986,1015.6268241817812,0.0,-0.05555824603451647,0.05485714955182175,57.98779904584402,58.039632125942724,57.71177043242273,0.0,1.2223625879348483,-0.894500894414854,7.094604365442188,6.641606414268426,6.109775735571533,0.0,0.44094760071905154,0.0908830779778409,7.418100103734651
2026-09-01 21:00:00,23.778310117984887,23.84025547381209,23.849458614017713,23.26572856074251,24.433188667292917,0.0,-0.14207641855928138,-0.5121525598855706,0.22799972276700786,0.8784901212421694,0.1328732783536566,1015.7217784588122,1015.6818904476829,1015.7220037279513,0.0,-0.05555824603451647,0.0154449657660507,55.54100952881173,56.15335952431174,55.31838254915383,0.0,1.2223625879348483,-0.3873856127769386,6.342891098231584,7.329219454448205,6.944249942493505,0.0,0.44094760071905154,-0.055978088764351064,3.112509548796478
2026-09-01 21:05:00,23.17429571076714,23.269446109133447,23.564531652973606,22.980653543179557,24.148409762767656,0.0,-0.14207641855928135,-0.5123860489754449,0.2282332118568822,-1.0116180370096117,-0.15300912528087807,1015.3773034278095,1015.4608346361647,1015.5800632464051,0.0,-0.05555824603451647,-0.06367036420590466,60.49777450909674,61.6799507453384,59.07448153336449,0.0,1.2223625879348483,1.3831066240390655,5.742232176441479,5.699887274738637,5.363894938437246,0.0,0.44094760071905154,-0.10495526441766145,14.330559443661746
2026-09-01 21:10:00,21.986372495027133,22.104300341298615,22.426071355972205,21.842045227193132,23.010097484751277,0.0,-0.14207641855928135,-0.5126193909375949,0.22846655381903222,-1.188048714406385,-0.1796945961143095,1015.5861064627412,1015.865713742303,1015.8285666351248,0.0,-0.05555824603451647,0.09270535321263651,63.07364262564458,63.27004157108003,61.90465779930235,0.0,1.2223625879348483,0.14302118384283347,1.9080070110690885,1.8102853431143027,1.4649286140520141,0.0,0.44094760071905154,-0.09559087165676305,5.782532552821648
2026-09-01 21:15:00,22.23426613116645,21.70390051855746,21.78902400177727,21.20484989151846,22.373198112036082,0.0,-0.14207641855928135,-0.512852586049798,0.22869974893123532,0.37654366394349026,0.056952935339470656,1015.8456731158425,1015.5244584837945,1015.6686937656393,0.0,-0.05555824603451647,-0.08867703581029218,62.79040980328192,62.586260066070494,61.98933538085862,0.0,1.2223625879348483,-0.6254379027229717,6.210786301041113,6.244786640212703,5.433750363801996,0.0,0.4409476007190515,0.3700886756916546,22.77281444637326
2026-09-01 21:20:00,22.769670859071752,23.04294874144264,22.868806527236092,22.28448447297434,23.453128581497843,0.0,-0.14207641855928135,-0.5130856345889585,0.22893279747039583,2.090675781311763,0.3162186327658283,1015.3921062465126,1015.2871661252072,1015.4018112572356,0.0,-0.055558246034516465,-0.059086885993906435,60.818288039949415,59.45459047340772,59.11340285058971,0.0,1.2223625879348483,-0.8811749651168341,4.581066448706461,4.508247871913152,4.336811959432443,0.0,0.4409476007190515,-0.2695116882383424,25.32122292111717
2026-09-01 21:25:00,21.81597099056846,21.668423649631492,22.085495075199905,21.50102511438355,22.66996503601626,0.0,-0.14207641855928135,-0.5133185368311117,0.229165699712549,-1.8181262631712194,-0.2749950070091316,1015.4273577321828,1015.395951390186,1015.3950400644112,0.0,-0.055558246034516465,0.05646957180931622,63.466931484752095,63.4004246641749,61.210210068196346,0.0,1.2223625879348483,0.9678520080437067,8.241297427487924,8.278116099799568,7.609714997387079,0.0,0.4409476007190515,0.2274535016934376,20.550581201319872
2026-09-01 21:30:00,22.113962426702972,22.25127597605361,22.270397057144194,21.685779227193148,22.85501488709524,0.0,-0.14207641855928135,-0.5135512930514275,0.22939845593286481,0.8129177714179221,0.1229553374686958,1015.5924147123069,1015.8106386384289,1015.745089177122,0.0,-0.055558246034516465,0.12110770734136622,62.866898133842156,63.525636681492,62.29190932680153,0.0,1.2223625879348483,0.011364766755626476,8.73810779194681,9.124191977781736,8.801593288952615,0.0,0.4409476007190515,-0.11834891188992991,5.233078513259879
2026-09-01 21:35:00,22.08502476724741,22.23323952338387,22.368596115329765,21.783830453635552,22.95336177702398,0.0,-0.14207641855928135,-0.5137839035242141,0.22963106640565142,0.0444280548313607,0.006719826613384328,1015.5279254979008,1015.2824650450199,1015.4780449882045,0.0,-0.055558246034516465,-0.14002169715013224,62.69266855108516,63.44917529313927,62.44755110255067,0.0,1.2223625879348483,-0.22073839734624556,1.3100633970047095,1.2726988530987824,1.2216029311658332,0.0,0.4409476007190515,-0.38985167878610216,24.12636865648368
2026-09-01 21:40:00,21.24455248109994,21.069213063976083,21.40015865227987,20.815245196205666,21.985072108354075,0.0,-0.14207641855928135,-0.5140163685229223,0.22986353140435964,-1.248706300345404,-0.18886916974450685,1015.5384993211608,1015.8288784750129,1015.7678414859124,0.0,-0.055558246034516465,0.11659523513492331,67.00868232630322,67.41217437887795,65.5389994161223,0.0,1.2223625879348483,0.6508123748208021,7.209761634945606,6.860948503147277,5.822550933940958,0.0,0.4409476007190515,0.5974499684872674,58.39657551172613
2026-09-01 21:45:00,21.433160780876722,21.565252771347033,21.54329614018279,20.95823492706345,22.12835735330213,0.0,-0.14207641855928135,-0.5142486883201487,0.23009585120158596,1.0845025841524105,0.16403304972352473,1015.5433638818246,1015.5637422670595,1015.688925897727,0.0,-0.055558246034516465,-0.06962538463301371,61.84897637934043,61.41593710337064,61.696396327120674,0.0,1.2223625879348483,-1.502821811684882,1.0781447133972581,1.0296515750536748,1.077307532350087,0.0,0.44094760071905154,-0.48860355801546373,49.05639834738598
2026-09-01 21:50:00,20.003677905505697,19.926579257323226,20.288243559996356,19.703034627138464,20.87345249285425,0.0,-0.14207641855928135,-0.5144808631876393,0.23032802606907662,-1.451802720070237,-0.21958788411384944,1015.5483485082559,1015.5339484089958,1015.6112448991955,0.0,-0.055558246034516465,-0.021738244165248943,70.72078434798075,69.13932709282268,66.27961977637615,0.0,1.2223625879348483,1.6373447285116782,3.720345969245607,3.581025434822634,2.7945876548299395,0.0,0.44094760071905154,0.3454901792736429,35.961511829198336
2026-09-01 21:55:00,20.73528550584817,20.32101006998054,20.280418439668015,19.695061824349906,20.865775054986123,0.0,-0.14207641855928135,-0.5147128933962943,0.2305600562777316,1.207707662434217,0.18266804887180754,1015.60173391439,1015.5720249499072,1015.6118441751393,0.0,-0.055558246034516465,0.015739020802470804,67.24140933417512,66.84523725577132,66.29290014499813,0.0,1.2223625879348483,-0.6700254771616585,4.862265280840988,5.289434962015043,4.86717659214872,0.0,0.44094760071905154,-0.01868923085272911,5.914169573932162
2026-09-01 22:00:00,20.890584130986277,21.124132516091834,21.087966693210717,20.50246243268252,21.673470953738914,0.0,-0.14207641855928135,-0.5149447792161703,0.2307919420976076,1.178446488515803,0.17824224144039746,1015.4777871051799,1015.4123476503529,1015.496453767079,0.0,-0.055558246034516465,-0.028547870691568278,67.36955407422471,67.12607817738154,66.12512401446973,0.0,1.2223625879348483,-0.2214084250230428,2.2019727039265917,2.553308423347863,2.3220037413674124,0.0,0.44094760071905154,-0.20964291873860086,9.974617534434906
2026-09-01 22:05:00,20.340856494801358,20.18584750219811,20.537746324723567,19.952094456207234,21.1233981932399,0.0,-0.14207641855928135,-0.515176520916485,0.2310236837979223,-1.387238362622199,-0.20982240396617513,1015.3599722986088,1015.5171898124992,1015.5367773165104,0.0,-0.055558246034516465,0.03597074202320982,70.34297791203421,70.0926347382822,68.35070322809847,0.0,1.2223625879348483,0.5195689222488795,6.4414774753384885,6.473734975467728,5.738474301320983,0.0,0.44094760071905154,0.2943130734276931,18.548135414531323
2026-09-01 22:10:00,21.343151749073296,21.172253056525687,21.14575974731569,20.55996030800504,21.731559186626342,0.0,-0.14207641855928135,-0.5154081187656204,0.2312552816470577,1.1144967778370258,0.16856972776927748,1015.4756216424611,1015.3153435293488,1015.408301128065,0.0,-0.055558246034516465,-0.03739935268174577,64.51410353007338,65.00894861565573,64.99689679165408,0.0,1.2223625879348483,-1.210310763933208,0.5037771927495267,0.12015643630374978,0.12274946336781412,0.0,0.4409476007190515,-0.4435406277831158,38.75982377276721
2026-09-01 22:15:00,19.97027782148233,19.889664647874987,20.266403280869085,19.680456307929834,20.852350253808336,0.0,-0.14207641855928135,-0.5156395730311267,0.23148673591256405,-1.5514664781666099,-0.23466221443481672,1015.6369395846469,1015.6887517118935,1015.6493244433185,0.0,-0.055558246034516465,0.09498551460944782,70.01505718438064,71.6035983131925,68.93927183168836,0.0,1.2223625879348483,1.4419638935692944,2.363356512632155,1.9955888336001713,1.203016743238547,0.0,0.4409476007190515,0.35162448964257287,35.157222483791365
2026-09-01 22:20:00,20.220463040609044,20.27491038567452,20.297119794282036,19.711025324851832,20.88321426371224,0.0,-0.14207641855928135,-0.5158708839797258,0.23171804686116307,0.7924993302655707,0.11986700995176491,1015.30785256789,1015.2502253180339,1015.4135294668985,0.0,-0.055558246034516465,-0.10774590283006091,68.96578778684857,69.06461114832145,68.51496833784631,0.0,1.2223625879348483,-0.6727197774597187,5.128287960406652,5.132824938882019,4.6204029466230905,0.0,0.4409476007190515,0.07147439153987634,5.8682378325689495
2026-09-01 22:25:00,20.304991476188818,20.293537394024398,20.400967488850224,19.814725560038685,20.987209417661763,0.0,-0.14207641855928135,-0.5161020518773146,0.23194921475875188,0.229063762965108,0.034646323733454665,1015.1558514077859,1015.0415313905088,1015.141702270386,0.0,-0.055558246034516465,-0.04461263384268932,67.15833152277894,66.98494609145376,66.3592905134582,0.0,1.2223625879348483,-0.5967070099392942,6.156855110367297,6.257752001163681,5.9210054393752305,0.0,0.4409476007190515,-0.10420103893060162,3.7277725419008596
2026-09-01 22:30:00,20.68755451323641,20.797167898177843,20.868233727756905,20.281844376645655,21.454623078868156,0.0,-0.14207641855928135,-0.516333076988969,0.23218023987040629,0.46948567609412706,0.07101058898021861,1015.4407959217716,1015.8286921981241,1015.6676909974974,0.0,-0.055558246034516465,0.21655944666122195,67.98589807874315,67.77852062833988,66.22578625626402,0.0,1.2223625879348483,0.33037178414100765,8.66947943322485,8.557092587427034,8.06687839367709,0.0,0.4409476007190515,0.04926659303089309,6.667380341248179
2026-09-01 22:35:00,19.397252359741373,19.12935448643564,19.572757567384574,18.986220831027275,20.159294303741873,0.0,-0.14207641855928135,-0.5165639595789472,0.23241112246038445,-1.9922176938512948,-0.301326662389652,1015.2277294537021,1015.290587063915,1015.4829532552401,0.0,-0.055558246034516465,-0.1368079452905704,72.25588592070206,72.35539373422823,70.08155251766799,0.0,1.2223625879348483,1.0514786286253894,6.081082423893815,5.937031548631644,5.707452570940713,0.0,0.4409476007190515,-0.21136862302812087,23.747093461148136
2026-09-01 22:40:00,20.29968224317019,20.15120496908404,20.034473463689068,19.447789379111455,20.62115754826668,0.0,-0.14207641855928135,-0.5167946999106933,0.23264186279213053,1.7111055534271138,0.25880792395425445,1014.8892218128125,1014.9812116445116,1015.1290930336747,0.0,-0.055558246034516465,-0.092323143128624,65.11912232082081,64.4564873125421,65.09240512768369,0.0,1.2223625879348483,-1.8582804030764493,5.805220533868452,5.627380763914858,5.085452027721393,0.0,0.4409476007190515,0.10098113547441301,27.235744522225804
2026-09-01 22:45:00,19.703661287728718,19.68046187326441,19.884820608982064,19.29798921318198,20.471652004782147,0.0,-0.14207641855928135,-0.5170252982468407,0.23287246112827806,-0.4117788093259378,-0.06228231715837396,1015.3097901495261,1015.4804566666263,1015.3880850364166,0.0,-0.055558246034516465,0.14792987624423404,69.50571723263269,69.60187607962953,67.16581181927963,0.0,1.2223625879348483,1.2137016724150556,3.8946773391160154,3.8876591510428318,3.5010193147904674,0.0,0.4409476007190515,-0.05430776446668695,10.839831425783297
2026-09-01 22:50:00,19.1745108618947,19.55408832042644,19.711595873811042,19.124617203758483,20.2985745438636,0.0,-0.14207641855928135,-0.517255754849216,0.23310291773065336,-0.10202276689161138,-0.015431134825320214,1015.0680909193011,1014.8548884275033,1015.0392708014965,0.0,-0.055558246034516465,-0.12882412795875098,71.91443666358045,72.27508653264589,70.4406220722123,0.0,1.2223625879348483,0.6121018724987266,0.19717719448594928,0.0,-0.34293763309585046,0.0,0.4409476007190515,-0.09800996762320102,5.17074497069339
2026-09-01 22:55:00,19.621958857681832,19.59919634999908,19.71294513945577,19.1258192320929,20.300071046818637,0.0,-0.14207641855928135,-0.5174860699788418,0.23333323286027915,0.18728778753094133,0.028327629102591345,1015.0986250098279,1015.3614687961962,1015.2857564578652,0.0,-0.055558246034516465,0.13127058436543848,69.1219770996154,69.289725950475,69.03575334031402,0.0,1.2223625879348483,-0.9683899777738674,1.9678502236320294,1.6374522350011165,0.951214593037558,0.0,0.4409476007190515,0.24529004124450715,15.409462503362887
2026-09-01 23:00:00,19.389262107412392,19.60630656014472,19.738891680430118,19.151618572671325,20.326164788188912,0.0,-0.14207641855928135,-0.5177162438959407,0.233563406777378,0.06275160720559825,0.00949129827388262,1015.1238650848884,1014.7475215081141,1014.9343295233693,0.0,-0.055558246034516465,-0.13124976922074438,70.35152408350841,70.71755763071224,69.33920909762404,0.0,1.2223625879348483,0.15598594515334696,4.80978180394191,4.621666550307705,4.119683368817005,0.0,0.4409476007190515,0.06103558077164806,2.586007036473438
2026-09-01 23:05:00,18.944649335269585,18.952360369026447,19.194383687554414,18.606963416286327,19.7818039588225,0.0,-0.14207641855928135,-0.5179462768599383,0.23379343974137565,-0.6607977567737393,-0.09994689996868544,1015.0625044389775,1014.9471894774717,1014.9408778266097,0.0,-0.055558246034516465,0.06186989689649636,74.9374824280288,75.28448051550762,73.16878439122064,0.0,1.2223625879348483,0.8933335363521309,5.831893107292049,6.194144065777625,5.826337649766573,0.0,0.4409476007190515,-0.07314118470799968,6.347620544526659
2026-09-01 23:10:00,19.09039007608518,18.993658348597666,19.077543817321178,18.489976419402716,19.66511121523964,0.0,-0.14207641855928135,-0.5181761691294672,0.23402333201090444,0.3847287822639629,0.05819094983576889,1015.0981611366709,1015.0293063856941,1015.0388050423893,0.0,-0.055558246034516465,0.04605958933927923,75.48632030256537,74.06880295676822,73.46362179652142,0.0,1.2223625879348483,-0.6171814276880525,4.042920202379101,3.798776109800422,3.533632294922344,0.0,0.4409476007190515,-0.17580378584097378,6.962074240085652
2026-09-01 23:15:00,18.788769156978187,18.7394242721553,18.88457463017092,18.296860142433317,19.472289117908524,0.0,-0.14207641855928135,-0.5184059209623696,0.23425308384380686,-0.020323314658515557,-0.0030739394563390476,1014.8821445753572,1014.9694030801028,1015.0386954097131,0.0,-0.055558246034516465,-0.013734083575855038,75.76064826986774,76.27014439658407,74.92868466985071,0.0,1.2223625879348483,0.1190971387985087,6.299484358908491,6.353624801457853,5.691030731742654,0.0,0.4409476007190515,0.22164646899614748,7.10469325731243
2026-09-01 23:20:00,18.871474652185302,18.837790709779526,18.93673745190479,18.348875911151637,19.524598992657943,0.0,-0.14207641855928135,-0.5186355326157014,0.2344826954971387,0.28515134983582513,0.04312967643401677,1014.9780296630536,1015.0108374029747,1015.0635382043107,0.0,-0.055558246034516465,0.0028574446985203394,73.18254580467926,72.6457339281493,72.36516789637311,0.0,1.2223625879348483,-0.9417965561586641,4.72442157440759,4.792384399686889,4.526062458899047,0.0,0.4409476007190515,-0.17462565993120993,9.106775733331924
2026-09-01 23:25:00,18.976895076018067,19.097624223810215,19.195165932984356,18.607157375991626,19.783174489977085,0.0,-0.14207641855928135,-0.5188650043457353,0.23471216722717267,0.2944407087112353,0.04453470938513959,1014.813565973171,1014.7885437620662,1014.898194460464,0.0,-0.055558246034516465,-0.05409245236330662,74.69328600368571,73.81661467328254,72.25194242039497,0.0,1.2223625879348483,0.3423096649527224,1.5268948845387103,1.916269836236939,1.54102445846053,0.0,0.4409476007190515,-0.0657022229426425,1.7539927502572095
2026-09-01 23:30:00,19.23527942382813,19.51020167734344,19.615411103076017,19.02725556659211,20.203566639559924,0.0,-0.14207641855928135,-0.519094336407964,0.23494149928940125,0.2437456906268487,0.03686699282670247,1014.9125615575413,1014.9107619558471,1014.9272644732051,0.0,-0.055558246034516465,0.03905572867643059,72.465910984242,71.58234952195801,70.63302329567024,0.0,1.2223625879348483,-0.2730363616470868,2.5396266124636853,2.9183998345529303,2.2993247692210597,0.0,0.4409476007190515,0.17812746461281925,5.224224213669696
2026-09-01 23:35:00,17.997482604459563,18.069418773996826,18.481760751928928,17.8934582726747,19.070063231183155,0.0,-0.14207641855928135,-0.5193235290571036,0.23517069193854082,-1.7868575755998037,-0.27026555937282026,1014.8410690051402,1014.6943655516118,1014.7866112171689,0.0,-0.055558246034516465,-0.03668741952265009,77.61598099928196,77.96281428765998,75.29522055074362,0.0,1.2223625879348483,1.445231148981506,7.44548543496725,7.428234544328776,6.832396480472708,0.0,0.4409476007190515,0.15489046313701582,22.033338262138958
2026-09-01 23:40:00,19.240514459096204,19.477929994844555,19.317740058818014,18.72929067348681,19.90618944414922,0.0,-0.14207641855928138,-0.5195525825470968,0.23539974542853398,1.9984304577837726,0.3022663545858215,1014.5532321187226,1014.3286472595499,1014.4519518813431,0.0,-0.05555824603451646,-0.06774637575870202,69.9153414364452,69.73728149466532,70.43297846403276,0.0,1.2223625879348483,-1.9180595573022856,6.248413809583399,6.105768387226566,5.9295115021809615,0.0,0.4409476007190515,-0.2646907156734475,39.07851450793363
2026-09-01 23:45:00,17.504163019463586,17.31120507193765,17.815468116541957,17.22687186179965,18.404064371284264,0.0,-0.14207641855928138,-0.5197814971311164,0.23562866001255367,-2.3945926296762607,-0.3621866260450268,1014.7989719305926,1014.907948673943,1014.7903633653398,0.0,-0.055558246034516444,0.17314355463770426,77.42339711816828,76.07782209097995,73.45827730128778,0.0,1.2223625879348483,1.3971822017573174,8.252805813101569,8.053655882253862,7.473817119602893,0.0,0.4409476007190515,0.13889116193191686,30.001761030707847
2026-09-01 23:50:00,18.125032902240598,18.042106800477793,17.95662294834706,17.36787986083208,18.545366035862042,0.0,-0.14207641855928138,-0.5200102730615687,0.2358574359430059,1.5045120604030835,0.22756027069001306,1014.4959362188731,1014.5999921357535,1014.7190816070361,0.0,-0.055558246034516444,-0.06353122524808441,76.30168508119138,76.6841153333452,75.36221958871215,0.0,1.2223625879348483,0.09953315669820029,1.9450208880814737,1.8727019213417393,1.777495697727291,0.0,0.4409476007190514,-0.3457413771046032,23.034949923250956
2026-09-01 23:55:00,18.32491993857006,18.180059431728527,18.253374827201142,17.664484943524513,18.84226471087777,0.0,-0.14207641855928138,-0.5202389105900962,0.2360860734715335,0.454612697576124,0.06876102308666532,1014.6355160580925,1014.8731902143661,1014.8813658157219,0.0,-0.055558246034516444,0.04738264467869158,76.46670367519047,75.31501717055141,74.68896012933885,0.0,1.2223625879348483,-0.5963055467222915,11.831617323784977,11.701407317487897,10.56211355066334,0.0,0.4409476007190514,0.6983461661055053,72.16402450574677
2026-09-02 00:00:00,18.108977253363975,18.171866171538944,18.33914250614041,17.750105862885786,18.92817914939503,0.0,-0.14207641855928138,-0.5204674099675813,0.23631457284901858,-0.16660894931987968,-0.02519991604218319,1014.5050930970102,1014.386590532488,1014.5654118310846,0.0,-0.055558246034516444,-0.12326305256215164,77.1154338501673,77.22729093698187,75.7451721165963,0.0,1.2223625879348483,0.25975623245072654,2.6660629243123473,2.832151147119817,3.2014756979325796,0.0,0.4409476007190515,-0.8102721515318141,95.7867842526429
2026-09-02 00:05:00,17.65767195819507,17.585880281159188,17.837228885295314,17.248045519019016,18.426412251571612,0.0,-0.14207641855928138,-0.5206957714441492,0.23654293432558648,-0.7224517731872417,-0.10927218557684526,1014.6591358949654,1014.7630581765105,1014.7212870340343,0.0,-0.055558246034516444,0.09732938851072959,77.96515499821152,78.15595413874996,76.85239115164813,0.0,1.2223625879348483,0.08120039916697408,0.5987125481125462,0.7248054933581074,0.01083124575669725,0.0,0.4409476007190515,0.27302664688235867,12.989106749825373
2026-09-02 00:10:00,17.73689884538864,17.88285343279548,17.93734766497277,17.348017612203805,18.526677717741734,0.0,-0.14207641855928138,-0.5209239952691715,0.23677115815060878,0.5790485979324238,0.08758218638199011,1014.2810166424241,1014.2384606331694,1014.4008690984558,0.0,-0.055558246034516444,-0.1068502192518963,77.11674772211954,77.82520938747558,76.84953074305447,0.0,1.2223625879348483,-0.24668394351374445,13.428456625669927,13.605996983013432,12.4755279641447,0.0,0.4409476007190515,0.6895214181496812,70.23539867401358
2026-09-02 00:15:00,17.539607396235134,17.353407053908647,17.564055596865344,16.974578894105456,18.153532299625233,0.0,-0.14207641855928138,-0.5211520816912689,0.2369992445727062,-0.4533637961079364,-0.06857212439741645,1014.190995534713,1014.369566782492,1014.374111121697,0.0,-0.055558246034516444,0.05101390682955298,79.32370815915525,80.74905598832872,79.05784462137767,0.0,1.2223625879348483,0.4688487790161986,3.1594936002728247,3.537278713703675,4.1198710273827395,0.0,0.4409476007190515,-1.0235399143981163,151.40027997316972
2026-09-02 00:20:00,17.42102365961635,17.429629854280606,17.524582433243836,16.934959116967526,18.114205749520146,0.0,-0.14207641855928138,-0.5213800309583148,0.237227193839752,0.31155871273038827,0.04712383959605049,1014.1670777423168,1014.3203721588185,1014.3569625044854,0.0,-0.055558246034516444,0.018967900367556467,78.56665072955293,77.4749096688325,77.12806500509726,0.0,1.2223625879348483,-0.8755179241996132,5.775468538270082,6.334329274690135,5.3506501219165745,0.0,0.4409476007190514,0.5427315520545086,46.243423487542614
2026-09-02 00:25:00,17.91991006288242,18.05728164508487,18.084114633165484,17.49434473982006,18.673884526510907,0.0,-0.14207641855928138,-0.5216078433174378,0.23745500619887505,0.7619305888133887,0.11524343047866736,1014.0488695671247,1014.0805509770083,1014.1771344414511,0.0,-0.055558246034516444,-0.04102521840832196,78.2084210075387,78.16644192268826,76.7913230453146,0.0,1.2223625879348483,0.1527562894388126,2.425076820279732,2.462475838301999,2.273783966921827,0.0,0.4409476007190514,-0.2522557293388794,10.791971677953653
2026-09-02 00:30:00,17.649547413162928,17.236486858154805,17.552272368360644,16.96235593436624,18.142188802355047,0.0,-0.14207641855928138,-0.5218355190150258,0.23768268189646302,-1.1484756218273269,-0.17370909164655757,1014.1364732829769,1014.085543759477,1014.118944993359,0.0,-0.055558246034516444,0.022157012152433708,77.01315110818071,76.79208287214533,75.7092911021136,0.0,1.2223625879348483,-0.13957081790312031,5.124290820430808,5.454129951849504,4.73400505633696,0.0,0.4409476007190514,0.2791772947934925,14.46780916638534
2026-09-02 00:35:00,17.159654517695234,17.583980779161276,17.64591468936344,17.05585175111306,18.23597762761382,0.0,-0.14207641855928138,-0.5220630582967283,0.23791022117816546,0.5298612539378098,0.08014250835711678,1013.6939761157219,1013.8381159425131,1013.9256991607907,0.0,-0.055558246034516444,-0.032024972243107186,79.52687201422074,79.87387176298951,77.89820022329486,0.0,1.2223625879348483,0.7533089517597915,8.420159783773627,8.314661728623364,7.870967663899242,0.0,0.4409476007190514,0.0027464640050709477,3.710929892974557
2026-09-02 00:40:00,17.730171724736067,17.673541347760093,17.79184820636788,17.20163880022742,18.38205761250834,0.0,-0.14207641855928138,-0.5222904614074595,0.23813762428889668,0.15715216680424504,0.02376955995149288,1013.6961461336871,1013.7931818121756,1013.8305382550326,0.0,-0.055558246034516444,0.018201803177475995,76.26052962057229,76.43306463731918,75.9987715083343,0.0,1.2223625879348483,-0.7880694589499768,3.416774854256607,3.772276949331512,3.6678480556094133,0.0,0.44094760071905137,-0.3365187069969524,19.4466528338009
2026-09-02 00:45:00,17.4302307382251,17.025222755489864,17.28019834633584,16.689842508644137,17.870554184027544,0.0,-0.14207641855928138,-0.5225177285914022,0.2383648914728394,-0.7464315532751407,-0.11289917228669566,1013.6096729088476,1013.5070068485347,1013.5968492138469,0.0,-0.055558246034516444,-0.03428411927768593,77.07312147028658,76.79108447609728,75.45108038083914,0.0,1.2223625879348483,0.1176415073232846,5.7931282130333575,6.111580960186111,5.366234573398969,0.0,0.44094760071905137,0.30439878606809057,14.771595265373367
2026-09-02 00:50:00,17.57292842553073,17.60454720524609,17.615966322102416,17.02546408917127,18.206468555033563,0.0,-0.14207641855928138,-0.5227448600920097,0.238592022973447,0.8638392176092822,0.13065730170295353,1013.825941463584,1013.6267716625621,1013.6191741841673,0.0,-0.05555824603451645,0.06315572442929351,79.9376131967009,79.5848914458122,77.66426019652913,0.0,1.2223625879348483,0.698268661348223,2.5092071335521706,2.811731924535068,2.605842693056152,0.0,0.44094760071905137,-0.23505836924013535,12.639737807151413
2026-09-02 00:55:00,17.443627300284266,17.450315993878895,17.62674739685688,17.036098804971086,18.217395988742677,0.0,-0.14207641855928138,-0.52297185615201,0.23881901903344727,-0.2271375765030328,-0.034354984418705214,1013.8514885185044,1013.8082085834021,1013.7983621279043,0.0,-0.05555824603451645,0.06540470153231581,79.71818487726907,78.82502419312183,77.89621073750023,0.0,1.2223625879348483,-0.2935491323132453,5.445510527128585,5.473731479486042,4.782819472760483,0.0,0.44094760071905137,0.24996440600650782,9.959790284767235
2026-09-02 01:00:00,16.807713802677046,16.79133492676255,17.045168161647332,16.454373247064723,17.63596307622994,0.0,-0.14207641855928138,-0.5231987170134078,0.23904587989484505,-0.7388788802374613,-0.11175681632550294,1013.488725550999,1013.7160376233012,1013.8016948476417,0.0,-0.05555824603451645,-0.03009897830600039,83.45723500024569,84.2475242661709,82.13489955767473,0.0,1.2223625879348483,0.8902621205613173,3.5223693601318677,3.3218619109346013,3.083768480648274,0.0,0.44094760071905137,-0.20285417043272425,11.366504866034962
2026-09-02 01:05:00,16.866341877659803,17.064580100245138,17.111369719764365,16.520428518715843,17.702310920812888,0.0,-0.14207641855928138,-0.5234254429174883,0.2392726057989255,0.6299875541467159,0.09528679904005344,1013.3866112092991,1013.558584283109,1013.6643703591516,0.0,-0.05555824603451645,-0.050227830008111596,83.38287108079676,83.75023442607639,83.08612240974715,0.0,1.2223625879348483,-0.5582505716056119,2.6789739833031554,2.2606154519435124,1.780985310771809,0.0,0.44094760071905137,0.03868254045265207,3.056613680068306
2026-09-02 01:10:00,17.344021504673805,17.493510498959218,17.551728241559967,16.960640790249528,18.142815692870407,0.0,-0.14207641855928138,-0.5236520341048194,0.23949919698625666,0.5544306524441929,0.08385867595853114,1013.3280825835664,1013.1612334631158,1013.2987509214194,0.0,-0.05555824603451645,-0.08195921226911196,77.0058942910766,77.7401088493127,78.10027208391703,0.0,1.2223625879348483,-1.582525822539182,3.3711277004285383,3.3591165381722083,2.8150361389920517,0.0,0.44094760071905137,0.10313279846110524,15.879684518231645
2026-09-02 01:15:00,17.247548302966084,17.307123541170853,17.518478646514893,16.927244981119667,18.10971231191012,0.0,-0.14207641855928138,-0.5238784908152557,0.23972565369669296,-0.458035225043929,-0.06927868678475946,1013.3956528641367,1013.2204892517517,1013.2193007542744,0.0,-0.05555824603451645,0.05674674351178055,79.38480268531742,79.13648577613701,77.3180662910792,0.0,1.2223625879348483,0.5960568971229492,2.4413966934535023,2.901300456128257,2.5311630494363797,0.0,0.44094760071905137,-0.07081019402717414,3.407766528961666
2026-09-02 01:20:00,16.95695937681807,17.0469905036074,17.244464598743107,16.6530847554134,17.835844442072815,0.0,-0.14207641855928138,-0.5241048132879407,0.2399519761693779,-0.3662610888746869,-0.055397676576426136,1012.9842814486424,1013.1754840260943,1013.1966177243603,0.0,-0.05555824603451645,0.03442454776848081,79.82957249585552,79.30410412089996,77.65362193878278,0.0,1.2223625879348483,0.42811959418233414,8.380838069793501,8.28788459938428,7.594806991373395,0.0,0.44094760071905137,0.2521300072918322,10.46909593209628
2026-09-02 01:25:00,16.977810013868975,16.95693832398136,17.088047378909828,16.49652139376913,17.679573364050526,0.0,-0.14207641855928138,-0.5243310017613096,0.24017816464274683,0.0725105959988106,0.010967363630811633,1013.0594343274594,1012.8890889417457,1012.9876062660899,0.0,-0.055558246034516444,-0.04295907830965007,83.405330537382,82.54267848407862,80.58065117522143,0.0,1.2223625879348483,0.7396647209223346,3.9129245775964008,4.148462553234417,4.123985960273192,0.0,0.44094760071905137,-0.416471007757826,27.778547354214073
2026-09-02 01:30:00,17.41115705824999,17.766255228098,17.758925239729706,17.167253148874753,18.35059733058466,0.0,-0.14207641855928138,-0.524557056473093,0.24040421935453032,0.987798706876351,0.14940640692757512,1013.0686020979364,1013.1449963964827,1013.116476811566,0.0,-0.05555824603451646,0.08407783095117338,76.21712715717322,76.50426122416575,76.72466714155625,0.0,1.2223625879348483,-1.4427685053253612,2.9176322662178027,3.170817686373482,2.598602641506545,0.0,0.44094760071905137,0.13126744414788583,16.304599470419014
2026-09-02 01:35:00,16.636339554933304,16.340500351261753,16.754232840322377,16.162414679823165,17.34605100082159,0.0,-0.14207641855928138,-0.5247829776603194,0.2406301405417567,-1.7960509236154536,-0.27165607050134355,1012.894549820282,1012.8021391379816,1012.9239571806115,0.0,-0.05555824603451646,-0.06625979659543191,83.27312002770668,82.44128544808409,79.90208819258807,0.0,1.2223625879348483,1.3168346675611673,4.2423020912194085,4.157196224941257,3.6131808899372517,0.0,0.44094760071905137,0.10306773428495308,18.72248968659597
2026-09-02 01:40:00,17.068359230091776,17.096289564934956,17.05475331368268,16.462789119582503,17.64671750778286,0.0,-0.14207641855928138,-0.5250087655593179,0.24085592844075515,1.2139530126970364,0.18361266981155566,1012.7433798758901,1012.9859366145683,1012.9882543138551,0.0,-0.05555824603451646,0.053240546747701956,81.81130450035533,83.29023495552858,81.98351576078312,0.0,1.2223625879348483,0.08435660681060142,3.4190862801088953,3.8139897313647513,3.437975768264396,0.0,0.44094760071905137,-0.06493363761869597,4.52045242824655
2026-09-02 01:45:00,16.748878928749612,16.761883854987367,16.944121705287042,16.352011513602527,17.536231896971557,0.0,-0.14207641855928138,-0.5252344204057211,0.2410815832871584,-0.26552683486119477,-0.040161431740393994,1012.7592270490934,1012.6436633292227,1012.7653736858205,0.0,-0.05555824603451646,-0.06615211056328008,84.54987591990168,83.50376185502692,82.61046030766751,0.0,1.2223625879348483,-0.3290610405754393,6.4239832532885925,5.551385029944441,5.023221548211999,0.0,0.44094760071905137,0.08721588101339073,2.300130484223913
2026-09-02 01:50:00,16.72660935275135,16.88926543396427,17.00756281843877,16.41530666515991,17.59981897171763,0.0,-0.14207641855928138,-0.5254599424344688,0.24130710531590605,0.15721480492533146,0.023779034084778772,1012.0963630160118,1012.2678672455427,1012.3888499437278,0.0,-0.055558246034516465,-0.06542445215063708,79.96316833178608,80.18209642715608,79.86243824075606,0.0,1.2223625879348483,-0.9027044015348338,10.359978926381448,9.993153842759995,9.431703749277014,0.0,0.44094760071905137,0.12050249276392933,6.7962451100438654
2026-09-02 01:55:00,17.240813334582803,17.072042559097824,17.188833350337756,16.59643127142794,17.781235429247573,0.0,-0.14207641855928138,-0.5256853318798094,0.24153249476124666,0.16717562842345757,0.02528562731934869,1012.4950394111604,1012.5227682092694,1012.4674680235963,0.0,-0.055558246034516465,0.1108584317075838,79.49754832805696,80.75103209382799,79.25163751262932,0.0,1.2223625879348483,0.2770319932638188,4.175341647923536,3.9006519590159976,3.9260548553566483,0.0,0.4409476007190513,-0.46635049705970166,32.86354761889357
2026-09-02 02:00:00,17.122787785527823,16.774053265048515,16.980924351190687,16.388376382586735,17.57347231979464,0.0,-0.14207641855928138,-0.5259105889753042,0.24175775185674142,-0.42838918468797615,-0.06479466758289121,1012.1855743408903,1012.2234035690254,1012.3115934037913,0.0,-0.055558246034516465,-0.03263158873141947,82.9395026521947,83.41877445960576,81.44533788349462,0.0,1.2223625879348483,0.7510739881762873,7.726514756630566,7.480600249770349,6.616979748669058,0.0,0.4409476007190513,0.42267290038224026,28.952918275472022
2026-09-02 02:05:00,17.113042814310745,17.144407417530385,17.21873711749668,16.62604329510887,17.811430939884488,0.0,-0.14207641855928138,-0.526135713953829,0.24198287683526626,0.44790663531388475,0.06774671859298564,1011.8983227991389,1011.6027765119362,1011.7779388321032,0.0,-0.05555824603451646,-0.11960407413255325,78.5559769313679,78.69651590136132,78.5134366394477,0.0,1.2223625879348483,-1.0392833260212342,5.023988226687591,5.1248671120433595,4.927363898932388,0.0,0.4409476007190513,-0.24344438760807918,16.08658535145701
2026-09-02 02:10:00,17.308546620037795,17.364792718481517,17.488890113110287,16.8960504728224,18.081729753398175,0.0,-0.14207641855928138,-0.526360707047578,0.24220786992901527,0.1188681058240526,0.017979023930511318,1012.1378239301347,1011.8073869271539,1011.7536108961248,0.0,-0.05555824603451646,0.10933427706356724,75.35733450068926,74.58254758311975,74.01440474003014,0.0,1.2223625879348483,-0.6542197448452498,2.2748196497493516,2.361830990665522,1.9550063935415065,0.0,0.4409476007190513,-0.03412300359503595,3.7320137220942557
2026-09-02 02:15:00,16.797168748278136,17.095088630167666,17.313348525190747,16.720363102860087,17.906333947521407,0.0,-0.14207641855928138,-0.5265855684880658,0.24243273136950305,-0.5036861610142722,-0.0761834764638003,1012.1545032071482,1012.1214183161081,1012.0496377987737,0.0,-0.05555824603451646,0.12733876336892536,76.09944019327448,74.99402484242032,73.08310590311912,0.0,1.2223625879348483,0.6885563513663442,5.957274031193049,6.075471202845551,5.339853893464445,0.0,0.4409476007190513,0.2946697086620551,17.24697926509099
2026-09-02 02:20:00,17.067652239395244,16.813579830130227,16.994866208877205,16.401735040334636,17.587997377419775,0.0,-0.14207641855928138,-0.5268102985061305,0.24265746138756766,-0.25923619185124025,-0.039209960187697845,1011.8143262605178,1011.8513621700303,1011.9739924370032,0.0,-0.055558246034516465,-0.06707202093843989,80.36057675609926,80.97661684323333,78.12777844469132,0.0,1.2223625879348483,1.626475810607161,4.66814827283955,4.846972721079296,4.6237090826654645,0.0,0.4409476007190513,-0.21768396230521958,21.019618378820354
2026-09-02 02:25:00,16.68055385578392,16.911492609127265,17.00251986783251,16.409242988882493,17.59579674678253,0.0,-0.14207641855928138,-0.5270348973319361,0.24288206021337339,0.33751092157234197,0.0510491598540348,1011.8636368702807,1011.6948571961201,1011.8001093663096,0.0,-0.05555824603451646,-0.04969392415500806,77.30571693295897,78.51063472557892,78.08598149055773,0.0,1.2223625879348483,-0.7977093529136567,5.639998730282169,5.354967359538475,4.848868852353084,0.0,0.4409476007190513,0.06515090646634025,4.426556744805309
2026-09-02 02:30:00,16.947794417614823,17.421277290420246,17.47187146639361,16.87844891281423,18.06529401997299,0.0,-0.14207641855928138,-0.5272593651949762,0.24310652807641342,0.6048337737773508,0.09148224258591853,1011.8476789120863,1011.6843749005149,1011.7266594293693,0.0,-0.05555824603451646,0.013273717180027234,77.79367307125383,77.4425930788713,76.74552727930298,0.0,1.2223625879348483,-0.525296788366532,8.166041053590567,7.800588233548371,7.265830342005987,0.0,0.4409476007190513,0.09381029082333292,3.578610832740701
2026-09-02 02:35:00,16.78320612882467,16.707653151320173,17.00081931617951,16.407251123722506,17.594387508636512,0.0,-0.14207641855928138,-0.5274837023240755,0.24333086520551267,-0.9989280853920555,-0.15108974630005534,1011.6876727637274,1011.7718936582013,1011.7850989859542,0.0,-0.05555824603451646,0.042352918281608254,79.3763806393513,78.46513143325822,76.99733611352661,0.0,1.2223625879348483,0.24543273179675396,4.190822493269296,4.309718397871655,4.132516659588296,0.0,0.4409476007190513,-0.26374586243569187,12.849846615029053
2026-09-02 02:40:00,16.89485391883444,16.636665474935793,16.764207185716547,16.170493390107357,17.357920981325737,0.0,-0.14207641855928138,-0.5277079089473934,0.24355507182883063,0.09609604998675891,0.014534707778526723,1011.6205943606028,1011.7050225326714,1011.7687640210538,0.0,-0.05555824603451646,-0.00818324234796819,80.12754004769103,78.16100450325182,76.94665146543574,0.0,1.2223625879348483,-0.008009550118771358,8.367290136603081,8.17822051450915,7.416606475703987,0.0,0.44094760071905126,0.3206664380861115,14.702161121336626
2026-09-02 02:45:00,17.118553999185554,17.03715912591088,17.078449267088924,16.4845899040267,17.67230863015115,0.0,-0.14207641855928138,-0.5279319852924265,0.24377914817386365,0.666347290690986,0.10078627738123558,1011.3697482190053,1011.3490870599471,1011.4846733640893,0.0,-0.055558246034516465,-0.08002805810770042,78.92713543628768,78.14252356135765,76.91716331406438,0.0,1.2223625879348483,0.0029976593584137845,6.482010772898251,6.01086825928786,5.825692224930111,0.0,0.44094760071905126,-0.25577156636130205,11.122784819280005
2026-09-02 02:50:00,16.5812670308571,16.584068024331376,16.81153630573508,16.21753141089273,17.405541200577428,0.0,-0.14207641855928138,-0.5281559315860108,0.24400309446744806,-0.56456729955611,-0.08539186284442124,1011.1533393026205,1011.2703695607984,1011.3175104651127,0.0,-0.055558246034516465,0.008417341720132754,81.05453621794877,80.96361074394953,79.18530528389002,0.0,1.2223625879348483,0.5559428721246604,4.504002515709227,4.795405801071672,4.324464274238213,0.0,0.44094760071905126,0.029993926114407543,2.4958659583666494
2026-09-02 02:55:00,17.777186000330804,17.889943575332186,17.820117064688716,17.225966673712936,18.414267455664497,0.0,-0.14207641855928138,-0.5283797480543254,0.24422691093576265,1.4009937308194118,0.21190292920275056,1010.7851912780458,1010.6090609336877,1010.7715041255219,0.0,-0.05555824603451647,-0.1068849457997203,77.41116662456541,78.6904652172348,78.12492115765302,0.0,1.2223625879348483,-0.656818528353071,5.287953799846738,5.706484371797427,5.161460934336428,0.0,0.44094760071905126,0.10407583674194854,9.785707469381506
2026-09-02 03:00:00,16.57309304079483,16.45481409482722,16.902025352591217,16.30772950110252,17.496321204079912,0.0,-0.14207641855928138,-0.5286034349228941,0.24445059780433137,-2.017395410194485,-0.3051348392047153,1010.8720067625869,1010.8186165250239,1010.7549764586441,0.0,-0.05555824603451648,0.11919831241425527,79.47061215068844,80.00911910447482,78.59188284966152,0.0,1.2223625879348483,0.19487366687845054,3.4518969935120785,3.9190452604216763,3.5985669495344514,0.0,0.44094760071905126,-0.12046928983182648,13.698681005968195
2026-09-02 03:05:00,16.528666259546014,16.839705966375483,16.877554558651674,16.283113282244432,17.471995835058916,0.0,-0.14207641855928138,-0.5288269924165887,0.244674155298026,0.6891010508864923,0.1042278262830898,1010.6659287743951,1010.9131104152626,1010.8876847479872,0.0,-0.055558246034516486,0.08098391330986487,80.5092269181633,80.7532952419287,79.39744796096345,0.0,1.2223625879348483,0.13348469303039678,11.150643773156098,11.206746089598514,10.371740628403948,0.0,0.4409476007190512,0.39405786047551494,24.128258933928688
2026-09-02 03:10:00,17.519978517386118,17.297072054384504,17.334553776032784,16.73996711027524,17.929140441790327,0.0,-0.14207641855928138,-0.5290504207596315,0.24489758364106873,0.6915266117395582,0.10459469691100054,1011.0017279880205,1011.0119763075115,1011.0370249870552,0.0,-0.055558246034516486,0.030509566490763973,73.91215447272033,73.59205874367943,73.86554578712456,0.0,1.2223625879348483,-1.4958496313799827,5.770199619237584,5.957979248029455,6.064493841847401,0.0,0.44094760071905115,-0.5474621945369975,55.5246256219404
2026-09-02 03:15:00,17.419318669355164,17.071477638920605,17.284970022946727,16.690238003381047,17.879702042512406,0.0,-0.14207641855928138,-0.5292737201755977,0.24512088305703494,-0.47216581798040025,-0.0714159654668407,1010.5336470691635,1010.5525939463515,1010.730344776332,0.0,-0.055558246034516486,-0.12219258394600274,77.36151362183378,76.89498104802901,74.56391090436699,0.0,1.2223625879348483,1.1087075557271646,1.1646135730287954,1.5755740400373686,1.10891937956964,0.0,0.44094760071905115,0.025707059748677485,8.614617937641642
2026-09-02 03:20:00,17.401722386968004,17.62306447182547,17.695944204586176,17.10106686672847,18.290821542443883,0.0,-0.14207641855928138,-0.5294968908874182,0.24534405376885543,0.45749307648562265,0.0691966857985733,1010.4628275405602,1010.8087195284553,1010.7955197431841,0.0,-0.05555824603451649,0.06875803130571967,76.66279809537552,77.7873161733819,76.0746806549582,0.0,1.2223625879348483,0.49027293048884246,3.4586574217882804,3.26623268478125,2.535526367004672,0.0,0.44094760071905115,0.2897587170575271,14.248577817869782
2026-09-02 03:25:00,17.456307748977988,17.001383542736747,17.278594805487586,16.68357218482794,17.87361742614723,0.0,-0.14207641855928138,-0.5297199331173823,0.2455670959988196,-0.8934424372514584,-0.1351348441915583,1010.4118604264969,1010.2019591016195,1010.375894631529,0.0,-0.05555824603451649,-0.11837728387502011,76.31576181490131,76.47635264750802,75.60298854106301,0.0,1.2223625879348483,-0.34899848148984347,5.434557991280152,5.76776129649638,5.295078207985831,0.0,0.44094760071905115,0.03173548779149726,4.263134211104958
2026-09-02 03:30:00,17.25641121128477,17.215585257510227,17.303259189273927,16.70809132127644,17.898427057271412,0.0,-0.14207641855928138,-0.5299428470871402,0.24579000996857747,0.35968140331212695,0.05440248679558124,1010.2210423564203,1010.3405069114166,1010.326551349516,0.0,-0.0555582460345165,0.06951380793509543,78.29473229569902,76.6126517421622,75.41442072865189,0.0,1.2223625879348483,-0.024131574424544056,1.3243724047995962,1.4069912750425588,1.2796113207105524,0.0,0.44094760071905115,-0.3135676463870447,14.884220562348537
2026-09-02 03:35:00,16.96216322532142,17.585699451163027,17.658971555075833,17.06365847517865,18.25428463497302,0.0,-0.14207641855928138,-0.5301656330177054,0.24601279589914266,0.45489891921600645,0.0688043146464743,1010.3547962870343,1010.6043942290055,1010.5569850732429,0.0,-0.0555582460345165,0.10296740179705921,76.49639733180904,75.95756561349124,74.83583653044978,0.0,1.2223625879348483,-0.10063350489339484,0.8551402259155836,1.129253721618361,0.5079751713619256,0.0,0.44094760071905115,0.18033094953738416,6.374504019365069
2026-09-02 03:40:00,17.414524247094974,17.412115536502988,17.613312228602975,17.017853972218305,18.208770484987646,0.0,-0.14207641855928138,-0.5303882911294575,0.24623545401089475,-0.390872995038265,-0.05912027354070659,1009.893947715835,1009.8452190268603,1010.0743193273864,0.0,-0.05555824603451651,-0.17354205449169058,78.20047451998252,77.51390169456522,75.91715982053057,0.0,1.2223625879348483,0.37437928609979565,4.252752341280321,4.308580247543102,3.7041234816527635,0.0,0.44094760071905115,0.16350916517128677,8.26125515939726
2026-09-02 03:45:00,17.17982364885991,16.955670118720658,17.177868684064368,16.58226528657853,17.773472081550207,0.0,-0.14207641855928138,-0.5306108216421443,0.24645798452358164,-0.5297266336388304,-0.0801221467844293,1009.9042088406084,1010.0331534586365,1010.0199322886631,0.0,-0.055558246034516506,0.06877941600794202,79.33652851068379,78.89951730334182,77.46513425126201,0.0,1.2223625879348483,0.21202046414495612,3.498020939287077,3.8868979522114775,3.613080833360734,0.0,0.44094760071905115,-0.1671304818683077,5.422916131606848
2026-09-02 03:50:00,17.910535021131142,17.899055528373783,17.8569622185038,17.26121371527725,18.452710721730348,0.0,-0.14207641855928138,-0.5308332247748855,0.24668038765632266,1.217635999213762,0.18416972842926427,1009.6522806255718,1009.5049777009903,1009.6344555765126,0.0,-0.05555824603451651,-0.07391962948781838,74.56685333687335,75.01718186510142,74.76501502183469,0.0,1.2223625879348483,-0.9701957446681178,4.177049588497662,4.244106717260124,3.7746717327061297,0.0,0.44094760071905115,0.028487383834942648,9.149815244613293
2026-09-02 03:55:00,17.534738657676023,17.524578499952117,17.76996758785251,17.174074014219872,18.365861161485146,0.0,-0.14207641855928138,-0.5310555007461731,0.24690266362761037,-0.6830505014993307,-0.10331266934111127,1009.4553353259201,1009.3523254665851,1009.3904347150527,0.0,-0.05555824603451651,0.017448997566816615,78.54669390327913,78.46073799784374,76.43881379890772,0.0,1.2223625879348483,0.7995616110011667,3.0362358343169333,2.591042116476708,2.2310896173533923,0.0,0.44094760071905115,-0.08099510159573509,5.384279576951147
2026-09-02 04:00:00,17.339674102360803,17.371804090431425,17.55526731147254,16.959228702742642,18.15130592020244,0.0,-0.14207641855928138,-0.5312776497738765,0.24712481265531372,-0.27362835914473393,-0.041386802481834906,1009.4524060951339,1009.5101510575411,1009.4673591307919,0.0,-0.05555824603451652,0.09835017278362557,73.0663746214134,73.00488229581048,72.84359743912404,0.0,1.2223625879348483,-1.0610777312484174,2.3333589318845815,2.768936921578998,2.248294313716716,0.0,0.44094760071905115,0.07969500714323097,7.951131797742917
2026-09-02 04:05:00,17.62082651871607,17.753279115147993,17.817776681928052,17.221593073383946,18.413960290472158,0.0,-0.14207641855928138,-0.5314996720752427,0.24734683495668003,0.5129116685445325,0.07757885177922219,1009.4306832208022,1009.5504682217687,1009.5679666977195,0.0,-0.05555824603451652,0.038059770083691546,72.99372163532888,74.04450016438908,72.35328917444463,0.0,1.2223625879348483,0.46884840200959843,5.9451500146656056,5.660890792373972,5.098243969549275,0.0,0.44094760071905115,0.12169922210564632,4.040983067366714
2026-09-02 04:10:00,17.997215864610737,17.78939363093719,17.94210587004418,17.345777296943183,18.538434443145178,0.0,-0.14207641855928138,-0.5317215678669004,0.24756873074833763,-0.07031860279383295,-0.010635820547708619,1009.2652322952625,1009.4333727721234,1009.5198592199015,0.0,-0.05555824603451652,-0.030928201743563477,71.48120506670024,70.9240361948709,70.02213583521733,0.0,1.2223625879348483,-0.32046222828128634,4.675719740755495,5.051637203828669,4.768657158292392,0.0,0.44094760071905115,-0.15796755518277372,4.206868465154783
2026-09-02 04:15:00,17.692326946891605,18.029836557938964,18.15758697850971,17.56111347608343,18.754060480935987,0.0,-0.14207641855928138,-0.5319433373648614,0.24779050024629873,0.0947161676583903,0.014325997988535732,1009.1205597199892,1009.3560040080301,1009.4326770203375,0.0,-0.05555824603451652,-0.02111476627283082,74.35968716292031,75.8510467836302,73.347050965216,0.0,1.2223625879348483,1.2816332304793434,2.5992160553151913,2.5721431908830947,2.216998941498418,0.0,0.44094760071905115,-0.08580335133437433,9.562747635145977
2026-09-02 04:20:00,17.677768132357958,17.72679098923248,17.942936216304776,17.34631781975915,18.539554612850402,0.0,-0.14207641855928138,-0.5321649807845237,0.24801214366596097,-0.48970505866254044,-0.07406880851301523,1008.9097590804535,1008.8996420966702,1009.0479474782719,0.0,-0.05555824603451653,-0.0927471355672651,72.92471890272456,72.38767282962769,71.96319776225424,0.0,1.2223625879348483,-0.7978875205614031,3.412921191981427,3.765724487540739,3.1561816905109668,0.0,0.44094760071905115,0.16859519631072128,8.866279807274243
2026-09-02 04:25:00,18.195990212174035,18.341349021454395,18.38054479334554,17.78378153786086,18.977308048830217,0.0,-0.14207641855928138,-0.5323864983406736,0.24823366122211082,0.6801941886645544,0.10288064666813668,1009.0060928877481,1009.185134651024,1009.133986229455,0.0,-0.05555824603451652,0.10670666760347558,72.16327790906291,72.23463646635297,71.09842127394712,0.0,1.2223625879348483,-0.08614739552901085,5.206200762069916,5.546631346529946,5.077744796070441,0.0,0.44094760071905115,0.027938949740454078,2.538176870813855
2026-09-02 04:30:00,18.29133250379846,18.165702623847334,18.36922898201967,17.772320902750614,18.966137061288727,0.0,-0.14207641855928138,-0.5326078902474883,0.24845505312892557,-0.4062755549487953,-0.06144993961305545,1008.6923476794179,1008.6410019529005,1008.7877152172589,0.0,-0.05555824603451652,-0.09115501832388873,72.37222321639189,72.14726034006968,70.80877799808292,0.0,1.2223625879348483,0.11611975405190833,1.5059429796939245,1.634985871988536,1.4510262673644077,0.0,0.44094760071905115,-0.25698799609492284,10.818221953078602
2026-09-02 04:35:00,18.08832120254715,18.345597629946255,18.47745193867157,17.880399070747238,19.074504806595904,0.0,-0.14207641855928138,-0.5328291567185384,0.2486763195999756,0.06758335926273062,0.010222109833964765,1008.9332799871847,1009.0685936839229,1008.9934478894394,0.0,-0.055558246034516534,0.13070404051802598,72.29920117438424,72.397936481185,71.02303315918917,0.0,1.2223625879348483,0.15254073406097746,2.196745375551668,2.349305970839807,1.7045981087209539,0.0,0.44094760071905115,0.2037602613998022,7.9586737092204
2026-09-02 04:40:00,18.203306902253164,18.15189642049055,18.33652890256044,17.73933128108437,18.933726524036505,0.0,-0.14207641855928138,-0.5330502979667897,0.2488974608482269,-0.28135891472112107,-0.042556063510605924,1008.7346430371462,1008.765766356824,1008.8739099657008,0.0,-0.05555824603451653,-0.0525853628423647,71.70907372230351,72.06474731836202,70.88665635589503,0.0,1.2223625879348483,-0.044271625467857234,1.5169105056027723,1.643699090760542,1.2555589611119773,0.0,0.44094760071905115,-0.052807471070486445,0.9077307798412619
2026-09-02 04:45:00,18.587984801130496,18.6434953038292,18.702851176238074,18.105508836288298,19.30019351618785,0.0,-0.14207641855928138,-0.5332713142046065,0.24911847708604373,0.5469059205679621,0.08272054615040858,1008.4085070255721,1008.4753587116344,1008.5939860224082,0.0,-0.05555824603451653,-0.06306906473935214,67.77106503274483,68.11813322481594,67.6553090999233,0.0,1.2223625879348483,-0.7595384630422188,7.113953270824468,6.5098058439401445,5.8332453038864305,0.0,0.44094760071905115,0.2356129393346631,12.052730717157404
2026-09-02 04:50:00,18.022138852157426,17.835517636720002,18.130037707958362,17.532550684587417,18.727524731329307,0.0,-0.14207641855928138,-0.5334922056437535,0.24933936852519079,-1.0078794215357618,-0.15244365267907867,1008.4875424960427,1008.551068677146,1008.5565247993602,0.0,-0.05555824603451653,0.050102123820238376,70.0962671260072,69.49377326151074,67.68490595270137,0.0,1.2223625879348483,0.5865047208745153,6.498333278513833,6.533832344183294,6.304826066533742,0.0,0.44094760071905115,-0.21194132306949953,10.915107711822827
2026-09-02 04:55:00,18.147304954764802,17.947918629484377,18.03274285633247,17.435111184567432,18.630374528097505,0.0,-0.14207641855928138,-0.5337129724953982,0.24956013537683536,0.37852219393484887,0.057252191711189226,1008.3298667178684,1008.0891609663987,1008.2163577748173,0.0,-0.055558246034516534,-0.07163856238412336,73.55088389180086,72.6525521498428,70.581867696659,0.0,1.2223625879348483,0.8483218652489484,6.506838630034283,6.172019377212714,5.756349783963783,0.0,0.44094760071905115,-0.025278007470119768,4.707997753896441
2026-09-02 05:00:00,18.53448438495463,18.672125446245207,18.672526663949483,18.074750378792007,19.27030294910696,0.0,-0.14207641855928138,-0.5339336149701127,0.24978077785154995,0.9366839286139914,0.14167520085500485,1008.4013721083836,1008.2327538295544,1008.2135009066109,0.0,-0.05555824603451653,0.0748111689780444,69.81335216570002,71.81588959842459,70.9738385389744,0.0,1.2223625879348483,-0.3803115284846683,6.173556512392211,6.22491265551591,5.756284692575985,0.0,0.44094760071905115,0.02768036222087389,3.599611728574632
2026-09-02 05:05:00,18.85065086957621,18.761929503534734,18.944080391949274,18.346159528375612,19.542001255522937,0.0,-0.14207641855928138,-0.5341541332778776,0.2500012961593148,-0.26495188737769126,-0.04007446985525931,1008.4674622312301,1008.4828434472028,1008.4464647397374,0.0,-0.05555824603451653,0.09193695349983955,67.70867596392019,67.32148849223974,67.20523616550837,0.0,1.2223625879348483,-1.106110261203483,5.786256183582001,5.4433734196670365,5.038122432819571,0.0,0.44094760071905115,-0.03569661387158529,7.580902158038549
2026-09-02 05:10:00,19.1770974981809,19.006332880680024,19.16471028556548,18.566644878526525,19.762775692604436,0.0,-0.14207641855928138,-0.5343745276280825,0.25022169050951965,-0.10777377988623726,-0.016300986326175604,1007.900160284069,1007.6470684221229,1007.8991084420262,0.0,-0.05555824603451653,-0.196481773868868,66.08524224002258,66.64461219096017,65.27206897311231,0.0,1.2223625879348483,0.1501806299130095,4.427955543507651,4.072469961139829,3.658223082644654,0.0,0.44094760071905115,-0.026700722223876205,4.5482572253087135
2026-09-02 05:15:00,19.762058572857054,19.633421904451648,19.718980919444572,19.120771003865876,20.31719083502327,0.0,-0.14207641855928138,-0.5345947982295294,0.25044196111096656,0.3736641507342924,0.056517403566356705,1008.1159202321519,1008.2406018976319,1008.1326795375774,0.0,-0.05555824603451653,0.16348060608902415,60.54618033788409,59.26006728946553,59.03724057839196,0.0,1.2223625879348483,-0.9995358768612732,5.576467298022718,6.057947648548888,5.468174386090492,0.0,0.44094760071905115,0.14882566173934464,11.610864346490061
2026-09-02 05:20:00,19.63657698893606,19.776367603279546,19.963459748856213,19.365105359638022,20.561814138074404,0.0,-0.14207641855928138,-0.5348149452904348,0.25066210817187207,-0.2976209511445411,-0.0450157270173861,1007.9941072158139,1008.1248406107571,1008.1818462340622,0.0,-0.05555824603451653,-0.001447377270551442,63.18895063568137,62.96526045975763,60.21654613121306,0.0,1.2223625879348483,1.5263517406097264,1.0877873183870514,1.4086215348243083,1.2584885886300086,0.0,0.44094760071905115,-0.2908146545247514,24.254092963129985
2026-09-02 05:25:00,19.353487596508174,19.227680024267453,19.503422392322673,18.904923564339967,20.10192122030538,0.0,-0.14207641855928138,-0.5350349690184322,0.2508821318998694,-0.8837308572013889,-0.13366594949593846,1008.0405575632984,1008.0896331462301,1008.1647988754379,0.0,-0.05555824603451653,-0.019607483173331275,67.33127772986253,67.22951822267657,64.78383588755348,0.0,1.2223625879348483,1.223319747188242,5.420905620899546,5.4196628454163,4.603223825364704,0.0,0.4409476007190512,0.37549141933254493,29.740983911294343
2026-09-02 05:30:00,19.536095424069167,19.512564437748733,19.582643868429805,18.984000636532315,20.181287100327296,0.0,-0.14207641855928138,-0.5352548696205737,0.25110203250201085,0.4760072408378093,0.07199698787820807,1007.895867927634,1007.7276978257203,1007.8698450235994,0.0,-0.055558246034516534,-0.08658895184464654,63.3561942640193,63.73444631996157,63.58170565786979,0.0,1.2223625879348483,-1.069621925843073,6.746254292420035,6.801684887494742,6.466598526230259,0.0,0.4409476007190512,-0.10586123945456727,8.862199221752444
2026-09-02 05:35:00,19.271153174013303,19.274158724070723,19.44236855601342,18.843580955025665,20.041156157001176,0.0,-0.14207641855928138,-0.5354746473033327,0.25132181018477,-0.17278075604159682,-0.026133413383416126,1007.6774570924913,1007.8844779333216,1007.879442756335,0.0,-0.055558246034516534,0.06059342302103232,65.31927593564288,63.14131262284933,62.23701334362138,0.0,1.2223625879348483,-0.3180633087068969,4.5814179888380995,4.507043181115197,4.2426188534594464,0.0,0.4409476007190512,-0.1765232730633004,5.44747787935575
2026-09-02 05:40:00,19.795380776463443,19.411910999261384,19.519887480399444,18.92095554512076,20.11881941567813,0.0,-0.14207641855928138,-0.5356943022726068,0.2515414651540441,0.22545133627084724,0.03409993742122097,1007.671116146631,1007.9766977425887,1007.9852147385335,0.0,-0.055558246034516534,0.0470412500897055,64.9995801283646,65.13249261882726,63.39079203227763,0.0,1.2223625879348483,0.5193379986147733,3.658261679215751,3.829224592009608,3.311201079634291,0.0,0.4409476007190512,0.07707591165626582,2.6032755183520684
2026-09-02 05:45:00,19.820034701148835,19.525809420074133,19.652006944698336,19.052930709902903,20.25108317949377,0.0,-0.14207641855928138,-0.5359138347337187,0.25176099761515597,0.10498312099359808,0.015878893935077798,1007.5306710486944,1007.5527325728114,1007.7049878950143,0.0,-0.055558246034516534,-0.09669707616842516,62.231341312693914,61.3115481483996,60.8452908015265,0.0,1.2223625879348483,-0.7561052410617464,3.1351758938315912,2.93235958386695,2.493981217059124,0.0,0.4409476007190512,-0.0025692339112253215,4.0075140879448
2026-09-02 05:50:00,20.19932060226135,20.26657618011086,20.311761692030878,19.71254119246776,20.910982191593995,0.0,-0.14207641855928138,-0.5361332448914197,0.2519804077728569,0.640593092722824,0.09689090663926336,1007.7449726073505,1007.8215529141182,1007.7994443916157,0.0,-0.055558246034516534,0.07766676853702847,62.34522215377087,62.60469872272681,60.94394750526176,0.0,1.2223625879348483,0.43838862953020197,5.580440966297917,5.8785630451583035,5.2726326815347955,0.0,0.4409476007190512,0.16498276290445713,6.536781567298012
2026-09-02 05:55:00,19.876029595146523,19.728623722915984,20.022372222492468,19.423007492885635,20.6217369520993,0.0,-0.14207641855928138,-0.5363525329498908,0.2521996958313281,-1.0027781845437431,-0.1516720810172032,1007.5226734709878,1007.5529342692072,1007.6533959635653,0.0,-0.055558246034516534,-0.044903448323680095,64.16891348417283,63.3398501267023,61.814694944813944,0.0,1.2223625879348483,0.3027925939535123,5.975187899143052,5.899261846838819,5.587858136515238,0.0,0.4409476007190512,-0.1295438903954702,5.523863696510725
2026-09-02 06:00:00,20.55323305310056,20.764578035356642,20.752346716826626,20.152837791874983,21.35185564177827,0.0,-0.14207641855928138,-0.5365716991127464,0.2524188619941836,1.020203793748351,0.15430773708929735,1007.7429774144819,1007.8225327928317,1007.8059805072193,0.0,-0.055558246034516534,0.07211053164689929,60.13127318876739,59.44688703202692,59.027951303576174,0.0,1.2223625879348483,-0.8034268594840981,7.870366904064393,7.744412805315024,7.229588955528651,0.0,0.4409476007190512,0.07387624906732171,7.194124688809961
2026-09-02 06:05:00,21.098975138640075,21.292336559490185,21.418043511384646,20.81839042576207,22.01769659700722,0.0,-0.14207641855928138,-0.5367907435830346,0.25263790646447176,0.10822653684190442,0.016369466664819754,1007.3894426532025,1007.3715088397086,1007.5285402400986,0.0,-0.05555824603451653,-0.10147315435551718,61.262815504838194,61.04391341652358,59.296397332112015,0.0,1.2223625879348483,0.5251534964767188,3.5604087646069797,3.5669226701524326,3.384783682247649,0.0,0.4409476007190512,-0.2588086128142679,12.15053526896768
2026-09-02 06:10:00,20.58450135953567,20.728335092806756,21.051424539210146,20.451627327565514,21.651221750854777,0.0,-0.14207641855928135,-0.537009666563241,0.25285682944467824,-1.1967655103228445,-0.18101302784410933,1007.2354442222385,1007.2302595862619,1007.3030085964544,0.0,-0.05555824603451653,-0.017190764158044658,58.78867528488658,57.94681170920402,57.16503665928299,0.0,1.2223625879348483,-0.44058753801381556,6.6654156943827045,6.488071645405022,5.737050416566229,0.0,0.4409476007190512,0.31007362811974204,18.215230628947428
2026-09-02 06:15:00,20.932483872805356,21.296438230267874,21.35221746397701,20.752276160934226,21.952158767019792,0.0,-0.14207641855928135,-0.5372284682552902,0.2530756311367275,0.5705528253776073,0.08629718485014592,1007.0602273131353,1007.19608495321,1007.2168064804885,0.0,-0.05555824603451653,0.03483671875596883,59.54981609407153,59.16938853668325,57.474181579758636,0.0,1.2223625879348483,0.4728443689897688,4.992796663478157,5.0914013683271016,4.831090560627057,0.0,0.4409476007190512,-0.1806367930190067,6.7277950090347005
2026-09-02 06:20:00,21.193244832115784,21.17662696656715,21.35606078994169,20.755975430099713,21.956146149783667,0.0,-0.14207641855928135,-0.5374471488605482,0.25329431174198547,-0.24698804373669958,-0.03735740481526051,1006.9647994666421,1007.3166430909266,1007.3094317382976,0.0,-0.05555824603451652,0.06276959866352172,56.961794943582184,56.007094328747534,55.26727597396319,0.0,1.2223625879348483,-0.48254423315049877,8.053669370411871,7.892460593617852,7.279568595352984,0.0,0.4409476007190512,0.17194439754581659,6.0018093799817915
2026-09-02 06:25:00,20.903606953384802,21.03338333856557,21.209074591376098,20.60884520930898,21.809303973443214,0.0,-0.14207641855928135,-0.5376657085798241,0.25351287146126145,-0.22224408235276627,-0.033614834251245895,1006.9480293072744,1006.7380186221142,1006.9146177586864,0.0,-0.05555824603451652,-0.12104089053775624,59.88646520180036,58.41992884044138,56.49552276109064,0.0,1.2223625879348483,0.7020434914158926,4.764340823568847,4.904897904414497,4.711169421536809,0.0,0.4409476007190512,-0.24721911784136275,13.005701278625414
2026-09-02 06:30:00,21.302084703239807,21.185204507920602,21.292314564298852,20.691941194555763,21.89268793404194,0.0,-0.14207641855928135,-0.5378841476133729,0.2537313104948101,0.231179693407217,0.034966362181030775,1007.1784736484522,1007.1629017757917,1007.0915351479729,0.0,-0.05555824603451652,0.12692487385334061,57.2836760738545,58.09804171579799,56.890789936596136,0.0,1.2223625879348483,-0.015110808732991643,4.696122329273771,5.060924290947214,4.487545289865198,0.0,0.4409476007190512,0.13243140036296452,4.428401048268951
2026-09-02 06:35:00,21.367205980895445,21.857679963469188,21.89999333498039,21.299476012085645,22.500510657875136,0.0,-0.14207641855928135,-0.538102466160897,0.2539496290423343,0.6595822153457434,0.09976304704807859,1007.1698221151356,1006.9927530423508,1007.0664488966357,0.0,-0.05555824603451652,-0.018137608250412995,55.60976935503421,54.572930400775064,54.11963746681911,0.0,1.2223625879348483,-0.7690696539788888,5.107776093111456,4.891979587069003,4.455651816177289,0.0,0.4409476007190512,-0.004619829827336552,4.131958981484044
2026-09-02 06:40:00,21.552252901717388,21.94897963220459,22.138802001684848,21.53814076013794,22.739463243231757,0.0,-0.14207641855928135,-0.5383206644215489,0.25416782730298615,-0.315671794457824,-0.047745950920976554,1006.8137711088638,1007.0525748436502,1007.0976201092639,0.0,-0.05555824603451652,0.010512980420799067,55.739852442833296,55.59690773274691,53.94991737086497,0.0,1.2223625879348483,0.42462777394708695,6.469364391048959,6.430191753860408,5.920225171300335,0.0,0.4409476007190512,0.06901898184102162,1.8597400257523273
2026-09-02 06:45:00,21.356206858682018,21.358582945585578,21.640607064039347,21.03980193831498,22.241412189763714,0.0,-0.14207641855928135,-0.538538742593933,0.2543859054753703,-0.9252625762769746,-0.1399476998944884,1007.1449391869345,1007.0567784915365,1007.1134399068526,0.0,-0.05555824603451652,-0.0011031692815777205,54.54626889237436,55.14858175756939,53.807120899812695,0.0,1.2223625879348483,0.11909826982184768,10.057036320536753,10.195435534447379,9.657369181271617,0.0,0.4409476007190512,0.09711875245671031,3.490666481576648
2026-09-02 06:50:00,21.828580140216875,21.905897386197914,21.93242388014713,21.33147490469524,22.53337285559902,0.0,-0.14207641855928135,-0.5387567008761078,0.2546038637575452,0.7639569711679854,0.11554992461006464,1006.9002210218415,1006.6837409027736,1006.8270453399939,0.0,-0.05555824603451652,-0.08774619118582905,55.78276845854485,55.29081317653202,53.964373651059724,0.0,1.2223625879348483,0.10407693753744951,1.520325911277074,1.389568704782652,1.5031784680521962,0.0,0.44094760071905115,-0.5545573639885955,46.207094492253916
2026-09-02 06:55:00,22.172399214680617,22.44425873455358,22.51388361195964,21.912790821205437,23.11497640271384,0.0,-0.14207641855928135,-0.5389745394655879,0.2548217023470253,0.4790125144836921,0.07245154115322094,1006.9589205044734,1007.0546485543007,1007.0040454524062,0.0,-0.05555824603451652,0.10616134792894627,54.41068258289685,53.75054986310042,52.81604264001507,0.0,1.2223625879348483,-0.2878553648494986,1.2888697767266883,1.428165944974688,0.598980224969587,0.0,0.44094760071905115,0.3882381192860498,23.744119693456895
2026-09-02 07:00:00,22.709060697787333,22.67963279682451,22.852008709093493,22.250772137437483,23.453245280749503,0.0,-0.14207641855928135,-0.5391922585593464,0.2550394214407836,-0.20032474725104166,-0.030299493709701864,1007.145138327069,1007.4067849942805,1007.3731108955515,0.0,-0.05555824603451652,0.08923234476355901,53.32794144526062,53.508931916194555,52.22761392265025,0.0,1.2223625879348483,0.05895540560945989,9.159431312546713,9.326050970742235,8.52011675256376,0.0,0.4409476007190511,0.36498661745942407,20.010400630454914
2026-09-02 07:05:00,22.668614966079886,22.537290151919944,22.761258189898474,22.159877871716482,23.362638508080465,0.0,-0.14207641855928135,-0.5394098583538162,0.2552570212352534,-0.5414254812081438,-0.08189161941924894,1007.0063709296264,1007.1059106099106,1007.2697658302768,0.0,-0.05555824603451652,-0.10829697433177898,53.63850907942859,54.53285613761031,52.97266808953961,0.0,1.2223625879348483,0.33782546013585346,4.778224490334856,5.103203023223148,5.213523516234883,0.0,0.44094760071905104,-0.5512680937307861,45.964918098359064
2026-09-02 07:10:00,23.30330305407762,23.478101004278997,23.489071008517346,22.887546978160557,24.090595038874135,0.0,-0.14207641855928135,-0.5396273390448931,0.25547450192633037,0.8668085204149811,0.13110641432093217,1006.8021913955467,1006.832911077139,1006.9774767563209,0.0,-0.055558246034516506,-0.08900743314745796,50.52968466567644,49.59423245360727,49.34002262186572,0.0,1.2223625879348483,-0.9681527561932981,5.372742968226775,5.190945954401301,4.57211778494224,0.0,0.44094760071905104,0.17788056874001068,12.03273191477188
2026-09-02 07:15:00,22.292954138324134,22.308641987540867,22.69778935520919,22.096121647004175,23.299457063414202,0.0,-0.14207641855928135,-0.5398447008279373,0.2556918637093747,-1.6335066819117685,-0.24707094910904104,1006.6814506502733,1006.7428217886896,1006.7948991126469,0.0,-0.055558246034516506,0.0034809220771876426,53.449166530956006,53.32904826534205,51.06814258472487,0.0,1.2223625879348483,1.038543092682339,4.463473264493447,4.180640692424305,3.765274113113223,0.0,0.44094760071905104,-0.025581021407969473,12.094728046130497
2026-09-02 07:20:00,23.107343381131987,23.14394227106104,23.11517747723554,22.513366125484286,23.716988828986796,0.0,-0.14207641855928135,-0.5400619438977756,0.25590910677921286,1.1295146717280744,0.17084121238477934,1006.4669909992374,1006.6792170986612,1006.7064500433132,0.0,-0.055558246034516506,0.02832530138243783,50.1538761399879,48.76788046401404,48.34551909171203,0.0,1.2223625879348483,-0.8000012156328324,1.7247385866235816,1.6324653697544584,1.2664371026228052,0.0,0.44094760071905104,-0.07491933358739766,7.266610042580013
2026-09-02 07:25:00,22.9908516255602,22.823997356946606,23.02561072134098,22.42365576032091,23.62756568236105,0.0,-0.14207641855928135,-0.5402790684487029,0.25612623133014023,-0.3936278190250526,-0.059536945835091615,1006.6584388194937,1006.5273089289915,1006.5837757348431,0.0,-0.055558246034516506,-0.0009085598171623133,51.01504127357515,50.7004804706294,48.89874158819011,0.0,1.2223625879348483,0.5793762945044421,6.648868159980781,6.358542458116651,5.597158372236609,0.0,0.44094760071905104,0.3204364851609913,16.751009981095216
2026-09-02 07:30:00,23.953031979086298,23.609497549413618,23.637335222154867,23.035236686118886,24.23943375819085,0.0,-0.14207641855928135,-0.5404960746744852,0.2563432375559225,0.7552881279644836,0.11423874581803162,1006.7130414848401,1006.6962644192272,1006.6868327084649,0.0,-0.055558246034516506,0.06498995679680775,49.372267321938324,49.399631069568784,48.3015927971821,0.0,1.2223625879348483,-0.12432431554816503,6.449917582871789,6.619267044086039,6.373568317105238,0.0,0.44094760071905104,-0.19524887373825006,7.370199954507214
2026-09-02 07:35:00,22.91380203930623,22.96103052128205,23.25895103829677,22.656708961473278,23.861193115120265,0.0,-0.14207641855928135,-0.5407129627683607,0.256560125649798,-1.0303614288992087,-0.15584409845543945,1006.5768167921567,1006.5089132698803,1006.5990386781701,0.0,-0.055558246034516506,-0.03456716225537093,52.48479292548261,51.801093212078555,50.04594749120137,0.0,1.2223625879348483,0.5327831329423418,3.3614644555464483,3.012939065493525,2.753623182052089,0.0,0.44094760071905104,-0.18163171727761496,8.868301637907042
2026-09-02 07:40:00,23.061575775404645,23.242568183703487,23.33225270326138,22.729867119854312,23.934638286668445,0.0,-0.14207641855928135,-0.5409297329230426,0.2567768958044798,0.3463884256948546,0.052391899001388964,1006.6871010962795,1006.5119213001858,1006.5633741508884,0.0,-0.055558246034516506,0.004105395331862383,50.0187135354319,49.65312006837171,48.97074185713886,0.0,1.2223625879348483,-0.5399843767019945,3.3256954728240435,4.02560039829985,3.3721128244603893,0.0,0.44094760071905104,0.21253997312040962,8.236236173985034
2026-09-02 07:45:00,23.318301076066874,23.273139726251664,23.40573658392483,22.803207528113685,24.008265639735978,0.0,-0.14207641855928135,-0.5411463853307202,0.2569935482121575,0.06267400560404468,0.009479560886113347,1006.7018533430372,1006.6525970541247,1006.6666677538408,0.0,-0.055558246034516506,0.041487546318421664,49.255441181820494,48.12885976717453,47.21428111042963,0.0,1.2223625879348483,-0.3077839311899453,7.418234550774853,7.807012909246978,7.2387802324870965,0.0,0.44094760071905104,0.12728507604083106,2.999869558596946
2026-09-02 07:50:00,22.86926162680523,23.156547530717003,23.324488733065067,22.721816239004923,23.92716122712521,0.0,-0.14207641855928135,-0.5413629201830619,0.2572100830644992,-0.1710047146276672,-0.02586478378878354,1006.6416970611958,1006.8078552255932,1006.8322380646482,0.0,-0.055558246034516506,0.031175406979514264,50.69551374041171,50.757176629516906,48.8071644316264,0.0,1.2223625879348483,0.7276496099556624,1.5073271174701122,1.5110998483502065,1.52203915613482,0.0,0.4409476007190511,-0.45188690850366475,32.03677027059414
2026-09-02 07:55:00,23.66936543225569,23.528582167172583,23.609969273522143,23.00715337534371,24.212785171700578,0.0,-0.14207641855928135,-0.5415793376712165,0.2574265005526537,0.4012466757937503,0.06068931220972118,1006.5645102751328,1006.6495005973917,1006.7630533152128,0.0,-0.055558246034516506,-0.05799447178662831,50.243114587221285,51.0876699863278,49.8139721859418,0.0,1.2223625879348483,0.05133521245115702,8.026073275726052,8.286291623625445,7.274231858919983,0.0,0.44094760071905115,0.5711121639864114,47.31793995998038
2026-09-02 08:00:00,23.73686514869128,23.525924257698097,23.693114727098287,23.090155458907912,24.296073995288662,0.0,-0.14207641855928135,-0.541795637985815,0.2576428008672522,-0.16604125254884394,-0.025114050840908675,1006.6752982007949,1006.7719447758112,1006.811802468244,0.0,-0.055558246034516506,0.01570055360173228,49.50995910730327,48.6322440114869,48.062676128980605,0.0,1.2223625879348483,-0.6527947054285548,2.9953749752474987,2.5043344159542613,2.5988612486722484,0.0,0.44094760071905115,-0.535474433437038,43.196944862774764
2026-09-02 08:05:00,24.261447217713954,24.24800115627473,24.301080065625992,23.697977461505705,24.90418266974628,0.0,-0.14207641855928135,-0.5420118213169733,0.2578589841984107,0.5884059881950812,0.08899750920801708,1006.7056010556076,1006.7275723973556,1006.7966326191269,0.0,-0.055558246034516506,-0.013501975736744498,48.80609227896491,48.307954865723005,47.07434064333429,0.0,1.2223625879348483,0.011251634453870452,5.260084135349299,6.017096134769166,5.18912516824205,0.0,0.4409476007190511,0.38702336580806485,22.23143113326381
2026-09-02 08:10:00,24.49860177319146,24.4820832581212,24.653628755792965,24.0503828498005,25.25687466178543,0.0,-0.14207641855928135,-0.5422278878542939,0.2580750507357312,-0.1948344708822205,-0.02946907911248431,1006.4662949822045,1006.5447935496138,1006.6443016346617,0.0,-0.05555824603451651,-0.043949839013407654,46.24771548406087,46.64975248122421,45.553152948852095,0.0,1.2223625879348483,-0.1257630555627287,9.277797664248828,9.100733280588681,8.65867548699583,0.0,0.4409476007190511,0.0011101928738010969,0.3885926779998296
2026-09-02 08:15:00,25.272733103383512,25.426726849650557,25.48821508565726,24.88482591182608,26.091604259488438,0.0,-0.14207641855928135,-0.5424438377868671,0.25829100066830435,0.5328078236533784,0.08058818255257805,1006.8331868078052,1006.713098256453,1006.7174099259435,0.0,-0.05555824603451651,0.051246576544031086,43.64620769119451,44.6158802666527,43.5446166663032,0.0,1.2223625879348483,-0.15109898758534257,6.0090414766244535,5.9728922524546455,5.820984501213618,0.0,0.4409476007190511,-0.28903984947802375,13.017627841840103
2026-09-02 08:20:00,25.062472990046267,24.90748042523347,25.2298040379394,24.62627163027874,25.833336445600057,0.0,-0.14207641855928138,-0.5426596713032739,0.2585068341847111,-1.1917022098152579,-0.18024719414664858,1006.5995085102403,1006.5530820273513,1006.6368237002979,0.0,-0.05555824603451651,-0.028183426912164578,45.42721829617612,44.23266644640898,42.75568967287749,0.0,1.2223625879348483,0.25461418559664395,4.163809201560238,3.607029215403707,3.1301039623415523,0.0,0.4409476007190511,0.035977652343103905,4.043171083991784
2026-09-02 08:25:00,24.611171700579497,24.884790547942476,25.046061945549724,24.442386338044606,25.64973755305484,0.0,-0.14207641855928138,-0.5428753885915876,0.25872255147302475,-0.12690737882004655,-0.019194979047966854,1006.6108404063694,1006.6396410419147,1006.6709654546261,0.0,-0.05555824603451651,0.024233833323137333,46.50786992361643,46.372842133683676,44.47655632385889,0.0,1.2223625879348483,0.6739232218899431,6.2073812561008825,6.353267447523151,5.676067177144594,0.0,0.4409476007190511,0.23625266965950598,10.402409595483517
2026-09-02 08:30:00,24.641705903055435,25.035089295557086,25.13248233911077,24.528663565722038,25.7363011124995,0.0,-0.14207641855928138,-0.5430909898393752,0.2589381527208124,0.2954236097170515,0.04468337500559727,1006.708835101561,1006.7504624803933,1006.7774187641154,0.0,-0.05555824603451651,0.028601962312336582,45.32549282678377,45.551997484639394,44.549183239377705,0.0,1.2223625879348483,-0.21954834267315704,3.7574809324650578,3.425577685341925,3.2369031273589943,0.0,0.4409476007190511,-0.25227304273612017,9.630888779804216
2026-09-02 08:35:00,25.35640502956875,25.348576224175083,25.442711493668938,24.838749588333283,26.046673399004593,0.0,-0.14207641855928138,-0.5433064752337002,0.25915363811513753,0.31696234470019036,0.04794114906542646,1006.6329550508042,1006.6809832290425,1006.7625495396942,0.0,-0.05555824603451651,-0.026008064617258242,43.428952670483135,43.34730755798006,42.65771890018551,0.0,1.2223625879348483,-0.5327739301402943,3.324757081470725,3.3552538099405336,2.7971825661455605,0.0,0.4409476007190511,0.11712364307592216,3.73451134508
2026-09-02 08:40:00,24.789454967586806,25.03939705162367,25.26057190843487,24.656466905064864,25.864676911804874,0.0,-0.14207641855928138,-0.5435218449611243,0.2593690078425615,-0.5229583966841354,-0.07909843825191842,1006.7369973817248,1006.7162470894224,1006.7727958184408,0.0,-0.05555824603451651,-0.0009904829839797458,46.365243201808376,44.38380954830671,42.80912269638878,0.0,1.2223625879348483,0.35232426398307837,14.05395402453958,13.890671694662219,12.975191636185519,0.0,0.4409476007190511,0.47453245775764863,33.430138505198705
2026-09-02 08:45:00,26.207306544269795,25.996007130144744,25.98991475421661,25.38566668670073,26.59416282173249,0.0,-0.14207641855928138,-0.5437370992077082,0.25958426208914537,0.9796162467453158,0.1481687944874146,1006.6337382272192,1006.5771247170496,1006.6666548331956,0.0,-0.05555824603451651,-0.03397187011148617,42.44763193731213,42.84850394475915,41.810569916604905,0.0,1.2223625879348483,-0.18442855978059924,6.9890649328322825,6.6657417523531795,7.012219314482486,0.0,0.4409476007190511,-0.7874251628483577,91.09690167583489
2026-09-02 08:50:00,26.102856687495763,26.317900995732145,26.476517872374796,25.872126774577456,27.080908970172135,0.0,-0.14207641855928138,-0.5439522381590147,0.259799401040452,-0.1093570445999319,-0.016540458083369458,1006.4959383093502,1006.9696040018068,1006.9292963774328,0.0,-0.05555824603451651,0.09586587040848826,41.19427194969364,42.40974103056616,41.15371961939266,0.0,1.2223625879348483,0.03365882323865321,6.07940713806085,5.838098687532065,5.130501699569912,0.0,0.4409476007190511,0.2666493872431017,11.20429553040904
2026-09-02 08:55:00,25.598870065464144,25.808325347176037,26.10610884453325,25.501574750294825,26.710642938771674,0.0,-0.14207641855928138,-0.5441672620001107,0.2600144248815479,-1.0294555250408166,-0.15570707879793133,1006.6395579184561,1006.775576009396,1006.8884702439445,0.0,-0.05555824603451651,-0.05733598851406896,44.3024993548919,44.3958287558275,42.64541476400835,0.0,1.2223625879348483,0.5280514038843052,3.9903947900529535,4.05813120027861,3.6268511749601413,0.0,0.4409476007190511,-0.009667575400582606,4.377299034315727
2026-09-02 09:00:00,25.255767954760017,25.428455410797994,25.619343633036625,25.014666576173482,26.224020689899767,0.0,-0.14207641855928138,-0.5443821709155676,0.26022933379700486,-0.3227186674674307,-0.04881180367934945,1006.4115982726668,1006.4735703940596,1006.6146907403661,0.0,-0.05555824603451651,-0.08556210027199995,46.239911916004836,45.41502707336942,44.06908415768847,0.0,1.2223625879348483,0.1235803277461045,1.3627172009140767,0.9782699090534294,0.6058519023826565,0.0,0.4409476007190511,-0.0685295940482783,1.8165273113444282
2026-09-02 09:05:00,26.635994009895466,26.63288139212141,26.534015139473023,25.92919515377755,27.138835125168498,0.0,-0.14207641855928138,-0.5445969650894648,0.260444127970902,1.5929896444510447,0.24094267120766588,1006.5974642971013,1006.5624830223703,1006.5769382987427,0.0,-0.05555824603451651,0.041102969662119904,41.238517821244,40.828016024152575,40.724886208951645,0.0,1.2223625879348483,-1.1192327727339162,1.0862657127594146,0.8616222114523415,0.28982725049732805,0.0,0.4409476007190511,0.13084736023596233,15.209581114806761
2026-09-02 09:10:00,26.20091484230928,25.610065054060875,25.971872588494055,25.366909707734685,26.576835469253425,0.0,-0.14207641855928138,-0.5448116447053903,0.2606588075868276,-1.4527496951717005,-0.21973111587389837,1006.574319281009,1006.5066364569675,1006.5469155594973,0.0,-0.05555824603451651,0.015279143504699277,41.99872094195545,43.41465139607992,41.49497654266833,0.0,1.2223625879348483,0.6973122654767394,5.538008322165601,5.736990336544944,5.075578700456716,0.0,0.4409476007190511,0.22046403536917758,14.567336210974524
2026-09-02 09:15:00,26.89292653424084,26.764581105510413,26.713872683419524,26.108766941340775,27.318978425498273,0.0,-0.14207641855928138,-0.5450262099464436,0.2608733728278808,1.27459471260768,0.19278484065016954,1006.5462121515264,1006.5265920624674,1006.5637508662104,0.0,-0.05555824603451651,0.018399442291524792,40.38282243948673,41.11079247217518,40.20200484993481,0.0,1.2223625879348483,-0.3135749656944782,7.437268916438753,8.218012878901046,7.889695770121038,0.0,0.4409476007190511,-0.11263049193904351,6.284650106348057
2026-09-02 09:20:00,25.90980331406404,25.78462011052712,26.128482986997952,25.52323441732044,26.733731556675462,0.0,-0.14207641855928138,-0.5452406609952365,0.2610878238766737,-1.334108799543067,-0.20178645791155247,1006.5561799502719,1006.6001042768099,1006.6342924561794,0.0,-0.05555824603451651,0.021370066664985643,42.04168741739935,42.55370871210682,40.92693258977829,0.0,1.2223625879348483,0.404413534393683,5.489516309588364,5.632792955454265,5.42238277991424,0.0,0.4409476007190511,-0.2305374251790253,12.782057489982655
2026-09-02 09:25:00,26.456226091117106,26.260575103505012,26.303523677185268,25.698132313605747,26.90891504076479,0.0,-0.14207641855928138,-0.5454549980338955,0.26130216091533276,0.6553825836559142,0.0991278448790247,1006.2910222091253,1006.0089568775159,1006.2028888634667,0.0,-0.05555824603451653,-0.1383737399163465,41.171424817699496,41.456554884526994,40.423703565914316,0.0,1.2223625879348483,-0.18951126932216766,8.536355195102004,8.261176702448818,7.584814156441087,0.0,0.4409476007190511,0.2354149452886798,11.265695589264041
2026-09-02 09:30:00,26.845025495528493,26.869474096437905,26.9157645649793,26.310230441170678,27.52129868878792,0.0,-0.14207641855928138,-0.5456692212440637,0.2615163841255009,0.6332876849816671,0.0957859500178877,1006.4885417555482,1006.253133316242,1006.2222492381212,0.0,-0.05555824603451653,0.08644232415531405,38.28890320316073,37.75999351340795,37.236400800283505,0.0,1.2223625879348483,-0.6987698748104023,1.1693543221926614,1.059220071170968,1.0409243569262845,0.0,0.44094760071905115,-0.4226518864743676,29.801248299767238
2026-09-02 09:35:00,27.007145858675408,26.92335316957116,27.12073571224028,26.515058861851664,27.726412562628894,0.0,-0.14207641855928138,-0.545883330806902,0.2617304936883392,-0.3656557908157403,-0.05530612410983693,1006.5819448691338,1006.486412510793,1006.4533161795499,0.0,-0.05555824603451652,0.0886545772775662,40.08396046414708,39.92350351962247,37.94508533839025,0.0,1.2223625879348483,0.7560555932973756,4.316574087995849,4.326050789841623,3.432982928373155,0.0,0.4409476007190512,0.45212026074941614,33.303884110127065
2026-09-02 09:40:00,26.952150922038268,26.787228520085264,26.997725672597788,26.391906129254497,27.60354521594108,0.0,-0.14207641855928138,-0.5460973269030918,0.26194448978452894,-0.4523628799620738,-0.06842073395324277,1006.5886868504275,1006.6197577659443,1006.6555267695977,0.0,-0.05555824603451652,0.01978924238107993,38.40888698282837,38.34654879428556,37.260380277461614,0.0,1.2223625879348483,-0.13619407111089998,3.344646710641723,3.2398192254510105,2.9751776930896385,0.0,0.4409476007190512,-0.17630606835767937,5.0694225262202695
2026-09-02 09:45:00,27.52346338323043,27.311703353580864,27.376666530772646,26.770704328076246,27.982628733469046,0.0,-0.14207641855928138,-0.5463112097128356,0.2621583725942729,0.5098332907690093,0.07711324136749909,1006.40667719379,1006.3707862217171,1006.5182417600657,0.0,-0.05555824603451653,-0.09189729231411548,37.900772499731964,38.34043195258352,37.04160525503244,0.0,1.2223625879348483,0.07646410961623928,4.984199264753197,5.255116714774277,4.696502514038274,0.0,0.4409476007190512,0.1176666000169524,3.5758438657224256
2026-09-02 09:50:00,26.98767004318037,26.844567446083325,27.091149419112966,26.485044590641294,27.697254247584638,0.0,-0.14207641855928138,-0.54652497941586,0.2623721422972973,-0.6909372475389155,-0.1045055544703608,1006.7461432111248,1006.9678613950398,1006.9019259036055,0.0,-0.05555824603451654,0.1214937374687679,39.38870869844346,40.59584381385698,38.860797370223395,0.0,1.2223625879348483,0.5126838556987394,1.7859748045988992,1.8512168495031667,1.6409987983995915,0.0,0.4409476007190512,-0.2307295496154762,11.747161377935726
2026-09-02 09:55:00,27.49633622946126,27.720636071831247,27.71882094524584,27.112573524553042,28.32506836593864,0.0,-0.14207641855928138,-0.5467386361914166,0.2625857990728539,0.9513372628876695,0.14389154514468672,1006.4210682133945,1006.1987086953451,1006.4557075371624,0.0,-0.05555824603451652,-0.20144059578285578,37.95791523887333,38.85258574830784,38.11421730321942,0.0,1.2223625879348483,-0.48399414284642717,11.513249379073601,11.785605094546563,10.76344831183569,0.0,0.44094760071905115,0.5812091819918219,56.11651543335568
2026-09-02 10:00:00,27.738078426875624,27.605873415950125,27.81645897648249,27.21006899709903,28.422848955865952,0.0,-0.14207641855928138,-0.5469521802182842,0.26279934309972147,-0.4529473885482318,-0.06850914197308455,1006.6902814319743,1006.5775796115338,1006.5428295579605,0.0,-0.05555824603451652,0.09030829960772735,38.1387922425716,37.003284757934765,36.1930561622806,0.0,1.2223625879348483,-0.4121339922806797,3.3174024298737907,3.223069292784502,3.587551822791614,0.0,0.4409476007190511,-0.8054301307261627,94.84153955176475
2026-09-02 10:05:00,28.030438413230723,27.92745067194407,28.056502824851922,27.449970320284628,28.663035329419216,0.0,-0.14207641855928138,-0.5471656116747701,0.2630127745562073,0.08610977958081278,0.013024265651427669,1006.6018855945259,1006.8298993556746,1006.8059131281451,0.0,-0.05555824603451652,0.07954447356394212,36.953807115691106,37.13300309081195,35.67975652739095,0.0,1.2223625879348483,0.23088397548615092,10.615699965690713,11.01335003160709,9.87418537532597,0.0,0.4409476007190511,0.6982170555620684,70.557736221123
2026-09-02 10:10:00,28.241971212113967,28.150631689109318,28.29129542878423,27.68462043251632,28.897970425052144,0.0,-0.14207641855928138,-0.5473789307387122,0.2632260936201494,0.009339909873389729,0.0014126788843675797,1006.4328074482961,1006.4524753469974,1006.6142863345082,0.0,-0.05555824603451652,-0.10625274147628261,37.133681923768464,37.723092599902785,36.19177462416493,0.0,1.2223625879348483,0.30895538780301024,4.977751771021528,4.927806095737064,5.065773249445799,0.0,0.44094760071905115,-0.5789147544277862,49.569234463001834
2026-09-02 10:15:00,27.638020545075285,27.70581924783717,27.950257333452964,27.343439878944054,28.557074787961874,0.0,-0.14207641855928138,-0.5475921375874809,0.26343930046891817,-0.6767629610498851,-0.10236166705651328,1006.7868834682611,1006.9196098556812,1006.877386342746,0.0,-0.05555824603451651,0.09778175896963148,36.13805533269586,36.63314359681157,35.59642009682586,0.0,1.2223625879348483,-0.1856390879491343,13.83425015002414,13.542893189282742,12.483299968768385,0.0,0.44094760071905115,0.6186456197953056,56.960408399397124
2026-09-02 10:20:00,27.602604614111396,27.6938545118171,27.81730607034151,27.210346191027668,28.42426594965535,0.0,-0.14207641855928138,-0.5478052323979805,0.2636523952794177,0.12313804365242476,0.018624860034872626,1006.3312179406516,1006.6389049821421,1006.7704437438771,0.0,-0.05555824603451651,-0.07598051570050757,38.506086288249236,38.0026992775393,36.47373681610497,0.0,1.2223625879348483,0.30659987349948636,6.076535582049472,6.729731696362139,6.944891016671924,0.0,0.4409476007190511,-0.6561069210288366,62.586319083998596
2026-09-02 10:25:00,28.85344674070853,28.2445154328599,28.277526782157633,27.670424511451394,28.884629052863872,0.0,-0.14207641855928138,-0.5480182153466506,0.2638653782280878,0.7210824260980893,0.10906506926154691,1006.6365683607668,1006.5324976980816,1006.6236828649542,0.0,-0.05555824603451651,-0.03562692083812635,35.845444502672194,38.17673187528688,36.96608690755032,0.0,1.2223625879348483,-0.01171762019828293,11.115289714569041,10.567796390480705,9.681383393128149,0.0,0.4409476007190511,0.44546539663350515,29.715112425954647
2026-09-02 10:30:00,28.59911326640761,28.80344030917313,28.89739962593572,28.290154997226107,29.50464425464533,0.0,-0.14207641855928138,-0.5482310866094686,0.2640782494909058,0.31812565411902227,0.048117101796691486,1006.6358960751664,1006.6209989244976,1006.6405455763355,0.0,-0.05555824603451651,0.036011594196565966,35.18572457089364,34.164056921028745,33.823150719825925,0.0,1.2223625879348483,-0.881456386732026,0.5008734059913761,0.27925178839989784,0.43242740019474013,0.0,0.44094760071905115,-0.5941232125138934,54.74791976702225
2026-09-02 10:35:00,28.288224781959954,28.575498388808704,28.831166606107097,28.223779652759667,29.438553559454526,0.0,-0.14207641855928138,-0.5484438463619508,0.26429100924338805,-0.7510108449408435,-0.11359179873911174,1006.3709404283509,1006.3300763932112,1006.4377333993239,0.0,-0.05555824603451651,-0.052098760078138184,36.24221707314666,35.375666315813824,33.66568556463755,0.0,1.2223625879348483,0.4876181632414287,8.07655847885719,7.888450123308072,6.677605448215562,0.0,0.4409476007190512,0.7698970743734588,87.46551300089445
2026-09-02 10:40:00,29.327067277839816,29.117029970367483,29.201746224318846,28.5942169796757,29.809275468961992,0.0,-0.14207641855928138,-0.5486564947791543,0.26450365766059164,0.37923605547506867,0.057360164607917596,1006.6646718105139,1006.3714828598414,1006.3967700144814,0.0,-0.05555824603451651,0.030271091394524774,35.14757246499543,35.334448530004686,33.89043963399276,0.0,1.2223625879348483,0.22164630807707653,10.562040205382107,11.314532087299076,11.037849022737038,0.0,0.4409476007190512,-0.1642645361570132,4.552714025606043
2026-09-02 10:45:00,28.869355195940212,28.674895546993245,28.922442100060884,28.3147705974407,29.53011360268107,0.0,-0.14207641855928138,-0.5488690320356789,0.2647161949171162,-0.6973145571456882,-0.10547013450835863,1006.4010432007412,1006.3544836801779,1006.3904245378723,0.0,-0.05555824603451651,0.0196173883400661,34.66420395200593,36.35764639597701,34.88944092328197,0.0,1.2223625879348483,0.24584288476019367,2.6964057211965184,3.238463386440472,3.33355398435833,0.0,0.44094760071905126,-0.5360381986369096,42.52931113815366
2026-09-02 10:50:00,29.40871240866587,29.318661731110215,29.35321602697503,28.745402299673092,29.961029754276968,0.0,-0.14207641855928138,-0.549081458305668,0.2649286211871053,0.7108812529684698,0.1075221226944656,1006.4630210985954,1006.5951804267025,1006.5860934866683,0.0,-0.05555824603451652,0.06464518606867387,32.75407215560648,32.08511627504314,31.78824643723686,0.0,1.2223625879348483,-0.9254927501285692,2.220996305721728,2.6691747488143873,1.8873032777215846,0.0,0.44094760071905126,0.3409238703737514,22.6745836580098
2026-09-02 10:55:00,29.075277230528588,28.924076426637267,29.158271575322033,28.550315656610262,29.766227494033803,0.0,-0.14207641855928138,-0.5492937737628112,0.2651409366442484,-0.6090419036792376,-0.09211873012548466,1006.4382934701632,1006.519381901435,1006.6054208135969,0.0,-0.05555824603451652,-0.030480666127346012,36.010137301070515,35.79747460855292,33.626947036253235,0.0,1.2223625879348483,0.948164984364837,5.2196494559102655,5.120451857197366,4.526842298608943,0.0,0.44094760071905126,0.15266195786937153,8.946457414932397
2026-09-02 11:00:00,29.981153419445175,30.025938794234495,29.999901981647483,29.391803904774456,30.60800005852051,0.0,-0.14207641855928138,-0.5495059785803454,0.2653531414617827,1.1114786557688312,0.16811323114629317,1006.3569343921199,1006.4497968675281,1006.5396400528591,0.0,-0.05555824603451652,-0.03428493929652632,33.56639678686123,34.42823172527379,33.44313201017881,0.0,1.2223625879348483,-0.2372628728398638,11.621997792642674,12.349851193795207,11.71594359788823,0.0,0.44094760071905126,0.19295999518792506,8.722679394981053
2026-09-02 11:05:00,29.964824360543552,29.57551930327178,29.861864743192125,29.253624541383108,30.470104945001143,0.0,-0.14207641855928138,-0.5497180729310566,0.2655652358124938,-0.9538329424644907,-0.14426902136106534,1006.4747945874396,1006.4184682403437,1006.48242853742,0.0,-0.05555824603451652,-0.008402051041798586,32.74891435857577,32.73462463466558,31.90290666219604,0.0,1.2223625879348483,-0.3906446154653125,6.267953883619745,6.378459484772036,6.524193127376428,0.0,0.44094760071905126,-0.5866812433234427,52.105763118802514
2026-09-02 11:10:00,29.266128038417232,29.042542516809885,29.288254567061337,28.67987227351831,29.896636860604364,0.0,-0.14207641855928138,-0.5499300569872815,0.2657772198687187,-0.6851857632950313,-0.10363563169217116,1006.4464999557687,1006.3480853703678,1006.4105511326559,0.0,-0.05555824603451652,-0.006907516253590984,34.61470937381888,34.34702629019465,32.67060962795451,0.0,1.2223625879348483,0.4540540743052901,6.166301183686526,6.459480194777463,5.756496374051002,0.0,0.44094760071905126,0.2620362200074098,11.998188284498383
2026-09-02 11:15:00,29.854503501529283,30.162342941564265,30.079823594191037,29.471299242092723,30.68834794628935,0.0,-0.14207641855928138,-0.5501419309209092,0.2659890938023465,1.4849122719722487,0.2245957659325093,1006.0376681848636,1006.2280565356484,1006.297665767821,0.0,-0.05555824603451652,-0.014050986138045118,32.848311265502694,33.30081758701207,32.24611528898024,0.0,1.2223625879348483,-0.16766028990301862,2.790382930860001,2.8442915451918633,2.5419508003982694,0.0,0.44094760071905126,-0.1386068559254574,8.243807652350629
2026-09-02 11:20:00,29.82126786064984,29.635623867180236,29.908750554272515,29.300084176774405,30.517416931770626,0.0,-0.14207641855928138,-0.5503536949033829,0.26620085778482017,-0.866437313196645,-0.13105026853299862,1006.4661996899869,1006.3916021180332,1006.3917629570827,0.0,-0.05555824603451651,0.05539740698498008,34.90533619379661,35.12335058598028,33.53215021974606,0.0,1.2223625879348483,0.3688377782993797,0.20193408810339789,0.18709411670642243,-0.28560865602893026,0.0,0.44094760071905126,0.03175517201630143,3.001742945587073
2026-09-02 11:25:00,30.204839951731476,30.45352560735206,30.48589562496675,29.87708725520113,31.094703994732374,0.0,-0.14207641855928138,-0.5505653491057012,0.2664125119871385,0.7253225829977481,0.10970640094458872,1005.9898701853102,1006.0339824911292,1006.1648051845339,0.0,-0.05555824603451651,-0.07526444737015936,33.186654067980946,34.01100509649038,33.1048214956773,0.0,1.2223625879348483,-0.3161789871217664,9.300950305518073,9.22541670334016,8.266398025822998,0.0,0.4409476007190513,0.5180710767981118,40.71493390262972
2026-09-02 11:30:00,29.36266322291703,29.433730862035056,29.783964357082354,29.175014028158333,30.392914686006375,0.0,-0.14207641855928138,-0.5507768936984203,0.2666240565798575,-1.3762280695345162,-0.20815707648801762,1006.3608852979237,1006.3853855000253,1006.3466179153156,0.0,-0.05555824603451651,0.09432583074419654,34.688371117818846,35.72154622907114,34.21220672735461,0.0,1.2223625879348483,0.2869769137816789,2.193434451270648,2.130542453244899,2.402406847259387,0.0,0.4409476007190513,-0.7128119947335394,78.49750960845249
2026-09-02 11:35:00,30.11122325784434,29.74936971492669,29.80087781904796,29.1917855640515,30.409970074044423,0.0,-0.14207641855928138,-0.5509883288516546,0.26683549173309185,0.5987913485477385,0.09056831443800917,1006.3398061116596,1006.5590636640982,1006.5720685993886,0.0,-0.05555824603451651,0.04255331074409696,32.500041760792456,32.74564420879675,32.200754008569426,0.0,1.2223625879348483,-0.6774723877075246,7.291294857664174,7.473842352267598,6.504231627035108,0.0,0.44094760071905137,0.5286631245134377,43.30674684424508
2026-09-02 11:40:00,30.34521812111126,30.4722839601545,30.480016987049215,29.87078283904315,31.089251135055278,0.0,-0.14207641855928138,-0.5511996547350795,0.2670468176165168,0.8882097581529393,0.1343433916645651,1005.969967669695,1006.1156795233459,1006.3012482333753,0.0,-0.0555582460345165,-0.13001046399494953,33.078056735714775,33.31144291601742,31.864064525560426,0.0,1.2223625879348483,0.22501580252214382,11.45435141623556,11.564511355868177,11.15205578675269,0.0,0.44094760071905137,-0.028492031603564172,4.169022492916554
2026-09-02 11:45:00,29.300226031250954,29.276692570812383,29.661445533175947,29.05206952520002,30.27082154115187,0.0,-0.14207641855928138,-0.5514108715179322,0.26725803439936946,-1.6044531227853795,-0.24267654380428283,1006.03280007034,1005.83851127724,1005.9566602472474,0.0,-0.0555582460345165,-0.06259072397301679,34.4222972920056,34.59358607783451,32.96435840228464,0.0,1.2223625879348483,0.4068650876150244,3.5455414299112764,3.5361000188501714,3.64889170480372,0.0,0.4409476007190514,-0.5537392866726005,51.26865717123263
2026-09-02 11:50:00,29.60907351474655,29.517980103496605,29.573596024917034,28.96407818998792,30.18311385984615,0.0,-0.14207641855928138,-0.5516219793690134,0.26746914225045065,0.5716325626587384,0.08646049713885162,1005.8873596205967,1005.7092266455804,1005.7459361963732,0.0,-0.0555582460345165,0.01884869524167243,33.535616153991285,33.92692059931071,32.8823419303896,0.0,1.2223625879348483,-0.17778391901373425,7.6949497899235935,8.147806987733249,7.146868265258977,0.0,0.4409476007190515,0.5599911217552203,45.737865190457896
2026-09-02 11:55:00,29.342075993693467,29.391067412327867,29.512742748023953,28.90308311913528,30.122402376912625,0.0,-0.14207641855928138,-0.5518329784566891,0.2676801413381264,0.13488152004693887,0.020401082863195086,1005.97774434716,1006.0645808198703,1005.9842904520777,0.0,-0.05555824603451651,0.13584861382707913,34.46618935917797,34.51032586947514,33.23103653618883,0.0,1.2223625879348483,0.05692674535146125,2.1131290187006595,1.2231030980784403,1.2683559069482815,0.0,0.4409476007190515,-0.48620040958889255,35.847249310006866
2026-09-02 12:00:00,30.122091713850363,30.21701841096372,30.12452541686831,30.027766946150777,30.22128388758584,0.0,-0.09948577687816228,-0.4061120156540773,0.2071404618977527,0.9278479939444786,0.19197877097357363,1005.9185134831337,1005.9088628360267,1005.9216341854428,0.0,-0.027018722565899746,0.01424737314982849,34.03984867581419,34.03936188995636,34.03749152953338,0.0,0.8975192404130483,-0.8956488799900697,7.124929673237503,7.277895847613862,7.117342570950788,0.0,0.07639796605598181,0.08415531060709203,48.91195261394855
2026-09-02 12:05:00,30.585608908735235,30.727127273130158,30.76724443544009,30.31833786564452,31.216151005235663,0.0,-0.07543862284652755,-0.34452753836912386,0.19365029267606873,0.1804470022122544,0.03532146053659346,1006.0343719792409,1005.9660962116478,1005.9618252573364,0.0,-0.016187981570444293,0.020458935881833895,31.082550602552704,32.039852299214495,32.51106447911681,0.0,0.49419705796409463,-0.9654092378664103,3.1434003223452596,3.3587219343429533,4.250929749713935,0.0,-0.37583444802413596,-0.5163733673468456,37.48577735156545
2026-09-02 12:10:00,30.964884271486284,31.200534840995886,31.297043571374815,30.765970926122026,31.828116216627603,0.0,-0.07354165727051959,-0.34249022460541495,0.19540691006437577,-0.15145400643290685,-0.022967073108407732,1006.0646451816194,1006.2169893642186,1006.1780628173041,0.0,-0.01243021882947641,0.051356765744003496,30.74665419869483,31.959547142978867,31.313502690321467,0.0,0.4966561385065865,0.1493883141508121,8.598666363548087,8.942755224024639,9.079091335007949,0.0,-0.5911174949544951,0.45478138397118606,29.18005463671365
2026-09-02 12:15:00,30.4555021927134,30.53712937526907,30.76807910946452,30.231992431267212,31.304165787661827,0.0,-0.040996350453298185,-0.3082568947540639,0.22626419384746754,-1.2419409791524068,-0.1899533837421501,1006.0261069919108,1006.0542258992241,1006.1222880194748,0.0,-0.005375184167585044,-0.0626869360830824,32.57501739531002,31.368975039603285,30.71141101972588,0.0,0.4764814798525587,0.18108254002484614,4.474118238605695,4.4546568062896865,5.450833068040085,0.0,-0.5744712582175003,-0.42170500353289775,29.744540829107468
2026-09-02 12:20:00,31.135769823913552,30.86064300615628,30.839566459046754,30.310428882215863,31.368704035877645,0.0,-0.04540118594419148,-0.3126863660621291,0.22188399417374613,0.4387955266348662,0.06647773305371629,1005.6790765549108,1005.6869451629442,1005.7842869594086,0.0,0.004337226205954495,-0.10167902267039608,30.15469889512877,30.162715816521228,29.723288392717922,0.0,0.479334063664725,-0.039906639861420956,5.912500870797334,5.974876891012522,6.296811714207968,0.0,-0.5691137957196555,0.24717897252420862,10.337069671959322
2026-09-02 12:25:00,29.987243579553045,29.892514488022808,30.07376475873428,29.54870535138793,30.598824166080632,0.0,-0.04485752478907112,-0.31246481639186063,0.2227497668137184,-0.9017536936528714,-0.1363927459224037,1005.6766741155851,1005.7936484116984,1005.741398465626,0.0,0.0022806852614214662,0.049969260810939886,33.046630906567856,32.49567535981167,31.399825886100754,0.0,0.46598462330038715,0.6298648504105309,7.186745088496681,7.4825296034910975,8.035963272915893,0.0,-0.5690898303903678,0.01565616096557232,4.318381757678845
2026-09-02 12:30:00,29.90935935730746,30.497969024361183,30.37563752259147,29.85126137181467,30.900013673368274,0.0,-0.04349398968835353,-0.3114194999572998,0.2244315205805927,1.0963256315690977,0.16582549145806524,1005.3982263903397,1005.3419600410981,1005.406965315949,0.0,0.002757695689565668,-0.06776297054045699,33.60457371959199,33.355796546403134,32.78911233530094,0.0,0.466107843398439,0.10057636770375211,3.2648563604384044,3.7122062817224584,4.523220964822073,0.0,-0.5688565167956661,-0.2421581663039487,11.839718840004029
2026-09-02 12:35:00,30.61635707836036,30.761255290436704,30.760138209542106,30.235329130038917,31.284947289045295,0.0,-0.04330082377417225,-0.31154747191013177,0.22494582436178726,0.2936663833441635,0.04441790466876938,1005.4706004395875,1005.7058782874084,1005.5779093627725,0.0,0.003300261868995444,0.1246686627669078,33.72978843100799,34.05180139879624,33.680037462787766,0.0,0.4656510709066141,-0.09388713489813938,8.783809302767624,8.693648507213993,8.877645506133602,0.0,-0.5688789232582574,0.3848819243386483,23.122895311376475
2026-09-02 12:40:00,30.836471534687078,31.310328994849378,31.31522271176284,30.789998970887712,31.840446452637966,0.0,-0.043272524487944164,-0.31184116839672316,0.22529611942083483,0.2537409846207943,0.038378807574481755,1005.6750308481861,1005.5568237047012,1005.5668331469163,0.0,0.003239278661895495,-0.013248720877072628,30.968731545590423,31.5042822428244,31.747893017075167,0.0,0.4637453479703146,-0.707356122221082,4.543256269874597,4.623349004812865,5.58165330745593,0.0,-0.5688955651122208,-0.3894087375308448,24.38341208978104
2026-09-02 12:45:00,30.71041343381848,30.989500250258317,31.153543239292148,30.628081741461514,31.67900473712278,0.0,-0.0432336397982189,-0.31212392361066477,0.22565664401422694,-0.7987295645115928,-0.1208093492356106,1005.7095793582863,1005.8081187182377,1005.7521275660763,0.0,0.0033562268719229326,0.05263492528945335,31.48545505143052,31.395753896541443,30.865428566391177,0.0,0.463790401706285,0.06653492844398201,7.901910617061029,8.405482806365656,8.643711541440403,0.0,-0.5688948514632757,0.33066611638852805,17.476769971444824
2026-09-02 12:50:00,29.933510364832877,29.981870779144028,30.189780939717085,29.664159376081084,30.715402503353086,0.0,-0.04319111688773563,-0.31240265881812457,0.2260204250426533,-1.0890379981034464,-0.1647190436853201,1005.217182546154,1005.432257471953,1005.5300923654999,0.0,0.003304523368448243,-0.10113941691531636,32.49818061912621,30.967508351347966,30.38819289328529,0.0,0.46377698409248364,0.11553847397019368,3.1540352065710255,2.51682708380737,3.4952986673275834,0.0,-0.5688940766526485,-0.4095775068675649,28.01499558860513
2026-09-02 12:55:00,30.75815978553563,30.81844119949185,30.639473474257656,30.113700560931697,31.165246387583615,0.0,-0.043206428698974425,-0.31273885000678203,0.2263259926088332,1.468901810040677,0.22217415393316742,1005.2467537330481,1005.0401594096572,1005.122562579468,0.0,0.0033168001938270243,-0.08571997000456122,31.990679434709694,31.21864297024875,30.566003468760858,0.0,0.46373886953036647,0.1889006319575266,8.216599040609255,8.009595260664879,8.090685603021004,0.0,-0.5688941143070682,0.4878037719509427,40.176537573254755
2026-09-02 13:00:00,30.30164188320979,30.29432587523442,30.417214467100347,29.891282468496716,30.94314646570398,0.0,-0.04320703833672853,-0.31305995778345924,0.2266458811100022,-0.5268136564884749,-0.07968155352919837,1005.2631919312498,1005.211691654872,1005.1188327276585,0.0,0.0032976178405861698,0.08956130937292528,32.69967279496674,33.41687253112687,32.48290003689836,0.0,0.46369230270986794,0.470280191518647,2.8241633369748618,3.263914130555751,4.267807780965324,0.0,-0.5688941506599354,-0.4349994997496376,29.701900628942088
2026-09-02 13:05:00,31.117200172952607,30.769639249783307,30.731582601234372,30.20548671207467,31.257678490394074,0.0,-0.0432059080283285,-0.31337894540788974,0.22696712935123273,0.5372664395684446,0.08126255657726489,1005.2389965434472,1005.41032765238,1005.3195054839489,0.0,0.003287403857371205,0.08753476457377474,31.42344531020757,29.231104172579624,29.763007437517846,0.0,0.46371263331637114,-0.9956158982545951,5.6843014423964515,6.012062792478942,6.270088737180256,0.0,-0.568894149847009,0.31086820514569524,20.435417107435182
2026-09-02 13:10:00,31.01813156426595,31.021741014759595,31.049637162283286,30.523376399279922,31.57589792528665,0.0,-0.04320582873745257,-0.3136986052138747,0.22728694773896954,0.10121977776244506,0.015309681213761195,1005.0036945501926,1005.1772812323522,1005.2300971102841,0.0,0.003289256862003483,-0.05610513479382462,30.59556934013185,31.54551106147745,30.508495723348954,0.0,0.46371662388452806,0.5732987142439647,4.075406076396141,4.232139639674149,4.9831698468280345,0.0,-0.5688941491759233,-0.18213605797796184,6.797997818104233
2026-09-02 13:15:00,30.513942922450585,30.756077832959026,30.88291344501923,30.356488122409502,31.40933876762896,0.0,-0.04320585010672112,-0.3140179881764932,0.22760628796305094,-0.552917190184953,-0.08362976195348537,1005.1153067181424,1005.0895823780842,1005.1123062604772,0.0,0.0032891729128372645,-0.02601305530583886,31.60989452774686,32.02687852026249,31.38056307607061,0.0,0.4637181155860031,0.18259732860587619,8.995194609224635,8.860615547291898,9.160753904342569,0.0,-0.5688941491976293,0.2687557921469583,11.292796954728052
2026-09-02 13:20:00,30.698975687139995,30.579047688175756,30.64926046863044,30.122670913772907,31.175850023487975,0.0,-0.04320583209440164,-0.3143369555861637,0.2279252913973604,-0.17855612229462636,-0.02700694836028461,1004.9056441122543,1004.7954434482028,1004.8439510779239,0.0,0.0032886730362232694,-0.05179630275722502,31.612768935022277,32.6657098002463,32.17285105374646,0.0,0.4637182196053103,0.029140526894522623,4.22607768919487,3.961532139499244,4.942241418941197,0.0,-0.5688941492643974,-0.41181513017755567,24.578970872649798
2026-09-02 13:25:00,30.4916750744924,30.574065674304762,30.590902674818757,30.064149024885502,31.117656324752012,0.0,-0.043205841125084674,-0.31465557519366105,0.22824389294349168,0.17433728039579677,0.02636884061109157,1004.8980982324795,1005.041488605829,1004.9471796395729,0.0,0.003289217461922619,0.09101974879422414,33.098453344727055,32.939597995222286,32.56486606557265,0.0,0.46371816960976325,-0.08898623996012844,11.21270341107898,11.035338725306268,11.087789185885594,0.0,-0.568894149263338,0.5164436886840118,39.09406091352029
2026-09-02 13:30:00,30.89732443794672,31.067642647125357,31.01934342753075,30.49242573106554,31.546261123995958,0.0,-0.043205846170298066,-0.3149738172888622,0.22856212494826608,0.6049846689575169,0.09150506576490613,1004.9043453342715,1005.0818776996588,1005.0498618870404,0.0,0.003289274656307302,0.028726537962143084,32.01585846853724,30.366734129318914,30.516298794158356,0.0,0.46371838793055586,-0.6132830527699973,11.454903252524401,11.919305718770008,12.746025426096526,0.0,-0.5688941492615022,-0.25782555806501506,12.395436190229315
2026-09-02 13:35:00,31.307675108080474,31.125739020217978,31.197115650798338,30.670033944698048,31.724197356898628,0.0,-0.0432058469219821,-0.3152916828743534,0.2288799890303892,-0.18625080571630193,-0.02817078365837844,1004.7441633835588,1004.5694638812819,1004.6906357548139,0.0,0.0032892694786835017,-0.1244611430107625,29.303869446490037,29.648159559695234,29.175941508832224,0.0,0.46371838517746516,0.0084996656855445,3.5948601489643908,3.4063273422177867,4.40708721471392,0.0,-0.5688941492614915,-0.4318657232346421,28.422914901311124
2026-09-02 13:40:00,30.530727116954797,30.440466544086064,30.622781740471165,30.0955360696923,31.15002741125003,0.0,-0.04320584977300068,-0.3156091796460047,0.22919748010000335,-0.9197198133842797,-0.13910934661210206,1004.5972734509303,1004.4166864035853,1004.4256432295415,0.0,0.003289274593997479,-0.012246100550100891,33.46758068348742,34.487303182718094,32.8175905183953,0.0,0.46371823326876177,1.2059944310540303,7.502862652977852,7.533289542249749,7.533272334641431,0.0,-0.568894149261314,0.5689113568696316,55.71965728179369
2026-09-02 13:45:00,31.1222052959529,30.91862299785747,30.84496792839112,30.31755834328801,31.372377513494232,0.0,-0.04320584915358346,-0.31592630332946786,0.22951460502230095,0.7726245926863378,0.1168609186199312,1004.5646312534778,1004.5984197557754,1004.5006839644197,0.0,0.0032892463022363943,0.09444654505341532,31.427028472787068,32.166805917197806,32.371081021498846,0.0,0.463718241880659,-0.6679933461816958,2.3316312775562644,2.1055189840977406,3.0792315702811166,0.0,-0.5688941492613132,-0.40481843692206265,28.114952952881207
2026-09-02 13:50:00,30.70021694810589,30.535783826768007,30.634940749506075,30.107367301639915,31.162514197372236,0.0,-0.043205849115241925,-0.3162430592641531,0.22983136103366922,-0.3699198669556516,-0.055951073622825476,1004.485048707317,1004.5794528023313,1004.5528162172835,0.0,0.0032892436306448834,0.023347341417093048,31.563016919652718,31.03286373286229,30.975565308927063,0.0,0.4637182350767351,-0.40641981114151093,5.425900858675065,5.678733067704773,5.87457153006927,0.0,-0.5688941492613183,0.3730556868968211,21.098475803797257
2026-09-02 13:55:00,30.583064482247156,30.325543425516543,30.385807134562537,29.858069875195227,30.913544393929847,0.0,-0.04320584909624156,-0.3165594481687628,0.2301477499762797,-0.11277784097044474,-0.01705785994975173,1004.3590025395787,1004.3141421767941,1004.3710762857718,0.0,0.003289244371935425,-0.06022335334955642,31.608116110270647,31.677524970640764,30.982673175164646,0.0,0.46371823798892986,0.23113355748719044,8.606191891672001,8.444574007568068,9.03452111052287,0.0,-0.5688941492613183,-0.021052953693484255,0.7727608291962793
2026-09-02 14:00:00,30.84145337925089,30.661363686975285,30.621284779981526,30.093383760023293,31.149185799939758,0.0,-0.043205849129869835,-0.31687547134961985,0.23046377308988017,0.550636188187795,0.08328475612362851,1004.2909405071051,1004.3928345801024,1004.3594596687597,0.0,0.003289244886878847,0.03008566645587507,30.74331818860335,30.31704917357941,30.025122732470557,0.0,0.4637182372439225,-0.17179179613507145,7.99137875837682,7.962100591330496,8.689426136916394,0.0,-0.5688941492613184,-0.1584313963245796,4.567793228366931
2026-09-02 14:05:00,30.450378578250408,30.734269714409976,30.7767217239509,30.24865699416416,31.304786453737638,0.0,-0.04320584912988149,-0.31719112998617255,0.23077943172640955,0.004984001599908083,0.0007538395889596927,1004.4839537858707,1004.377433294845,1004.3608384331446,0.0,0.003289245081847659,0.013305616618481508,32.83214546812128,32.176732296769785,31.234900972143816,0.0,0.4637182373214197,0.4781130873045498,7.622214761512467,7.11720012159962,7.699594770651719,0.0,-0.5688941492613184,-0.013500499790780829,1.2204800408904637
2026-09-02 14:10:00,30.61938544602147,30.436290040203414,30.547846613853807,30.019618224953994,31.07607500275362,0.0,-0.04320584913357434,-0.3175064253741296,0.23109472710698092,-0.45190001339434716,-0.06835072451681867,1004.2419210500785,1003.9247170102175,1004.0170288629133,0.0,0.003289244475593614,-0.09560109717142495,31.799043976327066,32.56335483327095,32.06467682954557,0.0,0.4637182372953322,0.034959766430048944,4.435752888600972,3.9517424177394904,4.61521892257724,0.0,-0.5688941492613184,-0.09458235557643135,2.7955331971863955
2026-09-02 14:15:00,30.33422676314784,30.359518606959977,30.40051724620519,29.87212524887588,30.928909243534502,0.0,-0.04320584913351485,-0.3178213587572443,0.23140966049021464,0.01459294228611796,0.0022072098883008096,1004.026407693366,1003.962822532516,1003.9188413945519,0.0,0.003289244521131333,0.0406918934429541,32.15413716649813,31.196111317486,31.14566197693666,0.0,0.46371823749425006,-0.4132688969449063,5.3028044790272775,5.3051064370237295,5.674607242887571,0.0,-0.5688941492613184,0.19939334339747639,6.735601786369169
2026-09-02 14:20:00,31.56796904232953,31.467395291595338,31.320077229259496,30.791521674144125,31.848632784374868,0.0,-0.043205849132732635,-0.31813593138256696,0.23172423311710172,1.259646605844086,0.19052391146857417,1004.0876320814576,1004.0971169034345,1004.0225335624973,0.0,0.003289244475148729,0.07129409646211116,30.93067054936293,30.21561740489764,29.932541452811112,0.0,0.463718237520427,-0.18064228543390115,2.5351982632449634,2.137651116685635,2.9022527227431265,0.0,-0.5688941492613184,-0.1957074567961734,10.039146955943878
2026-09-02 14:25:00,30.76106083133283,30.99683401874022,31.19232291710592,30.66360385480177,31.721041979410067,0.0,-0.043205849132396695,-0.3184501444881782,0.2320384462233848,-1.0068175937378818,-0.15228304923330427,1003.8448817899605,1003.803505795976,1003.8557961278354,0.0,0.003289244514007208,-0.05557957637347499,31.80252494385467,30.91930443707676,30.15630757917203,0.0,0.46371823752231855,0.29927862038241315,8.660955910067376,9.292481901867726,9.416175650677669,0.0,-0.5688941492613184,0.445200400451375,31.53863624110967
2026-09-02 14:30:00,30.428125823101013,30.690358282421737,30.806934991940018,30.27805247299679,31.335817510883246,0.0,-0.043205849132277395,-0.31876399930370797,0.2323523010391532,-0.4850905828076826,-0.07337086038600305,1003.9823913346615,1003.8086008451127,1003.7929155684617,0.0,0.003289244509779085,0.012396032141168689,30.938796964662146,29.746598946022907,29.432480201779008,0.0,0.46371823751753,-0.1495994932736302,6.4309183053135195,5.812461371679845,6.842695770333531,0.0,-0.5688941492613184,-0.46134024939236795,31.070253602056844
2026-09-02 14:35:00,30.750863445313467,30.923677441741255,30.895629040760593,30.366583115680694,31.42467496584049,0.0,-0.043205849132306386,-0.31907749705195165,0.23266579878733887,0.47109663881519026,0.07125425011296826,1003.7730358453761,1003.5006884989942,1003.546531923706,0.0,0.003289244513717243,-0.049132669225400605,32.1501030910264,32.26723452450049,31.233206810998972,0.0,0.4637182375278319,0.5703094759736835,8.523855736739371,8.283803147140139,8.607285129713922,0.0,-0.5688941492613184,0.24541216668753485,11.071122727825792
2026-09-02 14:40:00,30.573802997292212,30.635029907912763,30.713627095429633,30.1844178146686,31.242836376190667,0.0,-0.04320584913230852,-0.31939063894865716,0.23297894068404013,-0.23398941859193556,-0.0353913383845601,1003.6124579601317,1003.5353446394765,1003.4921292351075,0.0,0.003289244514548562,0.039926159854417165,32.96616517634751,33.89536761513309,33.23246021979477,0.0,0.46371823752875996,0.19918915780956326,4.101972877501056,4.106983137681321,4.949124324750496,0.0,-0.5688941492613184,-0.27324703780785686,11.167585722859595
2026-09-02 14:45:00,30.480030629639472,30.433818722271294,30.490699398241834,29.961326812208508,31.02007198427516,0.0,-0.043205849132309744,-0.3197034262028886,0.23329172793826913,-0.09041095723631187,-0.013674826838229848,1003.6065703416584,1003.7412187074059,1003.6607607635714,0.0,0.003289244517052405,0.07716869931743986,33.29050414061125,33.142602735615036,33.133124331917145,0.0,0.4637182375290811,-0.4542398338311884,4.7957840889017795,4.686244207563044,5.055055505088595,0.0,-0.5688941492613184,0.20008285173576734,7.455957168282087
2026-09-02 14:50:00,30.760006938379984,30.521631997541736,30.52199886781341,29.992463026870027,31.05153470875679,0.0,-0.0432058491323084,-0.3200158600168512,0.23360416175223436,0.2832294062392684,0.0428389788606367,1003.2146362714686,1003.4030658873806,1003.4771507850849,0.0,0.003289244515669508,-0.07737414221992367,32.07472243505665,30.870124194605317,31.014698616547033,0.0,0.4637182375298918,-0.6082926594716085,4.877800404334376,4.5465567673352005,5.136808007220417,0.0,-0.5688941492613184,-0.021357090623898678,2.827884449940859
2026-09-02 14:55:00,30.759520466872083,31.148226243096524,31.088356970940247,30.558657925402485,31.618056016478008,0.0,-0.043205849132308315,-0.32032794158597877,0.23391624332136216,0.6814799553364779,0.10307512128858676,1003.1922030092683,1003.370360016889,1003.3696231406499,0.0,0.0032892445156563897,-0.0025523682766106504,32.59662608459352,33.26858171638714,32.174160919534685,0.0,0.4637182375294719,0.6307025593229838,1.233303853830384,0.9459255019818036,1.6749853118206794,0.0,-0.5688941492613184,-0.16016566057755743,6.829096070848868
2026-09-02 15:00:00,30.182768953137277,30.030834349586765,30.297345340431534,29.767483140568572,30.827207540294495,0.0,-0.043205849132307336,-0.32063967209897576,0.23422797383436106,-1.4763793250802948,-0.22330514171246207,1003.0932759014096,1002.9708894711373,1003.0342887007693,0.0,0.003289244515685615,-0.06668847414766788,32.39590018145503,33.74446158468301,33.15634231730337,0.0,0.46371823752945424,0.12440102985018342,4.9245247711036795,4.627328547853908,4.8748488378901875,0.0,-0.5688941492613184,0.321373859225039,20.586938578349972
2026-09-02 15:05:00,30.099390380643868,30.232119650050436,30.19318927657331,29.663163972607908,30.723214580538713,0.0,-0.04320584913230751,-0.32095105273787955,0.23453935447326452,0.5430426723308699,0.08213622260943154,1003.205249451263,1003.0321935027184,1002.9713069741322,0.0,0.0032892445156016735,0.05759728407065268,32.9981600631928,32.481166203875524,32.40364056898451,0.0,0.46371823752943725,-0.3861926026384168,9.706854113542205,9.620837605096186,10.1281891523871,0.0,-0.5688941492613184,0.061542601970405286,2.3902282367340737
2026-09-02 15:10:00,30.150764580161646,30.362677694686326,30.345388985585537,29.8152006276941,30.875577343476973,0.0,-0.04320584913230753,-0.32126208467810613,0.2348503864134911,0.3999590621617237,0.060494558233095574,1003.3555260992098,1003.4300212914568,1003.2962666779773,0.0,0.003289244515482391,0.1304653689639963,32.623332387136095,32.24048897376192,31.83475837496937,0.0,0.4637182375294341,-0.05798763873688273,11.462747646840652,12.048326373695879,12.744259297601246,0.0,-0.5688941492613184,-0.1270387746440491,4.604208660720382
2026-09-02 15:15:00,29.267428515435654,29.156372416054587,29.38664652480035,28.85629516311301,29.916997886487692,0.0,-0.04320584913230758,-0.3215727690885062,0.23516107082389104,-1.2367996041385112,-0.18706825961345785,1003.3426827781316,1003.4379477798713,1003.4443935456001,0.0,0.003289244515485392,-0.009735010244298792,34.409363200064675,34.82189170413139,33.76879894685143,0.0,0.4637182375294483,0.5893745197505069,6.480300836053497,6.50368202502096,7.423305129093271,0.0,-0.5688941492613184,-0.3507289548109931,23.04941400667189
2026-09-02 15:20:00,29.50590297100604,29.713505476469233,29.584356171699522,29.053841856300195,30.114870487098848,0.0,-0.04320584913230754,-0.3218831071314142,0.23547140886679915,1.1395240783108953,0.17235515390201783,1003.0166325022611,1003.0766579430413,1003.192219422169,0.0,0.003289244515486485,-0.11885072364327698,34.62152907845463,35.91902807668267,35.377613405675184,0.0,0.46371823752944863,0.07769643347803878,5.9000402694526395,6.254910416268896,6.583053028366291,0.0,-0.5688941492613184,0.2407515371639235,13.01804368814729
2026-09-02 15:25:00,30.578910478675407,30.73175311934318,30.59840431484897,30.06772709577544,31.129081533922502,0.0,-0.04320584913230753,-0.32219309996270057,0.23578140169808554,1.167289021479597,0.17655465362651412,1002.9096863158227,1002.607576824687,1002.7088598254232,0.0,0.003289244515479918,-0.1045722452516884,32.53068572748015,32.114818410899964,32.67275739642183,0.0,0.46371823752945096,-1.0216572230513137,1.3360119706525833,1.4881048744010257,2.241743824369933,0.0,-0.5688941492613184,-0.1847448007075887,14.749931472779434
2026-09-02 15:30:00,30.606758166979553,30.952350934055907,31.061843005398313,30.53100293264229,31.592683078154334,0.0,-0.043205849132307524,-0.3225027487318209,0.23609105046720585,-0.4382505806099388,-0.06628622221009906,1002.4788323074351,1002.3487996197026,1002.3443315312575,0.0,0.003289244515479972,0.0011788439296651632,31.86601991363109,30.800060088832524,30.48282646827803,0.0,0.4637182375294513,-0.14648461697495918,10.951111408582413,11.28527012797708,11.225080338558865,0.0,-0.5688941492613184,0.6290839386795337,57.04292171958474
2026-09-02 15:35:00,29.762227572370186,29.668358279084845,29.996036935934455,29.465034059441667,30.527039812427244,0.0,-0.043205849132307524,-0.3228120545818659,0.23640035631725087,-1.8807886313794597,-0.28447280771730377,1002.5829155746467,1002.5784622561038,1002.4413314896028,0.0,0.003289244515482346,0.13384152198545962,33.203400548859335,33.70853543387726,32.31246068573748,0.0,0.4637182375294505,0.9323565106103331,0.8598357395633234,0.01984644878524766,1.5090059492619545,0.0,-0.5688941492613184,-0.9202653512153884,135.86360163267628
2026-09-02 15:40:00,30.0020296145163,29.744856811060355,29.701850486663623,29.170684856333857,30.23301611699339,0.0,-0.043205849132307524,-0.32312101864961085,0.2367093203849958,0.5699907740252605,0.08621217352903798,1002.4624658171476,1002.5355485463422,1002.500675054336,0.0,0.00328924451548241,0.031584247490627604,33.79786688274807,34.43712134126191,33.807118436224975,0.0,0.4637182375294505,0.16628466750748316,12.752563011604922,12.661225605260453,12.2020648109043,0.0,-0.5688941492613184,1.0280549436174713,151.84444846076752
2026-09-02 15:45:00,29.80200066399313,29.700902712904227,29.68002655064273,29.148698216329926,30.211354884955533,0.0,-0.043205849132307524,-0.32342964206556407,0.23701794380094904,0.4236774666532135,0.0640820113938041,1002.4049094214209,1002.5200055258113,1002.5186549603927,0.0,0.003289244515482415,-0.0019386790969520007,31.54003174781374,31.54493690816192,31.867023933610177,0.0,0.4637182375294504,-0.785805262977707,6.125264619621385,6.517405246566599,7.878250014587213,0.0,-0.5688941492613184,-0.7919506187592953,93.09890874961597
2026-09-02 15:50:00,30.811712270706288,30.853482979213155,30.699558180140183,30.168067191652497,31.23104916862787,0.0,-0.04320584913230754,-0.32373792595401546,0.2373262276894004,1.303326968282299,0.19713064820527748,1002.3913985068505,1002.4130365351928,1002.4386875072923,0.0,0.0032892445154824794,-0.028940216615069403,31.291503743441258,30.844997135715296,30.460677692988025,0.0,0.4637182375294504,-0.07939879480218082,4.820160141289562,4.6486393944647615,5.068046936335663,0.0,-0.5688941492613184,0.14948660739041664,7.425057576612974
2026-09-02 15:55:00,29.92725309586695,29.93889564128396,30.21465481940325,29.68300122650312,30.74630841230338,0.0,-0.04320584913230754,-0.32404587143308405,0.237634173168469,-1.537523606765319,-0.23255332898698455,1002.2656625669696,1002.3152801379504,1002.3295969235605,0.0,0.0032892445154824963,-0.01760603012564843,33.439554441063414,34.23505742585705,32.87037001635819,0.0,0.4637182375294504,0.9009691719694146,11.932187099193087,12.46092904865397,12.572451712461191,0.0,-0.5688941492613184,0.45737148545409667,39.77522111804169
2026-09-02 16:00:00,29.324162992211726,29.245475412956814,29.390984551975084,28.859168404379304,29.922800699570864,0.0,-0.04320584913230754,-0.3243534796147654,0.23794178135015034,-0.6763770010715646,-0.10230328988596327,1001.9608001830303,1001.9735300017844,1002.0307133756345,0.0,0.0032892445154825067,-0.06047261836556572,34.40098494147465,34.823413745113015,34.34638912376827,0.0,0.4637182375294504,0.013306383815297806,1.1636713571739055,1.608838403304234,3.006016677869429,0.0,-0.5688941492613184,-0.8282841253038766,99.40633792199232
2026-09-02 16:05:00,28.885705927841542,28.503866436046092,28.565790699935864,28.033812047315653,29.097769352556075,0.0,-0.04320584913230754,-0.32466075160497837,0.2382490533403633,-0.12375657960346587,-0.018718414757465496,1002.2925519754554,1002.3953948815881,1002.2588806910918,0.0,0.0032892445154825184,0.13322494598082812,34.653607438479526,34.03885902495673,34.0096152988345,0.0,0.4637182375294504,-0.4344745114072168,6.887913407880964,6.747174193042725,6.628090913210821,0.0,-0.5688941492613184,0.6879774290932223,70.52057794441654
2026-09-02 16:10:00,28.514663863330277,28.6087604625561,28.51698468833844,27.984843580319506,29.049125796357373,0.0,-0.04320584913230754,-0.3249676885036118,0.23855599023899673,0.892429419454551,0.13498162334996522,1001.9436617183146,1001.9905915660382,1002.0666090321828,0.0,0.0032892445154825115,-0.0793067106600347,34.691461678537976,34.730737463582514,34.244178167370215,0.0,0.4637182375294504,0.022841058682850246,6.563026783505026,6.412077727791119,7.190747422311711,0.0,-0.5688941492613184,-0.20977554525927378,8.910065493912047
2026-09-02 16:15:00,29.124720929427408,29.51918982524385,29.376235345760254,28.84393183192288,29.908538859597627,0.0,-0.04320584913230754,-0.32527429140457,0.23886259313995492,1.2307968289981233,0.1861603286159017,1002.0662892152851,1002.0761498642922,1002.0478506367626,0.0,0.0032892445154825136,0.025009983014115278,34.12833490418883,33.04696887856912,32.94723345645633,0.0,0.4637182375294504,-0.3639828154166622,3.6469137204537887,3.3428319677474483,4.059700010753663,0.0,-0.5688941492613184,-0.14797389374489667,7.540825311921511
2026-09-02 16:20:00,28.62370717014067,28.71655741776527,28.954478614107334,28.422012743986425,29.486944484228243,0.0,-0.04320584913230754,-0.32558056139581854,0.23916886313120347,-1.2873582340817258,-0.19471534720975825,1002.2690462003486,1002.228790880478,1002.175287304319,0.0,0.003289244515482516,0.050214331643474,35.85178968099896,36.4005020461493,35.18036712640881,0.0,0.4637182375294504,0.7564166822110394,5.465241311033593,5.276363041474454,5.615578702467079,0.0,-0.5688941492613184,0.22967848826869286,14.758971347818855
2026-09-02 16:25:00,28.237124507723564,28.358951611534266,28.45170534190674,27.91907716499191,28.984333518821572,0.0,-0.04320584913230754,-0.32588649955942933,0.23947480129481427,-0.3275852356266533,-0.04954788124016929,1001.7493389921409,1001.7615327058973,1001.868018769023,0.0,0.003289244515482516,-0.10977530764125731,38.01504151871077,37.80525466320448,37.19400199878578,0.0,0.4637182375294504,0.14753442688925134,7.476184009426687,7.106407290176012,7.675458463845186,0.0,-0.5688941492613184,-0.0001570244078559213,1.7145912264760126
2026-09-02 16:30:00,28.424090996942795,28.538580058173814,28.493648520344586,27.960858086080215,29.026438954608956,0.0,-0.04320584913230754,-0.32619210697162493,0.23978040870700987,0.5827193000516289,0.0881373869615345,1001.438873561984,1001.5115622688099,1001.547066743978,0.0,0.003289244515482516,-0.03879371968355372,36.22305501155562,35.87448634564783,36.118128185417106,0.0,0.4637182375294504,-0.7073600772987234,8.257073664731516,8.385717018861417,8.988793628323107,0.0,-0.5688941492613184,-0.03418246020037152,3.7274230403728863
2026-09-02 16:35:00,28.123761311645115,28.203170645621594,28.276632050768384,27.743679408553696,28.809584692983073,0.0,-0.04320584913230754,-0.326497384702823,0.24008568643820796,-0.20003425369449346,-0.030255556014484597,1001.708616109942,1001.7487374182767,1001.6385024793257,0.0,0.003289244515482511,0.10694569443558066,38.115436784050765,38.08913719592882,37.2737996993191,0.0,0.4637182375294504,0.35161925908027314,0.19323058397812187,0.0,0.9919244787632611,0.0,-0.5688941492613184,-0.42303032950194264,27.54127913062946
2026-09-02 16:40:00,29.101915738768298,29.28824893214192,29.14371710983871,28.61060230902784,29.676831910649582,0.0,-0.04320584913230754,-0.32680233381767987,0.2403906355530648,1.2412254125478803,0.18773767143551368,1001.8517606153684,1001.9088845781203,1001.8398668478258,0.0,0.003289244515482508,0.06572848577900459,36.60121025051822,36.63345640998242,36.5343891488244,0.0,0.4637182375294504,-0.3646509763714292,11.942078924050373,12.123198828907439,11.788379341939201,0.0,-0.5688941492613183,0.9037136362295559,121.4250226646499
2026-09-02 16:45:00,28.647465187970454,28.726539924207586,28.92872599557904,28.39544908548109,29.46200290567699,0.0,-0.04320584913230754,-0.327106955375134,0.24069525711051895,-1.0510958745087216,-0.15898022223914765,1001.9175352047214,1002.1189434839241,1002.0827802422081,0.0,0.0032892445154825093,0.03287399720056783,36.47157646559885,37.1875205148513,36.62092807138305,0.0,0.4637182375294504,0.1028742059388037,3.0331415286730294,3.221565137743104,4.701151128737518,0.0,-0.5688941492613182,-0.9106918417330956,121.18691284996832
2026-09-02 16:50:00,28.156496866197323,28.093961432266667,28.24870497881437,27.715266008693497,28.782143948935243,0.0,-0.04320584913230754,-0.3274112504284487,0.24099955216383365,-0.7374301781335504,-0.11153769741539676,1001.3786468286137,1001.4184214170257,1001.611294008251,0.0,0.0032892445154824924,-0.1961618357407815,37.999586884365414,38.47245930942559,37.7335447429238,0.0,0.4637182375294504,0.27519632897234203,3.6733663281559963,3.1750050066008195,3.387262050409796,0.0,-0.5688941492613182,0.3566371054523416,24.142016764086335
2026-09-02 16:55:00,28.613722824077666,28.454525042075915,28.37428083413834,27.840679853213814,28.907881815062865,0.0,-0.04320584913230754,-0.3277152200252548,0.24130352176063977,0.8161886042581408,0.12345005706988132,1001.5790699131999,1001.4817201351289,1001.4507591494174,0.0,0.0032892445154824937,0.027671741195945287,34.90737335197117,34.78224592893692,35.14083077693809,0.0,0.4637182375294504,-0.8223030855306135,3.9203343355128237,4.385279917411325,4.862500962572779,0.0,-0.5688941492613182,0.09167310409986484,6.371353506531768
2026-09-02 17:00:00,27.9119918533107,27.862197122254564,27.97642207778817,27.44265913523444,28.510185020341897,0.0,-0.04320584913230754,-0.32801886520759266,0.2416071669429776,-0.46954198892368026,-0.07101910640129816,1001.3785000485493,1001.5110410664485,1001.4521451246852,0.0,0.003289244515482491,0.0556066972477538,39.72457937423596,40.33551389401116,38.62222361892524,0.0,0.4637182375294504,1.2495720375564687,1.385383888838453,1.5394666771630197,2.3024888736880307,0.0,-0.5688941492613182,-0.19412804726369282,14.27922934242071
2026-09-02 17:05:00,27.393129144481918,27.45595504377205,27.52203961679237,26.988114761739137,28.055964471845602,0.0,-0.04320584913230754,-0.32832218701195387,0.2419104887473388,-0.1512624146199677,-0.02287872388801304,1001.3784343446089,1001.1735045939586,1001.2200796787146,0.0,0.003289244515482491,-0.049864329271485985,40.52827445847134,40.84886426142463,40.45270303703012,0.0,0.4637182375294504,-0.06755701313493745,2.5442772829780655,2.7691866894115265,3.1617987848050735,0.0,-0.5688941492613182,0.17628205386777118,4.789973147447892
2026-09-02 17:10:00,28.2008497825677,28.137633190343106,28.01596961419106,27.48188289572334,28.55005633265878,0.0,-0.04320584913230754,-0.3286251864693223,0.24221348820470726,1.0900322713621833,0.16486942528435122,1001.7393552665428,1001.577143259432,1001.4547149786997,0.0,0.0032892445154824963,0.11913903621677946,36.634254596190125,36.29297488716129,37.099612040283056,0.0,0.46371823752945035,-1.2703553906512113,14.477003063864085,14.249403503401254,14.362414989939378,0.0,-0.5688941492613182,0.45588266272319444,42.40469248331005
2026-09-02 17:15:00,27.65854187998599,27.721409616612277,27.85210902418044,27.31786049133864,28.38635755702224,0.0,-0.04320584913230754,-0.3289278646052155,0.24251616634060044,-0.5784626353061633,-0.08749355843585604,1001.0680274942459,1001.118404583954,1001.2145986054363,0.0,0.0032892445154824963,-0.09948326599783286,38.058587012798824,37.95881248620964,37.036919536281964,0.0,0.46371823752945035,0.4581747123982254,4.27701218416805,4.463725919709986,5.9760165988568446,0.0,-0.5688941492613182,-0.9433965298855407,129.9821136869776
2026-09-02 17:20:00,26.876940072743825,26.964770099483907,27.12425869055034,26.589848392330317,27.658668988770366,0.0,-0.04320584913230754,-0.3292302224397245,0.24281852417510943,-0.7688019843101479,-0.11628274193412835,1001.2847363598413,1001.3621958600093,1001.2971625628796,0.0,0.0032892445154824937,0.06174405261413085,41.263436984616405,41.14485867354191,39.86193172216998,0.0,0.46371823752945035,0.8192087138424853,2.4200245576032033,2.757942592519823,2.984238420263475,0.0,-0.5688941492613182,0.342598321517666,22.051531191048134
2026-09-02 17:25:00,27.06211046833504,27.228746354589074,27.157320782746904,26.62274876810003,27.691892797393777,0.0,-0.04320584913230754,-0.3295322609875547,0.24312056272293966,0.7578842951552645,0.11463142097447587,1001.2725017905645,1001.085744107039,1001.133938966929,0.0,0.0032892445154824937,-0.05148410440551743,39.224088031461754,39.62829710600111,39.675079537488564,0.0,0.46371823752945035,-0.5105006690168992,2.313371625178635,2.283789105477232,2.7605529500780204,0.0,-0.5688941492613182,0.09213030466052974,4.235789241476596
2026-09-02 17:30:00,26.632017713544837,26.888576707312634,26.953352834412605,26.41861915224585,27.48808651657936,0.0,-0.04320584913230754,-0.32983398125806496,0.2434222829934499,-0.1426116397655619,-0.02157027796766542,1001.3233910581399,1001.2659684359919,1001.2098601419016,0.0,0.0032892445154824937,0.052819049574850396,42.22762338693268,41.934005295155366,41.19360141172844,0.0,0.46371823752945035,0.27668564589748,7.710623324974888,8.311200062749396,8.611161849434591,0.0,-0.5688941492613182,0.2689323625761233,11.073291833148494
2026-09-02 17:35:00,26.270841939677126,26.286443423372898,26.39643624537483,25.86154094455081,26.931331546198848,0.0,-0.04320584913230754,-0.3301353842553071,0.24372368599069202,-0.4415612877216333,-0.06678697286962532,1001.1359274641477,1001.0450148893148,1001.0834694910718,0.0,0.0032892445154824937,-0.041743846272538576,41.688650852742526,41.37632350360522,41.203701471769286,0.0,0.46371823752945035,-0.29109620569351335,9.443314939939231,9.456534330413113,10.245775818114542,0.0,-0.5688941492613182,-0.22034733844011,8.029349861599083
2026-09-02 17:40:00,27.033874585035242,26.77231927200571,26.67812372459907,26.143066853936133,27.21318059526201,0.0,-0.04320584913230754,-0.3304364709780652,0.24402477271345016,0.9084277215097316,0.13740139653894445,1001.1307005278777,1001.0576990794455,1001.042852509223,0.0,0.0032892445154824937,0.011557325706917254,42.2905906588873,43.865596506434464,43.03824637805267,0.0,0.46371823752945035,0.3636318908523464,3.685032262283887,4.027268002419629,4.893904653011014,0.0,-0.5688941492613182,-0.29774250133006674,15.340728583362644
2026-09-02 17:45:00,27.26442511963758,27.19540430027374,27.17541300170801,26.64019460998028,27.710631393435737,0.0,-0.04320584913230754,-0.33073724241989383,0.24432554415527877,0.41782720070803947,0.06319714769803753,1000.9915849238683,1001.1331245903093,1001.0983676423219,0.0,0.0032892445154824937,0.03146770347188976,40.95631378682357,41.70810217222125,41.87281229144389,0.0,0.46371823752945035,-0.6284283567520887,0.9771858182457498,1.0650884604233464,1.5135370992268609,0.0,-0.5688941492613182,0.12044551045780372,4.6322319167577675
2026-09-02 17:50:00,25.77636878103318,25.7851812945145,26.09767140288362,25.562291538821086,26.633051266946154,0.0,-0.04320584913230754,-0.3310376995691566,0.2446260013045415,-1.7803697212611596,-0.2692842592368123,1001.0591327586156,1001.1651085781477,1001.1522929648872,0.0,0.003289244515482494,0.009526368745014224,43.58297602403202,42.97449549249191,42.294043178331194,0.0,0.46371823752945035,0.2167340766312691,3.357232954507594,3.5328894143646545,3.852000240094837,0.0,-0.5688941492613182,0.24978332353113553,16.824764820751742
2026-09-02 17:55:00,26.3940735951365,26.026919843901084,25.952493592471214,25.416952304759786,26.488034880182642,0.0,-0.04320584913230754,-0.3313378434090637,0.24492614514444863,0.777723253051608,0.11763210056217588,1000.9383202504046,1000.9354519234265,1000.9912929042291,0.0,0.0032892445154824915,-0.05913022531808565,43.14609935733508,43.60285215248884,43.01036593835926,0.0,0.46371823752945035,0.1287679766001375,1.6018557488805645,1.100456068590133,1.891557617622742,0.0,-0.5688941492613182,-0.22220739977129078,8.983948404320463
2026-09-02 18:00:00,25.73974297235127,26.017475876371766,26.004356914029103,25.46865425131067,26.540059576747534,0.0,-0.04320584913230754,-0.3316376749177098,0.24522597665309473,0.37239083038117826,0.05632481147496904,1001.056681393343,1000.9747871042757,1000.9543786799161,0.0,0.0032892445154824907,0.017119179844144128,44.94124017055878,45.03592022308292,44.38016647547822,0.0,0.46371823752945035,0.19203551007525022,2.1803966810993685,2.2917128025639775,2.7107848435116315,0.0,-0.5688941492613182,0.14982210831366416,3.760601454875837
2026-09-02 18:05:00,25.634360162673126,25.66283574517522,25.75038666781908,25.214522678691598,26.28625065694656,0.0,-0.04320584913230754,-0.33193719506811104,0.24552549680349597,-0.2931869333574326,-0.044345073511554034,1000.8842646455254,1000.6818171949924,1000.7279113362255,0.0,0.0032892445154824907,-0.04938338574856971,43.95781277911299,44.27105371932107,44.14435913666741,0.0,0.46371823752945035,-0.337023654875793,4.928538540282874,4.708046009905694,5.214919317578086,0.0,-0.5688941492613182,0.062020841588926956,1.612359276017794
2026-09-02 18:10:00,25.419632392398476,25.495902959314535,25.539438195819702,25.003412928837243,26.075463462802162,0.0,-0.04320584913230754,-0.33223640482824196,0.2458247065636269,-0.0021777407519820713,-0.00032938737286158926,1000.9751444750691,1001.1881722158864,1001.0437324240207,0.0,0.0032892445154824907,0.1411505473502075,44.26792611756854,44.37779917722062,43.98497897959497,0.0,0.46371823752945035,-0.0708980399037955,3.3304759621741122,3.076556470440806,3.8298857986310093,0.0,-0.5688941492613182,-0.18443517892888517,7.099977478682536
2026-09-02 18:15:00,25.13661661458738,25.40972190709263,25.43415668079485,24.89797018446767,25.97034317712203,0.0,-0.04320584913230754,-0.3325353051610718,0.24612360689645676,0.12410474502280522,0.018771075430088047,1000.8956700600905,1000.9844871451332,1001.0313238393541,0.0,0.003289244515482493,-0.05012593873630067,46.22331376006967,47.17502787645786,46.1648937733857,0.0,0.46371823752945035,0.5464158655427127,5.513713521363249,6.0369444767030425,6.405729519523359,0.0,-0.5688941492613182,0.2001091064410021,7.565276051097655
2026-09-02 18:20:00,25.325562669889308,25.199534103860838,25.252895288904202,24.716547611698815,25.78924296610959,0.0,-0.04320584913230754,-0.332833897024601,0.24642219875998592,-0.06714188425467071,-0.010155335911058216,1001.0530438026077,1000.9470434369968,1000.972953032599,0.0,0.003289244515482493,-0.029198840117715008,46.52445986881081,46.800956144531966,46.61121799376367,0.0,0.46371823752945035,-0.27398008676114927,3.4765404326712024,3.4124093582524977,4.219691978037837,0.0,-0.5688941492613182,-0.23838847052402068,8.600411216302739
2026-09-02 18:25:00,24.79610882715128,24.910917213328084,24.973450996859846,24.436942187199076,25.509959806520616,0.0,-0.04320584913230754,-0.3331321813718967,0.24672048310728165,-0.12778641156686277,-0.019327934399456126,1000.8630862556613,1000.971026180305,1000.9630010156875,0.0,0.003289244515482493,0.004735920102007185,46.39494396825953,46.3452730096881,46.16891141924833,0.0,0.46371823752945035,-0.28735664708968045,10.728563306799176,10.427572757506526,10.580805484134084,0.0,-0.5688941492613182,0.41566142263376094,25.118923738586073
2026-09-02 18:30:00,25.057476606403675,25.035503781783287,25.02348059164689,24.486810697909952,25.56015048538383,0.0,-0.04320584913230754,-0.3334301591511284,0.24701846088651333,0.3651461452927762,0.055229039268702707,1000.5940630171342,1000.583529474048,1000.6627016439203,0.0,0.0032892445154824963,-0.08246141438780796,45.140189240027354,45.97394170161377,45.613698315713634,0.0,0.46371823752945035,-0.10347485162931491,9.750590786413944,9.642851297981283,10.546767253954169,0.0,-0.5688941492613182,-0.335021806711568,17.150610470411806
2026-09-02 18:35:00,24.748550900393955,24.71173352699077,24.794671405889293,24.25784047641185,25.331502335366736,0.0,-0.04320584913230754,-0.3337278313056031,0.247316133040988,-0.2626878487457738,-0.039732029766216925,1001.0410692121123,1000.998002786383,1000.8731742529392,0.0,0.0032892445154824963,0.12153928892837484,45.695887222255124,45.88251525512542,45.37077852344447,0.0,0.46371823752945035,0.04801849415149917,5.759832862560982,5.3696977938844075,6.106528857355784,0.0,-0.5688941492613182,-0.16793691421005796,5.849314056992658
2026-09-02 18:40:00,24.491044270876692,24.336605793315815,24.414032839396977,23.877040922471203,24.951024756322752,0.0,-0.04320584913230754,-0.3340251987738,0.24761350050918493,-0.22625304221542208,-0.03422119694885595,1000.7101975604967,1000.7754792897401,1000.8121369651283,0.0,0.0032892445154824946,-0.03994691990362753,48.0332976864667,48.13048054992995,47.1624392733648,0.0,0.46371823752945035,0.5043230390357039,4.136134045496996,4.566299385955877,4.966995859603622,0.0,-0.5688941492613182,0.16819767561357324,5.6453992150073615
2026-09-02 18:45:00,24.040278915897076,24.373399558634382,24.36388131022416,23.826728454098813,24.901034166349504,0.0,-0.04320584913230754,-0.33432226248940533,0.24791056422479027,0.3485847524529504,0.052724097542530046,1000.7447508279928,1000.6335260905058,1000.6671816929234,0.0,0.0032892445154824946,-0.03694484693301092,49.41061478565004,49.66183286763893,49.0429275282869,0.0,0.46371823752945035,0.15518710182257678,4.2999465452774634,4.091242322027509,4.639940346012199,0.0,-0.5688941492613182,0.020196125276628507,0.6281377152872551
2026-09-02 18:50:00,23.988059373072296,23.912959365057183,24.002178485873667,23.46486473875415,24.539492232993183,0.0,-0.04320584913230754,-0.3346190233813463,0.24820732511673124,-0.30421620600791144,-0.04601327168417768,1000.7526714519717,1000.7011079740452,1000.6675247717909,0.0,0.003289244515482496,0.03029395773876331,50.37551116599982,50.300623947306725,50.01519817313143,0.0,0.46371823752945035,-0.17829246335415405,4.488965606588874,4.647755586771974,5.17901716673911,0.0,-0.5688941492613182,0.037632569294182794,0.6916740616595847
2026-09-02 18:55:00,24.335250223823166,24.475143073202307,24.392610941821427,23.85513635186985,24.930085531773006,0.0,-0.04320584913230754,-0.334915482373825,0.24850378410920995,0.831315183266387,0.1257379805131862,1001.0497982338027,1001.0680173934326,1000.9682486476884,0.0,0.003289244515482496,0.09647950122871407,47.1616081809432,47.168989775339575,47.57665895161591,0.0,0.46371823752945035,-0.8713874138057847,6.973977579106067,7.380809593369165,7.855595857489061,0.0,-0.5688941492613182,0.09410788514142165,7.87547629425172
2026-09-02 19:00:00,24.046728955110645,23.67172747761626,23.85724369478419,23.31960831011944,24.394879079448945,0.0,-0.04320584913230754,-0.33521164038635204,0.24879994212173698,-0.9408833289782024,-0.14231036803562702,1000.5272568294206,1000.4523391504878,1000.6092228573639,0.0,0.003289244515482489,-0.16017295139158705,49.578123375442935,49.10876770443344,48.14869565830325,0.0,0.46371823752945035,0.49635380860074463,4.704555623963092,4.554509819598673,5.369427720408613,0.0,-0.5688941492613182,-0.24602375154862166,14.904148829753254
2026-09-02 19:05:00,23.267631568646358,23.503629274584316,23.534589268791517,22.996793137489313,24.072385400093722,0.0,-0.04320584913230754,-0.33550749833377996,0.2490958000691649,0.08096332619441426,0.012245854925104993,1001.3245619457116,1001.4249247272518,1001.1982904267174,0.0,0.0032892445154824794,0.22334505601884302,52.905293575142124,52.30435979944302,51.1275098896784,0.0,0.46371823752945035,0.7131316722351713,8.395476977422394,8.55508370710423,8.82681158768078,0.0,-0.5688941492613182,0.2971662686847676,20.788992673135294
2026-09-02 19:10:00,23.50978260543354,23.72022483662495,23.67814176621405,23.140184936307026,24.216098596121075,0.0,-0.04320584913230754,-0.3358030571263358,0.24939135886172073,0.5638866911276459,0.08528891954320628,1001.0208650723984,1001.3012250479501,1001.3527428829783,0.0,0.0032892445154824794,-0.054807079543707005,54.05715693234535,53.2583006231594,52.89755135020114,0.0,0.46371823752945035,-0.10296896457118976,10.149104277033357,9.840078460562028,10.519869243234302,0.0,-0.5688941492613182,-0.11089663341095601,2.913518775942018
2026-09-02 19:15:00,23.58118660011889,23.60067342217835,23.65772127360516,23.119603793082906,24.19583875412741,0.0,-0.04320584913230754,-0.3360983176696542,0.24968661940503914,-0.09151623580452295,-0.01384200229450272,1000.9067096962029,1000.7935649763118,1000.9645839892332,0.0,0.0032892445154824794,-0.17430825743690548,50.167434793089875,49.05384816365221,49.794788472003546,0.0,0.46371823752945035,-1.2046585458807826,3.793723734573052,4.527454605307157,5.39733963803029,0.0,-0.5688941492613182,-0.30099088346181446,23.79063485215226
2026-09-02 19:20:00,22.422719769099448,22.377331275871864,22.606693327653453,22.068415244462603,23.144971410844303,0.0,-0.04320584913230754,-0.33639328086480974,0.24998158260019468,-1.2307695502182163,-0.18615620264928268,1000.8779091591861,1000.6281403647405,1000.6568959504933,0.0,0.0032892445154824794,-0.03204483026831895,54.78790987512421,54.08413598601656,52.529423103237214,0.0,0.46371823752945035,1.0909946452499,5.3347095145206485,5.6156235549056355,5.896531160621946,0.0,-0.5688941492613182,0.2879865435450073,21.73069494518293
2026-09-02 19:25:00,23.117026518123495,23.197026519246208,23.01392830518233,22.475489667226604,23.552366943138054,0.0,-0.04320584913230754,-0.3366879476083485,0.2502762493437335,1.4962066592928487,0.226304063196185,1000.9439860725372,1000.6437250474157,1000.58299667706,0.0,0.0032892445154824794,0.05743912584023292,53.09534247409193,52.95592884651839,52.79861919136156,0.0,0.46371823752945035,-0.3064085823726188,1.8440036629870231,1.7862217313587814,2.5599730085770895,0.0,-0.5688941492613182,-0.20485712795698996,12.255767730050714
2026-09-02 19:30:00,22.44326660587215,22.901024738048207,22.981733361017543,22.443134216157826,23.52033250587726,0.0,-0.04320584913230754,-0.3369823187923207,0.2505706205277057,-0.24794914931894851,-0.037502773837029935,1000.9963561980466,1000.9737859768223,1000.8528580189167,0.0,0.0032892445154824794,0.1176387133901926,55.274997899660896,55.357491965617406,54.60387980188011,0.0,0.46371823752945035,0.2898939262078457,2.7373318748070505,2.5054817555403615,2.8858703423365273,0.0,-0.5688941492613182,0.18850556246515238,7.193243183310351
2026-09-02 19:35:00,22.744705308830206,22.39205796904951,22.51878834244965,21.980028738504053,23.057547946395246,0.0,-0.04320584913230753,-0.33727639530431136,0.2508646970396963,-0.5522214124607352,-0.0835245242678333,1001.0339618672314,1000.9344871787124,1000.9452015149363,0.0,0.00328924451548248,-0.01400358073942698,53.61748762583401,53.4004503753159,53.550550529146925,0.0,0.46371823752945035,-0.6138183913604749,4.1922934908552945,4.158094525003406,4.678860635363968,0.0,-0.5688941492613182,0.048128038900756565,3.026495687126124
2026-09-02 19:40:00,22.0189111654218,22.17531664293663,22.20669978369789,21.667779768441807,22.74561979895397,0.0,-0.04320584913230753,-0.33757017802747213,0.2511584797628571,0.07816569771573967,0.01182270837104582,1001.0413972856455,1001.0725763608056,1001.0656139454978,0.0,0.00328924451548248,0.0036731707922399437,57.35640986306941,55.47184707096752,54.65059417251497,0.0,0.46371823752945035,0.3575346609231005,2.735160156957755,2.6331650402522992,3.3499411221026425,0.0,-0.5688941492613182,-0.14788193258902504,3.7936047638348724
2026-09-02 19:45:00,21.409693616915185,21.227370156484405,21.36315312333159,20.824072744497766,21.902233502165412,0.0,-0.04320584913230753,-0.33786366784055194,0.2514519695759369,-0.6120725278496693,-0.0925771177148782,1000.9941818151822,1001.014071465986,1001.0491882138077,0.0,0.00328924451548248,-0.03840599233717512,55.91842114848877,57.178090234698644,56.45047591581334,0.0,0.46371823752945035,0.26389608135585263,8.163183538014056,8.749066904213908,8.984027277229243,0.0,-0.5688941492613182,0.3339337762459831,17.34010748731515
2026-09-02 19:50:00,21.287827298839204,21.283843619579258,21.219090454303988,20.679849759582588,21.758331149025388,0.0,-0.04320584913230753,-0.3381568656179278,0.25174516735331276,0.7137697574050001,0.1079590144075766,1000.9755658728395,1000.7350833458474,1000.808760303721,0.0,0.0032892445154824833,-0.07696620238903051,58.71361792004142,59.582802018353725,58.89367342336694,0.0,0.46371823752945035,0.22541035745733495,2.3229331949495355,1.955272778285065,3.08622544132011,0.0,-0.5688941492613182,-0.5620585137737268,47.230293344150645
2026-09-02 19:55:00,21.765125920242898,21.715549896427166,21.63881826741572,21.099417304454384,22.178219230377053,0.0,-0.04320584913230753,-0.33844977222963507,0.25203807396502004,0.7929652298903065,0.1199374781437541,1001.0085515494231,1000.7363189750009,1000.7150313235744,0.0,0.0032892445154824833,0.01799840691103327,57.25556062707519,57.612168508048896,57.915374982743536,0.0,0.46371823752945035,-0.766924712224089,4.32666159703323,4.367102024020291,4.542242716703242,0.0,-0.5688941492613182,0.39375345657836647,26.702662733179007
2026-09-02 20:00:00,21.65676220216007,21.57109855060052,21.66314122844365,21.123580044847557,22.20270241203974,0.0,-0.04320584913230753,-0.3387423885413976,0.25233069027678257,-0.32288412016946566,-0.04883682871082229,1001.0296538424783,1001.0740438285302,1000.9655044995314,0.0,0.003289244515482488,0.10525008448325934,57.298025767387614,58.82401830543023,58.24712476810044,0.0,0.46371823752945035,0.11317529980033925,5.305836379116849,5.300334959126737,5.9129854678509455,0.0,-0.5688941492613182,-0.04375635946289069,1.8259011666692693
2026-09-02 20:05:00,20.998145184048695,20.99605215823815,21.144774529464353,20.60505317279629,21.684495886132417,0.0,-0.043205849132307524,-0.33903471541465774,0.2526230171500427,-0.6976212481233581,-0.10551652209389673,1001.2580900848285,1001.2784044100365,1001.2359413597809,0.0,0.003289244515482488,0.03917380574011986,62.99379125736173,62.21189996337476,61.10726798426579,0.0,0.46371823752945035,0.6409137415795243,5.967471453101306,5.932248362997845,6.53118716884907,0.0,-0.5688941492613182,-0.03004465658990707,3.588453506083029
2026-09-02 20:10:00,21.42240860268984,21.19557437363428,21.162306286202526,20.62242480398294,21.70218776842211,0.0,-0.043205849132307524,-0.33932675370660575,0.2529150554419907,0.5056065345600764,0.0764739365640601,1001.2075926299742,1001.1437199302193,1001.212875806377,0.0,0.003289244515482488,-0.07244512067325104,56.72659875856293,58.236698855063736,58.841539070428766,0.0,0.46371823752945035,-1.0685584528944787,3.8223959024669636,3.789810905985461,4.478035982158591,0.0,-0.5688941492613182,-0.11933092691181191,9.1029454778391
2026-09-02 20:15:00,20.309648271337064,20.515484358562656,20.640936202932394,20.10089464263947,21.180977763225318,0.0,-0.043205849132307524,-0.3396185042702092,0.25320680600559414,-0.5437684327732732,-0.08224599523743237,1000.7093465476277,1000.4607750098578,1000.6395913607752,0.0,0.003289244515482488,-0.18210559543285854,63.84008523671143,63.067913975310994,61.65927632333244,0.0,0.46371823752945035,0.9449194144491031,7.8426885296815545,7.8078672866454095,8.10450748237363,0.0,-0.5688941492613182,0.272253953533097,19.57601399446351
2026-09-02 20:20:00,20.755377605559023,20.396548903319303,20.403912772598623,19.863711181668332,20.944114363528914,0.0,-0.043205849132307524,-0.33990996795424205,0.253498269689627,0.23696882937443675,0.03584197985298587,1001.2818561067295,1001.3525647961443,1001.1063113364282,0.0,0.0032892445154824985,0.24296421520057265,64.13446971865905,64.32546005889213,63.77967830019531,0.0,0.46371823752945035,0.08206352116737037,5.041039512557901,5.30295933245753,6.154843464248608,0.0,-0.5688941492613182,-0.2829899825297595,18.176362113553733
2026-09-02 20:25:00,20.10530836604214,20.21326126860781,20.23743295689393,19.697071382720104,20.777794531067755,0.0,-0.043205849132307524,-0.3402011456033133,0.2537894473386983,0.12584413116535842,0.0190341608461857,1001.2468755751755,1001.4376605069891,1001.4056671239808,0.0,0.0032892445154824985,0.028704138492798847,63.06392242375809,62.04485256365073,62.404071965301824,0.0,0.46371823752945035,-0.8229376391805445,4.184845578311815,4.367540912259545,4.8770187206735205,0.0,-0.5688941492613182,0.05941634084734293,4.113988873402757
2026-09-02 20:30:00,20.13732119762998,20.072014027123064,20.10561140969072,19.5650898996251,20.64613291975634,0.0,-0.043205849132307524,-0.3404920380578959,0.2540803397932809,0.06352626398562222,0.009608466564650087,1001.2500870810821,1001.291784447115,1001.3748635029538,0.0,0.0032892445154824985,-0.08636830035425191,63.88531482867306,63.897070105108554,63.141107893925025,0.0,0.46371823752945035,0.29224397365408095,1.4510833117936492,1.576756795205485,2.215069368519361,0.0,-0.5688941492613182,-0.06941842405255771,1.9676018459696891
2026-09-02 20:35:00,20.225874561572027,19.991689582810537,20.024182594047264,19.48350119539958,20.56486399269495,0.0,-0.043205849132307524,-0.34078264615435466,0.25437094788973963,0.0708278020858728,0.01071283789557853,1001.2307827347321,1001.1036616511474,1001.1762959161451,0.0,0.003289244515482495,-0.07592350951324534,64.70160792083833,65.01054111923703,64.35428758849399,0.0,0.46371823752945035,0.19253529321359508,4.347812679577466,3.437615870933885,3.8047234146180986,0.0,-0.5688941492613182,0.2017866055771047,6.654957057931267
2026-09-02 20:40:00,19.672210802952783,19.71268747707252,19.782516798119335,19.24167555815735,20.32335803808132,0.0,-0.043205849132307524,-0.34107297072497444,0.2546612724603594,-0.17602077227156343,-0.0266234719145082,1001.4946870093585,1001.5013698341942,1001.4000462020409,0.0,0.0032892445154824907,0.0980343876377674,67.5539507833803,67.43019851847266,66.65311622935667,0.0,0.46371823752945035,0.31336405158654657,7.210864583636814,7.300803045885764,7.780799844618348,0.0,-0.5688941492613182,0.08889735052873426,2.7783200778086874
2026-09-02 20:45:00,19.672699260810006,19.36130904346871,19.429210513585343,18.88820947953493,19.970211547635756,0.0,-0.043205849132307524,-0.3413630125979882,0.25495131433337315,-0.1632748084601836,-0.024695620984324762,1001.5059538393314,1001.3010367271913,1001.3467536223158,0.0,0.0032892445154824907,-0.04900613963991418,66.85050885491805,67.42161081019016,67.27901201418403,0.0,0.46371823752945035,-0.3211194415233223,5.3700972944863485,4.873405486435324,5.727495557018345,0.0,-0.5688941492613182,-0.28519592132170235,12.467722140301113
2026-09-02 20:50:00,20.03995055914447,20.047893323488395,19.94132851867709,19.40016773772228,20.482489299631897,0.0,-0.043205849132307524,-0.3416527725976042,0.25524107433298915,0.9902069217502749,0.14977065394361233,1001.2862950725179,1001.4449891795937,1001.4205108023401,0.0,0.0032892445154824915,0.021189132738072658,63.14664289104378,63.22585445063359,63.831492405873476,0.0,0.46371823752945035,-1.0693561927693338,7.34771748948725,7.541613538427998,7.888587616291312,0.0,-0.5688941492613182,0.22192007139800385,15.32630094361718
2026-09-02 20:55:00,19.218437271767048,18.93386189020474,19.17745149007961,18.63613100936267,19.718771970796546,0.0,-0.043205849132307524,-0.34194225154403346,0.2555305532794184,-1.324834817548929,-0.20038375074256365,1001.5022348385646,1001.514511488744,1001.5022032200598,0.0,0.003289244515482491,0.0090190241687651,67.40130812656727,66.98337634386526,65.55402862639296,0.0,0.46371823752945035,0.965629479942848,4.539555115887622,4.9819043261587765,5.769335667004538,0.0,-0.5688941492613182,-0.21853719158444296,15.86276217965927
2026-09-02 21:00:00,19.596161682136948,19.688416099000513,19.56293206943276,19.021451936054245,20.10441220281128,0.0,-0.043205849132307524,-0.3422314502535169,0.2558197519889019,1.1152911543065187,0.16868987870005725,1001.33482812498,1001.0696045882171,1001.1801970922284,0.0,0.003289244515482491,-0.11388174852675093,65.65568163027432,65.20223097603244,65.02619772385283,0.0,0.46371823752945035,-0.2876849853498413,1.9529789463287819,1.6751072125522166,2.284442639143055,0.0,-0.5688941492613182,-0.040441277329519965,5.114270700906433
2026-09-02 21:05:00,18.62370432154195,18.438832854815875,18.67801375420335,18.136374015222152,19.219653493184545,0.0,-0.043205849132307524,-0.34252036953835235,0.2561086712737373,-1.295686745990217,-0.19597505025516782,1001.3133836636325,1001.268282509566,1001.2017737934302,0.0,0.0032892445154824885,0.06321947162030028,70.42678156265738,71.07551258074994,69.48356428155246,0.0,0.46371823752945035,1.1282300616680345,0.6445503281741557,0.5660161114713437,1.0287024442473922,0.0,-0.5688941492613182,0.10620781648526967,12.658861801517013
2026-09-02 21:10:00,19.10230307372878,19.01210427032292,18.89439033785491,18.352591040288353,19.43618963542147,0.0,-0.04320584913230752,-0.34280901020692073,0.2563973119423057,1.0639192484741784,0.16091978160031317,1001.4663194076252,1001.5358146341603,1001.4476102618305,0.0,0.003289244515482485,0.08491512781426991,69.18067264925286,68.65767902540728,69.0713736640279,0.0,0.46371823752945035,-0.8774128761500748,3.305883906804411,3.1260771952885116,3.5334562460664944,0.0,-0.5688941492613182,0.16151509848333534,11.221287242370872
2026-09-02 21:15:00,19.282975499610952,19.341765377199586,19.318869708897743,18.776910899721607,19.86082851807388,0.0,-0.04320584913230752,-0.34309737306371285,0.2566856747990978,0.437029407150316,0.0661015174341486,1001.7298383803966,1001.6798812372502,1001.6594701450324,0.0,0.003289244515482485,0.017121847702355808,68.15119742099634,68.8835197973843,68.65376327849704,0.0,0.46371823752945035,-0.23396171864219184,6.018157982380399,6.388787515107439,6.933036895358141,0.0,-0.5688941492613182,0.024644769010616407,0.8628344059493069
2026-09-02 21:20:00,17.534908860272857,17.38040043790441,17.764355378457765,17.222237104606368,18.306473652309162,0.0,-0.04320584913230752,-0.34338545890935523,0.2569737606447402,-2.252858620970425,-0.34074909142104914,1001.7836535338603,1001.7422691756442,1001.7644535568078,0.0,0.003289244515482485,-0.0254736256790693,73.6292887682665,74.60745820253204,73.04409324816643,0.0,0.46371823752945035,1.0996467168361619,6.873649403031876,6.902157768613498,7.598780065150661,0.0,-0.5688941492613182,-0.12772814727584514,20.896647541892204
2026-09-02 21:25:00,18.023358194264503,18.011765394330844,17.828041010981956,17.285763319348217,18.370318702615695,0.0,-0.0432058491323075,-0.34367326854063646,0.2572615702760214,1.5003465701757648,0.2269302324811946,1001.7578078980093,1001.5741475669522,1001.6441050457315,0.0,0.003289244515482488,-0.07324672329480109,74.77883131220955,73.44386022233265,73.6121029914701,0.0,0.46371823752945035,-0.6319610066668986,3.2567519696663823,3.7752507838362823,4.503506022777243,0.0,-0.5688941492613182,-0.15936108967964246,11.721475594523362
2026-09-02 21:30:00,18.392904256643934,18.090138156394964,18.06206890494008,17.519631842375567,18.604505967504593,0.0,-0.0432058491323075,-0.3439608027505324,0.2575491044859174,0.47123449148093144,0.07127510058719011,1001.8296272371317,1001.914608385194,1001.8424127644433,0.0,0.003289244515482491,0.06890637623519069,72.91707056717968,73.8234116770205,73.65430644166523,0.0,0.46371823752945035,-0.29461300217417374,4.55037367638116,4.674499937265376,5.059983319863527,0.0,-0.5688941492613182,0.1834107666631679,6.312502247885007
2026-09-02 21:35:00,17.902303621947325,18.028478742666557,18.0947192232746,17.5521228365896,18.637315609959597,0.0,-0.0432058491323075,-0.3442480623282323,0.25783636406361726,-0.15229319580741674,-0.023034631475734813,1001.8380683888548,1001.7407980088519,1001.7885622508583,0.0,0.0032892445154824868,-0.05105348652182329,76.86572561997657,78.51406377873234,77.26600998272109,0.0,0.46371823752945035,0.7843355584817999,4.066498502707597,4.1392335568983425,4.76566391329127,0.0,-0.5688941492613182,-0.05753620713160945,3.9802489797357334
2026-09-02 21:40:00,17.954990850993916,18.30797361210407,18.32085307396063,17.77809740992421,18.86360873799705,0.0,-0.0432058491323075,-0.3445350480591633,0.25812334979454826,0.20050255374748005,0.030326387275746214,1001.7038638070943,1001.3803970005436,1001.4698915630705,0.0,0.0032892445154824868,-0.09278380704245137,75.4108999200326,75.61250292899415,76.09612809146664,0.0,0.46371823752945035,-0.947343400001941,3.9984629676965695,4.01892500247742,4.57714936937859,0.0,-0.5688941492613182,0.010669782360148261,5.684821876973331
2026-09-02 21:45:00,17.389589869287114,17.948031642869108,18.070654402951778,17.527739508291834,18.613569297611722,0.0,-0.0432058491323075,-0.34482176072501614,0.2584100624604011,-0.5250639751942643,-0.07941691095036418,1001.9038903809618,1001.8482017753612,1001.712145553503,0.0,0.0032892445154824868,0.13276697734272602,78.92704356977484,79.40631091801069,78.3633278265718,0.0,0.46371823752945035,0.5792648539094358,2.8212259275916933,3.0666235573688945,3.669538524687413,0.0,-0.5688941492613182,-0.03402081805720014,4.52116398112444
2026-09-02 21:50:00,17.49218761360341,17.510421242936697,17.606139604823298,17.063065526226634,18.149213683419962,0.0,-0.0432058491323075,-0.3451082011037697,0.2586965028391547,-0.3471858621074091,-0.05251251275429425,1001.9976583382953,1002.1448307956308,1002.0668806659138,0.0,0.0032892445154824868,0.07466088520152425,79.3518510664773,80.18145532597262,79.77165879520048,0.0,0.46371823752945035,-0.053921706757307675,2.1059479327093995,1.5846420732357966,2.176892899668995,0.0,-0.5688941492613182,-0.023356677171880058,1.0057349911452618
2026-09-02 21:55:00,17.22343966390918,17.381080492068616,17.389569912120475,16.846336696232846,17.932803128008103,0.0,-0.0432058491323075,-0.3453943699697156,0.2589826717051006,0.2295272636444068,0.03471642908044714,1002.0286235351683,1001.9705841181783,1002.0508281371033,0.0,0.0032892445154824833,-0.08353326344047218,81.30701547976709,81.08662962762386,80.74283373009479,0.0,0.46371823752945035,-0.11992234000037172,2.5739341428102334,2.5995373294663864,3.057358164899842,0.0,-0.5688941492613182,0.11107331382786256,2.739433726723306
2026-09-02 22:00:00,17.582847301431208,17.22672216684971,17.249954408020706,16.706562101446885,17.793346714594527,0.0,-0.0432058491323075,-0.3456802680934829,0.25926856982886787,0.1320552747473691,0.019973607961311757,1002.1309986692355,1002.391696417004,1002.3296442202218,0.0,0.0032892445154824807,0.058762952266761204,77.04329810556375,77.18912228439405,77.72179229269364,0.0,0.46371823752945035,-0.9963882458290385,1.3122099339338054,1.291196000815416,1.9618485292185275,0.0,-0.5688941492613182,-0.10175837914179331,7.006249840598661
2026-09-02 22:05:00,17.0494648735235,17.35001173878462,17.347374841037343,16.803823490341188,17.8909261917335,0.0,-0.0432058491323075,-0.3459658962420618,0.2595541979774468,0.30308878326256306,0.04584274687958256,1002.0953008530139,1002.1596460452962,1002.2433060875674,0.0,0.0032892445154824807,-0.08694928678664837,79.58873769023474,78.53737806653625,77.6300812321493,0.0,0.46371823752945035,0.4435785968575061,2.5844716191286765,2.8020972672760065,3.25143441394183,0.0,-0.5688941492613182,0.11955700259549484,4.11554763578072
2026-09-02 22:10:00,16.916709975255486,17.071955676200307,17.15800334905766,16.614293000762157,17.70171369735316,0.0,-0.0432058491323075,-0.34625125517882827,0.25983955691421323,-0.28324821502693354,-0.04284182372504475,1002.0772929506438,1002.1281066749859,1002.1534327002331,0.0,0.0032892445154824794,-0.028615269762667594,83.74527388860172,83.85618191142608,82.15853278680427,0.0,0.46371823752945035,1.233930887092356,0.5287868111617194,0.4724763293995084,1.2062330879062269,0.0,-0.5688941492613182,-0.16486260924540025,11.98780698542197
2026-09-02 22:15:00,16.452972045557264,16.356185356567018,16.492046551272836,15.948177251860177,17.035915850685495,0.0,-0.043205849132307496,-0.34653634566356734,0.2601246473989523,-0.612589730419419,-0.09265534557351174,1002.2196629023246,1002.2004031624369,1002.1741993134299,0.0,0.0032892445154824785,0.02291460449157512,83.8723555114352,84.27084510795083,84.104029028423,0.0,0.46371823752945035,-0.2969021580016147,5.463772811975994,5.152152481727192,5.417748597723179,0.0,-0.5688941492613182,0.30329803326533167,14.545351117790245
2026-09-02 22:20:00,16.260886068807583,16.508322228865385,16.45598439762306,15.911956193534689,17.00001260171143,0.0,-0.043205849132307496,-0.346821168452497,0.26040947018788196,0.631685922077093,0.09554368037463234,1002.0886908840687,1002.0784479529041,1002.0963928170488,0.0,0.0032892445154824785,-0.021234108660223683,84.34255504203534,84.75548546037652,84.69723108392026,0.0,0.46371823752945035,-0.4054638610731871,3.3919724623665584,3.394177664842468,4.2406150879710145,0.0,-0.5688941492613182,-0.2775432738672281,12.85190756414358
2026-09-02 22:25:00,16.12333206386207,16.072436848533002,16.1470432843656,15.602856222002284,16.69123034672892,0.0,-0.043205849132307496,-0.3471057242982915,0.2606940260336765,-0.20760461064259417,-0.03140058670029333,1001.9928031332814,1001.9532895880135,1001.9706122910433,0.0,0.0032892445154824776,-0.02061194754526241,83.04703343428977,83.89937321316783,83.88318305341022,0.0,0.46371823752945035,-0.44752807777183534,10.46054962370478,10.135697465044277,10.343034715400282,0.0,-0.5688941492613182,0.36155689890531306,19.833316382082472
2026-09-02 22:30:00,16.296852239016054,16.205247202413144,16.19119234270472,15.646846468426595,16.735538216982846,0.0,-0.043205849132307496,-0.34739001395010444,0.2609783156854894,0.37857850483692346,0.057260708840729535,1002.1318513727659,1002.0865109639535,1002.0348207112376,0.0,0.0032892445154824776,0.04840100820047155,81.67354667575374,81.05370493324531,81.16799977568046,0.0,0.46371823752945035,-0.5780130799645917,2.5521454640562853,1.9745668002800398,3.187389269158997,0.0,-0.5688941492613182,-0.6439283196176389,61.48884870245437
2026-09-02 22:35:00,15.815750030693533,15.910817015779031,15.98780948609516,15.4433048462218,16.53231412596852,0.0,-0.043205849132307496,-0.34767403815359205,0.261262339888977,-0.2233798496424484,-0.03378662118382003,1002.0745431392246,1002.1541732135347,1002.1273377101915,0.0,0.0032892445154824776,0.023546258827764177,87.83361941504005,87.40753400970125,85.4149142266679,0.0,0.46371823752945035,1.5289015455038992,3.582969657725971,3.8011064021716185,3.9424510126229713,0.0,-0.5688941492613182,0.4275495388099655,38.27752243079781
2026-09-02 22:40:00,15.947548635289245,15.734877735323181,15.784213778529661,15.239550419340137,16.328877137719186,0.0,-0.043205849132307496,-0.3479577976509357,0.2615460993863207,-0.04052970621470031,-0.006130194074172479,1002.1136402133957,1001.9732655289271,1002.0202320395957,0.0,0.0032892445154824776,-0.05025575518413916,86.98568435016348,88.50209022695657,88.02778643886137,0.0,0.46371823752945035,0.010585550565750168,3.6603712353821587,3.83408970719056,4.457259944316938,0.0,-0.5688941492613182,-0.054276087865059885,0.706372078607043
2026-09-02 22:45:00,16.511781204901947,16.716106157781937,16.58197052019907,16.037148487932004,17.12679255246614,0.0,-0.0432058491323075,-0.348241293180865,0.26182959491624996,1.1724911592157845,0.17734148671517147,1002.220483336032,1002.0590992617233,1002.0361746225645,0.0,0.0032892445154824776,0.019635394643273685,83.00516962319148,82.88490692418051,84.01842941011834,0.0,0.46371823752945035,-1.59724072346728,0.5066993457826555,0.6468266289807278,1.3750051041749418,0.0,-0.5688941492613182,-0.15928432593289577,20.099957970613964
2026-09-02 22:50:00,15.882604011579655,15.671406049194287,15.939322895202068,15.394342236055694,16.484303554348443,0.0,-0.0432058491323075,-0.34852452547867946,0.2621128272140644,-1.4856741200000076,-0.2247109968754728,1002.1490858773432,1001.9806066197118,1001.9892627863778,0.0,0.0032892445154824776,-0.011945411181500276,86.65824918451062,86.81827621436048,85.46083537344471,0.0,0.46371823752945035,0.8937226033863226,7.435469879267634,7.826348405851378,7.937315619116831,0.0,-0.5688941492613182,0.4579269359958653,39.382945866810296
2026-09-02 22:55:00,15.258891545960209,15.048880587995571,15.15742126540184,14.612282025534064,15.702560505269616,0.0,-0.0432058491323075,-0.3488074952762716,0.26239579701165655,-0.43196045076093625,-0.06533482827396142,1002.2460271344154,1002.552875316567,1002.4163136123927,0.0,0.0032892445154824776,0.13327245965876955,90.99755215112381,90.94394411774364,89.59328658611551,0.0,0.46371823752945035,0.8869392940986813,0.9917930374320644,0.7922834703408869,1.9809868723214255,0.0,-0.5688941492613182,-0.6198092527192204,61.288492211170535
2026-09-02 23:00:00,15.727608246274013,15.545670288592346,15.415352711495983,14.87005493702444,15.960650485967525,0.0,-0.0432058491323075,-0.34909020330214835,0.2626785050375333,1.1472480970948133,0.17352342622867134,1002.0308812056351,1002.1104326408856,1002.2394837651527,0.0,0.0032892445154824833,-0.13234036878259303,89.47412699968088,88.81678233863686,89.20916875660512,0.0,0.46371823752945035,-0.8561046554977167,9.230193768564066,8.800859525732688,8.725227045908921,0.0,-0.5688941492613182,0.6445266290850853,68.17745423263885
2026-09-02 23:05:00,14.944449188060025,15.09634919556325,15.193726075750712,14.648269812752828,15.739182338748597,0.0,-0.0432058491323075,-0.34937265028145337,0.26296095201683833,-0.35815113639925755,-0.05417103105515508,1002.3679974776556,1002.4136713079076,1002.3649576673179,0.0,0.0032892445154824855,0.0454243960742815,90.3467183966725,91.64554176538594,90.9060254965467,0.0,0.46371823752945035,0.2757980313097903,8.206458428029352,8.185449494986939,9.110854086308603,0.0,-0.5688941492613182,-0.35651044206034577,19.06667508588212
2026-09-02 23:10:00,14.155779892584853,14.032424820280912,14.219513734476045,13.67389902898909,14.765128439963,0.0,-0.0432058491323075,-0.3496548369359885,0.26324313867137344,-0.9512811969259136,-0.1438830650628251,1002.3555944184711,1002.1969672179271,1002.2490631026343,0.0,0.003289244515482483,-0.05538512922271366,90.29828535477309,89.8761242252366,89.97437095156458,0.0,0.46371823752945035,-0.5619649638574344,4.816319896379331,4.712069806467557,5.431112977121968,0.0,-0.5688941492613182,-0.1501490213930925,7.371521141772011
2026-09-02 23:15:00,14.43399671870595,14.164397561832516,14.084073682624215,13.538300580645364,14.629846784603066,0.0,-0.0432058491323075,-0.3499367639842354,0.26352506571962037,0.8167153499300053,0.12352972834060871,1002.2505466698913,1002.3440480149925,1002.3078263928273,0.0,0.0032892445154824815,0.03293237764967216,91.50810944503652,90.60628102607097,90.04854564754764,0.0,0.46371823752945035,0.09401714099388414,4.871075133220476,4.618386418189456,5.022249500891933,0.0,-0.5688941492613182,0.16503106655884103,5.666615610134565
2026-09-02 23:20:00,13.958023297813753,13.836887297826593,13.87155469727467,13.325623244761063,14.417486149788276,0.0,-0.0432058491323075,-0.3502184321413767,0.2638067338767617,0.05645185993194879,0.008538449684230898,1002.4879393362256,1002.4704536342576,1002.4364972010274,0.0,0.0032892445154824815,0.03066718871480134,90.78425224694585,90.42366002510366,89.97154025894598,0.0,0.46371823752945035,-0.011598471371769392,5.6643988892589245,5.640444143212585,6.155402351000563,0.0,-0.5688941492613182,0.05393594147334024,0.5283064987851874
2026-09-02 23:25:00,14.437805537983804,14.431397063847706,14.349940096692148,13.803850339560945,14.89602985382335,0.0,-0.0432058491323075,-0.3504998421193176,0.2640881438547026,0.8242067476022719,0.12466281628786646,1002.5438406509344,1002.5759659921041,1002.5634434000737,0.0,0.0032892445154824815,0.009233347514964407,91.02159512974237,89.42023032836194,89.14152741037331,0.0,0.46371823752945035,-0.18501531954082395,3.8479248875658736,3.664443343704498,4.372382630614207,0.0,-0.5688941492613182,-0.13904513764839077,4.5880088815711435
2026-09-02 23:30:00,14.460864556386719,14.224670059653842,14.333566222663006,13.787318206791445,14.879814238534566,0.0,-0.0432058491323075,-0.3507809946267064,0.2643692963620914,-0.43431073965465394,-0.0656903138768552,1002.1744019621751,1002.0279089147956,1002.1716900599056,0.0,0.003289244515482488,-0.14707038962546903,90.29416005444378,89.77313008245723,89.1547333960434,0.0,0.46371823752945035,0.15467844888438265,5.614088780174874,5.063287195167824,5.485443093808573,0.0,-0.5688941492613182,0.14673825062056878,6.0623911178964995
2026-09-02 23:35:00,15.00222576088683,14.771889539079961,14.749840044436974,14.203433815662432,15.296246273211516,0.0,-0.0432058491323075,-0.35106189036895535,0.2646501921043403,0.43143493993034454,0.06525534377529496,1002.31160838446,1002.3356487130726,1002.244644600961,0.0,0.003289244515482484,0.08771486759610525,90.13269523547103,89.35819235718917,88.91465743190463,0.0,0.46371823752945035,-0.020183312244910212,1.1770699426593814,1.0447169354212533,1.8461611642321172,0.0,-0.5688941492613182,-0.23255007954954565,9.026450908210407
2026-09-02 23:40:00,14.343693285801896,14.765952552621814,14.853161729470123,14.306597333590172,15.399726125350075,0.0,-0.0432058491323075,-0.3513425300482618,0.2649308317836468,-0.29092748503879484,-0.044003327716001905,1002.3192536261877,1002.2556785954567,1002.2454251637848,0.0,0.0032892445154824846,0.006964187156427215,90.41240589419051,90.90634879893237,90.1028801245448,0.0,0.46371823752945035,0.3397504368581252,1.296449953259967,0.9555374032488098,1.3566106133381624,0.0,-0.5688941492613182,0.1678209391719656,4.82200776562848
2026-09-02 23:45:00,14.009720541772111,13.837607461009334,14.050244819971336,13.503522302743798,14.596967337198874,0.0,-0.0432058491323075,-0.351622914363628,0.265211216099013,-1.1201944398208337,-0.16943150982969435,1002.3003547135676,1002.185513040013,1002.1948617071665,0.0,0.003289244515482484,-0.012637911669003188,90.61206927907794,90.07333788743004,89.86427840761415,0.0,0.46371823752945035,-0.25465875771355684,4.299404544541722,4.368898966024998,4.775726018612091,0.0,-0.5688941492613182,0.16206709667422547,7.135562231823036
2026-09-02 23:50:00,14.316775880748215,14.252167406993614,14.162784692278628,13.615904099421634,14.709665285135621,0.0,-0.043205849132307496,-0.35190304401088207,0.26549134574626704,0.8766077346230325,0.13258856384729434,1002.570568803998,1002.680684754369,1002.5609238707427,0.0,0.003289244515482479,0.11647163911084135,90.16316604929604,90.87340919775912,90.31150684487706,0.0,0.46371823752945035,0.09818411535260907,4.912176574681562,4.715366147209366,5.427434138950559,0.0,-0.5688941492613182,-0.1431738424798752,6.345969444588654
2026-09-02 23:55:00,12.991472950256485,12.918025550096628,13.139698739648308,12.59266011684036,13.686737362456256,0.0,-0.043205849132307496,-0.35218291968269744,0.2657712214180824,-1.1799347277749082,-0.17846734041937218,1002.4199624314093,1002.1893062601298,1002.3235581121548,0.0,0.003289244515482479,-0.13754109654053082,90.59835648204668,91.71714367650213,91.1361912096184,0.0,0.46371823752945035,0.11723422935428118,8.134850520758421,8.468339963000737,8.893807537306056,0.0,-0.5688941492613182,0.1434265749559991,8.483487652280843
2026-09-03 00:00:00,13.864391375615241,13.780120014061152,13.592495437990301,13.045298830870323,14.13969204511028,0.0,-0.043205849132307496,-0.3524625420686135,0.26605084380399846,1.526132648608078,0.230830425203159,1002.4103227738035,1002.4950392134506,1002.4346336686594,0.0,0.0032892445154824815,0.057116300275652065,89.81977047711428,90.44471074614435,90.34123966970061,0.0,0.46371823752945035,-0.3602471610857094,1.8287185925523812,2.3098784127327407,3.307959987672664,0.0,-0.5688941492613182,-0.429187425678605,32.950042186423474
2026-09-03 00:05:00,13.976058132480787,14.100327480474608,14.093347247302376,13.545992701469771,14.64070179313498,0.0,-0.043205849132307496,-0.35274191185505493,0.2663302135904399,0.33180469447769845,0.050186082304540136,1002.1484569975642,1002.2511299175972,1002.3005978349174,0.0,0.0032892445154824815,-0.05275716183575696,90.111728214821,89.93941758373293,89.56636942409817,0.0,0.46371823752945035,-0.09067007789468562,7.233322674105827,7.4371370860093995,7.51403819903536,0.0,-0.5688941492613182,0.49199303623535773,35.15716674291867
2026-09-03 00:10:00,12.977233482952512,13.166862073046921,13.411739737197806,12.86422729821252,13.959252176183092,0.0,-0.043205849132307496,-0.3530210297253517,0.2666093314607367,-1.3333508394008984,-0.20167181501857634,1002.5414602822395,1002.4095137309068,1002.365450870729,0.0,0.0032892445154824815,0.04077361566237414,90.93773880181898,91.05063039918346,90.25688973037441,0.0,0.46371823752945035,0.33002243127960185,2.670657829479932,2.2053499748849363,3.21370547598843,0.0,-0.5688941492613182,-0.4394613518421755,32.60387484257786
2026-09-03 00:15:00,13.930554757621431,13.869363871315112,13.764588236424151,13.216917949806723,14.31225852304158,0.0,-0.04320584913230749,-0.35329989635975856,0.2668881980951435,0.9783778458087546,0.14798148402326916,1002.2554514195059,1002.132402150336,1002.1866382513718,0.0,0.0032892445154824815,-0.05752534555131206,90.97049887336904,89.75051092125379,89.53946846378177,0.0,0.46371823752945035,-0.2526757800574302,3.89302625506566,4.344585054729372,4.608132850437525,0.0,-0.5688941492613182,0.30534635355316464,16.31697486210642
2026-09-03 00:20:00,13.516304294645076,13.269008637326607,13.411358372005322,12.863530283236942,13.959186460773703,0.0,-0.04320584913230749,-0.3535785124354738,0.26716681417085875,-0.6554886363401469,-0.09914388554640752,1002.4436148731957,1002.4101610210057,1002.3315194888563,0.0,0.0032892445154824815,0.07535228763390478,90.44393171721178,90.3369082191948,89.72259942102967,0.0,0.46371823752945035,0.15059056063567766,3.3934532101067045,3.866169345218834,4.533272617641614,0.0,-0.5688941492613182,-0.09820912316146124,3.165360741460651
2026-09-03 00:25:00,13.126147161779,13.38103520734878,13.384039097392924,12.83605325191549,13.932024942870356,0.0,-0.04320584913230749,-0.35385687862665927,0.26744518036204434,0.26579478094561004,0.04020195908816504,1002.4676236419386,1002.509929073508,1002.4813080317151,0.0,0.0032892445154824815,0.02533179727743118,90.10380627872631,89.41545550427284,89.10522367720843,0.0,0.46371823752945035,-0.1534864104650353,3.931959368092949,3.937596521485331,4.4948807876659345,0.0,-0.5688941492613182,0.011609883080714756,0.3827769212472595
2026-09-03 00:30:00,13.460270601533033,13.441202383293696,13.458942503580426,12.910798946796605,14.007086060364246,0.0,-0.04320584913230749,-0.35413499560445894,0.267723297339844,0.16836636755155254,0.025465728845578184,1002.6196347312064,1002.5967064824342,1002.5956336829362,0.0,0.0032892445154824815,-0.002216445017438673,90.12227167468417,90.67773277960362,89.91088230527032,0.0,0.46371823752945035,0.3031322368038474,2.2212241357064246,2.618101983807084,3.2437263805715464,0.0,-0.5688941492613182,-0.05673024750314415,1.0005568969200787
2026-09-03 00:35:00,14.03390272488389,14.379967087855324,14.284763211712242,13.736461988985521,14.833064434438963,0.0,-0.04320584913230749,-0.3544128640370179,0.26800116577240285,0.9150942751231206,0.1384097252753893,1002.2068820704226,1002.2719164394514,1002.3681709295272,0.0,0.003289244515482486,-0.09954373459129329,90.48911772868898,92.54731964008457,91.75283645192448,0.0,0.46371823752945035,0.3307649506306376,4.602658634117739,4.437156092703735,4.868562976591868,0.0,-0.5688941492613182,0.13748726537318579,6.390252934925801
2026-09-03 00:40:00,13.120443599872177,12.671326420359144,13.055756973450642,12.507298130105385,13.604215816795898,0.0,-0.04320584913230749,-0.3546904845895008,0.2682787863248858,-2.2560031276874337,-0.34122470395919,1001.9361256625876,1002.2005726104683,1002.209096222938,0.0,0.003289244515482486,-0.011812856985216058,90.93454945863033,91.33440676740938,91.33015889377674,0.0,0.46371823752945035,-0.45947036389681273,6.995353057805149,6.435479277350272,6.995296573480861,0.0,-0.5688941492613182,0.009076853130729035,13.429033188990221
2026-09-03 00:45:00,13.072690537243568,13.111771181500233,13.006302271464987,12.457685852786494,13.55491869014348,0.0,-0.04320584913230749,-0.3549678579241111,0.2685561596594961,0.9829614262931319,0.14867475916755346,1002.4006873962646,1002.3245298808922,1002.2633095228567,0.0,0.003289244515482486,0.05793111351999869,91.0730779819475,89.48016586278378,89.48256450530181,0.0,0.46371823752945035,-0.46611688004747975,4.197914617686453,3.969829286099975,4.740361290237178,0.0,-0.5688941492613182,-0.20163785487588504,9.63008894942945
2026-09-03 00:50:00,12.719025030870219,13.10274629764546,13.094596134344089,12.545822185578647,13.64337008310953,0.0,-0.04320584913230749,-0.3552449847001087,0.26883328643549365,0.3395396738033103,0.051356012433679155,1002.6254902743934,1002.368213278788,1002.3400308740889,0.0,0.003289244515482486,0.024893160183523833,90.33593484167139,90.04695068733989,89.30364524049948,0.0,0.46371823752945035,0.2795872093109608,4.517199145323149,5.035989405136576,5.448731078963888,0.0,-0.5688941492613182,0.15615247543400557,4.228963060648151
2026-09-03 00:55:00,12.495887090038428,12.425234262950797,12.568642332932562,12.019710899287507,13.117573766577618,0.0,-0.04320584913230749,-0.3555218655738288,0.2691101673092139,-0.6624858077820779,-0.10020222084945729,1002.5218453744906,1002.6457339119452,1002.585690418417,0.0,0.0032892445154824885,0.05675424901266979,89.99178672902866,90.08977946932822,89.4687938396837,0.0,0.46371823752945035,0.1572673921150738,7.559124156831245,7.111800179747803,7.62906866759751,0.0,-0.5688941492613182,0.05162566141161129,1.9284916930872238
2026-09-03 01:00:00,13.104727716305153,13.059629031638226,12.957820978311425,12.408732104955192,13.506909851667658,0.0,-0.04320584913230749,-0.3557985011986998,0.2693868029340848,0.9587577151068114,0.14501390245910883,1002.3463723179693,1002.5988695043585,1002.634496739668,0.0,0.003289244515482485,-0.03891647982493396,90.74511462616975,90.81500056637796,90.17810297441297,0.0,0.46371823752945035,0.17317935443554688,6.085826920031941,6.08568330461139,6.797762216892412,0.0,-0.5688941492613182,-0.14318476301970406,5.472779217360413
2026-09-03 01:05:00,12.37066451942397,12.429766857742038,12.582977594207879,12.033731326270065,13.132223862145693,0.0,-0.04320584913230749,-0.35607489222526134,0.2696631939606463,-0.7272960222570379,-0.11000488733353286,1002.2184759360165,1002.2773911904742,1002.3754722112516,0.0,0.003289244515482485,-0.10137026529287141,90.14795605273268,89.56330555224568,89.41051259780014,0.0,0.46371823752945035,-0.310925283083904,4.516152943927038,4.526396111929102,5.119592982922031,0.0,-0.5688941492613182,-0.024302721731610966,3.0064083598972884
2026-09-03 01:10:00,12.68598656381323,12.57422740003624,12.572361449774109,12.022957832345522,13.121765067202695,0.0,-0.04320584913230749,-0.35635103930118206,0.26993934103656714,0.2979916730076937,0.04507179939443873,1002.3890172549887,1002.2258549536857,1002.2237149017201,0.0,0.003289244515482485,-0.001149192549860345,90.32275699240307,90.51899038651263,89.84683063958376,0.0,0.46371823752945035,0.20844150939942097,3.0023952527486832,2.8485029795583396,3.4160977152987173,0.0,-0.5688941492613182,0.00129941352094054,0.43855302776820226
2026-09-03 01:15:00,12.41433595664559,12.351921570235044,12.41343077603755,11.863869854170268,12.962991697904833,0.0,-0.04320584913230749,-0.3566269430712774,0.2702152448066625,-0.12101242792809153,-0.018303356670198667,1002.0961292066836,1002.0775453521983,1002.0740233968385,0.0,0.003289244515482485,0.00023271084432963107,91.22543524310765,90.23143457357214,89.82350470471548,0.0,0.46371823752945035,-0.05578836867277914,8.087406115428477,7.954349635477342,8.225047645718071,0.0,-0.5688941492613182,0.2981961390205896,12.739256652278318
2026-09-03 01:20:00,12.748824296062399,12.681261277224118,12.656184928199167,12.106466746906591,13.205903109491743,0.0,-0.04320584913230749,-0.3569026041775273,0.27049090591291225,0.4514469521719402,0.06828219815725944,1002.2863706200452,1002.1185920974135,1002.0724076074762,0.0,0.003289244515482485,0.042895245421846084,90.9998478956266,90.24392091747855,89.79600404603825,0.0,0.46371823752945035,-0.015801366089149838,5.101769084777372,5.123443825048232,6.04277687912908,0.0,-0.5688941492613182,-0.3504389048195291,18.222526038194356
2026-09-03 01:25:00,12.646341139262592,12.520856992377318,12.604263406898848,12.054388011155762,13.154138802641935,0.0,-0.04320584913230749,-0.3571780232590931,0.27076632499447817,-0.2657855665213926,-0.04020056538922212,1002.2620990598206,1002.358527383915,1002.2808730383963,0.0,0.003289244515482488,0.07436510100319538,90.65808853358627,91.17472664686923,90.53097229653036,0.0,0.46371823752945035,0.18003611280941811,2.7496355333604416,2.5809868307800237,3.147095159089533,0.0,-0.5688941492613182,0.002785820951809015,0.9549610965463164
2026-09-03 01:30:00,12.887360857166666,13.133132167206778,13.088109835450535,12.538077270193153,13.638142400707917,0.0,-0.04320584913230749,-0.3574532009523357,0.27104150268772076,0.5833195830350864,0.08822818088855122,1002.3153429034824,1002.1126493430776,1002.1762899057004,0.0,0.003289244515482488,-0.0669298071383082,89.96003565887762,89.14750507417375,89.14782348770682,0.0,0.46371823752945035,-0.46403665106251424,3.079536653744489,2.6529191045941096,3.091972443569185,0.0,-0.5688941492613182,0.12984081028624272,4.8347245519727196
2026-09-03 01:35:00,12.231643909639075,12.323859516098363,12.535804691978326,11.985615002104355,13.085994381852297,0.0,-0.04320584913230749,-0.3577281378908319,0.2713164396262169,-1.1156180794931885,-0.16873932674765513,1002.5390333368023,1002.4940140187781,1002.4132074624757,0.0,0.0032892445154824915,0.0775173117868917,90.65562752507412,91.08619680946794,90.16545115659669,0.0,0.46371823752945035,0.45702741534179836,7.011642285971607,7.0761518688546445,7.455761352979553,0.0,-0.5688941492613182,0.18928466513640974,9.867297279932885
2026-09-03 01:40:00,12.294853649551408,12.344979295972069,12.352800016269219,11.80245324663791,12.903146785900528,0.0,-0.04320584913230749,-0.35800283470539174,0.2715911364407767,0.2339483642288851,0.03538512883515743,1002.1515314680329,1002.0008807940887,1002.1248840508212,0.0,0.003289244515482497,-0.1272925012478936,91.08571300119075,89.99014198146591,89.75120557382206,0.0,0.46371823752945035,-0.22478182988560036,1.168664444322817,1.4906744190563086,2.505395953688721,0.0,-0.5688941492613182,-0.4458273853710941,30.55862310702413
2026-09-03 01:45:00,11.982307610124636,12.14402181150266,12.179175552944574,11.62867174837678,12.729679357512369,0.0,-0.04320584913230749,-0.35827729202407543,0.2718655937594605,0.05323641554445224,0.008052107690392774,1001.982795822721,1002.0018195254912,1001.9935320262008,0.0,0.003289244515482497,0.00499825477493232,90.34450861234107,91.75636931937446,90.96007927816326,0.0,0.46371823752945035,0.3325718036817449,12.09988003007735,12.360751785673376,12.213058290924915,0.0,-0.5688941492613182,0.7165876440097794,73.84722700134537
2026-09-03 01:50:00,12.170968529210874,12.11809736257018,12.136513094627574,11.585852299905799,12.68717388934935,0.0,-0.04320584913230749,-0.35855151047221023,0.2721398122075952,0.16389956825468843,0.02479011707491452,1002.0207395726837,1001.9657883211131,1001.9387654735083,0.0,0.003289244515482497,0.02373360308934025,91.22120688581073,90.60179094788748,90.46225687821901,0.0,0.46371823752945035,-0.32418416786097737,2.0554580883733222,1.8125374481563787,3.306643754353793,0.0,-0.5688941492613183,-0.925212156936096,122.810001407508
2026-09-03 01:55:00,12.478347166255618,12.32350640258504,12.32164747356196,11.77082973343042,12.8724652136935,0.0,-0.04320584913230749,-0.35882549067240654,0.2724137924077915,0.2979452521680699,0.04506477815538723,1001.7236938902005,1001.7502082056881,1001.7718260288011,0.0,0.003289244515482497,-0.024907067628532786,91.21367238297337,91.03473912553062,90.52221176074998,0.0,0.46371823752945035,0.048809127251189466,6.9351734170017165,6.5598050423884136,6.481627589503264,0.0,-0.5688941492613183,0.6470716021464682,60.039288412663815
2026-09-03 02:00:00,12.612835272467276,12.492310411544365,12.524273291043077,11.97329865020775,13.075247931878403,0.0,-0.04320584913230749,-0.35909923324457504,0.2726875349799601,0.07433276185336979,0.011242969633595834,1001.848454693851,1001.8518072770959,1001.799998553722,0.0,0.003289244515482497,0.048519478858338516,91.40861573056213,91.67310633943445,91.07690781249634,0.0,0.46371823752945035,0.13248028940866163,3.897461258037136,3.8122048933907022,4.674797458963211,0.0,-0.5688941492613183,-0.29369841631119087,12.673891437070312
2026-09-03 02:05:00,11.927659781575002,11.928016389795925,12.083799127922898,11.532667631051583,12.634930624794213,0.0,-0.04320584913230749,-0.35937273880594267,0.27296104054132764,-0.7443007810702351,-0.11257688899466523,1001.8540874699793,1001.7060886158207,1001.7189788103009,0.0,0.003289244515482497,-0.016179438995663986,90.68108227724095,90.22880231524007,90.10001493423862,0.0,0.46371823752945035,-0.3349308565279898,4.527737763922841,4.99807521686154,5.420324886235638,0.0,-0.5688941492613183,0.14664447988722085,5.014708941836146
2026-09-03 02:10:00,12.634727286334261,12.42288494465968,12.358874993154139,11.807586684876505,12.910163301431773,0.0,-0.04320584913230749,-0.35964600797106905,0.273234309706454,0.7088560082842985,0.10721580063784941,1001.7989836498209,1001.8930152093502,1001.8372331827478,0.0,0.0032892445154824993,0.05249278208691521,90.87198204974543,90.98670681860247,90.32210290615328,0.0,0.46371823752945035,0.2008856749197463,8.018878841821476,8.212558265509339,8.681074217306765,0.0,-0.5688941492613183,0.10037819746389154,3.1681611352681864
2026-09-03 02:15:00,12.823369869073737,12.723317665756403,12.730063053536945,12.178617978444587,13.281508128629303,0.0,-0.04320584913230749,-0.35991904135186215,0.2735073430872472,0.24105791254888054,0.036460461351765616,1001.8619552300657,1001.8546403822893,1001.8617890827912,0.0,0.0032892445154824993,-0.010437945017429229,91.29860783975363,91.75889321936972,91.10613347276843,0.0,0.46371823752945035,0.18904150907184203,4.013791231388907,4.224980634427177,5.116685367255752,0.0,-0.5688941492613183,-0.3228105835672572,15.205296785734237
2026-09-03 02:20:00,12.444585359851146,14.541362031476858,14.3546334294363,13.803031632082796,14.906235226789804,2.2,-0.04320584913230749,-0.36019183955759526,0.27378014129298023,1.520208926816501,0.22993445117286626,1001.6767230565204,998.5284437053405,999.2816947726435,-3.0,0.0032892445154824993,-0.7565403118185259,90.78862229994233,98.05711288594512,96.44317990463071,6.5,0.46371823752945035,1.1502147437849572,4.82966150994265,5.096618595478298,5.4541051460548315,0.0,-0.5688941492613183,0.21140759868478476,82.55699397368006
2026-09-03 02:25:00,13.031887516945057,15.65679876291086,15.7070442183649,15.15528574326586,16.258802693463938,2.2,-0.04320584913230749,-0.36046440319492157,0.27405270493030665,-0.046542274622098034,-0.007039606321731284,1001.9287962458862,999.2649352293171,998.8736146204716,-3.0,0.0032892445154824824,0.3880313643300042,90.35548701445846,97.48868496323682,97.70469865693086,6.5,0.46371823752945035,-0.6797319312234862,1.236660886311581,1.362890855067157,2.1213090072064302,0.0,-0.5688941492613183,-0.189524002877955,24.285525272037972
2026-09-03 02:30:00,11.977464872647584,13.622701884660799,14.180265483694239,13.628350375327367,14.73218059206111,2.2,-0.04320584913230749,-0.3607367328678909,0.27432503460327595,-3.4006702300956846,-0.5143577499011318,1001.7208939288422,998.7923584538497,998.6209774722114,-3.0,0.00328924451548249,0.1680917371228361,90.30771163908531,96.67026326804317,96.88873676201507,6.5,0.46371823752945035,-0.6821917315013479,0.2666356380752579,0.3028182023593315,0.7621226705716397,0.0,-0.5688941492613183,0.10958968104901007,35.240727274914676
2026-09-03 02:35:00,11.798774240904345,13.96285029662322,13.88019620022474,13.328124503029876,14.432267897419603,2.2,-0.04320584913230749,-0.36100882917796506,0.27459713091335003,0.8321215535496087,0.12585994553078805,1001.6794500368239,998.6564609538141,998.5479019555172,-3.0,0.0032892445154824946,0.10526975378138559,90.63861411312811,97.02130869389323,96.60893310130754,6.5,0.46371823752945035,-0.05134264494375884,2.9143383474760833,3.113030416470474,3.505100224620046,0.0,-0.5688941492613183,0.17682434111174627,7.385649301439158
2026-09-03 02:40:00,11.598636645364191,14.143775403927144,14.075931447408905,13.523703205788092,14.628159689029719,2.2,-0.04320584913230749,-0.36128069272403296,0.2748689944594179,0.7342044874531641,0.11104980565054667,1001.5915005695769,998.8037812485821,998.7015266781638,-3.0,0.0032892445154824902,0.09896532590289553,89.85986209191051,98.23914893833054,97.50494641481276,6.5,0.46371823752945035,0.2704842859883314,5.875632548870756,5.711782717605351,6.2963606852487315,0.0,-0.5688941492613183,-0.015683818382062675,2.807144595018904
2026-09-03 02:45:00,12.925851194343668,15.150220087170158,15.037012757322186,14.484628015639709,15.589397499004663,2.2,-0.04320584913230749,-0.36155232410242655,0.2751406258378115,1.0341238981139185,0.15641317898028007,1001.623757962118,998.900030303526,998.8630505752478,-3.0,0.0032892445154824902,0.033690483762711665,90.52705947083743,97.78697072543686,97.47520932335385,6.5,0.46371823752945035,-0.15195683544644112,1.9774912076913034,1.553152304281407,2.4256370180016678,0.0,-0.5688941492613183,-0.3035905644589425,15.984189513539059
2026-09-03 02:50:00,12.610293821206017,14.960977315890235,15.130576153620785,14.578034956203238,15.683117351038332,2.2,-0.04320584913230749,-0.3618237239069356,0.2754120256423206,-0.8356457615375348,-0.12639298859824244,1001.6840917310137,998.6622893176666,998.732711263921,-3.0,0.0032892445154824902,-0.07371119076992727,91.12484443214932,96.88738550709314,96.65496113864707,6.5,0.46371823752945035,-0.23129386908337324,1.911356395855592,2.128255476242889,2.4863308507988107,0.0,-0.5688941492613183,0.21081877470539645,8.912006337994583
2026-09-03 02:55:00,12.351216625148364,14.571181888168317,14.725957370041925,14.173259761178256,15.278654978905594,2.2,-0.04320584913230749,-0.36209489272882334,0.2756831944642084,-0.7376413181661512,-0.1115696327413005,1001.3902568559943,998.4423664789595,998.4938516471695,-3.0,0.003289244515482488,-0.05477441272557826,89.4627273666674,96.04271789767984,95.67815582669213,6.5,0.46371823752945035,-0.09915616654174642,4.0012725600334464,4.372593991758214,4.857006548566691,0.0,-0.5688941492613183,0.0844815924528417,2.7200467124840495
2026-09-03 03:00:00,12.514111434639181,14.580644758395886,14.595170017777066,14.042316041718635,15.148023993835498,2.2,-0.04320584913230749,-0.36236583115684107,0.27595413289222603,0.18962138271853668,0.028680589751127528,1001.3818591618,998.2336587390995,998.249375967963,-3.0,0.003289244515482489,-0.01900647337902228,91.33705506575568,97.56894055473312,96.65860662509849,6.5,0.46371823752945035,0.44661569210518337,5.618785711656157,5.283316129849347,5.92063463655991,0.0,-0.5688941492613183,-0.06842435744924469,1.8203266705868502
2026-09-03 03:05:00,11.984352358296581,13.7359691713948,13.878424606219196,13.325414307179823,14.43143490525857,2.2,-0.04320584913230749,-0.3626365397772432,0.27622484151262816,-0.6561874716134692,-0.09924958569208897,1001.3956180911795,998.3735391785642,998.292974554094,-3.0,0.003289244515482489,0.07727537995469902,91.09365711547159,97.4853897283331,97.04643599726985,6.5,0.46371823752945035,-0.0247645064661981,6.136986662534578,6.383563107259348,6.947228813461508,0.0,-0.5688941492613183,0.005228443059158039,1.7145930212988278
2026-09-03 03:10:00,13.449001458158497,15.690092595565758,15.359525637504884,14.806359059660908,15.91269221534886,2.2,-0.04320584913230749,-0.36290701917380197,0.27649532090918705,2.4711945304323066,0.3737728071931823,1001.2003460841705,998.1704867011065,998.1861691875417,-3.0,0.003289244515482488,-0.018971730950738674,90.40530718436102,95.92171105819455,95.8478623057782,6.5,0.46371823752945035,-0.3898694851130955,2.4384502892301048,2.942680003246562,3.707536970443659,0.0,-0.5688941492613183,-0.19596281793577885,21.0792080468987
2026-09-03 03:15:00,12.56224697503022,14.60712565410974,14.924414545278365,14.37109173276869,15.47773735778804,2.2,-0.04320584913230749,-0.3631772699278226,0.2767655716632077,-1.812096817450744,-0.2740830420363167,1001.2409361910547,998.268660246098,998.2283165659139,-3.0,0.0032892445154824863,0.03705443566855138,90.84489186484193,97.01535327733316,96.26469980376676,6.5,0.46371823752945035,0.28693523603695326,1.5839049236460938,1.5832310631189574,2.0593860259445296,0.0,-0.5688941492613183,0.09273918643574608,9.749931683982524
2026-09-03 03:20:00,12.597854122495074,14.637787041262014,14.693945919482392,14.140466916408547,15.247424922556236,2.2,-0.04320584913230749,-0.3634472926181571,0.2770355943535421,-0.0856387998777759,-0.012953029088070167,1001.2546369703289,998.3045510421244,998.2852320343972,-3.0,0.0032892445154824863,0.016029763211804493,90.57727124327899,98.52651586183411,97.7327283898595,6.5,0.46371823752945035,0.3300692344451619,9.236152374721659,8.990751719299135,9.167898861310821,0.0,-0.5688941492613183,0.3917470072496325,22.503720186952542
2026-09-03 03:25:00,12.89159342385028,14.991795972654458,14.95054003196266,14.39690488238885,15.504175181536471,2.2,-0.04320584913230749,-0.36371708782121925,0.27730538955660433,0.5584181326919762,0.08446178982410579,1001.4202188798023,998.5041931471266,998.4613463280295,-3.0,0.003289244515482488,0.039557574581522204,91.21128661796881,98.17454765866921,97.93027912716933,6.5,0.46371823752945035,-0.2194497060295646,3.0225290681694177,3.059434670227444,4.220254522645535,0.0,-0.5688941492613183,-0.5919257031567722,51.17044373163121
2026-09-03 03:30:00,12.844505198770028,15.393477480094727,15.389037321952197,14.835246069905347,15.942828573999046,2.2,-0.04320584913230749,-0.3639866561109991,0.2775749578463841,0.3150110182137098,0.04764600727483881,1001.2922775938993,998.3279239923443,998.3850693286328,-3.0,0.0032892445154824907,-0.06043458080398523,91.08433611447417,95.59140698795301,95.7583786522109,6.5,0.46371823752945035,-0.6306899017873349,7.620393604399942,7.455233413939731,7.58350867276174,0.0,-0.5688941492613183,0.4406188904393096,30.393116460156854
2026-09-03 03:35:00,12.796063612727337,15.47703112117813,15.559424440062013,15.005477129531837,16.11337175059219,2.2,-0.04320584913230749,-0.3642559980590766,0.27784429979446157,-0.25908749659662256,-0.03918746975157461,1001.2467036326727,998.0650922386784,998.1320833403489,-3.0,0.0032892445154824907,-0.07028034618599577,89.88956575829813,97.3629445522965,96.38925725438749,6.5,0.46371823752945035,0.5099690603795608,7.761371204786062,7.576352171799142,8.310599034238155,0.0,-0.5688941492613183,-0.16535271317769507,5.950631765631174
2026-09-03 03:40:00,12.448290408738098,14.69173199624378,14.891411717424074,14.33730839236311,15.445515042485038,2.2,-0.04320584913230748,-0.3645251142346362,0.27811341597002126,-1.0345251696191315,-0.1564738720479859,1001.3111056845753,998.1703356187141,998.1197547797251,-3.0,0.0032892445154824907,0.04729159447356324,90.85881715052382,98.23052076885115,97.51259404458058,6.5,0.46371823752945035,0.2542084867411205,6.692630767245412,6.8225859874268755,7.447586324389688,0.0,-0.5688941492613183,-0.056106187701494115,3.6205158775804733
2026-09-03 03:45:00,13.014565676736881,15.121612231954536,15.04637386672075,14.492114571044423,15.600633162397076,2.2,-0.04320584913230748,-0.3647940052044809,0.278382306939866,0.7830925339401862,0.11844421436609487,1001.1297990745675,998.0478379316479,998.0470118987265,-3.0,0.0032892445154824907,-0.002463211594090353,90.50207941077346,96.71465116732833,96.66076315753801,6.5,0.46371823752945035,-0.40983022773913547,2.365161614550081,1.8840427720411126,2.628482654784082,0.0,-0.5688941492613183,-0.17554573348165126,6.744903629742586
2026-09-03 03:50:00,13.64377884920633,15.608333565716089,15.565318280987807,15.010903058574481,16.119733503401132,2.2,-0.04320584913230748,-0.3650626715330461,0.2786509732684312,0.5700500151522174,0.08622113386059027,1001.1771288491215,998.134792760333,998.0968395461812,-3.0,0.0032892445154824907,0.034663969636312686,90.69014222448864,97.76395305951522,97.0975511193309,6.5,0.46371823752945035,0.20268370265486624,7.223359524713402,6.7901808479657335,6.923788163247846,0.0,-0.5688941492613183,0.4352868339792053,28.166899824987762
2026-09-03 03:55:00,13.497583349954947,15.791291382264161,15.859079208825191,15.304508103516218,16.413650314134166,2.2,-0.04320584913230748,-0.36533111378241306,0.27891941551779814,-0.16252345542534563,-0.024581977428722368,1001.0725413073586,998.2301574509295,998.2003449285573,-3.0,0.0032892445154824907,0.026523277856654204,90.27448253844949,96.08696316979572,95.95185743760335,6.5,0.46371823752945035,-0.32861250533707675,6.660277065019493,6.666064329131675,7.451596636663191,0.0,-0.5688941492613183,-0.2166381582701975,7.393817859356014
2026-09-03 04:00:00,13.668553207067493,16.22513432708052,16.25463267146565,15.699905727065419,16.80935961586588,2.2,-0.04320584913230748,-0.3655993325123234,0.2791876342477085,0.09062700684802394,0.013707504747177524,1001.0986944369412,997.9242535889132,998.000323081681,-3.0,0.003289244515482494,-0.07935873728331444,91.52451415141016,97.64830957839708,96.79192924452734,6.5,0.46371823752945035,0.39266209634028826,5.241276600885555,5.234584039211826,5.877824217491675,0.0,-0.5688941492613183,-0.07434602901853093,2.302754092728142
2026-09-03 04:05:00,12.902032242839473,15.052564165434443,15.328780533893976,14.773897794169972,15.88366327361798,2.2,-0.04320584913230748,-0.3658673282801918,0.2794556300155769,-1.540546315337025,-0.23301051932722494,1000.9438287433295,997.8902164861039,997.8870304766054,-3.0,0.003289244515482494,-0.0001032350170362406,91.11705298906999,98.81589007760587,98.12817123724494,6.5,0.46371823752945035,0.22400060283148093,3.5272330779115473,3.630299451023528,4.196591981252634,0.0,-0.5688941492613183,0.002601619032211566,6.002227226297801
2026-09-03 04:10:00,12.789251489941645,14.513452281790999,14.569066785389985,14.014028294072837,15.124105276707134,2.2,-0.04320584913230748,-0.3661351016411203,0.27972340337650536,-0.08203967345391838,-0.012408654466678826,1000.6393440621442,997.7822954868764,997.7778498714512,-3.0,0.003289244515482494,0.001156370909711768,90.21923819144844,96.50185415955268,96.65704929779197,6.5,0.46371823752945035,-0.6189133757687415,3.0349877995733334,3.59755541611835,4.0943797670516116,0.0,-0.5688941492613183,0.07206979832805649,2.7259840557893513
2026-09-03 04:15:00,13.216645165454157,15.550655099817261,15.325849834902158,14.770655635685689,15.881044034118627,2.2,-0.04320584913230748,-0.36640265314791126,0.27999095488329634,1.7719523367753247,0.26801111404741107,1000.960602838666,997.9156212174914,997.8573897254845,-3.0,0.003289244515482492,0.0549422474914536,89.95169833718352,94.95591300761953,94.75936823235337,6.5,0.46371823752945035,-0.26717346226328686,1.982919807452258,2.0142740182750045,2.6518599832760525,0.0,-0.5688941492613183,-0.06869181573972982,8.974963727930495
2026-09-03 04:20:00,13.374363156345325,15.771443098635334,15.814164869194817,15.2588150057361,16.369514732653535,2.2,-0.04320584913230748,-0.36666998335108075,0.28025828508646583,0.0032004798060292217,0.000484078572824842,1001.17146883616,998.2405311836364,998.1563523407578,-3.0,0.0032892445154824954,0.0808895983631146,90.43715838812132,96.88651580989625,95.78686569669367,6.5,0.46371823752945035,0.6359318756731369,4.643688235043016,4.823139880143454,5.202174859777675,0.0,-0.5688941492613183,0.18985916962709748,7.950770321652214
2026-09-03 04:25:00,13.878063420984514,15.760894292907343,15.879406930912914,15.32390144683232,16.43491241499351,2.2,-0.04320584913230748,-0.36693709279887204,0.2805253945342571,-0.4978899512929207,-0.07530678887326303,1001.0761118396751,998.055180533236,998.1224742001805,-3.0,0.0032892445154824894,-0.07058291145995099,90.88222119190849,97.319350477577,96.71179314872909,6.5,0.46371823752945035,0.14383909131846906,5.15976681217376,4.86710693148937,5.555841803538922,0.0,-0.5688941492613183,-0.11984072278823366,3.310702443623123
2026-09-03 04:30:00,12.854867082224551,15.090163918957142,15.267602428546494,14.711941367427743,15.823263489665246,2.2,-0.04320584913230748,-0.36720398203726823,0.2807922837726533,-0.8874776600732712,-0.13423266045704452,1001.0629974564782,998.1015149450769,998.1134402496783,-3.0,0.0032892445154824902,-0.015214549116876697,90.71382310028947,98.17251795578824,97.66405523834173,6.5,0.46371823752945035,0.04474447991705688,3.670007895268392,3.900389194323353,4.520771269903331,0.0,-0.5688941492613183,-0.051487926318659394,2.3204054721831056
2026-09-03 04:35:00,14.238242350257,16.52848755348422,16.302453951056897,15.746637356447113,16.85827054566668,2.2,-0.04320584913230748,-0.36747065161000564,0.2810589533453907,1.7800734758290453,0.2692394515596277,1001.0865725695794,998.052301688008,998.0651834085063,-3.0,0.003289244515482491,-0.01617096501377091,91.3164280420085,97.8278971797491,97.59828839926259,6.5,0.46371823752945035,-0.2341094570429334,4.4172950956316415,4.259377836098438,4.764481635321161,0.0,-0.5688941492613183,0.06379035003859546,8.559663180104735
2026-09-03 04:40:00,13.660840747837428,15.846219287435641,16.06721461319834,15.511242528608102,16.623186697788583,2.2,-0.04320584913230748,-0.3677371020585867,0.28132540379397175,-1.175453039285383,-0.17778947663039446,1000.8994418979227,997.9995017188319,998.0048396226374,-3.0,0.003289244515482491,-0.008627148321011191,91.0448701782389,97.20760432908666,96.94734971725872,6.5,0.46371823752945035,-0.20346362570150234,3.6968575367100867,3.7182837864844145,4.324933175874368,0.0,-0.5688941492613183,-0.0377552401286354,3.7681514438371453
2026-09-03 04:45:00,13.653913372580835,15.695759188763763,15.780242396947195,15.224114865850579,16.33636992804381,2.2,-0.04320584913230748,-0.3680033339222925,0.2815916356576776,-0.27290477518634937,-0.04127735905112395,1000.9028212151943,997.6710627540833,997.7319705806532,-3.0,0.0032892445154824855,-0.06419707108534567,91.13421398226825,98.47025889845321,97.71720222688501,6.5,0.46371823752945035,0.28933843403875414,5.566830816786469,5.534176229265721,6.002276933954631,0.0,-0.5688941492613183,0.10079344457240769,2.5193485841170866
2026-09-03 04:50:00,13.523392572837125,15.926580017549835,15.904029175084412,15.347746240919058,16.460312109249767,2.2,-0.04320584913230748,-0.36826934773819614,0.2818576494735812,0.4347495951776068,0.06575669159773057,1000.7698087667233,997.7153119654649,997.67109099877,-3.0,0.003289244515482482,0.04093172217949359,90.80379055730079,97.40042274330168,97.17661078653795,6.5,0.46371823752945035,-0.23990628076572307,8.368782944520671,8.67867521499488,9.188643609762513,0.0,-0.5688941492613183,0.058925754493685645,1.4353309430343075
2026-09-03 04:55:00,13.372751860520466,15.49207591132673,15.599714897457366,15.043276603624513,16.15615319129022,2.2,-0.04320584913230748,-0.36853514404117454,0.2821234457765596,-0.4259989294688591,-0.06443313699832842,1000.8064887372585,997.8509746387626,997.7843403103565,-3.0,0.0032892445154824846,0.06334508389068105,89.93523314631902,95.83521500106644,95.66880554358038,6.5,0.46371823752945035,-0.29730878004338024,2.327164911669705,1.934171945357205,2.941182538977781,0.0,-0.5688941492613183,-0.4381164443592578,28.72871384225247
2026-09-03 05:00:00,14.473258368602908,16.376221136062924,16.259276912389417,15.702683302253964,16.81587052252487,2.2,-0.04320584913230748,-0.3688007233639215,0.2823890250993066,1.058830327807982,0.16015007280581273,1000.9399736339831,998.020027921184,997.9744185834456,-3.0,0.0032892445154824863,0.04232009322288377,90.6082015099105,98.03219955834379,96.96888121321183,6.5,0.46371823752945035,0.5996001076025124,3.811744676719507,3.126773086334995,3.3465681464789148,0.0,-0.5688941492613183,0.3490990891173986,22.149475005573187
2026-09-03 05:05:00,14.285390730186839,16.075495833052905,16.21521413732964,15.658465254220191,16.771963020439085,2.2,-0.04320584913230748,-0.36906608623696036,0.28265438797234543,-0.6380909651039204,-0.09651245514442763,1001.0242151854023,998.2481580788154,998.2164225803916,-3.0,0.003289244515482485,0.02844625390832789,91.2231576584953,97.87808707010873,97.45262165040606,6.5,0.46371823752945035,-0.038252817826773367,2.1431193370855834,2.079089527959206,2.7301233196191097,0.0,-0.5688941492613183,-0.08213964239858562,2.0457374762632465
2026-09-03 05:10:00,13.854871512630819,16.307041416630682,16.337929203739105,15.781025090948027,16.894833316530182,2.2,-0.04320584913230748,-0.3693312331886556,0.2829195349240407,0.08144072258100366,0.012318062023883414,1000.8211037047259,997.7624500046961,997.909015399499,-3.0,0.003289244515482485,-0.1498546393183915,90.63760226686759,97.13994304021114,96.92961555249825,6.5,0.46371823752945035,-0.2533907498165604,5.4466089808125675,5.587168357884105,5.971047853015773,0.0,-0.5688941492613183,0.1850146541296498,7.732973286094364
2026-09-03 05:15:00,13.97027547572451,16.293608271018734,16.353658472774,15.796599173557466,16.910717771990534,2.2,-0.04320584913230748,-0.36959616474522605,0.28318446648061113,-0.11136623978378069,-0.016844352622960912,1000.7752873890624,997.9972096533415,997.9428063702732,-3.0,0.003289244515482485,0.05111403855289609,90.92289710348639,97.56522381661571,97.02039298049863,6.5,0.46371823752945035,0.08111259858763731,6.283394951030453,6.329075763772703,7.017232919388127,0.0,-0.5688941492613183,-0.1192630063541058,2.384526852981159
2026-09-03 05:20:00,14.474041633888431,16.691636343314265,16.682144427064042,16.12492998464208,17.239358869486004,2.2,-0.04320584913230748,-0.36986088143075624,0.2834491831661413,0.34841065768596735,0.05269776538252913,1000.8461365994546,997.7472830254557,997.7835884323651,-3.0,0.003289244515482485,-0.0395946514249772,90.54673050395822,96.19019580682493,95.9786153091659,6.5,0.46371823752945035,-0.2521377398704203,9.015580560125048,9.385241831349221,9.859776767662947,0.0,-0.5688941492613183,0.09435921294759275,2.065612630961354
2026-09-03 05:25:00,15.398547505790946,17.510492578420788,17.463493357415683,16.906123814972236,18.02086289985913,2.2,-0.04320584913230748,-0.370125383767209,0.28371368550259407,0.5963897631151767,0.09020507013741152,1000.9419619993446,998.1412589610762,998.0325074626284,-3.0,0.0032892445154824802,0.10546225393238728,90.25448225417476,96.3323592332321,95.74115887587202,6.5,0.46371823752945035,0.1274821198306313,3.144819605440718,3.2760314076946186,4.242031380744686,0.0,-0.5688941492613183,-0.3971058237887495,24.684514919813754
2026-09-03 05:30:00,14.752156857948437,16.846357175107812,17.080746324674426,16.523221725357395,17.638270923991456,2.2,-0.04320584913230748,-0.3703896722744374,0.2839779740098225,-1.2640061482564562,-0.1911833004343073,1000.6434396649452,997.7660597339499,997.8531531428061,-3.0,0.0032892445154824802,-0.09038265337176199,90.6635369932411,97.16640307470732,96.44213916621052,6.5,0.46371823752945035,0.26054567096734615,9.526224407597592,9.357069908039634,9.392495421619781,0.0,-0.5688941492613183,0.5334686356811709,45.73276501084032
2026-09-03 05:35:00,14.382196970835068,16.367049641146746,16.48303649342953,15.925356880350824,17.04071610650824,2.2,-0.04320584913230748,-0.3706537474701966,0.28424204920558166,-0.4811907486139759,-0.07278100315047809,1000.5263681712289,997.3893493842841,997.472853237776,-3.0,0.0032892445154824802,-0.0867930980074334,90.85430663125602,97.19857567523628,96.75866331236824,6.5,0.46371823752945035,-0.023805874661405824,1.4060260158057742,0.7083999695638702,1.9099861230659165,0.0,-0.5688941492613183,-0.6326920042407281,58.52010271973946
2026-09-03 05:40:00,15.014957954200321,17.128666825288345,16.988418780431605,16.43058419666719,17.54625336419602,2.2,-0.04320584913230748,-0.37091760987015554,0.2845059116055406,1.2129032682089402,0.18345389398904643,1000.8015557375682,997.8476116231559,997.6970530085524,-3.0,0.0032892445154824802,0.14726937008799723,90.41536445215658,97.93330715840986,97.39792268494219,6.5,0.46371823752945035,0.07166623593822408,5.286452596624659,5.215258926366094,5.225477127453189,0.0,-0.5688941492613183,0.5586759481742227,50.538875036733685
2026-09-03 05:45:00,15.136240002226327,16.91222255920229,17.008781998602416,16.450792487192373,17.566771510012458,2.2,-0.04320584913230748,-0.3711812599879089,0.284769561723294,-0.3527466362222924,-0.05335359026781816,1000.7169526182562,997.7092672429263,997.7180159907311,-3.0,0.0032892445154824802,-0.012037992320301782,90.6336419644865,97.3075666466681,97.06076516895176,6.5,0.46371823752945035,-0.21691675981310254,1.334016444066875,1.6424041447442144,2.542616983120076,0.0,-0.5688941492613183,-0.3313186891145432,16.22206318222372
2026-09-03 05:50:00,14.3008541512501,16.353641420556396,16.500648898904743,15.942504502853312,17.058793294956175,2.2,-0.04320584913230748,-0.37144469833498883,0.2850330000703739,-0.6862832539769705,-0.10380162921603997,1000.8423583863367,997.936196075388,997.8923688515741,-3.0,0.0032892445154824802,0.0405379792983922,90.22444709744352,97.40837023555264,96.9479612206042,6.5,0.46371823752945035,-0.003309222581009408,8.235665816143282,8.118051481343148,8.268231749794786,0.0,-0.5688941492613183,0.41871388080967975,26.338987762256885
2026-09-03 05:55:00,15.494306263314565,17.632118760044346,17.436682705065113,16.87838346734074,17.994981942789487,2.2,-0.04320584913230748,-0.37170792542087616,0.28529622715626124,1.5777781497828016,0.23864190411153885,1000.9175391481092,997.8840484098442,997.9124948570958,-3.0,0.003289244515482479,-0.0317356917670395,91.33552912641042,97.8430454100711,97.27413891690081,6.5,0.46371823752945035,0.10518825564084011,4.777776287993382,4.7862723670967116,5.774080726318061,0.0,-0.5688941492613183,-0.4189142099600316,31.23341804235296
2026-09-03 06:00:00,15.56213174051244,17.884107749950523,17.958159217241572,17.399705180776962,18.516613253706183,2.2,-0.04320584913230748,-0.37197094175301226,0.28555924348839734,-0.20393544263986385,-0.030845618158743093,1000.895458348511,997.8493714146618,997.873306272193,-3.0,0.0032892445154824776,-0.02722410204660264,90.6332917016635,97.9783224886604,97.50882003368565,6.5,0.46371823752945035,0.005784217445295781,5.785963081419735,5.912371157711747,6.3005000060648015,0.0,-0.5688941492613183,0.1807653009082637,4.8458589972460695
2026-09-03 06:05:00,16.073464356718645,18.265479064043973,18.339262242229818,17.780653449921985,18.89787103453765,2.2,-0.04320584913230748,-0.37223374783681035,0.2858220495721954,-0.20216165236783112,-0.03057732905353916,1001.2076692218998,998.4130334093142,998.2873230409009,-3.0,0.0032892445154824724,0.12242112389776594,91.54156470635819,98.35958691161672,97.86498282879039,6.5,0.46371823752945035,0.03088584529687921,7.340508513426059,7.035920801151114,7.588234426720933,0.0,-0.5688941492613183,0.016580523691499316,1.8133212063279796
2026-09-03 06:10:00,16.67696348719716,19.03594810997227,19.029566134386922,18.470802629097236,19.58832963967661,2.2,-0.04320584913230748,-0.3724963441756667,0.28608464591105176,0.3278493214595102,0.04958782471765488,1001.0677754321192,998.0529672979509,998.1657215254204,-3.0,0.0032892445154824776,-0.11604347198499454,91.62023033342687,98.13096672173765,97.7684404508745,6.5,0.46371823752945035,-0.10119196666629193,2.21974190925804,2.406712678249685,3.2356609074974676,0.0,-0.5688941492613183,-0.26005407998646435,11.463148525400243
2026-09-03 06:15:00,16.532256469193392,19.002083490216076,19.13973187750689,18.580813702061132,19.698650052952647,2.2,-0.04320584913230748,-0.3727587312709721,0.28634703300635717,-0.6244057332314696,-0.094442538158507,1001.0954033629232,998.219366711552,998.2060697264551,-3.0,0.0032892445154824776,0.010007740581386315,90.80560592095127,97.29497944978405,97.0164587041776,6.5,0.46371823752945035,-0.18519749192299173,1.091108330119301,1.5822448671198126,1.9828246912669178,0.0,-0.5688941492613183,0.16831432511421296,5.173207424419237
2026-09-03 06:20:00,16.120100908183705,18.531734926948523,18.691483008145234,18.132410205333635,19.250555810956833,2.2,-0.04320584913230748,-0.37302090962212286,0.28660921135750794,-0.7705176002626608,-0.11654223206440406,1001.1778240185586,998.144021295802,998.1619756523036,-3.0,0.0032892445154824768,-0.02124360101709044,90.31411487231841,96.05056397128564,95.75826250664205,6.5,0.46371823752945035,-0.17141677288586266,7.991072158781383,7.939228153213361,8.183710199471747,0.0,-0.5688941492613183,0.3244121030029321,16.654844281173816
2026-09-03 06:25:00,15.932774010856354,18.226875980332068,18.28385700682041,17.72462961939771,18.843084394243107,2.2,-0.04320584913230748,-0.37328287972653196,0.28687118146191704,-0.0910744235076919,-0.013775177356034618,1000.9504050234599,998.200404512344,998.1845711431835,-3.0,0.0032892445154824768,0.012544124645046395,89.76271864337173,96.66825121948078,95.90945270029962,6.5,0.46371823752945035,0.29508028165170685,3.3825624548677315,3.043843128318041,4.1159638312039935,0.0,-0.5688941492613183,-0.5032265536246343,36.61855336166298
2026-09-03 06:30:00,17.55408312307922,19.756455658915375,19.510847228042685,18.95146529872818,20.07022915735719,2.2,-0.04320584913230748,-0.37354464207963994,0.287132943815025,1.9094922244843886,0.28881428000499554,1001.316389877512,998.2146396831117,998.2073240891667,-3.0,0.0032892445154824768,0.004026349429523179,90.17847495364366,96.64631116601456,96.09584488873709,6.5,0.46371823752945035,0.08674803974801648,2.043818697067943,2.0238383889613507,2.4325783833283845,0.0,-0.5688941492613183,0.16015415489428442,12.524111773567938
2026-09-03 06:35:00,16.699332281370168,18.703174679687457,19.003391198005346,18.443854769482932,19.56292762652776,2.2,-0.04320584913230748,-0.37380619717492614,0.2873944989103112,-1.6992230246056792,-0.2570106691855827,1001.1909831718194,998.0988616421323,998.1247529007769,-3.0,0.0032892445154824755,-0.029180503160091575,90.17044131282164,96.26884774467668,95.87944849037568,6.5,0.46371823752945035,-0.07431898322845143,4.372341405823792,3.7050261732411314,4.135027606440429,0.0,-0.5688941492613183,0.13889271606202014,9.863369766746267
2026-09-03 06:40:00,16.83359655301226,19.18158536328812,19.153883982298584,18.594193097216813,19.713574867380355,2.2,-0.04320584913230748,-0.3740675455039192,0.28765584723930426,0.4688023202143867,0.07090723012184341,1001.3472475032033,998.5759250803707,998.4608292082355,-3.0,0.0032892445154824707,0.11180662761967142,91.55560326191295,98.94077267856261,97.94532354664686,6.5,0.46371823752945035,0.5317308943862997,5.252614786597264,5.353685765790249,5.9322931982862155,0.0,-0.5688941492613183,-0.009713283234648706,3.391450629138883
2026-09-03 06:45:00,16.97215163585293,19.508101112297236,19.503106470558155,18.943261171530274,20.062951769586036,2.2,-0.04320584913230748,-0.3743286875562081,0.28791698929159315,0.31867698000824163,0.04820049087138756,1001.1326944585492,998.0659524999148,998.1998437639987,-3.0,0.0032892445154824707,-0.13718050859938558,89.94804462791382,95.44787180719797,95.84885670131257,6.5,0.46371823752945035,-0.864703131644049,0.9755383121227149,1.1112206254172885,1.9441544743330148,0.0,-0.5688941492613183,-0.2640396996544081,16.13306741520569
2026-09-03 06:50:00,17.216131375405983,19.484552583336065,19.569473598745738,19.00947392834975,20.129473269141727,2.2,-0.04320584913230748,-0.3745896238194526,0.2881779255548377,-0.275799332527221,-0.04171516627736693,1001.1096399495879,998.3498010955125,998.2888366398843,-3.0,0.0032892445154824707,0.057675211112723446,90.09588558668392,96.25788887033798,95.58150599383184,6.5,0.46371823752945035,0.2126646389766904,3.1182609534537864,3.620951841607455,3.891237985595846,0.0,-0.5688941492613183,0.2986080052729272,13.51010776842555
2026-09-03 06:55:00,17.235489546463388,19.81894137614861,19.834302145766,19.2741481465447,20.3944561449873,2.2,-0.04320584913230748,-0.37485035477939427,0.28843865651477935,0.1840974165922944,0.027845079514918325,1001.5170100464583,998.6507861333974,998.5728087261523,-3.0,0.0032892445154824677,0.0746881627296716,88.56664517742209,95.88882017644572,95.35809564461248,6.5,0.46371823752945035,0.06700629430379479,1.0044067668383172,0.9462083290683296,1.7333665422438234,0.0,-0.5688941492613183,-0.21826406391417552,7.524264688936832
2026-09-03 07:00:00,17.221266513479755,19.116152171867537,19.297238913169934,18.73693062763097,19.8575471987089,2.2,-0.043205849132307475,-0.37511088091986655,0.28869918265525163,-0.9115979012506088,-0.13788089217009158,1001.504758045981,998.4815605899969,998.5447921284353,-3.0,0.0032892445154824677,-0.06652078295394404,90.08805932899404,96.84047768173023,96.12074323708258,6.5,0.46371823752945035,0.2560162071182077,4.061464563171418,4.184010164615359,4.5049998225232715,0.0,-0.5688941492613183,0.2479044913534061,11.610087066687047
2026-09-03 07:05:00,17.390567123901,19.35973444694509,19.326822610184283,18.76636008080019,19.887285139568377,2.2,-0.043205849132307475,-0.3753712027228055,0.2889595044581906,0.5032511874278853,0.07611768589311296,1001.3692572965608,998.0972632757582,998.2051901438908,-3.0,0.003289244515482463,-0.11121611264809417,91.34714413316965,97.80885699104745,97.20060878975175,6.5,0.46371823752945035,0.14452996376624583,8.258700153784611,8.00031372306884,8.536580437642966,0.0,-0.5688941492613183,0.03262743468719265,2.2506640612805886
2026-09-03 07:10:00,17.755790497171436,20.126830798721087,20.03532427478431,19.47470754399257,20.595941005576048,2.2,-0.043205849132307475,-0.3756313206682603,0.2892196224036454,0.8906492743807846,0.13471237306908534,1001.4326298055903,998.4297320599495,998.3280106683496,-3.0,0.003289244515482463,0.09843214708439518,88.89649949298544,95.59730232750556,95.71510056894698,6.5,0.46371823752945035,-0.5815164789708689,11.074413241355277,10.967485105197753,11.584731128757578,0.0,-0.5688941492613183,-0.048351874298507624,5.070847508121451
2026-09-03 07:15:00,17.71202422939821,19.96488227142886,20.098753096619312,19.537982206822402,20.65952398641622,2.2,-0.043205849132307475,-0.3758912352344033,0.2894795369697884,-0.5994304257154432,-0.0906649760581466,1001.7925983042505,998.8078428122806,998.7009777732362,-3.0,0.003289244515482463,0.10357579452886512,85.70858481635872,92.3521161531978,92.46817955216693,6.5,0.46371823752945035,-0.5797816364985806,5.5369553460593455,5.079399715060686,6.0371605228838,0.0,-0.5688941492613183,-0.38886665856179636,25.369229137318186
2026-09-03 07:20:00,17.80559849614138,20.26835493145574,20.302842562659745,19.74191755622518,20.86376756909431,2.2,-0.043205849132307475,-0.37615094689754053,0.2897392486329256,0.05764039556895284,0.008718217928301186,1001.5082048861885,998.6832875461841,998.7428709266926,-3.0,0.003289244515482463,-0.06287262502394242,89.74982734463748,95.03649730760874,93.65519490943545,6.5,0.46371823752945035,0.9175841606438411,2.3093774052490117,2.250940518864041,2.680132943657772,0.0,-0.5688941492613183,0.13970172446758733,7.5599910159769586
2026-09-03 07:25:00,18.295410664118773,20.492316335973424,20.52986361049154,19.968784529751918,21.09094269123116,2.2,-0.043205849132307475,-0.3764104561321216,0.2899987578675067,0.03741159968709695,0.005658574614191281,1001.9979176862124,999.2361847626485,999.1478488654969,-3.0,0.003289244515482459,0.08504665263603783,85.88684782728507,92.1074383190067,92.07018616271438,6.5,0.46371823752945035,-0.42646608123712326,8.454377637195424,8.362784891139855,8.52432051370659,0.0,-0.5688941492613183,0.4073585266945834,25.421637403869592
2026-09-03 07:30:00,18.313626977586395,20.340031893080727,20.43888653532439,19.877653422577453,21.000119648071326,2.2,-0.043205849132307475,-0.37666976341075015,0.2902580651461352,-0.3679213428998054,-0.05564879311135584,1001.6833235801987,998.5805755033272,998.7751812002411,-3.0,0.003289244515482459,-0.1978949414294675,85.54030009275145,93.33351741636245,92.49682908843862,6.5,0.46371823752945035,0.37297009039438933,4.686898940430001,4.77665887025667,5.780200482499543,0.0,-0.5688941492613183,-0.4346474629815553,32.3631716801815
2026-09-03 07:35:00,19.18059003490023,21.33787138645922,21.233325314971427,20.671938212480093,21.794712417462762,2.2,-0.043205849132307475,-0.3769288692041937,0.2905171709395788,0.9768600900614608,0.1477519206200988,1001.9830054697202,999.1031827343185,998.9921732453112,-3.0,0.003289244515482459,0.10772024449181572,82.44820669490966,88.42074738708793,88.84384375104196,6.5,0.46371823752945035,-0.8868146014834792,2.247203632704892,2.0601245686051,2.604787043045188,0.0,-0.5688941492613183,0.024231674821230342,7.727666642964957
2026-09-03 07:40:00,17.682493489765065,19.575956695580317,19.96085568947029,19.39931463946271,20.52239673947787,2.2,-0.043205849132307475,-0.3771877739813936,0.29077607571677866,-2.2591002185317954,-0.34169314475766654,1001.9086410285237,999.0234513519257,999.0360423272666,-3.0,0.003289244515482459,-0.01588021985639898,86.31941311758773,92.56477230630426,90.94572241525015,6.5,0.46371823752945035,1.1553316535246694,8.778572622349483,8.80357622764201,8.939284636976646,0.0,-0.5688941492613183,0.43318573992668163,46.01310284224304
2026-09-03 07:45:00,19.343804040494287,21.31808590587488,21.009303406908153,20.447608451577757,21.570998362238548,2.2,-0.043205849132307475,-0.37744647820947486,0.29103477994485993,2.3271668346613197,0.35198834809903445,1002.1208803003308,999.2818922056923,999.2379422060283,-3.0,0.0032892445154824607,0.04066075514856493,80.57695947721915,86.6436628665718,87.26965430073935,6.5,0.46371823752945035,-1.089709671696994,6.546215319834457,6.446201303152157,7.418765555973934,0.0,-0.5688941492613183,-0.40367010356045885,42.64325271870844
2026-09-03 07:50:00,19.57030412867279,21.964792928256394,21.961654656760526,21.39980583826607,22.523503475254984,2.2,-0.043205849132307475,-0.3777049823537563,0.2912932840891414,0.3064036099202987,0.04634412062817361,1002.0229560718585,999.0977595586788,999.1619339225851,-3.0,0.003289244515482455,-0.06746360842180366,76.53479602329715,82.96518384464264,82.94670719570077,6.5,0.46371823752945035,-0.445241588587578,6.308644269260086,6.209194452770232,6.700485310000747,0.0,-0.5688941492613183,0.07760329203080296,2.6124519811625966
2026-09-03 07:55:00,18.407449005999418,20.782006488893337,21.134053652019162,20.572051012484778,21.696056291553546,2.2,-0.043205849132307475,-0.3779632868777601,0.2915515886131452,-2.0419007247839858,-0.30884131399351844,1002.1559465011269,998.8645718474826,998.9282805630753,-3.0,0.003289244515482458,-0.06699796010821046,82.18001824837071,88.21351998331127,86.06896715485624,6.5,0.4637182375294503,1.6808345909255848,6.112312057888353,6.136420755677262,6.681150881592692,0.0,-0.5688941492613183,0.02416402334588863,25.191633358067122
2026-09-03 08:00:00,19.264848751014544,21.53744960797576,21.43519580916844,20.873039390683676,21.997352227653206,2.2,-0.04320584913230748,-0.3782213922432213,0.2918096939786064,0.9617047561226677,0.1454596479396244,1002.2638330308961,999.2405196660169,999.1320076674557,-3.0,0.0032892445154824534,0.10522275404571246,80.47634697785118,87.36574017957763,86.98854396258382,6.5,0.4637182375294503,-0.0865220205356394,2.600566215714569,2.612723098409672,3.3363964575344602,0.0,-0.5688941492613183,-0.15477920986347016,6.928931945024159
2026-09-03 08:05:00,19.418567077941233,21.27435157374914,21.358637224371073,20.79632706899095,21.920947379751194,2.2,-0.04320584913230748,-0.3784792989100979,0.292067600645483,-0.2715986256858578,-0.04107980148962653,1002.1861480352569,999.0127918990194,999.0567803862267,-3.0,0.0032892445154824534,-0.04727773172282923,83.48240252746552,90.14025325729774,89.35088066771027,6.5,0.4637182375294503,0.32565435205802373,2.700895066365001,2.9292472780804926,3.3295702497221704,0.0,-0.5688941492613183,0.16857117761964036,5.027210670915257
2026-09-03 08:10:00,19.169376627845743,21.297695912743166,21.338291619125638,20.775827768870695,21.90075546938058,2.2,-0.04320584913230748,-0.37873700733658,0.2923253090719651,0.017256928173758013,0.0026101427498339547,1002.5277437314512,999.4973528655134,999.3907368433516,-3.0,0.0032892445154824625,0.10332677764631626,77.45468895440003,84.57352704648564,85.5198791691693,6.5,0.4637182375294503,-1.410070360213112,6.041804194694887,6.005611284455936,6.448383797693891,0.0,-0.5688941492613183,0.12612163602336324,13.67767942137441
2026-09-03 08:15:00,19.58642809307854,21.541428115346527,21.543897448443197,20.981279945299526,22.106514951586867,2.2,-0.04320584913230748,-0.37899451797909955,0.29258281971448463,0.2693289979335063,0.04073651603563633,1002.421054526188,999.5680551616081,999.5752054442813,-3.0,0.0032892445154824633,-0.010439527188736974,78.50072355699861,84.15997062404745,83.60675052158038,6.5,0.4637182375294503,0.08950186493761692,2.8112334493975175,2.7062678446606165,3.5629728418588433,0.0,-0.5688941492613183,-0.2878108479369086,12.048304077708702
2026-09-03 08:20:00,19.61835088368425,22.053657534441804,22.038090088659402,21.475318974578716,22.600861202740088,2.2,-0.04320584913230748,-0.3792518312923395,0.2928401330277246,0.38857894992250763,0.058773294914708174,1002.5463433926328,999.592116018014,999.6297204432838,-3.0,0.0032892445154824633,-0.04089366978519138,79.79533048018116,86.02305809387484,84.78796085201519,6.5,0.4637182375294503,0.7713790043301998,4.325160185838047,4.270917952311879,4.629643712504272,0.0,-0.5688941492613183,0.210168389068925,9.912055392062193
2026-09-03 08:25:00,20.928286369313838,23.011541942601315,22.96672914586208,22.40380446276174,23.529653828962417,2.2,-0.04320584913230749,-0.3795089477292437,0.2930972494646287,0.5819342447279503,0.08801864587154284,1002.5151642384154,999.687377868375,999.6941879134133,-3.0,0.003289244515482463,-0.010099289553750168,74.13722310567638,80.45664500038667,80.99116452257265,6.5,0.4637182375294503,-0.9982377597154226,7.08374375673998,6.869344521687682,7.382276876877803,0.0,-0.5688941492613183,0.05596179407119717,6.398433657710287
2026-09-03 08:30:00,20.76613471450557,22.748985172349258,22.94557802556136,22.382499815324437,23.508656235798284,2.2,-0.04320584913230749,-0.3797658677410255,0.29335416947641046,-1.0141163782561726,-0.15338700407979644,1002.3646409187387,999.4159040068457,999.4927234604062,-3.0,0.003289244515482463,-0.08010869807594645,73.42694171367819,80.29145924174907,79.52847044729545,6.5,0.4637182375294503,0.2992705569241707,7.163596712402354,7.055623384332352,7.7398941106711465,0.0,-0.5688941492613183,-0.11537657707747595,5.563704243853244
2026-09-03 08:35:00,21.064576627982337,23.27053586100662,23.27833188106195,22.71510018553726,23.841563576586637,2.2,-0.04320584913230749,-0.38002259177717745,0.29361089351256253,0.2341116695879606,0.035409829076979094,1002.805905480191,999.6111565892406,999.5565663292714,-3.0,0.003289244515482463,0.051301015453759646,69.69616747304383,75.5615905152782,75.61151216434718,6.5,0.4637182375294503,-0.5136398865984262,4.533750538642299,5.143098152564269,5.805318288507015,0.0,-0.5688941492613183,-0.09332598668142822,3.0244533161894034
2026-09-03 08:40:00,21.008238820518333,23.08020792915141,23.191755859771888,22.628370720774047,23.75514099876973,2.2,-0.04320584913230749,-0.3802791202854806,0.2938674220208657,-0.45184287011185376,-0.06834208148817211,1003.282817150287,999.9046900993011,999.8257415343138,-3.0,0.003289244515482463,0.07565932047180013,72.29765481446924,79.53017785787591,77.74158526203526,6.5,0.4637182375294503,1.324874358311206,7.372811115749233,7.099007487540473,7.492545869053531,0.0,-0.5688941492613183,0.17535576774826023,14.539654940614673
2026-09-03 08:45:00,20.4310072399113,22.92775602195204,23.001721848835274,22.43818330814474,23.565260389525807,2.2,-0.04320584913230749,-0.38053545371201314,0.2941237554473982,-0.2033692320881535,-0.03075997775092887,1003.1256783993873,1000.1479997136393,1000.1149166649044,-3.0,0.003289244515482463,0.029793804219366393,73.53731725592365,80.98644972833775,80.11309609680534,6.5,0.4637182375294503,0.40963539400296156,8.007721624821157,7.924124724657364,8.540069933659375,0.0,-0.5688941492613183,-0.047051059740692125,1.3771919877078953
2026-09-03 08:50:00,20.835239031021015,22.888276851514174,22.91807109384843,22.35437919321155,23.481762994485308,2.2,-0.04320584913230749,-0.3807915925011598,0.29437989423654476,0.08867068102822273,0.013411606798051423,1003.0927597923269,1000.0606708223742,1000.1278204228616,-3.0,0.003289244515482463,-0.07043884500296826,69.13124106483245,74.84014318672398,75.86678895524918,6.5,0.4637182375294503,-1.490364006054648,6.163167252534077,6.04692065355317,6.7414323752257985,0.0,-0.5688941492613183,-0.12561757241131044,14.23771895739684
2026-09-03 08:55:00,21.402496423352016,23.32265077150709,23.283423337499553,22.719578118628615,23.84726855637049,2.2,-0.04320584913230749,-0.38104753709562056,0.2946358388310055,0.5450066845431927,0.08243328313984222,1003.1443743626671,999.9978325017598,1000.0446732430922,-3.0,0.003289244515482463,-0.05012998584788875,72.0496255068155,78.15692719090065,76.82974054751851,6.5,0.4637182375294503,0.8634684058526858,3.067089162904546,2.9929376792312263,3.6101648833718087,0.0,-0.5688941492613183,-0.0483330548792642,5.163581781388142
2026-09-03 09:00:00,20.878794633556133,22.648211930404628,22.823604128067153,22.259605632640422,23.387602623493883,2.2,-0.04320584913230749,-0.38130328793642,0.29489158967180495,-0.873948492772147,-0.13218634853021882,1003.2757345362912,1000.0206404488436,1000.0171686576127,-3.0,0.003289244515482463,0.00018254671533668443,74.64593377191702,80.72038856528334,79.5927820717797,6.5,0.4637182375294503,0.6638882559742001,3.434560205861805,3.3351884131982867,3.74937419723202,0.0,-0.5688941492613183,0.1547083652275849,7.528445089249054
2026-09-03 09:05:00,21.812863835754182,24.006706535271498,23.81511260220725,23.250960871869022,24.37926433254548,2.2,-0.04320584913230749,-0.38155884546291574,0.2951471471983007,1.5523760058096627,0.2347997821965535,1003.443285996881,1000.3330745148601,1000.2534454953986,-3.0,0.003289244515482463,0.07633977494595001,68.33381257119859,76.93972153494059,77.47843249118375,6.5,0.4637182375294503,-1.0024291937726133,3.7605098623332114,3.8442818926995113,4.405169188131925,0.0,-0.5688941492613183,0.008006853828904426,11.654376786036892
2026-09-03 09:10:00,21.59059287566098,23.678206852889396,23.849618105035994,23.28531318139664,24.41392302867535,2.2,-0.04320584913230749,-0.3818142101128075,0.29540251184819244,-0.8476285181897794,-0.12820540301429162,1003.2731457719825,1000.2439720492528,1000.2777547683584,-3.0,0.003289244515482463,-0.03707196362108789,70.71374326938505,76.86982318521873,76.41740491139807,6.5,0.4637182375294503,-0.011299963708779615,2.1715278358046435,1.658475305387105,2.3522623188322886,0.0,-0.5688941492613183,-0.12489286418386536,4.118210274220607
2026-09-03 09:15:00,21.694813967168823,23.60903304586648,23.706932797095867,23.14247472173188,24.271390872459854,2.2,-0.04320584913230749,-0.3820693823221457,0.2956576840575307,-0.36160809215972023,-0.054693902097081804,1003.7065610569872,1000.8064427305432,1000.6998764001655,-3.0,0.0032892445154824586,0.10327708586214612,71.16100592192994,79.00310627565484,77.92239025572584,6.5,0.4637182375294503,0.6169977823995509,3.506078967885964,3.8172304096455654,4.195028398397547,0.0,-0.5688941492613183,0.19109616050933687,8.672031508476197
2026-09-03 09:20:00,22.286027576951728,24.723872869202886,24.59351874302606,24.0289075574801,25.15812992857202,2.2,-0.043205849132307496,-0.38232436252534036,0.2959126642607253,1.1474897409115599,0.17355997530913214,1003.7358604790486,1000.7641551412838,1000.8164512269756,-3.0,0.003289244515482456,-0.05558533020723644,66.9639722688437,72.45066667275842,73.30308412309797,6.5,0.4637182375294503,-1.3161356878690071,3.0317195474297867,3.221494387322446,3.9073229829720124,0.0,-0.5688941492613183,-0.11693444638824824,14.383374628378267
2026-09-03 09:25:00,22.3350541965502,24.668503226036048,24.801368261005038,24.236604006785974,25.366132515224102,2.2,-0.04320584913230749,-0.3825791511551693,0.29616745289055435,-0.592780655464086,-0.08965918583668397,1003.8253173754025,1001.0665274624785,1001.0477123088061,-3.0,0.0032892445154824573,0.015525909156849593,67.97149129214331,73.67977051921183,72.61514678979893,6.5,0.4637182375294503,0.6009054918834522,4.908603631403403,4.535742155584463,5.028273000895218,0.0,-0.5688941492613183,0.07636330395056312,3.564837865625149
2026-09-03 09:30:00,22.167394224983155,24.36175064919571,24.510073836491888,23.94515655507485,25.074991117908926,2.2,-0.043205849132307496,-0.3828337486427873,0.29642205037817226,-0.6949820482523954,-0.10511733816387192,1003.8721939998451,1000.7168533914382,1000.8365729939912,-3.0,0.0032892445154824573,-0.12300884706849047,68.00530880381774,73.95602517833917,73.05941238820641,6.5,0.4637182375294503,0.4328945526033152,9.805850373865285,9.125127191979564,9.54614082129801,0.0,-0.5688941492613183,0.14788051994287166,6.938593041360415
2026-09-03 09:35:00,22.928594176015736,25.401459424849907,25.275335182345817,24.710264915172242,25.84040544951939,2.2,-0.0432058491323075,-0.3830881554177342,0.2966764571531192,1.1195239146254643,0.16933009163639667,1003.897897212078,1001.0300560458866,1000.967020877284,-3.0,0.0032892445154824573,0.059745924087110325,66.57287601942095,72.39632457026373,72.14588746506938,6.5,0.4637182375294503,-0.21328113233509782,2.1213880028863725,1.828266359043952,2.9225062835656512,0.0,-0.5688941492613183,-0.525345775260381,43.04448014883846
2026-09-03 09:40:00,22.184092127274415,24.516599333954137,24.757862912238433,24.192639700716104,25.323086123760763,2.2,-0.0432058491323075,-0.38334237190794324,0.2969306736433282,-1.309456353086901,-0.1980577291519907,1004.084018106176,1001.0911129176453,1001.0752802137749,-3.0,0.0032892445154824573,0.012543459354901643,68.00214333716703,74.28782434984022,73.36530301407034,6.5,0.4637182375294503,0.45880309824043763,7.257154426727346,7.184354488299209,7.200681337978741,0.0,-0.5688941492613183,0.5525672995817859,48.81537526698418
2026-09-03 09:45:00,23.013045166995855,25.04847398669217,24.993232043604664,24.42785592910776,25.558608158101567,2.2,-0.043205849132307496,-0.38359639853975,0.297184700275135,0.6508864234764751,0.0984477922198117,1004.1595018611315,1001.2637022297492,1001.2400813069771,-3.0,0.003289244515482458,0.020331678256638952,64.40830411858647,70.34128155640927,70.69559048409359,6.5,0.4637182375294503,-0.8180271652137634,6.979050633063462,7.753138202670694,8.513781887110513,0.0,-0.5688941492613183,-0.19174953517850035,9.756307938033725
2026-09-03 09:50:00,23.1524885392367,25.144644506438546,25.178947274911724,24.613418298780868,25.74447625104258,2.2,-0.043205849132307496,-0.38385023573790034,0.2974385374732853,0.058862613345379344,0.008903080659127482,1004.1046770262461,1001.0391997967563,1001.1136722410092,-3.0,0.0032892445154824616,-0.07776168876841894,62.27372056933778,68.11824729515013,67.90148923624047,6.5,0.4637182375294503,-0.24696017861978703,2.0672190799113257,2.230196169403608,3.0883678305720235,0.0,-0.5688941492613183,-0.2892775119070974,12.93593556367878
2026-09-03 09:55:00,22.938356399079744,25.301952707970514,25.34674601424788,24.781064217790174,25.912427810705587,2.2,-0.043205849132307496,-0.3841038839255585,0.29769218566094346,-0.010495454293810269,-0.001587457145060256,1004.1581164443604,1001.318868500444,1001.2610742608605,-3.0,0.0032892445154824616,0.05450499506798678,64.7301710189828,72.15694861616146,70.46437171778499,6.5,0.4637182375294503,1.228858660847024,10.489825541384358,9.94754864662992,9.925436056727438,0.0,-0.5688941492613183,0.5910067391638005,57.930207513543905
2026-09-03 10:00:00,23.337831962964234,25.617105354257703,25.638506703256546,25.072672127745633,26.20434127876746,2.2,-0.043205849132307496,-0.38435734352431594,0.2979456452597009,0.14416019686733605,0.021804500133463023,1004.3450383607944,1001.3893220745463,1001.3776503595667,-3.0,0.003289244515482462,0.00838247046408469,61.05672798741203,68.53576288542257,68.77389163877494,6.5,0.4637182375294503,-0.701846990881819,6.050524034110107,5.8436273826398235,6.923067982507009,0.0,-0.5688941492613183,-0.510546450605867,39.78176126225431
2026-09-03 10:05:00,22.850341824302856,25.08429137789699,25.245580699886666,24.679593386562757,25.811568013210575,2.2,-0.0432058491323075,-0.384610614954199,0.298198916689584,-0.7807074956867304,-0.11808347285737142,1004.6468572167853,1001.5449404690477,1001.5289496382317,-3.0,0.0032892445154824616,0.01270158630052265,65.25167129002865,72.51110848872891,71.23128937906681,6.5,0.4637182375294503,0.816100872132651,4.465628082407899,4.449664351526004,4.92106289032555,0.0,-0.5688941492613183,0.09749561046177213,6.271817148352316
2026-09-03 10:10:00,23.86194006776025,25.89264050718647,25.790083402976084,25.223943393046017,26.35622341290615,2.2,-0.0432058491323075,-0.3848636986336772,0.29845200036906216,0.9637100562373249,0.14576295334269318,1004.3124370898497,1001.3106334855128,1001.3878663462975,-3.0,0.0032892445154824616,-0.08052210530024695,60.315217938777174,67.23441710324464,67.94264841513964,6.5,0.4637182375294503,-1.171949549424454,7.942370943770492,8.01847601005992,8.348519825595627,0.0,-0.5688941492613183,0.23885033372561182,18.168305913881014
2026-09-03 10:15:00,23.557973633947626,25.879563147348776,25.96274914685565,25.396456481492926,26.529041812218374,2.2,-0.0432058491323075,-0.3851165949796713,0.2987048967150563,-0.2643282952374477,-0.03998015037456781,1004.3609439342039,1001.3250105553633,1001.3247326763867,-3.0,0.0032892445154824616,-0.003011365538895916,61.2749400648864,67.84913451751005,67.10416549859005,6.5,0.4637182375294503,0.28125078139055404,3.666872604534074,3.272447946440947,4.212011641474602,0.0,-0.5688941492613183,-0.3706695457723366,20.18112680665403
2026-09-03 10:20:00,23.56044442024303,25.60934464361624,25.731703309715677,25.165258030060514,26.29814858937084,2.2,-0.0432058491323075,-0.3853693044075613,0.29895760614294625,-0.5233179209219188,-0.07915281696713095,1004.6874454606948,1001.7608222132905,1001.6470280115043,-3.0,0.0032892445154824616,0.11050495727067755,64.90634929005562,71.00872473752288,69.65219069542131,6.5,0.4637182375294503,0.8928158045721233,7.353262291150987,7.312765222757869,7.503861018427958,0.0,-0.5688941492613183,0.3777983535912286,26.485793007295943
2026-09-03 10:25:00,24.324662060997223,26.504264730078486,26.401251896545553,25.83465404370492,26.967849749386186,2.2,-0.04320584913230751,-0.38562182733119443,0.2992101290665794,0.9667231053076684,0.14621868266523919,1004.7508331983655,1001.5738666859594,1001.6328209580761,-3.0,0.0032892445154824616,-0.06224351663217931,60.73534460604483,66.47281860224076,67.02321807873024,6.5,0.4637182375294503,-1.0141177140189228,1.3690093553642877,1.1537176140811254,2.1565950189563523,0.0,-0.5688941492613183,-0.4339832556139087,34.85210793582407
2026-09-03 10:30:00,23.75670396492756,26.246092794204955,26.3851245564398,25.818374171487466,26.95187494139213,2.2,-0.04320584913230751,-0.385874164162893,0.29946246589827796,-0.6335519004470669,-0.09582591310253719,1004.8484039467265,1001.8440011914092,1001.806213481938,-3.0,0.0032892445154824616,0.034498464955731833,63.865276954668,70.65567351741414,69.28029891786557,6.5,0.4637182375294503,0.91165636201913,9.249189838551906,8.918062269771212,8.889649289808878,0.0,-0.5688941492613183,0.5973071292236529,56.282027216033306
2026-09-03 10:35:00,23.606232114639504,25.674065267477474,25.830511370425974,25.26360849440256,26.397414246449387,2.2,-0.04320584913230751,-0.38612631531346236,0.29971461704884733,-0.7486866098065583,-0.11324025381619407,1004.9368590527974,1001.9961551406949,1001.9813993655046,-3.0,0.003289244515482461,0.011466530674852038,59.98540914050211,65.54650482646466,66.14415326457603,6.5,0.4637182375294503,-1.0613666756408264,5.302529374513944,5.38040806852363,6.430822538031986,0.0,-0.5688941492613183,-0.4815203202470375,40.243530968632996
2026-09-03 10:40:00,23.67586716958136,25.561269318166786,25.5721078795942,25.005052553507216,26.139163205681182,2.2,-0.04320584913230751,-0.38637828119219864,0.2999665829275836,0.21399594299517943,0.0323672877048935,1004.9432396761198,1001.9481931721988,1001.9895649745641,-3.0,0.003289244515482461,-0.044661046880833055,63.207263620013464,68.91212687667316,67.61637462225697,6.5,0.4637182375294503,0.8320340168867375,6.957235354231016,7.189398506263863,7.5458461445146146,0.0,-0.5688941492613183,0.21244651101056622,10.330537265686061
2026-09-03 10:45:00,24.66748806132027,26.656978622946248,26.48552318132695,25.918315446150835,27.052730916503066,2.2,-0.04320584913230751,-0.38663006220689633,0.3002183639422813,1.4192306058442945,0.21466129075160367,1005.2751770772632,1002.4772182639215,1002.3781035238321,-3.0,0.003289244515482461,0.09582549557387665,56.36413848530481,63.78646909026865,64.26709175563332,6.5,0.4637182375294503,-0.9443409028941119,3.475624907052215,3.7279372901407006,4.508545419576707,0.0,-0.5688941492613183,-0.21171398017468857,16.87611223865929
2026-09-03 10:50:00,24.0370778003428,26.435937565680323,26.585411794701127,26.018051691377305,27.152771898024948,2.2,-0.04320584913230751,-0.3868816587638563,0.30046996049924124,-0.7025921471131262,-0.10626837988849758,1004.8849994814094,1002.00110289752,1002.1466863159878,-3.0,0.003289244515482461,-0.14887266298330815,59.35782998622301,67.37834921960068,65.94932617589392,6.5,0.4637182375294503,0.9653048061773148,7.427625379577978,7.599941284918141,7.854977334282875,0.0,-0.5688941492613183,0.3138580998965841,22.50866012860127
2026-09-03 10:55:00,25.372871266807216,27.62381749428326,27.534799510902452,26.96728708033937,28.102311941465533,2.2,-0.04320584913230752,-0.3871330712678933,0.3007213730032783,0.8741963176853709,0.13222383251311243,1005.0726978159073,1002.0715756963962,1002.0706085031718,-3.0,0.003289244515482461,-0.0023220512911166225,54.83155200101926,61.64618811155245,62.23130873889008,6.5,0.4637182375294503,-1.0488388648670792,8.54026828897511,8.391057429033031,9.088505456758739,0.0,-0.5688941492613183,-0.12855387846438937,9.861056630781388
2026-09-03 11:00:00,23.95736406898047,26.13158859324272,26.50385853628182,25.936193819354994,27.07152325320865,2.2,-0.04320584913230754,-0.38738430012234343,0.3009726018577284,-2.175603396969006,-0.32906409390679414,1005.2516645807713,1002.2841679453959,1002.2172176759357,-3.0,0.003289244515482461,0.0636610249447358,63.10268482601344,70.48785054784916,68.00812080554189,6.5,0.4637182375294503,2.016011504777822,5.648736827750579,5.86310175618963,6.589948097178515,0.0,-0.5688941492613183,-0.15795219172756614,36.35166903245814
2026-09-03 11:05:00,25.58531964519181,27.683500884129494,27.4361777603641,26.86836079791615,28.00399472281205,2.2,-0.04320584913230754,-0.38763534572907193,0.3012236474644569,1.920828896431317,0.2905289728977003,1005.0891450502478,1002.1334948829701,1002.166940008763,-3.0,0.003289244515482461,-0.03673437030840887,54.93524017235926,61.23856151840407,62.87605999976683,6.5,0.4637182375294503,-2.1012167188922106,6.951828210708431,7.044544542139717,7.443879393397838,0.0,-0.5688941492613183,0.1695592980031977,35.86982733837398
2026-09-03 11:10:00,25.105106497381072,27.40217847889171,27.54054350243387,26.97257433527458,28.10851266959316,2.2,-0.04320584913230754,-0.38788620848848054,0.3014745102238655,-0.6291437654011744,-0.09515917440985433,1005.3759567162713,1002.4364516568963,1002.3712086902229,-3.0,0.0032892445154824638,0.0619537221579094,57.52019304244121,62.95005369357106,62.01221221735284,6.5,0.4637182375294503,0.4741232386887688,5.559755769098847,5.599938333984451,6.278495344082586,0.0,-0.5688941492613183,-0.10966286083681709,4.256772416945159
2026-09-03 11:15:00,25.093281249248363,27.123460279050317,27.253564715902755,26.68544338480911,27.8216860469964,2.2,-0.04320584913230754,-0.38813688879951486,0.3017251905348998,-0.5745289933980935,-0.08689858772013181,1005.7164624596132,1002.4426137602635,1002.4546153821436,-3.0,0.003289244515482463,-0.015290866395616831,58.30025314382395,65.28999043871882,64.00930202688274,6.5,0.4637182375294503,0.8169701743066327,10.719567524998778,10.53605958848824,10.831884792323855,0.0,-0.5688941492613183,0.2730689454257025,14.894347196419817
2026-09-03 11:20:00,25.022515169378213,27.283648283106732,27.285662087684535,26.71738863340076,27.853935541968312,2.2,-0.04320584913230754,-0.388387387059672,0.301975688795057,0.27234071939266613,0.04119204455450287,1005.5334360764659,1002.4882071321006,1002.5005940279351,-3.0,0.003289244515482462,-0.01567614035002407,60.201686547356886,67.15711800597293,66.38523835832397,6.5,0.4637182375294503,0.30816141011951004,5.963773764749393,5.814710926546935,6.804324628139366,0.0,-0.5688941492613183,-0.42071955233111247,25.951092590174373
2026-09-03 11:25:00,25.505849000421996,27.559598086659403,27.553386281377037,26.984960744614643,28.12181181813943,2.2,-0.04320584913230754,-0.38863770366500777,0.30222600540039274,0.32672424249744125,0.04941765441467183,1005.6260860854197,1002.4034202251908,1002.4368391142687,-3.0,0.0032892445154824638,-0.03670813359337899,54.35029970140712,60.90763454451131,61.99663694304054,6.5,0.4637182375294503,-1.5527206360586803,9.798415052761083,9.820581133598449,10.015306808719235,0.0,-0.5688941492613183,0.3741684741405322,32.77418912073053
2026-09-03 11:30:00,25.433995362492738,27.454463485437724,27.539027401092575,26.97044982253041,28.10760497965474,2.2,-0.04320584913230754,-0.38888783901014384,0.3024761407455288,-0.27343837168696083,-0.04135806652254459,1005.461717404397,1002.6534595465158,1002.5970513300362,-3.0,0.0032892445154824638,0.05311897196418158,57.60444164020769,63.910541273723595,62.64219580916212,6.5,0.4637182375294503,0.8046272270320287,9.211098000083668,9.943060340179319,10.667057855630878,0.0,-0.5688941492613183,-0.15510336619024123,7.25499640852281
2026-09-03 11:35:00,25.99031652991688,28.062819042951876,28.02442320191013,27.45569362219441,28.593152781625847,2.2,-0.04320584913230754,-0.38913779348827554,0.3027260952236605,0.5395086174043975,0.08160169017405394,1005.6156031854409,1002.6064757574405,1002.6246728258275,-3.0,0.003289244515482463,-0.021486312902425198,56.46925725284716,63.73902571571204,63.10589532926635,6.5,0.4637182375294503,0.16941214891623702,5.28812606926464,5.378498813292057,6.167663697732713,0.0,-0.5688941492613183,-0.22027073517933715,7.8263689801074205
2026-09-03 11:40:00,25.691675555089518,27.816594065792724,27.945627975864543,27.376746435608915,28.51450951612017,2.2,-0.04320584913230754,-0.3893875674911783,0.3029758692265633,-0.5674512181452336,-0.08582806093951234,1005.7071223018489,1002.6781211593969,1002.6750654130319,-3.0,0.003289244515482463,-0.0002334981504645839,55.11624731317278,60.8276608864308,60.95158036638384,6.5,0.4637182375294503,-0.5876377174824867,3.733915611106332,3.550559060431246,3.9907695295640893,0.0,-0.5688941492613183,0.12868368012847498,4.916583937038309
2026-09-03 11:45:00,25.80008790064494,27.990321933458198,28.021450206702053,27.452416746487614,28.59048366691649,2.2,-0.04320584913230754,-0.3896371614092155,0.30322546314460047,0.07985075131748332,0.012077575888451264,1005.7690971557788,1002.9036167555838,1002.8611588502616,-3.0,0.003289244515482463,0.03916866080669479,55.41366901861544,61.29464455550291,60.56067233657424,6.5,0.4637182375294503,0.27025398139922174,5.290336946044012,5.040620112553179,5.455709516531774,0.0,-0.5688941492613183,0.1538047452827227,3.9371138524964864
2026-09-03 11:50:00,25.68545227066022,27.932543429682443,27.99228149933499,27.42309615971035,28.56146683895963,2.2,-0.04320584913230754,-0.3898865756313452,0.3034748773667302,-0.1093025820479312,-0.01653222052024006,1006.060345438952,1003.1236941585695,1003.0943538349349,-3.0,0.0032892445154824616,0.026051079119156384,56.23543999492981,61.92895478952147,61.15542400989028,6.5,0.4637182375294503,0.3098125421017386,9.730221655357555,9.582691671560694,10.024947386745529,0.0,-0.5688941492613183,0.126638434076483,2.886092573317835
2026-09-03 11:55:00,25.89595090411178,27.358277845826088,27.488961285257183,26.9196241067385,28.058298463775866,2.2,-0.04320584913230754,-0.39013581054512725,0.3037241122805122,-0.578357062155245,-0.08747759029878921,1006.0010765585092,1002.8317813813524,1002.934026133241,-3.0,0.0032892445154824664,-0.10553399640411953,54.340326217124016,60.90830458723268,60.632489979375535,6.5,0.4637182375294503,-0.18790362967230578,3.7511261753958984,4.404314209660618,5.406884579259007,0.0,-0.5688941492613183,-0.43367622033707054,29.067966843607238
2026-09-03 12:00:00,26.12654020128686,28.165010089737507,26.181478380500558,26.08489796266779,26.278058798333326,2.2,0.6462858621744137,0.3687516159566661,0.9238201083921613,1.1340615261367297,1.3372458470625368,1005.7979999322209,1002.7873641278418,1005.6459583326014,-3.0,-0.9479653869387075,-1.910628817820907,53.05615442683755,58.68584001715014,53.06946248090242,6.5,1.7364712158895448,3.879906320358174,6.384234855576771,6.264457861792983,6.385791984512748,0.0,-0.5233575765112024,0.4020234537914371,271.0438576054519
2026-09-03 12:05:00,25.400858667237614,27.522544671766404,26.469816135294593,26.024543039442506,26.91508923114668,2.2,0.791812034922236,0.5429372897455869,1.040686780098885,1.277123159404077,0.26091650154957335,1006.046958218468,1002.996683172484,1005.2767379705372,-3.0,-1.3388927231929832,-0.9411620748601308,54.394942332698946,60.34754858828675,54.481243135972264,6.5,2.7355542468228533,3.1307512054916344,9.514652763573237,9.786713923956322,10.12679857639874,0.0,-0.45165622480085693,0.1115715723584394,106.98150746787583
2026-09-03 12:10:00,25.623933989825574,28.124946397547237,27.270046042350327,26.749712224764462,27.79037985993619,2.2,0.78701795463792,0.5381609247772151,1.035874984498625,0.44742042066262044,0.06788240055898953,1006.1279485831442,1002.8662686498533,1004.3411156372779,-3.0,-1.3466765855186023,-0.12817040190600437,57.393543233534494,63.32893878375273,59.849432936077754,6.5,2.745267690966729,0.7342381567082512,4.921027940524707,4.8082494668833,5.524842985433889,0.0,-0.3053703421701356,-0.411223176380453,28.404652993820783
2026-09-03 12:15:00,26.535532532177648,28.51953201050122,27.766793794416778,27.24201012769284,28.291577461140715,2.2,0.7929053467591949,0.5452926555692853,1.0405180379491046,-0.26204980398028965,-0.04016713067475308,1006.2654445693114,1003.1619031343258,1004.307935495508,-3.0,-1.3673685327965595,0.22133617161443908,51.95762051444278,58.24913384857561,57.115129179404505,6.5,2.9037353061038558,-1.7697306369327492,7.576313964348848,7.654669326732736,7.629731573959024,0.0,-0.3155360475811302,0.3404738003548422,37.90758704341458
2026-09-03 12:20:00,26.378291007998744,28.610850331618725,27.888252871017027,27.36939389602797,28.407111846006085,2.2,0.7971399124642264,0.5494152809957112,1.0448645439327415,-0.4918697337966087,-0.07454245186253061,1006.3706937372126,1003.3431626889102,1004.5646755787373,-3.0,-1.379965251650828,0.1584523618237199,54.06051306224265,59.370613505119465,56.47044764873367,6.5,2.9039534580235675,-0.0037876016377680344,3.9786376394736656,4.216161221676282,4.796430258128998,0.0,-0.3198063520935416,-0.2604626843591742,13.042574428677026
2026-09-03 12:25:00,26.304732860284343,28.80373892223151,28.01901816890602,27.50368100248798,28.534355335324058,2.2,0.7971825122731433,0.5491100618509915,1.045254962695295,-0.08239018897461392,-0.012461758947651447,1006.0185362123614,1003.0012935726376,1004.4366057864984,-3.0,-1.3779993986147034,-0.05731281524606402,52.81173118297929,59.3814951766091,56.3536232018498,6.5,2.901798244927273,0.12607372983202936,2.5560286355080555,2.384457780565078,2.646342425872378,0.0,-0.31973936233644046,0.0578547170291408,0.9412113668667654
2026-09-03 12:30:00,26.450710413616587,28.38811670762713,27.67798679453154,27.163222642885067,28.192750946178016,2.2,0.7965729238756001,0.5481559223428003,1.0449899254083999,-0.5714997086879023,-0.08644301078001249,1006.0843747405909,1002.8620400270393,1004.269736465139,-3.0,-1.3778240990770312,-0.02987233902274511,50.79673297928805,58.2945758998198,55.52986944008513,6.5,2.901662895259978,-0.13695643552531322,9.473479771924994,9.281146275679163,9.207969889678228,0.0,-0.32002593088836556,0.3932023168892993,23.046752734138877
2026-09-03 12:35:00,26.643976965454357,28.922772010627238,28.019564840317305,27.504398263608472,28.534731417026137,2.2,0.7969691529208968,0.5482054628651506,1.0457328429766428,0.7023854783012915,0.10623801738903538,1006.0506073046785,1003.2233571421356,1004.4964117415841,-3.0,-1.3774453628522312,0.10439076340367137,53.091344206125136,59.699737303978544,56.41870804861641,6.5,2.903145894406204,0.3778833609559342,2.4374543142195204,2.9351152225561195,3.8413161619072884,0.0,-0.32000011638625075,-0.5862008229649183,52.17375104960499
2026-09-03 12:40:00,26.3472138351269,28.386759468339996,27.690323628814177,27.174770802875198,28.205876454753156,2.2,0.7969056177835167,0.5477947369144543,1.046016498652579,-0.6642545992916951,-0.10046977825769687,1006.2354456746891,1003.2201302158554,1004.6001272794766,-3.0,-1.3774551168658191,-0.002541946755400204,52.1338999957109,59.86695691155195,56.95026144354726,6.5,2.9031752773835717,0.013520190621115091,4.257955357903141,4.55333322637188,4.536318831751168,0.0,-0.31998922201619545,0.33700361663690703,17.27457153009407
2026-09-03 12:45:00,26.306506090245215,28.405579341787366,27.586597706289748,27.07081328196957,28.102382130609925,2.2,0.7968995222283176,0.5474419101973855,1.0463571342592497,0.14599562610951722,0.022082113269298986,1006.3699017370162,1003.3755346985153,1004.7425695441865,-3.0,-1.3774358515161567,0.01040100584486936,52.53327252787845,60.10047107657999,57.24981007441536,6.5,2.9031466083331936,-0.052485606168559684,10.53982973985658,10.7770314354638,10.872702224536436,0.0,-0.3199888558057448,0.22431806673310817,7.257579538718719
2026-09-03 12:50:00,26.747385771454724,28.78676360466406,27.90981784093886,27.393869709388174,28.425765972489547,2.2,0.7968817962251401,0.5470779323236954,1.0466856601265848,0.5293419662413648,0.08006396750005962,1006.4755768251741,1003.5356730709251,1004.9042465332038,-3.0,-1.3774320762496532,0.00885861397091503,52.075879798348815,59.198067836147096,56.55021280380886,6.5,2.903170525946814,-0.2553154936085775,4.955536527117631,5.191719415054505,6.045787600961127,0.0,-0.3199880915522924,-0.5340800943543291,41.72194178542025
2026-09-03 12:55:00,26.325401941430275,28.379030479747097,27.668335926861502,27.152231712742566,28.18444014098044,2.2,0.7968868906626488,0.5467372508603403,1.0470365304649574,-0.5698596289759443,-0.08619233777705304,1006.3417806929193,1003.2235692548338,1004.7030991372095,-3.0,-1.3774198848192938,-0.1021099975563402,53.260864897562236,59.82061357167174,56.764393548061086,6.5,2.903145611448852,0.15307441216180706,14.470216938935272,14.60808958542859,14.275898519418476,0.0,-0.31998812963337553,0.652179195643491,62.758266718835614
2026-09-03 13:00:00,26.92421523392295,29.668597663504247,28.66636401160712,28.150096965948453,29.182631057265784,2.2,0.7968882380535716,0.5463932993987932,1.04738317670835,1.3576387949057853,0.2053454138435562,1006.3291035748523,1003.3975569708222,1004.7388772869461,-3.0,-1.3774263316066206,0.036106015482687326,51.120912724967646,57.638913035563995,55.13948827758108,6.5,2.9031778613058203,-0.4037531033229058,15.05597684842845,15.66130959238097,16.330208261417752,0.0,-0.3199881516898208,-0.34891051734696177,22.814002238539686
2026-09-03 13:05:00,26.12048120257628,28.489372376990612,27.959315680423476,27.442881614360733,28.47574974648622,2.2,0.7968850550801957,0.5460452929082197,1.0477248172521718,-1.7641325622812865,-0.2668283585130595,1006.4220088931849,1003.3669476962821,1004.7422775790619,-3.0,-1.3774265355564836,0.0020966527766859144,53.870896036200385,60.98193585409099,57.27681778646058,6.5,2.903164651401435,0.8019534162289759,4.2681746069885955,4.281347097551743,5.171305677412416,0.0,-0.3199881528172747,-0.5699704270433985,57.19094936227105
2026-09-03 13:10:00,27.250194328650565,29.670541901007805,28.66925339390818,28.152651457795372,29.185855330020985,2.2,0.7968859629799793,0.5457018506524338,1.0480700753075247,1.3514050228052348,0.20440254411964887,1006.2944456189589,1003.1599577878618,1004.5835906006804,-3.0,-1.3774252633161326,-0.04620754950246919,50.19711076848904,56.38377428088582,54.464010243594146,6.5,2.90315912968853,-0.9833950923968615,1.5643827915433683,1.737561501703644,1.6499961123107436,0.0,-0.31998815395317004,0.40755354334607063,33.32739321688848
2026-09-03 13:15:00,27.06098665206963,29.359385349436927,28.654743375794858,28.137973853583034,29.171512898006682,2.2,0.7968859427655574,0.5453579517073548,1.04841393382376,-0.609869919845476,-0.09224396912348709,1006.7519809861853,1003.8379981101887,1005.0494709060232,-3.0,-1.3774248168485796,0.16595202101404993,50.84222663391131,55.83621003273734,52.89361470019992,6.5,2.9031593895678673,0.039435942969554105,8.461683222883092,8.026409344304888,7.938278037017979,0.0,-0.3199881539781034,0.4081194612650121,27.74350941343967
2026-09-03 13:20:00,27.004156298022696,28.882904940342303,28.18396216835053,27.667025355434497,28.700898981266562,2.2,0.7968859987881345,0.5450145984947241,1.0487573990815449,-0.6475504950977111,-0.09794322679636025,1006.2146528614367,1003.4384039402569,1004.9318936796209,-3.0,-1.377425750627109,-0.11606398873686885,50.24404868098476,57.13765192426713,53.659537938400184,6.5,2.903161045112437,0.574952940754514,5.9366848812905815,5.689196675313209,6.40861966046492,0.0,-0.31998815402709085,-0.3994348311246201,26.980193020248826
2026-09-03 13:25:00,27.320983479634673,29.599975073699333,28.653227979599006,28.136124005202916,29.170331953995095,2.2,0.7968859547718742,0.5446716128209053,1.049100296722843,0.9908051648107232,0.14986113932845413,1006.4992445465468,1003.6079689525698,1004.9755889754199,-3.0,-1.377425701732274,0.009805678882116808,49.63114154585277,55.22628664190479,52.60945298938783,6.5,2.903160915345758,-0.2863272628287987,2.50092705660241,2.140681356651898,2.5279419907719145,0.0,-0.3199881540271952,-0.06727248009282105,3.453480580865488
2026-09-03 13:30:00,27.616612039095788,30.031197961997258,29.19446413019584,28.677193046103675,29.711735214288005,2.2,0.7968859528876431,0.5443291349520344,1.0494427708232519,0.26345378402596253,0.0398478789137755,1006.7893496603444,1003.9277962951155,1005.2386675529699,-3.0,-1.3774255912662368,0.06655433341188655,50.087876281015056,55.81816329846275,52.71234461041585,6.5,2.903160857150239,0.202657830896662,8.516652590477175,8.89887166553202,8.749289291701077,0.0,-0.3199881540297244,0.4695705278606681,32.33455615654274
2026-09-03 13:35:00,27.37502629960277,29.404346404794946,28.772010417376535,28.254572265186933,29.289448569566137,2.2,0.7968859491220903,0.5439871189829215,1.0497847792612591,-1.0879201416458564,-0.16454996170367764,1006.4997152114092,1003.4216206204248,1004.9402905499048,-3.0,-1.3774255961645896,-0.14124433331539876,50.35486260551216,56.855041763908794,53.68741180279772,6.5,2.9031607880490133,0.26446917306206075,1.3679957942889565,0.6022337486827315,1.5830165639328406,0.0,-0.31998815402971215,-0.6607946612203971,67.75112131592135
2026-09-03 13:40:00,26.2481155661051,28.641180899537325,27.945899914258682,27.428294742600922,28.46350508591644,2.2,0.7968859473362065,0.5436455668954874,1.0501263277769257,-0.6717600148254128,-0.10160496205756431,1006.4817576101649,1003.2421146507896,1004.6593275365486,-3.0,-1.377425582309756,-0.03978730344920223,51.56800658529093,57.99190668324815,54.94931531081629,6.5,2.903160773881701,0.13943059855016315,10.9905132756171,10.869820268791283,10.391162538839886,0.0,-0.3199881540295235,0.798645883980921,92.37888115897103
2026-09-03 13:45:00,26.48414436239115,28.825011604361965,27.906287995919197,27.38851585812757,28.424060133710825,2.2,0.7968859478900538,0.543304477183379,1.0504674185967287,0.8055282635981627,0.12183766055271406,1006.4669700209481,1003.6904906492631,1004.9230323720727,-3.0,-1.3774256184904052,0.14488389568077764,53.22824825437365,58.59858776932115,55.766023128020514,6.5,2.903160774615876,-0.07059613331524162,2.9729851864745753,2.0748732056763886,3.208222080770099,0.0,-0.3199881540295224,-0.8133607210641882,98.33045410164108
2026-09-03 13:50:00,26.753874247301354,29.324282256264087,28.40881476677441,27.890875717226915,28.926753816321902,2.2,0.7968859478203635,0.5429638450294482,1.0508080506112787,0.7840004717945881,0.11858154166931456,1006.5026827925084,1003.810860025919,1005.1522737861874,-3.0,-1.3774256219256724,0.03601186165735726,49.41877414112072,56.05116739242723,53.83147719473572,6.5,2.9031607653859886,-0.6834705676944779,2.840694613254144,2.5913082446095768,2.5309620279941587,0.0,-0.31998815402952635,0.38033437064494446,24.67271325716855
2026-09-03 13:55:00,27.01837680385214,29.134820201349413,28.406515138115044,27.888409230917627,28.92462104531246,2.2,0.7968859478858776,0.5426236693509755,1.0511482264207799,-0.45342171442510804,-0.06858088465150658,1006.7437337114467,1003.9751547275122,1005.3502062633572,-3.0,-1.3774256219500338,0.00237408610496459,50.070445152304536,57.343356880993376,54.09123951325287,6.5,2.903160768932659,0.34895659880784535,3.3841553604359884,3.2368706755164287,3.5190625181491577,0.0,-0.31998815402952635,0.0377963113967974,1.3277532536045655
2026-09-03 14:00:00,27.21545221664411,29.195930020188964,28.41032206743445,27.892049356375274,28.928594778493625,2.2,0.7968859478897831,0.5422839481219883,1.0514879476575778,-0.07456433254684214,-0.011277995135269947,1006.2130835651959,1003.162715674349,1004.7656674812326,-3.0,-1.377425625167983,-0.22552618171562244,52.318503606500904,57.915830350288275,54.80938726321231,6.5,2.90316076964379,0.20328231743217628,13.829073646060383,14.244534974198597,14.127645072539817,0.0,-0.3199881540295262,0.4368780556883056,33.12785899485202
2026-09-03 14:05:00,26.7148479776409,28.84252235576639,28.10309761813563,27.58465815686321,28.621537079408053,2.2,0.796885947890545,0.5419446795839796,1.0518272161971103,-0.37990411761713716,-0.05746121025978468,1006.7810094958212,1003.6078143450119,1004.8603798005921,-3.0,-1.3774256236427493,0.1248601680624688,50.53940628467626,58.05739294935527,55.18346406061339,6.5,2.903160769639968,-0.029231880898088036,8.368942548892738,8.487930930659175,9.547893724332447,0.0,-0.31998815402952613,-0.7399746396437461,80.22094992702554
2026-09-03 14:10:00,27.0729187310321,29.560032929664825,28.62563902381431,28.10703286592558,29.144245181703038,2.2,0.7968859478969165,0.541605861940804,1.052166033853029,0.9091322510527782,0.1375079579535985,1006.3426934621276,1003.1828410574547,1004.6180971044497,-3.0,-1.377425623948474,-0.05783042304653918,49.69085223816229,54.94271557805834,52.73039437491419,6.5,2.9031607700558144,-0.6908395669116629,9.786697753029703,9.536755296031012,9.571002186947984,0.0,-0.31998815402952613,0.28574126311255377,16.475537957044192
2026-09-03 14:15:00,26.685437767914053,28.519756591745658,27.917406829181427,27.398634028235005,28.43617963012785,2.2,0.7968859478924201,0.5412674933830475,1.0525044024017927,-1.2861737074032966,-0.1945361853281895,1006.5208306155437,1003.2682707304016,1004.5993928413606,-3.0,-1.3774256239052762,0.04630351294633783,53.186284340859004,61.38014365635577,57.02887101717286,6.5,2.903160769493557,1.448111869689349,5.478763480740076,5.798552596659624,6.298430670363187,0.0,-0.31998815402952613,-0.17988991967403667,19.63580203438272
2026-09-03 14:20:00,26.728679699880416,28.51500455679421,27.670912226471273,27.151972835980224,28.189851616962322,2.2,0.7968859478925863,0.5409295721451551,1.0528423236400175,0.31210444371114576,0.04720638243034969,1006.500321728583,1003.4842149358215,1004.7872203206595,-3.0,-1.3774256239452904,0.07442023910732587,49.954748152968264,56.12573980858148,54.49050413151818,6.5,2.9031607696417696,-1.2679250925784729,4.924710121254316,4.930059797613243,5.1352149259611615,0.0,-0.31998815402952613,0.11483302568160791,10.995797835110158
2026-09-03 14:25:00,26.392641602293693,28.610520658080016,27.747540302465104,27.22843437589172,28.26664622903849,2.2,0.7968859478924613,0.5405920964528292,1.0531797993320933,0.4369824013748165,0.06609440772244923,1006.6563011244283,1003.8971528181406,1005.1890695078698,-3.0,-1.3774256239951288,0.0855089342659312,51.98764188273216,58.604135480193676,55.24222956458057,6.5,2.9031607696441086,0.4587451459689973,3.973516436224191,3.9847864938363666,4.301310989937662,0.0,-0.31998815402952613,0.003463657928231001,2.3601594074391636
2026-09-03 14:30:00,26.564363478180926,28.675845619626095,27.86055711752104,27.341284708275587,28.379829526766493,2.2,0.7968859478924356,0.5402550645487504,1.053516831236121,0.12166827131622426,0.018402554212620714,1006.3311318389268,1003.309882444146,1004.8689541380126,-3.0,-1.3774256239434786,-0.18164606992309018,51.932110588459786,56.91848373047125,54.30239437755778,6.5,2.9031607696366963,-0.28707141672322933,6.217359996943992,5.856558544612395,6.0582152857278775,0.0,-0.31998815402952613,0.11833141291404381,6.1345654460373575
2026-09-03 14:35:00,26.36767515840997,28.569220737045107,27.799956209931267,27.280517371372287,28.319395048490247,2.2,0.7968859478924453,0.5399184746866713,1.0538534210982191,-0.18261869948064913,-0.027621420778604744,1006.6426254658624,1003.6879739009146,1004.9942402224118,-3.0,-1.3774256239482334,0.07115930245106483,51.76159537512816,58.211886521952714,54.99130983589089,6.5,2.9031607696413215,0.3174159164205008,6.875246709705491,6.578242595534549,6.949843833940957,0.0,-0.31998815402952613,-0.05161308437688117,1.5428983118212278
2026-09-03 14:40:00,26.48904517690428,28.878107531151453,28.033740924675595,27.514135710110274,28.553346139240915,2.2,0.7968859478924477,0.5395823251317875,1.054189570653108,0.31391781727985446,0.04748065858341022,1006.8791070204808,1004.0854465651264,1005.3683374777843,-3.0,-1.3774256239465925,0.09453471128870206,52.17680959457295,58.8595953367475,55.834897873030364,6.5,2.9031607696417785,0.12153669407535972,7.662975564487977,7.415446374504319,7.735084505102123,0.0,-0.31998815402952613,0.0003500234317224127,1.3104076710735144
2026-09-03 14:45:00,27.268263479130738,29.357749609906968,28.509229166537466,27.98945762922182,29.02900070385311,2.2,0.7968859478924517,0.5392466141606627,1.0545252816242408,0.34138086117797783,0.05163449547704957,1006.3729535794284,1003.3123392826536,1004.9026256545235,-3.0,-1.3774256239523501,-0.21286074791748888,49.68474007257445,56.11581038929485,53.86114309681527,6.5,2.9031607696421484,-0.6484934771625674,4.1748224442246515,4.188760826170909,4.684499194301057,0.0,-0.31998815402952613,-0.17575021410062153,11.900178992552192
2026-09-03 14:50:00,26.430841623983767,28.25624045779764,27.682166225002298,27.162228418141254,28.202104031863342,2.2,0.7968859478924457,0.5389113400610543,1.054860555723837,-1.4731170408007337,-0.22281171509710163,1006.6077597047472,1003.9130894232551,1005.1514357485547,-3.0,-1.377425623950278,0.13907929865069946,52.75992525568238,58.809460394040485,55.26271394778165,6.5,2.9031607696414565,0.6435856766173771,13.178225934170072,13.201591652264275,12.983864679656904,0.0,-0.31998815402952613,0.5377151266368969,50.79193935237187
2026-09-03 14:55:00,27.823747665646433,30.43264397708642,29.249278496402304,28.72917447314977,29.76938251965484,2.2,0.796885947892446,0.5385765011318597,1.0551953946530324,2.5552048976778323,0.3864795327916717,1006.4818830145654,1003.78069717569,1005.1781993654686,-3.0,-1.377425623950364,-0.020076565828276216,48.40380470775546,54.14655309293321,52.1608503544473,6.5,2.903160769641949,-0.9174580311560376,3.2939855325875684,3.757213331644782,4.8829014864805735,0.0,-0.31998815402952613,-0.8057000008062651,112.79622770635756
2026-09-03 15:00:00,26.9247337706649,28.925288113177146,28.475817601106616,27.95554741456555,28.99608778764768,2.2,0.7968859478924474,0.5382420956829658,1.055529800101929,-2.2969330787810556,-0.3474154358219188,1006.6470402846937,1003.6273735838917,1005.0546413029657,-3.0,-1.3774256239503457,-0.049842095123722174,50.37573265713893,57.780153952768785,53.940744698255216,6.5,2.903160769641842,0.9362484848717259,14.000293719451927,14.115810269833277,13.584548799838712,0.0,-0.31998815402952613,0.8512496240240903,120.94349655597297
2026-09-03 15:05:00,26.754391565770764,28.742584141368344,27.96206174255406,27.441625445776562,28.482498039331556,2.2,0.7968859478924474,0.537908122035174,1.0558637737497207,-0.10818741278714938,-0.016363549078164397,1006.5882045562877,1003.5015744166848,1004.9029522618093,-3.0,-1.3774256239503166,-0.023952221174226906,52.050264963055625,58.574910671053985,55.48132058471664,6.5,2.9031607696418487,0.1904293166954929,0.9312811888502853,0.11901148074865298,1.4783350675075404,0.0,-0.3199881540295262,-1.0393354327293611,154.41116872368647
2026-09-03 15:10:00,26.286625616470406,28.707369619214926,27.84308273638686,27.322480382374245,28.36368509039948,2.2,0.7968859478924474,0.5375745785201034,1.0561973172647914,0.4456204907191932,0.06740093493561616,1006.4915808791897,1003.5961665861482,1004.9296161826609,-3.0,-1.3774256239503502,0.04397602743767948,52.61255008595993,60.34515198717335,57.31957351136738,6.5,2.903160769641854,0.12241770616411429,6.15449361639549,6.233286212756997,5.70012092454915,0.0,-0.31998815402952624,0.8531534422373728,104.63044771756694
2026-09-03 15:15:00,26.856089504986205,28.9791916807779,28.10268659783646,27.58191823953934,28.62345495613358,2.2,0.7968859478924474,0.5372414634800875,1.0565304323048073,0.526400977450276,0.07961913504899343,1006.6638504451695,1003.6117217037917,1004.9709495562822,-3.0,-1.3774256239503548,0.018197771459767864,51.991689335947136,58.0705034521112,55.917743930313726,6.5,2.9031607696418393,-0.7504012478443656,4.829026873580481,4.394021966730221,5.024689867117635,0.0,-0.31998815402952624,-0.31067974635788786,17.373518531383354
2026-09-03 15:20:00,26.28821828978971,28.47554031938275,27.76987048236525,27.24893617268362,28.290804792046877,2.2,0.7968859478924474,0.5369087752680799,1.0568631205168149,-0.6030742470919712,-0.09121611087494941,1006.8646791031058,1003.6911958205457,1005.0515042289613,-3.0,-1.377425623950355,0.01711721553465395,51.50902443292366,57.661188678225884,54.87116681624011,6.5,2.903160769641839,-0.11313890765606516,5.8432504340316544,5.553459156648193,5.77661906263929,0.0,-0.31998815402952624,0.09682824803842927,2.316381677055327
2026-09-03 15:25:00,26.506323797034952,28.802881821847016,27.93390236631041,27.412802158093722,28.455002574527096,2.2,0.7968859478924474,0.5365765122475592,1.0571953835373356,0.4766453801382191,0.07209350764415845,1006.5693370623555,1003.7615228603839,1005.133189475182,-3.0,-1.3774256239503548,0.005759009152257022,51.68826648635333,58.84074188203026,55.550556601417966,6.5,2.903160769641838,0.38702451097045554,6.942758774511196,6.699107932993297,7.006979266296814,0.0,-0.31998815402952624,0.012116820726009614,1.3441797865731542
2026-09-03 15:30:00,27.417167961032618,29.833884581654615,28.883929997683637,28.362663943730883,29.40519605163639,2.2,0.7968859478924474,0.5362446727924353,1.0575272229924595,1.012011491950215,0.1530686360785296,1006.7105666293947,1003.8930337374863,1005.2565731690989,-3.0,-1.3774256239503544,0.013886192337736247,48.18671027564932,53.38833030604647,51.52044579063978,6.5,2.9031607696418398,-1.035276254235157,5.696772334681111,5.497770837627421,5.924914803420073,0.0,-0.31998815402952624,-0.10715581176312572,9.646103066391424
2026-09-03 15:35:00,26.286923208320143,28.420231069683787,27.934278367913446,27.41284652097324,28.455710214853653,2.2,0.7968859478924474,0.5359132552869562,1.0578586404979387,-2.0557315095139757,-0.31093324612210793,1006.4140220192471,1003.4373487598117,1004.938135995281,-3.0,-1.3774256239503562,-0.12336161151893066,51.84264146829101,57.37187078016868,53.33181584596546,6.5,2.903160769641839,1.136894164561383,5.500313586174393,5.087768768562302,5.372642968009186,0.0,-0.31998815402952624,0.0351139545826431,18.74111140789537
2026-09-03 15:40:00,26.713900863150705,29.217891264333563,28.251336434373325,27.729738847143977,28.772934021602673,2.2,0.7968859478924474,0.5355822581256166,1.0581896376592783,1.1217638235886334,0.16966888206778918,1006.4708312735603,1003.2814015605011,1004.6804166458602,-3.0,-1.3774256239503562,-0.021589461408780153,50.76376135932634,58.14174933640887,54.97723076096577,6.5,2.903160769641839,0.2613578058012678,8.608084779638364,8.66912938067405,8.809914838965724,0.0,-0.31998815402952624,0.17920269573785141,8.03039877708617
2026-09-03 15:45:00,25.8984309171577,27.67127094741074,27.104640525252734,26.582877250382342,27.626403800123125,2.2,0.7968859478924474,0.5352516797130665,1.0585202160718281,-1.5223317075141765,-0.2302555257344423,1006.6924078925254,1003.5079789548428,1004.7869260886819,-3.0,-1.3774256239503564,0.09847849011123344,53.58993495203082,59.152387808652264,56.26607898570384,6.5,2.903160769641839,-0.016851946693414277,8.041745061455202,7.618504375927914,8.144565221598901,0.0,-0.31998815402952624,-0.20607269164146036,12.750022437751369
2026-09-03 15:50:00,26.087917521813395,28.43987496920401,27.423361828303417,26.901432918389933,27.9452907382169,2.2,0.7968859478924474,0.5349215184640226,1.0588503773208722,1.4520626103637717,0.2196271930081437,1006.8524722481014,1003.8685566413643,1005.1426587788746,-3.0,-1.3774256239503566,0.10332348643999012,53.18462047814965,58.22937966590761,55.76352236253395,6.5,2.903160769641839,-0.43730346626817607,9.973187949968493,10.080188232143447,10.252289359187358,0.0,-0.31998815402952624,0.1478870269856145,10.395751226816445
2026-09-03 15:55:00,26.729183586177278,28.761278074573745,27.897155129838435,27.375060637429755,28.419249622247115,2.2,0.7968859478924474,0.5345917728031783,1.0591801229817164,0.44453661594193505,0.06723699684286188,1006.6926519604903,1003.6176713053145,1005.082560228386,-3.0,-1.3774256239503566,-0.08746329912116835,51.38886088981563,59.3836826402741,56.33658689559946,6.5,2.903160769641839,0.14393497503280628,3.984131957802636,4.655223280921125,5.312994290607344,0.0,-0.31998815402952624,-0.33778285565669286,17.717399947901754
2026-09-03 16:00:00,25.685805015616864,28.16025927893846,27.50548082126811,26.98322079886215,28.027740843674074,2.2,0.7968859478924474,0.5342624411651169,1.0595094546197779,-0.9395420046938021,-0.14210749022209868,1006.6030412954215,1003.5518773556003,1004.971729925899,-3.0,-1.3774256239503566,-0.04242694634842792,54.99414221857191,60.37908810027255,57.334992131015554,6.5,2.903160769641839,0.1409351996151571,7.18119061143226,6.782382893752041,6.774951523611715,0.0,-0.31998815402952624,0.3274195241698532,17.735439198203608
2026-09-03 16:05:00,26.57411855571088,28.802527451476987,27.89249830639819,27.370072806442955,28.41492380635342,2.2,0.7968859478924474,0.533933521994225,1.0598383737906698,0.7480449210368008,0.11314319718634991,1006.6619043730698,1003.8151988463288,1005.1286568580705,-3.0,-1.3774256239503566,0.0639676122086712,50.54356099160823,57.19085651027077,55.044887781782585,6.5,2.903160769641839,-0.757192041153651,6.923598336587371,6.838245245285604,7.237167088574804,0.0,-0.31998815402952624,-0.07893368925967348,5.645488418848182
2026-09-03 16:10:00,26.04164824641004,28.10706718000816,27.439479158754743,26.916888233648425,27.96207008386106,2.2,0.7968859478924474,0.5336050137446056,1.0601668820402892,-0.8548517253195413,-0.12929792663903328,1006.4878642983716,1003.597841195985,1005.0291298550208,-3.0,-1.3774256239503566,-0.05386303508544188,52.432729310763406,58.98799746494282,55.59851558276182,6.5,2.903160769641839,0.48632111253916577,4.997489854889082,4.240452646135341,4.69029512283873,0.0,-0.31998815402952624,-0.12985432267386265,5.7131914931557715
2026-09-03 16:15:00,25.439873951239253,27.77244216984358,26.996993547705298,26.474237249796342,27.519749845614253,2.2,0.7968859478924474,0.5332769148799951,1.0604949809048998,-0.14173262776553486,-0.021437325754167347,1006.7810028595467,1003.9877242616213,1005.280708330012,-3.0,-1.3774256239503566,0.08444155555969246,55.041140460280694,59.29263780698623,56.23943449343161,6.5,2.903160769641839,0.15004254391278238,5.979701951305538,5.889421363414498,6.018743556788051,0.0,-0.31998815402952624,0.19066596065597352,6.146134671018757
2026-09-03 16:20:00,25.82108712383794,28.19972479327939,27.27780803126352,26.754886412850706,27.80072964967633,2.2,0.7968859478924474,0.5329492238736777,1.060822671911217,0.8266397609754748,0.12503081412342354,1006.839139600692,1003.6905461171854,1005.1513392580054,-3.0,-1.3774256239503566,-0.08336751686965727,53.307489094566456,59.59363547603221,56.695382182870716,6.5,2.903160769641839,-0.004907476480340733,4.48091796842542,4.673733114214865,5.115259966525497,0.0,-0.31998815402952624,-0.12153869828110597,4.5361174354684755
2026-09-03 16:25:00,25.85740618180751,28.185785006379234,27.39543499289387,26.87234810622639,27.918521879561347,2.2,0.7968859478924474,0.532621939208404,1.0611499565764908,-0.04321225366642878,-0.006535934407082777,1006.6570801713044,1003.6056014360014,1005.0122843373296,-3.0,-1.3774256239503566,-0.029257277377837454,53.39936333271996,60.25809393230325,57.3163601778012,6.5,2.903160769641839,0.03857298486020966,2.845029930812278,3.061221700219458,3.405828990225897,0.0,-0.31998815402952624,-0.024619135976912343,0.1940468838640796
2026-09-03 16:30:00,25.614414077537035,27.608474829610422,26.918688276739275,26.395436174016815,27.441940379461734,2.2,0.7968859478924474,0.5322950593763078,1.061476836408587,-0.7080863939159201,-0.10709939502130084,1006.6742046985003,1003.7880519528193,1005.1071234056637,-3.0,-1.3774256239503566,0.058354171105861496,54.22040780475106,61.00385530996615,58.060667981366706,6.5,2.903160769641839,0.04002655895760654,3.553527845929044,3.576736965014273,3.7979632332033186,0.0,-0.31998815402952624,0.09876188584048062,2.9928635600311324
2026-09-03 16:35:00,24.632000979101257,26.73519755437684,26.030877364943702,25.507460098316514,26.55429463157089,2.2,0.7968859478924474,0.5319685828788263,1.0618033129060684,-0.6119974262647219,-0.09256575845931181,1006.8061935518278,1003.8734053029798,1005.2255045005545,-3.0,-1.3774256239503566,0.025326426375613664,57.57226080105868,64.79507734810149,61.28265273786016,6.5,2.903160769641839,0.6092638405994819,2.4095149813910544,2.676294008818747,3.058131477272259,0.0,-0.31998815402952624,-0.06184931442398556,3.4312350533830727
2026-09-03 16:40:00,24.860783054821358,27.05996848739707,26.10784452200539,25.584262143574378,26.631426900436402,2.2,0.7968859478924474,0.5316425082266185,1.0621293875582762,1.0263543317665302,0.15523801749923294,1006.7242553490307,1003.9541124064189,1005.32807345997,-3.0,-1.3774256239503566,0.0034645703991600385,56.97094218044612,63.16094912852178,60.9541083214394,6.5,2.903160769641839,-0.6963199625594569,7.702267236776508,8.466083597559345,8.496783022970991,0.0,-0.31998815402952624,0.2892887286178798,16.983340968868553
2026-09-03 16:45:00,24.941376421489785,27.133124490959773,26.289576896482245,25.765829458299034,26.813324334665456,2.2,0.7968859478924474,0.5313168339394876,1.0624550618454072,0.30850292905984134,0.0466616465850791,1006.8052095918916,1003.8682900977773,1005.2863450183701,-3.0,-1.3774256239503566,-0.040629296642464396,53.42598820041994,60.495991754093666,58.33170255033222,6.5,2.903160769641839,-0.7388715658803875,7.437978129853889,7.951669536085168,8.547739447734259,0.0,-0.31998815402952624,-0.2760817576195649,14.095441225834838
2026-09-03 16:50:00,24.896609339601817,27.246558434689486,26.445803865373115,25.921891419440136,26.969716311306094,2.2,0.7968859478924474,0.5309915585463009,1.062780337238594,0.02557734516564736,0.0038686214239227468,1007.1574292611076,1004.4346456267234,1005.6947830110462,-3.0,-1.3774256239503566,0.11728823962755541,56.09650200839392,62.04503875392986,58.63169254873037,6.5,2.903160769641839,0.5101854355576521,12.35198420746182,12.195227928638928,12.31694629118403,0.0,-0.31998815402952624,0.19826979148442447,8.481446001523297
2026-09-03 16:55:00,25.057958621263637,26.854978374762315,26.13977206671782,25.615694664988386,26.663849468447257,2.2,0.7968859478924474,0.5306666805849135,1.0631052151999811,-0.5400239807590417,-0.08167963984795534,1006.8347911771347,1003.9157938473932,1005.4460446946044,-3.0,-1.3774256239503566,-0.1528252232609475,58.16909638923105,63.54072245610082,60.19664512141074,6.5,2.903160769641839,0.44091656504824783,8.108207945737425,7.672876749797403,8.366556763101215,0.0,-0.31998815402952624,-0.3736918592742864,24.233269136577967
2026-09-03 17:00:00,24.761442171190293,27.028307582100993,26.183772056533048,25.659529750911425,26.70801436215467,2.2,0.7968859478924474,0.5303421986020913,1.0634296971828034,0.31503462387578196,0.0476495776754966,1006.8495542100275,1004.0088793271658,1005.3815287738317,-3.0,-1.3774256239503566,0.0047761772843841754,56.79068940758229,62.252506707037305,59.72460678688004,6.5,2.903160769641839,-0.37526084948456884,1.6311970422275797,1.5093516172554386,1.9064857173260512,0.0,-0.31998815402952624,-0.07714594604108638,1.8155662190401483
2026-09-03 17:05:00,24.03431892016297,26.17632264927564,25.50045659199943,24.976049434340922,26.02486374965794,2.2,0.7968859478924474,0.530018111153435,1.0637537846314598,-0.8001215872555356,-0.12101989061623897,1006.8397702818304,1003.7912430398127,1005.200769031396,-3.0,-1.3774256239503566,-0.0321003676330065,58.56941260566655,63.899724241510214,60.737323487815516,6.5,2.903160769641839,0.2592399840528614,10.310315936985978,10.026221107300774,9.686098094844564,0.0,-0.31998815402952624,0.660111166485736,64.18466699768484
2026-09-03 17:10:00,24.5961128647575,26.62841274148071,25.6966202732073,25.172048315318325,26.22119223109628,2.2,0.7968859478924474,0.529694416803305,1.0640774789815897,0.8919328770559076,0.13490652038095874,1007.084308975319,1004.0864520571016,1005.3722124241905,-3.0,-1.3774256239503566,0.09166525686146088,57.6676846097818,64.97535338409476,61.954139344703044,6.5,2.903160769641839,0.11805326974987906,9.844004630829126,9.979408895188516,10.677178807753092,0.0,-0.31998815402952624,-0.37778175853505047,23.297399246033343
2026-09-03 17:15:00,24.561387763359374,26.612890407805452,25.806971040776695,25.282234334414852,26.331707747138537,2.2,0.7968859478924474,0.5293711141247475,1.0644007816601473,0.05972434465841303,0.009033419136308396,1006.9834998138404,1004.1201414744163,1005.4853413118421,-3.0,-1.3774256239503566,0.012225786524481919,57.584102552099175,62.87244374485233,60.56711427889225,6.5,2.903160769641839,-0.5978313036817511,5.319632881917683,4.965274820088834,5.528294140673381,0.0,-0.31998815402952624,-0.24303116655502066,10.289555776960471
2026-09-03 17:20:00,24.41179379762811,26.56888626472452,25.79259796586651,25.267696562740667,26.31749936899235,2.2,0.7968859478924474,0.5290482016994207,1.064723694085474,-0.1361811149823957,-0.02059764903443906,1006.9535437584204,1004.1954904840094,1005.5756388248981,-3.0,-1.3774256239503566,-0.0027227169383650107,59.20051185658117,65.91974292910062,62.3976756299831,6.5,2.903160769641839,0.6189065294756801,6.491772584676334,6.469925854899231,6.48560030810898,0.0,-0.31998815402952624,0.3043137008197778,15.227833135832018
2026-09-03 17:25:00,24.48858139674162,25.968364375849713,25.26640228873814,24.741336240508513,25.791468336967764,2.2,0.7968859478924474,0.5287256781175231,1.0650462176673716,-0.6275879921033862,-0.09492386078087378,1007.2917089664921,1004.4010945088887,1005.7539359379085,-3.0,-1.3774256239503566,0.024584194930525882,56.07483230568383,62.36209295042588,60.254862267920814,6.5,2.903160769641839,-0.7959300871367674,13.287042050716547,13.53844626707744,13.606868616000781,0.0,-0.31998815402952624,0.25156580510618376,13.305928776912175
2026-09-03 17:30:00,24.25596087418946,26.31570296003115,25.415578135299455,24.89034749357767,25.94080877702124,2.2,0.7968859478924474,0.5284035419777204,1.0653683538071743,0.6825626232388231,0.10323887683924582,1007.3513451014774,1004.3388693356871,1005.7586818361704,-3.0,-1.3774256239503566,-0.04238687653287343,58.407128506174715,64.8250096474142,61.350442302772244,6.5,2.903160769641839,0.5714065750001254,5.96209684816409,5.931888086318937,6.910314685743398,0.0,-0.31998815402952624,-0.6584384453949346,64.86602235099126
2026-09-03 17:35:00,23.969983580469876,25.994820615540615,25.23761681768461,24.712221634033792,25.76301200133543,2.2,0.7968859478924474,0.5280817918870757,1.065690103897819,-0.2623580694974663,-0.0396821500364446,1007.0955861638644,1004.3021864182937,1005.7088472178808,-3.0,-1.3774256239503566,-0.029235175636813437,59.74873842585595,67.3396242620157,63.927097171552795,6.5,2.903160769641839,0.5093663208210728,10.441671382930814,10.157777236106474,9.964459445452212,0.0,-0.31998815402952624,0.513305944683788,39.19057340719359
2026-09-03 17:40:00,23.620027742679277,25.9265843845438,25.125177375561336,24.599617701496175,25.650737049626496,2.2,0.7968859478924474,0.5277604264609783,1.0660114693239164,0.029890942364968254,0.004521061090017042,1006.9552894253765,1003.6264926269345,1005.158063313826,-3.0,-1.3774256239503566,-0.1541450629412111,59.55096783761687,65.70022594384464,63.40960393969776,6.5,2.903160769641839,-0.6125387654949606,1.9909088833232078,2.3433531005989154,3.1665996898665583,0.0,-0.31998815402952624,-0.5032584352381164,40.71644558778159
2026-09-03 17:45:00,22.843422453057475,24.88231711655537,24.224996140386537,23.699272027373375,24.7507202533997,2.2,0.7968859478924474,0.5274394443230743,1.0663324514618204,-0.9227321734646203,-0.13956497172361537,1007.4384115255028,1004.2250763502768,1005.4172012426887,-3.0,-1.3774256239503566,0.18530073153840476,63.54277160341915,70.5320528526589,66.8379311395044,6.5,2.903160769641839,0.7909609435126441,3.0953079032101165,2.5316136197839683,2.518935811153571,0.0,-0.31998815402952624,0.33266596265992376,24.892821679539892
2026-09-03 17:50:00,23.537365647669716,25.694342887635617,24.680951286460978,24.155062785917874,25.206839787004082,2.2,0.7968859478924474,0.5271188441051988,1.066653051679696,1.4314245870810502,0.21650565328219074,1007.2390107634111,1004.3412558969613,1005.663569935924,-3.0,-1.3774256239503566,0.05511158498768509,61.40575639472154,67.93580707582645,65.88218660718475,6.5,2.903160769641839,-0.8495403010001468,5.094023939095477,4.995685422332238,5.196993713555582,0.0,-0.31998815402952624,0.11867986280618226,11.0155619836808
2026-09-03 17:55:00,23.304373118789616,25.812828444321877,25.001103903187936,24.475051066484742,25.52715673989113,2.2,0.7968859478924474,0.5267986244473064,1.0669732713375883,0.0981051851605983,0.014838593241492504,1007.5171356151491,1004.519251868587,1005.8860859586416,-3.0,-1.3774256239503566,0.01059153389576295,63.54033837795026,69.9187232534441,66.79044745598992,6.5,2.903160769641839,0.22511502781233617,6.226165568033059,6.213667561018658,6.603896913974941,0.0,-0.31998815402952624,-0.07024119892675618,1.0002010864890523
2026-09-03 18:00:00,23.18384779833268,25.58271810229576,24.864545155055204,24.33832803351365,25.390762276596757,2.2,0.7968859478924474,0.5264787839974052,1.0672931117874895,-0.5204100805127112,-0.07871300065189146,1007.1622832389621,1004.2531102866308,1005.7351668740451,-3.0,-1.3774256239503566,-0.10463096346404654,60.258712109003554,68.59868740851273,66.03726890811494,6.5,2.903160769641839,-0.34174226924405104,8.590296457574265,8.595069055094154,8.868651234503742,0.0,-0.31998815402952624,0.046405974619936785,2.7829416723140072
2026-09-03 18:05:00,22.41664490924361,24.797099189232302,24.122336749709408,23.595955394603173,24.648718104815643,2.2,0.7968859478924474,0.5261593214114894,1.0676125743734053,-0.8074181430862346,-0.12212350836955466,1007.6533663244319,1004.6630274527967,1005.9638745274208,-3.0,-1.3774256239503566,0.07657854932620012,64.81739362949806,70.16432023292576,66.94940532357923,6.5,2.903160769641839,0.31175413970468924,13.826608364959633,13.880757181783057,14.070879561628006,0.0,-0.31998815402952624,0.12986577418457657,5.137112221070066
2026-09-03 18:10:00,22.34533187875964,24.44535739267747,23.626574162260404,23.100028624815184,24.153119699705623,2.2,0.7968859478924474,0.5258402353534732,1.0679316604314215,0.14477362655810566,0.0218972825246162,1007.4018957471686,1004.4875376013592,1005.919603084297,-3.0,-1.3774256239503566,-0.054639858987457046,64.56150479566686,72.09281026401682,68.86462343230814,6.5,2.903160769641839,0.3250260620668399,4.572320275263664,4.755452221206512,5.709898577053201,0.0,-0.31998815402952624,-0.6344582018171625,58.36295539678994
2026-09-03 18:15:00,23.047780960725,25.35638741658293,24.340058223068095,23.813348554461683,24.866767891674506,2.2,0.7968859478924474,0.525521524495127,1.0682503712897677,1.4508464443805202,0.21944324562238648,1007.7596895450749,1004.6375291219259,1005.9970850697981,-3.0,-1.3774256239503566,0.017869676078134944,62.290835530714716,69.31596078310669,67.19321047983378,6.5,2.903160769641839,-0.7804104663689344,1.426663473662897,1.4160412419492916,1.4824656157972074,0.0,-0.31998815402952624,0.2535637801816104,17.43333375444495
2026-09-03 18:20:00,22.457892173695704,24.611112613604984,23.968091284592667,23.44121753595503,24.494965033230304,2.2,0.7968859478924474,0.525203187516011,1.0685687082688837,-1.0172741229061941,-0.1538646188801316,1007.7211151971565,1004.8066881100684,1006.1551418063864,-3.0,-1.3774256239503566,0.028971927632369443,65.0633417896592,71.17972179395377,67.90714924900583,6.5,2.903160769641839,0.36941177530610503,8.171900530920738,8.061483046277633,7.918645388033534,0.0,-0.31998815402952624,0.46282581227362574,33.863723676613596
2026-09-03 18:25:00,22.592012740789354,24.752794098653965,23.925038036323368,23.39800025873672,24.452075813910017,2.2,0.7968859478924474,0.5248852231034127,1.068886672681482,0.20409739950383,0.030870114438148022,1007.6471615793425,1004.7963237585736,1006.1978984391575,-3.0,-1.3774256239503566,-0.02414905663351874,63.07085355711112,70.87430837106442,68.01873467378637,6.5,2.903160769641839,-0.04758707236379678,6.1495401045875155,6.027263301189607,6.742790567740258,0.0,-0.31998815402952624,-0.3955391125211243,22.50091386328134
2026-09-03 18:30:00,22.175017330505696,24.456954399255004,23.68890926699379,23.161707511492658,24.21611102249492,2.2,0.7968859478924474,0.5245676299522836,1.069204265832611,-0.1906807142454312,-0.028840815631234307,1007.8028329864593,1004.985915577049,1006.3417651766098,-3.0,-1.3774256239503566,0.02157602438956019,65.83371599046436,70.85522790055353,67.9969175826818,6.5,2.903160769641839,-0.044850451770116706,2.9835524295144578,2.800097688902951,3.188986233852222,0.0,-0.31998815402952624,-0.06890039091974431,0.8275802229019081
2026-09-03 18:35:00,22.01852545200603,24.099126734321842,23.3294240771273,22.802058394698612,23.856789759555987,2.2,0.7968859478924474,0.5242504067651759,1.0695214890197189,-0.17972200759135504,-0.027183290697905704,1008.0428043203743,1005.3448374645716,1006.6638716436953,-3.0,-1.3774256239503566,0.058391444826611405,65.97198173567293,72.05456840983366,68.93207750375647,6.5,2.903160769641839,0.21933013643534593,5.20383751152042,5.440100508818479,5.48513587782965,0.0,-0.31998815402952624,0.2749527850183551,11.492327568894096
2026-09-03 18:40:00,22.223601928145712,24.722202549034353,23.784974135124607,23.25744457670776,24.312503693541455,2.2,0.7968859478924474,0.5239335522521816,1.0698383435327132,0.927872567867368,0.14034246601729805,1008.0340113031162,1005.0706260696415,1006.5543439369616,-3.0,-1.3774256239503566,-0.106292243369694,62.708966291328714,68.24218052791346,66.17336713579802,6.5,2.903160769641839,-0.8343473775263988,7.280806755753726,7.086848211910772,7.449845976598132,0.0,-0.31998815402952624,-0.043009610657833264,7.183906973793938
2026-09-03 18:45:00,21.482345865303042,23.650319837383453,23.041755505645376,22.5140621221323,23.56944888915845,2.2,0.7968859478924474,0.523617065130871,1.0701548306540238,-1.245086156206991,-0.18832161615437215,1008.1863282673506,1005.2274149303777,1006.5951092585909,-3.0,-1.3774256239503566,0.009731295737083201,66.98279538302046,73.81246215491763,69.6290317162492,6.5,2.903160769641839,1.2802696690265805,7.529546534797795,7.783577867500268,8.15682827880437,0.0,-0.31998815402952624,-0.05326225727457601,12.58987218966824
2026-09-03 18:50:00,21.566575522829613,23.890247636081543,23.001964198313456,22.47410704054871,23.5298213560782,2.2,0.7968859478924474,0.5233009441262318,1.0704709516586628,0.6042734322274761,0.09139748987563934,1008.4779022421932,1005.2494263725671,1006.6264804634291,-3.0,-1.3774256239503566,0.000371533088355136,67.39442473247061,73.00397345152086,70.40806222750508,6.5,2.903160769641839,-0.307249545626064,5.127005412719726,5.1327051373976875,5.596953818189673,0.0,-0.31998815402952624,-0.14426052676245948,4.338255362936071
2026-09-03 18:55:00,21.181547398163666,23.672667494015126,22.874860678025026,22.34683979680585,23.402881559244204,2.2,0.7968859478924474,0.5229851879706098,1.070786707814285,0.006088308625901817,0.0009208680976513506,1008.03175842257,1004.9520467123992,1006.4030418235958,-3.0,-1.3774256239503566,-0.0735694872462318,70.43677983795395,77.28323099534701,73.82433523710964,6.5,2.903160769641839,0.5557349885955318,3.6904744929388817,3.5340980508820428,3.804338957874209,0.0,-0.31998815402952624,0.04974724703736033,2.5434911325930916
2026-09-03 19:00:00,21.030035452488818,23.436366207403854,22.65571641126569,22.127531857342085,23.183900965189295,2.2,0.7968859478924474,0.5226697954036486,1.0711021003812462,-0.10734512687467301,-0.016236151754284833,1008.596077818066,1005.567115506965,1006.7910626430187,-3.0,-1.3774256239503566,0.1534784878966775,70.54589912524334,76.8967499925861,74.50677465873638,6.5,2.903160769641839,-0.5131854357921242,11.579373396581326,11.764895561304566,11.64847012694925,0.0,-0.31998815402952624,0.43641358838484123,31.182115046096726
2026-09-03 19:05:00,20.91666743697725,22.834883616439143,22.1007676304488,21.572419454523608,22.629115806373992,2.2,0.7968859478924474,0.5223547651722322,1.0714171306126625,-0.4150028668290915,-0.06276996190210582,1008.4583435693355,1005.615891502177,1006.9972074518533,-3.0,-1.3774256239503566,-0.0038903257260471946,68.31914915412409,74.43566599999923,72.35369214896559,6.5,2.903160769641839,-0.8211869186082055,6.284491864854523,6.066255687437588,7.002565530841,0.0,-0.31998815402952624,-0.6163216893738861,58.08361758023416
2026-09-03 19:10:00,20.96489830057434,23.253877479576317,22.32878144081282,21.80026969354179,22.857293188083847,2.2,0.7968859478924474,0.5220400960304261,1.0717317997544686,0.8476595118997317,0.1282100908710504,1008.3991062503517,1005.3074560817382,1006.802140910636,-3.0,-1.3774256239503566,-0.11725920494745878,72.77909240115038,79.59001019797702,75.60000390038596,6.5,2.903160769641839,1.0868455279492224,4.328700613104223,4.520155825322687,4.671718669607587,0.0,-0.31998815402952624,0.16842530974462555,13.388943434194795
2026-09-03 19:15:00,20.5195406874451,22.88968456633723,22.143357357479257,21.61468208947112,22.672032625487393,2.2,0.7968859478924474,0.5217257867394197,1.0720461090454751,-0.3342685100764271,-0.05055873903447505,1008.427592706631,1005.5470437095934,1006.8821368061253,-3.0,-1.3774256239503566,0.042332527418352583,71.72374168356386,78.00884438441341,75.6015029323633,6.5,2.903160769641839,-0.4958193175917387,3.4016637248079986,3.465481561165534,3.7384919151784226,0.0,-0.31998815402952624,0.04697780001663787,2.0483212100522277
2026-09-03 19:20:00,21.04770583306346,23.426078437495608,22.53540092164815,22.006562183464688,23.064239659831614,2.2,0.7968859478924474,0.52141183606747,1.0723600597174248,0.6201018513668721,0.09379156795500876,1008.6939090155894,1005.6936657580449,1007.0362295946348,-3.0,-1.3774256239503566,0.03486178736034162,70.7932064911218,76.42229861667457,74.03054194813814,6.5,2.903160769641839,-0.5114041011054127,6.7410861522038505,6.562188745476274,6.708144869031188,0.0,-0.31998815402952624,0.17403203047461258,6.731546115152797
2026-09-03 19:25:00,20.021373024343983,21.998714057521056,21.44847670547742,20.91947454763355,21.977478863321295,2.2,0.7968859478924474,0.5210982427898446,1.07267365299505,-1.630714298285934,-0.24664859584881427,1008.9575191094199,1005.9309438921526,1007.2733080296205,-3.0,-1.3774256239503566,0.03506148648250473,73.2635584861455,82.00465687785348,77.91819978377033,6.5,2.903160769641839,1.1832963244413008,3.0725733039092056,3.2311637485095734,3.836354718575258,0.0,-0.31998815402952624,-0.28520281603615816,25.373888664749657
2026-09-03 19:30:00,20.137810889170765,22.2064038417673,21.288758934626138,20.75959340758996,21.817924461662315,2.2,0.7968859478924474,0.5207850056887668,1.072986890096128,0.798396442579854,0.1207589592487146,1008.898923367466,1005.9362574628359,1007.349176214908,-3.0,-1.3774256239503566,-0.03549312812174321,73.7880115701241,79.89827782370078,77.67858070119007,6.5,2.903160769641839,-0.6834636471311342,2.511865957625286,2.6758428753318775,2.8792570569073623,0.0,-0.31998815402952624,0.11657397245404155,6.0224889047774255
2026-09-03 19:35:00,19.86962375925986,22.268535406408184,21.401348031064597,20.872019185257496,21.930676876871697,2.2,0.7968859478924474,0.5204721235533595,1.0732997722315352,0.4647970629630329,0.07030142745113821,1009.2452319631795,1006.1865585073416,1007.5415546020581,-3.0,-1.3774256239503566,0.022429529233818357,75.57941152665845,80.30532426253683,77.55528331788169,6.5,2.903160769641839,-0.15311982498670318,4.986007387337025,5.333263269080013,5.501102093828044,0.0,-0.31998815402952624,0.15214932928149505,4.00247449190569
2026-09-03 19:40:00,20.456959233365033,22.504607159228502,21.667651883116378,21.13815976891308,22.197143997319674,2.2,0.7968859478924474,0.520159595179591,1.0736123006053038,0.26491789351433326,0.04006932821967624,1008.9030303464965,1005.8386747592826,1007.3267376094291,-3.0,-1.3774256239503566,-0.11063722619610417,73.1154334073839,78.9417544556068,76.342446467052,6.5,2.903160769641839,-0.30385278108704483,3.330873499949918,3.6207176036727065,4.138621501135794,0.0,-0.31998815402952624,-0.197915743433561,7.597617723386497
2026-09-03 19:45:00,19.789219568813778,21.929280357480913,21.24749974409549,20.717844411824135,21.777155076366842,2.2,0.7968859478924474,0.5198474193702215,1.0739244764146734,-0.7610175689167455,-0.11510533450702454,1009.2226095247934,1005.9668916389248,1007.3194212098899,-3.0,-1.3774256239503566,0.024896052985241113,75.89888120437212,81.38505985367394,77.89443672411753,6.5,2.903160769641839,0.5874623599145679,5.619275471382377,5.766657677600262,5.9224852360794875,0.0,-0.31998815402952624,0.1641605955503005,7.089300352001316
2026-09-03 19:50:00,19.955625308013044,22.47080046991344,21.563485722387643,21.033667222329864,22.093304222445422,2.2,0.7968859478924474,0.5195355949347484,1.0742363008501463,0.7300987134547938,0.11042879963334684,1009.1417686122782,1006.1045754811789,1007.4377621475012,-3.0,-1.3774256239503566,0.04423895762806751,73.7481451151977,80.90906160803011,78.16076878379467,6.5,2.903160769641839,-0.15486794540639437,1.982374771319392,1.644097485956763,2.2314963236459766,0.0,-0.31998815402952624,-0.26741068365968745,11.834642306067863
2026-09-03 19:55:00,18.780896120634498,20.97133627055754,20.415437679122622,19.8854560615136,20.945419296731643,2.2,0.7968859478924474,0.5192241206893546,1.0745477750955401,-1.5932850804563685,-0.24098735645753067,1009.4907835227531,1006.4187883008308,1007.7314632421854,-3.0,-1.3774256239503566,0.06475068259567252,78.31001611742464,85.0673382450979,81.47001902181262,6.5,2.903160769641839,0.6941584536434391,5.72288337452379,6.457459470976008,6.390772538519288,0.0,-0.31998815402952624,0.38667508648624604,30.420948818665018
2026-09-03 20:00:00,19.314198860415093,21.368844032848322,20.411521022479423,19.881376337507977,20.94166570745087,2.2,0.7968859478924474,0.518912995456855,1.0748589003280398,1.0607277566490119,0.16043706247645062,1009.6772045672843,1006.5998074188819,1007.9720458484546,-3.0,-1.3774256239503566,0.0051871943776404805,75.49531804478015,82.31428828621243,80.3075200960738,6.5,2.903160769641839,-0.8963925795032139,3.1742819691766146,2.7531971058550715,3.4381087379336863,0.0,-0.31998815402952624,-0.3649234780490884,25.856422710674003
2026-09-03 20:05:00,19.39559806142313,21.420074590050547,20.566027390621546,20.03571968843019,21.0963350928129,2.2,0.7968859478924474,0.518602218066645,1.0751696777182498,0.37792094403695486,0.05716125153655227,1009.5902244335512,1006.6527553929396,1008.0698301344812,-3.0,-1.3774256239503566,-0.03964911759123879,76.46653633057053,82.67051835790073,79.83768305185282,6.5,2.903160769641839,-0.07032546359393166,0.08573015468806013,0.3705091069727528,0.6462009353314957,0.0,-0.31998815402952624,0.04429632567078334,0.8262326472668127
2026-09-03 20:10:00,18.905217626956553,21.17176149287359,20.418408884288805,19.887938214973833,20.948879553603778,2.2,0.7968859478924474,0.5182917873546498,1.075480108430245,-0.28782016218999473,-0.043533339307664676,1009.3730191349325,1006.4718139278511,1007.9304163256196,-3.0,-1.3774256239503566,-0.08117677381812882,78.9365328485627,85.21305265091716,81.7523909869401,6.5,2.903160769641839,0.5575008943352202,2.0264084149857764,2.155793560051666,2.2776364618772513,0.0,-0.31998815402952624,0.19814525220394086,8.134151581159864
2026-09-03 20:15:00,19.131328518651134,21.06469891695569,20.27492576867368,19.74429218228522,20.805559355062137,2.2,0.7968859478924474,0.5179817021632722,1.0757901936216225,-0.04702619119181861,-0.0071127996104358715,1009.9048599443423,1006.9396891200387,1008.2190814397024,-3.0,-1.3774256239503566,0.09803330428655954,76.02226062958894,82.22551574670281,80.04877955733053,6.5,2.903160769641839,-0.7264245802695655,9.057967087460588,8.705724375716253,8.820766818966426,0.0,-0.31998815402952624,0.2049457107793522,9.781357807701193
2026-09-03 20:20:00,18.331410042367366,20.481942849588084,19.75366214598262,19.222865692524728,20.284458599440512,2.2,0.7968859478924474,0.5176719613413432,1.0760999344435516,-0.4535827678693316,-0.06860524428698511,1010.0528559028552,1007.2021681814226,1008.5393454661285,-3.0,-1.3774256239503566,0.04024833924449922,81.90240594038599,88.33745139307761,84.20988744167008,6.5,2.903160769641839,1.2244031817656946,7.8171161044974555,7.779825822833906,8.437830777992376,0.0,-0.31998815402952624,-0.33801680112894505,24.684984026287324
2026-09-03 20:25:00,18.935692713058657,21.20233882005666,20.238525735579803,19.70756646501051,20.769485006149097,2.2,0.7968859478924474,0.5173625637440722,1.0764093320408226,1.1036368054857313,0.16692713658440894,1010.161182844214,1007.2475171330885,1008.6676749055756,-3.0,-1.3774256239503566,-0.0427321485367429,79.89967918681725,87.06794593510912,84.72182906080599,6.5,2.903160769641839,-0.5570438953387082,2.8369703614383477,2.8133444955649556,3.31619775178104,0.0,-0.31998815402952624,-0.18286510218655794,9.51707786094761
2026-09-03 20:30:00,19.12566294407736,21.585492908186893,20.753195686601654,20.22207364883305,21.284317724370258,2.2,0.7968859478924474,0.5170535082329966,1.0767183875518982,0.2341212206484613,0.03541127369279096,1010.3998693182377,1007.3556108897669,1008.7576801594589,-3.0,-1.3774256239503566,-0.024643645741662112,75.59466838547992,82.3635287154842,80.70282787442214,6.5,2.903160769641839,-1.242459928579791,6.75124618607597,7.142921000819127,7.039237859106166,0.0,-0.31998815402952624,0.42367129574248796,33.74493935103341
2026-09-03 20:35:00,17.89572205199098,20.22923166806498,19.70455211214456,19.17326735704286,20.235836867246263,2.2,0.7968859478924474,0.5167447936759344,1.0770271021089604,-1.7996893675636692,-0.27220639197203056,1010.1684795681434,1007.0990511252862,1008.5658112858042,-3.0,-1.3774256239503566,-0.08933453656766233,80.91247822685143,87.81256849054813,83.57405408185559,6.5,2.903160769641839,1.3353536390506946,5.326637554544093,5.11264428446003,5.707083005358362,0.0,-0.31998815402952624,-0.2744505668688051,28.638522220950748
2026-09-03 20:40:00,17.698096013169227,19.75528298957279,18.954304296503445,18.422856873889057,19.485751719117832,2.2,0.7968859478924474,0.5164364189469344,1.0773354768379604,0.02705913672948057,0.0040927451768979495,1010.5463792353601,1007.593302570875,1008.8588497459733,-3.0,-1.3774256239503566,0.11187844885205322,83.59594549462251,90.49559262122187,87.08402211646998,6.5,2.903160769641839,0.5084097351100496,10.344064262080428,10.265480760153121,10.286873556380817,0.0,-0.31998815402952624,0.29859535780182966,15.446847856419476
2026-09-03 20:45:00,18.293857782481425,20.729541645994168,19.670575459808504,19.138965419456106,20.2021855001609,2.2,0.7968859478924474,0.5161283829262293,1.0776435128586654,1.7327404212951691,0.2620802382932155,1010.7389060679001,1007.8249711343854,1009.1635269335036,-3.0,-1.3774256239503566,0.03886982483209067,80.73829790518604,87.94585185509143,86.01439398685949,6.5,2.903160769641839,-0.9717029014098983,3.7616750089837843,3.0608541274774055,3.912843736718294,0.0,-0.31998815402952624,-0.5320014552113621,52.67024518062969
2026-09-03 20:50:00,18.181388585677514,20.321485578168016,19.614906630824137,19.083134022462747,20.146679239185527,2.2,0.7968859478924474,0.515820684500188,1.0779512112847067,-0.5970636748328992,-0.09030700054857022,1010.4092984427949,1007.6189750888497,1009.092665893595,-3.0,-1.3774256239503566,-0.09626518079505786,79.78586139685443,86.51638143008664,84.07985280331317,6.5,2.903160769641839,-0.4666321428683773,5.8827099765331985,6.403138814470272,6.2693496432863265,0.0,-0.31998815402952624,0.4537773252134718,32.395580548736454
2026-09-03 20:55:00,17.178401201966594,19.13126059755671,18.533458328098593,18.00152320141163,19.065393454785557,2.2,0.7968859478924474,0.5155133225612683,1.0782585732236265,-1.3162394047328014,-0.19908367843433084,1010.8403635375803,1008.0190394943213,1009.33611915833,-3.0,-1.3774256239503566,0.06034595994162828,87.98567408695222,94.77275254509534,90.07690863675245,6.5,2.903160769641839,1.792683138701051,1.4091586314415854,1.0880181585355642,1.7680780170464727,0.0,-0.31998815402952624,-0.36007170448138237,39.61259796683968
2026-09-03 21:00:00,17.058466308634234,19.224058036781138,18.31014530687293,17.77804771149829,18.84224290224757,2.2,0.7968859478924474,0.5152062960079704,1.0785655997769243,0.7737211965823221,0.11702678201575978,1010.8332891611552,1007.7520682101791,1009.215599227118,-3.0,-1.3774256239503566,-0.08610539298854292,87.44699328158599,94.89803827454051,92.40582276632385,6.5,2.903160769641839,-0.4109452614251836,3.9069000570042967,4.0049733162760495,3.980952867763297,0.0,-0.31998815402952624,0.34400860254227883,20.02865065079688
2026-09-03 21:05:00,16.953913504459333,19.441547344688473,18.54237859981788,18.010118585348,19.07463861428776,2.2,0.7968859478924474,0.5148996037447916,1.0788722920401033,0.6762415124518988,0.10228279697814457,1011.0132577488652,1007.9979568068461,1009.3337014178527,-3.0,-1.3774256239503566,0.041681012943740825,87.05264836129258,93.02061162689009,91.10373104033069,6.5,2.903160769641839,-0.9862801830824424,10.0202455438566,9.98982319494004,10.162812293198327,0.0,-0.31998815402952624,0.14699905577123928,9.38231286174952
2026-09-03 21:10:00,16.3701036255802,18.603151635593182,17.937076229147028,17.404653845128966,18.46949861316509,2.2,0.7968859478924474,0.5145932446821799,1.0791786511027148,-0.8648523603748828,-0.13081054144629434,1011.194175729316,1008.2948284000537,1009.6125431632149,-3.0,-1.3774256239503566,0.05971086078909593,88.65538127462337,94.47078721066217,91.43459471334944,6.5,2.903160769641839,0.13303172767088256,4.83973671081697,4.810336420781968,5.6357644557466,0.0,-0.31998815402952624,-0.5054398809351053,38.75046007307313
2026-09-03 21:15:00,16.382928871250197,18.585433244116153,17.739479059022564,17.20689435495806,18.27206376308707,2.2,0.7968859478924474,0.514287217736489,1.0794846780484058,0.32441407468879646,0.04906823720114062,1011.1853448107274,1008.3455444774363,1009.7460499609223,-3.0,-1.3774256239503566,-0.023079859535641845,87.1085299022062,92.65979262285671,90.11913770878799,6.5,2.903160769641839,-0.36250585557311865,3.2047030106150727,3.447661606076335,3.602269639303947,0.0,-0.31998815402952624,0.16538012080191455,4.891909524921662
2026-09-03 21:20:00,16.192567120259422,18.720009449199992,17.857950455657228,17.32520348100277,18.390697430311686,2.2,0.7968859478924474,0.513981521829934,1.0797903739549608,0.43089082684239344,0.06517304565031523,1011.2732434693229,1008.4140888896286,1009.8169451741572,-3.0,-1.3774256239503566,-0.02543066057830856,91.08228513664909,97.72861678754529,93.73103996728234,6.5,2.903160769641839,1.0944160506211063,1.968825863304968,2.470204601396058,2.7526960653482537,0.0,-0.31998815402952624,0.03749669007733081,6.876957536549536
2026-09-03 21:25:00,16.132344168154074,18.046073198743187,17.34920858758459,16.816299391751496,17.882117783417687,2.2,0.7968859478924474,0.5136761558905462,1.0800957398943485,-0.6612898945735104,-0.10002133673385316,1011.495558458313,1008.4859767833883,1009.8751442452965,-3.0,-1.3774256239503566,-0.01174183795785666,87.04643211477212,92.06344632179682,90.51890206424224,6.5,2.903160769641839,-1.3586165120872664,6.064491762485166,6.139939863467763,6.263958015378145,0.0,-0.31998815402952624,0.19597000211914484,16.038764055143016
2026-09-03 21:30:00,16.27231240561074,18.215192582800185,17.346214802085772,16.813143434440242,17.8792861697313,2.2,0.7968859478924474,0.5133711188521304,1.0804007769327644,0.476634307070924,0.07209183282196463,1011.4427502825586,1008.2546468846942,1009.7025429217675,-3.0,-1.3774256239503566,-0.07047041312296187,90.39397309298592,97.26369636983365,93.27802117410039,6.5,2.903160769641839,1.0825144260914215,5.596049483539364,5.792572888828522,6.291958506076207,0.0,-0.31998815402952624,-0.17939746321815875,11.717198310109282
2026-09-03 21:35:00,16.228155567273387,18.10498627308002,17.30237926498952,16.769145774852717,17.83561275512632,2.2,0.7968859478924474,0.5130664096542208,1.080705486130674,0.03782472239182866,0.005721060198052186,1011.5578319188675,1008.4079914624306,1009.7454566322019,-3.0,-1.3774256239503566,0.03996045417898131,89.92499077552478,96.33763629992433,93.7097723939203,6.5,2.903160769641839,-0.2752968636378199,3.7638128387648124,3.862480299782925,4.25873475556838,0.0,-0.31998815402952624,-0.07626630175592863,1.4008313413870872
2026-09-03 21:40:00,16.60458938308935,18.87911902038536,17.956772947729625,17.42337738437774,18.49016851108151,2.2,0.7968859478924474,0.5127620272420379,1.0810098685428569,0.8294781432351535,0.12546012476328627,1011.9368495301553,1008.9777445573033,1010.2181909181554,-3.0,-1.3774256239503566,0.1369792630981692,90.91966941612282,98.32738117597967,95.23340055436518,6.5,2.903160769641839,0.19081985197264828,9.549651751537219,9.854911178716407,9.819317206032377,0.0,-0.31998815402952624,0.35558212671355527,21.984430735968918
2026-09-03 21:45:00,15.436678596226214,17.66997722164924,17.11677767150425,16.583220084168566,17.65033525883993,2.2,0.7968859478924474,0.5124579705664464,1.0813139252184483,-1.611129760285177,-0.2436863977474566,1011.7761353200999,1008.8274691570135,1010.2802007704173,-3.0,-1.3774256239503566,-0.07530598945345446,92.23107142814203,98.19353757977004,95.53503487757561,6.5,2.903160769641839,-0.2446580674474177,0.8241379874123722,0.6852630735664741,1.66930474034584,0.0,-0.3199881540295262,-0.6640535127498398,70.1414418716307
2026-09-03 21:50:00,16.08316626032055,18.591713533776502,17.602514834538866,17.068795272405833,18.1362343966719,2.2,0.7968859478924474,0.5121542385839122,1.0816176572009826,1.2714734997053831,0.1923127513451881,1012.1610904153424,1008.9962885093272,1010.3851846391865,-3.0,-1.3774256239503566,-0.011470505908960149,90.26753071297723,96.60487608464322,94.16942401257849,6.5,2.903160769641839,-0.467708697577109,3.30919479728062,3.631811963605544,3.430569957494697,0.0,-0.3199881540295262,0.5212301601403735,43.81630223123799
2026-09-03 21:55:00,15.459118655017756,17.707813670445113,17.059568159333683,16.52568667154498,17.593449647122384,2.2,0.7968859478924474,0.5118508302564617,1.081921065528433,-0.9827345042371505,-0.1486404367810188,1012.2423064275955,1009.2489918692289,1010.5986781519271,-3.0,-1.3774256239503566,0.027739341252186023,90.20842280080623,97.60618546744092,94.43332267095865,6.5,2.903160769641839,0.26970202684043443,8.76415531903224,9.097305278726454,9.282649308075714,0.0,-0.3199881540295262,0.13464412468026588,5.383502036271944
2026-09-03 22:00:00,15.38213830478571,17.501306872889852,16.69876424504784,16.164720880700454,17.232807609395227,2.2,0.7968859478924474,0.5115477445516396,1.082224151233255,0.037399073134132266,0.005656679949563426,1012.0248146840408,1009.1194983375866,1010.5608109665582,-3.0,-1.3774256239503566,-0.06388700502122902,90.9047758491004,98.51128436652293,95.37326589543399,6.5,2.903160769641839,0.2348577014470976,3.421685541093556,3.746446643698429,4.564281588526114,0.0,-0.3199881540295262,-0.49784679079815897,36.10677169260891
2026-09-03 22:05:00,15.531065910821635,17.731424885397256,16.843439590693404,16.309234398839678,17.37764478254713,2.2,0.7968859478924474,0.5112449804424681,1.0825269153424266,0.6023022628554848,0.0910993468114043,1012.2917234153803,1009.1190394167542,1010.5181310406779,-3.0,-1.3774256239503566,-0.021665999973379257,89.74108714980237,95.69696525720092,93.42852173831258,6.5,2.903160769641839,-0.6347172507535106,2.9653640134899315,2.7673196532889888,2.8971493550610283,0.0,-0.3199881540295262,0.19015845225748684,8.160039377101155
2026-09-03 22:10:00,14.673339475196917,16.89688095888911,16.22038272288209,15.686015752529809,16.75474969323437,2.2,0.7968859478924474,0.5109425369074062,1.0828293588774884,-0.7959419449921903,-0.12038771188542796,1012.6809642704188,1009.8467138506895,1011.0615295149996,-3.0,-1.3774256239503566,0.1626099596402355,90.67382236849431,97.31924735456404,93.98101070407795,6.5,2.903160769641839,0.4350758808442521,4.807524609178119,4.757023318906962,4.926906307354869,0.0,-0.3199881540295262,0.15010516558161946,8.667769301878371
2026-09-03 22:15:00,15.13882836788325,17.004476113217613,16.13371100754987,15.599182307662318,16.668239707437422,2.2,0.7968859478924474,0.5106404129303102,1.0831314828545846,0.4884511850346911,0.07387915777529486,1012.4618953055374,1009.4052656332534,1010.9271046778464,-3.0,-1.3774256239503566,-0.14441342064264973,90.75968701611822,97.49522219826547,94.48775154742764,6.5,2.903160769641839,0.10430988119598794,7.246958071043507,7.318798167677638,7.623433802099953,0.0,-0.3199881540295262,0.015352519607211512,2.9912335255619333
2026-09-03 22:20:00,14.918096747580385,17.660163076447365,16.72851295731977,16.1938225768158,17.263203337823736,2.2,0.7968859478924474,0.5103386075003926,1.0834332882845021,0.8909917373481306,0.1347641712351475,1012.6452819940539,1009.8339239609404,1011.1529837023824,-3.0,-1.3774256239503566,0.05836588250838304,91.133880457753,97.93280318224991,95.00052606927035,6.5,2.903160769641839,0.029116343337719286,1.8146920016066534,1.4034393881579517,2.1014613603741985,0.0,-0.3199881540295262,-0.37803381818672066,22.69646547381245
2026-09-03 22:25:00,14.916431156977474,17.220405360597855,16.538990492532523,16.004138480286635,17.073842504778412,2.2,0.7968859478924474,0.5100371196121838,1.083734776172711,-0.7634356898103647,-0.1154710798271168,1012.8886948287787,1009.8086769619124,1011.2149745873995,-3.0,-1.3774256239503566,-0.028872001536797143,91.22327735635653,97.51321682890404,94.77960860025964,6.5,2.903160769641839,-0.16955254099744366,9.309580494287747,9.788056556713551,9.478879311455534,0.0,-0.3199881540295262,0.6291653992875421,58.13343501774675
2026-09-03 22:30:00,14.70540342780851,16.94740508941303,16.19828254253264,15.663268947375027,16.733296137690257,2.2,0.7968859478924474,0.5097359482654926,1.0840359475194021,-0.3157871655303133,-0.04776340101205889,1013.0398310298615,1009.8858372074288,1011.2734436722819,-3.0,-1.3774256239503566,-0.010180840902762611,90.47021666461143,97.99532338311033,95.02455880551058,6.5,2.903160769641839,0.06760380795790866,6.924543425426442,6.92086046537579,7.722913481523758,0.0,-0.3199881540295262,-0.4820648621184418,33.43478913637875
2026-09-03 22:35:00,15.44455794105323,17.767590737908947,16.809651601195675,16.2744764719123,17.34482673047905,2.2,0.7968859478924474,0.5094350924653672,1.0843368033195275,1.0648012687477433,0.16105318882082287,1012.9859481471425,1009.9172275986663,1011.3055172639913,-3.0,-1.3774256239503566,-0.010864041374702538,90.6972140398126,95.68545125291536,93.2518636219582,6.5,2.903160769641839,-0.4695731386846802,2.45953213553755,2.544710501818966,2.953933733685966,0.0,-0.3199881540295262,-0.08923507783747375,5.026279971870851
2026-09-03 22:40:00,14.082525359354845,16.42440755547217,15.87414368366294,15.33880706899561,16.40948029833027,2.2,0.7968859478924474,0.5091345512220573,1.0846373445628374,-1.6305389631667921,-0.24662207608322007,1013.0337578895671,1010.0194856711056,1011.3862790187386,-3.0,-1.3774256239503566,0.010632276317323885,90.2960517139201,96.45914752607922,93.25212078056528,6.5,2.903160769641839,0.3038659758720996,6.136438615263144,5.963337283344983,5.919962483379207,0.0,-0.3199881540295262,0.3633629539953027,25.760391134523793
2026-09-03 22:45:00,14.002951411179465,16.17484071407898,15.349250658415288,14.813752607061714,15.884748709768862,2.2,0.7968859478924474,0.508834323550976,1.0849375722339187,0.18977687183266667,0.02870410777124377,1013.4347265980002,1010.3764546119845,1011.686920142377,-3.0,-1.3774256239503566,0.06696009355789556,90.10958062020066,96.96792520641901,93.8417818388834,6.5,2.903160769641839,0.22298259789376118,3.8345134433071624,3.436450175497056,4.016288186197992,0.0,-0.3199881540295262,-0.25984985667141025,10.476836532399599
2026-09-03 22:50:00,13.846430845267468,15.920182618019329,15.073688625249435,14.538029185863293,15.609348064635578,2.2,0.7968859478924474,0.5085344084726618,1.085237487312233,0.32798300680880743,0.049608044877446744,1013.5784097086689,1010.5460094954329,1011.9213368327063,-3.0,-1.3774256239503566,0.0020982866769827524,90.81772646787597,97.68350631743544,94.66482975370064,6.5,2.903160769641839,0.11551579409295698,3.9456795270775777,3.7644705614351466,3.972941017763645,0.0,-0.3199881540295262,0.11151769770102771,2.1038689654382567
2026-09-03 22:55:00,13.756502545084281,16.076392682348622,15.199104934711212,14.663284155902218,15.734925713520205,2.2,0.7968859478924474,0.5082348050127419,1.0855370907721529,0.5315755559070894,0.08040179974496375,1013.5587631753948,1010.6088579478462,1012.0237819866422,-3.0,-1.3774256239503566,-0.03749841484568606,90.01975396301954,97.60196118751135,94.82768483983273,6.5,2.903160769641839,-0.12888442196322103,6.801335784405618,6.867097040695694,7.055191365397723,0.0,-0.3199881540295262,0.13189382932749716,3.4080799369096804
2026-09-03 23:00:00,13.609474576637028,15.88661674474332,15.112938381702586,14.576956312036561,15.64892045136861,2.2,0.7968859478924474,0.5079355122018949,1.0858363835829998,-0.15343667502396663,-0.023207584851713037,1013.5171906551644,1010.491513749695,1011.9358838795341,-3.0,-1.3774256239503566,-0.06694450588884138,90.43903053624479,97.89761085080582,95.02121343279998,6.5,2.903160769641839,-0.026763351636006405,9.977670367226962,10.179699011053069,10.496583670098154,0.0,-0.3199881540295262,0.0031034949844404025,0.5614982798852403
2026-09-03 23:05:00,14.228560739445879,16.266582719627998,15.406255295497395,14.870111983496326,15.942398607498465,2.2,0.7968859478924474,0.507636529075814,1.0861353667090807,0.4194425759850695,0.06344147623815388,1013.4736566543709,1010.4637397952781,1011.8591743482758,-3.0,-1.3774256239503566,-0.018008929047368838,90.19160683845828,96.4631735382125,93.88773709158681,6.5,2.903160769641839,-0.32772432301615595,2.024012043441252,2.0725495056220677,2.898554968227339,0.0,-0.3199881540295262,-0.5060173085757449,37.54920917563412
2026-09-03 23:10:00,14.212526871847976,16.696333994121428,15.85950719456368,15.32320268870579,16.39581170042157,2.2,0.7968859478924474,0.5073378546751717,1.086434041109723,0.26406847228211205,0.039940851665299704,1013.5588286638043,1010.3024447039239,1011.7073170422111,-3.0,-1.3774256239503566,-0.027446714336861078,90.96292928370939,98.50282627853387,95.1159404027984,6.5,2.903160769641839,0.4837251060936296,4.0633588374297505,4.167376042302336,4.03599082648684,0.0,-0.3199881540295262,0.4513733698450224,30.52578439673479
2026-09-03 23:15:00,13.31030041579061,15.568970823055206,14.999002083249616,14.46253643196943,15.535467734529803,2.2,0.7968859478924474,0.5070394880455826,1.0867324077393121,-1.500260459545391,-0.22691720808685645,1013.8482204628743,1010.9069751652759,1012.1276434552028,-3.0,-1.3774256239503566,0.1567573340233821,91.52624763282422,97.45501423780226,94.79732827899852,6.5,2.903160769641839,-0.24547481083810396,4.4537738528704285,4.352665940466015,4.73826962610813,0.0,-0.3199881540295262,-0.06561553161258793,9.109568076247745
2026-09-03 23:20:00,13.102888208658918,15.448852081112443,14.609030987783088,14.072404239471492,15.145657736094684,2.2,0.7968859478924474,0.5067414282375688,1.087030467547326,0.28386521043026924,0.042935145436908684,1013.9169582296922,1010.9035777350384,1012.3023011151167,-3.0,-1.3774256239503566,-0.021297756127978573,89.96027035471161,97.20498026094508,94.38866646333295,6.5,2.903160769641839,-0.08684697202971847,3.779043324775704,3.9279178946493323,4.293796771676027,0.0,-0.3199881540295262,-0.0458907229971679,0.5848081275539806
2026-09-03 23:25:00,13.524639571845489,16.003023749381473,15.050269504855185,14.513481707859505,15.587057301850866,2.2,0.7968859478924474,0.5064436743065244,1.0873282214783704,1.030521414871865,0.15586829663384094,1014.1466624959293,1011.3882064430016,1012.7061204883066,-3.0,-1.3774256239503566,0.05951157864535617,89.7139402994455,97.6623582821823,94.62611413453281,6.5,2.903160769641839,0.13308337800764036,3.6947662431398163,4.139616103055588,4.428431602652142,0.0,-0.3199881540295262,0.031172654432972458,3.1943900331012927
2026-09-03 23:30:00,13.018490720657725,15.222868484890693,14.563290755817713,14.026341958441765,15.10023955319366,2.2,0.7968859478924474,0.5061462253126798,1.087625670472215,-0.9078116781103809,-0.13730821881946653,1014.114049511566,1010.9731147364779,1012.5062369672529,-3.0,-1.3774256239503566,-0.15569660682467656,90.54272426070126,98.01467954618523,95.03484559266364,6.5,2.903160769641839,0.07667318387974831,1.2743420656215159,1.4857788983532119,1.9295598160897218,0.0,-0.3199881540295262,-0.12379276370698378,6.912928573847273
2026-09-03 23:35:00,13.39897378618526,15.662364187582085,14.767129391112215,14.230019641616384,15.304239140608047,2.2,0.7968859478924474,0.5058490803210689,1.0879228154638259,0.6502322587454312,0.0983488485774231,1013.8688844892857,1010.5976401900108,1012.0877053000931,-3.0,-1.3774256239503566,-0.11263948613202501,90.63955695809452,97.22417326491382,94.523088381813,6.5,2.903160769641839,-0.20207588654102437,5.915745414608832,6.158607981084714,6.15790167826224,0.0,-0.3199881540295262,0.32069445685200026,17.321652137722182
2026-09-03 23:40:00,13.136555332359817,15.498560780061041,14.727354356915681,14.190083703516972,15.26462501031439,2.2,0.7968859478924474,0.5055522384014924,1.0882196573834024,-0.16977987664657235,-0.0256795247470869,1014.3277828258583,1011.4204930999479,1012.5724496874863,-3.0,-1.3774256239503566,0.22546903641193694,90.72274471691118,96.95732169949348,94.08898116499752,6.5,2.903160769641839,-0.03482023514588661,4.163617234687521,4.251822154479511,4.857530374749022,0.0,-0.3199881540295262,-0.2857200662399846,17.39002211372135
2026-09-03 23:45:00,12.361885434707041,14.41691321794703,13.785426584578422,13.247995075450538,14.322858093706307,2.2,0.7968859478924474,0.5052556986284862,1.0885161971564086,-1.0935356278535018,-0.16539931452383883,1014.0936839600336,1011.1456630127805,1012.5873960736611,-3.0,-1.3774256239503566,-0.06430743693033492,90.33594521759602,95.61307218058859,92.90123638810425,6.5,2.903160769641839,-0.19132497715750674,2.5600529056106844,2.109106384730804,2.4508565356870986,0.0,-0.3199881540295262,-0.021761996926768834,3.6104946521670107
2026-09-03 23:50:00,13.503240469128237,15.714050801697436,14.628832138095062,14.09123982136846,15.166424454821664,2.2,0.7968859478924474,0.504959460081286,1.0888124357036086,1.906308367796269,0.28833271570992736,1014.256940848987,1011.1056758959073,1012.5256791165883,-3.0,-1.3774256239503566,-0.0425775967306663,90.53864219010805,97.28707390043941,93.90511046887995,6.5,2.903160769641839,0.4788026619176122,7.156346754756813,6.84294679556744,6.849011127448293,0.0,-0.3199881540295262,0.31392382214867354,24.23602574682023
2026-09-03 23:55:00,13.521948066003015,15.747057783333245,14.98500805037917,14.44725497414113,15.52276112661721,2.2,0.7968859478924474,0.5046635218437949,1.0891083739410998,-0.23031922643900593,-0.03483621493837141,1014.4209383743839,1011.1914760311333,1012.5558428515365,-3.0,-1.3774256239503566,0.013058803547210118,90.82401764732839,96.43184386495166,93.69503648951459,6.5,2.903160769641839,-0.16635339420477635,7.005377285191164,7.141840025390318,7.658013936986025,0.0,-0.3199881540295262,-0.19618575756618117,5.781428303248706
2026-09-04 00:00:00,12.481186846126645,14.489975135789967,13.947698042716496,13.409784255011184,14.485611830421808,2.2,0.7968859478924474,0.5043678830045499,1.0894040127803448,-1.6833434570939563,-0.25460885481897577,1014.7493501234676,1011.9799596330703,1013.1811376513103,-3.0,-1.3774256239503566,0.1762476057102731,91.0877148539672,96.95320712307606,93.97560760636026,6.5,2.903160769641839,0.07443874707395537,4.489476622642133,4.486194907054108,4.947550680315313,0.0,-0.3199881540295262,-0.14136761923167906,13.199526379717538
2026-09-04 00:05:00,12.497315605571396,15.160842963306173,14.18306801439435,13.644993563222881,14.721142465565817,2.2,0.7968859478924474,0.5040725426566895,1.0896993531282053,1.195945508425961,0.1808890010193771,1014.9807951717512,1012.1929117303422,1013.5799124283958,-3.0,-1.3774256239503566,-0.009575074103281622,89.5911089830332,95.13851234244386,92.61270572131886,6.5,2.903160769641839,-0.3773541485168437,3.274528587249852,3.4064814531917005,3.647550714915177,0.0,-0.3199881540295262,0.07891889230604932,5.091972166202282
2026-09-04 00:10:00,12.696265166065505,14.614806477367024,13.881066175122765,13.342831108443274,14.419301241802255,2.2,0.7968859478924474,0.5037774998979208,1.089994395886974,-0.41748669550957196,-0.06314564564818781,1014.6673391945106,1011.2942206807047,1012.9671943018891,-3.0,-1.3774256239503566,-0.2955479972340527,90.39813464821668,96.52982078209136,93.24471286538373,6.5,2.903160769641839,0.38194714706578736,5.544827253346538,6.0477542786997605,6.1992858916828295,0.0,-0.3199881540295262,0.16845654104645735,14.955532768360506
2026-09-04 00:15:00,12.648692078015515,14.589071297278082,13.769614378165025,13.231218743892722,14.308010012437329,2.2,0.7968859478924474,0.5034827538304875,1.0902891419544072,0.14922771146935965,0.022570971220609692,1014.6085951203584,1011.5398616659699,1012.8637912780953,-3.0,-1.3774256239503566,0.0534960118249046,90.6861707744403,97.16379524285071,94.10435730436636,6.5,2.903160769641839,0.1562771688425073,3.2065097369962388,3.424320536765039,3.979916266126742,0.0,-0.3199881540295262,-0.2356075753321769,8.419003119256464
2026-09-04 00:20:00,12.714822083418994,15.17766739855971,14.268029668495474,13.729473514502711,14.806585822488238,2.2,0.7968859478924474,0.5031883035611383,1.0905835922237563,0.7454570852593019,0.11275178217178805,1014.7737237713014,1012.023352579519,1013.2439595521805,-3.0,-1.3774256239503566,0.15681865128885875,90.12491789888232,96.84380956381489,94.10641814658236,6.5,2.903160769641839,-0.16576935240931334,2.853635499446105,3.2313013611689514,3.4500504892576114,0.0,-0.3199881540295262,0.10123902594086642,5.689257881699668
2026-09-04 00:25:00,13.19552132154193,15.538174571701239,14.727837726522049,14.189121100638388,15.26655435240571,2.2,0.7968859478924474,0.5028941482010952,1.0908777475837996,0.08893044963333985,0.013450897286743313,1014.8819121964193,1011.8105028127526,1013.2471728476316,-3.0,-1.3774256239503566,-0.05924441092872712,91.48311493472961,97.50270962639844,94.5393884350579,6.5,2.903160769641839,0.060160421698697064,6.298019392282081,6.3264238091233,6.4929917212364705,0.0,-0.3199881540295262,0.15342024191635595,3.787437049960466
2026-09-04 00:30:00,12.264269679475728,14.259076715979571,13.721110513244605,13.182233463256878,14.259987563232333,2.2,0.7968859478924474,0.502600286866022,1.0911716089188728,-1.7118448580005872,-0.2589197451574812,1014.7536398415746,1011.6800480064705,1013.1153306749529,-3.0,-1.3774256239503566,-0.057857044532056534,90.23452419926942,97.58995116438557,94.72951400781923,6.5,2.903160769641839,-0.04272361307550909,1.1158474401973706,0.8736827369520387,1.5739281783557093,0.0,-0.3199881540295262,-0.38025728737414444,28.105979338826263
2026-09-04 00:35:00,11.96294482106989,14.284402624090227,13.410204586798415,12.871167160450785,13.949242013146044,2.2,0.7968859478924474,0.5023067186759934,1.0914651771089012,0.5111479721992129,0.07731208939936529,1015.1217796781953,1012.0793657790508,1013.3648637411758,-3.0,-1.3774256239503566,0.09192766182536616,90.51031001790538,96.84374581151341,94.14023211881565,6.5,2.903160769641839,-0.1996470769440748,1.7354616620519143,1.718101814287612,1.7654937639738835,0.0,-0.3199881540295262,0.2725962043432548,12.381786951532787
2026-09-04 00:40:00,11.681387733603719,14.174957822603183,13.324074850293345,12.784877095287376,13.863272605299313,2.2,0.7968859478924474,0.5020134427554643,1.0917584530294304,0.3570006935547596,0.053997024417391515,1014.9355744072059,1011.7674398611407,1013.227560321027,-3.0,-1.3774256239503566,-0.0826948359359676,90.78902638118824,96.65884843457582,93.75848212307038,6.5,2.903160769641839,-0.0027944581364067744,0.4539189177379786,0.21249337362223725,0.62126115724242,0.0,-0.3199881540295262,-0.0887796295906566,2.195242482553101
2026-09-04 00:45:00,11.895260453412888,14.08920784189349,13.275833452188259,12.736475416182977,13.815191488193541,2.2,0.7968859478924474,0.5017204582332392,1.0920514375516555,0.10901313963711168,0.016488441812784416,1015.0221289943062,1011.766412632672,1013.1521751678409,-3.0,-1.3774256239503566,-0.008336911218634668,90.23052592023527,96.91155973403002,93.8860739528218,6.5,2.903160769641839,0.12232501156637454,2.240786065108292,2.7082745521400264,2.8641189867991876,0.0,-0.3199881540295262,0.1641437193703652,3.9578245423544582
2026-09-04 00:50:00,12.132591138317185,14.8523557183321,13.927728277156112,13.388210007768063,14.46724654654416,2.2,0.7968859478924474,0.5014277642424423,1.0923441315424525,0.8445613844465427,0.12774149328354234,1015.0916320019082,1012.2495140985185,1013.5055842045412,-3.0,-1.3774256239503566,0.12135551792766819,89.61965510757689,97.69049737441195,94.61065751774714,6.5,2.903160769641839,0.1766790870229613,1.4705201178149925,1.7076374407756334,2.1783929188132847,0.0,-0.3199881540295262,-0.1507673240081251,6.771290690386055
2026-09-04 00:55:00,12.825592299889314,14.680779937715707,13.969574416434691,13.42989596123801,14.509252871631372,2.2,0.7968859478924474,0.5011353599204873,1.0926365358644075,-0.5664751355168605,-0.0856804266114306,1015.0971674786028,1011.8207269426657,1013.3165173313957,-3.0,-1.3774256239503566,-0.11836476477969882,90.37734261037546,97.14547106360357,94.4172624431269,6.5,2.903160769641839,-0.1749521491651791,12.867219931323913,13.023373680312396,12.809683777394772,0.0,-0.3199881540295262,0.5336780569471493,43.13416347122969
2026-09-04 01:00:00,11.866393254583503,14.205157945355323,13.512612114117076,12.972773520643548,14.052450707590603,2.2,0.7968859478924474,0.5008432444090476,1.0929286513758472,-0.6898434573579397,-0.10434011665419973,1015.1999091103735,1012.2369998281898,1013.5343254485211,-3.0,-1.3774256239503566,0.08010000361900893,91.03884541909513,97.24856091719624,94.35911236312805,6.5,2.903160769641839,-0.013712215573647768,3.2108678429100665,3.5816508035784977,4.809152539284831,0.0,-0.3199881540295262,-0.907513581676807,119.38156474124848
2026-09-04 01:05:00,12.132384847894283,14.565690515138483,13.676907068950847,13.136908384689972,14.216905753211721,2.2,0.7968859478924474,0.5005514168540277,1.093220478930867,0.6075792320282751,0.09189749829518945,1015.0196170241915,1012.1526039481051,1013.5601338322663,-3.0,-1.3774256239503566,-0.030104260210805478,90.37447950753152,95.65251042263655,93.0542204035849,6.5,2.903160769641839,-0.3048707505901973,2.2113703195533883,1.6053533951964205,1.613394974465474,0.0,-0.3199881540295262,0.3119465747604726,15.356911352661369
2026-09-04 01:10:00,12.009515802033611,14.38778458235466,13.614693247837776,13.074534520236828,14.154851975438724,2.2,0.7968859478924474,0.5002598764055328,1.093512019379362,-0.1573178072236061,-0.023794613375562434,1015.0646448841022,1011.8469609392671,1013.3128999497134,-3.0,-1.3774256239503566,-0.08851338649594709,90.11103161031254,96.43550175353488,93.25047587645193,6.5,2.903160769641839,0.2818651074411065,2.8881472063445153,3.064588591747313,3.1972011337979556,0.0,-0.3199881540295262,0.18737561197888386,6.350992133643482
2026-09-04 01:15:00,12.46845932654501,14.627588181215883,13.792262104549481,13.25194338101357,14.332580828085392,2.2,0.7968859478924474,0.4999686222178412,1.0938032735670535,0.2541464604893342,0.03844012877395464,1015.0176537630077,1011.8790135026185,1013.2354339479357,-3.0,-1.3774256239503566,0.021005178633117794,91.02944054020392,97.71738304027441,94.48791531423574,6.5,2.903160769641839,0.3263069563968344,9.122104712907213,8.7289109776159,8.880088377517072,0.0,-0.3199881540295262,0.16881075412835322,4.818788684604562
2026-09-04 01:20:00,12.984710398472627,15.126622102070398,14.269416836678975,13.728938164571113,14.809895508786836,2.2,0.7968859478924474,0.4996776534493748,1.09409424233552,0.39880046010366144,0.06031931749897623,1015.2810474293077,1012.4630243075665,1013.6821872563684,-3.0,-1.3774256239503566,0.1582626751484213,90.43741857968061,96.62735386667616,94.04393195568225,6.5,2.903160769641839,-0.3197388586479377,4.713031574296067,4.710854864756368,5.4647087738811955,0.0,-0.3199881540295262,-0.4338657550953009,30.5609602031189
2026-09-04 01:25:00,11.746258494305595,14.035087528523047,13.457113937334487,12.916475363975653,13.99775251069332,2.2,0.7968859478924474,0.49938696926267107,1.0943849265222236,-1.4473364785231464,-0.2189123567038873,1015.362627103822,1012.442560861856,1013.850332198228,-3.0,-1.3774256239503566,-0.030345712421649296,90.26053481808748,95.42822710749468,92.80252014804864,6.5,2.903160769641839,-0.2774538101958086,3.7052363922955944,3.61172411455543,3.8072732480397278,0.0,-0.3199881540295262,0.12443902054522882,7.777163420186768
2026-09-04 01:30:00,11.751344988442586,14.114495885773,13.24935078639422,12.708552359063411,13.79014921372503,2.2,0.7968859478924474,0.4990965688243548,1.09467532696054,0.4512945793774481,0.06825915148633221,1015.3433997513014,1012.2508068952695,1013.7232407539168,-3.0,-1.3774256239503566,-0.09500823469693387,90.59070380688347,96.41025149528072,93.18765673561548,6.5,2.903160769641839,0.31943399002339845,7.906726426210738,8.105247409839823,8.162400859310406,0.0,-0.3199881540295262,0.2628347045589434,11.88031813532944
2026-09-04 01:35:00,12.357157292785065,14.677651980041537,13.743392159221363,13.202433925155667,14.28435039328706,2.2,0.7968859478924474,0.4988064513051106,1.0949654444797843,0.9082457494770217,0.13737387292772674,1015.5532046684887,1012.7335420189928,1014.0188724890795,-3.0,-1.3774256239503566,0.09209515386362455,90.94414768591868,98.60777845462889,95.22154901382018,6.5,2.903160769641839,0.4830686711668619,3.898839553654386,3.9672957403426725,4.673222867452509,0.0,-0.3199881540295262,-0.38593897308031,25.393726225940938
2026-09-04 01:40:00,12.208488556858342,14.616500135017018,13.861786074588462,13.320668080983115,14.40290406819381,2.2,0.7968859478924474,0.4985166158796547,1.0952552799052402,-0.27881893929461654,-0.042171887463890556,1015.3269082270232,1012.5078885855413,1013.9589185897383,-3.0,-1.3774256239503566,-0.07360438024670657,91.73915320981148,99.38635401279585,96.53030896064709,6.5,2.903160769641839,-0.047115717493085185,3.513037012088475,3.9165721641720115,4.06550478173202,0.0,-0.3199881540295262,0.17105553646951766,4.978337318699511
2026-09-04 01:45:00,12.67452837629996,14.670754384886612,13.896402359385421,13.35512465339387,14.437680065376972,2.2,0.7968859478924474,0.4982270617267079,1.0955448340581868,-0.1489827635686627,-0.022533922391255956,1015.4522685427515,1012.4926264467039,1013.8946560521624,-3.0,-1.3774256239503566,-0.024603981508221295,90.99469746464314,96.78538612927946,94.6622854264742,6.5,2.903160769641839,-0.7800600668365831,2.6507968310080985,2.4702276827283143,2.8360104610824743,0.0,-0.3199881540295262,-0.04579462432463366,3.5473253748221794
2026-09-04 01:50:00,12.17341048602368,14.327856290198953,13.594927051130194,13.053489679864157,14.13636442239623,2.2,0.7968859478924474,0.4979377880289685,1.0958341077559264,-0.42284903018067865,-0.06395670882368698,1015.2109804558598,1012.0759564216788,1013.5440084840799,-3.0,-1.3774256239503566,-0.09062643845072671,91.12574210896523,98.16394753872477,94.94739113553356,6.5,2.903160769641839,0.3133956335493622,3.7885722700009374,4.001306586890923,4.19794948140647,0.0,-0.3199881540295262,0.12334525951397968,4.023610812922042
2026-09-04 01:55:00,11.804000425841425,13.815997239416674,13.070393908369745,12.528796918899275,13.611990897840215,2.2,0.7968859478924474,0.49764879397308504,1.0961231018118096,-0.33905441973310957,-0.05128261684551738,1015.3380959914306,1012.2760786859099,1013.5725950341608,-3.0,-1.3774256239503566,0.08090927569935502,90.2667237610551,95.82386553323896,93.30364933226592,6.5,2.903160769641839,-0.38294456866880466,3.393987489205546,3.4426544542751953,3.853302576275105,0.0,-0.3199881540295262,-0.09065996797038345,2.934141443147014
2026-09-04 02:00:00,12.195743718964163,14.318521163746935,13.381895931785252,12.840139371138797,13.923652492431707,2.2,0.7968859478924474,0.49736007874963006,1.0964118170352646,0.923884637493023,0.1397392840692362,1015.5206449702755,1012.5636029818688,1013.8448787008944,-3.0,-1.3774256239503566,0.09614990492480047,90.03446351271852,97.65791653831448,94.23428189909623,6.5,2.903160769641839,0.5204738695764064,5.849281544843243,5.358694463821777,5.574857012622864,0.0,-0.3199881540295262,0.10382560522843942,6.026160383341248
2026-09-04 02:05:00,12.41861459274691,14.82165877110977,13.953265671969193,13.411349587133657,14.49518175680473,2.2,0.7968859478924474,0.49707164155307315,1.0967002542318216,0.4727686917037879,0.07150715124812912,1015.5626442547081,1012.534355030336,1013.9341829970986,-3.0,-1.3774256239503566,-0.022402342812256393,90.59426393011577,97.29045260843117,94.42746527513553,6.5,2.903160769641839,-0.04017343634620829,3.2159847537511244,2.9403998161942146,3.447222623039905,0.0,-0.3199881540295262,-0.18683465281616396,5.585912318232504
2026-09-04 02:10:00,12.32286281586617,14.544459600011216,13.854162051246222,13.312086489167026,14.396237613325418,2.2,0.7968859478924474,0.4967834815817552,1.0969884142031394,-0.7047079505576814,-0.10658839912745321,1015.4090452458221,1012.5498888225574,1013.9544021592118,-3.0,-1.3774256239503566,-0.027087712704087608,90.60994245135663,97.86965565024985,94.90777286793725,6.5,2.903160769641839,0.058722012670756385,5.103026221093866,5.058062811037216,5.182200427638296,0.0,-0.3199881540295262,0.19585053742844583,6.774402656227675
2026-09-04 02:15:00,12.220998492678081,14.942370325308035,14.102744299937294,13.560509307518439,14.64497929235615,2.2,0.7968859478924474,0.4964955980378621,1.0972762977470327,0.282575520910024,0.042740077478294225,1015.4592459245237,1012.2297798125072,1013.6962908193155,-3.0,-1.3774256239503566,-0.08908538285800205,90.00992226173035,95.13784758398432,92.83579379887703,6.5,2.903160769641839,-0.6011069845345531,1.4359465939580103,1.7696343289255285,2.320033568038207,0.0,-0.3199881540295262,-0.23041108508315222,10.509635919596708
2026-09-04 02:20:00,12.47205477831112,14.710736051749064,13.973478178590819,13.431083802694943,14.515872554486695,2.2,0.7968859478924474,0.49620799012739913,1.0975639056574957,-0.39423031667258,-0.059628074734201064,1015.2582237442676,1012.0340842149077,1013.4394214750859,-3.0,-1.3774256239503566,-0.02791163622782733,90.47921000771899,97.5213196892589,93.99647810143087,6.5,2.903160769641839,0.6216808181861921,2.5342639922378503,2.6733809095049845,2.8162084030867676,0.0,-0.3199881540295262,0.17716066044774292,6.9273535179562336
2026-09-04 02:25:00,12.54426936637097,14.75620774248692,13.951036874064028,13.408483161512473,14.493590586615584,2.2,0.7968859478924474,0.49592065706016536,1.0978512387247295,0.05477565490557623,0.008284920530444495,1015.4474338504889,1012.4745645172112,1013.7086947737207,-3.0,-1.3774256239503566,0.14329536744082816,90.77159219234046,97.26545294139287,94.38420845034521,6.5,2.903160769641839,-0.02191627859419043,3.9784604212382977,3.6282101740740833,3.937492433030032,0.0,-0.3199881540295262,0.010705895073577665,2.3145409222097357
2026-09-04 02:30:00,12.664442471590164,14.885679055478207,14.063294982697329,13.520581980270194,14.606007985124464,2.2,0.7968859478924474,0.4956335980497281,1.0981382977351666,0.16858055360887114,0.02549812488843095,1015.648886009386,1012.575154347315,1013.9230014619495,-3.0,-1.3774256239503566,0.02957850931579742,90.76056840238779,97.94211165902047,94.99167097111172,6.5,2.903160769641839,0.04727991826690925,9.143599692967609,9.10150482455346,9.231431912989596,0.0,-0.3199881540295262,0.1900610655933903,5.332063429727933
2026-09-04 02:35:00,12.40994159984696,14.482379861274971,13.755713980553722,13.212841734989928,14.298586226117516,2.2,0.7968859478924474,0.49534681231339833,1.0984250834714964,-0.4642591504265461,-0.07022006717119744,1015.6153002301776,1012.5212429379729,1013.9449183648833,-3.0,-1.3774256239503566,-0.04624980296000558,90.81463190999251,98.04652614847079,95.22196044554826,6.5,2.903160769641839,-0.07859506671931626,3.7850763179148696,4.390418252552779,5.1587173218943665,0.0,-0.3199881540295262,-0.448310915312061,29.46926011086858
2026-09-04 02:40:00,12.126327914715974,14.314760592240455,13.51807275710097,12.975041315098322,14.06110419910362,2.2,0.7968859478924474,0.4950602990722052,1.0987115967126895,-0.0013098201423549227,-0.00019811275296177655,1015.6172558034107,1012.3520472955345,1013.7941020579902,-3.0,-1.3774256239503566,-0.06462913850543828,90.6879819059948,97.24060965757461,94.57117273464962,6.5,2.903160769641839,-0.2337238467168561,5.7444458784503,5.777812878902557,5.834888474083658,0.0,-0.3199881540295262,0.26291255884842535,10.609157088388123
2026-09-04 02:45:00,12.298402769548462,14.723960374970792,13.829298796452163,13.286108204667403,14.372489388236922,2.2,0.7968859478924474,0.49477405755087195,1.0989978382340229,0.6464424349846087,0.09777563062618277,1015.5622998190609,1012.5652316957805,1013.891412361039,-3.0,-1.3774256239503566,0.05124495869188195,90.30113008159026,96.32046637031353,93.56511793059592,6.5,2.903160769641839,-0.14781232992423554,2.984671903593953,2.8864742310722344,3.3766541149823963,0.0,-0.3199881540295262,-0.17019172988063547,5.549193994552942
2026-09-04 02:50:00,12.772671801941456,14.99546593556701,14.174835188003247,13.631485493052125,14.718184882954368,2.2,0.7968859478924474,0.49448808697779056,1.0992838088071042,0.15698846450229453,0.023744799671316486,1015.5682089996035,1012.5602957334033,1013.9365473769473,-3.0,-1.3774256239503566,0.001173980406406372,90.33101152120759,97.45476846695118,94.19542680857757,6.5,2.903160769641839,0.356180888731771,2.027241987543908,2.174763879770774,2.409235144368611,0.0,-0.3199881540295262,0.08551688943168934,1.755211529976716
2026-09-04 02:55:00,12.017435985402372,14.058744039425678,13.448576647929439,12.905067896386765,13.992085399472113,2.2,0.7968859478924474,0.49420238658499854,1.0995695091998963,-1.234487545419654,-0.18671855639620816,1015.4801522089255,1012.5781740562182,1013.9611614801023,-3.0,-1.3774256239503566,-0.005561799933730072,89.93533282258821,96.3872092230641,93.66907438266587,6.5,2.903160769641839,-0.18502592924360783,1.3508049923447107,1.5798229162193018,1.8880255149778238,0.0,-0.3199881540295262,0.011785555271004222,3.8872180315771216
2026-09-04 03:00:00,12.549593307660412,14.564576383564685,13.638151827521533,13.094484065921236,14.18181958912183,2.2,0.7968859478924474,0.4939169556081542,1.0998549401767406,0.8564429883107767,0.12953860815070506,1015.695908127224,1012.7062440471922,1014.0630794882995,-3.0,-1.3774256239503566,0.020590182842965987,91.46469498313678,97.26646702031466,94.16529537861564,6.5,2.903160769641839,0.19801087205718204,3.32028113499229,3.1834306307482723,3.410971140039962,0.0,-0.3199881540295262,0.09244764473783684,3.243290891674312
2026-09-04 03:05:00,12.306452692000263,14.416412313667093,13.63119216148607,13.087365436321265,14.175018886650873,2.2,0.7968859478924474,0.4936317932865127,1.1001401024983821,-0.07712827150721324,-0.011665795711422788,1015.666043648289,1012.646153036553,1014.0502327922529,-3.0,-1.3774256239503566,-0.0266541317496376,90.56192671963362,96.32580493446747,93.62144081372303,6.5,2.903160769641839,-0.19879664889739956,2.278173859424077,2.428946291735508,2.853588128955775,0.0,-0.3199881540295262,-0.10465368319074075,1.8594182943763742
2026-09-04 03:10:00,12.54067793881197,14.755450625694147,13.909781673396136,13.365796031119176,14.453767315673096,2.2,0.7968859478924474,0.49334689886290306,1.1004249969219917,0.3225282614066103,0.048783004405564157,1015.6885424642086,1012.8650925597271,1014.2030648075806,-3.0,-1.3774256239503566,0.039453376096844295,90.45925450947686,95.77752297642697,92.95636398037347,6.5,2.903160769641839,-0.08200177358834537,2.404784381758678,2.306117532757435,2.6015276778745933,0.0,-0.3199881540295262,0.02457800891236772,0.5459697949849422
2026-09-04 03:15:00,13.10965542205591,15.548372729151163,14.658848607316653,14.114704094339194,15.202993120294112,2.2,0.7968859478924474,0.4930622715837039,1.100709624201191,0.6124762003795112,0.09263817394206342,1015.5478019712433,1012.350931875726,1013.8594131888129,-3.0,-1.3774256239503566,-0.13105568913658772,90.14714087769343,96.23890795004299,93.1500083240587,6.5,2.903160769641839,0.18573885634243936,6.577699139290121,6.793497419838952,6.907188996491337,0.0,-0.3199881540295262,0.2062965773771417,9.071806116666895
2026-09-04 03:20:00,12.747485429944263,14.679387701670974,14.099045851187283,13.55474251388034,14.643349188494225,2.2,0.7968859478924474,0.4927779106988209,1.100993985086074,-1.4316787599728809,-0.21654409740875558,1015.3158961160763,1012.3963544989034,1013.748162844067,-3.0,-1.3774256239503566,0.025617278786739917,92.05402526822822,99.43617890508771,95.87270455967824,6.5,2.903160769641839,0.6603135757676313,0.6949361200717749,0.74584406746316,1.530258984144929,0.0,-0.3199881540295262,-0.4644267626522428,38.050428922006134
2026-09-04 03:25:00,12.766039870971069,14.90207461539332,14.052728837324103,13.50826672201811,14.597190952630097,2.2,0.7968859478924474,0.49249381546166304,1.1012780803232318,0.34683755186406096,0.05245983017676892,1015.8159802132209,1012.5653081385016,1013.8678270382131,-3.0,-1.3774256239503566,0.07490672423875822,90.0508329797904,96.69309681955475,94.58406003463682,6.5,2.903160769641839,-0.7941239847239103,4.968347940537259,5.112938288653127,4.98151481103163,0.0,-0.3199881540295262,0.45141163165102327,33.23272490392718
2026-09-04 03:30:00,12.283560726797235,14.512422730684252,13.751503582768265,13.206882735753137,14.296124429783394,2.2,0.7968859478924474,0.49220998512912056,1.1015619106557741,-0.23779407615665704,-0.03596679997646035,1015.5925066838882,1012.4667524018881,1013.8578865764284,-3.0,-1.3774256239503566,-0.013708550589967672,90.33916467832495,96.41535051358652,93.63959698943158,6.5,2.903160769641839,-0.12740724548690707,3.799251896403824,3.5714968325535725,4.134088064144864,0.0,-0.3199881540295262,-0.2426030775617649,8.639196072431737
2026-09-04 03:35:00,13.209629491155697,15.042888337629812,14.131152090258826,13.586372557784014,14.67593162273364,2.2,0.7968859478924474,0.4919264189615414,1.1018454768233534,0.7593314078174398,0.11485029947853853,1015.5483510856137,1012.3664525157202,1013.7705968033714,-3.0,-1.3774256239503566,-0.026718663700876277,90.82643270890608,97.97031745945014,94.6327720313099,6.5,2.903160769641839,0.43438465849840213,4.622401507972703,4.3760155927508455,4.610793972659785,0.0,-0.3199881540295262,0.08520977412058706,3.4805529121568037
2026-09-04 03:40:00,13.25650035945886,15.28978070286558,14.478026044327658,13.933087872602208,15.022964216053108,2.2,0.7968859478924474,0.49164311622270923,1.1021287795621855,0.09830430602375806,0.014868710645474792,1015.7958283727103,1012.913119753028,1014.1609087669395,-3.0,-1.3774256239503566,0.12963661003880134,90.92188934745825,96.75590805007954,94.10504414039816,6.5,2.903160769641839,-0.2522968599604667,5.002986008917095,5.2866352003149135,5.592130505321897,0.0,-0.3199881540295262,0.014492849022542664,2.253441738589004
2026-09-04 03:45:00,13.954306068521262,16.018328360574024,15.159189080833983,14.6140923160266,15.704285845641365,2.2,0.7968859478924474,0.49136007617982114,1.1024118196050736,0.4115871732837171,0.06225333184759485,1015.6477401440133,1012.637928608974,1014.1036467445025,-3.0,-1.3774256239503566,-0.08829251157817453,91.14921315499186,97.72549337445808,94.6339335030103,6.5,2.903160769641839,0.18839910180594188,3.372340361619973,3.348521447204325,3.797155983719586,0.0,-0.3199881540295262,-0.12864638248573446,3.822618635228028
2026-09-04 03:50:00,13.060072731539888,15.10087865676979,14.526842531061993,13.981587219301094,15.072097842822892,2.2,0.7968859478924474,0.49107729810346556,1.1026945976814293,-1.4733689853630452,-0.22284982218464933,1015.8810554160028,1012.8790299293139,1014.2310671931793,-3.0,-1.3774256239503566,0.025388360084889428,91.5118778704522,97.86817357227179,94.96327237621247,6.5,2.903160769641839,0.0017404264174700756,3.2525044144427966,3.3380148370726053,3.5730247353626847,0.0,-0.3199881540295262,0.08497825573944695,6.355675417745751
2026-09-04 03:55:00,13.368468213290837,15.606846122295169,14.705600042675112,14.160186230048886,15.251013855301338,2.2,0.7968859478924474,0.49079478126759996,1.1029771145172949,0.6899757867810141,0.10436013172760994,1015.8310155180692,1012.6650055699098,1014.107078329599,-3.0,-1.3774256239503566,-0.06464713573882364,90.88266306540382,98.0059675658745,95.13937088799423,6.5,2.903160769641839,-0.03656409176157638,6.3238348683414,6.231916240215444,6.419828646242909,0.0,-0.3199881540295262,0.13207574800206157,4.113765540149302
2026-09-04 04:00:00,13.481590069017926,15.649478147117566,14.841425209676792,14.29585294223326,15.386997477120325,2.2,0.7968859478924474,0.49051252494952935,1.1032593708353655,0.0738304204108644,0.011166989548327066,1015.8583639397103,1012.8134099153204,1014.1601481326815,-3.0,-1.3774256239503566,0.030687406589322563,90.10944091306193,95.34765821632634,93.01099451151777,6.5,2.903160769641839,-0.5664970648332712,7.874979011467176,8.14459704367127,8.512498032934701,0.0,-0.3199881540295262,-0.047912835233905327,2.0948308479015734
2026-09-04 04:05:00,14.117209532198764,16.206152311678554,15.342214109010774,14.796483432757848,15.8879447852637,2.2,0.7968859478924474,0.4902305284298849,1.1035413673550099,0.443315195929479,0.06705225477533361,1015.5693488429281,1012.4548290474318,1013.9101570757342,-3.0,-1.3774256239503566,-0.07790240435213036,90.5530354765543,96.37287727990258,93.08724935462492,6.5,2.903160769641839,0.38246715563582256,2.5437920483324308,2.3614490543235336,3.0238783241717773,0.0,-0.3199881540295262,-0.3424411158187173,18.635937658657124
2026-09-04 04:10:00,13.555821826438319,15.841414351748845,15.155037325366532,14.609148286272069,15.700926364460996,2.2,0.7968859478924474,0.4899487909926023,1.1038231047922924,-0.7306284383033592,-0.11050892151013336,1015.9755805216255,1013.0330987738536,1014.2613829371246,-3.0,-1.3774256239503566,0.14914146067928868,90.79653294620914,95.98593641893352,93.0168065344933,6.5,2.903160769641839,0.06596911479837786,1.7627323077117367,1.7220519357414719,1.8114937247392051,0.0,-0.3199881540295262,0.23054636503179293,11.377232070425153
2026-09-04 04:15:00,13.816536194234162,16.361151137763414,15.490970454970148,14.944923098962011,16.037017810978284,2.2,0.7968859478924474,0.48966731192490043,1.1041045838599943,0.48458728005534013,0.07329473490081995,1015.8537372830938,1012.7050736127941,1014.1646990721911,-3.0,-1.3774256239503566,-0.08219983544665865,91.69482097631078,97.98714359886337,94.65391588716086,6.5,2.903160769641839,0.4300669420606624,8.306242995688521,8.54204083949946,8.522404487832576,0.0,-0.3199881540295262,0.3396245056964098,18.72992924401012
2026-09-04 04:20:00,14.062303457977404,16.590154761325753,15.787138909595813,15.240933282561931,16.333344536629696,2.2,0.7968859478924474,0.4893860905172608,1.104385805267634,0.040527787318289654,0.0061299038374933446,1015.781211465861,1012.9806806206418,1014.3132682532253,-3.0,-1.3774256239503566,0.04483799136687594,89.97881208471378,97.44795408761972,94.79276433659703,6.5,2.903160769641839,-0.24797101861915394,3.609199169058692,3.961089478807972,4.79367735553339,0.0,-0.3199881540295262,-0.5125997226958918,38.03610876699876
2026-09-04 04:25:00,14.011187990082211,15.826633635669745,15.18816242748468,14.641798575273102,15.73452627969626,2.2,0.7968859478924474,0.489105126063406,1.1046667697214887,-1.0473571933830197,-0.15841473970738207,1015.8815330481814,1012.6301959807378,1014.0984724796963,-3.0,-1.3774256239503566,-0.09085087500818645,91.27546969265843,97.3711119249356,94.61113541247745,6.5,2.903160769641839,-0.143184257183691,4.9237735143115335,4.766645727003529,4.860869251189388,0.0,-0.3199881540295262,0.22576462984366774,10.952598592983463
2026-09-04 04:30:00,13.8785036023039,16.19391803907093,15.299088070242306,14.752566038661257,15.845610101823354,2.2,0.7968859478924474,0.48882441786027975,1.1049474779246151,0.6475557455439329,0.09794402093617549,1015.6184527046948,1012.4974747298263,1013.8992328202381,-3.0,-1.3774256239503566,-0.024332466461487456,90.75495753411825,96.84641038356173,94.06845286224842,6.5,2.903160769641839,-0.1252032483285319,3.671321151599895,4.25922634618666,4.616342600703056,0.0,-0.3199881540295262,-0.03712810048686954,1.3580206338139065
2026-09-04 04:35:00,14.258328513306164,16.422723855293395,15.57820447325564,15.031524308073589,16.124884638437692,2.2,0.7968859478924474,0.48854396520802584,1.1052279305768689,0.3149278911152962,0.04763343414530752,1015.9725607207466,1013.2241407972415,1014.4053182120281,-3.0,-1.3774256239503566,0.1962482091637412,89.97376912541313,97.17114866476044,94.15029115238328,6.5,2.903160769641839,0.11769674273531905,2.016699101395587,2.110671609503672,2.512093927433772,0.0,-0.3199881540295262,-0.08143416390057423,5.549730192265531
2026-09-04 04:40:00,14.736791544853595,16.967822613426666,16.116211738630913,15.569373485576616,16.66304999168521,2.2,0.7968859478924474,0.4882637674099679,1.1055081283749268,0.36181321230214536,0.05472492690330455,1015.7848105360812,1012.7195397238869,1014.2313490738168,-3.0,-1.3774256239503566,-0.1343837259795464,86.04006492015614,93.39490456692037,91.19448437945152,6.5,2.903160769641839,-0.7027405821729928,5.188600167208746,4.8757216886661245,4.9781096813414285,0.0,-0.3199881540295262,0.21760016135422244,11.62340459817784
2026-09-04 04:45:00,14.026356598981236,16.146699992272726,15.538732488789352,14.991736193551919,16.085728784026784,2.2,0.7968859478924474,0.4879838237725894,1.1057880720123054,-1.2490320792122063,-0.18891844440907235,1015.7659116899328,1012.568679890272,1014.004146016265,-3.0,-1.3774256239503566,-0.058040502042672415,89.2389408847413,95.66808403092627,92.03419567170403,6.5,2.903160769641839,0.7307275895803969,4.746398185057492,4.857113799634482,5.2974605523093725,0.0,-0.3199881540295262,-0.12035859864536391,8.96177984268877
2026-09-04 04:50:00,14.6226973010627,16.84621502704014,15.913668161522065,15.366513869751017,16.460822453293112,2.2,0.7968859478924474,0.48770413360551346,1.1060677621793813,0.896920565590035,0.13566091762562849,1015.7717573581737,1012.8046180925543,1014.1054600889879,-3.0,-1.3774256239503566,0.07658362751669756,87.19355983158826,94.24133171482818,91.48097124863796,6.5,2.903160769641839,-0.1428003034516223,2.6198279899616086,2.5049282256165712,2.935560454984635,0.0,-0.3199881540295262,-0.11064407533853782,4.452064377257308
2026-09-04 04:55:00,14.424874585839898,16.655156065054303,15.902596982235117,15.35528473954044,16.449909224929794,2.2,0.7968859478924474,0.48742469622148277,1.106347199563412,-0.29306654848125646,-0.04432686507326267,1016.2000736075904,1013.1287647712583,1014.4201745866063,-3.0,-1.3774256239503566,0.08601580860226932,90.57288535803777,96.21132172533541,92.87543064790474,6.5,2.903160769641839,0.43273030778883026,4.264685427068207,4.3949059732231595,4.522791179264605,0.0,-0.3199881540295262,0.19210294798808114,7.2603366488536585
2026-09-04 05:00:00,15.321164402077555,17.405374050607772,16.506830114566313,15.959359966518516,17.05430026261411,2.2,0.7968859478924474,0.48714551093634034,1.1066263848485545,0.6721105962070375,0.10165798814901095,1015.9736535900427,1012.8482730517,1014.3187449614309,-3.0,-1.3774256239503566,-0.09304628578058782,83.8263017128347,91.42868117997504,89.55095659511868,6.5,2.903160769641839,-1.0254361847854767,6.944587436055902,6.9317305617578,7.220300030547449,0.0,-0.3199881540295262,0.031418685239877675,7.602461096424398
2026-09-04 05:05:00,14.374844464740116,16.39557095517508,15.81187703667648,15.264249028806653,16.359505044546307,2.2,0.7968859478924474,0.48686657706900976,1.106905318715885,-1.409516601611795,-0.21319202939384496,1016.3348384925331,1013.1704578709133,1014.4966357665035,-3.0,-1.3774256239503566,0.0512477283601811,90.69262423852913,98.91158927367877,94.32386057346262,6.5,2.903160769641839,1.6845679305743033,5.196373499975177,5.218655607032221,5.733501814778441,0.0,-0.3199881540295262,-0.1948580537166933,25.101068572113128
2026-09-04 05:10:00,14.904214596838218,17.014475460314323,16.08373927265105,15.535953450450918,16.631525094851185,2.2,0.7968859478924474,0.4865878939414757,1.107184001843419,0.8849492901920897,0.13385023977082255,1016.0630549371384,1013.4783109779823,1014.802473076251,-3.0,-1.3774256239503566,0.05326352568170023,86.68660660283507,93.60357923578604,91.97458724831259,6.5,2.903160769641839,-1.2741687821683882,1.7560525554885955,1.4825745425127517,1.8907648352223887,0.0,-0.3199881540295262,-0.08820213868011084,11.664264897810384
2026-09-04 05:15:00,15.42496156790954,17.671813420800895,16.775893641262137,16.227950050184116,17.323837232340157,2.2,0.7968859478924474,0.48630946087876487,1.10746243490613,0.6547610162705766,0.09903383164630952,1015.9279191080542,1012.8901863230266,1014.4430832733366,-3.0,-1.3774256239503566,-0.1754713263596841,79.9967547738741,84.82928947679986,83.69649170939772,6.5,2.903160769641839,-1.770363002239705,4.9012396371532345,5.1982580063681425,5.182497731218387,0.0,-0.3199881540295262,0.33574842917928205,36.659530694772755
2026-09-04 05:20:00,16.049146798337468,18.36894606667432,17.541171684656877,16.99307037011414,18.089272999199615,2.2,0.7968859478924474,0.4860312772089267,1.107740618575968,0.20421851989849316,0.03088843412499287,1016.0591319089726,1012.7702968049227,1014.176553561898,-3.0,-1.3774256239503566,-0.028831133024937117,82.04635938445581,88.09977517453758,83.67185676495308,6.5,2.903160769641839,1.5247576399426634,6.0578508585888144,5.711012648443504,6.170511151208542,0.0,-0.3199881540295262,-0.13951034873551116,14.91775000794726
2026-09-04 05:25:00,15.548000654122854,17.918670449590884,17.296240088730414,16.747981096096936,17.844499081363892,2.2,0.7968859478924474,0.48575334226301464,1.10801855352188,-1.1534110673116977,-0.1744555870319786,1016.4565945093743,1013.6806509732252,1014.8076463298942,-3.0,-1.3774256239503566,0.250430267281331,84.67540333871266,91.66566359604812,87.44145003699278,6.5,2.903160769641839,1.3210527894134998,6.899387062601107,6.566757593979609,6.885149525183689,0.0,-0.3199881540295262,0.0015962228254462474,19.177546844383905
2026-09-04 05:30:00,15.50602287243377,17.607184867820386,16.873451228467125,16.325034603077746,17.421867853856504,2.2,0.7968859478924474,0.4854756553750675,1.1082962404098273,-0.4175307471352738,-0.06315230853918763,1016.2945048568174,1013.386165492584,1014.8533923025126,-3.0,-1.3774256239503566,-0.08980118597821729,81.16620122997476,87.32901483224167,85.46412466252276,6.5,2.903160769641839,-1.0382705999229387,5.4775973977629455,5.587805502507192,5.982061399092519,0.0,-0.3199881540295262,-0.07426774255580071,7.647286298760548
2026-09-04 05:35:00,16.636739801162477,18.893508714623025,17.857333171097398,17.30875895824787,18.405907383946925,2.2,0.7968859478924474,0.4851982158820904,1.1085736799028043,1.5820603546807455,0.23928959563317775,1016.2843939961864,1013.1694240315335,1014.6479792438091,-3.0,-1.3774256239503566,-0.10112958832530694,77.75227137136048,85.27003021476055,82.80653747977797,6.5,2.903160769641839,-0.4396680346592632,2.2385140673273876,2.7193673414807784,3.121508409333143,0.0,-0.3199881540295262,-0.08215291382283807,9.153317037982948
2026-09-04 05:40:00,15.463550976965644,17.856051495356304,17.292082354322307,16.74335059926937,17.840814109375245,2.2,0.7968859478924474,0.48492102312403673,1.1088508726608581,-1.5399267364489653,-0.2329168068584515,1016.4414898896677,1013.3015220263648,1014.6508173429892,-3.0,-1.3774256239503566,0.028130307325909598,81.68539921766227,88.65592502921096,84.75616168584125,6.5,2.903160769641839,0.9966025737278699,6.120766142253976,6.014988213134654,6.060970019065138,0.0,-0.3199881540295262,0.274006348099042,21.643729815219242
2026-09-04 05:45:00,15.323950825795317,17.757069804824145,16.96053510411439,16.411645852075804,17.509424356152973,2.2,0.7968859478924474,0.48464407644378965,1.1091278193411052,-0.002322266628272729,-0.0003512471826923047,1016.545724815913,1013.6467457353367,1014.9341339433294,-3.0,-1.3774256239503566,0.09003741595768133,83.39399931517438,89.32881891456175,86.2673385678023,6.5,2.903160769641839,0.15831957711760936,5.849585144433183,6.059876841244373,6.521168171815567,0.0,-0.3199881540295262,-0.14130317654166813,3.8812720465462665
2026-09-04 05:50:00,16.542363559936963,18.73059698911066,17.736422968092704,17.187376264247323,18.285469671938085,2.2,0.7968859478924474,0.4843673751871438,1.109404520597751,1.3043677812958094,0.197288073125506,1016.6931710104045,1013.6561332612811,1015.0526452972478,-3.0,-1.3774256239503566,-0.01908641201634964,75.28209105310454,81.80790290172153,80.59775994764034,6.5,2.903160769641839,-1.6930178155606512,0.8649205693988695,1.1869226224579332,1.7330303643733664,0.0,-0.3199881540295262,-0.22611958788590703,26.182855387692104
2026-09-04 05:55:00,16.330518345560854,18.48633200057293,17.78371238918657,17.234508278674387,18.33291649969875,2.2,0.7968859478924474,0.4840909187027876,1.1096809770821072,-0.6232407780733524,-0.09426633650608807,1016.8000824290003,1013.5111857562335,1014.9566892790422,-3.0,-1.3774256239503566,-0.06807789885829152,75.27693584034094,81.06186926382966,77.89160789479524,6.5,2.903160769641839,0.26710059939257746,4.006323553227846,4.250728884416066,4.214806081080071,0.0,-0.3199881540295262,0.3559109573655217,19.897620653229087
2026-09-04 06:00:00,16.289855655795044,18.52808050256232,17.760717366393997,17.211355894316206,18.31007883847179,2.2,0.7968859478924474,0.483814706342285,1.1099571894426097,-0.19518972341380803,-0.02952281172412441,1016.5882358915127,1013.8563218862034,1015.1668322181691,-3.0,-1.3774256239503566,0.06691529198462831,77.90047048844946,84.2544025857195,80.09434409867922,6.5,2.903160769641839,1.256897717398445,3.4997059831561637,3.4063434964040593,3.8908778899366308,0.0,-0.3199881540295262,-0.16454623950304503,12.572724872699151
2026-09-04 06:05:00,17.15065446680785,19.120712972228368,18.239695843790795,17.690177055209844,18.789214632371745,2.2,0.7968859478924474,0.483538737460058,1.1102331583248368,0.5562323133220204,0.0841311805451248,1016.5048353400165,1013.4397367706841,1014.9262658852009,-3.0,-1.3774256239503566,-0.10910349056644009,73.88345568257073,79.93978109022468,77.79188080931485,6.5,2.903160769641839,-0.7552604887320058,5.786466817865173,5.45915280270695,5.66631829746229,0.0,-0.3199881540295262,0.11282265927418678,6.82289101433169
2026-09-04 06:10:00,17.13567659440611,19.29695469219901,18.520257582546055,17.9705815224857,19.06993364260641,2.2,0.7968859478924474,0.48326301141336886,1.1105088843715258,-0.13347826720695366,-0.0201888382394948,1016.7054077131364,1013.9297434736088,1015.1946199815759,-3.0,-1.3774256239503566,0.11254911598325634,73.03617078703849,80.47598022722492,77.32868305660583,6.5,2.903160769641839,0.2441364009772542,2.7141232441973644,2.051858974495958,2.6048391453618223,0.0,-0.3199881540295262,-0.23299201683633797,9.506943374232975
2026-09-04 06:15:00,16.985176677669315,19.33409395736394,18.58016946960556,18.03033618305092,19.130002756160202,2.2,0.7968859478924474,0.48298752756230284,1.110784368222592,-0.28403918974188613,-0.04296146013406954,1016.872289936663,1014.0640551803579,1015.4185970951353,-3.0,-1.3774256239503566,0.022883709172901945,74.3488174673681,82.54162711283288,79.04670955005153,6.5,2.903160769641839,0.5917567931395098,5.199542529128855,5.120690379290137,5.159815082972616,0.0,-0.3199881540295262,0.28086345034704685,13.308802672405443
2026-09-04 06:20:00,16.873070837214215,19.201460263102955,18.446770135882936,17.896779667780557,18.996760603985315,2.2,0.7968859478924474,0.4827122852697506,1.1110596105151442,-0.2789771734221276,-0.04219582067242911,1016.7566271357587,1013.6064757040863,1015.1260195687574,-3.0,-1.3774256239503566,-0.14211824072083346,75.56555460752902,80.92060394094042,78.42568961959256,6.5,2.903160769641839,-0.4082464482939798,8.59869610238298,8.952122312951634,9.23107612237615,0.0,-0.3199881540295262,0.04103434460500921,3.5360727198621458
2026-09-04 06:25:00,17.910217082558734,20.056163561685956,19.122665198018495,18.57251759327639,19.6728128027606,2.2,0.7968859478924474,0.48243728390139123,1.1113346118835035,0.9032113844436687,0.13661241577501215,1016.8276672469526,1013.9826457266071,1015.2769233631817,-3.0,-1.3774256239503566,0.08314798737569618,70.65696178806708,75.61838875909928,73.79281288063517,6.5,2.903160769641839,-1.077584891177736,6.953770096845711,6.616520301417131,7.219317513313476,0.0,-0.3199881540295262,-0.2828090578668192,20.124043769436256
2026-09-04 06:30:00,17.998936939303526,20.242480579520958,19.478073808339417,18.927769111827132,20.028378504851702,2.2,0.7968859478924474,0.4821625228256753,1.1116093729592196,-0.21473569584600583,-0.03247917671090761,1017.0949415483384,1013.9972251658588,1015.3661114856351,-3.0,-1.3774256239503566,0.008539304174064455,70.28464927287078,76.58851133538967,73.03483563170666,6.5,2.903160769641839,0.6505149340411691,8.772661044950596,8.982723999206225,9.095966802664456,0.0,-0.3199881540295262,0.2067453505712944,8.393230398589271
2026-09-04 06:35:00,17.878312144562017,19.91338207650388,19.22991235136473,18.679450607913402,19.78037409481606,2.2,0.7968859478924474,0.48188800141380744,1.1118838943710874,-0.7498500263701366,-0.1134162227533011,1017.1102681038175,1013.8302630157968,1015.2611298677082,-3.0,-1.3774256239503566,-0.05344122796100237,71.14251819224302,76.42778563318006,73.14288815472901,6.5,2.903160769641839,0.38173670880921406,10.777726680620006,10.492680921604444,10.839682390942698,0.0,-0.3199881540295262,-0.027013315308728636,2.531976351216512
2026-09-04 06:40:00,18.837189262989632,21.177887692634638,20.18671995741289,19.63610121181529,20.73733870301049,2.2,0.7968859478924474,0.4816137190397301,1.1121581767451647,1.284491758017694,0.1942817873292988,1017.198707545257,1014.1350178203537,1015.445675562104,-3.0,-1.3774256239503566,0.06676788219999708,66.21321337741162,72.75018266034836,70.42789855438498,6.5,2.903160769641839,-0.5808766636784668,0.5696540140814781,0.6014757869975296,1.4296695533517703,0.0,-0.3199881540295262,-0.5082056123247145,43.07566713919528
2026-09-04 06:45:00,17.85240007394898,20.036835786721685,19.49813612524069,18.947360422251283,20.0489118282301,2.2,0.7968859478924474,0.4813396750801068,1.1124322207047879,-1.7069956041046481,-0.2581862864114548,1017.1582313819448,1014.2178770072112,1015.586699926481,-3.0,-1.3774256239503566,0.008602704680583884,71.90324037450804,79.00238926555278,74.59130907116638,6.5,2.903160769641839,1.507919424744557,5.430324827756388,5.6426623120028925,5.302734672650734,0.0,-0.3199881540295262,0.6599157933816846,80.88284143926428
2026-09-04 06:50:00,17.853391936732905,19.998201646393678,19.181574281878188,18.63064166621319,19.732506897543185,2.2,0.7968859478924474,0.481065868914305,1.1127060268705897,0.13052014443797688,0.01974141662304163,1017.3176210243871,1014.2482105271877,1015.6464185826544,-3.0,-1.3774256239503566,-0.020782431516408906,69.52275219416546,77.21806571197892,74.85686097259203,6.5,2.903160769641839,-0.5419560302549513,4.013330433793957,3.8154818027424287,4.420109796604979,0.0,-0.3199881540295262,-0.2846398398330243,13.159141219437469
2026-09-04 06:55:00,18.371195693546255,20.498850926327577,19.57235305693534,19.021263573272773,20.12344254059791,2.2,0.7968859478924474,0.4807922999243806,1.1129795958605142,0.8569276986582786,0.12961192149978729,1017.2956374760564,1014.2495802249176,1015.6498721233087,-3.0,-1.3774256239503566,-0.022866274440730194,68.65918195863077,75.32029760560299,73.05931998092315,6.5,2.903160769641839,-0.6421831449620043,7.709960424782428,7.761105828991502,7.854528058360521,0.0,-0.3199881540295262,0.22656592466050718,11.278987413508904
2026-09-04 07:00:00,18.81519015953845,21.002611386158478,20.14919653853407,19.59795023151381,20.70044284555433,2.2,0.7968859478924474,0.48051896749506123,1.1132529282898336,0.3737401574983359,0.056528899731958404,1017.6517635597553,1014.8232984664946,1016.0835622680477,-3.0,-1.3774256239503566,0.11716182239729278,67.23690582044611,73.58238164056645,70.92972932188769,6.5,2.903160769641839,-0.25050845096308194,2.9623747846555633,2.8378473836379645,3.5359224000538596,0.0,-0.3199881540295262,-0.3780868623863687,22.587361669611486
2026-09-04 07:05:00,19.117254046205186,21.227678517218795,20.466797963037937,19.91539487726177,21.018201048814102,2.2,0.7968859478924474,0.48024587101372995,1.113526024771165,-0.23804923818376977,-0.03600539371159073,1017.7593028980109,1014.7752769950545,1016.2056367302962,-3.0,-1.3774256239503566,-0.05293411129139258,66.02841397422347,70.945706040965,68.24347026904236,6.5,2.903160769641839,-0.20092499771919847,10.951589122903105,11.163133720584558,10.909262749684926,0.0,-0.3199881540295262,0.5738591249291574,47.64558444508141
2026-09-04 07:10:00,19.110864456484904,21.442493063685415,20.672110070799572,20.12055025083126,21.223669890767884,2.2,0.7968859478924474,0.47997300987040936,1.1137988859144854,-0.17522397614860452,-0.026502955006606044,1017.4146359216381,1014.2881411749454,1015.8271270167332,-3.0,-1.3774256239503566,-0.1615602178375184,65.40380835239348,71.92475647174213,68.3903387305078,6.5,2.903160769641839,0.6312569715924781,5.3640133863783355,5.434608536923727,6.358886211706784,0.0,-0.3199881540295262,-0.6042895207535306,57.13528919948129
2026-09-04 07:15:00,19.536486988721013,21.657430279117776,20.86715322177611,20.315436712141427,21.418869731410794,2.2,0.7968859478924474,0.47970038345774596,1.1140715123271487,-0.04369460235473355,-0.006608890550783286,1017.6413958701867,1014.7467004187367,1016.012367746512,-3.0,-1.3774256239503566,0.11175829617502586,63.901293815852185,70.45832362429175,67.61145798161957,6.5,2.903160769641839,-0.05629512696965833,6.908218962172711,6.925171264501492,6.948542941095481,0.0,-0.3199881540295262,0.29661647743553665,13.966651632029361
2026-09-04 07:20:00,19.084138379011375,21.60273119821685,20.845630280978785,20.293757126165584,21.397503435791986,2.2,0.7968859478924474,0.4794279911709941,1.1143439046139005,-0.2630382634961954,-0.039785030654382325,1017.6472506388142,1014.6769019738573,1016.0589575407812,-3.0,-1.3774256239503566,-0.0046299429735654485,65.75775994192283,72.76892539329302,69.28753138647261,6.5,2.903160769641839,0.5782332371785657,1.6452878147139867,2.11279280275658,2.6851144563752065,0.0,-0.3199881540295262,-0.2523334995891,10.973158757126633
2026-09-04 07:25:00,20.35205035260408,22.845092453300357,21.86914802055459,21.317118265012848,22.421177776096332,2.2,0.7968859478924474,0.47915583240800025,1.1146160633768945,1.1838430722658657,0.17905848485331788,1017.8667189841146,1014.4884782638953,1015.9207996005654,-3.0,-1.3774256239503566,-0.05489571271971272,58.73053413459833,64.66374365337505,63.42799636724436,6.5,2.903160769641839,-1.6674134835111545,2.476080133535686,2.6747719762461766,2.7700299314678807,0.0,-0.3199881540295262,0.2247301988078223,25.220840444750223
2026-09-04 07:30:00,19.932092805017056,21.953784107046154,21.392032665365956,20.839846353507834,21.94421897722408,2.2,0.7968859478924474,0.47888390656918783,1.1148879892157069,-1.5545890297131706,-0.23513450621225118,1018.0457170090195,1015.1099699460852,1016.3428206396896,-3.0,-1.3774256239503566,0.14457493034592517,60.204091547527575,66.35604946733889,62.66387354309909,6.5,2.903160769641839,0.789015154597962,6.555130222489388,6.348024662651501,6.5227393242529965,0.0,-0.3199881540295262,0.14527349242803123,14.388536783633073
2026-09-04 07:35:00,20.602815859718113,22.81675671360397,21.888730109210524,21.336387285410417,22.44107293301063,2.2,0.7968859478924474,0.4786122130575413,1.1151596827273536,0.8670349121868242,0.13114065650099604,1017.9362429975383,1014.9950173036957,1016.4248760325443,-3.0,-1.3774256239503566,-0.05243310489822761,58.958998420033176,64.27659661578983,61.30735595640446,6.5,2.903160769641839,0.06607988974353418,0.8200687738634406,0.794309603624112,1.5296358966382666,0.0,-0.3199881540295262,-0.41533813898462846,26.762341759830885
2026-09-04 07:40:00,20.48438424581476,22.55425292154752,21.832292190554202,21.279792899148795,22.38479148195961,2.2,0.7968859478924474,0.4783407512785915,1.1154311445063032,-0.49536719266174956,-0.0749252168991319,1018.11224112344,1015.1152592928771,1016.5087875401704,-3.0,-1.3774256239503566,-0.01610262334293111,60.14630198552072,64.81326774001347,61.51472321867033,6.5,2.903160769641839,0.3953837517013028,7.1660643862663,7.143294750742402,6.94447258198269,0.0,-0.3199881540295262,0.5188103227892382,39.83217434167524
2026-09-04 07:45:00,20.721760949983434,22.856431437345712,22.028103420226113,21.475447705514433,22.580759134937793,2.2,0.7968859478924474,0.47806952064039987,1.1157023751444948,0.20787887188232546,0.031442069227150427,1018.1980534039733,1015.3318084911338,1016.6870571720028,-3.0,-1.3774256239503566,0.022176943081262834,58.31535130234123,63.9285536297038,61.0765323253935,6.5,2.903160769641839,-0.05113946533153779,0.6518653397753439,0.6759612115629074,1.5438974578235456,0.0,-0.3199881540295262,-0.547948092231112,43.01404222990839
2026-09-04 07:50:00,20.959017590370188,23.559503083899145,22.676325394708627,22.123513300952098,23.229137488465156,2.2,0.7968859478924474,0.4777985205535437,1.115973375231351,0.5705168353968979,0.08629174129806927,1018.4790811937004,1015.3782221560514,1016.774791548464,-3.0,-1.3774256239503566,-0.019143768462299704,56.13612297859172,61.37986232718931,58.90827593127332,6.5,2.903160769641839,-0.4315743737258515,5.690231426125429,6.447584209107678,6.249179262656475,0.0,-0.3199881540295262,0.5183931004807292,40.130013896983776
2026-09-04 07:55:00,21.102446945217622,23.24093266179446,22.564017765957384,22.01104933737988,23.11698619453489,2.2,0.7968859478924474,0.4775277504311013,1.1162441453537935,-0.7931872034131509,-0.11997105205537295,1018.5588719282666,1015.6093468965897,1016.9636143594988,-3.0,-1.3774256239503566,0.02315816104123769,56.758225556554,63.52759539289049,59.960697036997246,6.5,2.903160769641839,0.6637375862514077,3.7070089636241916,3.8182645314374906,4.486984619255534,0.0,-0.3199881540295262,-0.34873193378851663,21.19886689909749
2026-09-04 08:00:00,21.372823580714304,23.644868788129788,22.80640654761697,22.25328182840486,23.35953126682908,2.2,0.7968859478924474,0.4772572096886368,1.116514686096258,0.2748811709729466,0.04157629262036977,1018.5417393669994,1015.3066954613244,1016.7834715731755,-3.0,-1.3774256239503566,-0.09935048790077872,55.090345624459104,61.175838379125615,58.664218544270895,6.5,2.903160769641839,-0.39154093478711616,5.34788070355746,4.737109932526027,4.921189919919651,0.0,-0.3199881540295262,0.135908166635903,4.706284502953054
2026-09-04 08:05:00,21.839800801750567,24.14806506055222,23.29908004916299,22.7457990834652,23.852361014860776,2.2,0.7968859478924474,0.47698689774418557,1.1167849980407092,0.3444523471910834,0.05209906349678306,1018.7790165008845,1015.8400800583943,1017.104191636984,-3.0,-1.3774256239503566,0.11331404536065293,54.038982027467334,60.1083923234075,57.32047215130572,6.5,2.903160769641839,-0.11524059754005833,6.05425809956491,5.89141840804982,6.187063453412009,0.0,-0.3199881540295262,0.024343108667338242,1.8709504682068838
2026-09-04 08:10:00,21.579104171297793,23.578978296801143,22.92683211648031,22.373394948408382,23.480269284552236,2.2,0.7968859478924474,0.47671681401824006,1.1170550817666547,-0.956945275513732,-0.14473976757161466,1018.7738593153132,1016.0668182696442,1017.4120140591077,-3.0,-1.3774256239503566,0.032229834486770415,56.89566839051822,62.60813795357805,59.0040733810394,6.5,2.903160769641839,0.7009038028968178,3.623457445736732,3.04374581948799,3.5452062931663098,0.0,-0.3199881540295262,-0.18147231964879396,9.55538309606333
2026-09-04 08:15:00,21.976320002602,24.00530090772016,23.131673197392182,22.578079871020307,23.685266523764057,2.2,0.7968859478924474,0.47644695793373454,1.1173249378511603,0.5073772621677115,0.07674176243552822,1018.9192645449317,1015.7700360920616,1017.2679212193591,-3.0,-1.3774256239503566,-0.12045950334720601,52.797561076402594,56.711508730392644,54.99737522173686,6.5,2.903160769641839,-1.1890272609860517,1.9076592206371368,1.8087197435233848,2.0574728111125076,0.0,-0.3199881540295262,0.07123508644040344,10.229355383793882
2026-09-04 08:20:00,21.84883025983736,23.807625785555736,23.04826906422346,22.494519623588552,23.60201850485837,2.2,0.7968859478924474,0.4761773289160312,1.1175945668688636,-0.24812404118773657,-0.03752922656017432,1019.3158727394801,1016.201902419682,1017.5068041190983,-3.0,-1.3774256239503566,0.072523924534039,56.88493731665521,64.59158591565325,59.860579097247296,6.5,2.903160769641839,1.8278460487641226,1.529268379454602,0.9330753105366735,1.2300258801985975,0.0,-0.3199881540295262,0.02303758436760217,17.979652461954387
2026-09-04 08:25:00,22.652477180229926,24.67528303345037,23.74596720910372,23.19206169820545,24.299872720001993,2.2,0.7968859478924474,0.4759079263929059,1.1178639693919887,0.8755585747849821,0.1324298764542,1019.3713622760306,1016.2648599595968,1017.6476278085308,-3.0,-1.3774256239503566,-0.005342224983678534,52.75560417640342,58.45538775818199,56.94665275977238,6.5,2.903160769641839,-1.3944257712322212,5.411616925585895,5.150139784265366,5.250386944082162,0.0,-0.3199881540295262,0.21974099421272975,18.740102455321615
2026-09-04 08:30:00,21.99719548162914,23.627189459765706,23.05406008684981,22.499998549650666,23.60812162404895,2.2,0.7968859478924474,0.47563874979453385,1.118133145990361,-1.4793639708105637,-0.22375657497655155,1019.0812941681422,1016.1007939020125,1017.5491247531673,-3.0,-1.3774256239503566,-0.07090522720454828,54.326707075362485,60.49677101948256,57.19845590746747,6.5,2.903160769641839,0.3951543423732531,4.962586120810509,4.5063696619202736,5.042297300243845,0.0,-0.3199881540295262,-0.21593948429404541,13.312452619328536
2026-09-04 08:35:00,23.178983865405968,25.487900345564693,24.373014054641676,23.818796535067026,24.927231574216325,2.2,0.7968859478924474,0.47536979855347544,1.1184020972314193,2.1024555378277654,0.3180003430305689,1019.5070321581159,1016.3475767171878,1017.6809081798607,-3.0,-1.3774256239503566,0.044094161277485,50.23537264111732,55.57145890888587,53.51447510353075,6.5,2.903160769641839,-0.8461769642867125,6.793259391058464,6.908507444448707,7.102723229173909,0.0,-0.3199881540295262,0.12577236930432445,16.85054864606456
2026-09-04 08:40:00,22.632850048006823,25.243688816258036,24.586468793640215,24.032095335578344,25.140842251702086,2.2,0.7968859478924474,0.47510107210466257,1.1186708236802323,-0.9233996266829507,-0.1396659252746275,1019.6109269701353,1016.674114076939,1017.9871079160289,-3.0,-1.3774256239503566,0.06443178486040324,51.20533802396025,58.48288229871276,54.641634789606286,6.5,2.903160769641839,0.9380867394646373,4.966082266702642,4.966244075491306,5.4682214897120325,0.0,-0.3199881540295262,-0.18198926019119988,11.77409996643893
2026-09-04 08:45:00,22.266276309054888,24.495840456862194,23.886852992523238,23.332323639825407,24.44138234522107,2.2,0.7968859478924474,0.4748325698853845,1.1189393258995102,-1.2422886199795862,-0.18789848355349292,1019.42382804292,1016.5508540347404,1017.9943010254685,-3.0,-1.3774256239503566,-0.066021366777818,51.77366253265814,58.388405682288,55.34008772639674,6.5,2.903160769641839,0.14515718624942764,4.3930239931942,4.483912685443819,4.743793101420662,0.0,-0.3199881540295262,0.060107738052683324,4.8443700792763575
2026-09-04 08:50:00,23.078786476065996,24.995532704197874,24.07442565900853,23.51974045548902,24.629110862528037,2.2,0.7968859478924474,0.47456429133527456,1.1192076044496202,0.8212863276747946,0.12422109729689623,1019.8258389484225,1016.9059910304406,1018.2364285174093,-3.0,-1.3774256239503566,0.046988136981667594,50.49157097922689,56.3304787510142,53.90446009202707,6.5,2.903160769641839,-0.4771421106547109,4.257962094437668,4.226596677867111,4.529308144161661,0.0,-0.3199881540295262,0.01727668773497637,3.090911015655223
2026-09-04 08:55:00,22.94328565127236,25.01473037469237,24.205511651391948,23.65067064082813,24.760352661955764,2.2,0.7968859478924474,0.4742962358962957,1.119475659888599,0.08153799994734712,0.012332775407973173,1020.0406708684097,1016.775408554564,1018.2143324350867,-3.0,-1.3774256239503566,-0.06149825657234942,51.33151696294246,57.517733273867236,54.29891083536851,6.5,2.903160769641839,0.3156616688568903,0.9860462734526259,0.5677569483913005,1.0395309792740464,0.0,-0.3199881540295262,-0.15178587685321965,4.23698232719894
2026-09-04 09:00:00,23.739246978546714,25.847471609541714,24.940706193365447,24.385709419497818,25.495702967233075,2.2,0.7968859478924474,0.4740284030127279,1.1197434927721668,0.7264668156810004,0.10987946828381823,1019.7484610752986,1016.8977362250723,1018.2716986472498,-3.0,-1.3774256239503566,0.003463201772888169,48.70413791437991,56.54668185207981,53.7804070957004,6.5,2.903160769641839,-0.13688601326242633,3.880652774043604,4.0347091848200245,4.041936330538351,0.0,-0.3199881540295262,0.3127610083111998,15.332321980374001
2026-09-04 09:05:00,23.328263678712673,25.324746723269996,24.68468771896184,24.129535225494074,25.239840212429606,2.2,0.7968859478924474,0.473760792131154,1.1200111036537408,-1.036859497939922,-0.15682694358429217,1019.8858807652899,1017.026485877428,1018.38626965603,-3.0,-1.3774256239503566,0.017641845348293828,47.85915643264231,54.300780887137286,51.78964099929489,6.5,2.903160769641839,-0.3920208817994393,11.81208908444815,12.388756452528986,12.490897286540019,0.0,-0.3199881540295262,0.2178473200184925,10.1976737327676
2026-09-04 09:10:00,23.596123369711787,25.968159897390816,25.082954818198996,24.527646648798008,25.638262987599983,2.2,0.7968859478924474,0.4734934027004468,1.1202784930844478,0.5839209006093711,0.08831913129937163,1020.2825192230154,1017.4070434288673,1018.7165037862741,-3.0,-1.3774256239503566,0.0679652665435242,48.88184077299322,55.236453942900496,51.92381678076748,6.5,2.903160769641839,0.40947639249117884,8.860545111777256,8.98330888535922,9.834087039218877,0.0,-0.3199881540295262,-0.530789999830132,42.4017960731794
2026-09-04 09:15:00,23.202943484678034,25.5649954935531,24.86245252862245,24.306988726918433,25.417916330326463,2.2,0.7968859478924474,0.4732262341717557,1.120545661613139,-0.6237475252162135,-0.09434298296179833,1020.2765574778347,1017.3324838151331,1018.768735386323,-3.0,-1.3774256239503566,-0.058825947239597554,49.47880244168796,55.22569725277655,52.18360962983908,6.5,2.903160769641839,0.13892685329562937,3.923546854679464,3.795769474884194,4.198493392083843,0.0,-0.3199881540295262,-0.08273576317012221,2.4031100469332847
2026-09-04 09:20:00,23.960800189307527,25.929709830543995,25.073016830791893,24.51739744037839,25.628636221205397,2.2,0.7968859478924474,0.4729592859984932,1.1208126097864015,0.3954136218381201,0.059807051859653626,1020.4240164906987,1017.4570448878295,1018.8459219985268,-3.0,-1.3774256239503566,-0.011451486746977935,46.21354684908173,51.197881928703886,49.07238185251879,6.5,2.903160769641839,-0.7776606934567383,5.8860560704554175,5.457635917623784,5.453595866119678,0.0,-0.3199881540295262,0.3240282055336321,18.48196134719909
2026-09-04 09:25:00,23.353854758182823,25.698870967072324,24.950549112765493,24.394774177199416,25.50632404833157,2.2,0.7968859478924474,0.4726925576363225,1.1210793381485722,-0.32108093508835367,-0.048564093585618195,1020.4972438899614,1017.6521022996803,1019.0084751920654,-3.0,-1.3774256239503566,0.021052731565305294,50.16917620530917,56.541145266445696,52.31015575721553,6.5,2.903160769641839,1.3278287395883268,8.632807688640282,8.360387597412293,8.625368728345983,0.0,-0.3199881540295262,0.05500702309583616,9.790937115350998
2026-09-04 09:30:00,23.870171508037686,26.375534040753138,25.472555853442447,24.916625416244162,26.028486290640732,2.2,0.7968859478924474,0.47242604854314396,1.1213458472417508,0.7014275964601531,0.10609223941824197,1020.6089196046759,1017.8974466278164,1019.2463960211994,-3.0,-1.3774256239503566,0.02847623056732118,47.35127518342286,54.11166327328255,51.769382977996344,6.5,2.903160769641839,-0.5608804743556277,4.838571885885157,4.974483782856775,5.584627116692034,0.0,-0.3199881540295262,-0.29015517980573247,14.91040142696562
2026-09-04 09:35:00,24.98678922609046,27.56730086713637,26.63682915448206,26.08074325913542,27.192915049828702,2.2,0.7968859478924474,0.4721597581790827,1.1216121376058121,0.883200716772599,0.13358576476186101,1020.4547049656007,1017.311748896096,1018.8605284762046,-3.0,-1.3774256239503566,-0.1713539561583275,44.541486595489275,51.92115416695141,49.56795776779855,6.5,2.903160769641839,-0.5499643704889792,0.8596539316048752,1.1815893396446877,1.5191539590406131,0.0,-0.3199881540295262,-0.01757646536639923,6.758489013359417
2026-09-04 09:40:00,25.174321624385133,27.947364029002326,27.22844190828628,26.672200598238675,27.784683218333882,2.2,0.7968859478924474,0.4718936860064756,1.1218782097784192,-0.515456928867259,-0.07796382717640071,1020.913237608347,1018.0749564177162,1019.2752433057509,-3.0,-1.3774256239503566,0.17713873591560514,43.56245704638417,48.26365981878445,45.8683204792889,6.5,2.903160769641839,-0.5078214301462864,1.789189239635339,1.8674490920519318,1.97838681623342,0.0,-0.3199881540295262,0.209050429848038,11.70096938973779
2026-09-04 09:45:00,25.205973876551788,27.22557534666315,26.651067800869008,26.094671119531426,27.20746448220659,2.2,0.7968859478924474,0.47162783148985843,1.1221440642950364,-1.4702521969919289,-0.2223784020983075,1021.0330502716115,1018.0201177069104,1019.4195324917642,-3.0,-1.3774256239503566,-0.021989160903558513,43.119741151087986,48.71966408946956,45.21509004427391,6.5,2.903160769641839,0.6014132755538171,5.470199868357944,5.710166055269739,5.893023197760126,0.0,-0.3199881540295262,0.13713101153913954,9.827015939312288
2026-09-04 09:50:00,24.82312516673017,27.58796925200921,26.716610177037165,26.160058167784232,27.273162186290097,2.2,0.7968859478924474,0.4713621940959539,1.122409701688941,0.4923782061228579,0.07447312707959597,1020.9235881815724,1017.9041372237681,1019.3502910316511,-3.0,-1.3774256239503566,-0.06872818393264879,45.377100463139136,51.41250759069398,47.61273296179631,6.5,2.903160769641839,0.8966138592558295,12.169193101554503,12.381496574762677,12.587998986783745,0.0,-0.3199881540295262,0.11348574200845718,7.081945629917097
2026-09-04 09:55:00,25.363216523265255,27.492375245563498,26.6971997071958,26.14049241336584,27.25390700102576,2.2,0.7968859478924474,0.47109677329365857,1.1226751224912361,-0.011308352509928454,-0.0017104095247510998,1021.0506806886652,1017.8202010851079,1019.2332579233565,-3.0,-1.3774256239503566,-0.035631214298291525,43.603987819231214,50.101203140372654,47.553841085216895,6.5,2.903160769641839,-0.35579871448607747,7.128800833484353,7.280761150900128,8.123440174491162,0.0,-0.3199881540295262,-0.5226908695615071,39.77510881530296
2026-09-04 10:00:00,25.55143218583525,27.632939094759145,26.812377199482377,26.255514664377458,27.369239734587296,2.2,0.7968859478924474,0.47083156855403074,1.122940327230864,0.1565332484144406,0.02367594738431933,1020.9254710227214,1017.882752611294,1019.2366580433862,-3.0,-1.3774256239503566,0.02352019185809695,42.56780765335945,48.951780700136716,46.40605785224853,6.5,2.903160769641839,-0.3574379217536503,1.7900038426229719,1.592461764044595,1.9383655621753313,0.0,-0.3199881540295262,-0.025915644101210056,0.8733211131213738
2026-09-04 10:05:00,25.258213050909017,27.523627525884585,26.75349150651986,26.196473773405845,27.310509239633877,2.2,0.7968859478924474,0.4705665793502781,1.1232053164346167,-0.1768568386865006,-0.02674992852772462,1021.32885083319,1018.1792610894947,1019.4798719524597,-3.0,-1.3774256239503566,0.07681476098537132,43.667735781839546,50.07038483328973,46.872077875201086,6.5,2.903160769641839,0.2951461884468074,3.0429359221461527,3.0951129757386986,3.0769881520696574,0.0,-0.3199881540295262,0.33811297769856763,17.492925259793985
2026-09-04 10:10:00,26.48964536255123,28.573233095732625,27.61682562432745,27.059652736434046,28.173998512220855,2.2,0.7968859478924474,0.47030180515774556,1.123470090627149,1.0546746815295442,0.1595215235127263,1021.4326505187269,1018.3630723543009,1019.7176834858046,-3.0,-1.3774256239503566,0.02281449244662781,40.850427294673935,47.67690414152989,45.20973367180746,6.5,2.903160769641839,-0.4359902999194105,8.116557750176533,7.862044409011891,8.041014127029976,0.0,-0.3199881540295262,0.14101843601144104,6.564211179530071
2026-09-04 10:15:00,26.40392820372693,28.683737031856236,27.95217652234192,27.39484852286273,28.509504521821107,2.2,0.7968859478924474,0.4700372454539031,1.1237346503309917,-0.4318983695748102,-0.06532543837813165,1021.4311119427015,1018.2663839851348,1019.7081098297147,-3.0,-1.3774256239503566,-0.06430022062954777,41.77880882363938,47.556174335016095,44.53096922336117,6.5,2.903160769641839,0.12204434201309056,9.12252463056376,9.12775331645119,9.617206108001426,0.0,-0.3199881540295262,-0.16946463752070962,5.086463449853011
2026-09-04 10:20:00,26.127194707334045,28.063179269786584,27.430754477688257,26.87327140978083,27.988237545595684,2.2,0.7968859478924474,0.4697728997183336,1.123998996066561,-1.087333002416507,-0.1644611557941218,1021.7010798018132,1018.6337435437163,1019.9568684845974,-3.0,-1.3774256239503566,0.05430068306918656,41.24618367425946,48.49349682804642,45.226033785448216,6.5,2.903160769641839,0.3643022729563654,6.630546959630145,6.729806018950218,7.214894117666633,0.0,-0.3199881540295262,-0.16509994468688838,7.7611464499191225
2026-09-04 10:25:00,26.38676236508369,28.539011844671002,27.641333907220147,27.08369581400603,28.198972000434264,2.2,0.7968859478924474,0.46950876743272124,1.1242631283521736,0.6663850566833531,0.10079198955840596,1021.5726096789053,1018.5116931253518,1019.946750226981,-3.0,-1.3774256239503566,-0.05763147767879673,41.18841170011771,48.035173653477294,45.20776862898707,6.5,2.903160769641839,-0.07575574515161065,6.915576435253631,7.419211577469688,7.595029957851198,0.0,-0.3199881540295262,0.14416977364801653,4.440046952808268
2026-09-04 10:30:00,26.61755112693886,29.074667573811194,28.197942767642232,27.640149692207018,28.755735843077446,2.2,0.7968859478924474,0.4692448480808393,1.1245270477040554,0.5278536749916753,0.07983885827651349,1021.7959384362716,1018.8104516740375,1020.1457053159911,-3.0,-1.3774256239503566,0.04217198199671657,39.07123098425952,45.31536517295706,42.96884249091699,6.5,2.903160769641839,-0.5566380876017689,1.159589086244368,0.7666694939340785,1.402341951319297,0.0,-0.3199881540295262,-0.3156843033556923,16.684378771850703
2026-09-04 10:35:00,25.87338918175494,28.06197692346871,27.47815593605833,26.920207921451702,28.036103950664955,2.2,0.7968859478924474,0.4689811411485387,1.124790754636356,-1.408676486992082,-0.21306496048206824,1021.644982497828,1018.4027700184843,1019.8964334489466,-3.0,-1.3774256239503566,-0.11623780651200377,42.851542484382605,50.632268877893736,46.4859461488938,6.5,2.903160769641839,1.2431619593580976,9.132088147878324,9.276540437175715,8.935800553996009,0.0,-0.31998815402952613,0.6607280372092319,76.54121735112314
2026-09-04 10:40:00,26.744726384696627,28.973045542044602,27.994324166097773,27.43622125533357,28.552427076861974,2.2,0.7968859478924474,0.4687176461237359,1.1250542496611589,1.2022027996663773,0.1818354280543808,1021.8791718253501,1018.6623441031883,1019.9803142060649,-3.0,-1.3774256239503566,0.05945552107368712,38.71788115133582,46.46301397979323,44.54820654138675,6.5,2.903160769641839,-0.9883533312353521,8.61487621542925,9.05924719291633,9.753735139598133,0.0,-0.31998815402952613,-0.3744997926522782,28.923183271951565
2026-09-04 10:45:00,26.721881996242576,29.01693371718604,28.236149474158864,27.677891710215114,28.794407238102615,2.2,0.7968859478924474,0.46845436249640166,1.125317533288493,-0.10645623284503003,-0.016101704865274513,1021.9393447000823,1018.9936318406919,1020.2875875764504,-3.0,-1.3774256239503566,0.08346988819187118,38.96421156960942,46.21052785376447,43.382821442655,6.5,2.903160769641839,-0.07545435853236881,3.8057229485736253,4.033377278325264,4.589500300278957,0.0,-0.31998815402952613,-0.23613486792416705,8.789330542445835
2026-09-04 10:50:00,26.742606428724343,29.176738754587873,28.397158188321235,27.838745614140212,28.95557076250226,2.2,0.7968859478924474,0.4681912897585494,1.1255806060263454,-0.11441432762829606,-0.017305381625810412,1022.0800440403963,1018.9604283228358,1020.374958003306,-3.0,-1.3774256239503566,-0.03710405651986548,39.05696285316718,43.142117436712944,40.64008086690801,6.5,2.903160769641839,-0.4011241998369002,7.758635002966663,8.008518635814175,7.915672808127918,0.0,-0.31998815402952613,0.41283398171578334,25.330277200013214
2026-09-04 10:55:00,27.17683085706016,29.04578591462227,28.298325633543453,27.739758292031727,28.856892975055178,2.2,0.7968859478924474,0.4679284274042237,1.125843468380671,-0.3267772163791527,-0.049425666813629476,1022.0694652362786,1019.230644704813,1020.584511505222,-3.0,-1.3774256239503566,0.02355882354129335,39.74690103868701,47.51005711286139,43.38688603478734,6.5,2.903160769641839,1.2200103084322151,3.453225975045748,3.6295344456060916,4.308894225401306,0.0,-0.31998815402952613,-0.3593716257656885,26.3966226198651
2026-09-04 11:00:00,28.15173857947292,30.468643389840405,29.456638934736958,28.897916868765446,30.01536100070847,2.2,0.7968859478924474,0.4676657749294892,1.1261061208554055,1.4222534871024664,0.2151185072109989,1022.1816593763914,1019.2154498346937,1020.632206396499,-3.0,-1.3774256239503566,-0.039330937854970216,36.72427754034188,43.860084358319426,41.703775210253845,6.5,2.903160769641839,-0.7468516215762548,1.4315459250958038,1.8210462720284288,2.0432291543790044,0.0,-0.31998815402952613,0.09780527167895059,9.298914452056392
2026-09-04 11:05:00,27.82971046222978,29.976082634381427,29.363435083134274,28.80455833553828,29.922311830730266,2.2,0.7968859478924474,0.46740333183241894,1.1263685639524759,-1.218089998318579,-0.18423839664529496,1022.3995597288782,1019.4905740514092,1020.8354877546248,-3.0,-1.3774256239503566,0.032511920734805244,37.54409670134384,45.64922361151419,42.37519872605965,6.5,2.903160769641839,0.37086411581270085,3.3594527651738653,3.033209314740155,3.2060412944347876,0.0,-0.31998815402952613,0.14715617433489347,7.505163370027531
2026-09-04 11:10:00,27.482868607833318,29.716196186895683,29.000584043746013,28.44155265732529,29.559615430166737,2.2,0.7968859478924474,0.46714109761308353,1.1266307981718113,-0.5373408067215841,-0.08127380474277857,1022.2821474056165,1019.4937512536795,1020.9007674916954,-3.0,-1.3774256239503566,-0.029590614065568843,36.99585094628117,44.485822619668006,41.78834630769334,6.5,2.903160769641839,-0.20568445766716792,3.1593178674289484,2.7435398676378746,3.134944973495788,0.0,-0.31998815402952613,-0.07141695182838736,1.7414903467176805
2026-09-04 11:15:00,28.075540230662707,30.48753026461518,29.543827870755887,28.984641888274677,30.103013853237098,2.2,0.7968859478924474,0.4668790717735397,1.126892824011355,0.9706752103645115,0.14681644596684507,1022.176376332067,1019.129919710296,1020.61752379909,-3.0,-1.3774256239503566,-0.11017846484367055,37.05538940907022,44.81806355106805,41.81999956782775,6.5,2.903160769641839,0.09490321359846376,4.592592792514927,4.59069255037535,4.822873979993128,0.0,-0.31998815402952613,0.08780672441174886,4.779495831472319
2026-09-04 11:20:00,28.538560062604134,30.499722732321764,29.738483846510558,29.179143310697647,30.29782438232347,2.2,0.7968859478924474,0.4666172538178196,1.127154641967075,-0.23568013281291655,-0.03564706208124235,1022.7471512219618,1019.6609782161493,1020.9075786304105,-3.0,-1.3774256239503566,0.1308252096890783,36.26762987862917,43.47055375877348,40.797041466435495,6.5,2.903160769641839,-0.2296484773038543,5.290143276353184,4.641794645281672,5.038130752647712,0.0,-0.31998815402952613,-0.0763479533365139,3.144638879902806
2026-09-04 11:25:00,28.478071175812154,30.475542287523535,29.722602967201166,29.163107920749926,30.282098013652405,2.2,0.7968859478924474,0.46635564325191964,1.1274162525329752,-0.2905526126891189,-0.0439466275700795,1022.7568948100838,1019.8876501979237,1021.2177435416476,-3.0,-1.3774256239503566,0.04733228022644198,35.58960327867853,43.16855783759494,40.21883107694395,6.5,2.903160769641839,0.04656599100915315,6.08169015659096,6.4508838978443634,6.697014327569232,0.0,-0.31998815402952613,0.07385772430465742,1.2434790163787612
2026-09-04 11:30:00,28.258505287468974,30.071419295526212,29.346628416816287,28.786978902384732,29.906277931247843,2.2,0.7968859478924474,0.46609423958378965,1.127677656201105,-0.4766557042308115,-0.07209506918252373,1022.4183792115555,1019.4948062461449,1021.0076597490835,-3.0,-1.3774256239503566,-0.13542787898825281,35.755401211830446,43.850700204418,40.68326971272001,6.5,2.903160769641839,0.26426972205614874,5.831080969887988,6.19729552853662,6.604966646541376,0.0,-0.31998815402952613,-0.08768296397522946,4.049798331115559
2026-09-04 11:35:00,28.09929747790343,30.189465689550676,29.339796287691403,28.779992347902233,29.899600227480573,2.2,0.7968859478924474,0.4658330423233223,1.1279388534615724,0.3489771867559277,0.05278345396682482,1022.7757662467392,1019.747666700266,1021.084961785172,-3.0,-1.3774256239503566,0.04013053904429853,36.32225915344283,42.99550294414539,40.24127862697634,6.5,2.903160769641839,-0.14893645247278187,4.0867371784478195,3.956732011922462,4.366185559919992,0.0,-0.31998815402952613,-0.08946539396800368,1.7302681460062201
2026-09-04 11:40:00,28.757713604543156,31.223800073418918,30.25337401773834,29.693415695178995,30.813332340297688,2.2,0.7968859478924474,0.4655720509823418,1.128199844802553,1.1473583870294988,0.17354010778812778,1022.6544797574192,1019.8631984524626,1021.2131680643816,-3.0,-1.3774256239503566,0.027456012031279897,35.52728603279103,40.76950159752853,38.274297023598386,6.5,2.903160769641839,-0.40795619571169084,1.2564041650174036,1.1451729860192508,1.4855111438976945,0.0,-0.31998815402952613,-0.020350003848917497,4.184143814455094
2026-09-04 11:45:00,28.753054453296354,30.928937015601658,30.262022685203764,29.701910022426464,30.822135347981064,2.2,0.7968859478924474,0.46531126507459397,1.128460630710301,-0.8593058245084748,-0.12997161749455444,1022.8245685360636,1019.7927318895876,1021.2018057432825,-3.0,-1.3774256239503566,-0.03164822974463277,35.85406610021178,42.108097380199666,38.72818437092043,6.5,2.903160769641839,0.4767522396373991,7.06473758682592,7.043033344280719,6.9774233716564655,0.0,-0.31998815402952613,0.3855981266537798,24.28207402962677
2026-09-04 11:50:00,29.06780991072793,30.999784931596974,30.233040892290354,29.67277393181216,30.79330785276855,2.2,0.7968859478924474,0.4650506841157353,1.1287212116691594,-0.199282875053008,-0.030141908585829214,1022.8817855739024,1019.8867016195359,1021.2553892423566,-3.0,-1.3774256239503566,0.008738001129586337,33.09460149808675,39.9065579775935,37.325551153343895,6.5,2.903160769641839,-0.3221539453922304,5.220609254558878,5.236215449690763,5.8963301146013265,0.0,-0.31998815402952613,-0.34012651088103674,17.14477317300507
2026-09-04 11:55:00,29.07466385088026,31.17752810196525,30.35854663575228,29.798125420055126,30.918967851449434,2.2,0.7968859478924474,0.4647903076233224,1.1289815881615723,0.14608426019745835,0.0220955183205227,1022.8525720600459,1019.855755457671,1021.2480314710319,-3.0,-1.3774256239503566,-0.014850389410639764,34.82042522047327,41.38033528797052,38.04891698423203,6.5,2.903160769641839,0.4282575340966517,4.396258827174276,4.434411002932562,4.7241490956087455,0.0,-0.31998815402952613,0.030250061353342517,1.1492646267252244
2026-09-04 12:00:00,29.348024316403244,31.25045197570512,29.380846518999896,29.284310590116366,29.477382447883425,2.2,1.1743904436833354,0.904605596035531,1.4441752913311399,-0.008129217954781609,0.6952150130218868,1022.8177165244006,1019.6775274401658,1022.7273718999231,-3.0,-1.883267501382647,-1.1665769583746624,34.61120751636727,40.11395794343973,34.61816244683468,6.5,3.467598531089327,2.0281969655157184,10.516931173635843,10.684400805699333,10.518846937015613,0.0,-0.2751903803187135,0.44074424900243336,99.93794445401136
2026-09-04 12:05:00,28.818419796211934,30.7933825758657,29.394382689759464,28.95007144128962,29.83869393822931,2.2,1.2519115244805707,1.0086396051805397,1.4951834437806018,0.7121079319173447,0.14708836162566286,1022.8767116745487,1019.8883494829716,1022.5153597700485,-3.0,-2.089845716394475,-0.5371645706823074,35.06882732119606,40.263973221040075,35.11218349656556,6.5,3.836526993443296,1.3152627310312255,8.705816046017091,8.654028140114548,9.56509620360109,0.0,-0.5005745621426752,-0.41049350134386664,49.89386124564264
2026-09-04 12:10:00,29.66044323546575,31.93820701751849,30.515549946499494,29.998083167896688,31.0330167251023,2.2,1.2395577242584435,0.9962713750712029,1.482844073445684,1.2066695919275965,0.18309934676055306,1022.8853396183964,1020.0948536450062,1022.1950964322216,-3.0,-2.0904075104238977,-0.009835276791477554,33.859355771205934,39.766425636298074,35.94296685131018,6.5,3.8363736877950423,-0.012914902807146689,10.406090169424097,10.689048160467435,11.054208355101146,0.0,-0.5605337862464481,0.19537359161273748,8.797796040060401
2026-09-04 12:15:00,29.31011837343117,31.275343708169963,30.220039976238567,29.69828398949181,30.741795962985325,2.2,1.269564353965255,1.027409678136018,1.511719029794492,-1.3970344120631353,-0.21426062203385854,1022.9379399157704,1020.0046851630768,1022.051532282483,-3.0,-2.094608068778345,0.04776094937221842,34.62421994976253,41.77041159454985,37.72483550391465,6.5,3.818096177741945,0.22747991289325853,6.176807354449927,6.310591687587518,7.128470153987005,0.0,-0.5537107340997593,-0.2641677322997271,15.256292671170868
2026-09-04 12:20:00,30.155358720557523,32.57788558159819,31.145151167537005,30.62904358924587,31.66125874582814,2.2,1.2601937482653833,1.0179037864515443,1.5024837100792223,1.1384160478916527,0.1725406657958004,1023.0900601048243,1020.0947196187841,1022.1185391237838,-3.0,-2.1003337813744523,0.07651427637483721,32.336451734508366,40.10072355116674,36.8323123447702,6.5,3.8480866067532253,-0.5796754003566917,2.8072852457938082,2.6251962120320176,3.154304462864582,0.0,-0.5533666781101988,0.024258427277634276,5.58713533738872
2026-09-04 12:25:00,29.140301350873948,31.32607729270788,30.340467474655252,29.827731230865428,30.853203718445076,2.2,1.2610941432689993,1.0184484970022123,1.5037397895357862,-1.8213479126042884,-0.2754843252163717,1023.0276890220745,1020.0034239298997,1022.1022005727915,-3.0,-2.1003857557896963,0.0016091128978814595,34.006647023965975,41.239901114988136,37.239751088226825,6.5,3.8457141058350923,0.15443592092621827,8.201476574421234,8.602010374762463,8.72036549429027,0.0,-0.5529313755736247,0.4345762560458173,35.09807888586096
2026-09-04 12:30:00,30.19759536418537,32.414714304974275,30.949840165122676,30.437647146587505,31.462033183657848,2.2,1.262458908683974,1.0194606973872289,1.505457119980719,1.3382238017931165,0.2024152311676275,1023.2697876737778,1020.3194177280388,1022.3449013089071,-3.0,-2.1008020007544057,0.07531841988611632,32.00943211158424,39.355373941275545,35.892589045419236,6.5,3.8453743110380185,-0.3825894151817124,3.618477577567755,3.2110004817310087,4.266598681568938,0.0,-0.5526142566426482,-0.5029839431952814,41.81708558910843
2026-09-04 12:35:00,29.666085429743458,31.810410836221877,30.670571594122627,30.157984387164927,31.183158801080328,2.2,1.26202320709442,1.0186704982514787,1.5053759159373612,-0.8078107389768121,-0.1221839649951697,1023.4205266555342,1020.5329916498076,1022.6047032087739,-3.0,-2.1007029447178196,0.02899138575151028,34.08925791651835,40.524605457987505,36.34444793522909,6.5,3.8465509056876837,0.33360661707072836,5.760215036791087,5.732565293544644,5.953027244765372,0.0,-0.5526269106107948,0.3321649593900666,17.98789710259385
2026-09-04 12:40:00,29.406511421823577,31.76108098953232,30.501394244201467,29.98842845546674,31.014360032936196,2.2,1.2620217952610615,1.0183141843311048,1.5057294061910182,-0.015438151315940729,-0.0023350499302097205,1023.137951200459,1020.2293370250925,1022.4432245937728,-3.0,-2.101110489476705,-0.11277707920362445,34.87472386025028,39.98105789408551,36.192391386875244,6.5,3.846438072443689,-0.057771565233423416,1.9618145438480643,2.2518897641707047,3.048448924420626,0.0,-0.552633732116219,-0.24392542813370222,9.924983876193364
2026-09-04 12:45:00,29.55009804405069,31.90673002160609,30.59781285255405,30.08461711867023,31.11100858643787,2.2,1.262009415107942,1.0179473961546341,1.5060714340612498,0.31013005001983274,0.04690775394409741,1023.2859796183534,1020.2361998890801,1022.3525422049712,-3.0,-2.1011370132064275,-0.015205302684648814,33.97860950259889,40.11443303789273,36.23599217066502,6.5,3.8464537745560614,0.03198709267164901,10.016584718249451,9.799662786775807,9.881537549542616,0.0,-0.5526330672717475,0.4707583045049386,31.885024671145537
2026-09-04 12:50:00,29.68847517344264,31.955486043825072,30.686411530295494,30.173051093842773,31.199771966748216,2.2,1.2620079192421976,1.0175920043178592,1.506423834166536,0.046720703790899876,0.007066594287380212,1023.3477565784974,1020.3964738176139,1022.4484451683638,-3.0,-2.1011172886371523,0.049145937887260516,33.74865703812264,40.04164550862473,36.204787308874316,6.5,3.846454582457672,-0.009596382707258044,2.787681982387166,2.880548676417311,4.060495525416288,0.0,-0.5526322907171854,-0.6273145582817912,56.42544452286602
2026-09-04 12:55:00,30.05560359240327,32.3685614135848,31.055328128317125,30.54181031900553,31.56884593762872,2.2,1.2620050242597378,1.0172357219517767,1.506774326567699,0.33869504600162514,0.051228261007935316,1023.3640029683446,1020.4359939295168,1022.5266424628979,-3.0,-2.1011184658861963,0.010469932505088764,33.57101597088723,39.673373981418685,35.896419087697495,6.5,3.8464647497700897,-0.06950985604890292,11.629475228711447,11.792477107811163,11.666542223326445,0.0,-0.552632324993239,0.678567209477956,66.01515391976834
2026-09-04 13:00:00,30.160731086286017,32.31831315230193,31.104118977972433,30.590437313506705,31.617800642438162,2.2,1.2620047243151065,1.0168825438603448,1.507126904769868,-0.3160988904072397,-0.04781054998560563,1023.3227014644764,1020.1716222163474,1022.3446464007277,-3.0,-2.101106372767607,-0.07191781161270683,31.859846441734444,38.40360233403415,34.77258324934522,6.5,3.846480216236286,-0.21546113154735735,10.774793369255308,10.516636208860936,11.494259661771085,0.0,-0.5526323482343504,-0.42499110467579904,26.82847368874076
2026-09-04 13:05:00,29.78409002897427,32.09253063035608,30.88660472992533,30.372755188060463,31.4004542717902,2.2,1.2620040847220961,1.016529533401246,1.5074786360429462,-0.37076025761619746,-0.05607818429134426,1023.4385694630807,1020.4638040442583,1022.4923893849599,-3.0,-2.101113016907019,0.07252767620536815,33.59682598229218,40.449961790206544,36.07451723226941,6.5,3.8464723856622625,0.5289721722748766,6.0361351995357975,6.014391883657587,6.734174742095323,0.0,-0.5526323485203791,-0.16715050991735758,6.343366803278905
2026-09-04 13:10:00,30.06209344829805,32.19451789320329,30.9012526650191,30.387234432255088,31.415270897783113,2.2,1.2620042174809134,1.0161778003782802,1.5078306345835466,0.20668180557295557,0.03126101070327536,1023.4131671710147,1020.0889715880694,1022.2731807964838,-3.0,-2.101110862207679,-0.08309834620672518,33.19664088228849,40.37905303288329,36.583829729253495,6.5,3.846472127055471,-0.051248823425673606,8.932013044800346,8.885061895737582,9.094595487823954,0.0,-0.5526323493476131,0.3430987572612416,17.683063956885192
2026-09-04 13:15:00,30.98328121202944,33.18372753646192,31.7648064633358,31.2506198154682,32.2789931112034,2.2,1.262004250358626,1.015826470399678,1.508182030317574,1.037453733105373,0.1569168227674993,1023.166701091877,1020.2390811483502,1022.2964439506919,-3.0,-2.101110751365993,0.04374794902435042,30.39943601990303,36.67694012840996,33.6709300225847,6.5,3.8464671496240737,-0.8404570437988141,7.526906490112545,7.361385134562857,8.102323967216808,0.0,-0.552632349337661,-0.18830648331628996,11.507435923972052
2026-09-04 13:20:00,30.868182831925395,33.013254082052136,31.85989939635189,31.34554462016698,32.3742541725368,2.2,1.262004309777668,1.0154756677388468,1.5085329518164894,-0.7183357151362628,-0.1086496240774224,1023.492160058829,1020.5912115170133,1022.59796883931,-3.0,-2.1011100364765896,0.09435271417987678,32.32574632916059,37.30273880464491,33.1106805877226,6.5,3.84646804391784,0.34559017300447437,9.772812831428064,10.463315287043297,10.82663747839483,0.0,-0.5526323493175762,0.18931015796604456,7.968306885924495
2026-09-04 13:25:00,30.39872619995951,32.50728249209567,31.36925178690386,30.854729009507444,31.883774564300275,2.2,1.262004344592332,1.0151253391149475,1.5088833500697163,-0.8196502626955251,-0.12397363940052486,1023.5022931608231,1020.614425079691,1022.7335745413587,-3.0,-2.1011101211884156,-0.01803934047927669,32.96948221892868,39.08318004349577,34.640160678800655,6.5,3.846468286891035,0.5965510778040795,5.770057226117654,5.541125320084011,6.438720050133041,0.0,-0.5526323493180392,-0.3449623807309905,20.470416765475992
2026-09-04 13:30:00,30.282653710567686,32.34483135102333,31.0709111901149,30.556220464196027,31.58560191603377,2.2,1.262004344053614,1.01477547165902,1.5092332164482078,0.07878128336405865,0.011915816854816796,1023.2601606621499,1020.2009036343245,1022.4336793656867,-3.0,-2.1011103269963827,-0.13166540436577634,33.28793709916091,39.822905416754494,35.88663635972124,6.5,3.846468263716204,0.08980079331705326,9.534829784761166,9.836308872981531,9.99032853994553,0.0,-0.5526323493198965,0.398612682355898,24.660280370708254
2026-09-04 13:35:00,30.35493239388864,32.648470414660416,31.291789597121458,30.776930965578703,31.806648228664212,2.2,1.2620043461250987,1.0144261012296671,1.5095825910205303,0.6259523802052058,0.09467647141386237,1023.3839071305076,1020.4302641557613,1022.4745989813122,-3.0,-2.101110325142091,0.05677549959125372,30.445209065388703,37.92345540309543,34.65252846150729,6.5,3.846468398860446,-0.5755414572723012,6.056331135139523,5.93849083007518,6.838539925965369,0.0,-0.5526323493198909,-0.347416746570298,20.231700334547135
2026-09-04 13:40:00,30.587995887768585,33.05011707033128,31.731961647797004,31.21693516028143,32.24698813531258,2.2,1.262004347068736,1.014077221998682,1.5099314721387902,0.3712421767927623,0.05615107546554299,1023.4824582776602,1020.6960513544914,1022.7200086641895,-3.0,-2.101110350443687,0.07715304074554297,31.389326789648155,37.435080515900864,33.67840433989758,6.5,3.846468407059776,-0.08979223105649226,12.938494355427176,12.612503498761592,12.716340234039777,0.0,-0.5526323493197992,0.4487956140416145,29.777936704090134
2026-09-04 13:45:00,29.965332936489624,32.39955333082354,31.28543834922349,30.770244059903874,31.800632638543107,2.2,1.2620043464259683,1.013728831432036,1.5102798614199004,-0.9777688008160723,-0.14788936482592163,1023.3485576326174,1020.5606230798611,1022.7108630528795,-3.0,-2.1011103388895416,-0.04912963412891713,32.72849869597829,39.63853359869781,35.210360887233016,6.5,3.8464684016231274,0.581704309841669,6.281243133205154,6.312087406151675,7.421926664867371,0.0,-0.5526323493197985,-0.5572069093958971,48.62273201624722
2026-09-04 13:50:00,30.299545982615747,32.24823291542666,30.986580514562036,30.471218478606698,31.501942550517374,2.2,1.262004346426166,1.013380929698171,1.5106277631541611,-0.00232688395185221,-0.0003519455615403899,1023.5392270032096,1020.5348510983256,1022.662805317064,-3.0,-2.10111033647798,-0.026843882260436658,31.978202507938086,38.710272827646435,35.10513389352316,6.5,3.846468398694277,-0.24132946457100246,6.066460132112764,6.261188147429014,6.554627056383674,0.0,-0.5526323493198009,0.2591934403651406,9.965461039408758
2026-09-04 13:55:00,29.759289725786378,32.217130336067754,30.914734600301653,30.399204872614146,31.43026432798916,2.2,1.2620043463892743,1.0130335140705018,1.5109751787080468,0.2670471970770869,0.04039138937682907,1023.7295957401644,1020.7504936847739,1022.8050810552918,-3.0,-2.1011103369275643,0.046522966409725086,33.94398529533461,40.47910572183332,36.36644724269869,6.5,3.84646840112565,0.2661900780089823,9.546889906086522,9.823042778606226,10.195397423775525,0.0,-0.5526323493198009,0.1802777041505017,5.415239931805781
2026-09-04 14:00:00,30.606816047570636,32.74318434724705,31.37845563412368,30.86275826929886,31.8941529989485,2.2,1.2620043463552635,1.0126865825567282,1.5113221101537988,0.679160945938662,0.1027243667681077,1023.2523421785996,1020.4189788503098,1022.6044803565526,-3.0,-2.1011103380615754,-0.0843911681811278,32.753666824536054,39.99809347999573,36.382032754839685,6.5,3.8464684004012852,-0.23040767524523886,10.10902387937028,10.577703412566802,11.266303405056249,0.0,-0.5526323493198009,-0.13596764316964638,4.8206710824179435
2026-09-04 14:05:00,30.722583678153423,33.04273028118254,31.774299256305508,31.258434308800698,32.29016420381031,2.2,1.262004346355182,1.012340133169747,1.511668559540617,0.0424899096627982,0.006426678521854967,1023.156883270996,1019.9317629687067,1022.1368698683661,-3.0,-2.1011103392579566,-0.10399656040146965,31.87950608548988,37.850833128087814,34.519295020518804,6.5,3.846468400340778,-0.5149302927717656,6.923253455164606,7.806827342145136,8.520536424581127,0.0,-0.5526323493198009,-0.16107673311619042,6.274393074108812
2026-09-04 14:10:00,30.283184469633532,32.30194140322409,31.20989925057641,30.693866774796057,31.725931726356762,2.2,1.2620043463476522,1.0119941638640135,1.512014528831291,-1.1237030500042948,-0.16996219369997334,1023.4020734846312,1020.3536121232296,1022.3041297505162,-3.0,-2.101110338508207,0.1505927112216341,31.42595603196461,37.4658068722498,33.54194947550438,6.5,3.846468400298914,0.07738899644650132,3.4271195497366707,3.50227381086335,4.114652362293919,0.0,-0.5526323493198009,-0.0597462021107682,6.123376517940375
2026-09-04 14:15:00,31.114984761139052,33.343380743913855,31.890208762863438,31.374008813171834,32.40640871255504,2.2,1.2620043463518769,1.0116486726684104,1.5123600200353433,1.2639025744281582,0.19116763469853737,1023.4559448723747,1020.6562804407052,1022.6561661759987,-3.0,-2.1011103384192724,0.1012246031258428,31.53630810717057,38.02678744869519,33.849375343708175,6.5,3.8464684001834364,0.33094370480357327,6.111132948018654,5.912205295871038,6.163124348971584,0.0,-0.5526323493198009,0.3017132962192548,18.559536237287656
2026-09-04 14:20:00,30.00019585253382,32.262940489113205,31.209081567882485,30.692714198596843,31.725448937168128,2.2,1.262004346351176,1.0113036575896526,1.5127050351126996,-1.3761510366545622,-0.2081454251204562,1023.3031294671239,1020.4494095483766,1022.6282683547889,-3.0,-2.1011103383799035,-0.07774846803238233,32.3399935507193,38.32787634664434,34.34756418678381,6.5,3.846468400169376,0.13384375969114615,14.274733162185928,14.410595460224396,14.696688242708795,0.0,-0.5526323493198009,0.2665395668354016,15.485708915672298
2026-09-04 14:25:00,29.906050908931785,31.809129950547852,30.57608106283199,30.059546328217415,31.092615797446562,2.2,1.2620043463512285,1.0109591166703953,1.5130495760320617,-0.19143867512247326,-0.02895545863536597,1023.5447283048844,1020.6001178715319,1022.6977426621569,-3.0,-2.1011103383818166,0.0034855477567816706,33.31961720496569,40.22602703780937,36.05249809777016,6.5,3.8464684001708744,0.3270605398683273,9.089803149929855,9.009939264807908,10.187041421516241,0.0,-0.5526323493198009,-0.6244698073885324,56.28212543858942
2026-09-04 14:30:00,30.579074439903216,32.90072787317206,31.38668577008417,30.86998372435248,31.90338781581586,2.2,1.2620043463508925,1.0106150479599263,1.5133936447418588,1.6663446722837172,0.25203775673699624,1023.113952199264,1019.8880773384643,1022.1628545822506,-3.0,-2.101110338335311,-0.17366690545100028,31.861403349716376,37.790849506223466,34.616551024250064,6.5,3.846468400155277,-0.6721699181818721,9.916960877082696,10.194750716038365,10.464874305530182,0.0,-0.5526323493198009,0.2825087598279836,23.790791666020084
2026-09-04 14:35:00,30.90182922222215,33.371016223789816,32.08379163581486,31.566922333124865,32.60066093850486,2.2,1.262004346350884,1.0102714495227136,1.5137372431790546,0.16674333166609756,0.025220241624069217,1023.4058033503597,1020.3983168154035,1022.3466937593247,-3.0,-2.1011103383449226,0.15273339442376255,31.408650761131284,38.08969412732739,34.17998758002392,6.5,3.8464684001561054,0.06323814714736642,1.4020501411493065,1.01290085223959,1.9948537866631835,0.0,-0.5526323493198009,-0.4293205851037927,28.98710476600865
2026-09-04 14:40:00,31.146471530279005,33.31154194114268,32.15629737774134,31.639260872199213,32.67333388328347,2.2,1.2620043463508788,1.0099283194353819,1.5140803732663757,-0.7058410526870915,-0.10675978294953836,1023.1973232215544,1020.1088359121169,1022.2442624336998,-3.0,-2.1011103383454834,-0.034316183237365294,32.297788928460136,38.71765071343073,34.638216606734595,6.5,3.8464684001568923,0.23296570653923965,6.089249262057262,6.799749624777393,6.705156842914466,0.0,-0.5526323493198009,0.6472251311827275,61.38725790186476
2026-09-04 14:45:00,30.275484483447308,32.74751810961291,31.61427648061871,31.097072826278165,32.131480134959254,2.2,1.2620043463508694,1.0095856557879432,1.5144230369137957,-0.8513131954271245,-0.12876271735666478,1023.5317567444724,1020.581412579895,1022.5696840025252,-3.0,-2.101110338342609,0.11283891571247295,32.97133817724937,39.643278949070734,35.61076854901259,6.5,3.846468400156797,0.18604199990134873,7.810185892490515,8.067000320923169,8.804729983091775,0.0,-0.5526323493198009,-0.18509731284880537,8.239369844454984
2026-09-04 14:50:00,30.87289004336847,33.03495134467799,31.68667230506799,31.169301555930375,32.204043054205606,2.2,1.2620043463508717,1.0092434566833792,1.514765236018364,0.5704041224874388,0.08627469325912784,1023.5577833912909,1020.4363813885716,1022.5899341129931,-3.0,-2.1011103383433447,-0.05244238607815532,31.49756407980852,37.62977096375809,34.28845278881359,6.5,3.846468400157285,-0.5051502252127875,10.18097947160745,9.675778266268601,10.240103944792526,0.0,-0.5526323493198009,-0.01169332920412458,2.424696977004737
2026-09-04 14:55:00,30.404652012520113,32.774568918729436,31.5366449834222,31.01910719343656,32.05418277340784,2.2,1.2620043463508717,1.0089017202374662,1.5151069724642772,-0.15920735515368278,-0.024080411043634342,1023.1284699119046,1019.9746114026584,1022.2085197406903,-3.0,-2.1011103383438807,-0.13279799968802308,31.075019021749405,37.30374838612794,33.46958274910183,6.5,3.8464684001572906,-0.012302763131181393,1.7166845277178502,1.5039758570233586,2.476805415570631,0.0,-0.5526323493198009,-0.4201972092274715,27.221108963685506
2026-09-04 15:00:00,30.32591849220516,32.08220449901494,30.90955719492973,30.391852417992894,31.427261971866564,2.2,1.2620043463508719,1.0085604445787,1.5154482481230438,-0.5907830367883875,-0.08935704226566088,1023.1452017772442,1019.8354719855917,1021.9447142808515,-3.0,-2.101110338343878,-0.008131956915917726,32.46143013628429,39.038237550681934,34.69990923754295,6.5,3.84646840015724,0.49185991298174514,10.547696795314467,10.792521108548648,10.575985228548284,0.0,-0.5526323493198009,0.7691682293201652,86.51138159234897
2026-09-04 15:05:00,30.71964363442917,33.403399190291864,31.873904330659883,31.35603262061654,32.39177604070323,2.2,1.2620043463508714,1.0082196278481566,1.5157890648535863,1.7685103909155302,0.2674905132811105,1023.3404436663218,1020.5237143690683,1022.415090437741,-3.0,-2.101110338344118,0.2097342696714577,31.052917900138123,37.714577505067176,34.16435657709697,6.5,3.8464684001572307,-0.2962474721870194,6.786999511602154,7.139902728453591,8.248034076912688,0.0,-0.5526323493198009,-0.5554989991392967,56.952524518690744
2026-09-04 15:10:00,30.594636958754325,33.093728607802916,31.94302591142904,31.424987322071818,32.46106450078626,2.2,1.2620043463508714,1.0078792681993787,1.5161294245023642,-0.7358695532633561,-0.1113016499769941,1023.1371077706501,1020.0771421939337,1022.2852643702344,-3.0,-2.101110338344041,-0.10701183795663383,33.560559472841135,40.05719794052821,35.77155510858462,6.5,3.846468400157248,0.4391744317863413,3.562172989136905,3.180501700967316,3.7751704547418696,0.0,-0.5526323493198009,-0.04203640445475232,3.8299964739654153
2026-09-04 15:15:00,29.667020399394065,31.810095298543327,30.78656615750389,30.268360742573464,31.30477157243432,2.2,1.2620043463508714,1.0075393637982573,1.5164693289034856,-1.5766760226212817,-0.23847520531143473,1023.1719376997793,1020.1955095673346,1022.2912924804368,-3.0,-2.1011103383440424,0.005327425241830497,34.208739945152814,42.07302983036328,37.967789714771186,6.5,3.8464684001572524,0.2587717154348468,4.684667601487657,4.898575356617542,5.177803618436661,0.0,-0.5526323493198009,0.27340408750068157,17.029027021067286
2026-09-04 15:20:00,30.848429299248505,32.65401149391974,31.162013251351215,30.643641064536357,31.680385438166073,2.2,1.2620043463508714,1.0071999128229159,1.516808779878827,1.5206019470328336,0.22999389621764976,1023.1661277996358,1020.1657920821647,1022.2724143266933,-3.0,-2.1011103383440424,-0.005511906184551663,30.856452236213695,36.56386270122067,34.111239003664565,6.5,3.8464684001572484,-1.3938447026011431,4.354911641109573,3.770709679310996,4.448666011559791,0.0,-0.5526323493198009,-0.12532398292899405,17.82371985146423
2026-09-04 15:25:00,30.76647889319906,33.02408456686016,31.692907150213415,31.174368245151108,32.21144605527572,2.2,1.2620043463508714,1.0068609134635986,1.5171477792381443,0.45733694286653304,0.06917307029587505,1022.858034308538,1019.6979192185939,1021.9023397540054,-3.0,-2.1011103383440473,-0.10331019706745792,32.90726518154966,39.35590214558749,34.78453138579521,6.5,3.846468400157247,0.7249023596350312,6.568654724038335,6.541853964397021,6.934527414249821,0.0,-0.5526323493198009,0.15995889946700004,8.04690456619607
2026-09-04 15:30:00,29.917268314794047,31.828483205379296,30.80656551314341,30.287859943418912,31.32527108286791,2.2,1.2620043463508714,1.0065223639225556,1.5174863287791873,-1.5873300974837825,-0.24008665411498598,1023.1277676622818,1019.9389079255646,1021.9515515682132,-3.0,-2.101110338344044,0.08846669569550158,33.450125122988354,38.69122190529477,34.80924791786251,6.5,3.846468400157247,0.03550558727501141,1.7352526454350279,2.0688666980659898,2.93478581104557,0.0,-0.5526323493198009,-0.3132867636597796,20.980751369326125
2026-09-04 15:35:00,30.27531795109612,32.56428865860762,31.12998859546355,30.611116414610485,31.648860776316617,2.2,1.2620043463508714,1.0061842624139328,1.5178244302878101,1.1391311105631452,0.17229571679320088,1023.0105302704735,1019.8597330015739,1021.9480211722536,-3.0,-2.101110338344044,0.012822167664353401,33.40380737590237,40.20147255883628,36.051428727737665,6.5,3.846468400157247,0.30357543094136474,3.1216829118737177,2.956228192842824,3.2781992344174142,0.0,-0.5526323493198009,0.2306613077452102,11.22376494375788
2026-09-04 15:40:00,30.260595775235313,32.54290891906817,31.280627989653656,30.761589251154092,31.79966672815322,2.2,1.2620043463508714,1.0058466071636623,1.5181620855380806,0.0018286256809574297,0.00027658306363775864,1023.0245498527246,1019.9160745869002,1021.9977221236904,-3.0,-2.101110338344044,0.01946280155380009,33.04326374274058,38.65106651363913,35.224126584652424,6.5,3.846468400157247,-0.41952847117054404,9.69872890425587,9.246652214514466,9.551009878501727,0.0,-0.5526323493198009,0.2482746853325395,9.741912052571031
2026-09-04 15:45:00,30.109757972865616,32.121477339065216,30.945915637686777,30.42671039497132,31.465120880402235,2.2,1.2620043463508714,1.0055093964093524,1.5184992962923904,-0.5715145332698626,-0.08644264497243626,1023.3000680016855,1020.3550589387376,1022.3596897595039,-3.0,-2.101110338344044,0.09647951757767714,33.78791779056959,40.06526958586833,35.95383972194402,6.5,3.846468400157247,0.2649614637670581,2.818660849909408,2.8625252888226758,3.982712014648838,0.0,-0.5526323493198009,-0.5675543765063615,48.15051139128527
2026-09-04 15:50:00,29.72442399939309,32.14861740411597,30.858186231294376,30.338814537742234,31.377557924846517,2.2,1.2620043463508714,1.0051726284001825,1.5188360643015604,0.18794362976673895,0.028426826470720812,1022.8806200580423,1019.7612624085142,1022.0313752521502,-3.0,-2.1011103383440437,-0.16900250529192817,34.344941228965,40.54728976869994,36.64087636431739,6.5,3.846468400157247,0.05994500422529825,3.841534274125018,3.6601186141343747,3.903846705434834,0.0,-0.5526323493198009,0.3089042580193415,16.90256382494913
2026-09-04 15:55:00,29.611543989063733,31.972658929624966,30.715349265450644,30.195811174389732,31.234887356511557,2.2,1.2620043463508714,1.0048363013967943,1.5191723913049486,-0.031038836142013082,-0.004694682176548781,1023.177307952624,1020.4392815473632,1022.3941661225688,-3.0,-2.1011103383440437,0.14622576313843183,34.96903358337534,41.69374648465628,37.73340839572919,6.5,3.846468400157247,0.11386968876983872,5.77339669884566,5.962264208665411,6.4269654733521095,0.0,-0.5526323493198009,0.08793108463310251,3.555209288930482
2026-09-04 16:00:00,29.80224712511164,32.197411792569355,30.881237361681126,30.361532926388126,31.400941796974127,2.2,1.2620043463508714,1.0045004136711893,1.5195082790305536,0.35814487850793597,0.05417008453735406,1023.0004604058635,1020.1545330612474,1022.3321015465564,-3.0,-2.1011103383440437,-0.07645814696491016,36.116999917750135,42.17476718371399,38.400821641017274,6.5,3.846468400157247,-0.07252285746053388,6.318332279197355,6.052734349531937,6.71658007646258,0.0,-0.5526323493198009,-0.11121337761084238,2.7537630062008023
2026-09-04 16:05:00,30.210503971600136,32.41227551233391,31.12637984677807,30.606509120478524,31.64625057307762,2.2,1.2620043463508714,1.004164963506624,1.5198437291951188,0.15795717668037668,0.023891319204970785,1022.9881514776554,1020.1094054101052,1022.2426882294634,-3.0,-2.1011103383440437,-0.032172481014185905,31.231121214541,37.25487665638582,34.52529316689063,6.5,3.846468400157247,-1.1168849106620584,8.863958890627762,8.632167823731832,9.078609802685556,0.0,-0.5526323493198009,0.10619037036607715,8.194994229530124
2026-09-04 16:10:00,29.884505851140865,31.801401037758126,30.661600862466596,30.14156389833499,31.1816378265982,2.2,1.2620043463508714,1.0038299491975087,1.5201787435042342,-0.807951443513609,-0.1222041710593409,1023.1373991649897,1020.1194503296188,1022.2133869086496,-3.0,-2.1011103383440437,0.0071737593132183974,33.944415548964365,41.59310072023308,36.604107763619254,6.5,3.846468400157247,1.1425245564565785,5.664175989241217,5.057875292978344,5.876157248704686,0.0,-0.5526323493198009,-0.26564960640654167,18.36279937668124
2026-09-04 16:15:00,29.441226469422855,31.83680092386508,30.536329654885698,30.016126506045538,31.056532803725858,2.2,1.2620043463508714,1.003495369049304,1.5205133236524389,0.25432360774445684,0.038466922628511924,1023.0595780788959,1020.286720189254,1022.3403612629585,-3.0,-2.1011103383440437,0.04746926463951695,33.97091748545606,40.69857091783568,36.964383439363665,6.5,3.846468400157247,-0.11228092168523318,9.154218932058656,9.2052023453741,9.421825793145306,0.0,-0.5526323493198009,0.3360089015485954,16.582035703287005
2026-09-04 16:20:00,29.817355789326324,31.963281509499165,30.651493955391757,30.131124674915654,31.17186323586786,2.2,1.2620043463508714,1.0031612213784236,1.5208474713233193,0.3291410941292696,0.049783207756536996,1023.0849678864491,1020.052267041781,1022.2121184330274,-3.0,-2.1011103383440437,-0.0587410529024055,34.0179650509273,40.069124369309485,36.46108323355707,6.5,3.846468400157247,-0.23842726440483375,7.166670758553476,7.1183992770704965,7.935545399633474,0.0,-0.5526323493198009,-0.26451377324317704,10.922279320642826
2026-09-04 16:25:00,28.285307259989246,30.20735123135071,29.21320468768811,28.692669328597855,29.73374004677836,2.2,1.2620043463508714,1.0028275045121333,1.5211811881896096,-1.7709387205226896,-0.267857802688269,1023.1365645199235,1020.1318753078003,1022.213997438956,-3.0,-2.1011103383440437,0.018988207188385786,37.84831051384841,44.147643576399425,39.50687301501253,6.5,3.846468400157247,0.7943021612296448,2.5200880574097653,2.163572656187744,2.8541240317675736,0.0,-0.5526323493198009,-0.1379190262600285,13.586205368669429
2026-09-04 16:30:00,29.797170188344225,32.26757806153909,30.55792427765692,30.03722289292358,31.07862566239026,2.2,1.2620043463508714,1.0024942167884547,1.5215144759132881,2.959629005345743,0.44764943753130026,1022.9348307772789,1019.9603269582412,1022.0914064420033,-3.0,-2.1011103383440437,-0.02996914541802198,33.2944110371559,41.1106949989725,38.12372208930758,6.5,3.846468400157247,-0.8594954904923284,2.9873066081700705,3.0454462223001983,3.329566826676897,0.0,-0.5526323493198009,0.2685117449431025,35.3817865544179
2026-09-04 16:35:00,28.55165875273771,31.17154025683821,30.142487736532672,29.621620379076653,30.66335509398869,2.2,1.2620043463508714,1.002161356556068,1.5218473361456748,-1.540158265392261,-0.23295182604533338,1022.8871821382556,1019.9924555943371,1022.0729595071294,-3.0,-2.1011103383440437,0.020606425551704888,35.87695885428689,42.18882695168601,38.214204092249524,6.5,3.846468400157247,0.1281544592792372,5.469399975444909,5.777521065638151,6.245530813829163,0.0,-0.5526323493198009,0.08462260112878894,6.894019971582429
2026-09-04 16:40:00,29.009439598367578,31.201189972571736,29.942751478273827,29.42171820096496,30.463784755582694,2.2,1.2620043463508714,1.0018289221742167,1.5221797705275262,-0.02357558902100365,-0.00356585205296156,1022.8121040874122,1019.9076402992627,1022.0139433377656,-3.0,-2.1011103383440437,-0.00519270015888651,35.927882134614755,41.876460836092846,38.056079196099205,6.5,3.846468400157247,-0.02608676016360789,5.1094221082649875,5.044751725239303,5.761689531544986,0.0,-0.5526323493198009,-0.16430545698588261,3.8598526343668627
2026-09-04 16:45:00,28.610463095737042,31.2422873266577,29.944941514311655,29.423742369969286,30.466140658654023,2.2,1.2620043463508714,1.0014969120126125,1.5225117806891304,0.2336596878744892,0.03534146599517385,1022.8483573172159,1019.7770885254492,1021.896688529409,-3.0,-2.1011103383440437,-0.01848966561567522,37.3425703524548,43.29457343235369,39.15201814441623,6.5,3.846468400157247,0.29608688778020564,8.345432521268807,8.4258826062154,8.80051692052209,0.0,-0.5526323493198009,0.1779980350131094,5.141509416691336
2026-09-04 16:50:00,28.44147031306038,30.659733258782648,29.475418337457143,28.9540533788502,29.996783296064084,2.2,1.2620043463508714,1.0011653244513437,1.5228433682503992,-0.5136427222644002,-0.07768942502536547,1023.4133199897213,1020.3333709318075,1022.2920946170346,-3.0,-2.1011103383440437,0.14238665311688692,38.12872291791924,44.18942173312758,40.26123550846157,6.5,3.846468400157247,0.08171782450876464,6.640132371409702,6.722125746285251,7.491922873790935,0.0,-0.5526323493198009,-0.2171647781858841,9.661487115568201
2026-09-04 16:55:00,29.321837006343955,31.445745825510684,30.017479815959977,29.495949095807063,30.53901053611289,2.2,1.2620043463508714,1.0008341578807816,1.5231745348209613,1.0992370360095798,0.16626166319983682,1023.1579974374451,1020.2539828810179,1022.3946079506686,-3.0,-2.1011103383440437,-0.03951473130666727,34.7864375225559,40.81083934461452,37.80433899140991,6.5,3.846468400157247,-0.8399680469526345,4.968717931273782,4.607418983120095,5.183857680883365,0.0,-0.5526323493198009,-0.02380634844347007,6.8047015375604945
2026-09-04 17:00:00,28.565796842066806,30.63970515122971,29.531011257134463,29.00931482810392,30.052707686165004,2.2,1.2620043463508714,1.0005034107014894,1.5235052820002535,-1.0136102567685903,-0.15331045225562434,1022.7705812589196,1019.8778667465033,1022.1049323603511,-3.0,-2.1011103383440437,-0.12595527550377028,35.98674236384761,41.463024085168215,37.354369993520805,6.5,3.846468400157247,0.2621856914901599,3.053109480847961,3.6700852270602398,4.161415333655223,0.0,-0.5526323493198009,0.0613022427248171,5.143927687868707
2026-09-04 17:05:00,28.784114965203756,31.311531446802302,29.920984374464826,29.399122289174834,30.44284645975482,2.2,1.2620043463508714,1.0001730813241327,1.5238356113776101,0.8498587250644505,0.12854272598660543,1022.7784787091065,1019.719476040383,1021.850395917062,-3.0,-2.1011103383440437,-0.029809538334916397,34.42566492333094,40.02630484577336,36.26484426496114,6.5,3.846468400157247,-0.0850078193450301,3.56131260283494,3.420057653798255,3.9421036356009522,0.0,-0.5526323493198009,0.030586367517103863,2.017546960513167
2026-09-04 17:10:00,28.51670502823662,30.560676251959062,29.432109469726022,28.91008178074466,29.954137158707383,2.2,1.2620043463508714,0.9998431681693902,1.5241655245323527,-0.882220889952972,-0.13343756411783048,1023.0544374558796,1019.8163592454277,1021.8526649833074,-3.0,-2.1011103383440437,0.06480460046441294,37.05372181005303,42.89026551056393,38.30914878906766,6.5,3.846468400157247,0.7346483213390158,6.466934149606138,6.66376901016422,7.066333083394076,0.0,-0.5526323493198009,0.15006827608994477,8.338396265962729
2026-09-04 17:15:00,28.613633148785066,30.960687010780063,29.604841371225515,29.082648131070858,30.12703461138017,2.2,1.2620043463508714,0.9995136696678656,1.5244950230338774,0.6204306092651883,0.09384129320367762,1023.0713057980744,1020.0402083836732,1022.0611256258624,-3.0,-2.1011103383440437,0.08019309615485781,36.330483151158184,43.30373996592066,39.47477788944303,6.5,3.846468400157247,-0.01750632367961913,5.157830328682261,5.3885949118509755,6.141880484176957,0.0,-0.5526323493198009,-0.2006532230061806,7.394655646837087
2026-09-04 17:20:00,28.338334022740508,30.426501255728667,29.24286413174503,28.72050539288521,29.76522287060485,2.2,1.2620043463508714,0.99918458426,1.5248241084417429,-0.5181239714396639,-0.07836722236723404,1023.0803948747944,1020.1739237446183,1022.2540717738976,-3.0,-2.1011103383440437,0.020962309064657347,39.17519997869257,45.37021014887427,41.35558422194113,6.5,3.846468400157247,0.16815752677589302,5.880903519566022,5.8390249814312964,6.320805643035803,0.0,-0.5526323493198009,0.07085168771529382,1.5602255619235004
2026-09-04 17:25:00,27.676704091453665,29.784642738938793,28.588817683383198,28.0662934982365,29.111341868529895,2.2,1.2620043463508714,0.9988559103959862,1.5251527823057567,-0.4375436048151329,-0.06617929079527585,1022.9704881343713,1020.2413006613342,1022.3607160048491,-3.0,-2.1011103383440437,-0.0183050051708733,39.507032528489006,45.841303177213774,42.20052905834394,6.5,3.846468400157247,-0.20569428128741407,2.975030423369166,3.157068930887056,3.83876753933739,0.0,-0.5526323493198009,-0.12906625913053293,3.0949530786957
2026-09-04 17:30:00,28.46827423280784,30.874324171601753,29.368715713999194,28.846026134934124,29.891405293064263,2.2,1.2620043463508714,0.9985276465356843,1.5254810461660586,1.6105857240836094,0.24360411125168824,1023.0024367685068,1019.8227430741557,1022.0502769755752,-3.0,-2.1011103383440437,-0.12642356307549107,36.13763606947379,43.65370648967771,40.4813234235481,6.5,3.846468400157247,-0.6740853340276374,7.131872700952333,7.20561846749725,7.465359268311399,0.0,-0.5526323493198009,0.2928915485056516,22.634253522876442
2026-09-04 17:35:00,27.749766883527563,29.873759514269693,28.806926072542478,28.284071151877846,29.32978099320711,2.2,1.2620043463508714,0.9981997911485355,1.5258089015532073,-1.2903701465800488,-0.19517090462365516,1023.0848415204089,1020.0208558324842,1022.0673687885615,-3.0,-2.1011103383440437,0.054597382266820205,38.834779333976044,46.37078505392678,41.93615232212097,6.5,3.846468400157247,0.5881643316485636,9.409308062446632,8.984016135278411,9.633118190084627,0.0,-0.5526323493198009,-0.09646970548641498,7.467291111340588
2026-09-04 17:40:00,27.1998400407363,29.31888096485224,28.11522075554975,27.592200545554746,28.638240965544753,2.2,1.2620043463508714,0.9978723427134812,1.5261363499882616,-0.3857415777232518,-0.05834413704837971,1023.0648523967628,1020.0064418625341,1022.0889327196969,-3.0,-2.1011103383440437,0.018619481181190167,40.257941926157045,46.532241971646854,42.69739929799973,6.5,3.846468400157247,-0.01162572651012539,3.6932709343035373,3.5935891239285107,4.472177528853893,0.0,-0.5526323493198009,-0.32595605560558205,15.55948803250439
2026-09-04 17:45:00,27.524198148054435,29.950759087489395,28.506314069596055,27.98312862249033,29.02949951670178,2.2,1.2620043463508714,0.9975452997188792,1.5264633929828637,1.2062043598884067,0.18244067154246935,1022.7373050678092,1019.9406758687239,1022.0526157441155,-3.0,-2.1011103383440437,-0.010829537047584381,39.67306722161157,45.66837641306484,42.14289854766449,6.5,3.846468400157247,-0.3209905347568949,5.528285167146462,5.344519896440244,5.577130294133134,0.0,-0.5526323493198009,0.3200219516269103,18.67661835348517
2026-09-04 17:50:00,28.166555568250416,30.68603502689474,29.3164567015043,28.79310606945804,29.83980733355056,2.2,1.2620043463508714,0.997218660662422,1.5267900320393208,0.7112241005858415,0.107573979039568,1023.0558990625649,1020.0506578374961,1022.1240459264511,-3.0,-2.1011103383440437,0.02772224938905765,37.973825220994215,43.78228097005538,40.32595415528179,6.5,3.846468400157247,-0.3901415853836596,12.870898733006493,12.732375220602655,13.026753487387575,0.0,-0.5526323493198009,0.25825408253488114,11.60847456685135
2026-09-04 17:55:00,27.775052722886358,30.103990683543202,29.019823046998468,28.49630728213248,29.543338811864455,2.2,1.2620043463508714,0.996892424051058,1.5271162686506847,-1.1757653208727632,-0.17783670980613664,1022.9847742113352,1019.8486752274293,1021.9980739506913,-3.0,-2.1011103383440437,-0.04828838491789611,39.293061727423925,46.347282343190514,41.80733024501943,6.5,3.846468400157247,0.6934836980138357,4.228207890316988,3.837006936965997,5.119267588147773,0.0,-0.5526323493198009,-0.7296283018619754,82.0369449717532
2026-09-04 18:00:00,27.162190363589527,29.231236408464735,28.110486137202123,27.586805291587908,28.63416698281634,2.2,1.2620043463508714,0.9965665884009101,1.5274421043008328,-0.9338996605469063,-0.14125407508825916,1023.1628361029717,1020.2466403954099,1022.2529414427296,-3.0,-2.1011103383440437,0.09480929102437585,39.287719385182946,45.62395359836511,41.92346864881165,6.5,3.846468400157247,-0.14598345060378648,6.2751481455457965,6.613078260569606,6.659097480037392,0.0,-0.5526323493198009,0.5066131298520142,39.843457421469445
2026-09-04 18:05:00,27.026680969041667,29.12455926918215,27.78413397975061,27.26028810541044,28.30797985409078,2.2,1.2620043463508714,0.9962411522371976,1.5277675404645454,0.5184791453063866,0.07842094308066905,1023.610366922662,1020.5496711446559,1022.5953721779761,-3.0,-2.1011103383440437,0.05540930502388619,42.17092259994657,48.36172668768834,44.06467471178358,6.5,3.846468400157247,0.4505835757475083,2.0163137159091047,2.4969115122931287,3.3241250229039103,0.0,-0.5526323493198009,-0.274581161290981,12.793850050944885
2026-09-04 18:10:00,26.900580238703093,29.1165632914511,27.78254390623655,27.258533055143545,28.306554757329558,2.2,1.2620043463508714,0.9959161140941587,1.528092578607584,0.47612658471650704,0.07201503886367888,1023.2456755584174,1020.0620174674136,1022.3232607977226,-3.0,-2.1011103383440437,-0.1601329919649288,41.47896116464836,47.32802950453832,43.91548562007068,6.5,3.846468400157247,-0.4339245156896112,6.288526385522248,6.58192727832177,6.795002319741082,0.0,-0.5526323493198009,0.3395573079004892,20.825684208578938
2026-09-04 18:15:00,27.720973642576183,29.985159654961315,28.56962419050204,28.045448414580243,29.093799966423838,2.2,1.2620043463508714,0.995591472514973,1.5284172201867698,1.0150691864658477,0.15353111810840403,1023.1734433976337,1020.0395274015423,1022.1599822411669,-3.0,-2.1011103383440437,-0.01934450128055687,39.92157752206886,45.80584439485975,42.40366901407632,6.5,3.846468400157247,-0.4442930193738235,1.9836036728235478,2.3647624400676905,3.272135278740583,0.0,-0.5526323493198009,-0.3547404893530919,21.50538148327999
2026-09-04 18:20:00,26.902352246877708,28.904779064849752,27.878512987545772,27.354172338670235,28.40285363642131,2.2,1.2620043463508714,0.9952672260516857,1.5287414666500572,-1.558580800612301,-0.235738269046891,1023.3905953530755,1020.6507016462389,1022.5871904672238,-3.0,-2.1011103383440437,0.16462151735913721,40.336789103092286,47.09283565628688,42.88306302425923,6.5,3.846468400157247,0.3633042318704014,11.501800587026407,11.39841013592396,11.382247348551337,0.0,-0.5526323493198009,0.5687951366924242,55.74031940448259
2026-09-04 18:25:00,26.77923601745142,29.123843605367394,27.795907353555645,27.271401883552503,28.320412823558787,2.2,1.2620043463508714,0.9949433732651316,1.5290653194366113,0.4359080195785694,0.06593190546087868,1023.3584974517938,1020.4161288350413,1022.5882372072441,-3.0,-2.1011103383440437,-0.07099803385881387,41.898954064659534,47.346603451949726,43.39575660917781,6.5,3.846468400157247,0.10437844261466722,7.161467585418554,6.970590534922743,8.102542553498397,0.0,-0.5526323493198009,-0.5793196692558533,48.964818075138275
2026-09-04 18:30:00,26.87538672535264,29.09248939128056,27.802670448643003,27.27800020928954,28.327340687996465,2.2,1.2620043463508714,0.9946199127248612,1.5293887799768817,0.18389587708641386,0.027814596286685145,1023.3847743031088,1020.4009383114267,1022.5390938012174,-3.0,-2.1011103383440437,-0.03704515144670495,40.89551039509976,48.19140535013011,44.237706202843526,6.5,3.846468400157247,0.10723074712933567,7.900502567506467,7.6669264534629535,8.014712328669797,0.0,-0.5526323493198009,0.20484647411295764,6.281297143901769
2026-09-04 18:35:00,26.413331433855703,28.270189770128077,27.12511888293065,26.600283925955395,27.649953839905905,2.2,1.2620043463508714,0.9942968430090668,1.529711849692676,-0.7731041935727774,-0.11693345915344366,1023.4503259201813,1020.4128418598095,1022.5176872020018,-3.0,-2.1011103383440437,-0.003735003848191809,41.614606700641566,47.68753098558963,44.059191738628364,6.5,3.846468400157247,-0.21812915319598147,6.949244136348807,7.142463613235974,7.725072239124695,0.0,-0.5526323493198009,-0.029976276568920213,1.8207019213166862
2026-09-04 18:40:00,26.06730622414102,28.081520927648874,26.78115437293607,26.256154750018855,27.306153995853283,2.2,1.2620043463508714,0.9939741627045099,1.5300345299972329,0.2536312905992695,0.038362208361935046,1023.7071618392124,1020.7509841655302,1022.7731989361483,-3.0,-2.1011103383440437,0.07889556772590822,45.17726626070412,51.55755750530269,47.012277626829,6.5,3.846468400157247,0.6988114783164434,5.901649863608963,5.969768779552208,6.559493125867203,0.0,-0.5526323493198009,-0.037091996995194165,3.5551615165127854
2026-09-04 18:45:00,25.94413244410702,28.043306709376687,26.72338364508757,26.198219407859614,27.248547882315524,2.2,1.2620043463508714,0.9936518704064481,1.5303568222952948,0.3829289242667535,0.057918717938246544,1023.2702400778837,1020.3122754697841,1022.5319925296362,-3.0,-2.1011103383440437,-0.1186067215080584,45.577325890001674,51.00774352348923,47.55771157257169,6.5,3.846468400157247,-0.3964364492397081,4.798739890384289,4.775573376904761,5.327494416181251,0.0,-0.5526323493198009,0.000711310043310931,2.730374339328427
2026-09-04 18:50:00,25.844500895596425,28.029929357828212,26.74358607685251,26.2182572768965,27.268914876808516,2.2,1.2620043463508714,0.9933299647185649,1.530678727983178,0.1609165807783164,0.02433893462483283,1023.5538854765556,1020.5977108007867,1022.6364882448436,-3.0,-2.1011103383440437,0.06233289428712396,43.593653378204955,50.08376062761106,46.68504764128607,6.5,3.846468400157247,-0.4477554138322546,8.614196994341643,9.002741557600245,9.31628741387073,0.0,-0.5526323493198009,0.2390864930493155,9.682231963938007
2026-09-04 18:55:00,25.70751954473222,28.28537530383302,26.98038372836214,26.4548904172123,27.505877039511976,2.2,1.2620043463508714,0.9930084442528984,1.5310002484488445,0.28420956109016515,0.04298722912001196,1023.3885843110481,1020.4058110745898,1022.544081714108,-3.0,-2.1011103383440437,-0.03716030117413993,43.39238215932758,49.62972540517514,45.88454666387394,6.5,3.846468400157247,-0.10128965885605368,10.841641529481532,10.963123935626134,11.61726983000796,0.0,-0.5526323493198009,-0.10151354506202459,1.8724836752362362
2026-09-04 19:00:00,25.86160417827496,28.109238439502885,26.89661043132597,26.370952660468145,27.422268202183798,2.2,1.2620043463508714,0.9926873076297718,1.5313213850719711,-0.3264510806565717,-0.049376338173956924,1023.6572579663512,1020.787577717097,1022.7998061552224,-3.0,-2.1011103383440437,0.0888819002185528,44.17655794257147,50.636493463486296,46.479674223746095,6.5,3.846468400157247,0.3103508395829522,5.046084028456476,4.794486737200301,5.712730878157591,0.0,-0.5526323493198009,-0.36561179163748925,20.706497023887554
2026-09-04 19:05:00,25.4384308846387,27.470276506658973,26.307270435828535,25.78144825670025,26.83309261495682,2.2,1.2620043463508714,0.9923665534777242,1.5316421392240187,-0.6545259373614023,-0.09899827552043305,1023.4841578876635,1020.4876235395636,1022.6715650391717,-3.0,-2.1011103383440437,-0.08283116126403911,45.94911882437499,53.6264859430645,49.18730720634025,6.5,3.846468400157247,0.5927103365670021,9.862563230753924,9.658290582013215,9.719878018060282,0.0,-0.5526323493198009,0.49104491327273436,38.01198498184464
2026-09-04 19:10:00,25.55684481650611,27.80097097736754,26.429934333390854,25.903947797381406,26.955920869400302,2.2,1.2620043463508714,0.9920461804334422,1.5319625122683007,0.7208657568128771,0.10903229762581645,1023.6089735206273,1020.4622826952943,1022.5792808563557,-3.0,-2.1011103383440437,-0.0158878227173318,45.12847809533727,51.770636531969465,48.57029887572369,6.5,3.846468400157247,-0.6461307439114705,5.591686378360381,5.796284368136625,6.719614624500027,0.0,-0.5526323493198009,-0.37069790704360095,23.03859712900639
2026-09-04 19:15:00,25.076754765508113,27.206337216017335,26.019647546217872,25.4934967046684,26.545798387767345,2.2,1.2620043463508714,0.9917261871416925,1.5322825055600504,-0.49794210058444577,-0.07531467655140744,1023.678464637082,1020.5866012034469,1022.6465987946734,-3.0,-2.1011103383440437,0.04111274711749502,47.0278351536829,52.892107806366255,48.97105552865102,6.5,3.846468400157247,0.07458387755798412,5.2130515392291725,5.525571395025551,5.93900716909721,0.0,-0.5526323493198009,0.13919657524814166,3.581650942491465
2026-09-04 19:20:00,24.984945107600378,27.249896755507084,25.942165150608684,25.415850054812243,26.468480246405125,2.2,1.2620043463508714,0.991406572255255,1.532602120446488,0.30232523350986185,0.04572725854752946,1023.9217225851377,1020.6248697811142,1022.7131538176609,-3.0,-2.1011103383440437,0.01282630179730404,47.11687442310997,53.04781849467272,49.21859389760212,6.5,3.846468400157247,-0.01724380308665019,4.579000719454319,4.74450478913111,5.304530518445634,0.0,-0.5526323493198009,-0.007393379994723226,0.24885463518768317
2026-09-04 19:25:00,23.99793843481659,26.314051972223712,25.167961988851637,24.641482690053273,25.69444128765,2.2,1.2620043463508714,0.9910873344348563,1.5329213582668866,-0.7663664511680217,-0.11591436297879554,1023.9671495969387,1021.2711721643451,1023.2362010655339,-3.0,-2.1011103383440437,0.13608143715521237,50.19591660720366,57.17202155593467,52.578195922306094,6.5,3.846468400157247,0.7473572334713268,2.8273855336783726,3.396452158039997,3.9799491616082694,0.0,-0.5526323493198009,-0.030864654248471624,6.491317775240256
2026-09-04 19:30:00,25.006836837187414,27.4486829666322,25.933235989254353,25.40659253865118,26.459879439857527,2.2,1.2620043463508714,0.9907684723491047,1.533240220352638,1.6756329821728748,0.25344263102697795,1023.6978982848958,1020.8273114736887,1023.0812923023511,-3.0,-2.1011103383440437,-0.15287049031837796,47.13004364016452,54.668998272959264,51.6583524566885,6.5,3.846468400157247,-0.8358225838864826,0.3532819636176367,0.8437841133370623,1.4485746014929428,0.0,-0.5526323493198009,-0.05215813883607967,13.377454658672
2026-09-04 19:35:00,24.621429214215386,26.81657191508138,25.68880345403214,25.161995902773413,26.215611005290867,2.2,1.2620043463508714,0.990449984674425,1.5335587080273179,-0.8874989810954297,-0.13423588530163144,1023.9496440890335,1020.8251335147642,1022.963905674709,-3.0,-2.1011103383440437,-0.03766182160086373,46.46871868724735,53.19425310384819,49.79691475172181,6.5,3.846468400157247,-0.44913004803086665,3.017587502606522,3.149898253061751,3.4878745515288965,0.0,-0.5526323493198009,0.2146560508526556,9.675408026917205
2026-09-04 19:40:00,24.724088777522404,27.251880883042368,25.927911614799275,25.400940013986464,26.454883215612085,2.2,1.2620043463508714,0.9901318700949946,1.5338768226067483,0.4096803542468095,0.06196492189222269,1023.8928161427948,1020.8505394153852,1022.9373379947567,-3.0,-2.1011103383440437,0.014311758972553434,49.11325544891299,56.1642256445568,51.56088471196824,6.5,3.846468400157247,0.7568725324313093,4.805344829611657,4.553770631767207,5.145606552872227,0.0,-0.5526323493198009,-0.039203571785219715,3.592074091112456
2026-09-04 19:45:00,23.008038400217284,25.38964293272452,24.426615535303952,23.89947993599082,24.953751134617086,2.2,1.2620043463508714,0.9898141273026803,1.5341945653990625,-1.9766825908767665,-0.2989769489303029,1023.8694521207836,1020.7739206496527,1022.8795249410929,-3.0,-2.1011103383440437,-0.004493953096130099,54.20622294854615,61.19401312721551,56.403096937594356,6.5,3.846468400157247,0.9444477894639078,3.9019272693827753,3.508931015863245,4.177865649714207,0.0,-0.5526323493198009,-0.11630228453116098,15.971669231286054
2026-09-04 19:50:00,24.843233374938794,26.901745465976354,25.27493599971922,24.747636452911888,25.80223554652655,2.2,1.2620043463508714,0.9894967549969749,1.534511937704768,2.4119047711251014,0.36480511990626496,1024.0856973593084,1021.3170794410145,1023.2854960997623,-3.0,-2.1011103383440437,0.13269367959617284,51.06604642536265,58.70129795604867,55.896716928429946,6.5,3.846468400157247,-1.0418873725385254,4.316829671531542,4.200615148027127,4.67440027872961,0.0,-0.5526323493198009,0.0788472186173177,22.50571599474442
2026-09-04 19:55:00,23.79316004333747,26.43513117648716,25.261004949036458,24.73354150569349,25.788468392379425,2.2,1.2620043463508714,0.9891797518849357,1.5348289408168072,-0.5810051523050888,-0.08787811890016783,1024.1329659797277,1020.9199844050871,1023.1388066649223,-3.0,-2.1011103383440437,-0.11771192149114995,49.580747906946684,54.521075768765854,51.8147871326824,6.5,3.846468400157247,-1.1401797640737925,11.019395836287776,11.245359870212623,11.51534198179521,0.0,-0.5526323493198009,0.2826502377372133,20.441021167290426
2026-09-04 20:00:00,24.133233300885873,26.398632203539893,25.16678213494167,24.639154845974147,25.694409423909192,2.2,1.2620043463508714,0.988863116681123,1.5351455760206199,-0.1993646536543352,-0.03015427775264712,1024.605117388421,1021.6222887972438,1023.5883363265896,-3.0,-2.1011103383440437,0.13506280899821377,49.91687618852275,56.95065133996637,52.30242208161352,6.5,3.846468400157247,0.8017608581955997,3.6116286603443557,4.159622784137937,5.337247999609641,0.0,-0.5526323493198009,-0.6249928661519029,61.168198403580206
2026-09-04 20:05:00,23.114896420987975,25.147871520193526,24.069971479469466,23.54218039574105,24.597762563197882,2.2,1.2620043463508714,0.9885468481075388,1.535461844594204,-1.217203457122725,-0.18410430562681057,1024.3687227317414,1021.3524435553567,1023.55137784895,-3.0,-2.1011103383440437,-0.09782395524928233,51.187807925349475,58.47479676047232,54.09938021123968,6.5,3.846468400157247,0.52894814907539,4.266716516385248,4.391950626708488,4.630685645551431,0.0,-0.5526323493198009,0.3138973304768582,20.148875583926944
2026-09-04 20:10:00,23.616883772155475,26.147466382401557,24.624398716260348,24.096443888587356,25.15235354393334,2.2,1.2620043463508714,0.9882309448935672,1.5357777478081758,1.726017076541769,0.26106331979033826,1024.1605144250773,1021.2845402196837,1023.4386158166938,-3.0,-2.1011103383440437,-0.052965258666063164,52.50973983425196,57.938760869343504,54.330397183785664,6.5,3.846468400157247,-0.23810471459940885,2.08210501621657,2.432721854485941,3.0568510974434515,0.0,-0.5526323493198009,-0.07149689363770984,8.542970047466525
2026-09-04 20:15:00,22.79142262942881,25.406978146468497,24.261392034938158,23.733273514089646,24.78951055578667,2.2,1.2620043463508714,0.9879154057759145,1.5360932869258284,-0.7696977939392688,-0.11641823482053226,1024.3464388188706,1021.330837434712,1023.4211870167616,-3.0,-2.1011103383440437,0.010760756294416751,53.58002855434177,59.37149400713664,55.38835680035207,6.5,3.846468400157247,0.13666880662731984,1.2192874377646068,1.145695191908266,1.6819774870686772,0.0,-0.5526323493198009,0.016350054159389726,1.5807422999501701
2026-09-04 20:20:00,22.804477490444786,24.997872437700874,23.778266096097024,23.249983932794855,24.306548259399193,2.2,1.2620043463508714,0.9876002294985504,1.5364084632031925,-0.28031391105970016,-0.042398004747020934,1024.6488881600826,1021.3851568285843,1023.4651101778126,-3.0,-2.1011103383440437,0.021156989115752367,55.88768384801597,61.707057649113445,57.556186367496814,6.5,3.846468400157247,0.30440288145938155,6.7214334147489785,6.908264152317243,7.149126028498674,0.0,-0.5526323493198009,0.3117704731383695,14.585453804585686
2026-09-04 20:25:00,23.661057645030617,25.7603275929555,24.322828254132542,23.79438249905146,24.851274009213626,2.2,1.2620043463508714,0.9872854148126495,1.5367232778890934,1.1602830841868368,0.17549499247208544,1024.8739073511526,1021.8362396759562,1023.8360634741883,-3.0,-2.1011103383440437,0.10128654011191429,49.86021034794343,55.777178190841525,53.38227246234579,6.5,3.846468400157247,-1.451562671661513,5.05748884503364,5.304495893876791,6.18336533782782,0.0,-0.5526323493198009,-0.3262370946312281,30.415120674571238
2026-09-04 20:30:00,22.660978058654752,24.82650306716402,23.734705300470978,23.206096004238667,24.26331459670329,2.2,1.2620043463508714,0.9869709604765339,1.5370377322252091,-1.125318804898054,-0.1702065796578296,1024.3880434003693,1021.2422190676778,1023.5121362205889,-3.0,-2.1011103383440437,-0.16880681456711955,52.6769408836948,58.79156724294638,54.138726847142166,6.5,3.846468400157247,0.8063719956469626,6.57717533466367,5.983297051907911,6.4466129392353135,0.0,-0.5526323493198009,0.08931646199239829,10.720109820145497
2026-09-04 20:35:00,22.666457853781562,25.0094041992851,23.682573957343934,23.153801170541115,24.211346744146752,2.2,1.2620043463508714,0.9866568652556156,1.5373518274461273,0.4285956482926174,0.06482589559029606,1024.4094957660823,1021.4214326980657,1023.4890997078055,-3.0,-2.1011103383440437,0.03344332860422128,54.04725826640028,60.74134051684423,56.33352712557525,6.5,3.846468400157247,0.5613449911117314,2.216148746322493,2.0921171056095402,2.8314541262886674,0.0,-0.5526323493198009,-0.18670467135932656,7.162322513681982
2026-09-04 20:40:00,22.770254901916488,25.22582623292259,23.903476514615832,23.374540287776323,24.43241274145534,2.2,1.2620043463508714,0.9863431279223405,1.5376655647794024,0.39897271883992147,0.06034537195588641,1025.0378190485446,1022.2529456040227,1024.1466320207562,-3.0,-2.1011103383440437,0.20742392161048429,52.56229218195848,59.75483190289238,56.298326524886356,6.5,3.846468400157247,-0.38996302215122824,5.06547341383727,5.350383529120631,5.592054130804026,0.0,-0.5526323493198009,0.31096174763640505,19.759148400901037
2026-09-04 20:45:00,22.46383446608618,24.777931932258895,23.598721594006868,23.06962197761765,24.127821210396085,2.2,1.2620043463508714,0.9860297472561318,1.537978945445611,-0.547391613378359,-0.08279400809884407,1024.8813543952645,1021.6204406086296,1023.9133398081034,-3.0,-2.1011103383440437,-0.19178886112979399,56.33615727831689,63.701210844531715,59.23909676600496,6.5,3.846468400157247,0.6156456783695035,2.974836757584342,3.0571772582753116,3.8476497446196163,0.0,-0.5526323493198009,-0.23784013702450402,14.843754402083817
2026-09-04 20:50:00,22.169735034928753,24.390079676623106,23.165837727750585,22.636574772251887,23.695100683249283,2.2,1.2620043463508714,0.9857167220433352,1.5382919706584077,-0.2496656479781727,-0.03776239747834964,1024.7583555849326,1021.6383221746227,1023.7733220939645,-3.0,-2.1011103383440437,-0.033889580997765734,54.85209800513665,60.68183955620242,57.74392927639056,6.5,3.846468400157247,-0.9085581203453899,2.79825604216459,2.43930152771931,2.9299908734487397,0.0,-0.5526323493198009,0.061943003590371415,5.068267885661438
2026-09-04 20:55:00,22.100310210358465,24.59991256441935,23.252186997369233,22.722760753154596,23.78161324158387,2.2,1.2620043463508714,0.9854040510771638,1.538604641624579,0.5667448451499197,0.08572122069924504,1025.0343308377455,1021.951426894678,1023.9668385685569,-3.0,-2.1011103383440437,0.08569866446509877,56.80465716250787,62.62889476354549,58.48340715785761,6.5,3.846468400157247,0.29901920553062666,0.5921881801717934,0.0,0.6225649590992124,0.0,-0.5526323493198009,-0.06993260977941151,2.7531165447848434
2026-09-04 21:00:00,22.761283278851344,24.89871598424104,23.578493044529075,23.048903561945426,24.108082527112725,2.2,1.2620043463508714,0.9850917331576435,1.5389169595440992,0.38491154710737874,0.058218593361093696,1024.6240612039862,1021.5668165396743,1023.7572911818851,-3.0,-2.1011103383440437,-0.0893643038667733,52.67860682570556,60.23126429771854,56.87322759097296,6.5,3.846468400157247,-0.4884316934116697,2.055365382349771,1.9456311587591693,2.308265400964358,0.0,-0.5526323493198009,0.18999810711461196,7.625392063430755
2026-09-04 21:05:00,21.623373556635276,24.029557424308656,22.93065373807186,22.400901067419586,23.460406408724136,2.2,1.2620043463508714,0.9847797670915599,1.539228925610183,-1.0783381011863824,-0.16310066011407542,1025.0848664673154,1022.1958853169311,1024.1509238579656,-3.0,-2.1011103383440437,0.14607179730955977,59.14553352604197,66.16292867437689,61.04818105355279,6.5,3.846468400157247,1.2682792206668552,3.3455353758510586,3.324059667982895,3.9002154752148654,0.0,-0.5526323493198009,-0.023523457912169476,13.536872793923333
2026-09-04 21:10:00,21.574356950354222,23.716744390683964,22.453697342662444,21.92378153419546,22.98361315112943,2.2,1.2620043463508714,0.9844681516924048,1.5395405410093381,0.0068938098646889046,0.0010427016706486825,1025.1980199672073,1022.1719883045731,1024.2980342345559,-3.0,-2.1011103383440437,-0.024935591638723054,61.27945539572664,67.84574726922185,63.96658923221194,6.5,3.846468400157247,0.032689636852666126,1.9390349947440029,1.6738581097954992,2.3672581782722424,0.0,-0.5526323493198009,-0.1407677191569423,2.902315666337284
2026-09-04 21:15:00,21.762746497776778,24.048951089378956,22.664242019055028,22.13416312298085,23.194320915129204,2.2,1.2620043463508714,0.9841568857803233,1.5398518069214195,0.8112608432311852,0.1227047239730581,1025.3514240227196,1022.4137944315777,1024.5053945334598,-3.0,-2.1011103383440437,0.009510236461892418,58.961794508784365,65.84046384922834,62.93879884013458,6.5,3.846468400157247,-0.9448033910634877,11.350056351502232,11.39298183261063,11.445290444335539,0.0,-0.5526323493198009,0.5003237375948917,41.90778464228997
2026-09-04 21:20:00,21.634412055637465,23.811699542679374,22.58008682976128,22.0498448962411,23.110328763281462,2.2,1.2620043463508714,0.9838459681820622,1.5401627245196807,-0.20093392794935738,-0.030391633432778065,1025.123986456503,1022.0301204999432,1024.2593353053503,-3.0,-2.1011103383440437,-0.12810446706305356,57.824956625601835,64.30111360012067,60.93982222333607,6.5,3.846468400157247,-0.4851770233726427,3.3413754949702934,3.4932915191401617,4.816089734170905,0.0,-0.5526323493198009,-0.7701658657109429,87.7716109151389
2026-09-04 21:25:00,21.51795808740135,23.706787650870787,22.457170804691874,21.926765883840627,22.98757572554312,2.2,1.2620043463508714,0.983535397730918,1.5404732949708249,-0.08189981208250074,-0.012387500171957555,1025.3514630626669,1022.3859517144796,1024.4123180832478,-3.0,-2.1011103383440437,0.0747439695758203,59.2674760243254,66.18714377076348,61.782684905577284,6.5,3.846468400157247,0.5579904650289507,2.055223418137655,2.2564295693555247,2.532069147232577,0.0,-0.5526323493198009,0.2769927714427485,13.186458805244529
2026-09-04 21:30:00,21.15088686372532,23.275409560232877,22.06383012921792,21.533262271104352,22.594397987331487,2.2,1.2620043463508714,0.9832251732666859,1.540783519435057,-0.33338373626312645,-0.05042491533591331,1025.2614891452324,1022.3781587898641,1024.4801685555192,-3.0,-2.1011103383440437,-0.0008994273110829454,60.656555414476856,66.88770205727226,62.841178351917506,6.5,3.846468400157247,0.20005530519750891,2.591411250307831,1.884635572828134,2.3681803203919385,0.0,-0.5526323493198009,0.06908760175599649,1.155784717052896
2026-09-04 21:35:00,20.291822680066655,22.760793486302795,21.53247630093413,21.001745555580875,22.06320704628738,2.2,1.2620043463508714,0.9829152936356095,1.5410933990661335,-0.2227222696861091,-0.033687160982204034,1025.4993598363737,1022.3895149039132,1024.5037210249088,-3.0,-2.1011103383440437,-0.013095782651589616,64.79520028956053,71.5102442371119,66.88856127180142,6.5,3.846468400157247,0.7752145651532345,5.177051192397646,4.78276566305521,5.20493406499603,0.0,-0.5526323493198009,0.13046394737898126,5.6559872573334
2026-09-04 21:40:00,21.25748403178542,23.31089882416371,21.89557257200312,21.364678989386775,22.42646615461946,2.2,1.2620043463508714,0.9826057576903302,1.5414029350114127,1.0136859818071748,0.15332190580972238,1025.3864603492495,1022.5036640672205,1024.5906133109363,-3.0,-2.1011103383440437,0.014161094628207138,59.59694371454656,64.88850687425098,62.801830431394556,6.5,3.846468400157247,-1.7597919573008198,1.4149684374916327,1.323581642985212,2.1589013678362416,0.0,-0.5526323493198009,-0.2826873755312287,29.825551779222508
2026-09-04 21:45:00,20.002192054896526,22.054145604386783,20.990491503127718,20.459435133178896,21.52154787307654,2.2,1.2620043463508714,0.9822965642898386,1.5417121284119042,-1.3113903187918083,-0.198350245091806,1025.5181231125416,1022.5259790278508,1024.634912680282,-3.0,-2.1011103383440437,-0.00782331408720438,66.46731735845049,72.41708992259014,67.02856312530176,6.5,3.846468400157247,1.5420583971311288,7.746320791043399,7.917972730354638,8.033358156662253,0.0,-0.5526323493198009,0.4372469230121858,43.66786485953171
2026-09-04 21:50:00,20.440009564173256,23.064208277342278,21.572891757210606,21.041672649814025,22.104110864607186,2.2,1.2620043463508714,0.9819877122994239,1.5420209804023188,1.5160947471381334,0.2293121737808015,1025.487314609448,1022.6441336455204,1024.7323577044672,-3.0,-2.1011103383440437,0.012886279397207545,60.15199354412794,66.11038460269567,63.68431197860745,6.5,3.846468400157247,-1.4203957760690145,9.926073411131323,10.072843615196334,10.811563503727463,0.0,-0.5526323493198009,-0.1860875392113286,20.8896738296206
2026-09-04 21:55:00,19.877150131484136,22.272719644415,21.14874011222937,20.617358317223914,21.680121907234824,2.2,1.2620043463508714,0.9816792005906271,1.542329492111116,-0.9125494398333416,-0.13802481416523804,1025.7903872723414,1022.7601742873298,1024.8510506356972,-3.0,-2.1011103383440437,0.010233989976654811,66.57483302942116,72.77532100285562,67.56081806094353,6.5,3.846468400157247,1.368034541754838,2.9277088260881943,3.069269810451197,4.040509682446013,0.0,-0.5526323493198009,-0.418607522675015,36.64752679216708
2026-09-04 22:00:00,20.01486287467556,21.737840134936953,20.53458379159689,20.003039358775684,21.066128224418097,2.2,1.2620043463508714,0.9813710280411913,1.5426376646605515,-0.38841173279655195,-0.05874800301080896,1025.8761060039842,1022.9332927022585,1025.017379654212,-3.0,-2.1011103383440437,0.017023386390633277,65.56279349886088,71.32158289503708,67.95400252652094,6.5,3.846468400157247,-0.47888803164110527,4.253211668752499,4.13818628616182,4.325236035884442,0.0,-0.5526323493198009,0.365582599597178,20.64602842424489
2026-09-04 22:05:00,20.035505420041705,22.122453672199622,20.72726021192952,20.19555319103999,21.258967232819046,2.2,1.2620043463508714,0.9810631935350153,1.5429454991667275,0.8805782643792419,0.13318911391923294,1025.765270698605,1022.7591797638532,1024.928647800203,-3.0,-2.1011103383440437,-0.06835769800568414,66.1549851370537,72.22815023639524,68.47723941084092,6.5,3.846468400157247,-0.09555757460293535,0.8228539300014237,0.7245638988084355,1.4585574779720942,0.0,-0.5526323493198009,-0.18136122984385783,7.137467095305958
2026-09-04 22:10:00,19.897921034857358,21.735523167344947,20.520656727053403,19.98878716779736,21.052526286309448,2.2,1.2620043463508714,0.9807556959621055,1.5432529967396373,-0.3116517129873415,-0.04713790605932644,1025.857743426974,1022.8433115876678,1024.937806378063,-3.0,-2.1011103383440437,0.006615547948854328,66.50269078653278,71.79115953661429,68.17055302274645,6.5,3.846468400157247,-0.22586188628940818,5.564592329119619,5.346093548593097,5.561118273344652,0.0,-0.5526323493198009,0.33760762456824533,16.76532695312632
2026-09-04 22:15:00,19.805489605622924,21.815351466939873,20.524367586363045,19.99233553839674,21.05639963432935,2.2,1.2620043463508714,0.9804485342185302,1.5435601584832126,0.1915978506072804,0.028979534225957337,1025.6845983508488,1022.7234379150826,1024.850379876585,-3.0,-2.1011103383440437,-0.025831623158410366,65.403572546212,72.34253292732792,68.42127394573777,6.5,3.846468400157247,0.07479058143290729,4.02030556378126,4.250763802213014,5.048958950592195,0.0,-0.5526323493198009,-0.24556279905938005,8.796102073214476
2026-09-04 22:20:00,20.151583471073305,21.723880537826496,20.46745429965412,19.93525981258833,20.999648786719906,2.2,1.2620043463508714,0.9801417072063721,1.5438669854953708,-0.036879596791340674,-0.005578108178493579,1025.9050696930906,1022.9855908134743,1025.0204378364908,-3.0,-2.1011103383440437,0.06626331532754648,65.43236599189451,71.8663551767654,68.13081430926168,6.5,3.846468400157247,-0.11092753265353394,3.0858423270745994,2.8096956907527257,3.3900088929054712,0.0,-0.5526323493198009,-0.027680852832944858,0.6652102104309736
2026-09-04 22:25:00,19.55899288596094,21.73159497042215,20.46151294853023,19.929156071930315,20.993869825130147,2.2,1.2620043463508714,0.9798352138336837,1.5441734788680592,0.05340545708915201,0.00807767554104899,1025.9888014747557,1022.8013667379671,1024.9507731345618,-3.0,-2.1011103383440437,-0.04829605825068484,68.10807471430789,73.24390862808707,69.11812223252038,6.5,3.846468400157247,0.2793179954094427,2.6475897999531166,2.9026007185099876,3.377031492145779,0.0,-0.5526323493198009,0.07820157568400932,1.540376285594014
2026-09-04 22:30:00,19.15356625737362,21.125177893541355,19.951538633779055,19.41901941716503,20.484057850393082,2.2,1.2620043463508714,0.9795290530144413,1.5444796396873017,-0.5842247334648754,-0.08836508658857056,1026.4338638211448,1023.6489088624675,1025.5669965918462,-3.0,-2.1011103383440437,0.18302260896530242,70.6223878219144,76.45452389347706,72.0613963715129,6.5,3.846468400157247,0.5466591218069112,5.6662899624607475,5.728645933902041,6.161064859891157,0.0,-0.5526323493198009,0.12021342333068485,8.15691072865927
2026-09-04 22:35:00,19.512749002627064,21.724730053986352,20.321796766287058,19.78911525913366,20.854478273440456,2.2,1.2620043463508714,0.9792232236685002,1.5447854690332425,0.9317500426397771,0.14092894134842382,1025.9163920185329,1022.6374425624504,1025.01756304912,-3.0,-2.1011103383440437,-0.27901014832571036,68.71049881807858,75.47977996012831,72.1726316534591,6.5,3.846468400157247,-0.539320093488044,4.0350137929841745,4.021500449447628,4.77722457600539,0.0,-0.5526323493198009,-0.20309177723796168,18.156929464594015
2026-09-04 22:40:00,19.481087865856697,21.356063614080192,20.16293907901062,19.63009533074738,20.69578282727386,2.2,1.2620043463508714,0.9789177247215506,1.5450909679801923,-0.455398064331586,-0.06887981128129894,1026.3432162946565,1023.2404944781956,1025.214350716001,-3.0,-2.1011103383440437,0.12725410053860742,68.05709610738519,74.12267855027656,70.7820743008466,6.5,3.846468400157247,-0.505864150727291,2.447565034086918,2.250551914153978,2.8093826939929643,0.0,-0.5526323493198009,-0.006198430519185116,3.627140673301021
2026-09-04 22:45:00,18.394806092753033,20.61138846338744,19.458949861754352,18.925943921765672,19.991955801743032,2.2,1.2620043463508714,0.9786125551050728,1.54539613759667,-0.7243926360041186,-0.10956574471778424,1026.3114156960796,1023.2972753354649,1025.369921542483,-3.0,-2.1011103383440437,0.02846413132579073,74.83835272749005,80.78079955937957,75.57453759983201,6.5,3.846468400157247,1.3597935593903117,5.94486950848594,5.538206950136702,5.860308013344762,0.0,-0.5526323493198009,0.23053128611174145,18.44500725466047
2026-09-04 22:50:00,19.00778534959248,21.124802093968416,19.71200354841698,19.178835466042184,20.245171630791777,2.2,1.2620043463508714,0.9783077137562947,1.5457009789454483,0.9969740792105242,0.1507941992005648,1026.2401115014738,1023.3019648968367,1025.4235287238364,-3.0,-2.1011103383440437,-0.020453488655675756,70.0470826492843,76.48740850767784,73.85403006013311,6.5,3.846468400157247,-1.2130899526125205,5.0185064257645156,4.824210598851102,5.553966533883029,0.0,-0.5526323493198009,-0.17712358571212672,14.490649882613424
2026-09-04 22:55:00,18.93475842492139,21.43514901795911,20.118593101234804,19.58526292576822,20.65192327670139,2.2,1.2620043463508714,0.9780031996181473,1.5460054930835956,0.360667067638353,0.05455157037343383,1026.4957111787191,1023.7321370578803,1025.7584004840753,-3.0,-2.1011103383440437,0.0748469121490416,71.4836781093021,78.25855613744467,74.22774576028247,6.5,3.846468400157247,0.18434197700494792,7.693460547035872,7.5944584864484055,8.002946817097829,0.0,-0.5526323493198009,0.14414401867037707,4.078440867088959
2026-09-04 23:00:00,18.423275964653104,20.90554733700223,19.76854392211058,19.235051702801602,20.30203614141956,2.2,1.2620043463508714,0.9776990116392232,1.5463096810625196,-0.8264421920916227,-0.12500093145922264,1026.3193533842955,1023.0406096610617,1025.3367447268338,-3.0,-2.1011103383440437,-0.19502472742806276,77.3249536499109,82.67587168427957,77.96728201221623,6.5,3.846468400157247,0.8621212719060907,1.9443039139759326,1.2335966205015572,2.179755823791723,0.0,-0.5526323493198009,-0.3935268539703649,31.80816541751433
2026-09-04 23:05:00,18.98320303927698,21.340272159879035,19.997606382611416,19.463952168664576,20.531260596558255,2.2,1.2620043463508714,0.9773951487737336,1.5466135439280093,0.5332921043538938,0.0806614309167486,1026.3511964574284,1023.2750423381699,1025.320735565485,-3.0,-2.1011103383440437,0.055417111028987165,70.05658351502754,76.99668630000184,74.63121185773527,6.5,3.846468400157247,-1.480993957890675,6.825813642244019,6.76660709564362,6.800966292467683,0.0,-0.5526323493198009,0.5182731524957376,50.628215583496505
2026-09-04 23:10:00,18.266181537253477,20.400858781121233,19.291043758820635,18.757227599395673,19.824859918245597,2.2,1.2620043463508714,0.9770916099814662,1.5469170827202767,-1.0061979307896536,-0.15218932405027275,1026.3117569937685,1022.9927319705987,1025.127505682132,-3.0,-2.1011103383440437,-0.03366337318936985,72.9676082869164,78.8273736616305,74.57993674276086,6.5,3.846468400157247,0.40096851871238925,5.819033129959841,6.096340340367643,6.908204688655923,0.0,-0.5526323493198009,-0.25923199896847926,12.991316975504294
2026-09-04 23:15:00,18.272438616206294,20.869514695258353,19.47606673078774,18.94208867499966,20.01004478657582,2.2,1.2620043463508714,0.9767883942277438,1.5472202984739991,0.8690379393754633,0.13144361811974292,1026.5277362458382,1023.5324795419248,1025.4850086567112,-3.0,-2.1011103383440437,0.14858122355758496,75.94996158113594,82.4356192065361,77.71335339433438,6.5,3.846468400157247,0.8757974120444771,1.9224840075965965,2.092649379226758,2.8116184023340094,0.0,-0.5526323493198009,-0.1663366737874501,12.1774554912283
2026-09-04 23:20:00,18.051759334237836,19.941152278669872,18.807551976957143,18.273412073876294,19.341691880037992,2.2,1.2620043463508714,0.9764855004833837,1.5475231922183592,-0.8489418349558093,-0.1284040446381418,1026.530680188997,1023.5714327266719,1025.6740951952745,-3.0,-2.1011103383440437,-0.001552130258573925,74.33772024669611,80.8093841341429,77.5316769315194,6.5,3.846468400157247,-0.5687611975337461,5.991860403914047,5.842998641191595,6.043106129918966,0.0,-0.5526323493198009,0.35252486059242916,21.13891810102361
2026-09-04 23:25:00,18.02882908114187,19.948117355229137,18.623018075356647,18.088716374008786,19.157319776704508,2.2,1.2620043463508714,0.9761829277246561,1.5478257649770868,0.41715141287961544,0.06309493352161866,1026.291863958381,1023.5304833197068,1025.6839247849196,-3.0,-2.1011103383440437,-0.0523311268686939,76.05937537064358,82.13772247605176,78.22955033227373,6.5,3.846468400157247,0.06170374362078235,4.198000284937772,4.212081174462341,4.996371455260837,0.0,-0.5526323493198009,-0.2316579314786953,8.403225478939758
2026-09-04 23:30:00,17.488578412348396,19.671821792370583,18.404497121710875,17.870033671077234,18.938960572344516,2.2,1.2620043463508714,0.9758806749332443,1.5481280177684986,0.03517526176089447,0.005320324308836888,1026.2047989620735,1023.2228941762075,1025.4198273471409,-3.0,-2.1011103383440437,-0.09582283258930602,78.25472491435865,83.93579711745407,79.85004575706658,6.5,3.846468400157247,0.23928296023024132,9.366397469081923,9.199548098255322,9.475597459260154,0.0,-0.5526323493198009,0.27658298831496886,12.235807291915844
2026-09-04 23:35:00,17.25849147383146,19.909299095615683,18.576705211767003,18.042080060784354,19.11133036274965,2.2,1.2620043463508714,0.9755787410962046,1.5484299516055384,0.4667018991570977,0.07058953749780983,1026.3866462202336,1023.54324998965,1025.5583400796004,-3.0,-2.1011103383440437,0.08602024839365185,80.30085273606784,86.57230349759402,82.43045532249656,6.5,3.846468400157247,0.2953797749402156,2.1492147170754388,2.1938429370761474,3.26419256014492,0.0,-0.5526323493198009,-0.5177172737489721,40.0445640590718
2026-09-04 23:40:00,18.38271900033499,20.542251218960974,19.189078458303086,18.654291655863815,19.723865260742357,2.2,1.2620043463508714,0.9752771252059262,1.5487315674958166,0.6027589017925585,0.09116841430701683,1026.3089078439139,1023.3964834061447,1025.5211161848808,-3.0,-2.1011103383440437,-0.023522440392071076,77.38893552097336,85.18919976823352,81.99346616804777,6.5,3.846468400157247,-0.6507347999715023,5.580678779388589,6.042711126511798,6.127256602699882,0.0,-0.5526323493198009,0.4680868731317167,34.38032197738873
2026-09-04 23:45:00,17.319567267970097,19.48291821932824,18.446020521502966,17.911072116455134,18.980968926550798,2.2,1.2620043463508714,0.9749758262600932,1.5490328664416497,-1.4882899662438334,-0.22510664852559614,1026.428598802371,1023.3633115728202,1025.4745797075366,-3.0,-2.1011103383440437,-0.010157796372368466,81.8286245302306,87.2392845058597,83.17443564030432,6.5,3.846468400157247,0.21838046539812694,3.815408841502056,4.105958482289519,4.893628582309877,0.0,-0.5526323493198009,-0.23503775070055788,13.499345310173197
2026-09-04 23:50:00,17.178305818513074,19.08992374729071,17.843470383334036,17.30836042448145,18.378580342186623,2.2,1.2620043463508714,0.9746748432616441,1.5493338494400988,-0.10281513768743267,-0.0155509823941955,1026.6303354179145,1023.4189913058957,1025.5019518471684,-3.0,-2.1011103383440437,0.01814979707137354,83.47141766016884,91.32526807545274,86.82435310954163,6.5,3.846468400157247,0.6544465657538581,9.749522899208067,9.905761190915893,10.137862968840153,0.0,-0.5526323493198009,0.3205305713955404,16.92282215854206
2026-09-04 23:55:00,16.633138713969085,19.02232463102316,17.6841400193586,17.148868555460872,18.21941148325633,2.2,1.2620043463508714,0.9743741752187347,1.5496345174830082,0.5036649305329703,0.07618026531368827,1026.3800841313084,1023.4213344760522,1025.5195201864092,-3.0,-2.1011103383440437,0.0029246279869994396,82.21373983320709,88.50596289634586,85.6512824908215,6.5,3.846468400157247,-0.9917879946328867,3.480418502405787,3.3325530286906715,4.419795333097175,0.0,-0.5526323493198009,-0.5346099550867032,46.450497739248256
2026-09-05 00:00:00,17.161706518052778,19.552341768918648,18.162891076622234,17.627458156394855,18.698323996849613,2.2,1.2620043463508714,0.9740738211446991,1.5499348715570438,0.8426100212834129,0.12744634594554327,1026.4435764928032,1023.2197611902315,1025.368652671416,-3.0,-2.1011103383440437,-0.04778114284044932,79.65568312850226,86.18398026217318,82.96589411954731,6.5,3.846468400157247,-0.6283822575313849,9.953440249568493,10.178421767451944,10.152406176525142,0.0,-0.5526323493198009,0.5786479402466025,51.77797572298357
2026-09-05 00:05:00,16.814058074828555,19.171873115108536,18.001046126359718,17.465451798474128,18.53664045424531,2.2,1.2620043463508714,0.9737737800580123,1.5502349126437305,-0.6028180302828012,-0.09117735760205292,1026.4573827897925,1023.651663850693,1025.644529025713,-3.0,-2.1011103383440437,0.10824516332411349,78.83396343141939,84.46459478231161,80.6866216020268,6.5,3.846468400157247,-0.068495219872446,8.372935070723244,7.866871985311328,8.802508314491366,0.0,-0.5526323493198009,-0.38300397986023693,23.140355703180354
2026-09-05 00:10:00,17.92934944352948,20.003505308960005,18.618980459113043,18.083224772196687,19.1547361460294,2.2,1.2620043463508714,0.9734740509822528,1.55053464171949,0.8100428717086139,0.12252050349609078,1026.5719843300426,1023.547675014737,1025.6830686909336,-3.0,-2.1011103383440437,-0.034283337852571094,76.70626762511003,82.58925209176805,78.69213610686718,6.5,3.846468400157247,0.05064758474361497,3.088022804751729,3.012316760154462,3.6981734392414243,0.0,-0.5526323493198009,-0.1332243297671618,4.26462679461158
2026-09-05 00:15:00,17.609004924349254,19.66766357067465,18.512637315967087,17.976720318603487,19.048554313330687,2.2,1.2620043463508714,0.9731746329460655,1.5508340597556773,-0.707284398055176,-0.10697809164330607,1026.1010940884655,1023.2803707001922,1025.4662164118845,-3.0,-2.1011103383440437,-0.08473537334828052,82.02982932128371,88.1275016012533,82.79449769074773,6.5,3.846468400157247,1.4865355103483182,7.0161236176737445,7.191237043620929,7.330184369087956,0.0,-0.5526323493198009,0.41368502385277406,37.785130667758516
2026-09-05 00:20:00,16.865675087304474,18.80705063722348,17.69168386699408,17.1556056077229,18.227762126265258,2.2,1.2620043463508714,0.9728755249831249,1.551133167718618,-0.9694926144799609,-0.14663757612147066,1026.3379085843587,1023.2658764192389,1025.3614604446495,-3.0,-2.1011103383440437,0.005526312933398003,84.42693628356972,90.09038030686739,86.05351372280956,6.5,3.846468400157247,0.19039818390058372,12.812882619739831,13.035008983954157,13.51267404290482,0.0,-0.5526323493198009,0.07496729036913763,3.266228085513993
2026-09-05 00:25:00,17.98112459595923,20.197899096311417,18.645976586180574,18.10973711349769,19.182216058863457,2.2,1.2620043463508714,0.9725767261320986,1.5514319665696443,1.9167905391141957,0.2899181637799728,1026.4487858696848,1023.489113487645,1025.5140495381045,-3.0,-2.1011103383440437,0.07617428788455527,77.7424373859739,84.0753030200772,81.95585239506744,6.5,3.846468400157247,-1.7270177751474876,2.968161313542048,3.1691266606067705,4.428685955604925,0.0,-0.5526323493198009,-0.7069269456783536,96.17190386869012
2026-09-05 00:30:00,17.415463274006346,19.399381808150643,18.314272730456974,17.777872092814533,18.850673368099415,2.2,1.2620043463508714,0.9722782354366111,1.5517304572651318,-1.1695409937596004,-0.1768952686572014,1026.5826978847272,1023.6141002133273,1025.6855640556703,-3.0,-2.1011103383440437,0.02964649600107805,80.76218423669671,86.93657152325129,82.44079580592944,6.5,3.846468400157247,0.6493073171645989,4.167243466668276,4.255692673431184,4.325385114488409,0.0,-0.5526323493198009,0.48293990826257627,38.853551105997205
2026-09-05 00:35:00,16.838855278300176,18.80337197725032,17.635172680636607,17.098610926443097,18.171734434830118,2.2,1.2620043463508714,0.9719800519452092,1.5520286407565336,-0.6201909860114228,-0.09380504973715986,1026.3119301843794,1023.3051735666778,1025.500106884009,-3.0,-2.1011103383440437,-0.09382297898719116,83.60034209301199,91.58096700696058,86.66005382543538,6.5,3.846468400157247,1.0744447813679443,4.713168770600242,4.654451276875077,5.210673673670896,0.0,-0.5526323493198009,-0.003590047476017766,7.8460936516193485
2026-09-05 00:40:00,15.91851076491087,18.033772621528733,16.814000835161902,16.277278012782215,17.35072365754159,2.2,1.2620043463508714,0.971682174711325,1.552326517990418,-0.27922007494988677,-0.04223255998403985,1026.084726898019,1023.0198279710095,1025.1874863932028,-3.0,-2.1011103383440437,-0.06654808384928401,90.71672395450803,96.28394460596365,91.90480285814056,6.5,3.846468400157247,0.532673347665849,3.251331878967302,3.4127246699152485,4.058335051235714,0.0,-0.5526323493198009,-0.09297803200066479,3.373837811560894
2026-09-05 00:45:00,17.78761859995323,19.889787364916387,18.235704666236273,17.698820823991774,18.772588508480773,2.2,1.2620043463508714,0.971384602793242,1.5526240899085009,2.5922214273767636,0.3920783523292428,1026.4371576303704,1023.496026033141,1025.4515005247717,-3.0,-2.1011103383440437,0.1456358467132759,80.90905722390367,87.49120963730255,86.1590085490074,6.5,3.846468400157247,-2.514267311862099,0.6821451734577064,0.3962868612818163,1.0256460149522753,0.0,-0.5526323493198009,-0.0767268043506581,51.95042454906596
2026-09-05 00:50:00,16.27189154017572,18.364295834411326,17.42875298760802,16.891708173776607,17.965797801439436,2.2,1.2620043463508714,0.9710873352540601,1.5529213574476828,-2.158396374891204,-0.3264614995475661,1026.2244207333974,1023.0854962438749,1025.2693998433717,-3.0,-2.1011103383440437,-0.08279326115280128,84.95967804800803,91.6579550735295,86.90873082693251,6.5,3.846468400157247,0.9027558464397316,2.7424384932373065,2.4890353142493318,2.8130973811776467,0.0,-0.5526323493198009,0.2285702823914857,23.68059062390058
2026-09-05 00:55:00,16.12957584264891,18.422864762016964,17.129289272746345,16.59208353556252,17.66649500993017,2.2,1.2620043463508714,0.9707903711616607,1.5532183215400823,0.20873224108692057,0.031571142919748496,1026.1143725792147,1022.9329572798708,1025.0663886668688,-3.0,-2.1011103383440437,-0.03232104865389829,89.09134140088979,94.73508496196831,90.06723921559032,6.5,3.846468400157247,0.8213773462207428,3.16523833568183,3.183758738619919,3.796362515971385,0.0,-0.5526323493198009,-0.05997142803166522,4.201973397729518
2026-09-05 01:00:00,17.160337885439294,19.37614744586935,17.915055928959852,17.37768931661478,18.452422541304923,2.2,1.2620043463508714,0.9704937095886732,1.5535149831130697,1.3162624928716298,0.19908717055862724,1026.1698857549475,1023.3563097889465,1025.332122613297,-3.0,-2.1011103383440437,0.12529751399347333,83.37947491917913,90.4289369155414,87.69983308037338,6.5,3.846468400157247,-1.1173645649892308,4.211245099039109,4.263204391851733,4.808447113842301,0.0,-0.5526323493198009,0.007389627329232873,12.36607969721874
2026-09-05 01:05:00,17.69436656502308,19.83673535892086,18.56333375604869,18.02580631669027,19.100861195407106,2.2,1.2620043463508714,0.9701973496124412,1.5538113430893017,0.07535282780165886,0.01139725652129897,1026.2042393024415,1023.3133145007753,1025.4247284795806,-3.0,-2.1011103383440437,-0.010303640461302166,80.13774503368091,86.31908342337562,83.26775364914545,6.5,3.846468400157247,-0.7951386259270805,2.3825778347954834,1.8348932812260894,2.5386143718215757,0.0,-0.5526323493198009,-0.1510887412756854,6.531757311502723
2026-09-05 01:10:00,17.242932353682082,19.47953493934438,18.366142939836983,17.828454721569912,18.903831158104055,2.2,1.2620043463508714,0.9699012903149884,1.5541074023867545,-0.9825487879445802,-0.1486123468434748,1026.1073043411197,1023.11718808241,1025.2879134868958,-3.0,-2.1011103383440437,-0.0696150661417505,84.05464917817767,88.56073745691121,83.74010786708149,6.5,3.846468400157247,0.974161189672472,7.904655813824525,8.041199728109381,8.214554323846112,0.0,-0.5526323493198009,0.3792777535830698,28.27874187729751
2026-09-05 01:15:00,16.889164690814358,18.890859282593432,17.733289687448963,17.195440738334792,18.271138636563133,2.2,1.2620043463508714,0.9696055307829861,1.5544031619187568,-0.6904691325897652,-0.10443475120640144,1025.8310519714948,1023.0808233288764,1025.1921532188564,-3.0,-2.1011103383440437,-0.010219551636055257,89.81473146078602,96.84261115046968,91.07880686362347,6.5,3.846468400157247,1.91733588668896,6.076140335083271,6.307958848459089,7.205220914575753,0.0,-0.5526323493198009,-0.34462971679686305,37.00323727170159
2026-09-05 01:20:00,16.879517482020763,19.100573206802697,17.742907925864436,17.204898293921644,18.28091755780723,2.2,1.2620043463508714,0.96931007010772,1.554698622594023,0.6324611469293409,0.09566093458738933,1026.2581496383766,1023.2179848105678,1025.271654980715,-3.0,-2.1011103383440437,0.04744016819677199,84.49241365085199,90.0988609435701,88.21025059161224,6.5,3.846468400157247,-1.957858048199384,1.6412716870902782,1.6180861158503896,2.3136795244761967,0.0,-0.5526323493198009,-0.14296105930600622,23.83303777699176
2026-09-05 01:25:00,16.96464847720869,19.194768975777617,17.890863013327568,17.352692746531623,18.429033280123512,2.2,1.2620043463508714,0.9690149073850578,1.554993785316685,0.27703204333707987,0.041901616099178085,1026.2744183285906,1023.472823811589,1025.512283636734,-3.0,-2.1011103383440437,0.06165051319896975,85.13626047669928,90.798040519788,87.0564070853614,6.5,3.846468400157247,-0.10483496573064599,5.63605453677848,6.348394421763677,6.47199476484235,0.0,-0.5526323493198009,0.4290320062411279,26.929888714870604
2026-09-05 01:30:00,16.912185142609072,18.811575770737576,17.617158164160244,17.078827310443668,18.15548901787682,2.2,1.2620043463508714,0.9687200417154167,1.5552886509863262,-0.4468489372256421,-0.0675867397735388,1026.1384731561914,1023.1648092689302,1025.3599843179536,-3.0,-2.1011103383440437,-0.09406471067939037,83.66334224272586,90.71366390903978,86.70186733323382,6.5,3.846468400157247,0.16532817564871038,5.66346233762364,5.458581805729084,6.255059767421225,0.0,-0.5526323493198009,-0.2438456123723407,10.094039350032682
2026-09-05 01:35:00,16.71009802552632,19.109236776400394,17.7813785530276,17.24288716028003,18.31986994577517,2.2,1.2620043463508714,0.9684254722037314,1.5555832204980113,0.43539213546968014,0.06585387702192236,1025.8256793167482,1022.6719667042368,1024.8937217328787,-3.0,-2.1011103383440437,-0.12064469029792235,87.11273146133605,93.3350022754013,88.84195088926228,6.5,3.846468400157247,0.646582985981766,9.728324680996296,9.619998531980235,9.967932374227807,0.0,-0.5526323493198009,0.20469850707222825,10.208060071526978
2026-09-05 01:40:00,16.631995501743255,18.655708760697856,17.46710103978339,16.928449155851645,18.005752923715136,2.2,1.2620043463508714,0.9681311979594229,1.55587749474232,-0.4852609281361957,-0.07339662543640557,1025.9197974601996,1023.1970034889652,1025.1325093162036,-3.0,-2.1011103383440437,0.1656045111055846,87.43635352188136,94.67057124232255,90.71675339478097,6.5,3.846468400157247,0.10734944738433683,0.30252216909057716,0.18400209725241437,1.323428324320627,0.0,-0.5526323493198009,-0.5867938777484119,52.81639738011177
2026-09-05 01:45:00,16.561665029364917,18.779726989206203,17.473763786838926,16.93495145952707,18.012576114150782,2.2,1.2620043463508714,0.9678372180963667,1.5561714746053763,0.2906334609185599,0.043958856016406145,1025.9009088657594,1023.049515492753,1025.1593609355662,-3.0,-2.1011103383440437,-0.00873510446911041,88.72862228571464,96.1967551620069,92.37431221184683,6.5,3.846468400157247,-0.02402544999718259,2.9358314381686457,2.9129751547813405,2.936340248829545,0.0,-0.5526323493198009,0.5292672552715962,40.18577553403538
2026-09-05 01:50:00,16.285203241202037,18.71808558930909,17.453035930700597,16.914063207770003,17.992008653631192,2.2,1.2620043463508714,0.9675435317328611,1.5564651609688818,0.020134046270005257,0.003045312257622612,1025.941826886164,1022.9236737315126,1025.0631453897624,-3.0,-2.1011103383440437,-0.03836131990578906,87.50019873031717,93.48425596205932,90.4980030126968,6.5,3.846468400157247,-0.8602154507947262,8.916443578136345,8.817826134246458,9.210496982293193,0.0,-0.5526323493198009,0.15996150127306485,7.6185452663473905
2026-09-05 01:55:00,16.478309573374855,18.863444924917626,17.575392907255594,17.036259836425007,18.11452597808618,2.2,1.2620043463508714,0.9672501379915975,1.5567585547101452,0.1722138733366343,0.02604767131116148,1025.9007148574062,1023.0097905463364,1025.088048781035,-3.0,-2.1011103383440437,0.022852103645391253,87.77734377402307,94.9119537707871,90.77363142198189,6.5,3.846468400157247,0.29185394864795455,9.021037662214203,8.598994498832742,9.444507988011956,0.0,-0.5526323493198009,-0.2928811398594142,12.807244965407863
2026-09-05 02:00:00,15.920893485675162,18.127760163388928,16.9876100733241,16.4483167022697,17.526903444378497,2.2,1.2620043463508714,0.9669570359996291,1.5570516567021138,-0.8056379860943998,-0.12185425628604207,1025.637212266669,1022.5766567515692,1024.769761081922,-3.0,-2.1011103383440437,-0.09199399200883818,90.74058991322556,96.63622127211126,92.38872684949955,6.5,3.846468400157247,0.4010260224544595,6.210525933028602,6.046561444157659,6.705732538204735,0.0,-0.5526323493198009,-0.10653874472727587,4.95990341383537
2026-09-05 02:05:00,16.569943588579765,18.69744378800335,17.29745006146942,16.757996437824886,17.836903685113953,2.2,1.2620043463508714,0.966664224888341,1.5573444678134019,0.9123151684758035,0.13798938018306117,1025.70501616953,1022.8293885247889,1024.8456906575,-3.0,-2.1011103383440437,0.0848082056329531,88.22954586401825,96.51603859772399,92.84357222784409,6.5,3.846468400157247,-0.17400203027735017,6.626126515162622,6.5968403064303995,6.9997610716985825,0.0,-0.5526323493198009,0.14971158405161766,6.169528000833019
2026-09-05 02:10:00,16.228751577674586,18.618253959389698,17.37310167893039,16.83348785028696,17.912715507573818,2.2,1.2620043463508714,0.9663717037934193,1.5576369889083237,-0.11141723596865916,-0.016852065891562518,1025.7052789793588,1022.3466171945662,1024.5331532185203,-3.0,-2.1011103383440437,-0.08542568561006192,89.72848584870161,95.67412024507664,92.15102099722529,6.5,3.846468400157247,-0.3233691523059008,1.7035945508707517,2.072166175489351,2.84379912763801,0.0,-0.5526323493198009,-0.2190006028288587,8.224124828450213
2026-09-05 02:15:00,16.201363152931126,18.53630214849285,17.303263608927562,16.763489622834108,17.843037595021016,2.2,1.2620043463508714,0.9660794718548226,1.5579292208469204,-0.19150709179625025,-0.028965806785581805,1025.7977115867377,1022.6447413866836,1024.6490608943127,-3.0,-2.1011103383440437,0.09679083071489458,90.50484294972414,97.82571290249214,93.55776202188545,6.5,3.846468400157247,0.42148248044944125,4.671087551355756,5.33176053336763,5.547973815598193,0.0,-0.5526323493198009,0.3364190670892375,18.1946993502375
2026-09-05 02:20:00,16.737064795838112,18.813391791829286,17.50772811684735,16.96779402081042,18.04766221288428,2.2,1.2620043463508714,0.9657875282167515,1.5582211644849915,0.2886531391238307,0.043659328631065364,1025.6264382785778,1022.7733272402209,1024.826055900163,-3.0,-2.1011103383440437,0.0483816784018245,88.84085902191515,96.01589104262041,92.62333189609849,6.5,3.846468400157247,-0.45390925363533086,2.8228597328501084,3.223501902205305,4.004750172132541,0.0,-0.5526323493198009,-0.22861592060743519,8.978822082575837
2026-09-05 02:25:00,17.24790701563061,19.28892828623027,17.972638495542093,17.432544337025988,18.512732654058198,2.2,1.2620043463508714,0.9654958720276201,1.5585128206741228,0.35890757847214516,0.05428544433730664,1025.579410776129,1022.5419624453962,1024.7119122628703,-3.0,-2.1011103383440437,-0.06883947913013344,85.27262995062269,92.02550020830984,88.95898512651198,6.5,3.846468400157247,-0.7799533183593894,2.459290187905078,2.226676479003296,2.7432654917378123,0.0,-0.5526323493198009,0.03604333658528436,4.1513017682488895
2026-09-05 02:30:00,17.08811393192427,18.873642895585068,17.728251042400217,17.187996868827057,18.268505215973377,2.2,1.2620043463508714,0.965204502440026,1.558804190261717,-0.7709821307118432,-0.11661249316601996,1025.4128768333308,1022.4440081775641,1024.5738742864885,-3.0,-2.1011103383440437,-0.028755770580346507,84.04171267827249,90.00527814913914,86.15720784343347,6.5,3.846468400157247,0.00160190554842643,7.09122316685521,6.88248028366736,7.177830895497758,0.0,-0.5526323493198009,0.25728173748940275,10.975644000398235
2026-09-05 02:35:00,16.12594017434331,18.356746542680025,17.171444230637988,16.631030089387764,17.711858371888212,2.2,1.2620043463508714,0.9649134186107227,1.5590952740910202,-0.5071146001240585,-0.07670203430883404,1025.550178860237,1022.3481610109197,1024.4533361459994,-3.0,-2.1011103383440437,-0.004064796735633536,90.12772503550813,96.50660704195501,90.84910884629114,6.5,3.846468400157247,1.811029795506613,2.094842074124976,2.0470435008721704,3.019351706782265,0.0,-0.5526323493198009,-0.41967585659029405,42.60954060612497
2026-09-05 02:40:00,16.395302147708605,18.578762598704923,17.222299847978324,16.681725786388963,17.762873909567684,2.2,1.2620043463508714,0.9646226197005908,1.5593860730011522,0.6245106325405203,0.09445840437572883,1025.3375352687406,1022.6147153180959,1024.6309067737625,-3.0,-2.1011103383440437,0.08491888267747072,87.65952677861357,92.43665628825792,89.55605208708425,6.5,3.846468400157247,-0.9658641989835814,4.373580571487723,4.908948238143799,5.131841181943801,0.0,-0.5526323493198009,0.3297394055197991,22.055487324206904
2026-09-05 02:45:00,17.208120859700276,19.635359134628786,18.19249140564685,17.651757471014285,18.733225340279418,2.2,1.2620043463508714,0.9643321048746091,1.5596765878271337,1.1957761327521297,0.18086338263106327,1025.0836203152628,1022.2621997618205,1024.4422649570736,-3.0,-2.1011103383440437,-0.0789548569090357,84.59469174118459,91.2742277718904,87.79656328954438,6.5,3.846468400157247,-0.3688039178112348,9.18679654994015,9.137169334285582,9.614594088408069,0.0,-0.5526323493198009,0.07520759519731435,5.661133749296762
2026-09-05 02:50:00,16.483106759597113,18.754917778293187,17.717789379878027,17.176895619456243,18.258683140299812,2.2,1.2620043463508714,0.9640418733018274,1.5599668193999154,-1.4867646919998982,-0.2248759479357112,1025.3593522867998,1022.3292495040434,1024.4101503314516,-3.0,-2.1011103383440437,0.020209510935842445,89.14551988879899,95.9252121536217,90.98180135862997,6.5,3.846468400157247,1.0969423948344854,2.4938034371355466,2.0955511899743176,3.1569614799725816,0.0,-0.5526323493198009,-0.5087779406784634,48.51342868473247
2026-09-05 02:55:00,16.83415072124363,19.30099656007817,17.95302573922042,17.411972200221534,18.494079278219303,2.2,1.2620043463508714,0.9637519241553387,1.5602567685464042,0.5683663378222832,0.08596647450687911,1025.1890456322067,1022.1283412536771,1024.257806720627,-3.0,-2.1011103383440437,-0.028355128605880964,86.72460349442345,93.33140302967254,90.1618074227914,6.5,3.846468400157247,-0.6768727932761038,10.74460431874527,10.59425117765936,10.464811410073041,0.0,-0.5526323493198009,0.6820721169061201,69.60669256889508
2026-09-05 03:00:00,17.195520833004533,19.256047987421297,18.01026300337549,17.469049732969804,18.551476273781173,2.2,1.2620043463508714,0.9634622566122515,1.5605464360894914,-0.10723412362807849,-0.016219362305061935,1024.9529667616696,1022.1074074158826,1024.1923807618125,-3.0,-2.1011103383440437,0.016136992414089946,83.5518105891618,87.67316565212776,85.04448525080724,6.5,3.846468400157247,-1.2177879988367266,12.499872108320512,12.726988908866337,13.542432660378642,0.0,-0.5526323493198009,-0.2628114021925043,17.53301878721195
2026-09-05 03:05:00,16.64323103152983,19.070861097723352,17.850459323675725,17.309086368991785,18.391832278359665,2.2,1.2620043463508714,0.9631728698536619,1.560835822848081,-0.275054918788026,-0.041602572303244045,1024.8822125297174,1022.1795830972428,1024.2422350341355,-3.0,-2.1011103383440437,0.03845840145129387,90.5401486977641,96.02763954169225,90.05662039972326,6.5,3.846468400157247,2.1245507418117455,4.953264774033814,5.16024685710264,6.165205838371108,0.0,-0.5526323493198009,-0.45232663194866696,52.73644748373844
2026-09-05 03:10:00,17.13133795758252,19.22555468176159,17.92864147263135,17.387108880756017,18.470174064506686,2.2,1.2620043463508714,0.9628837630646284,1.5611249296371144,0.23079953678758258,0.034908862779367666,1024.9330858264852,1022.0761498648569,1024.1935513882572,-3.0,-2.1011103383440437,-0.016291185056275026,87.2135230223409,93.11505023606196,89.94357611564016,6.5,3.846468400157247,-0.6749942797354436,2.375220508756758,2.3151555088092612,2.6453099882631124,0.0,-0.5526323493198009,0.22247786986594953,9.562271594665328
2026-09-05 03:15:00,16.617722198308506,18.97324141066696,17.750602537913817,17.208910355892314,18.29229471993532,2.2,1.2620043463508714,0.9625949354341432,1.5614137572675997,-0.2602643669374878,-0.039365473597726464,1024.892389987949,1022.2181603880584,1024.284159463738,-3.0,-2.1011103383440437,0.035111262664486276,88.31369572235273,95.04702286890397,91.07809955903436,6.5,3.846468400157247,0.12245490971235995,3.3902078433842173,3.5952322454522263,3.9493993564701406,0.0,-0.5526323493198009,0.19846523830188678,5.9985794730344955
2026-09-05 03:20:00,16.976429533067268,18.88467785456113,17.621118890501617,17.0792671653376,18.162970615665632,2.2,1.2620043463508714,0.9623063861551067,1.5617023065466362,0.010278336745145111,0.0015546177086420698,1024.7867681120836,1021.6484154127243,1023.8811349163443,-3.0,-2.1011103383440437,-0.13160916527601785,85.01862924614186,91.75010037065624,88.71600649838183,6.5,3.846468400157247,-0.812374527882838,4.088182212636154,3.4062305518721043,4.034776492730131,0.0,-0.5526323493198009,-0.0759135915382263,6.144299158063558
2026-09-05 03:25:00,17.414005253708456,19.661032313581693,18.261545193052417,17.719533971708046,18.803556414396787,2.2,1.2620043463508714,0.9620181144243007,1.5619905782774421,0.9089657488184741,0.13748277417840526,1024.7381807248696,1021.6152727002948,1023.6953313329977,-3.0,-2.1011103383440437,0.02105170564107084,84.87632569853969,91.24014666496275,87.36482983697196,6.5,3.846468400157247,0.02884842783353747,3.345902638234011,3.3770514087438204,3.930680431915253,0.0,-0.5526323493198009,-0.000996673851631602,2.0532841145988807
2026-09-05 03:30:00,16.721453014106967,18.524515425817786,17.489441803466654,16.947271132862628,18.03161247407068,2.2,1.2620043463508714,0.9617301194423633,1.5622785732593796,-1.5003498198448497,-0.22693072399973957,1024.8809345033915,1021.7025933356834,1023.7325330510134,-3.0,-2.1011103383440437,0.07117062301404076,88.74410864734516,95.75230507662832,90.75306234286006,6.5,3.846468400157247,1.1527743336110063,3.1565745676716657,3.4147801940822546,3.961147492208592,0.0,-0.5526323493198009,0.0062650511934636555,12.846582620859664
2026-09-05 03:35:00,17.610809326428445,19.757381829240092,18.26117583585344,17.718845762869083,18.803505908837796,2.2,1.2620043463508714,0.9614424004137614,1.5625662922879815,1.548421442210305,0.23420164703578195,1024.7213724080575,1021.7876365055049,1023.8445311485293,-3.0,-2.1011103383440437,0.04421569531962177,83.5716942301479,89.25070032990558,86.85827252864134,6.5,3.846468400157247,-1.4540405988930019,10.411993196497003,10.162134213950642,10.420883196841778,0.0,-0.5526323493198009,0.2938833664286644,29.208203290617423
2026-09-05 03:40:00,17.506111219747353,19.794182018522935,18.57207149733703,18.02958206881034,19.114560925863724,2.2,1.2620043463508714,0.9611549565467665,1.5628537361549764,-0.2637575571267732,-0.039893825164966756,1024.524276004458,1021.5506165369286,1023.7092150113649,-3.0,-2.1011103383440437,-0.057488136092274544,84.4698783235294,91.4580663280846,87.01760055775634,6.5,3.846468400157247,0.5939973701710102,2.2441442764349318,1.9932427154860455,3.2022099204101497,0.0,-0.5526323493198009,-0.6563348556043036,63.8156558869058
2026-09-05 03:45:00,17.817652647039214,19.913458936792996,18.69257676035169,18.149928023079394,19.23522549762399,2.2,1.2620043463508714,0.9608677870534287,1.5631409056483143,-0.27187874399730205,-0.041122169909566963,1024.5723515066113,1021.5495588380905,1023.6475995586993,-3.0,-2.1011103383440437,0.0030696177352638188,80.4015598985838,87.28135358245571,84.03623068331217,6.5,3.846468400157247,-0.6013455010137108,6.323171578471758,5.763237132642716,5.79977417314773,0.0,-0.5526323493198009,0.5160953088147862,40.04337243005365
2026-09-05 03:50:00,17.77221985803102,19.762132332279823,18.553756319997103,18.01094832073473,19.096564319259475,2.2,1.2620043463508714,0.9605808911495513,1.5634278015521916,-0.35456310163547045,-0.05362833406815071,1024.2122784646613,1021.3336672588798,1023.4679401161568,-3.0,-2.1011103383440437,-0.0331625189329543,82.36081147417043,89.16285526044076,84.6155197606761,6.5,3.846468400157247,0.7008670996074216,0.11141724433505323,0.5883859227782615,1.5088057591928834,0.0,-0.5526323493198009,-0.367787487094821,22.251907132924444
2026-09-05 03:55:00,18.317577302879236,20.686800996738423,19.28026074137623,18.737293526838172,19.82322795591429,2.2,1.2620043463508714,0.9602942680546662,1.5637144246470767,0.9555974670335736,0.14453590901132074,1024.3634678154294,1021.5483171062116,1023.5765794809755,-3.0,-2.1011103383440437,0.07284796358010226,79.65813149167143,86.0124991468029,82.60575261246287,6.5,3.846468400157247,-0.4397218658172193,5.237411366464608,5.021365173358138,5.172386610781004,0.0,-0.5526323493198009,0.40161091189693465,26.80903852717724
2026-09-05 04:00:00,17.914507816716267,20.093815258746883,18.987404776705926,18.444278393565483,19.53053115984637,2.2,1.2620043463508714,0.9600079169920093,1.5640007757097336,-1.0287070087812857,-0.15559386430991395,1024.512505867929,1021.2836565065359,1023.4342310225468,-3.0,-2.1011103383440437,-0.049464177666891374,83.71220941271024,91.67680447257524,86.51644405240921,6.5,3.846468400157247,1.3138920200087796,8.654875540569334,8.727188523927968,9.299243957531795,0.0,-0.5526323493198009,-0.019423084284026615,11.758603647350501
2026-09-05 04:05:00,17.788341628593525,19.89042749918739,18.662237291988035,18.118951786877492,19.205522797098578,2.2,1.2620043463508714,0.959721837188495,1.5642868555132479,-0.22356178436308483,-0.03381413915151654,1024.1465315136873,1021.0569857095021,1023.2002826533583,-3.0,-2.1011103383440437,-0.042186605512142705,82.37282902672976,89.26738557752167,86.11453089611011,6.5,3.846468400157247,-0.693613718745695,3.2050648079547006,3.386239920399713,4.35255528473397,0.0,-0.5526323493198009,-0.4136830150144566,27.210024174963152
2026-09-05 04:10:00,18.107855041406932,20.316234225637785,18.950933081478585,18.40748850098926,19.49437766196791,2.2,1.2620043463508714,0.9594360278746928,1.56457266482705,0.6829455670465272,0.1032967978083299,1023.9911048275791,1021.1141263666975,1023.1697883778085,-3.0,-2.1011103383440437,0.045448327233089,85.3388728710691,91.06420418046625,87.07296775355586,6.5,3.846468400157247,0.14476802675314104,2.4915227192399034,2.9451431039823395,3.2785072149196015,0.0,-0.5526323493198009,0.21926823838253862,8.326801360743854
2026-09-05 04:15:00,18.378189688826193,21.10552351721531,19.73637080692031,19.19276719760262,20.279974416237998,2.2,1.2620043463508714,0.9591504882848031,1.56485820441694,0.7084101513747925,0.10714836394413041,1023.960414524096,1020.8902537215172,1023.0133597008802,-3.0,-2.1011103383440437,-0.02199564101897522,77.72148844494218,84.42013282553097,81.99401752476535,6.5,3.846468400157247,-1.4203530993916331,5.648243182741435,5.602073850545745,6.00289535326006,0.0,-0.5526323493198009,0.1518108466054855,14.92379956253047
2026-09-05 04:20:00,18.28540553617607,20.71610610613238,19.599196133771898,19.05543354213542,20.142958725408374,2.2,1.2620043463508714,0.9588652176566327,1.5651434750451103,-0.9592897516919372,-0.14509437399038916,1023.8358081654059,1020.7160772539521,1022.8315171356128,-3.0,-2.1011103383440437,-0.014329543316648596,83.19797899522604,90.29996569688541,84.90065490863479,6.5,3.846468400157247,1.5528423880933673,6.141520769369779,5.979691831236254,6.643159604744584,0.0,-0.5526323493198009,-0.11083542418852943,16.393933336175092
2026-09-05 04:25:00,18.39009865858789,20.822613392225456,19.567903127277635,19.023981599791163,20.111824654764106,2.2,1.2620043463508714,0.9585802152315713,1.5654284774701717,-0.048224733637269424,-0.007294081403049546,1023.8236896861644,1020.9764703003119,1022.9851215433266,-3.0,-2.1011103383440437,0.09245909532933183,80.44435855532456,86.47387167618511,83.3037834570995,6.5,3.846468400157247,-0.6763801810716359,5.936051707288544,5.98797200185971,6.56241574692379,0.0,-0.5526323493198009,-0.021811395744279594,3.377193621259571
2026-09-05 04:30:00,18.20402659347252,20.491135857270994,19.276754533409324,18.732674116500924,19.820834950317725,2.2,1.2620043463508714,0.9582954802545682,1.5657132124471747,-0.3148590545730734,-0.04762302248920136,1023.8291796765742,1020.6357546661156,1022.8042494327975,-3.0,-2.1011103383440437,-0.06738442833784575,84.08193221351357,91.45335001105845,86.60319912757855,6.5,3.846468400157247,1.003682483322649,3.4111459226031693,3.7963700055658554,4.4403074834393115,0.0,-0.5526323493198009,-0.09130512855365547,7.112178489652668
2026-09-05 04:35:00,18.333534912524115,20.566831967039544,19.26383309994371,18.71959384000079,19.80807235988663,2.2,1.2620043463508714,0.9580110119741088,1.5659976807276341,0.2710347930428476,0.040994520744963125,1023.6185463774706,1020.5733094063019,1022.6795573821322,-3.0,-2.1011103383440437,-0.005137637486313906,81.71144596663915,88.51707293121196,85.47440480119334,6.5,3.846468400157247,-0.8038002701386375,2.9650199990170094,2.913968239596774,3.407462119650539,0.0,-0.5526323493198009,0.05913846926603572,3.999875815059211
2026-09-05 04:40:00,18.154384384829697,19.875167927163613,18.70335026158183,18.158952204951188,19.24774831821247,2.2,1.2620043463508714,0.9577268096421911,1.5662818830595517,-0.5962681820221967,-0.09018668076908654,1023.7776928273285,1020.8269894311992,1022.8456417570159,-3.0,-2.1011103383440437,0.08245801252735419,84.34166375020739,88.96768108007511,85.14193895810394,6.5,3.846468400157247,-0.020726278186074865,9.717617361529463,9.43115663705424,9.656212572369874,0.0,-0.5526323493198009,0.3275764140041666,16.931558926671826
2026-09-05 04:45:00,19.5347946774615,21.59899860816887,20.018930878124806,19.474374071112702,20.56348768513691,2.2,1.2620043463508714,0.9574428725143038,1.566565820187439,2.102872330429239,0.3180633836931932,1023.8580697002857,1020.7719967131992,1022.8839038120103,-3.0,-2.1011103383440437,-0.010796760467087552,75.23517413241527,81.97491171428561,79.4329918695708,6.5,3.846468400157247,-1.3045485554424374,8.813476985632809,8.3512496431382,9.242245968785351,0.0,-0.5526323493198009,-0.3383639763273507,35.796143208670884
2026-09-05 04:50:00,18.459708130946463,20.563593248305967,19.560394969266042,19.015679458138244,20.10511048039384,2.2,1.2620043463508714,0.9571591998494022,1.5668494928523407,-1.71109327825166,-0.258806067310946,1023.5354151156461,1020.652888464048,1022.7943791934471,-3.0,-2.1011103383440437,-0.04038039105500957,80.15543012783792,86.33060680430775,81.05802860917775,6.5,3.846468400157247,1.4261097949727457,4.299963189779217,3.9335739743976497,4.643654864666985,0.0,-0.5526323493198009,-0.15744854094953453,21.255568076445527
2026-09-05 04:55:00,18.805077076648278,20.63009866383877,19.367434121676503,18.822559952658356,19.91230829069465,2.2,1.2620043463508714,0.9568757909098864,1.5671329017918565,0.004364876863004241,0.0006601958113954254,1023.8498534529327,1020.7645219066532,1022.8395071480359,-3.0,-2.1011103383440437,0.026125096961322924,81.3983956467159,88.32813949834929,83.82710729471728,6.5,3.846468400157247,0.6545638034747583,7.525283104809219,7.784600554031218,7.958779973449109,0.0,-0.5526323493198009,0.3784529299019104,22.71434460996819
2026-09-05 05:00:00,18.922501261638363,20.891018103595275,19.560162618557143,19.01512983783362,20.105195399280667,2.2,1.2620043463508714,0.9565926449615791,1.5674160477401637,0.4552084958124176,0.06885113868726123,1023.6505498826791,1020.861842806696,1022.9389541713712,-3.0,-2.1011103383440437,0.023998973668881263,79.55793798377735,86.8133098559788,83.53332142780934,6.5,3.846468400157247,-0.5664799719877891,4.267625948086698,4.171438605194655,5.047592717606454,0.0,-0.5526323493198009,-0.32352176309199887,17.149157906175812
2026-09-05 05:05:00,19.698039903121877,21.50187260893735,20.155674889833882,19.610483543549645,20.70086623611812,2.2,1.2620043463508714,0.9563097612737029,1.56769893142804,0.5566434963722102,0.08419337275259764,1023.682128568389,1020.6632666237646,1022.8199375834752,-3.0,-2.1011103383440437,-0.05556062136656692,75.85529119761311,82.51142083532656,79.67613830973033,6.5,3.846468400157247,-1.011185874561022,4.08751483886241,3.9052585658861974,4.324896457374395,0.0,-0.5526323493198009,0.1329944578316029,8.872041920918939
2026-09-05 05:10:00,19.354817651738873,21.5471528845994,20.342752570662316,19.797402704921783,20.88810243640285,2.2,1.2620043463508714,0.9560271391188584,1.5679815535828845,-0.3808483846130173,-0.05760403241378853,1023.3841654819561,1020.4848560024619,1022.6254293428049,-3.0,-2.1011103383440437,-0.03946300199891084,78.9146800634408,86.74688185059655,81.7383146970758,6.5,3.846468400157247,1.1620987533635088,2.271088192186932,2.056298025231749,2.6653081030250743,0.0,-0.5526323493198009,-0.05637772847352451,7.9178729044210865
2026-09-05 05:15:00,20.107082274104243,22.470835468274007,21.114946845040702,20.569438505908092,21.660455184173312,2.2,1.2620043463508714,0.9557447777730028,1.56826391492874,0.6207147953530807,0.09388427688243439,1023.5680521272426,1020.67995572019,1022.7122369071515,-3.0,-2.1011103383440437,0.0688291513826016,73.49606439671645,79.85309888906565,77.27513347502871,6.5,3.846468400157247,-1.2685029861203105,4.100483488788747,4.125997246848802,4.512291812360705,0.0,-0.5526323493198009,0.1663377838078972,13.677074434511741
2026-09-05 05:20:00,19.476175613660175,21.89753051738504,20.8104669735609,20.2648002070603,21.356133740061498,2.2,1.2620043463508714,0.9554626765154277,1.5685460161863152,-1.1566190638637117,-0.17494080252673072,1023.2348902194286,1020.140759219017,1022.3499102204236,-3.0,-2.1011103383440437,-0.1080406630625248,77.08209223234005,84.08194649078314,79.06176535636745,6.5,3.846468400157247,1.1737127342584444,4.829141400354487,4.757304872224812,5.371997596482947,0.0,-0.5526323493198009,-0.062060374938334384,12.167098897564205
2026-09-05 05:25:00,19.997091197478934,22.28004808989478,20.96736763357006,20.421542485685485,21.513192781454634,2.2,1.2620043463508714,0.9551808346287378,1.568827858073005,0.3350445066653407,0.05067610997384975,1023.4928354563244,1020.184812474026,1022.2455955625007,-3.0,-2.1011103383440437,0.0403272498692786,73.3442870846319,80.48824114354179,77.209722604475,6.5,3.846468400157247,-0.5679498610904687,0.8297787528163203,0.7478391097005446,1.5104651164076381,0.0,-0.5526323493198009,-0.2099936573872927,8.402601952699763
2026-09-05 05:30:00,19.69354722549354,21.700867957253823,20.534776744534593,19.988793261210034,21.08076022785915,2.2,1.2620043463508714,0.9548992513988303,1.5691094413029125,-0.6341285579521241,-0.09591313363164033,1023.34753603051,1020.4016493937096,1022.4117470951228,-3.0,-2.1011103383440437,0.09101263693082728,75.04705001057434,81.46917323546015,77.30322312361828,6.5,3.846468400157247,0.3194817116846167,4.214558710736698,4.61935588907992,4.822139342961348,0.0,-0.5526323493198009,0.34984889543837205,19.88482568911855
2026-09-05 05:35:00,21.030143521230286,22.843730489526294,21.37262170739901,20.8264799345385,21.918763480259518,2.2,1.2620043463508714,0.9546179261148724,1.5693907665868705,1.3824915243573024,0.20910443577641402,1023.3690819517101,1020.3799252037788,1022.4803599387002,-3.0,-2.1011103383440437,0.0006756034226782504,70.48915592987672,77.61217537625895,74.40407171549505,6.5,3.846468400157247,-0.6383647393933529,6.781550051774056,7.242954936332547,7.844258134562818,0.0,-0.5526323493198009,-0.048670848910470355,7.057513693854403
2026-09-05 05:40:00,19.843581000267058,21.692207260386756,20.667469232934835,20.12116921640251,21.21376924946716,2.2,1.2620043463508714,0.9543368580692815,1.5696718346324614,-1.5686834842852697,-0.2372663188989499,1023.0759859369352,1020.1593598410715,1022.3250198036411,-3.0,-2.1011103383440437,-0.06454962422560584,74.00551688921334,80.0297784994836,75.40922744088564,6.5,3.846468400157247,0.7740826584407046,5.87130659618613,5.388300094313432,6.151968335712687,0.0,-0.5526323493198009,-0.2110358920794546,15.853382965094077
2026-09-05 05:45:00,20.59115612229417,22.537359606843268,21.113067608894035,20.56660939451418,21.65952582327389,2.2,1.2620043463508714,0.9540560465577044,1.5699526461440385,1.072962904921262,0.162287651598362,1023.086212374218,1020.0522332533606,1022.1728975334629,-3.0,-2.1011103383440437,-0.019553941758317706,71.74234546566097,77.904290730444,74.35109558366341,6.5,3.846468400157247,-0.293273253376654,5.52274531035559,5.621023129698477,6.078156842250669,0.0,-0.5526323493198009,0.0954986367676085,4.5719525796884195
2026-09-05 05:50:00,20.87134829655557,22.893576356948437,21.595707892834476,21.049091526391596,22.142324259277355,2.2,1.2620043463508714,0.9537754908789962,1.5702332018227467,0.23711519390739966,0.035864117763090064,1023.2801375413343,1020.2155733865142,1022.2551199213075,-3.0,-2.1011103383440437,0.06156380355071178,73.29592084909298,78.74592989682392,74.64946926706315,6.5,3.846468400157247,0.24999222960352085,8.525919133216528,8.29286050363011,8.730285644877258,0.0,-0.5526323493198009,0.11520720807265228,2.7734567173165887
2026-09-05 05:55:00,20.9358993854798,23.10394968588148,21.87221296965448,21.325438496893344,22.418987442415617,2.2,1.2620043463508714,0.9534951903351994,1.5705135023665435,-0.20011408152705457,-0.030267630123869793,1023.0203258716379,1020.3215968232851,1022.3884039053047,-3.0,-2.1011103383440437,0.03430325632439235,71.72540468395206,78.4185319770481,74.5918021273989,6.5,3.846468400157247,-0.019738550508051844,0.7419205979080383,0.6674452637497102,1.6763604258487685,0.0,-0.5526323493198009,-0.4562828127792574,29.93653369915227
2026-09-05 06:00:00,20.850668672994388,22.847835829368993,21.67560137200751,21.12866883863322,22.2225339053818,2.2,1.2620043463508714,0.9532151442315255,1.5707935484702173,-0.5935125680596514,-0.08976988898938743,1023.2060353339502,1019.9851822247236,1022.1755149089265,-3.0,-2.1011103383440437,-0.08922234585884325,70.7839451996677,77.54414654035118,73.86466719891872,6.5,3.846468400157247,-0.16698905872479486,4.963099960269163,5.055883475807171,5.0831443841758155,0.0,-0.5526323493198009,0.5253714409511563,41.266616210652494
2026-09-05 06:05:00,21.029049590111327,23.29684476884498,21.964505598073014,21.417415049751057,22.51159614639497,2.2,1.2620043463508714,0.952935351876333,1.5710733408254098,0.4650178666381528,0.07033482442109573,1022.9074145055052,1020.0175070772599,1022.1055888352314,-3.0,-2.1011103383440437,0.013028580372520082,69.84024005542392,77.28365058228731,73.41453238683765,6.5,3.846468400157247,0.02264979529240918,6.843251625989582,6.779435650910306,7.433626477914553,0.0,-0.5526323493198009,-0.10155847768444559,2.0165517450322517
2026-09-05 06:10:00,21.256414189669286,23.40995948910939,22.153141127804794,21.605892610161103,22.700389645448485,2.2,1.2620043463508714,0.9526558125811084,1.5713528801206345,-0.034287079302256274,-0.005185985046274766,1023.2175951390511,1020.1314048603236,1022.1851508185035,-3.0,-2.1011103383440437,0.04736438016414013,70.0632724094878,77.1961844129725,73.26989635780518,6.5,3.846468400157247,0.07981965501006982,4.855712051006051,4.924850015194341,5.656294512697269,0.0,-0.5526323493198009,-0.17881214818312685,4.84783698392451
2026-09-05 06:15:00,21.33964471528954,23.541753857637744,22.289924910772438,21.742518469393442,22.837331352151434,2.2,1.2620043463508714,0.952376525660446,1.571632167041297,-0.06727453434218944,-0.010175399485564895,1022.885321626506,1019.8349548338449,1021.9981271183178,-3.0,-2.1011103383440437,-0.06206194612889249,71.21147945711097,77.48364301179302,73.52051045550182,6.5,3.846468400157247,0.11666415613395031,3.4409421867313874,3.6428332485409625,4.1642979310690755,0.0,-0.5526323493198009,0.031167666791687587,0.6487719092609242
2026-09-05 06:20:00,21.945123016338,24.373173126872242,23.009200179641063,22.461635860073745,23.55676449920838,2.2,1.2620043463508714,0.9520974904320288,1.571911202269714,0.6741642086365545,0.10196860088030846,1023.1348134364707,1020.0872480115846,1022.1190109198528,-3.0,-2.1011103383440437,0.06934743007582256,66.19550481310843,71.752961063241,69.02283014163478,6.5,3.846468400157247,-1.1163374785510314,2.1049453397832725,2.1933183799453686,2.745740888736584,0.0,-0.5526323493198009,0.00020984052858574742,8.039855735212045
2026-09-05 06:25:00,22.606401319896808,24.570354973056734,23.356289741230228,22.808567588982193,23.904011893478263,2.2,1.2620043463508714,0.9518187062166088,1.572189986485134,-0.3169488933558142,-0.04793911452436461,1023.1295042318319,1020.0089890907062,1022.1221441585201,-3.0,-2.1011103383440437,-0.012044729469835147,65.07594807861778,71.92222840063377,67.62321699811775,6.5,3.846468400157247,0.452543002358766,8.13063504904985,7.9365841577995635,8.175523172433596,0.0,-0.5526323493198009,0.31369333468576777,15.35252492061461
2026-09-05 06:30:00,21.663235246776015,23.94697616243449,22.846344591150583,22.298464651690104,23.394224530611062,2.2,1.2620043463508714,0.9515401723379875,1.5724685203637554,-1.0669142094653772,-0.16137277506696535,1022.9167391347428,1020.0024227662782,1022.1113756327162,-3.0,-2.1011103383440437,-0.007842528093988221,69.0118073294814,76.40040986741312,71.22541949309432,6.5,3.846468400157247,1.3285219741615464,4.387324124478804,4.1985642423877065,5.169383984471663,0.0,-0.5526323493198009,-0.41818739276415595,36.78448367162484
2026-09-05 06:35:00,21.50369317285146,23.700898527156244,22.44808858864555,21.900050907401624,22.996126269889476,2.2,1.2620043463508714,0.9512618881229971,1.5727468045787458,-0.060788719585648465,-0.009194407840176666,1023.096035488467,1020.3046320278595,1022.3392259655345,-3.0,-2.1011103383440437,0.066516400669002,67.897082904955,75.00123088399815,71.58578145578592,6.5,3.846468400157247,-0.43101897194502214,7.9791313604157015,7.54721977143029,7.799345910490299,0.0,-0.5526323493198009,0.3005062102597922,14.341870907358338
2026-09-05 06:40:00,22.182949293090775,24.316252036896834,22.903735159572168,22.35553978193458,23.451930537209755,2.2,1.2620043463508714,0.9509838529014811,1.5730248398002618,0.9951118330331816,0.15051253097379558,1023.0371286389967,1020.1076306881837,1022.2727479570665,-3.0,-2.1011103383440437,-0.06400693053876694,67.8990398619093,75.26662188179513,71.6145580752141,6.5,3.846468400157247,-0.1944045935762233,5.163946973635248,4.907770884379032,5.707133517793934,0.0,-0.5526323493198009,-0.24673028409510067,11.733395640002342
2026-09-05 06:45:00,23.417981068191146,25.795032332364336,24.332476940737763,23.784123912057133,24.880829969418393,2.2,1.2620043463508714,0.9507060660062762,1.5733026266954666,1.3259408833924233,0.20055104527570222,1022.9083898000388,1019.9238970994705,1022.0814235315721,-3.0,-2.1011103383440437,-0.05641609375754797,59.81052419720742,66.14101257224884,64.15532687429967,6.5,3.846468400157247,-1.860782702208084,5.82441271112479,6.4130332196943485,6.7950184838533385,0.0,-0.5526323493198009,0.17064708516081062,26.557567574306773
2026-09-05 06:50:00,22.233571713348088,24.609374544259488,23.681776435355054,23.133265800942905,24.230287069767204,2.2,1.2620043463508714,0.9504285267731927,1.5735801659285502,-2.2109229163184416,-0.33440623744643716,1022.8308743440103,1019.6829082691454,1021.8217015711763,-3.0,-2.1011103383440437,-0.03768296368684787,67.95635806289827,74.08306288835776,67.99901030842841,6.5,3.846468400157247,2.2375841797720994,7.024027430004759,6.786426357776186,7.379394313706626,0.0,-0.5526323493198009,-0.04033560661063884,37.94865448748754
2026-09-05 06:55:00,23.380662392540835,25.391364233343147,24.014420821039806,23.46575262616861,24.563089015911004,2.2,1.2620043463508714,0.9501512345409967,1.573857458160746,0.7599182863186087,0.11493906595246983,1022.6824535488671,1019.7599773387408,1021.8032687757304,-3.0,-2.1011103383440437,0.057818901354380614,60.35269845256568,66.26317737078024,63.77314360748054,6.5,3.846468400157247,-1.3564346368575428,5.706045365280676,5.348031721547531,5.987129524218635,0.0,-0.5526323493198009,-0.08646545335130362,12.291751246645887
2026-09-05 07:00:00,23.567020443485795,25.73058832671421,24.43261344994572,23.883787739848955,24.981439160042484,2.2,1.2620043463508714,0.9498741886513915,1.5741345040503514,0.2378187399246059,0.03597053041761811,1023.0256899209458,1020.3491423657051,1022.2867560118266,-3.0,-2.1011103383440437,0.1634966922225658,60.63590590352251,67.09118873023164,62.81487831469415,6.5,3.846468400157247,0.42984201538024536,3.9184901802495182,4.014468538802951,4.559949530667028,0.0,-0.5526323493198009,0.007151357455723151,4.072807522399342
2026-09-05 07:05:00,22.846299478942097,25.10254181545891,23.98783746294349,23.4388542828157,24.536820643071277,2.2,1.2620043463508714,0.9495973884489991,1.574411304252744,-0.9738721814258078,-0.14729999383544978,1022.7365750846303,1019.6794708910611,1021.9623326478435,-3.0,-2.1011103383440437,-0.18175141843835263,61.89634987026681,68.33347723349176,63.883340126338794,6.5,3.846468400157247,0.6036687069957196,4.669472744172873,4.6363633163853155,5.099620247016628,0.0,-0.5526323493198009,0.08937541868848786,8.98922572789202
2026-09-05 07:10:00,23.46791230340845,25.613310953803932,24.25160120817035,23.702460603167207,24.80074181317349,2.2,1.2620043463508714,0.9493208332813425,1.5746878594204003,0.6592010778212227,0.09970539928271194,1022.9852574558412,1019.9288599189384,1021.9867642585709,-3.0,-2.1011103383440437,0.04320599871152808,60.80077596048112,67.46611806331241,63.749967162161134,6.5,3.846468400157247,-0.13031749900596878,7.010682967223083,6.9520049961683155,7.431579930602453,0.0,-0.5526323493198009,0.07305741488566309,2.1085068837140666
2026-09-05 07:15:00,24.06497065724382,26.381974923701378,25.0132636567226,24.463965671960942,25.56256164148426,2.2,1.2620043463508714,0.9490445224988278,1.5749641702029151,0.7054915540676916,0.10670692062790721,1022.9326516643005,1019.8484882946533,1021.9527803602418,-3.0,-2.1011103383440437,-0.0031817272445096023,58.44511868992512,64.84168072429672,61.533161152058945,6.5,3.846468400157247,-0.5379488279194646,3.761961531431396,4.184675321355023,4.964538236056083,0.0,-0.5526323493198009,-0.22723056538125963,10.060161458801408
2026-09-05 07:20:00,23.43588110207008,25.692119505652133,24.61718961888568,24.06773429944358,25.166644938327778,2.2,1.2620043463508714,0.9487684554547255,1.5752402372470173,-1.2368405951737813,-0.18707445958441582,1023.0767480827116,1020.0033359475374,1022.0635851555219,-3.0,-2.1011103383440437,0.04086113035953076,60.3304896941736,66.72358751039218,62.299080822677574,6.5,3.846468400157247,0.5780382875573622,3.8547956647346098,4.019533667402119,4.459301011382282,0.0,-0.5526323493198009,0.11286500533963828,7.422802211518911
2026-09-05 07:25:00,23.68056576412534,26.247078012196543,24.898153958108708,24.34854134902553,25.447766567191884,2.2,1.2620043463508714,0.9484926315051543,1.5755160611965886,0.5746686281416444,0.08691970773696411,1022.9337108235082,1019.5219158904574,1021.7366479323824,-3.0,-2.1011103383440437,-0.11362170358097501,60.541625577027595,66.42027033464987,62.54594418239477,6.5,3.846468400157247,0.02785775209785868,1.744316874049448,1.5853189945384054,2.2284235100238217,0.0,-0.5526323493198009,-0.09047216616561538,3.4099102262788517
2026-09-05 07:30:00,23.704254726339858,25.5981988991539,24.450385920938526,23.900616067214973,25.00015577466208,2.2,1.2620043463508714,0.9482170500090625,1.5757916426926803,-0.7549748909721394,-0.11419136813549713,1022.9351098668044,1019.9958651746828,1021.9707796267043,-3.0,-2.1011103383440437,0.12619588632253453,61.48934381391342,68.74263902475461,64.48090885116744,6.5,3.846468400157247,0.41526177342991843,8.626810816141498,8.499468040863965,8.646734690041022,0.0,-0.5526323493198009,0.40536570014274353,27.486847007415662
2026-09-05 07:35:00,23.706334741090178,25.881847543140697,24.543962868950942,23.99403581554911,25.093889922352773,2.2,1.2620043463508714,0.9479417103282108,1.576066982373532,0.5016818974365442,0.07588032783888465,1023.1011174264868,1019.9742846000336,1022.0733833295022,-3.0,-2.1011103383440437,0.0020116088753638905,61.33092361449717,67.89213806429215,64.41822680949961,6.5,3.846468400157247,-0.3725571453647092,1.6992252985231997,1.5484493443514942,2.7081616453547745,0.0,-0.5526323493198009,-0.6070799516834797,53.90934243750023
2026-09-05 07:40:00,24.028135366088534,26.046434863786097,24.75060009126756,24.200515883111013,25.30068429942411,2.2,1.2620043463508714,0.9476666118271553,1.5763420808745876,0.22366946577929525,0.03383042616766474,1023.0496346412287,1019.8080951734099,1021.9685538659747,-3.0,-2.1011103383440437,-0.05934835422078777,59.96422031080999,66.32466516338177,62.92308942798534,6.5,3.846468400157247,-0.4448926647608147,5.621631049587032,5.884052936061109,5.954495383294639,0.0,-0.5526323493198009,0.48218990208627055,34.70636081884167
2026-09-05 07:45:00,23.974095096277356,26.294916587365165,25.01628876566832,24.466047447642115,25.566530083694527,2.2,1.2620043463508714,0.9473917538732304,1.5766169388285125,0.10990591225786162,0.016623475345973304,1023.055993778288,1020.1689722707479,1022.1935388548242,-3.0,-2.1011103383440437,0.07654375426773186,58.930966993154094,64.83302359055473,61.16746088201156,6.5,3.846468400157247,-0.18090569161407188,4.015609563798841,3.9231652749628996,4.729427686308266,0.0,-0.5526323493198009,-0.2536300620255654,10.029152866195467
2026-09-05 07:50:00,24.65326238265624,26.529828004647133,25.267420342346185,24.717021959296943,25.817818725395426,2.2,1.2620043463508714,0.9471171358365316,1.5768915568652113,0.0026665186730703283,0.00040331595007714327,1023.0892335190532,1019.9269308512969,1022.096790986467,-3.0,-2.1011103383440437,-0.06874979682606863,57.06532656944591,62.49979608113304,58.83956580263066,6.5,3.846468400157247,-0.18623812165486697,3.967004043613671,3.429057992877426,3.936237749768894,0.0,-0.5526323493198009,0.045452592428333105,0.9998055206769667
2026-09-05 07:55:00,24.507647460171523,26.7769100022165,25.515395435433973,24.964840032169946,26.065950838698,2.2,1.2620043463508714,0.9468427570898985,1.5771659356118444,-0.003238171871025486,-0.000489779568344062,1022.7997796844487,1019.7489793263661,1021.9006501168577,-3.0,-2.1011103383440437,-0.05056045214757887,60.41368057071635,67.96005192475583,62.67403082506392,6.5,3.846468400157247,1.4395526995346586,5.867329141647177,5.852833238026874,6.266962683427684,0.0,-0.5526323493198009,0.13850290391899112,13.67122881488081
2026-09-05 08:00:00,25.08512575625984,27.15911606999017,25.876958074260646,25.326245695551744,26.427670452969547,2.2,1.2620043463508714,0.9465686170088988,1.5774400756928442,0.1332456164662439,0.020153649378652716,1023.1558231474113,1020.3757895060896,1022.31608571604,-3.0,-2.1011103383440437,0.1608141283936675,55.45176859392051,62.395479560425954,59.79049200916387,6.5,3.846468400157247,-1.241480848895165,1.449440941569072,0.9883331412306934,1.8634695590479078,0.0,-0.5526323493198009,-0.32250406849741353,25.686104656898703
2026-09-05 08:05:00,24.545111535532026,26.598279162307822,25.46965683051982,24.918787521097688,26.020526139941953,2.2,1.2620043463508714,0.9462947149718111,1.5777139777299318,-0.8818536247219377,-0.13338201456286924,1023.1471974937137,1019.9358151240101,1022.153148972213,-3.0,-2.1011103383440437,-0.11622350985885532,59.35415743800792,64.55502316395194,60.23389439839363,6.5,3.846468400157247,0.47466036540106415,5.265269339078574,5.920538519605045,6.0471625224711785,0.0,-0.5526323493198009,0.42600834645366703,30.440394308495094
2026-09-05 08:10:00,25.475480939222063,27.386181298513925,25.98398762645948,25.432961431017542,26.53501382190142,2.2,1.2620043463508714,0.9460210503596083,1.5779876423421346,0.9268600824795001,0.14018932570357379,1022.9165936228977,1019.6867038877081,1021.8618249567888,-3.0,-2.1011103383440437,-0.07401073073674524,54.631369873451646,61.74188371401937,58.335399519444735,6.5,3.846468400157247,-0.4399842055826113,6.804444542136115,6.514744167981945,7.247170127116286,0.0,-0.5526323493198009,-0.1797936098145403,8.296691079668545
2026-09-05 08:15:00,25.851917063538167,27.958901874297965,26.645407109218162,26.094224072411677,27.196590146024647,2.2,1.2620043463508714,0.9457476225559421,1.5782610701458006,0.3404282994477974,0.051490418728931786,1023.0469111301142,1020.0873070585485,1022.0680268900195,-3.0,-2.1011103383440437,0.12039050687303643,53.446503279959224,60.68448821614571,56.85392519619891,6.5,3.846468400157247,-0.015905380210448072,7.490648941443842,7.442089511836523,7.997141400055726,0.0,-0.5526323493198009,-0.002419538899403051,1.8979326482054224
2026-09-05 08:20:00,24.896022448609454,27.312922554667637,26.232996472609955,25.681656639056076,26.784336306163834,2.2,1.2620043463508714,0.945474430947126,1.578534261754617,-1.2038083086107996,-0.18207826429318885,1023.0926221829404,1020.265045287542,1022.3158996769333,-3.0,-2.1011103383440437,0.050255948952667495,57.89991446482438,64.49941536266512,59.62876396213722,6.5,3.846468400157247,1.0241830003706482,2.4611032349491486,2.5385640553594895,3.338704510192521,0.0,-0.5526323493198009,-0.24750810551323088,17.91981129686554
2026-09-05 08:25:00,26.017702291500317,28.212664554794422,26.807600094239348,26.25610350851717,27.359096679961525,2.2,1.2620043463508714,0.9452014749221197,1.578807217779623,0.9458402669772958,0.14306011420420361,1023.0938149189228,1019.857663661263,1022.0821142459173,-3.0,-2.1011103383440437,-0.12334024631024931,54.38142441913721,62.15991313573862,58.89066355193164,6.5,3.846468400157247,-0.5772188163502676,8.660958159630315,8.574360711426547,8.645450278467802,0.0,-0.5526323493198009,0.4815427822785452,38.659238184403584
2026-09-05 08:30:00,26.533179249114927,28.858715332689822,27.54237204949523,26.99071875614585,28.094025342844613,2.2,1.2620043463508714,0.9449287538725127,1.57907993882923,0.3592612435508329,0.054338936843720376,1023.1799223191812,1020.2410757797068,1022.2617670589261,-3.0,-2.1011103383440437,0.08041905912466518,51.08815321716131,57.76152893085962,54.86294420809926,6.5,3.846468400157247,-0.947883677396888,5.97939251752754,5.8923833970876816,6.820447755270012,0.0,-0.5526323493198009,-0.37543200886252936,25.76176804304813
2026-09-05 08:35:00,25.731673765128434,28.264602129521688,27.187059110424606,26.635249153951168,27.738869066898044,2.2,1.2620043463508714,0.9446562671925092,1.5793524255092337,-1.2195639014216688,-0.18446132725378916,1023.3606902992424,1020.4478402302366,1022.505033749022,-3.0,-2.1011103383440437,0.04391681955860349,52.850433149923276,58.216974327563925,53.88497134480581,6.5,3.846468400157247,0.485534582600863,8.527090185623475,8.653638371471738,8.985495303052389,0.0,-0.5526323493198009,0.22077541773914966,11.980577941027104
2026-09-05 08:40:00,27.057281922072974,29.31003303903749,27.89229414474074,27.340327569608498,28.444260719872986,2.2,1.2620043463508714,0.9443840142789113,1.5796246784228316,1.0296371369902424,0.15573454794587605,1023.3245845457053,1020.0157104731514,1022.247661658449,-3.0,-2.1011103383440437,-0.13084084695356069,49.789608622552606,56.581743823391264,52.66500291147583,6.5,3.846468400157247,0.0702725117581835,4.79352137610724,5.251386163746123,6.0595736690220106,0.0,-0.5526323493198009,-0.25555515595608647,13.817552853332607
2026-09-05 08:45:00,26.727805662613683,28.816045748201216,27.688036845311224,27.13591369594759,28.24015999467486,2.2,1.2620043463508714,0.944111994531105,1.579896698170638,-0.8859093026856648,-0.13399544346087922,1022.9819165034545,1020.1016917041405,1022.1873396481968,-3.0,-2.1011103383440437,0.01546239428773788,51.619477430796174,58.315395272166356,53.86547293546581,6.5,3.846468400157247,0.6034539365432963,5.239744320393394,5.469997044938584,5.871354773446809,0.0,-0.5526323493198009,0.1512746208115754,7.062527952376569
2026-09-05 08:50:00,26.449279046644385,28.742729489680944,27.501694155420147,26.94941447621475,28.053973834625545,2.2,1.2620043463508714,0.9438402073510429,1.5801684853507,-0.1386363774686643,-0.020969012090073846,1023.2884878666644,1020.4199787486407,1022.4288860977745,-3.0,-2.1011103383440437,0.09220298921025005,52.29065666563631,58.30801918661379,54.45029270007927,6.5,3.846468400157247,0.011258086377274878,9.475153730276103,9.918707893848167,10.276245010332783,0.0,-0.5526323493198009,0.19509523283518426,6.425596383889314
2026-09-05 08:55:00,26.879121226340917,28.970261997078058,27.652039008139365,27.099602843444096,28.204475172834634,2.2,1.2620043463508714,0.9435686521432305,1.5804400405585124,0.37168889602916977,0.05621864258782239,1023.4108454812051,1020.3640776452168,1022.4885311313242,-3.0,-2.1011103383440437,-0.02334314776339852,50.8046953155155,57.763542385017445,54.13223900077303,6.5,3.846468400157247,-0.215165015912838,9.137530909844484,8.823545177416433,9.627426832682964,0.0,-0.5526323493198009,-0.25124930594673067,9.640226149428962
2026-09-05 09:00:00,27.293883125828856,29.392998589169423,28.072687451943693,27.52009484607277,28.625280057814617,2.2,1.2620043463508714,0.9432973283147099,1.580711364387033,0.385494663935102,0.058306790874858905,1023.285656625734,1020.4735085800787,1022.574433501303,-3.0,-2.1011103383440437,0.00018541711972375197,51.1387888001795,56.30465658722681,52.768014139163675,6.5,3.846468400157247,-0.30982595209411556,4.679736018333138,4.774944808309746,5.463186780898935,0.0,-0.5526323493198009,-0.13560962326938863,3.476917191333127
2026-09-05 09:05:00,27.268975987607515,29.164997427683716,27.983360108903025,27.430611106133036,28.536109111673014,2.2,1.2620043463508714,0.9430262352750451,1.5809824574266977,-0.5313456600813709,-0.08036702757017977,1023.4071154638501,1020.5775837999988,1022.674530431687,-3.0,-2.1011103383440437,0.00416370665584509,51.790925900701495,59.08337936265573,54.55715470902045,6.5,3.846468400157247,0.6797562534780255,3.4636994549580424,3.510273270575526,3.9287145273619792,0.0,-0.5526323493198009,0.1341910925333476,5.629030606999075
2026-09-05 09:10:00,27.620915670455656,30.006167168672533,28.627878645954837,28.0749732905248,29.180784001384875,2.2,1.2620043463508714,0.942755372436307,1.5812533202654357,0.7688114680450866,0.11628417636682542,1023.5607466551708,1020.5762143440284,1022.698126356142,-3.0,-2.1011103383440437,-0.020801673769597073,49.8849206123773,55.682423249492935,52.56849577761595,6.5,3.846468400157247,-0.7325409282802653,4.354728616668999,4.46005600417202,4.910980350110066,0.0,-0.5526323493198009,0.10170800338175479,5.71220562833898
2026-09-05 09:15:00,27.202721767931784,29.325521252801895,28.228565868033773,27.67550420414518,28.781627531922364,2.2,1.2620043463508714,0.9424847392130586,1.5815239534886842,-1.0912192734931025,-0.16504896158274818,1023.4274064904574,1020.3596896819087,1022.5244497459098,-3.0,-2.1011103383440437,-0.06364972565711469,50.43435393116618,56.14639703107255,52.12164011624658,6.5,3.846468400157247,0.1782885146687221,4.347844491149514,4.760714082340186,5.348589923335041,0.0,-0.5526323493198009,-0.03524349167505392,3.673764614961754
2026-09-05 09:20:00,27.80297302222223,30.0393926713854,28.65924063567453,28.106022707491412,29.212458563857645,2.2,1.2620043463508714,0.9422143350223401,1.581794357679403,0.7811320623405997,0.11814768936000064,1023.3255986340145,1020.179674450127,1022.3121523080788,-3.0,-2.1011103383440437,-0.031367519607783834,47.433011119926256,53.841951302080275,50.28419856066391,6.5,3.846468400157247,-0.2887156587408839,3.6355002123508458,3.5692634674132298,4.191385577039423,0.0,-0.5526323493198009,-0.06948976030639242,2.7036403408986445
2026-09-05 09:25:00,27.332561590593205,29.325369204871876,28.2005509091257,27.647176760774677,28.75392505747672,2.2,1.2620043463508714,0.9419441592836539,1.582064533418089,-0.9070039643914249,-0.13718605060469358,1023.4586288280177,1020.4529943016128,1022.45993027017,-3.0,-2.1011103383440437,0.09417436978674232,46.79677870287015,53.64315704530506,49.595650640640436,6.5,3.846468400157247,0.20103800450737452,3.5218362532093495,3.400185243243123,3.9058544912905697,0.0,-0.5526323493198009,0.046963101272353924,3.501668041888244
2026-09-05 09:30:00,28.014879148746434,30.30206867468953,28.864703995090494,28.31117367066082,29.418234319520167,2.2,1.2620043463508714,0.9416742114189511,1.5823344812827917,1.159392786307425,0.17536033324816458,1023.336476244187,1020.4219400821427,1022.5188586813844,-3.0,-2.1011103383440437,0.004191739102338943,47.72214408038736,54.353283331262105,50.15257917630859,6.5,3.846468400157247,0.3542357547962638,8.909718222284365,9.069912461509965,9.36417832914608,0.0,-0.5526323493198009,0.2583664816836855,13.42455705983442
2026-09-05 09:35:00,27.857555127029556,29.90516687940254,28.750287870983023,28.196601414526647,29.3039743274394,2.2,1.2620043463508714,0.941404490852616,1.5826042018491269,-0.708257915161429,-0.10712533793135393,1023.330324661879,1020.2816981327229,1022.4255135820364,-3.0,-2.1011103383440437,-0.04270511096945029,46.69215060203928,52.598023269421375,49.056920921780716,6.5,3.846468400157247,-0.30536605251658955,1.7185721529922713,1.185111334722517,2.3358892242267544,0.0,-0.5526323493198009,-0.5981455401844364,52.94649977719493
2026-09-05 09:40:00,28.083004880546454,30.254663136206087,28.95508883425833,28.401246289789942,29.508931378726718,2.2,1.2620043463508714,0.9411349970114522,1.5828736956902907,0.24839332073620568,0.03756995559688647,1023.2850472878436,1019.9554221370543,1022.1288744731409,-3.0,-2.1011103383440437,-0.07234199774256922,47.66557396713387,53.76070253418035,49.59940095015278,6.5,3.846468400157247,0.3148331838703271,6.840965549291698,6.769909934555044,6.738375909762858,0.0,-0.5526323493198009,0.5841663741119865,49.93374631937415
2026-09-05 09:45:00,29.028027236889635,31.40359244313746,29.987354579522076,29.433355991019166,30.541353168024987,2.2,1.2620043463508714,0.9408657293246685,1.5831429633770744,1.0197130902473788,0.15423351726451173,1023.5822225004306,1020.772529584617,1022.6578432198313,-3.0,-2.1011103383440437,0.2157967031297403,45.99808010549424,51.59164622759227,48.14433901282914,6.5,3.846468400157247,-0.3991611853941208,2.8195475169620776,2.779288210176442,3.7305015740819254,0.0,-0.5526323493198009,-0.39858101458568296,31.19330358965076
2026-09-05 09:50:00,29.124686701531573,31.482838563978078,30.318047796408806,29.76389320781171,30.872202385005902,2.2,1.2620043463508714,0.9405966872238647,1.5834120054778782,-0.6427264358069777,-0.09721357878159864,1023.2337363953991,1020.2622698786759,1022.4949692901891,-3.0,-2.1011103383440437,-0.13158907316926616,44.45527547638993,50.77553155508603,46.96764495849716,6.5,3.846468400157247,-0.03858180356837693,4.234628662293514,3.9585210774014365,4.306635510558447,0.0,-0.5526323493198009,0.20451791616279014,8.905414416846117
2026-09-05 09:55:00,29.08451611345496,31.28011009895157,30.128368349598727,29.574057804810682,30.682678894386772,2.2,1.2620043463508714,0.9403278701430172,1.5836808225587258,-0.7289998666809332,-0.11026259699802665,1023.5938951201708,1020.5369514456693,1022.6018202981116,-3.0,-2.1011103383440437,0.036241485901655324,45.758802690857635,53.118819662466365,48.6031133738951,6.5,3.846468400157247,0.6692378884140169,1.6528459542394567,1.9699636576464299,2.6457687882264223,0.0,-0.5526323493198009,-0.12317278126019171,5.898807969479524
2026-09-05 10:00:00,28.554686285674507,30.401060079133163,29.27687663782456,28.722410180711762,29.83134309493736,2.2,1.2620043463508714,0.9400592775184661,1.5839494151832767,-0.9112012970586605,-0.1378209050422683,1023.445219702056,1020.5737934603195,1022.6735572343925,-3.0,-2.1011103383440437,0.0013465642709888925,46.02373917228312,52.52032882216802,48.83543284866233,6.5,3.846468400157247,-0.1615724266515599,3.702327234630313,3.3836551394273275,3.795090223738336,0.0,-0.5526323493198009,0.1411972650087927,4.988367911157755
2026-09-05 10:05:00,29.013778518277718,31.812340632289846,30.25002589467877,29.695403569070418,30.804648220287124,2.2,1.2620043463508714,0.9397909087889005,1.5842177839128424,1.9854986291997285,0.3003103912602043,1023.1651189397512,1020.3938147292237,1022.5507555505866,-3.0,-2.1011103383440437,-0.05583048301889448,44.67117572765257,51.85870713146013,48.25214575277045,6.5,3.846468400157247,-0.23990702146757314,8.032500750618187,7.9917388361090484,8.400348621506414,0.0,-0.5526323493198009,0.1440225639224355,13.143085740555119
2026-09-05 10:10:00,29.7722200410415,32.32139183509613,31.0382003589007,30.483422208589047,31.59297850921235,2.2,1.2620043463508714,0.9395227633953448,1.584485929306398,0.1400784604439309,0.02118712984455584,1023.4334276899933,1020.0131409545702,1022.1983631863586,-3.0,-2.1011103383440437,-0.08411189344440118,44.59187898202869,52.25620005220964,48.31679244202917,6.5,3.846468400157247,0.09293921002322492,9.827299664205873,9.915246831802763,10.592974970175165,0.0,-0.5526323493198009,-0.125095789052601,3.1132527329325193
2026-09-05 10:15:00,29.48814486643618,31.832679831413838,30.757359828763068,30.20242589750348,31.312293760022655,2.2,1.2620043463508714,0.9392548407811461,1.5847538519205968,-1.234261348580656,-0.18668434370010445,1023.0649507294065,1020.1300902768949,1022.1654920900336,-3.0,-2.1011103383440437,0.06570852520530934,42.876144428872365,48.90572961364279,45.6859061162042,6.5,3.846468400157247,-0.6266449027186596,3.3639572467400236,3.769992715182859,4.681217220066298,0.0,-0.5526323493198009,-0.3585921555636382,24.53360469901029
2026-09-05 10:20:00,30.501435632897252,32.550794876579054,31.194503664032116,30.639413995543123,31.74959333252111,2.2,1.2620043463508714,0.9389871403919594,1.5850215523097835,0.6233765098778292,0.09428686619606452,1023.4737851312631,1020.2597877496415,1022.2935169782241,-3.0,-2.1011103383440437,0.06738110976141343,42.08069529905477,48.431436696610476,44.42106657560707,6.5,3.846468400157247,0.16390172084615529,5.336214661058195,5.333047730593939,5.539271252117587,0.0,-0.5526323493198009,0.3464088277961528,18.706720468742894
2026-09-05 10:25:00,29.870976754849448,32.04825832250906,30.899691412925407,30.34444605088875,31.454936774962064,2.2,1.2620043463508714,0.9387196616757353,1.5852890310260075,-0.7499902825743305,-0.11343743676722085,1023.5110011776388,1020.5858677536587,1022.6108498491193,-3.0,-2.1011103383440437,0.076128242883442,42.46668214725513,50.70363643610512,46.10196581758197,6.5,3.846468400157247,0.755202218365902,5.421500553664782,5.702346631903245,6.294736928708223,0.0,-0.5526323493198009,-0.03975794748517725,5.163479464143251
2026-09-05 10:30:00,29.928047708345503,32.0193636223902,30.751657147387764,30.196256135448447,31.30705815932708,2.2,1.2620043463508714,0.938452404082706,1.5855562886190369,0.03769955669431724,0.005702128651563498,1023.2858001844289,1020.3049892647851,1022.5044718536494,-3.0,-2.1011103383440437,-0.09837225052024223,42.3934885410166,50.04896327060056,46.34875419658141,6.5,3.846468400157247,-0.14625932613810022,9.835506513587575,10.045685132770712,10.439054345239844,0.0,-0.5526323493198009,0.15926313685066873,4.811083097814023
2026-09-05 10:35:00,29.86272618947709,32.31549737729637,30.98457665789628,30.42902003966262,31.54013327612994,2.2,1.2620043463508714,0.9381853670653728,1.58582332563637,0.45563979203130245,0.06891637304921261,1023.3877316896264,1020.4830906685925,1022.5666693203668,-3.0,-2.1011103383440437,0.017531686569668636,43.33988297604695,48.50195935539707,45.06425803834869,6.5,3.846468400157247,-0.4087670831088701,8.249135238557841,8.286172505408583,9.105842501023922,0.0,-0.5526323493198009,-0.26703764629553817,11.57015880393027
2026-09-05 10:40:00,30.172434859205744,32.424935437376114,31.160637011693396,30.604924830737087,31.716349192649705,2.2,1.2620043463508714,0.937918550078492,1.586090142623251,0.015167278593132494,0.0022940793318468877,1023.6549102642331,1020.5800231220588,1022.6650935895293,-3.0,-2.1011103383440437,0.01603987087355563,42.20786786475706,49.017586517605785,44.987656833513064,6.5,3.846468400157247,0.1834612839354719,5.865408926948554,5.538554904466517,6.138996473234631,0.0,-0.5526323493198009,-0.047809219448312845,0.5283327545434822
2026-09-05 10:45:00,30.188113170369768,32.231280398697805,31.024498122864667,30.468630422720814,31.58036582300852,2.2,1.2620043463508714,0.9376519525790632,1.5863567401226797,-0.36510007147748524,-0.0552220705177362,1023.2764884495869,1019.995502432814,1022.2422623069567,-3.0,-2.1011103383440437,-0.14564953579872508,42.601986303122466,49.102434296994225,45.14966709871736,6.5,3.846468400157247,0.10629879811961729,7.325935376353353,6.895561118082049,7.256266247766511,0.0,-0.5526323493198009,0.1919272196353381,8.000927234577054
2026-09-05 10:50:00,30.65980111483988,32.76565009501493,31.419033845644126,30.863010669811302,31.97505702147695,2.2,1.2620043463508714,0.9373855740263151,1.5866231186754278,0.5594106043253291,0.08461190301992616,1023.1819936900541,1020.1144384613656,1022.1625459799524,-3.0,-2.1011103383440437,0.053002819757239195,40.82626633275243,47.987428821439444,44.346079939533105,6.5,3.846468400157247,-0.20511951825091046,9.578214338754936,9.610165959180692,10.102997747926711,0.0,-0.5526323493198009,0.059800560573782136,1.796890928567743
2026-09-05 10:55:00,30.884007287210665,33.30824491572465,31.99809940781644,31.441920799756748,32.554278015876136,2.2,1.2620043463508714,0.9371194138816936,1.5868892788200493,0.3182847249443128,0.048141161557339274,1023.5494166106961,1020.610443755967,1022.5574736141629,-3.0,-2.1011103383440437,0.15408048014819542,39.70544321025547,45.60946019626742,42.1530859209069,6.5,3.846468400157247,-0.39009412479673244,0.6873999605554135,0.5245908983846295,1.603053596404024,0.0,-0.5526323493198009,-0.5258303486995937,43.125518830538425
2026-09-05 11:00:00,30.30895094396459,32.828970513328684,31.7123929758439,31.156058978983005,32.2687269727048,2.2,1.2620043463508714,0.9368534716088492,1.5871552210928936,-0.9614876409731892,-0.14542680886609105,1023.6056962528687,1020.75800510217,1022.8421126602191,-3.0,-2.1011103383440437,0.017002780295001685,41.85918064330036,47.687493945667825,43.169107017163505,6.5,3.846468400157247,0.6719185283470708,5.066584474152983,5.342362801657371,5.283794969850371,0.0,-0.5526323493198009,0.6112001811268009,57.892240393395944
2026-09-05 11:05:00,30.21006629766608,32.71573261036333,31.471894668429826,30.91540532615702,32.02838401070263,2.2,1.2620043463508714,0.9365877466736235,1.5874209460281192,-0.12010696971492507,-0.01816640441736439,1023.2937569784839,1020.117982283413,1022.4185102526136,-3.0,-2.1011103383440437,-0.19941763085660114,43.00089181919662,48.96003524696173,44.78940012308463,6.5,3.846468400157247,0.32416672371984845,10.931570289697484,11.155327245127058,11.646938664474442,0.0,-0.5526323493198009,0.06102092997241648,5.538274559937518
2026-09-05 11:10:00,30.124424481809836,32.47583089482063,31.219264251626356,30.66261960729461,31.775908895958104,2.2,1.2620043463508714,0.9363222385440375,1.5876864541577054,-0.03595131063601542,-0.005437703156594864,1023.4245232672632,1020.5785823312942,1022.5751725463573,-3.0,-2.1011103383440437,0.10452012328096316,41.58163670506411,47.62409386810537,44.22059514196243,6.5,3.846468400157247,-0.4429696740143072,8.26974972411833,8.214366425787215,9.1777724217367,0.0,-0.5526323493198009,-0.41077364662968385,26.305201083423178
2026-09-05 11:15:00,31.175528046151545,33.32500307239102,31.898003681042322,31.34120377796832,32.45480358411633,2.2,1.2620043463508714,0.9360569466902786,1.5879517460114643,1.090862804624301,0.16499504499782347,1023.4512903306027,1020.3541094871557,1022.4915405752535,-3.0,-2.1011103383440437,-0.036320749753713244,39.6070304933172,46.75928982676441,43.15122366445403,6.5,3.846468400157247,-0.23840223784686998,6.329310243301203,5.981996366118822,6.502497737964422,0.0,-0.5526323493198009,0.032130977474200684,3.4661900341062815
2026-09-05 11:20:00,30.6414321615189,32.19312939645308,31.154776576405933,30.59782145787014,31.711731694941726,2.2,1.2620043463508714,0.9357918705846889,1.588216822117054,-1.4786694427423726,-0.2236515263037262,1023.1135865517838,1020.167954034023,1022.309150130986,-3.0,-2.1011103383440437,-0.04008575861905683,42.464595370672065,48.01963443215296,43.81711090755037,6.5,3.846468400157247,0.3560551244453407,6.240324783630734,6.393545448512916,6.812669741362173,0.0,-0.5526323493198009,0.13350805647054376,8.665162113663145
2026-09-05 11:25:00,30.329038298514767,32.58847030327642,31.22231136203761,30.665201071284315,31.7794216527909,2.2,1.2620043463508714,0.9355270097017524,1.5884816829999906,0.6886168823764471,0.10415459488793744,1023.1246438569287,1020.0481597639989,1022.1540881227958,-3.0,-2.1011103383440437,-0.004818020452830751,41.42818701893753,47.43009589897007,43.68260588316465,6.5,3.846468400157247,-0.09897838435182393,4.717123357121411,4.4117385232808655,5.071836811727888,0.0,-0.5526323493198009,-0.10746593912722169,2.848368232541323
2026-09-05 11:30:00,31.449957583842135,33.64959183207332,32.205611946487636,31.648346526725007,32.762877366250265,2.2,1.2620043463508714,0.935262363518083,1.5887463291836599,1.203129143092319,0.1819755392348128,1023.3521110408941,1020.3794366350509,1022.3737198397115,-3.0,-2.1011103383440437,0.10682713368339591,38.55818472688306,43.62697481448191,40.5348144517305,6.5,3.846468400157247,-0.7543080374058349,6.211846183430853,5.984307006551593,6.386112198677745,0.0,-0.5526323493198009,0.1508271571936488,10.944720166940034
2026-09-05 11:35:00,32.39292227924314,34.62091869850741,33.305351225236464,32.74793071963659,33.862771730836336,2.2,1.2620043463508714,0.9349979315124126,1.5890107611893303,0.35413198534084245,0.05356312692007492,1023.3878051622473,1020.5215868074329,1022.5898179534308,-3.0,-2.1011103383440437,0.03287919234605852,38.09871204456875,45.40440630329865,40.90736998586529,6.5,3.846468400157247,0.6505679172761134,7.508002713804443,7.214177992339897,7.778496792388687,0.0,-0.5526323493198009,-0.011686450728989328,2.61838944204748
2026-09-05 11:40:00,31.49130545324161,33.702084922648254,32.72909456605776,32.17151901775671,33.28667011435881,2.2,1.2620043463508714,0.9347337131655791,1.5892749795361638,-1.9108126031895125,-0.2890139897603774,1023.1845689773578,1020.0005168657646,1022.2515173872564,-3.0,-2.1011103383440437,-0.14989018314781788,39.447495921636396,46.96432000118131,42.62125905791938,6.5,3.846468400157247,0.4965925431046756,5.375426537238288,5.333876230656301,6.029240799260879,0.0,-0.5526323493198009,-0.14273221928477753,15.514092046636978
2026-09-05 11:45:00,31.923908245893962,33.858655813504136,32.57375532276124,32.0160247748591,33.131485870663376,2.2,1.2620043463508714,0.934469707960514,1.589538984741229,0.15137759007793505,0.02289614439202836,1022.9307410939796,1019.8287552094675,1021.9630278190854,-3.0,-2.1011103383440437,-0.03316227127379534,37.68180000146566,43.920141256774635,40.79690087850292,6.5,3.846468400157247,-0.7232280218855323,8.20186410548101,8.552921805702178,8.8803704714765,0.0,-0.5526323493198009,0.22518368354547924,10.101202866471679
2026-09-05 11:50:00,31.71274181668003,34.02422352805027,32.70671422936088,32.14882872492182,33.26459973379993,2.2,1.2620043463508714,0.9342059153822315,1.5898027773195114,0.3669703413174332,0.055504952338523594,1023.3208275724735,1020.3485719605748,1022.2839678022951,-3.0,-2.1011103383440437,0.16571449662365012,38.41761421060963,44.67925471875905,40.62523554172998,6.5,3.846468400157247,0.20755077687181966,10.336852966747173,10.335340705680114,10.946713086536773,0.0,-0.5526323493198009,-0.058740031536858694,4.1001380051945695
2026-09-05 11:55:00,31.728627125466915,34.055070388273286,32.791620823074624,32.23358040512694,33.349661241022304,2.2,1.2620043463508714,0.933942334917816,1.590066357783927,0.009555047459862465,0.001445218847791807,1022.9006471977243,1020.2608847468789,1022.3756922835357,-3.0,-2.1011103383440437,-0.01369719831279781,37.8592466085593,44.72182413038562,40.748952579903644,6.5,3.846468400157247,0.1264031503247267,3.0256422585037237,2.892676650775415,3.858714076276957,0.0,-0.5526323493198009,-0.4134050761817414,24.48889674270315
2026-09-05 12:00:00,32.22061756001609,34.55708531642802,32.250846220216005,32.15432252220805,32.34736991822396,2.2,1.601297939741217,1.3336822357473963,1.8689136437350378,0.4200158838017387,0.7049411564708024,1022.8850107070629,1019.7555322502378,1022.837822501833,-3.0,-2.356262056828784,-0.7260281947663998,37.612098981794,45.2916845876966,37.62137759983325,6.5,4.542692602148361,3.1276143857149847,5.739210585104061,5.281526106090488,5.735095593391501,0.0,-0.6387518585323207,0.1851823712313081,73.23154471469039
2026-09-05 12:05:00,31.81827003976797,34.207585440482646,32.44705893322687,32.003016137114045,32.891101729339695,2.2,1.6556740553670968,1.4139868707472438,1.8973612399869497,0.5060898675966072,0.1048524518886822,1022.9390839052668,1020.2451039881663,1022.789698388988,-3.0,-2.407643077978087,-0.136951322843629,38.6369646614786,45.463853259529735,38.89677945915624,6.5,4.96465481744782,1.6024189829256699,5.378997158856791,5.544634534275744,6.361537690496085,0.0,-0.6986022143252133,-0.11830094189512863,12.142700519114552
2026-09-05 12:10:00,32.11927800201185,34.44008833099618,32.77165734731643,32.25499262470474,33.288322069928114,2.2,1.6547639434657815,1.4130533680491224,1.8964745188824406,0.0900658491540014,0.013667040213974246,1023.0707760176576,1020.3714395132089,1022.765624382938,-3.0,-2.4069294328537905,0.012744563124670094,39.45235906649612,45.39432551251603,40.472512718912114,6.5,4.964178290051001,-0.04236549644708276,8.035932020225275,7.801810638446686,8.434995889434285,0.0,-0.7245575007751757,0.09137224978757708,1.1940238091803557
2026-09-05 12:15:00,32.21545075710008,34.3334448747923,32.73186894076142,32.21096071154286,33.252777169979986,2.2,1.6632953150885343,1.4226853230433916,1.9039053071336771,-0.40236210015017093,-0.06171938105765662,1022.9131418502468,1019.8985451776416,1022.3932782760526,-3.0,-2.3986441761231134,-0.09608892228789045,37.38735708657483,42.59229902898568,38.447084505004796,6.5,5.031668919021557,-0.8864543950406727,4.007051665255837,4.042306951003265,5.019625690329827,0.0,-0.7183587282108773,-0.25896001111568356,14.939082035651309
2026-09-05 12:20:00,31.890457973523212,34.076290603939995,32.46314907682107,31.947811747515352,32.978486406126784,2.2,1.666136521067107,1.4253846965648904,1.9068883455693237,-0.34965045352555535,-0.05299499394818241,1022.7921557980561,1019.7474329191261,1022.1438364145348,-3.0,-2.398821610785576,0.0024181153769404773,38.45557015796295,44.063469147832166,38.739427442739135,6.5,5.016588919080082,0.307452786012945,7.5771527998291965,7.470887215054204,7.8718420159320255,0.0,-0.7142407387044972,0.31328593782667546,14.782314343203426
2026-09-05 12:25:00,32.62186982979977,34.84009480325045,33.03474909572273,32.52274085596639,33.54675733547907,2.2,1.665685901977515,1.4245761034812399,1.90679570047379,0.9233522572600847,0.13965980555020252,1022.7418033554701,1019.6379935756704,1022.0052218580092,-3.0,-2.39985510232093,0.03262681998205608,35.60277955587344,42.16135511612341,37.439988378616924,6.5,5.020952991674757,-0.29958625416826834,10.887214375916562,11.138667541796393,11.83394036659014,0.0,-0.7142231464790514,0.018950321685304417,2.6938728096353732
2026-09-05 12:30:00,32.21882983627934,34.44036972610067,32.87973323046362,32.36825985473225,33.39120660619499,2.2,1.6649913107102015,1.4235266176620498,1.9064560037583531,-0.689918666980958,-0.10435481507315103,1022.6187458161179,1019.608515436568,1021.968548767555,-3.0,-2.400072106343537,0.040038775356492806,36.61928553542528,42.59502351686464,37.35961693410425,6.5,5.0211334475907,0.21427313516969093,5.542998837479209,5.495827919870644,6.631527847912654,0.0,-0.7139767272816298,-0.42172320076038083,26.943391373419644
2026-09-05 12:35:00,32.046646200527135,34.446289731721485,32.78863215231206,32.2767668995099,33.30049740511422,2.2,1.6649655844927833,1.423144121531009,1.9067870474545576,-0.04831635955847702,-0.007308005083359603,1022.633397625458,1019.4223897105741,1021.8371522266888,-3.0,-2.4001211669117373,-0.014641349202975107,37.875800170482826,44.531774335275436,39.029064180367754,6.5,5.022738640850437,0.47997151405724736,11.743982604161523,11.726304697804608,11.917184869310605,0.0,-0.7139951965254369,0.5231150250194396,40.25939616302673
2026-09-05 12:40:00,32.620017644565465,34.948751395169964,33.1961759254802,32.68393424219661,33.70841760876379,2.2,1.6650178461818927,1.4228392364517424,1.9071964559120431,0.57888605255539,0.08755762350787677,1022.1052796246769,1019.0938437720788,1021.5452483952515,-3.0,-2.4003022737930593,-0.051102349379675616,37.36475460899924,43.42241539601025,38.745482661511865,6.5,5.022099389247143,-0.34516665474875907,16.89652128459271,17.042245428829347,17.782623502516934,0.0,-0.7139958803001749,-0.026382193387412656,1.813552663034701
2026-09-05 12:45:00,32.098805809079735,34.71427449699373,33.119709736323124,32.6072385710734,33.632180901572845,2.2,1.6650362072006495,1.4225009550297885,1.9075714593715105,-0.46592111937764713,-0.07047144653004267,1022.3728717783173,1019.5974038193949,1021.8430070305028,-3.0,-2.4000380787735387,0.1544348676656,38.15407725445788,43.807560109422354,38.79608850744337,6.5,5.022094444498375,-0.010622842519396158,2.5395664949315346,3.1716485496104903,4.748732189349145,0.0,-0.7139970099802272,-0.8630866297584272,109.47382582541293
2026-09-05 12:50:00,32.51852725291443,35.15982104889137,33.437288310483844,32.924652162426455,33.94992445854123,2.2,1.665024189619098,1.4221328168621956,1.9079155623760005,0.3802170838111181,0.057508548788426594,1022.3838603314397,1019.2921975720682,1021.7549170753956,-3.0,-2.4000627407355237,-0.06265676259192787,38.91066989631463,44.469044591152176,39.33241768091755,6.5,5.022085300537074,0.11454160969755378,3.9138935158910506,4.180427594998617,4.233605925505879,0.0,-0.7139977681184929,0.6608194376112313,63.16348462613579
2026-09-05 12:55:00,32.54892583503201,34.7648557515548,33.1900987646335,32.67730488069107,33.702892648575926,2.2,1.6650292257005679,1.4217822507004485,1.9082762007006873,-0.5968338464679093,-0.0902722387792636,1022.1030005406191,1019.0668918950207,1021.5272007101544,-3.0,-2.4000560965632523,-0.06025271857038206,36.947456146669964,44.697339754168546,39.688443041429835,6.5,5.022087130062708,-0.013190417323997394,13.191933862935226,13.165352031030643,13.498229256504697,0.0,-0.7139977859603198,0.3811205604862664,21.993166575154973
2026-09-05 13:00:00,33.0284832540036,34.46115214431173,32.8321411159965,32.31918308872899,33.34509914326401,2.2,1.665029002631759,1.4214269442551601,1.9086310610083577,-0.2381324146991517,-0.03601797431652898,1022.2593287634139,1019.0041576922738,1021.3955559173038,-3.0,-2.4000575245506774,0.008659299520672903,35.2915297217815,42.50271992112842,37.98233598677202,6.5,5.022121282269709,-0.5017373479133127,13.5929371864353,13.593896583619888,14.715123159533526,0.0,-0.7139978065995979,-0.40722876931403995,25.101681240151105
2026-09-05 13:05:00,32.82176670390275,35.26913319712821,33.4387119585183,32.92558581245078,33.95183810458582,2.2,1.6650308648141046,1.4210742398974772,1.908987489730732,1.0934765162353628,0.1653903737958089,1022.0942235924556,1019.1503329056752,1021.484002436139,-3.0,-2.40006348945268,0.06639395898889688,36.53715133423481,44.421565695697176,38.898833090414946,6.5,5.022114254982197,0.5006183503000301,2.448787177106427,2.2913293390090965,3.532137597606946,0.0,-0.7139978074350767,-0.5268104511627727,44.2724472369907
2026-09-05 13:10:00,32.65582939304537,34.747754125247965,33.20300118833627,32.68970612011665,33.7162962565559,2.2,1.6650303605631984,1.4207196836780616,1.9093410374483353,-0.7952127756172658,-0.12027742365150829,1022.3095692068374,1019.3492414595801,1021.6932898077795,-3.0,-2.4000649139136394,0.05601656571423064,36.64182049779284,43.573781218396924,38.69066305485695,6.5,5.022113589897859,-0.1389954263578801,0.9401606290828898,0.6551619180269812,0.9230817035778927,0.0,-0.713997808431856,0.44607802288094456,30.371891565103038
2026-09-05 13:15:00,33.0230712029245,35.0627744185583,33.351044636595034,32.837580919732034,33.864508353458035,2.2,1.6650303702224996,1.4203661537132761,1.909694586731723,0.30875261294365686,0.04669941174076797,1022.20145079755,1019.2110061515149,1021.6626715452038,-3.0,-2.400065042128351,-0.05160035156052345,36.586825369305046,42.74283224241317,37.898643665859176,6.5,5.022112590716061,-0.17792401416206616,3.2095271019026246,3.043701865782728,3.5624222201030413,0.0,-0.7139978084414209,0.19527745412110775,6.131225335582024
2026-09-05 13:20:00,33.27832708220598,35.398638027208115,33.69098915106557,33.177357069931524,34.20462123219962,2.2,1.6650303472134815,1.4200131012081,1.910047593218863,0.28177190410249153,0.04261852892906148,1021.8128338126135,1018.7803097550801,1021.2943965139463,-3.0,-2.400065889372511,-0.1140208694936291,36.40942554513759,43.968098283129535,38.62604370914662,6.5,5.022113375787485,0.3199411981954299,18.019982169427916,17.788337480314333,17.982439170122632,0.0,-0.7139978083903011,0.5198961185820004,40.73410345582846
2026-09-05 13:25:00,32.96778735057038,35.07845874120746,33.500304740959066,32.986504422067505,34.01410505985063,2.2,1.6650303712979317,1.419660603722424,1.9104001388734395,-0.5743821081410303,-0.08687637104953438,1021.7753064918968,1018.7313928040809,1021.1134651639121,-3.0,-2.400065806506292,0.01799344667506375,34.57212763667902,41.045673235589604,36.603226686103476,6.5,5.022113151910632,-0.5796666024245027,3.418772752440568,3.614783267579334,5.6087848029405905,0.0,-0.7139978083918935,-1.2800037269693627,236.34011931434318
2026-09-05 13:30:00,32.76734992985294,35.08980389187402,33.420652185173935,32.906683681470255,33.934620688877615,2.2,1.665030371113991,1.41930858770833,1.9107521545196522,0.02724816188453616,0.0041213355860918455,1021.7001554125463,1018.7754404476015,1021.1165741708921,-3.0,-2.4000657161660173,0.05893199287538664,34.43971194968191,41.11638536591419,35.92346822451492,6.5,5.022113110112709,0.17080403128655774,6.418521880579545,6.097163423218849,6.092630431493561,0.0,-0.7139978083949964,0.718530800120285,74.20589712012865
2026-09-05 13:35:00,32.25313502908468,34.14124787325944,32.60638668304864,32.09225003779858,33.1205233282987,2.2,1.6650303683024135,1.4189570726361453,1.9111036639686816,-0.8606119940785746,-0.130169178091613,1021.5549723421284,1018.5506498518901,1020.9741111769795,-3.0,-2.4000657169153783,-0.023395608174041627,37.52904117593632,43.994781672675906,38.210540225983344,6.5,5.022112940417601,0.7621285062749621,10.558338395945604,10.958301564359617,11.518624516783476,0.0,-0.7139978083949987,0.15367485597113983,8.207886603352447
2026-09-05 13:40:00,32.36258998186154,34.34704583270322,32.56733872868636,32.05303399183007,33.08164346554265,2.2,1.665030370204913,1.4186060636926319,1.911454676717194,0.758183880448712,0.11467673381195453,1021.5616805454368,1018.6089263261701,1020.9749699233964,-3.0,-2.4000657278573643,0.03402213063111503,39.122512443008496,43.26498906758128,38.51888722460165,6.5,5.022112964316967,-0.2760111213373335,1.1042938635906363,1.3299077786762852,2.711462876865541,0.0,-0.713997808395125,-0.6675572897941309,65.49740184082208
2026-09-05 13:45:00,32.67340887979896,34.94204059063845,33.146214559808406,32.631741785751174,33.66068733386564,2.2,1.6650303707661067,1.4182555526827807,1.9118051888494327,0.8647539722899822,0.1307956600639386,1021.3266982849183,1018.3589457075365,1020.7992722712834,-3.0,-2.4000657185716148,-0.040260845175339455,35.038886999418345,42.822675009254226,38.0592958235422,6.5,5.022112966609957,-0.2587337808979342,7.411393466947717,7.417543985758018,7.443754470712214,0.0,-0.7139978083951258,0.6877873234409293,69.8324081468925
2026-09-05 13:50:00,32.55464849848825,34.879237304570914,33.271461690454984,32.75682093458924,33.786102446320726,2.2,1.6650303707978666,1.4179055382940111,1.9121552033017222,-0.3785391522088517,-0.05725475668193525,1021.177249602229,1018.3457636952934,1020.7283162146149,-3.0,-2.4000657201145876,0.017513200793132455,34.6196555883873,41.51245874515351,36.76148055950822,6.5,5.022112963489687,-0.2711347778444022,4.3843022291046605,4.384397812544181,5.4749720263121695,0.0,-0.7139978083951227,-0.37657640537286596,20.99306918908803
2026-09-05 13:55:00,32.722706505872296,35.0510148348595,33.39636896722669,32.88156028468214,33.91117764977125,2.2,1.66503037080723,1.4175560189239316,1.9125047226905285,-0.06865702092825643,-0.010384503174421411,1021.3451193033724,1018.4466684179787,1020.7999433693888,-3.0,-2.400065720558037,0.046790769147946776,37.019776099143414,43.78363454783822,38.17766468326436,6.5,5.022112968546609,0.5838568960272497,10.842140942918322,10.674956550033956,11.007228737421963,0.0,-0.7139978083951227,0.3817256210071154,22.79864827441711
2026-09-05 14:00:00,32.81528121589146,34.857873960104804,33.24410891692346,32.729132362523636,33.75908547132328,2.2,1.665030370823986,1.4172069925077775,1.9128537491401945,-0.3389401123710911,-0.051265327642639136,1021.249566585738,1018.2784958622105,1020.7103387160861,-3.0,-2.400065720976806,-0.031777132898696436,36.86254408284408,43.31312323302763,38.41985430464765,6.5,5.022112968162508,-0.12884403978252834,4.44552690008854,4.526552223492869,5.77241015255958,0.0,-0.713997808395123,-0.5318601206715874,40.838334790118694
2026-09-05 14:05:00,32.995708494931726,35.00005536507848,33.306089934407375,32.79094556283889,33.82123430597586,2.2,1.6650303708236238,1.4168584569412133,1.9132022847060344,0.19130380877566466,0.028935059847484013,1020.9365548671883,1018.1643181717861,1020.5848464085858,-3.0,-2.400065721207666,-0.02046251559204393,34.89521065942187,41.52595291573078,36.95134011136204,6.5,5.022112968112646,-0.44750016374391066,8.295348713170702,8.621776452133279,8.898924017873473,0.0,-0.713997808395123,0.4368502426549288,28.39433045717829
2026-09-05 14:10:00,32.74292713126216,34.84160016450458,33.201106402557514,32.685794268453726,33.7164185366613,2.2,1.6650303708225507,1.4165104101754054,1.913550331469696,-0.1622235017678051,-0.024536608875486365,1021.092300107797,1018.1553403871554,1020.5388970839228,-3.0,-2.400065721127059,0.016509024359606883,34.3210818364098,40.343258687732806,35.44817565656334,6.5,5.022112968177808,-0.12702993700834497,8.152267337289304,7.94132039861256,8.845212356508323,0.0,-0.713997808395123,-0.18989414950064099,5.3222295383866705
2026-09-05 14:15:00,32.94911064097317,35.19708519143011,33.46987444515508,32.95439460310867,33.98535428720149,2.2,1.6650303708239071,1.4161628501626955,1.9138978914851188,0.41110482292425843,0.062180375451127645,1020.7628751133725,1017.9586195166911,1020.3847387042553,-3.0,-2.400065721149508,-0.026053466414623472,36.00108993980687,42.99435342165268,37.215673543431976,6.5,5.022112967927479,0.7565669102932304,3.850552544904458,3.390534918228839,4.291456262032473,0.0,-0.713997808395123,-0.18692353540851148,8.41157602046148
2026-09-05 14:20:00,32.75977598626923,35.25687146012375,33.60452882194669,33.08888132650282,34.12017631739055,2.2,1.665030370823865,1.4158157748627564,1.9142449667849735,-0.08388479556826667,-0.01268773264680334,1020.7941147380595,1017.8851561293176,1020.279378149948,-3.0,-2.40006572115241,0.005843700521950268,36.813720467978285,42.26804179245898,37.42242393913208,6.5,5.022112967945061,-0.17649511461816303,1.4475619240287063,1.6585274004857296,2.239024702746291,0.0,-0.713997808395123,0.13350050613456133,2.723924100150389
2026-09-05 14:25:00,31.91937534343687,33.709887906282724,32.30306923475344,31.78725414040479,32.81888432910208,2.2,1.6650303708243261,1.4154691822551526,1.9145915593934997,-1.7071636210863446,-0.25821169929503895,1020.7767273867394,1017.5004395248997,1019.9604201322292,-3.0,-2.400065721120157,-0.05991488620929886,36.78261107798094,43.431465823957375,38.29522272379791,6.5,5.0221129679455565,0.11413013221390855,5.576923669210456,5.674233461483596,6.129504314559053,0.0,-0.713997808395123,0.2587269553196663,17.071354148760353
2026-09-05 14:30:00,32.30551150107291,34.461365749681235,32.56439716859609,32.04841452978169,33.08037980741049,2.2,1.6650303708240208,1.4151230703303006,1.914937671317741,1.533456756524565,0.23193821026112715,1020.5452733318311,1017.740998546329,1020.043743802949,-3.0,-2.4000657211457153,0.09732046452563736,37.31955758097891,44.268816357435796,39.20701859561163,6.5,5.02211296794643,0.03968479387773982,4.487771288231042,4.151711647798688,5.116516287341586,0.0,-0.713997808395123,-0.25080683114777447,15.729899673550538
2026-09-05 14:35:00,32.59141249576727,34.52487680756224,32.81918906490828,32.30303893601379,33.33533919380277,2.2,1.6650303708240075,1.414777437094833,1.915283304553182,0.2688057369459429,0.04065737182995122,1020.5143666443225,1017.5346430805239,1019.9539017156975,-3.0,-2.400065721144531,-0.019192914029076746,35.479050609365814,41.82011530230749,37.435754348717396,6.5,5.022112967938511,-0.6377520143484148,9.873953979659639,9.653936568385404,10.069267655021815,0.0,-0.713997808395123,0.29866672175871223,15.03389218487832
2026-09-05 14:40:00,32.129101683896245,33.99865314842555,32.43938102630967,31.92306346166774,32.9556985909516,2.2,1.6650303708240024,1.4144322805677942,1.9156284610802106,-0.6992194207978599,-0.10575824870812767,1020.2638306028297,1017.2560373871945,1019.707475726773,-3.0,-2.4000657211453547,-0.05137261843321994,37.71787004000797,44.514564273984796,38.88373042205067,6.5,5.02211296794046,0.6087208839936693,9.731603083741911,9.473871801526869,10.428519292249169,0.0,-0.713997808395123,-0.24064968232717732,11.644728522593637
2026-09-05 14:45:00,32.81302716746096,35.20641849652993,33.333446337804375,32.81696139169484,33.84993128391391,2.2,1.6650303708240175,1.414087598782146,1.915973142865889,1.3748046915702545,0.2079417879015324,1020.2063631936967,1017.2485654458201,1019.6191993798612,-3.0,-2.4000657211446192,0.02943178710347638,35.860203936866235,41.567136423078836,37.15191146833899,6.5,5.022112967940755,-0.6068880132009085,5.9842584818769,5.766898801166625,6.6462594216636175,0.0,-0.713997808395123,-0.16536281210186932,10.46502927709916
2026-09-05 14:50:00,33.1415917510069,35.45051666590677,33.82051948075268,33.30386720740263,34.33717175410273,2.2,1.6650303708240166,1.4137433897842926,1.9163173518637406,-0.23162149612024763,-0.035033185669924194,1020.0989910883568,1017.0472436140633,1019.4588203706041,-3.0,-2.400065721144778,-0.011511035396097213,35.222258675701795,40.94959725898502,35.958351939629196,6.5,5.022112967940783,-0.03086764858495883,7.386039876002167,7.288935049789811,7.761833087375192,0.0,-0.713997808395123,0.24109977080974243,8.443733054289213
2026-09-05 14:55:00,32.96920894774773,35.259095650937184,33.70734920322136,33.19052965680523,34.22416874963749,2.2,1.6650303708240166,1.4133996516340523,1.9166610900139809,-0.7489753288183749,-0.11328392310819879,1019.911519436461,1016.9455737655194,1019.3378857104962,-3.0,-2.400065721144747,0.00775377616798778,35.485309843006874,42.17468353982799,36.694503147011616,6.5,5.022112967940574,0.4580674248758001,7.3529086276918925,7.272944436407668,8.049278483779949,0.0,-0.713997808395123,-0.06233623897715734,2.996948877109888
2026-09-05 15:00:00,32.34493606564772,34.72914123359392,33.16162193180926,32.64463516644889,33.67860869716962,2.2,1.665030370824017,1.4130563824044609,1.9170043592435733,-0.6446932891566064,-0.09751106903935636,1019.8903266717679,1016.8015452618164,1019.203143351268,-3.0,-2.4000657211447467,-0.0015323683068118044,37.58220130725176,44.6250410309486,39.082381744582335,6.5,5.022112967940523,0.520546318425744,10.10246378240755,9.907225685887012,10.515124678869396,0.0,-0.713997808395123,0.10609881541273758,4.004758244788154
2026-09-05 15:05:00,32.971429829575946,35.07548605022272,33.30520019500709,32.78804626477183,33.82235412524235,2.2,1.6650303708240168,1.4127135801816606,1.917347161466373,0.6958954004166387,0.1052554843916127,1019.5776883358183,1016.7688291746284,1019.1467296490808,-3.0,-2.4000657211447716,0.02216524669233877,35.07676138628418,40.076868861882815,36.19204051251292,6.5,5.022112967940489,-1.1372846185705896,5.662659783102212,5.435210637252234,6.458722932865347,0.0,-0.713997808395123,-0.3095144872179896,21.54252903218111
2026-09-05 15:10:00,32.37567236283856,34.48914485957185,32.90248749933288,32.38516645823966,33.4198085404261,2.2,1.6650303708240168,1.4123712430647795,1.9176894985832542,-0.5181622401738153,-0.07837301058504664,1019.629349239788,1016.6123110227448,1019.0244036220298,-3.0,-2.400065721144763,-0.012026878140204644,36.565590202475065,43.48320671056368,37.699956210190564,6.5,5.022112967940517,0.7611375324325991,4.312927321585293,4.244292018409478,4.816379980710471,0.0,-0.713997808395123,0.14190984609413082,6.516403821902732
2026-09-05 15:15:00,32.11870127524446,34.755847398588976,33.01341520213784,32.49592710415126,33.53090330012443,2.2,1.6650303708240168,1.4120293691658048,1.9180313724822289,0.5117412622163755,0.0774018256271134,1019.5533362122275,1016.4959486358191,1018.9003349695496,-3.0,-2.4000657211447622,-0.004320612585729577,37.49220124970647,43.5576400494054,38.503817968984734,6.5,5.022112967940518,0.031709112480150736,4.208068258832395,4.258375719290264,4.907335189116447,0.0,-0.713997808395123,0.06503833856894037,1.2445645614163163
2026-09-05 15:20:00,31.9417953273053,34.092481116453385,32.521011205260656,32.003356104293054,33.03866630622826,2.2,1.6650303708240168,1.411687956609463,1.9183727850385708,-0.6185738813954984,-0.09356045963129134,1019.4507905240873,1016.3120516517295,1018.7275706063764,-3.0,-2.4000657211447622,-0.015453233502171315,39.72246464267073,46.0682197728248,40.701038757094516,6.5,5.022112967940519,0.3450680477897592,6.632901550201041,6.538012589291587,7.1595861574188575,0.0,-0.713997808395123,0.09242424026785301,2.7833452039453865
2026-09-05 15:25:00,31.996107579201805,34.34313400181263,32.59418482682108,32.07636277673266,33.1120068769095,2.2,1.6650303708240168,1.4113470035330993,1.9187137381149344,0.5548281893927225,0.08391880416753139,1019.3463476785533,1016.3866640469256,1018.7385094222581,-3.0,-2.40006572114476,0.04822034581229673,37.33872137121651,42.76710703236448,38.67412287323292,6.5,5.0221129679405205,-0.9291288088089615,5.830415804736247,6.178015911738638,7.011331954591805,0.0,-0.713997808395123,-0.1193182344580439,7.4717156113829475
2026-09-05 15:30:00,31.888111713187634,34.0893880213803,32.44826881437408,31.930279868972953,32.96625775977521,2.2,1.6650303708240168,1.4110065080865595,1.9190542335614742,-0.15808837910530826,-0.02391116381780023,1019.2669667237024,1016.2950327887211,1018.6954201725658,-3.0,-2.40006572114476,-0.0003216627000028893,38.842806557099806,44.66151276495044,39.25554444590133,6.5,5.02211296794052,0.38385535110858626,5.736776760004165,5.889203074330402,6.603037368140288,0.0,-0.713997808395123,0.0001635145852372233,0.8176683274864046
2026-09-05 15:35:00,32.034215128777106,33.86456342276143,32.21874416165009,31.700588374692373,32.736899948607814,2.2,1.6650303708240168,1.4106664684320724,1.9193942732159612,-0.12701402652063365,-0.01921110971268547,1019.242209345975,1016.3004730380266,1018.6898041202735,-3.0,-2.40006572114476,0.010734638897815785,35.962750291124635,43.235650551548886,38.44747999816383,6.5,5.02211296794052,-0.2339424145554645,2.3227046406132144,1.8454508835556056,2.7186988281534026,0.0,-0.713997808395123,-0.15925013620267414,3.951740234952238
2026-09-05 15:40:00,31.94935660882383,33.74043080806358,32.06530553081412,31.54698295600402,32.58362810562422,2.2,1.6650303708240168,1.4103268827441346,1.919733858903899,0.06674235541933626,0.010094906425436534,1019.1960324870553,1016.0419447039295,1018.4936924658253,-3.0,-2.40006572114476,-0.051682040751074965,36.011524952173254,42.53781565135743,37.58973730479358,6.5,5.02211296794052,-0.0740346213766756,8.438489744211658,8.595608073835814,8.835354795661438,0.0,-0.713997808395123,0.4742510865694989,32.42883861560249
2026-09-05 15:45:00,31.801870606049132,33.88607376206115,32.17273491510538,31.654245606095277,32.69122422411549,2.2,1.6650303708240168,1.409987749209396,1.9200729924386377,0.31939092329049146,0.04830847613175138,1018.8625480274534,1015.6223708476316,1018.0968780099696,-3.0,-2.40006572114476,-0.07444144119324392,38.19005917242703,44.38383645105938,38.86579131148235,6.5,5.02211296794052,0.49593217163651104,3.6645999899604496,3.846263184736124,5.061338199320009,0.0,-0.713997808395123,-0.5010772061887612,37.95383917637943
2026-09-05 15:50:00,31.887435726514127,34.298655976848124,32.57277065962773,32.054114670018265,33.09142664923719,2.2,1.6650303708240168,1.4096490660265462,1.9204116756214875,0.40234176427592416,0.06085494639637545,1018.675381199693,1015.769219895069,1018.0823557572475,-3.0,-2.40006572114476,0.08692985896630034,37.820169349609934,44.22697866750511,39.28129093017788,6.5,5.02211296794052,-0.07642523061329598,3.489803540343649,3.3593830499063917,3.9028545058378,0.0,-0.713997808395123,0.1705263524637144,5.413183613337097
2026-09-05 15:55:00,32.09744821151154,34.45510654283874,32.80840105541258,32.28957843875273,33.327223672072435,2.2,1.6650303708240168,1.4093108314062035,1.9207499102418302,-0.12115475163553668,-0.018324883397859537,1018.5961867082272,1015.8188829875086,1018.16365246575,-3.0,-2.40006572114476,0.055296242903295934,37.462107916495775,44.35347737622722,39.41879720013664,6.5,5.02211296794052,-0.0874327918499418,5.420065211260488,4.971505935069541,5.573177561625241,0.0,-0.713997808395123,0.11232618183942389,2.215882357063037
2026-09-05 16:00:00,31.906101095805354,34.28891652865016,32.69023841150075,32.171249221287916,33.209227601713586,2.2,1.6650303708240168,1.4089730435708046,1.9210876980772291,-0.43868714686298915,-0.06635225367460862,1018.5769195618208,1015.4229665184623,1017.904063539982,-3.0,-2.40006572114476,-0.08103130037488881,36.50113002682551,43.35352562375618,38.588447238122576,6.5,5.02211296794052,-0.2570345823069218,3.7649274104157366,3.7673474382390775,4.613204143906649,0.0,-0.713997808395123,-0.1318588972724486,4.017871521855202
2026-09-05 16:05:00,30.834011598764448,32.83660236297719,31.393555544482254,30.87439983416234,31.91271125480217,2.2,1.6650303708240168,1.4086357007544956,1.921425040893538,-1.4676416523742688,-0.2219835523290854,1018.4956820800387,1015.734098272573,1018.0442651300815,-3.0,-2.40006572114476,0.0898988636362219,39.759636826198935,46.199615225881494,40.566980892145004,6.5,5.02211296794052,0.610521365795968,6.910931297535762,6.908618702091089,7.435987891406116,0.0,-0.713997808395123,0.18662861908009631,12.998602945487796
2026-09-05 16:10:00,30.304737961945875,32.82791245997034,31.035619134477923,30.516296957445423,31.554941311510422,2.2,1.6650303708240168,1.4082988012030242,1.9217619404450095,0.8413975320057574,0.12726295466840298,1018.3324916843609,1015.3750783431714,1017.8448325028542,-3.0,-2.40006572114476,-0.06968843853803719,43.13231504354248,50.506682332259814,44.782250424977406,6.5,5.02211296794052,0.702318939341886,5.0123078883368954,4.675814017376937,5.6211440767610314,0.0,-0.713997808395123,-0.23133225098897103,12.42503345046936
2026-09-05 16:15:00,31.59505852934963,33.602079869312355,31.72709124257225,31.20760265217033,32.24657983297417,2.2,1.6650303708240168,1.4079623431736328,1.922098398474401,1.3881365461955113,0.20995825591608508,1018.1542295101482,1015.1531700744656,1017.5910641858965,-3.0,-2.40006572114476,-0.037828390286108515,38.98688029145938,46.26325040098471,42.6005367530619,6.5,5.02211296794052,-1.3593993200177152,5.657580621558735,5.222214856680755,5.820530960993558,0.0,-0.713997808395123,0.11568170408231992,16.2284374286917
2026-09-05 16:20:00,30.566337519842232,32.808902399576226,31.30453889785146,30.784883947372037,31.824193848330886,2.2,1.6650303708240168,1.4076263249349543,1.9224344167130794,-1.062247120440091,-0.1606668690992521,1018.1821019712877,1015.1224696668058,1017.4902948929592,-3.0,-2.40006572114476,0.03224049499135617,39.95636302190079,46.78706064520511,41.793303289628916,6.5,5.02211296794052,-0.028355612364329374,6.409236141603559,6.382970077667527,7.060985404303066,0.0,-0.713997808395123,0.03598248175958396,3.035406513185422
2026-09-05 16:25:00,30.911722835099912,33.109652377118366,31.38411123450907,30.86428997719289,31.903932491825252,2.2,1.6650303708240168,1.4072907447669074,1.9227699968811263,0.4000662578717993,0.06051077178527464,1018.1809037735102,1014.9732260705964,1017.368997008247,-3.0,-2.40006572114476,0.004294783494174226,40.45407402232244,46.997763448650495,41.789134549100844,6.5,5.02211296794052,0.18651593160912938,3.47011653333984,3.4001933757245935,4.301084501906562,0.0,-0.713997808395123,-0.1868933177868457,5.552070390052597
2026-09-05 16:30:00,30.418954109590995,32.58417934552808,30.99225012015323,30.47226260918996,31.5122376311165,2.2,1.6650303708240168,1.4069556009605941,1.9231051406874395,-0.48330736566654764,-0.07310114544917212,1018.1474871243635,1015.2956464017522,1017.5941581580306,-3.0,-2.40006572114476,0.10155396486629797,40.91776431732689,47.94362119342252,42.660506190466826,6.5,5.02211296794052,0.26100203501517427,2.9812640552749223,2.856084445678204,3.463125653241993,0.0,-0.713997808395123,0.10695660083133385,3.69704465957462
2026-09-05 16:35:00,30.048458027149707,32.51617645480883,30.82440620423395,30.30425249276226,31.344559915705638,2.2,1.6650303708240168,1.4066208918181982,1.9234398498298355,0.17679040131613277,0.026739879750863338,1017.8806091163094,1014.7642681620938,1017.2862595538546,-3.0,-2.40006572114476,-0.12192567061606496,42.85652021491855,49.60793415235949,44.32498576892174,6.5,5.02211296794052,0.2608354154972261,10.515660678965517,10.49063745854155,10.83918510783721,0.0,-0.713997808395123,0.36545015909946166,21.138377859582356
2026-09-05 16:40:00,30.86501840568605,32.92399630165286,31.163758906056547,30.64343904716418,31.684078764948914,2.2,1.6650303708240168,1.406286615652885,1.9237741259951486,0.6294601275111731,0.09520702477230003,1017.8097803537562,1014.6928093523956,1017.0972007853146,-3.0,-2.40006572114476,-0.004325711774299634,39.007955152847636,46.3565952102924,42.18463428537315,6.5,5.02211296794052,-0.850152043021275,5.418463315503132,5.0876304033570365,6.3807389254361535,0.0,-0.713997808395123,-0.5791107136839937,52.52770253131353
2026-09-05 16:45:00,30.82826380997214,32.758342758829755,31.14072454591504,30.6202385926389,31.661210499191185,2.2,1.6650303708240168,1.4059527707887018,1.9241079708593318,-0.31346492587653074,-0.04741215790930653,1017.6418177528884,1014.7906066993714,1017.1283609678358,-3.0,-2.40006572114476,0.06231145268043292,41.64507261737206,48.8647217187627,43.28501452788464,6.5,5.02211296794052,0.5575942229375386,5.214056887714346,5.083610703854512,5.571818700333492,0.0,-0.713997808395123,0.225789811916143,9.542528383077444
2026-09-05 16:50:00,30.167205817427654,32.37120491466894,30.775673142346015,30.255021147672245,31.296325137019785,2.2,1.6650303708240168,1.4056193555604806,1.924441386087553,-0.45948916877693335,-0.06949859850109874,1017.6868482254176,1014.4044007084169,1016.8687725648748,-3.0,-2.40006572114476,-0.06430613531313156,39.46368594937945,45.14908282824527,40.83657690416431,6.5,5.02211296794052,-0.7096070438595632,1.3562097333014593,1.5162072424857636,2.3629931421712906,0.0,-0.713997808395123,-0.13278809129040425,6.075349480841361
2026-09-05 16:55:00,29.231696940613546,31.351731593756238,29.806831813577514,29.286013830441586,30.32764979671344,2.2,1.6650303708240168,1.4052863683137402,1.9247743733342935,-0.7942419909290699,-0.1201305906452923,1017.4767512026738,1014.2482115310736,1016.6553375731984,-3.0,-2.40006572114476,-0.007060320980031065,42.63527078145979,48.26650024486642,42.45090791893777,6.5,5.02211296794052,0.7934793579881259,5.884924618376361,5.7799335942709735,6.159582488315043,0.0,-0.713997808395123,0.33434891435105385,20.71838836212886
2026-09-05 17:00:00,29.917072793139372,32.792549376955904,30.799608636613595,30.27862471790038,31.320592555326808,2.2,1.6650303708240168,1.404953807404591,1.9251069342434426,2.1679755617075394,0.32791036951829255,1017.604202970073,1014.6014828335467,1016.87774862205,-3.0,-2.40006572114476,0.12379993264141831,43.13773460089663,49.07673496537337,43.8872343950115,6.5,5.02211296794052,0.16738760242134987,6.341508505246483,5.839916763708717,6.735297112331461,0.0,-0.713997808395123,-0.18138254022762013,17.92086449786633
2026-09-05 17:05:00,30.156960224938274,32.492261720226274,30.92302842169662,30.40187862024048,31.44417822315276,2.2,1.6650303708240168,1.4046216711996407,1.925439070448393,-0.6333612197821239,-0.09579707229436707,1017.1663924739065,1014.2103851382573,1016.6898261868298,-3.0,-2.40006572114476,-0.0793753274277833,41.66675044800591,48.947661400059445,44.16185346018003,6.5,5.02211296794052,-0.23630502806111053,6.351682074052377,6.209874390735306,6.92327696636603,0.0,-0.713997808395123,0.0005952327643985456,1.9599680945935463
2026-09-05 17:10:00,29.270613166282605,31.388745051238878,29.938441652038343,29.417126020623193,30.45975728345349,2.2,1.6650303708240168,1.4042899580758994,1.9257707835721343,-1.4196648541582704,-0.21472697162348098,1017.2982366806501,1014.3709468778454,1016.7301859828447,-3.0,-2.40006572114476,0.040826616145523076,44.80230635905305,50.04125916163605,44.9562231946891,6.5,5.02211296794052,0.06292299900642462,7.740897681403778,7.41985014235172,8.089113689701136,0.0,-0.713997808395123,0.04473426104570688,5.369094612749258
2026-09-05 17:15:00,29.79479309558999,31.783570781752573,29.975241941632877,29.453760532992288,30.496723350273466,2.2,1.6650303708240168,1.403958666420689,1.9261020752273448,0.9474161488686939,0.14329846929567935,1017.3171717830286,1014.2719020090192,1016.6840305755122,-3.0,-2.40006572114476,-0.01206284534828228,41.75160632609459,48.567412237380985,43.96100970922281,6.5,5.02211296794052,-0.41571043978234457,3.072310712809669,3.1524516017481883,4.106807298052495,0.0,-0.713997808395123,-0.24035788790918344,11.319760009442744
2026-09-05 17:20:00,29.57199095497069,31.395933272856933,29.7514949644085,29.229847831225758,30.273142097591244,2.2,1.6650303708240168,1.4036277946315496,1.926432947016484,-0.1361441788529234,-0.02059206237558442,1017.2213631733937,1014.60091862369,1016.9225023008643,-3.0,-2.40006572114476,0.07848204397043901,40.609248743776874,47.39928321665124,42.580494502786394,6.5,5.02211296794052,-0.20332425407567456,3.7275490319535667,3.8232002529676943,4.3206516571939035,0.0,-0.713997808395123,0.21654640416891358,7.634667655652171
2026-09-05 17:25:00,29.663955163278924,31.658911346131436,29.926528952036026,29.404716146944224,30.448341757127828,2.2,1.6650303708240168,1.403297341116151,1.9267634005318828,0.44529711182492093,0.06735202327139334,1017.5215210061501,1014.4873371223352,1016.9294503256338,-3.0,-2.40006572114476,-0.042047482153748206,42.86711969620013,50.29723814314908,44.52552697398954,6.5,5.02211296794052,0.7495982012190154,8.872658617911771,8.375026230385961,8.910480885569818,0.0,-0.713997808395123,0.17854315321126535,8.11288208474068
2026-09-05 17:30:00,29.33171691873543,31.554705273087258,29.91141562803204,29.389437203614158,30.43339405244992,2.2,1.6650303708240168,1.4029673042922015,1.9270934373558322,-0.1437385534034199,-0.021740725768797375,1017.095843369791,1014.0612254469756,1016.5782159852581,-3.0,-2.40006572114476,-0.11692481713771485,42.09611970282602,48.74039065535713,44.09378671587032,6.5,5.02211296794052,-0.37550902845371326,11.728285556711212,11.955989447885868,12.723635391019988,0.0,-0.713997808395123,-0.053648134738997655,2.7089452591114234
2026-09-05 17:35:00,28.743891717333124,31.229357447652077,29.617866212469558,29.095722221258537,30.14001020368058,2.2,1.6650303708240168,1.4026376825873614,1.9274230590606722,-0.35397336728393825,-0.05353913564149693,1016.8206316946605,1013.7010836943384,1016.1581578037056,-3.0,-2.40006572114476,-0.057008388222470785,45.16352171698461,50.58895420451749,45.27636276673149,6.5,5.02211296794052,0.29047846984548187,2.5995444371138814,2.265888546730314,3.5685185085618265,0.0,-0.713997808395123,-0.5886321534363899,50.53816313173768
2026-09-05 17:40:00,29.458637613142937,31.88297544162052,30.090975893746016,29.56866638822484,30.61328539926719,2.2,1.6650303708240168,1.402308474439154,1.9277522672088796,0.839455224730898,0.12696917705048705,1016.8868713376269,1013.9054573601051,1016.1922737087841,-3.0,-2.40006572114476,0.11324937246570244,42.43019745480148,48.16271348628298,43.724312199373216,6.5,5.02211296794052,-0.5837116810307563,5.610546999680677,6.078301686825382,6.193111651370986,0.0,-0.713997808395123,0.5991878438495197,56.11380209831382
2026-09-05 17:45:00,28.761210055819735,31.00702902214901,29.507409881420724,28.9849349140225,30.02988484881895,2.2,1.6650303708240168,1.4019796782948797,1.928081063353154,-1.0936144075173324,-0.16541123009573155,1016.5668109106556,1013.6590550954626,1016.0687646063228,-3.0,-2.40006572114476,-0.009643789715482853,42.359467509322705,47.913871091804445,42.87640090367539,6.5,5.02211296794052,0.015357220188533915,3.300228205310529,3.2855953259603443,4.268622507047703,0.0,-0.713997808395123,-0.2690293726922359,13.233108091581975
2026-09-05 17:50:00,28.656105095871332,30.791471562730834,29.121112952492293,28.59847257560033,29.643753329384257,2.2,1.6650303708240168,1.4016512926115312,1.9284094490365025,0.03522759238929751,0.005328239414524205,1016.7553375249104,1013.9358742330904,1016.2506768449629,-3.0,-2.40006572114476,0.08526310927231862,45.406242865383916,51.47588769231741,45.58933862856198,6.5,5.02211296794052,0.8644360958149022,1.6631918411665139,1.2892737916047652,1.9921674900368365,0.0,-0.713997808395123,0.011104109963051778,4.670757621358475
2026-09-05 17:55:00,28.133986919506516,30.387749390788947,28.723733266159673,28.200927532107556,29.24653900021179,2.2,1.6650303708240168,1.4013233158557081,1.9287374257923255,-0.006705676819503736,-0.0010142461947424408,1016.5787840843786,1013.3553914447126,1015.88636080814,-3.0,-2.40006572114476,-0.13090364228264662,47.70123130642975,54.054910052490605,48.706031409132486,6.5,5.02211296794052,0.3267656754175974,4.167587419515936,3.8249915983081317,4.328793262869852,0.0,-0.713997808395123,0.21019614383340235,8.76281437529712
2026-09-05 18:00:00,28.168181546927485,30.26445394743057,28.55827645048237,28.03530541155404,29.0812474894107,2.2,1.6650303708240168,1.4009957465035339,1.9290649951444998,0.2720437417175141,0.041147126124183586,1016.7795097297151,1013.7426104289617,1016.0356813581582,-3.0,-2.40006572114476,0.10699479194829564,45.63588429207361,51.20353107109677,47.20942778125263,6.5,5.02211296794052,-1.0280096780963817,2.5994286265517146,2.7038572140879182,3.5804470652802003,0.0,-0.713997808395123,-0.16259204279715922,10.657721017879906
2026-09-05 18:05:00,27.82777879053849,30.37145158969126,28.652691122790568,28.129554831220414,29.17582741436072,2.2,1.6650303708240168,1.400668583040573,1.9293921586074607,0.35523589996117977,0.053730096076677114,1016.5003765033271,1013.5673820449484,1015.9899110176127,-3.0,-2.40006572114476,-0.02246325151952533,46.57050703396326,54.24703662648509,48.761011712581094,6.5,5.02211296794052,0.4639119459634742,7.295932730056509,7.178542763086996,7.655147136828617,0.0,-0.713997808395123,0.2373934346535016,9.50875366855742
2026-09-05 18:10:00,27.94680480670958,30.10896677045456,28.48156833887072,27.95826684684363,29.004869830897807,2.2,1.6650303708240168,1.4003418239617496,1.9297189176862841,-0.24880312486675393,-0.03763193924017472,1016.5080463006499,1013.596104930839,1015.9900290011021,-3.0,-2.40006572114476,0.006141650881659189,47.338677124377185,52.77845202681523,48.15471227516658,6.5,5.02211296794052,-0.3983732162918727,5.691511476211456,5.662515303326014,6.633974717999421,0.0,-0.713997808395123,-0.25746160627828374,10.427726275854399
2026-09-05 18:15:00,28.533101619526736,30.71583404787739,28.94458241719802,28.421115776849494,29.468049057546548,2.2,1.6650303708240168,1.4000154677712666,1.930045273876767,0.7022806135666961,0.10622125985535291,1016.3751237292772,1013.3761060279479,1015.8226581275472,-3.0,-2.40006572114476,-0.04648637845457415,44.04293446935126,51.61981720844124,46.86778694417728,6.5,5.02211296794052,-0.2700827036765645,2.5508320834329323,3.034666153242044,3.8054023403021535,0.0,-0.713997808395123,-0.056738378664986655,2.2685833711378187
2026-09-05 18:20:00,27.13031896610999,28.887154481105856,27.536424515976574,27.012792779392765,28.060056252560383,2.2,1.6650303708240168,1.3996895129825253,1.9303712286655084,-2.077993445531863,-0.31430040569473405,1016.6783148585678,1013.7596784539976,1016.0580291537748,-3.0,-2.40006572114476,0.10171502136756772,48.86843127577414,56.31656170092562,50.24026814518638,6.5,5.02211296794052,1.0541805877987187,0.6195485767208018,0.40977535745207916,1.1118459978285713,0.0,-0.713997808395123,0.011927168018630807,17.333875201230907
2026-09-05 18:25:00,26.862617620728233,29.02353065142368,27.220526522424336,26.696729741642155,27.744323303206517,2.2,1.6650303708240168,1.3993639581180473,1.9306967835299864,0.9122118837549351,0.13797375817532753,1016.3184506757424,1013.1971060918036,1015.728309315689,-3.0,-2.40006572114476,-0.13113750274067115,47.67560961071933,54.89425165047056,50.37492969127175,6.5,5.02211296794052,-0.5027910087417169,8.205700122649109,8.22368897995782,8.478067018136123,0.0,-0.713997808395123,0.459619770216821,35.372032093915564
2026-09-05 18:30:00,27.923850759354522,30.29114758694751,28.344622943600026,27.82066117060721,28.868584716592842,2.2,1.6650303708240168,1.399038801709395,1.9310219399386386,1.8610960808833852,0.28149427252346726,1016.5927731400299,1013.8264589548776,1016.0730857577588,-3.0,-2.40006572114476,0.1534389182635323,47.271055290786364,53.21604200478897,48.75192969180085,6.5,5.02211296794052,-0.5580006549524015,2.792027678478872,3.2179810246907876,4.498244160079786,0.0,-0.713997808395123,-0.5662653269938751,58.35949708416749
2026-09-05 18:35:00,27.077448162261213,29.063903646853504,27.668860727832573,27.14473401456776,28.192987441097387,2.2,1.6650303708240168,1.3987140422970965,1.9313466993509372,-1.7850188706646897,-0.26998745180308603,1016.393345530691,1013.542239746138,1016.0112103371716,-3.0,-2.40006572114476,-0.06890486988891098,49.74300612069083,56.51696682403235,50.76441435232675,6.5,5.02211296794052,0.7304395037650764,6.0793353521431195,6.160489394783039,6.541277862086307,0.0,-0.713997808395123,0.3332093410918553,26.824085714021923
2026-09-05 18:40:00,26.717875660044584,28.76773159314602,27.127443222531785,26.603151620884596,27.651734824178973,2.2,1.6650303708240168,1.3983896784305665,1.9316710632174672,-0.16358144416525278,-0.024742000209780457,1016.2989205840653,1013.0971814160055,1015.6156195143767,-3.0,-2.40006572114476,-0.11837237722647842,48.49715782794154,53.97526092110105,49.541255417261944,6.5,5.02211296794052,-0.5881074641014195,4.007726664398644,3.525745843791242,4.462291305013869,0.0,-0.713997808395123,-0.2225476528275041,10.470639907222358
2026-09-05 18:45:00,27.22440409203322,29.582946295579955,27.72025161621351,27.19579517802462,28.2447080544024,2.2,1.6650303708240168,1.398065708668033,1.9319950329800006,1.3068552573415921,0.19766430854242856,1016.2393327737907,1013.0780673165732,1015.4493743993107,-3.0,-2.40006572114476,0.02875863840722559,48.94563006367946,56.17435569170646,50.72631534668499,6.5,5.02211296794052,0.42592737708094575,5.8249833460028935,5.976600049522535,6.480391936408157,0.0,-0.713997808395123,0.2102059215095009,11.46234082684247
2026-09-05 18:50:00,26.38782264668692,28.29249120198331,26.852159783440026,26.327538560501253,27.3767810063788,2.2,1.6650303708240168,1.397742131576461,1.9323186100715726,-1.4855944873031603,-0.22469895228073256,1016.2024947513287,1013.0454564888126,1015.4020155715642,-3.0,-2.40006572114476,0.043506638393182584,50.211398480089386,56.65221065486037,51.59387396619337,6.5,5.02211296794052,0.036223720726475506,3.7946916831924584,3.4457908258574252,4.370176082456842,0.0,-0.713997808395123,-0.210387448204294,11.874397731513943
2026-09-05 18:55:00,27.18086800809708,29.592428209605462,27.66785408894195,27.143068132996316,28.192640044887586,2.2,1.6650303708240168,1.3974189457314798,1.9326417959165538,1.7159704576361783,0.25954374983949435,1015.8156284491438,1012.9173239447782,1015.3150397288971,-3.0,-2.40006572114476,0.002349937025883264,47.493146531888804,53.66569036021946,49.3787926712227,6.5,5.02211296794052,-0.7352152789437625,1.8443772675506553,2.266419526170545,2.9284999224315165,0.0,-0.713997808395123,0.05191741213415124,10.288844316997167
2026-09-05 19:00:00,26.54087832484535,28.634449546810732,27.158712776804826,26.63376213954664,27.683663414063012,2.2,1.6650303708240168,1.3970961497173082,1.9329645919307255,-1.251512421410002,-0.18929360081811097,1016.026210589974,1012.8335014250114,1015.2317542146877,-3.0,-2.40006572114476,0.0018129314684074416,50.743232169321935,56.26423629199692,50.60547898736232,6.5,5.02211296794052,0.6366443366940828,3.048330089844251,2.8014698083448577,3.4316324887891083,0.0,-0.713997808395123,0.08383512795087222,6.87649253106251
2026-09-05 19:05:00,25.89271634960629,28.01500270550805,26.424257273696668,25.899142006771612,26.949372540621724,2.2,1.6650303708240168,1.3967737421266841,1.9332869995213495,-0.4911340029255875,-0.07428493901263522,1016.1599440470196,1013.1102903968884,1015.4287324839041,-3.0,-2.40006572114476,0.08162363412907325,51.2842247062554,55.80221981135219,50.84887614129103,6.5,5.02211296794052,-0.06876929787936348,2.749027910776201,3.6398807630999004,4.343633362584509,0.0,-0.713997808395123,0.010245208910514503,1.3655449342356083
2026-09-05 19:10:00,26.767987179388843,28.743211498363724,26.879554915629257,26.354275070634444,27.40483476062407,2.2,1.6650303708240168,1.3964517215607914,1.9336090200872422,1.313214870176207,0.19862621191045093,1015.9927766585853,1013.0609823180478,1015.4778922096275,-3.0,-2.40006572114476,-0.016844170434978878,49.769607002694215,55.43877431706561,50.562821031888774,6.5,5.02211296794052,-0.14615968276368818,4.4667606815098395,4.906973478008143,5.605960130792511,0.0,-0.713997808395123,0.015011155610755722,4.34697348157697
2026-09-05 19:15:00,25.479052346536072,27.75466159862165,26.24757499222522,25.722130620709287,26.773019363741156,2.2,1.6650303708240168,1.3961300866291901,1.9339306550188435,-1.0442433458451568,-0.15794376442758917,1015.7580337557887,1012.7481088656067,1015.2373094236284,-3.0,-2.40006572114476,-0.08913483687695134,52.24471293536268,59.634951491853,53.800256284799,6.5,5.02211296794052,0.8125822391134818,6.144019441362815,5.905035670474422,6.631404023865005,0.0,-0.713997808395123,-0.012370544995460087,6.93929031851297
2026-09-05 19:20:00,25.83362411791833,28.525598514924205,26.696435775954672,26.170826929417846,27.2220446224915,2.2,1.6650303708240168,1.3958088359497451,1.9342519056982885,1.0851592267344081,0.16413236814551624,1015.9313555947218,1012.9701887220788,1015.3084073124355,-3.0,-2.40006572114476,0.06184713078800996,51.451731468273366,57.62946472549352,53.29595861686625,6.5,5.02211296794052,-0.6886068593132535,3.255167123607765,3.2611712651082483,4.135238017181967,0.0,-0.713997808395123,-0.16006894367859603,9.368680614389612
2026-09-05 19:25:00,25.47120603446612,27.827505482358248,26.28600943365384,25.760236163548015,26.81178270375967,2.2,1.6650303708240168,1.395487968148559,1.9345727734994747,-0.8167457216459866,-0.12353432211961035,1016.1668786264628,1013.0070082197605,1015.3856655699387,-3.0,-2.40006572114476,0.021408370966469192,52.2082157229545,58.57275263726246,53.55000041941409,6.5,5.02211296794052,0.0006392499078486935,0.6429630156725088,0.8690563001625479,1.5700175502786111,0.0,-0.713997808395123,0.013036558279059696,1.689669401554436
2026-09-05 19:30:00,25.686226397079572,27.713369344691465,26.04111535209761,25.51517770982642,26.567052994368797,2.2,1.6650303708240168,1.3951674818599011,1.9348932597881325,0.04775889059878935,0.007223621769838928,1016.07192174696,1013.1611499029696,1015.5338972711046,-3.0,-2.40006572114476,0.02731835300971852,52.79603175805254,59.82047524468331,54.60473198527283,6.5,5.02211296794052,0.19363029146995814,4.950499155035111,5.185597297303123,5.5988485415526785,0.0,-0.713997808395123,0.3007465641455678,13.187140249693737
2026-09-05 19:35:00,25.60359582977047,28.030719946868764,26.27845090409023,25.752348941009142,26.80455286717132,2.2,1.6650303708240168,1.3948473757261413,1.9352133659218924,0.5767774563245673,0.08723867195451618,1015.8507241766752,1012.7587423928038,1015.2694730171175,-3.0,-2.40006572114476,-0.11066490316898125,50.38313513817706,58.327670240670074,53.72227404004787,6.5,5.02211296794052,-0.4167167673183201,5.537342868183143,5.6700437461760025,6.55522441873798,0.0,-0.713997808395123,-0.17118286416685446,7.243555708330082
2026-09-05 19:40:00,24.80475805586579,26.94142214667894,25.450501301401008,24.92423506881737,25.976767533984646,2.2,1.6650303708240168,1.3945276483976823,1.9355330932503514,-1.151123085856998,-0.17410952554608627,1015.9793204283067,1012.930627477147,1015.2848869288841,-3.0,-2.40006572114476,0.04580626940764887,53.13275384864679,60.692757572603306,55.20876104742359,6.5,5.02211296794052,0.46188355723919017,10.329130330686121,10.704778041775954,11.231066704753736,0.0,-0.713997808395123,0.1877091454173403,9.564395562359616
2026-09-05 19:45:00,24.303141053788295,26.778038050073807,25.065471488855177,24.539041038028316,25.59190193968204,2.2,1.6650303708240168,1.3942082985328932,1.9358524431151405,0.31428496519824023,0.04753619039461299,1015.7595736503536,1012.7952334095395,1015.207577122259,-3.0,-2.40006572114476,-0.012277991574705993,58.26054426652844,63.98267626347549,58.42109621536239,6.5,5.02211296794052,0.539467080172578,5.325354144419949,5.288463460429638,6.4544641342909905,0.0,-0.713997808395123,-0.4520028654662296,30.903142733754922
2026-09-05 19:50:00,24.600718971550176,26.962054251983048,25.196489598165666,24.669894980306943,25.72308421602439,2.2,1.6650303708240168,1.3938893247980442,1.9361714168499895,0.6646812327514482,0.10053428299336531,1015.5382081857935,1012.553669919023,1014.9963569712637,-3.0,-2.40006572114476,-0.04262133109591559,55.134598100316495,60.08054164316657,56.22271083464126,6.5,5.02211296794052,-1.1642821594152153,4.4665917344674675,4.3565764338946575,4.87822410965509,0.0,-0.713997808395123,0.19235013263469103,13.516701347514138
2026-09-05 19:55:00,23.957619453580126,25.568991140485778,24.10388887296508,23.577130139237983,24.630647606692175,2.2,1.6650303708240168,1.3935707258672414,1.9364900157807923,-1.3218223098490611,-0.19992810330331778,1015.6355723013887,1012.639169304241,1014.9927282090956,-3.0,-2.40006572114476,0.04650681629016162,56.240274781676376,64.62796618895646,58.76833446638262,6.5,5.02211296794052,0.8375187546333223,5.120747067555429,5.016687871178046,5.642917120588093,0.0,-0.713997808395123,0.08776855898507652,9.1730502411325
2026-09-05 20:00:00,24.84587311232341,26.845057185732404,24.882598566250618,24.355675767770826,25.40952136473041,2.2,1.6650303708240168,1.3932525004223622,1.9368082412256715,1.966443377191041,0.29742824865776996,1015.9902618565064,1012.8776678332099,1015.2015400416625,-3.0,-2.40006572114476,0.07619351269215713,53.31636846927671,61.63156175860427,57.34608340404999,6.5,5.02211296794052,-0.7366346133862436,8.919009284279563,9.1765212538712,9.746453156294518,0.0,-0.713997808395123,0.14406590597180546,15.754938366485183
2026-09-05 20:05:00,23.90686567500359,26.29574271957067,24.741072682981414,24.213985870816877,25.26815949514595,2.2,1.6650303708240168,1.3929346471529922,1.9371260944950415,-0.7296460552751469,-0.11036033423476255,1015.6973656633583,1012.6524332516784,1015.1140155888644,-3.0,-2.40006572114476,-0.061516616041217276,56.384494980738424,63.03525785788185,57.76388058992826,6.5,5.02211296794052,0.249264300013067,7.3016756801409155,7.41122999223171,8.38992724533265,0.0,-0.713997808395123,-0.2646994447058173,12.026871226589074
2026-09-05 20:10:00,23.51786056451038,25.74819201893938,24.17815571714451,23.650904942315517,24.705406491973502,2.2,1.6650303708240168,1.3926171647563619,1.9374435768916718,-0.6280521731132964,-0.09499406902914487,1015.6855573614895,1012.6858849001151,1015.087755755252,-3.0,-2.40006572114476,-0.00180513399220672,56.60463290591913,62.088242309453676,57.22998173071799,6.5,5.02211296794052,-0.16385238920483403,3.434980488112792,3.522365587819869,4.3332645173263655,0.0,-0.713997808395123,-0.09690112111137372,2.4327082074025714
2026-09-05 20:15:00,23.549686822360833,25.54493563281926,23.8544121072039,23.326997420683156,24.381826793724642,2.2,1.6650303708240168,1.3923000519372848,1.9377606897107489,0.16854769387028412,0.025493154791345063,1015.6615663105598,1012.4553035255848,1014.9020512372912,-3.0,-2.40006572114476,-0.046681990561637576,58.147887802933234,65.41846903004839,59.71127822195191,6.5,5.02211296794052,0.6850778401559552,2.862276709149509,3.1008469839266635,3.6504841785069893,0.0,-0.713997808395123,0.16436061381479705,6.578000448018207
2026-09-05 20:20:00,22.748961054997437,24.822243151898675,23.20979711661442,22.682218569327123,23.73737566390172,2.2,1.6650303708240168,1.3919833074080947,1.938077434239939,-0.3476607176110491,-0.052584335539762606,1015.9774270243591,1012.9080470794121,1015.1868610347747,-3.0,-2.40006572114476,0.12125176578217634,60.82183209903852,67.23544515022843,62.062989131036595,6.5,5.02211296794052,0.15034305125131198,3.0358324869563935,2.420516764600237,3.1431134639586205,0.0,-0.713997808395123,-0.008598890963260608,2.057737395443227
2026-09-05 20:25:00,22.71141754980876,24.530170225790883,22.827818335995705,22.300075978819617,23.355560693171793,2.2,1.6650303708240168,1.3916669298885864,1.9383938117594472,0.24675078489936553,0.03732151897116154,1015.9216612875244,1012.9798132693794,1015.3706221810228,-3.0,-2.40006572114476,0.009256809501380303,60.09702328244538,66.5066383839601,62.02262780185223,6.5,5.02211296794052,-0.5381023858326586,4.608293028893097,4.701313676055642,5.292727790987611,0.0,-0.713997808395123,0.12258369346315501,3.788964362214809
2026-09-05 20:30:00,23.392818259251722,25.575143601746444,23.682927304392848,23.155021188158365,24.21083342062733,2.2,1.6650303708240168,1.3913509181059536,1.93870982354208,1.502037088377385,0.2271859265295788,1015.9971493373067,1012.8055338467299,1015.281558914314,-3.0,-2.40006572114476,-0.07595934643939017,59.01104323783448,66.22661031231858,61.47076642922719,6.5,5.02211296794052,-0.26626908484912803,6.420578121650522,6.486148788312637,7.222618053090194,0.0,-0.713997808395123,-0.02247145638243353,6.53929815479557
2026-09-05 20:35:00,22.462905470338924,25.105043415542077,23.57132196362314,23.043252139113378,24.099391788132905,2.2,1.6650303708240168,1.3910352707947307,1.939025470853303,-0.8681473770977242,-0.13130891890508067,1015.6275505248979,1012.801037772637,1015.2178707077443,-3.0,-2.40006572114476,-0.01676721396256653,61.628243833882806,68.39574363138145,62.95280712251432,6.5,5.02211296794052,0.42082354092660523,4.600336284455645,5.100978708845857,5.958993531669537,0.0,-0.713997808395123,-0.14401701442855686,5.724744873054809
2026-09-05 20:40:00,22.1204130146514,24.481399692797865,22.933772682695746,22.405539200646594,23.4620061647449,2.2,1.6650303708240168,1.390719986696732,1.9393407549513018,-0.7762109422807129,-0.11740336072189805,1015.683241227369,1012.873683216759,1015.2510556033983,-3.0,-2.40006572114476,0.022693334505447638,65.76588787014879,71.31723594133683,65.8432450073225,6.5,5.02211296794052,0.45187796607382325,1.4572823575027665,0.9987059628236664,1.8294145394615393,0.0,-0.713997808395123,-0.11671076824275006,4.5083665062510505
2026-09-05 20:45:00,22.56793898668092,25.206022386918605,23.37068615914414,22.842289070244348,23.89908324804393,2.2,1.6650303708240168,1.3904050645609949,1.9396556770870388,1.1259751755536804,0.1703058569504492,1015.3992108152303,1012.2124382288363,1014.757599451203,-3.0,-2.40006572114476,-0.14509550122193104,60.67214633599177,66.9123527879262,63.12546556128918,6.5,5.02211296794052,-1.235225741303509,6.236709872567278,6.703865862280305,6.980897106645191,0.0,-0.713997808395123,0.4369665640302376,40.49965499305863
2026-09-05 20:50:00,22.6423284780628,25.018807896020796,23.39635489784114,22.86779425273239,23.924915542949886,2.2,1.6650303708240168,1.390090503143721,1.9399702385043127,-0.281499799808973,-0.04257737264435946,1015.8362798009274,1013.039922745885,1015.2119434491332,-3.0,-2.40006572114476,0.22804501789653386,62.2362366718773,69.26515901480637,63.76048050866205,6.5,5.02211296794052,0.48256553820380077,7.042885095217104,7.065507833894503,8.012457968572924,0.0,-0.713997808395123,-0.2329523262832982,14.927453977409709
2026-09-05 20:55:00,22.27114737335328,24.676643242023818,23.080204426326624,22.55148027560361,23.60892857704964,2.2,1.6650303708240168,1.3897763012082187,1.940284440439815,-0.4534922621474884,-0.06859155512682236,1015.4277307739404,1012.4061935356336,1014.9430424838695,-3.0,-2.40006572114476,-0.1367832270910867,63.435827914410574,70.34402969233459,65.03858039180014,6.5,5.02211296794052,0.2833363325939331,3.2154230876246466,3.36211994682266,4.271179964737182,0.0,-0.713997808395123,-0.1950622095193988,8.424529771523261
2026-09-05 21:00:00,22.198336119078363,24.793151856627368,23.08355302756676,22.554665421777237,23.612440633356286,2.2,1.6650303708240168,1.3894624575248473,1.9405982841231864,0.29466383884673775,0.04456845823658995,1015.623600198758,1012.6863773826316,1015.027627462366,-3.0,-2.40006572114476,0.058815641410319586,61.58313434855925,68.29274760804603,63.80288367588156,6.5,5.02211296794052,-0.5322490357760472,5.744850476448761,6.247626112731574,6.661022923917997,0.0,-0.713997808395123,0.3006009972086998,14.944705852494405
2026-09-05 21:05:00,21.314462800305648,23.589915452174093,22.093821385038193,21.56477037468307,22.622872395393316,2.2,1.6650303708240168,1.38914897087096,1.9409117707770738,-1.1169203902245144,-0.16893630368811685,1015.4146050007016,1012.3401073428823,1014.8091496664017,-3.0,-2.40006572114476,-0.06897660237461878,65.79866949213759,73.04540785571828,67.07520716174122,6.5,5.02211296794052,0.9480877260365475,4.1016786120457995,4.2699069924474715,5.191137039625421,0.0,-0.713997808395123,-0.20723223878282582,14.296055127393746
2026-09-05 21:10:00,20.86671372164522,23.02926825734384,21.350744464341375,20.82153009987479,21.87995882880796,2.2,1.6650303708240168,1.3888358400308483,1.9412249016171854,0.08921160245604298,0.013493422178449066,1015.4788195017984,1012.6172762258824,1014.9386119851383,-3.0,-2.40006572114476,0.07872996188882553,66.19863089474617,72.40925730449236,67.76076134918833,6.5,5.02211296794052,-0.37361701263648683,8.156522127954371,8.27663261479314,8.739765007541358,0.0,-0.713997808395123,0.25086541564690457,10.407144798493462
2026-09-05 21:15:00,21.855302025383068,24.26183352870747,22.293877595698298,21.764499927527666,22.82325526386893,2.2,1.6650303708240168,1.3885230637956878,1.9415376778523459,2.0027888010942974,0.30292556218515543,1015.4292444013263,1012.4901585041536,1014.9107388451029,-3.0,-2.40006572114476,-0.020514619804544054,63.93767804470641,70.58061386488167,66.20025578904391,6.5,5.02211296794052,-0.6417548921027532,7.512658629581302,7.5853459853219976,8.49835027384794,0.0,-0.713997808395123,-0.19900648013081934,17.521333874944457
2026-09-05 21:20:00,20.94618014883423,23.436948196258605,21.947155320536513,21.41761439902263,22.476696242050398,2.2,1.6650303708240168,1.3882106409634836,1.94185010068455,-1.1585806433444361,-0.17523749510192488,1015.4509746561021,1012.3288516676124,1014.7685004192987,-3.0,-2.40006572114476,-0.03958303054150747,69.45570383257866,73.25524055243659,67.6709113487168,6.5,5.02211296794052,0.5622162357792746,4.748352172752256,4.603308732253943,5.426810753560632,0.0,-0.713997808395123,-0.10950421291156598,6.758326903485962
2026-09-05 21:25:00,20.796634281177376,22.900641352634935,21.317609827106658,20.787905702563744,21.84731395164957,2.2,1.6650303708240168,1.3878985703390154,1.9421621713090182,-0.5421344038328186,-0.08199884529573964,1015.4481510722893,1012.2733707722945,1014.6725981985563,-3.0,-2.40006572114476,0.0008382948828966619,68.70058146666324,74.84086131158898,69.56690383301671,6.5,5.02211296794052,0.2518445106317557,5.964524727774555,5.955977990421437,6.470384734974081,0.0,-0.713997808395123,0.1995910638424796,6.721422851209668
2026-09-05 21:30:00,21.251270754539412,23.306956938071405,21.510202442387207,20.980335165082998,22.040069719691417,2.2,1.6650303708240168,1.3875868507337854,1.9424738909142483,0.8708925063995423,0.13172412486018104,1015.4330882156194,1012.2140428503379,1014.6055099506735,-3.0,-2.40006572114476,0.008598620809152635,66.54578460845536,73.65690693531587,69.1313567608568,6.5,5.02211296794052,-0.49656279348144494,8.06190952590611,7.847255696069285,8.534694490542886,0.0,-0.713997808395123,0.02655901392152238,3.211459666410005
2026-09-05 21:35:00,20.766898587189985,22.99466979367616,21.365920493247096,20.835890113402908,21.895950873091284,2.2,1.6650303708240168,1.3872754809659649,1.9427852606820688,-0.2398718713421566,-0.036281070394952764,1015.6259883173769,1012.6541795838418,1014.9364208650975,-3.0,-2.40006572114476,0.11782443988909108,67.32705071801216,73.51473514431845,68.63820710248483,6.5,5.02211296794052,-0.145584926106892,4.550789473983923,4.537419404156279,5.488224109557896,0.0,-0.713997808395123,-0.2368068970064936,9.796874791627433
2026-09-05 21:40:00,20.552640031611418,22.91893980499775,21.254580955455964,20.72438752324676,21.784774387665166,2.2,1.6650303708240168,1.3869644598603417,1.943096281787692,-0.004439755080582586,-0.0006715212822321348,1015.3201753873104,1012.4060460990773,1014.8805675473753,-3.0,-2.40006572114476,-0.07445572715323578,67.24093087296788,73.36794895959419,68.3378554556207,6.5,5.02211296794052,0.007980536032974328,3.37157640812311,2.6707971990065813,3.32057121607542,0.0,-0.713997808395123,0.0642237913262842,1.2067515776437823
2026-09-05 21:45:00,21.06370530474784,23.423323514480153,21.665368188082947,21.135011753637418,22.195724622528477,2.2,1.6650303708240168,1.3866537862482688,1.9434069553997648,0.6143722537697691,0.09292495557318858,1015.5030670263545,1012.6007118781714,1014.9796116255402,-3.0,-2.40006572114476,0.02116597377596463,66.09870286399044,71.76554050257059,66.99354929076969,6.5,5.02211296794052,-0.2501217561396203,6.510168345047926,6.638880215318191,7.087520506233976,0.0,-0.713997808395123,0.26535751747933833,11.332078673283766
2026-09-05 21:50:00,19.769333111020813,21.684499590983293,20.31632537655103,19.78580598995166,20.846844763150404,2.2,1.6650303708240168,1.3863434589676138,1.9437172826804199,-1.9626609958848817,-0.29685615639175467,1015.6358341608175,1012.6181369966264,1015.0265531269963,-3.0,-2.40006572114476,-0.008350409225158728,73.30904632996143,80.61173904414476,73.70865206483079,6.5,5.02211296794052,1.8809740113734534,2.7419930204820937,2.7054718443470063,3.7708192141823336,0.0,-0.713997808395123,-0.35134956144020446,45.12526550656591
2026-09-05 21:55:00,20.22860377199207,22.810924985404732,20.86180713181314,20.331124843096273,21.39248942053001,2.2,1.6650303708240168,1.3860334768627065,1.9440272647853272,1.8782410599941564,0.2840874827675748,1015.3582994834196,1012.18475001507,1014.6964900667896,-3.0,-2.40006572114476,-0.11167433057482867,67.60525079770355,74.544021416536,71.24170126589998,6.5,5.02211296794052,-1.7197928173044943,3.8574228030663553,3.756561682066326,4.260629057982521,0.0,-0.713997808395123,0.20993043247892818,31.414444211606252
2026-09-05 22:00:00,19.7127654241497,21.78453243827033,20.27080471615998,19.739959575315897,20.80164985700406,2.2,1.6650303708240168,1.3857238387842905,1.9443369028637432,-1.0003356872023232,-0.15130264871366705,1015.3086264730285,1012.206315253325,1014.580044981412,-3.0,-2.40006572114476,0.026335993057728047,70.7853810772391,77.94571275549757,72.48351254409822,6.5,5.02211296794052,0.44008724345883365,7.793486422643575,7.859413847825618,8.426272076308994,0.0,-0.713997808395123,0.1471395799117472,6.583386129049988
2026-09-05 22:05:00,19.631727660584186,21.778714661206468,20.071214595565795,19.540206652538785,20.602222538592805,2.2,1.6650303708240168,1.3854145435894725,1.9446461980585612,0.28078788911417263,0.0424696948166563,1015.3615822530245,1012.5344345488688,1014.8223866385422,-3.0,-2.40006572114476,0.11211363147140219,73.10213711868845,78.22116594912214,73.2074807746826,6.5,5.02211296794052,-0.008427793500970893,6.244100860753384,5.814031683863751,6.807880811059229,0.0,-0.713997808395123,-0.27985131880035397,12.76677183292409
2026-09-05 22:10:00,19.971918897894245,21.99138802589668,20.251078730899266,19.7199080355877,20.782249426210832,2.2,1.6650303708240168,1.3851055901416724,1.9449551515063612,0.49770572415660297,0.07527892417339643,1015.5516943685349,1012.4790000838449,1014.8931151791114,-3.0,-2.40006572114476,-0.01404937412178242,68.96228092796288,75.33392089335037,71.01798659475867,6.5,5.02211296794052,-0.7061786693488159,3.9554046690651044,4.534185668051489,5.218530633612241,0.0,-0.713997808395123,0.029652842834370752,3.309574141502343
2026-09-05 22:15:00,19.401887956012647,22.141553723200065,20.45810832657878,19.926774928835165,20.989441724322397,2.2,1.6650303708240168,1.3847969773105766,1.945263764337457,0.12175072705182899,0.018415025797267504,1015.3810734390557,1012.402586083658,1014.8422682147981,-3.0,-2.40006572114476,-0.03961640999534666,71.99228952147865,78.26820071527865,72.5372376413417,6.5,5.02211296794052,0.7088501059964329,2.7042227571635493,2.6733925187172694,3.4008508753674076,0.0,-0.713997808395123,-0.013460548255015414,2.8187112728500097
2026-09-05 22:20:00,19.254345732408762,21.502759866466356,19.960058286132966,19.428562235764034,20.4915543365019,2.2,1.6650303708240168,1.3844887039720881,1.9455720376759456,-0.8087753634217592,-0.12232879049062717,1015.2480654856564,1012.0867179131202,1014.5648708626865,-3.0,-2.40006572114476,-0.07808722842150928,73.19778651483375,79.47332914955491,74.2230221539924,6.5,5.02211296794052,0.2281940276219956,3.6483182445601603,3.6045649146685035,4.197443615571201,0.0,-0.713997808395123,0.12111910749242538,4.623337699922042
2026-09-05 22:25:00,19.310424573055737,21.340229556919425,19.66167518814032,19.130016534907085,20.19333384137355,2.2,1.6650303708240168,1.3841807690082788,1.9458799726397549,0.08941375384464934,0.013523997955090294,1015.3746123011648,1012.4250997579836,1014.7237741261191,-3.0,-2.40006572114476,0.10139135300926228,70.85807025408073,76.86524821910636,72.5855785981398,6.5,5.02211296794052,-0.7424433469739569,3.179649763433635,2.890030900393758,3.6766352667525988,0.0,-0.713997808395123,-0.07260655796371784,4.749878754880401
2026-09-05 22:30:00,18.58002370565909,20.952808415651578,19.297129936283664,18.765308729901506,19.828951142665822,2.2,1.6650303708240168,1.3838731713073433,1.9461875703406903,-0.06182992066507964,-0.00935189145610238,1015.1093899989031,1012.0407373146512,1014.5149643786041,-3.0,-2.40006572114476,-0.07416134280811093,75.16254448775014,81.38566107032612,75.46826817988396,6.5,5.02211296794052,0.8952799225016435,2.4205818931608025,2.427765807895581,3.135353303183038,0.0,-0.713997808395123,0.0064103131076658215,4.746935837043403
2026-09-05 22:35:00,18.237159974702028,20.590987130564034,18.928390484743186,18.396406774881903,19.46037419460447,2.2,1.6650303708240168,1.3835659097635509,1.9464948318844828,-0.016090544311055055,-0.0024337250031685187,1015.3479905548616,1012.5049974619279,1014.7889735395339,-3.0,-2.40006572114476,0.11608964353877127,78.48552706928251,85.66524289544783,80.00588137134466,6.5,5.02211296794052,0.6372485561626604,6.413989115573674,6.8300770826556585,7.327873596972268,0.0,-0.713997808395123,0.2162012940785134,10.258987864160398
2026-09-05 22:40:00,18.00408105503777,20.16653565032179,18.51067239770138,17.97852623398527,19.04281856141749,2.2,1.6650303708240168,1.3832589832771998,1.946801758370834,-0.060608294473578184,-0.009167118203606606,1015.2764133408699,1012.3924469968009,1014.8246070902251,-3.0,-2.40006572114476,-0.032094372279402705,76.31603930812308,81.28575822544482,77.73880701817924,6.5,5.02211296794052,-1.4751617606749363,2.964115980180918,3.274890843010528,4.339708389093874,0.0,-0.713997808395123,-0.3508197376882234,28.867246563183585
2026-09-05 22:45:00,17.48700966487157,19.85513100742825,18.176810033379372,17.644501465387297,18.709118601371447,2.2,1.6650303708240168,1.382952390754571,1.9471083508934626,0.08787066732342907,0.013290603224859865,1015.1365056272826,1012.0621497352964,1014.5593994497367,-3.0,-2.40006572114476,-0.0971839932955163,79.38116442296142,87.30300023738579,81.27086419443249,6.5,5.02211296794052,1.010023075012782,4.279562236280869,4.535893561623036,5.045184973827691,0.0,-0.713997808395123,0.20470639619046782,12.292832593323414
2026-09-05 22:50:00,18.950033065165908,20.984974672999734,19.09451176131341,18.562040838578866,19.626982684047952,2.2,1.6650303708240168,1.3826461311078837,1.94741461054015,1.4904445996052935,0.22543254086230746,1015.022602277427,1012.0036026733248,1014.4030337167819,-3.0,-2.40006572114476,0.0006346776876853255,73.32332269634557,80.21039559636674,76.84358431556767,6.5,5.02211296794052,-1.6553016871414457,3.8402899315408083,4.00420961704099,4.783241261349909,0.0,-0.713997808395123,-0.06503383591379563,20.059790767410753
2026-09-05 22:55:00,17.542777599159567,19.644193944169714,18.25216537525193,17.719532147263127,18.784798603240734,2.2,1.6650303708240168,1.382340203255248,1.9477205383927856,-1.8049482110135564,-0.2730018019062328,1014.979202863831,1011.8965354278249,1014.2852440780799,-3.0,-2.40006572114476,0.011357070889744136,82.44679028292114,88.91292476639298,82.01138561029244,6.5,5.02211296794052,1.879426188160025,11.029785624360468,10.922222866091685,11.318277052836038,0.0,-0.713997808395123,0.3179436216507696,40.47373983411398
2026-09-05 23:00:00,17.754644301073316,19.552600970160103,17.85709071237091,17.324295228570815,18.389886196171002,2.2,1.6650303708240168,1.382034606120623,1.9480261355274107,0.2015174151436092,0.030479886965178338,1015.1542906357549,1011.9413756562732,1014.2996175663935,-3.0,-2.40006572114476,0.04182381102441468,79.67969110938816,86.9051584264865,82.51230376215324,6.5,5.02211296794052,-0.6292583036072585,3.873845228167197,3.4387962780561865,4.783676783759532,0.0,-0.713997808395123,-0.630882697308222,59.119087227741495
2026-09-05 23:05:00,17.59413931065461,19.529349093810698,17.7988049641462,17.26584727393264,18.33176265435976,2.2,1.6650303708240168,1.3817293386337712,1.9483314030142624,0.4331434481026335,0.06551375884048127,1015.2182765623841,1012.089660197952,1014.4400103487424,-3.0,-2.40006572114476,0.04971557035435126,79.48118741840099,84.81971962226625,80.55774542091338,6.5,5.02211296794052,-0.7601387665876445,1.5879917199503084,1.5276800883903179,2.0057405985713803,0.0,-0.713997808395123,0.2359372982140604,11.641575951717057
2026-09-05 23:10:00,17.692238987970516,20.25376514910465,18.450414179473196,17.917294332198892,18.9835340267475,2.2,1.6650303708240168,1.3814243997302147,1.948636341917819,0.9145050165257196,0.1383205988074394,1014.8961472020458,1011.9258798012039,1014.3707866461182,-3.0,-2.40006572114476,-0.044841123769515434,80.13097536518907,86.09921464106826,80.75801365985129,6.5,5.02211296794052,0.3190880132764562,1.6873370492042081,1.6165756098441049,2.2174971824196814,0.0,-0.713997808395123,0.11307623581954629,4.595651008641763
2026-09-05 23:15:00,17.76273308649962,20.29101881204408,18.676820659160782,18.143538704133448,19.210102614188116,2.2,1.6650303708240168,1.381119788351192,1.9489409532968416,-0.3360766126571839,-0.05083221794071946,1015.0162255364753,1012.0650144612098,1014.439438605268,-3.0,-2.40006572114476,0.025641577086503275,76.33921759443024,82.74235724851779,78.28221973332279,6.5,5.02211296794052,-0.5619754527455143,5.198702166432965,5.513340498334338,6.071916065291985,0.0,-0.713997808395123,0.15542224143747596,5.4162670733997516
2026-09-05 23:20:00,17.650595786256034,19.863753515985824,18.31306019664635,17.77961618312874,18.84650421016396,2.2,1.6650303708240168,1.3808155034436165,1.9492452382044172,-0.7559380747255027,-0.11433705148454365,1014.5880097405368,1011.6102919260757,1014.1156955037181,-3.0,-2.40006572114476,-0.10533785649772653,81.53841617591812,89.13086447226385,82.61314070533562,6.5,5.02211296794052,1.4956107989877125,5.260199757638732,5.353016890376678,6.251102475937586,0.0,-0.713997808395123,-0.18408777716578406,18.949631055929764
2026-09-05 23:25:00,16.946004623804853,19.47859091324282,17.85158980380363,17.31798378101362,18.38519582659364,2.2,1.6650303708240168,1.3805115439600313,1.9495491976880024,-0.25143001556557465,-0.03802926138482832,1014.76480531521,1011.7195453571162,1014.0720416792262,-3.0,-2.40006572114476,0.04756939903472812,83.54867023724329,90.01147297234203,85.05034392156423,6.5,5.02211296794052,-0.060983917162715784,4.051338191060005,4.535031649431069,5.282956725568338,0.0,-0.713997808395123,-0.03392726774214605,0.5885325999048486
2026-09-05 23:30:00,16.988130476974742,19.15611557965308,17.481634044391406,16.947866061502047,18.015402027280764,2.2,1.6650303708240168,1.3802079088585697,1.949852832789464,0.06248626281816527,0.0094511644376567,1014.7970811454776,1011.9370411363358,1014.2561464042622,-3.0,-2.40006572114476,0.08096045321838119,82.50240050823221,89.36244424518033,84.96580019663635,6.5,5.02211296794052,-0.625468919396539,4.13546864731771,4.494715209329162,5.166274808416103,0.0,-0.713997808395123,0.042438209308182095,3.0072801098673816
2026-09-05 23:35:00,17.04672098576056,19.19803892524698,17.467835129036978,16.93390523517658,18.001765022897374,2.2,1.6650303708240168,1.3799045971029122,1.9501561445451214,0.4308933374603292,0.0651734253859857,1014.6123113699908,1011.621842655675,1014.095820445538,-3.0,-2.40006572114476,-0.07391206871830036,83.94864036337451,89.9769771666256,85.07411392329027,6.5,5.02211296794052,-0.1192497246051829,1.2950304131378063,1.1580817302865776,2.015368844878831,0.0,-0.713997808395123,-0.14328930619713054,4.060863570701189
2026-09-05 23:40:00,16.71593916727414,18.92724129696725,17.281250541929825,16.74715878618202,17.81534229767763,2.2,1.6650303708240168,1.3796016076622455,1.9504591339857882,-0.12588019643986215,-0.019039615786592634,1014.5530719678109,1011.6585600420252,1014.049199511374,-3.0,-2.40006572114476,0.009426251795957796,82.92298994314562,89.81246359831961,84.89211516056152,6.5,5.02211296794052,-0.10176453018242171,4.688891655720342,4.150352896734382,4.587675238085696,0.0,-0.713997808395123,0.2766754670438085,11.024021684680053
2026-09-05 23:45:00,17.343146259387474,19.51816194032276,17.741326097563785,17.207072528967586,18.275579666159985,2.2,1.6650303708240168,1.3792989395112216,1.950761802136812,0.73920056622865,0.11180547193495727,1014.5359076796962,1011.2698414098658,1013.7422105079368,-3.0,-2.40006572114476,-0.07230337692624289,82.69612732900634,90.53791900338591,85.380752169477,6.5,5.02211296794052,0.13505386596838775,4.610402163668037,5.026074733850481,5.82904243096859,0.0,-0.713997808395123,-0.0889698887229855,3.1281645655872783
2026-09-05 23:50:00,16.784503767462,18.941464502749962,17.39922618995996,16.864810857509838,17.933641522410085,2.2,1.6650303708240168,1.3789965916299178,1.9510641500181158,-0.8118382513507783,-0.12279205803401538,1014.6201596448892,1011.0317996071465,1013.4504163206083,-3.0,-2.40006572114476,-0.01855099231704571,83.86131238118827,91.15773373452757,86.05497054592058,6.5,5.02211296794052,0.08065022066647032,2.213631159566262,2.6214467265354853,3.490434829540193,0.0,-0.713997808395123,-0.1549902946095849,5.094389822683722
2026-09-05 23:55:00,16.773130048450287,19.2018096698802,17.483023312068212,16.94844626471416,18.017600359422264,2.2,1.6650303708240168,1.3786945630037957,1.951366178644238,0.355407077417496,0.05375598698796935,1014.4862080355895,1011.5287762397652,1013.7606353470791,-3.0,-2.40006572114476,0.16820661383087554,83.68925289654611,90.12408810632381,85.40140597703122,6.5,5.02211296794052,-0.29943083864792186,1.8211198948307614,1.4112564175600937,2.067617067050133,0.0,-0.713997808395123,0.057637158905083696,4.39372641326389
