timestamp,temp_true_ground_truth,temp_observed_drifted,temp_true_estimated,temp_true_ci95_lower,temp_true_ci95_upper,temp_bias_ground_truth,temp_bias_estimated,temp_bias_ci95_lower,temp_bias_ci95_upper,temp_innovation,temp_post_fit_residual,pres_true_ground_truth,pres_observed_drifted,pres_true_estimated,pres_bias_ground_truth,pres_bias_estimated,pres_post_fit_residual,rh_true_ground_truth,rh_observed_drifted,rh_true_estimated,rh_bias_ground_truth,rh_bias_estimated,rh_post_fit_residual,wind_true_ground_truth,wind_observed_drifted,wind_true_estimated,wind_bias_ground_truth,wind_bias_estimated,wind_post_fit_residual,nis
2026-09-01 00:00:00,15.270482430928983,15.553663138146149,15.553663138146149,13.574406579407334,17.532919696884964,-0.018667296748332986,0.0,-1.9225321685765373,1.9225321685765373,0.0,0.0,1026.5494321903002,1026.3275496434392,1026.3275496434392,0.0018016278474744373,0.0,0.0,88.17594074154451,88.61099370347102,88.61099370347102,-0.04986679788025213,0.0,0.0,6.863496708331322,6.9674033967022115,6.9674033967022115,0.006754908472654697,0.0,0.0,0.0
2026-09-01 00:05:00,14.949580069047563,15.014083614623631,15.057722748670678,13.077733662664478,17.037711834676877,-0.011919888542435336,0.009171494244118238,-1.9132213004649452,1.9315642889531819,-0.5395795235225176,-0.05281062829116401,1026.6247004581942,1026.5750784646755,1026.5515214752213,0.010351409020680092,-0.001436988343037599,0.024993977797294065,90.30749744191692,89.06970463733536,88.97110604501103,-0.05730260747520909,-4.7196666006011734e-05,0.09864578899033916,0.9794183414692741,0.6929898945024331,0.7835625392813936,0.012530078018726815,0.08224925228795664,-0.1728218970669172,7.433071964649782
2026-09-01 00:10:00,15.200387693600748,15.20999162040403,15.126965692887056,13.149875555322492,17.10405583045162,-0.022533172821846928,0.002746318940597405,-1.9196383242154151,1.92513096209661,0.6046077202310833,0.08027960857637773,1026.4718729315175,1026.4796683043637,1026.5251001915478,0.02272797532400806,-0.0002582198678623066,-0.04517366731624861,91.36601892202934,91.01680352384325,90.70646582300576,-0.06787600391107029,-0.0015027204064660916,0.31184042124395717,10.15220410926656,9.776283934129053,9.027144779321105,0.01759595473569957,0.06790878224338784,0.6812303725645599,67.86111087192914
2026-09-01 00:15:00,15.49032660959441,15.782668233053379,15.678273818411736,13.703179249700376,17.653368387123095,-0.03061502739049759,0.0009597110332326341,-1.9214670953860251,1.9233865174524905,0.6884671469787342,0.10343470360841067,1026.2436026963699,1026.1767742259797,1026.259534416144,0.027386204871864862,0.0005200374731276096,-0.08328022763748777,90.23729633603925,91.78282273632446,91.84258452507751,-0.012316982826526497,-0.0013576178782786583,-0.05840417087476624,4.756161050525364,4.932439984043334,5.4802089753128165,0.02871548834430366,0.05983909130814743,-0.6076080825776291,54.68794886373883
2026-09-01 00:20:00,14.730668429031683,14.958187255972208,15.133553034234197,13.158838311566303,17.10826775690209,-0.04141820770559944,0.00047787371610011077,-1.921993823210145,1.9229495706423454,-1.1630789513425643,-0.1758436519780897,1026.4888668213364,1026.6076260936545,1026.4929814508964,0.015742948960965994,0.0002826882687260246,0.11436195448936815,90.34247538016518,91.24171867022386,91.59357554759693,0.001682896526499729,-0.0011270060118018636,-0.350729871361267,3.306287583535804,3.6829719687206737,3.489827279862804,0.03976026538267832,0.05994560719121426,0.1331990816666555,7.898411099574539
2026-09-01 00:25:00,14.677338029418948,14.74930118759538,14.751443919426341,12.776706150483816,16.726181688368868,-0.058303032222608214,0.0004678429735916287,-1.9220486749109986,1.9229843608581818,-0.017266458331803847,-0.0026105748045530675,1026.3193897817741,1026.4568096043806,1026.4885827413875,-0.0004914417066024732,0.0002651362927129683,-0.03203827329957676,91.23822668917815,90.01571207705481,90.35050015012956,0.007487962464453275,-0.001152325656851011,-0.33363574741790103,3.6908710470421657,3.7056402206098835,3.564626256101805,0.03848867941392948,0.0598978583369234,0.08111610617115517,1.6260221873670624
2026-09-01 00:30:00,15.352822448941637,15.388543459454656,15.234188398523358,13.259363978417596,17.20901281862912,-0.05892240264937813,0.0006731036488530886,-1.9218883566845015,1.9232345639822075,1.016108438163883,0.15368195728244416,1026.3233935390008,1026.3129294599526,1026.3590329154172,0.001293925911085189,0.00022601562405884587,-0.046329471088711216,90.46850572086484,90.46081595518206,90.26956983011132,0.036782652876631856,-0.0011189190602689044,0.19236504413100874,1.4417233438535098,1.3494369419152057,1.4003139874614061,0.044907470028707173,0.059901140796783346,-0.11077818634298375,4.679080034796486
2026-09-01 00:35:00,14.981769099494782,15.024008014645753,15.104753388802203,13.12986152184679,17.07964525575762,-0.08103994295510167,0.0006708648203464377,-1.9219355537509795,1.9232772833916723,-0.5382827753112895,-0.0814162389767965,1026.4736701543186,1026.5074902425995,1026.4563382250685,-0.0007611497468140247,0.00024961655729467967,0.05090240097365495,91.19120458143703,91.53136339598186,91.22987520068897,0.049680068415998216,-0.0010917187140758418,0.3025799140069694,11.72177589701621,11.809555034139835,11.190792207179973,0.04107652081710923,0.05991570199128658,0.558847124968576,46.02294281204624
2026-09-01 00:40:00,14.444206936320844,14.297357620086915,14.411768962132635,12.43682933392234,16.38670859034293,-0.06683782945742361,0.0006926747065424752,-1.9219587007195482,1.9233440501326333,-0.7610096279221832,-0.11510401675226234,1026.5519522646405,1026.2280814124383,1026.2883961910284,0.0002875474002274358,0.00024157354798640086,-0.06055635213806454,91.55376979802476,90.97770440126519,91.1499169208585,0.03366137366140306,-0.0010952085824993802,-0.17111731101081773,1.1011641361425022,1.1496539086260698,2.015116105282665,0.03184579685395346,0.0599147219918388,-0.9253769186484342,124.1463508957125
2026-09-01 00:45:00,14.809794323185116,14.73276124782173,14.59643889559115,12.621457329517355,16.571420461664946,-0.066012785416923,0.0006804023683457738,-1.9220159291230738,1.9233767338597654,0.8967953360194603,0.135641949862233,1026.3473916499859,1026.284321133091,1026.2622811488477,9.489892924440153e-05,0.00024131831943137113,0.021798665923824956,90.52826352182068,88.7520633359139,89.2405460354618,0.07116303122031264,-0.0010926741761618354,-0.48739002537173803,5.67311520417934,5.7751368256896285,5.061682653661384,0.029150859296913596,0.05991396975899158,0.6535402022692534,64.16347687625894
2026-09-01 00:50:00,14.371775807623756,14.131636115881445,14.208530738193492,12.233506841626394,16.18355463476059,-0.059676260823401404,0.0006813764796978527,-1.9220599101017388,1.9234226630611344,-0.5128928081553141,-0.07757599879174393,1026.366050043611,1026.547871080226,1026.4724002327162,0.03109778285124321,0.00023846490551669627,0.07523238260432663,91.03974637474352,91.15112738750089,90.51273920680559,0.03232177674422304,-0.001097216488490396,0.6394853971837904,4.205670057355966,3.475584605041369,3.684461138526559,0.028388077779517767,0.059913979391241615,-0.26879051287643163,13.677727070189261
2026-09-01 00:55:00,14.338847642239537,14.205570597089158,14.15864039240187,12.183573109130165,16.133707675673573,-0.06666909000259474,0.0006817448220011613,-1.9221044957992839,1.9234679854432861,0.30577115054203574,0.04624845986528747,1026.5481548197733,1026.49977440008,1026.5220618033443,0.015135067783547153,0.00023899935951503503,-0.022526402623725517,90.11995079460712,89.53337961681866,89.83584447164851,0.04363542830789772,-0.001096231159920182,-0.30136862366993,9.48536865173711,9.176409632275059,8.792222899345033,0.011772267887737848,0.05991399584663825,0.3242727370833869,15.753422806274033
2026-09-01 01:00:00,14.593568579073139,14.448064654323582,14.38908579707323,12.41397470591804,16.36419688822842,-0.07217714901577096,0.0006820670525115236,-1.9221491265579478,1.923513260662971,0.3854285448688639,0.058296790197839954,1026.2996505403278,1026.1803170014146,1026.273475027396,-0.008744287454306346,0.0002397443509953561,-0.09339777033233077,91.09168898362466,90.45408607787004,90.26729654019893,-0.010529514486873177,-0.001096341724496792,0.1878858793956084,2.922578936187133,2.6893854980379817,3.1545268039412395,0.02037559348190505,0.05991399526674063,-0.5250553011699983,40.84935775070024
2026-09-01 01:05:00,13.7067848156744,13.511860051311807,13.669896844474597,11.694741913728746,15.645051775220447,-0.06786369043826104,0.0006818585977564957,-1.9221942869512387,1.923558004146752,-1.0493665043988631,-0.15871865176054634,1026.6221705732169,1026.9590681466696,1026.7723210370534,-0.004755765452071029,0.00023970332249080822,0.18650740629368556,90.7528104898838,90.46567472246538,90.4717891809327,-0.0033914794738133507,-0.0010963431373091613,-0.005018115330017281,4.79312463594472,4.831087263754069,4.402605324501162,-0.007297660744118931,0.059913994443766036,0.3685679448091408,25.92463777239898
2026-09-01 01:10:00,13.761132038278292,13.703156888883637,13.613059565649872,11.637860845240667,15.588258286059077,-0.08532444992434843,0.0006818373405501016,-1.92223925909616,1.9236029337772602,0.5911694361481494,0.08941548589321435,1026.2828424876452,1026.5464312300674,1026.6629052439816,-0.009272836107129373,0.00023951232911728824,-0.11671352624330211,90.8933868677984,90.78980929406278,90.76967159836695,0.0033631579882391818,-0.0010963371022480624,0.021234032798076896,4.463032043629298,4.538645917366722,4.565733377674012,0.019850508650744284,0.05991399444619385,-0.08700145475348364,3.4462743559576974
2026-09-01 01:15:00,14.20889357043662,14.053403093855957,13.963940490521889,11.988698008664757,15.93918297237902,-0.09069430644054846,0.0006818100894977622,-1.9222842361841632,1.923647856363159,0.5869731731462409,0.08878079324457033,1025.8977724661863,1025.9624286813882,1026.1235579172535,-0.005480021670369958,0.00023932089366551928,-0.16136855675881634,90.36505097721157,90.41982382359028,90.54221984194488,0.06203908165525238,-0.0010963512367201864,-0.12129966711788143,6.058927308294081,6.284650754887998,6.150794603079776,0.03486929998870747,0.059913994453444704,0.07394215735477783,4.591658007812343
2026-09-01 01:20:00,14.015109067556015,14.011967502477685,14.043608777623694,12.06832254029419,16.0188950149532,-0.10358850914872528,0.0006818134469296068,-1.9223291816129935,1.9236928085068525,-0.21370372108500746,-0.03232308859293909,1026.2365909520092,1026.4089541183282,1026.2634870524146,0.0015265745970380554,0.00023938728756526444,0.1452276786260427,89.84391084868115,89.14398392492834,89.39860493808025,0.007264995384790099,-0.0010963550213397598,-0.2535246581305728,1.459661483395235,1.5691952209053504,1.7891752029808305,0.03225921274698433,0.059913994453354394,-0.27989397652883463,13.96955877840923
2026-09-01 01:25:00,14.536111497643835,14.094700333677492,14.10339074405616,12.128060750383245,16.078720737729075,-0.1169470413075905,0.0006818134552865611,-1.9223741293402827,1.923737756250856,-0.06196434794274097,-0.009372223833954862,1026.1403608301314,1025.823406348377,1025.9175773903833,0.016935830939184826,0.0002393824228993029,-0.09441042442927028,90.96199943521546,90.77206575573811,90.33727027918067,-0.013766055770093343,-0.001096360983361828,0.43589183754080807,2.5526752336950684,2.1948081889314897,1.9016158145343374,0.03235347635262206,0.05991399445235177,0.2332783799448006,9.743882819609334
2026-09-01 01:30:00,14.041124907110955,13.86985933337252,13.915079195238789,11.939705444596271,15.890452945881307,-0.14859461491697512,0.000681812752784917,-1.9224190767278881,1.9237827022334582,-0.30347838332087385,-0.04590167461905281,1026.2342077706028,1026.114924175603,1026.0161170439826,-0.001150878905422436,0.000239375843436769,0.09856775577691224,89.64454950840818,88.25363864124597,88.74956980679201,0.015027829160001692,-0.0010963554662873152,-0.4948348100797517,2.7029427854264587,3.172427365790472,3.0869733421648777,0.03538319508849489,0.059913994452352425,0.02554002917324194,2.657043107685497
2026-09-01 01:35:00,13.837096971110105,13.734902583070829,13.740118388711162,11.764700881619838,15.715535895802486,-0.12850471607477512,0.0006818127108718982,-1.9224640224044363,1.92382764782618,-0.03899203455038602,-0.005897618351204059,1026.0973093700024,1026.0189841953468,1026.015996080588,-0.007831493679708392,0.00023937568418534773,0.0027487390746046003,90.50345724728955,90.77905243271792,90.18171071149584,0.026763933133907465,-0.0010963578951338887,0.5984380791172157,6.366677847577766,6.777744929813082,6.613183933173628,0.02949159120860547,0.05991399445237203,0.10464700218708156,3.4074188830007346
2026-09-01 01:40:00,14.989733036777112,14.788804391437655,14.604049416872297,12.62858815433839,16.579510679406205,-0.13880279737208165,0.0006818128807038048,-1.9225089668188444,1.923872592580252,1.21699754931449,0.1840731616846547,1025.9292527926941,1025.891169419291,1025.918280672543,-0.002686358573139226,0.00023937637561845886,-0.027350629627790113,91.21207382043046,88.96012809968826,89.34962220362632,0.033074609930720075,-0.0010963577876554804,-0.3883977461504031,2.518365008555843,2.17232360423224,2.474137118374869,0.031417782684474836,0.05991399445237328,-0.36172750859500225,23.112905632789612
2026-09-01 01:45:00,14.318396670556712,14.162565974050239,14.331262614966281,12.355757598043617,16.306767631888945,-0.1213521565446284,0.000681812991580734,-1.922553910241886,1.9239175362250474,-1.1198436612144018,-0.16937845390762263,1025.7182423276006,1025.6513099290296,1025.6958236452888,0.006559204575107493,0.00023937658007500164,-0.044753092839300734,90.79133661566769,90.55935441164796,90.24584631222287,-0.0003901396728287973,-0.0010963575916530662,0.3146044570167419,5.07707976495528,5.206869136174993,4.813574386665532,0.029977782907458225,0.0599139944523712,0.33338075505709064,19.62523637280504
2026-09-01 01:50:00,14.444736334150527,14.02236686028084,14.0531718599709,12.07762308966153,16.028720630280272,-0.10532027172371401,0.0006818130053642909,-1.9225988527117732,1.9239624787225018,-0.20817469279797507,-0.03148681269542486,1025.820654239137,1025.471030894588,1025.4823855443167,0.03288059917856812,0.00023937655112922518,-0.011594026279908576,91.67825956135039,92.39253970243593,92.08289631648192,-0.021068781856028822,-0.0010963574582295056,0.31073974341222765,2.7077780220139367,2.5581857621761803,2.7344222606125017,0.029035055735148564,0.05991399445237137,-0.23615049288869283,8.573259224018077
2026-09-01 01:55:00,13.860631647573484,13.807316801185921,13.806681231828565,11.831088709103708,15.78227375455342,-0.12461026732146141,0.0006818130053689342,-1.9226437941452652,1.9240074201560031,-0.0003057393363938843,-4.6243648011312644e-05,1025.6728857159671,1025.7751384556054,1025.6642596922475,0.044349046831934524,0.00023937685643042725,0.11063938650158889,91.17631725911795,90.35135236272988,90.98031962230914,0.022507653431785162,-0.0010963575446058867,-0.627870902034644,7.734860871308945,7.807369734439065,7.413948687282344,0.03084966636995495,0.05991399445237114,0.3335070527043493,19.260664460563518
2026-09-01 02:00:00,14.22937370871845,14.21795846937531,14.117898235857714,12.142261961682333,16.093534510033095,-0.1409364358565541,0.0006818130074034602,-1.9226887345266266,1.9240523605414337,0.6570392615021383,0.09937842051019175,1025.660259819015,1025.7854755219385,1025.7716616004097,0.0436675836812992,0.00023937687485376787,0.013574544653920384,90.36230070337112,90.95614969794742,90.88126241563832,0.020704831650397684,-0.0010963575446541062,0.07598363985376011,9.285907343747871,9.619614816026846,9.70296032438143,0.017714388386415005,0.05991399445237104,-0.14325950280695388,4.023329667069172
2026-09-01 02:05:00,14.511881904877729,14.508060472252263,14.480332025883833,12.504652001224654,16.45601205054301,-0.10252889146621885,0.0006818130080664739,-1.9227336738593328,1.924097299875466,0.17881849920716952,0.027046633360363614,1025.781003596731,1026.0542707701154,1026.011441687855,0.03298235464598726,0.00023937688865232384,0.042589705371710807,90.7223640906266,91.68079268133876,91.49058449366348,0.033842421015454247,-0.0010963575498486732,0.19130454522513674,4.701887105374356,5.359028470898394,5.578413576427486,0.018110085627751488,0.059913994452371236,-0.2792990999814622,11.598292669486856
2026-09-01 02:10:00,14.031290078274635,14.16277048782576,14.260903078441066,12.285179304266528,16.236626852615604,-0.0762650023373117,0.0006818130072692183,-1.922778612143546,1.9241422381580844,-0.6533102704655214,-0.09881440362257443,1025.8871725943193,1025.7951370810165,1025.8867749292035,0.026210876413359032,0.00023937689594128974,-0.09187722508295337,90.65188589162143,88.0353767591318,88.78635899260854,0.02981082950827748,-0.0010963575376679387,-0.7498858759390856,3.624751912264824,3.8698797869015333,3.679734720368348,0.01974456309392626,0.059913994452371326,0.13023107208081397,7.283357575301335
2026-09-01 02:15:00,14.66992649134365,14.633494632462918,14.558494559558692,12.582727036837694,16.534262082279692,-0.07673778003723326,0.000681813007266974,-1.9228235493770844,1.9241871753916184,0.49135430356144383,0.07431825989695895,1025.6385389678892,1025.52711293676,1025.6022570241744,0.019098442537873753,0.00023937690557491933,-0.0753834643198843,89.92847808217392,89.79579059578786,89.23414324530481,-0.011597163525464305,-0.001096357540204134,0.5627437080232625,2.8400912354756596,2.9496047153161857,2.8537327296769046,0.0210330593074854,0.0599139944523713,0.03595799118690968,3.0294351547309057
2026-09-01 02:20:00,14.311131472299303,14.333990524988518,14.401005894253382,12.425194623954733,16.37681716455203,-0.07287718344097302,0.0006818130073505508,-1.922868485560731,1.924232111575432,-0.4475791265101634,-0.06769718227221411,1025.3413798382987,1024.966343411484,1025.063537968334,0.02696124608003888,0.0002393769124923376,-0.09743393376243148,90.22468760056864,87.94515505985319,88.16383413031144,0.02108620138716058,-0.0010963575403008569,-0.2175827129179453,1.2428393244146807,1.1597677256753154,1.1439766409971588,0.018874751753123857,0.05991399445237127,-0.044122909774214625,2.0638974804650507
2026-09-01 02:25:00,14.470221949541292,14.419100217747483,14.402324835229054,12.426469818321408,16.3781798521367,-0.08233987948518084,0.0006818130073415456,-1.9229134206947371,1.9242770467094203,0.10640244604625337,0.01609356951108687,1025.5277426732557,1025.513752863194,1025.3157171216508,0.030045215427068846,0.00023937690840451938,0.1977963646347689,90.42546142191412,90.36959400030317,89.77942344439889,0.03869933484579795,-0.0010963575396238066,0.5912669134439028,3.075371428187763,3.1602652190039335,2.935496313820352,0.030253329512817576,0.05991399445237116,0.1648549107312105,10.06199399233823
2026-09-01 02:30:00,14.3854932856065,14.447148840752824,14.437526926885939,12.461628164337847,16.41342568943403,-0.07585458877217574,0.0006818130073409422,-1.922958354779076,1.924321980793758,0.05910737196620808,0.008940100859543776,1025.5797975621383,1025.7291257498746,1025.64408420953,0.014161420576962697,0.00023937690853679917,0.08480216343605207,89.68189965624039,89.79555931160898,89.98142488082564,0.11939662415364957,-0.0010963575397353181,-0.1847692116769224,5.667931278654652,6.102579650617148,6.000990571563516,0.026716803964002063,0.05991399445237119,0.04167508460126079,1.233189911859008
2026-09-01 02:35:00,15.410117007496698,15.008058762987261,14.925142230265385,12.949199723045332,16.901084737485437,-0.08661231728301282,0.0006818130073453245,-1.9230032878138246,1.9243669138285153,0.5436938847858652,0.08223471971453122,1025.2471425528086,1025.1643079764276,1025.3245274399633,0.008930602947877501,0.0002393769076180158,-0.16045884044319791,90.79392283197588,88.8917389191131,89.1834420076317,0.08385127586588048,-0.0010963575397762932,-0.2906067309788227,4.803449321940817,4.819026757945175,4.951818652328804,0.028990063032233965,0.05991399445237132,-0.1927058888359996,9.317589847646921
2026-09-01 02:40:00,14.710577515605353,14.414763698262263,14.552548024285262,12.576561773361671,16.52853427520885,-0.11709762374748858,0.0006818130073404052,-1.9230482197990704,1.9244118458137514,-0.9154672540022428,-0.13846613903033855,1025.2559682743458,1025.5969461707166,1025.5034689739207,0.01946117358929455,0.00023937690795676792,0.0932378198879178,90.59782060399918,92.25033262177097,91.56117609071927,0.1126413281078973,-0.001096357539798517,0.6902528885914876,9.338897922628034,9.11502716559523,8.810774559839498,0.041963038371489424,0.059913994452371486,0.24433861130336076,13.963983719700655
2026-09-01 02:45:00,14.343389330560838,14.523848301422301,14.492446163815835,12.516416170157067,16.4684761574746,-0.13692096054515435,0.0006818130073406781,-1.9230931507348727,1.9244567767495542,0.20310706574015036,0.03072032459912677,1025.2149867309981,1025.2001786274786,1025.2852142215106,0.023681121848983258,0.00023937690785120615,-0.0852749709397358,89.86066288995532,90.15621282535962,90.7457964443172,0.06673728929660225,-0.0010963575397708147,-0.5884872614178107,3.907091881002338,3.4623541983186366,3.832014270037577,0.0411692769712863,0.059913994452371784,-0.42957406617131255,29.020413397522496
2026-09-01 02:50:00,15.149699560918299,14.521007827171662,14.502317093173913,12.526243357748266,16.478390828599558,-0.13660456932739554,0.0006818130073406141,-1.9231380806213103,1.9245017066359917,0.11906576988487672,0.018008920990409294,1025.0311120443187,1025.083665744203,1025.1007237925205,0.030504857241136503,0.000239376907850438,-0.017297425225251573,90.95452326698944,90.34754894048898,90.39293441602874,0.07224441916515997,-0.001096357539769841,-0.04428911799999469,5.983948647131404,6.181176917000441,5.761336316605397,0.04331390964596181,0.059913994452372034,0.3599266059426718,18.56236576003972
2026-09-01 02:55:00,14.390244823319808,14.208638659494804,14.251216248052078,12.275098771827786,16.22733372427637,-0.15357057785993436,0.0006818130073407678,-1.9231830094584563,1.9245466354731378,-0.28600902601509404,-0.043259401564615274,1025.1816022064024,1025.012236662077,1024.9947737669381,0.03509991776182366,0.00023937690784623115,0.01722351823104873,91.05827347627788,92.33699916805907,91.90036060476994,0.10642214978237075,-0.001096357539771785,0.43773492082888765,4.5087170031324195,4.625253504103554,4.7370667224994145,0.042350063282812836,0.05991399445237215,-0.1717272128482321,5.423530833841285
2026-09-01 03:00:00,15.0237016295583,15.103576881646275,14.94271811280583,12.96655689675106,16.9188793288606,-0.15457973983363738,0.0006818130073404833,-1.923227937246385,1.924591563261066,1.0590080646275553,0.16017695583310498,1025.0012811425477,1025.098981280901,1025.047414041552,0.05461708657712998,0.00023937690783697104,0.051327862441212346,90.8573235221259,89.45473036633105,90.13139286980278,0.033897420718993695,-0.001096357539772985,-0.6755661459319526,4.662434510961157,4.523385820200917,4.413972060767638,0.054723761218448824,0.059913994452372187,0.049499764980907024,5.702574203588188
2026-09-01 03:05:00,14.22151393970773,14.032162151174248,14.249383796387162,12.273178841470019,16.225588751304304,-0.17069965542513033,0.0006818130073404833,-1.9232728639851693,1.9246364899998503,-1.4406661580329114,-0.21790345822025436,1025.0170663414133,1024.7776179755283,1024.8371252977054,0.05744960334302242,0.0002393769078411168,-0.059746699084826105,90.526673617326,89.57006157463188,89.48021200446085,0.02672478412053742,-0.0010963575397727832,0.09094592771080556,3.070490449343168,3.4304412026579434,3.4068704334230646,0.052146515602585874,0.059913994452372214,-0.03634322521749356,5.65162453698629
2026-09-01 03:10:00,14.542962175857959,14.27952499730516,14.202867820305658,12.226619127494182,16.179116513117133,-0.18243496426266023,0.0006818130073404833,-1.9233177896748825,1.9246814156895635,0.5023102278491844,0.07597536399216231,1024.7554756680438,1024.9123476910645,1024.862824319184,0.05281732976857404,0.00023937690784070644,0.0492839949727113,91.00656544457578,89.17401346906891,89.08834102439043,0.007012443429045705,-0.0010963575397727062,0.08676880221825911,4.284634746738021,4.2230817487972,4.0824097656848455,0.06498006137546793,0.05991399445237227,0.08075798865998252,1.8505818436157178
2026-09-01 03:15:00,15.225439684613724,15.08168653531032,14.92952176356915,12.953229333831317,16.905814193306984,-0.16963748466646236,0.0006818130073404833,-1.9233627143155985,1.9247263403302795,1.00152780478561,0.15148295873382978,1024.7572935236103,1024.9077860193206,1024.891147687532,0.04182826927497131,0.00023937690784075195,0.016398954880742167,91.09769732838892,92.52097742360911,91.75908463903167,-0.01755606201128356,-0.0010963575397725368,0.7629891421172204,4.387471370734973,4.411022325616532,4.376744053024071,0.06394418242899728,0.05991399445237229,-0.02563572185991081,5.542721766761856
2026-09-01 03:20:00,15.51811785878178,15.28156854632943,15.314466529391431,13.338130363695154,17.29080269508771,-0.16592527645186078,0.0006818130073404833,-1.9234076379073908,1.9247712639220718,-0.2220124278241027,-0.03357979606934158,1024.865531475913,1025.114248772337,1025.0663344569105,0.04482358277348785,0.0002393769078410166,0.04767493851886684,90.9312283022364,91.1930317802318,91.66085019838286,-0.004073619182206164,-0.0010963575397724332,-0.4667220606112892,6.0907710003097275,6.141121345514862,6.0169595969078316,0.05534958519451712,0.05991399445237233,0.06424775415465778,2.0809492108292105
2026-09-01 03:25:00,15.370863755491294,15.210963411271122,15.289402525777007,13.313022625090131,17.265782426463883,-0.166070242771561,0.0006818130073403428,-1.9234525604503327,1.9248161864650133,-0.5231070841714729,-0.07912092751322497,1024.6355594510394,1024.4980992778203,1024.6529398719233,0.015535134596186842,0.00023937690784058617,-0.15507997101076398,90.35519630056527,90.91786811298665,91.14389052592463,0.03515038054258467,-0.0010963575397723833,-0.22492605539821398,9.242839047552584,9.199696541811415,9.081058320303704,0.06214331690025833,0.05991399445237229,0.05872422705533786,4.0945986563476
2026-09-01 03:30:00,15.339161562261973,15.049599571782446,15.093609435688611,13.11718580097892,17.070033070398303,-0.15288578317550122,0.0006818130073403428,-1.9234974819444974,1.924861107959178,-0.2954784976838063,-0.04469167691350506,1024.88498547489,1024.922393459209,1024.8072079527562,0.0133236665741943,0.00023937690784058617,0.11494612954493277,90.90364263164507,91.17492924428942,91.1172069624462,0.030485625509564223,-0.0010963575397723833,0.05881863938297727,3.4761786613049312,3.6060348195925043,3.928461445731923,0.05909663856270177,0.05991399445237203,-0.3823406205917905,22.56014013814027
2026-09-01 03:35:00,15.351571393574291,15.427629623290144,15.353755419995908,13.37728805223112,17.330222787760697,-0.145676654275291,0.0006818130073404728,-1.9235424023899585,1.9249060284046395,0.4839106298408744,0.07319239028689672,1024.50069550738,1024.596121579543,1024.649595922148,0.010853588255138172,0.0002393769078404371,-0.053713719512643365,91.363928264764,91.86062012415383,91.69908183703575,0.03767765047416493,-0.0010963575397723833,0.1626346446578424,1.142051927053864,1.5528081183874578,1.3368818691107909,0.0653016475536934,0.059913994452371916,0.15601225482429504,4.497132637846349
2026-09-01 03:40:00,14.970650311988845,15.131325091295455,15.192535413195435,13.216024313343206,17.169046513047665,-0.12397820490652049,0.0006818130073405828,-1.92358732178679,1.924950947801471,-0.40919912394989844,-0.061892134907319374,1024.5293833746312,1024.5902055583924,1024.581209254635,-0.005520061988269199,0.0002393769078404614,0.008756926849628144,90.4418627542184,90.54600338216643,90.84977483806763,0.0416784568312386,-0.0010963575397723833,-0.30267509836143347,4.554600273784918,4.249863308053847,3.966558842651658,0.038007603704456064,0.05991399445237207,0.22339047094981712,8.005067811939753
2026-09-01 03:45:00,15.367586918655158,15.210032760391586,15.191894878984005,13.215340048011925,17.168449709956086,-0.1308760938412476,0.0006818130073406138,-1.9236322401350645,1.924995866149746,0.11541059146989596,0.017456068400241165,1024.5710435442772,1024.4245894009548,1024.4420402921428,-0.016659252052141152,0.0002393769078405105,-0.01769026809574825,91.8162488472792,92.07472750099886,91.73660007841828,0.0417415795537131,-0.0010963575397723833,0.33922378012034926,4.876967184147759,5.061582882013368,5.093132672306797,0.03805965632340553,0.05991399445237213,-0.09146378474580086,1.8521057166796995
2026-09-01 03:50:00,15.568117221695795,15.153498719038387,15.155959116428027,13.179360555303623,17.13255767755243,-0.13732061851916022,0.0006818130073406193,-1.923677157434856,1.9250407834495373,-0.020774687181750906,-0.0031422103969802606,1024.1544021902505,1023.7886615451266,1023.9081762914172,-0.006943361690362257,0.0002393769078405105,-0.1197541231985042,90.51811103183287,90.60780836804501,90.92848473388653,0.0036145872337893722,-0.0010963575397723124,-0.3195800083017559,2.362136264254547,2.4472474684723102,2.546349121717437,0.033463603335830726,0.05991399445237202,-0.15901564769749887,5.7321462242250565
2026-09-01 03:55:00,16.275414135406393,16.013808243828684,15.878523807957613,13.901881517648345,17.85516609826688,-0.1568372575150304,0.0006818130073408584,-1.9237220736862375,1.9250856997009194,0.8899236621854509,0.1346026228637296,1024.0396574361403,1024.0875266599714,1023.9568337259128,-0.004174820701462707,0.00023937690784087257,0.13045355715075857,90.84502934624243,90.4005660500811,90.4151718234586,0.04241014829409062,-0.0010963575397723124,-0.013509415837745564,6.574867775284536,6.643827940618467,6.280115874007632,0.022831016470517947,0.05991399445237181,0.3037980721584628,16.983183026371982
2026-09-01 04:00:00,16.09350960878459,15.89343990848838,15.979294445119027,14.002608426592294,17.95598046364576,-0.16327196827561669,0.0006818130073408584,-1.9237669888892828,1.9251306149039646,-0.5721340605670253,-0.08653634963798851,1024.0122614682834,1023.98643315584,1023.9584101505424,-0.002953360696974777,0.00023937690784087257,0.0277836283897841,90.48029925005899,90.4957414240669,90.383940477224,0.05274198617964988,-0.0010963575397723124,0.11289730438267043,11.26492124850817,11.543773225922518,11.44887014663989,0.017298606452119954,0.05991399445237179,0.03498908483025609,1.1183772997119805
2026-09-01 04:05:00,15.35760637098415,15.309913726503712,15.4390656347621,13.462335888985235,17.415795380538963,-0.14880041986108,0.0006818130073406278,-1.9238119030440657,1.9251755290587471,-0.8583941252090881,-0.12983372126572768,1024.3686260135103,1024.2843482342762,1024.2045636432647,0.000722809710209495,0.00023937690784087257,0.07954521410374582,90.87823458055524,91.16367307749434,90.9826331496202,0.06656283832974011,-0.0010963575397723124,0.18213628541390392,9.389722685158421,9.416073487732762,9.677614479903283,0.011561575009193439,0.05991399445237135,-0.32145498662289285,17.403107509441966
2026-09-01 04:10:00,16.30243624405484,15.971532990143555,15.82857710250071,13.851803630440983,17.805350574560435,-0.12930060927714798,0.000681813007340375,-1.9238568161506588,1.9252204421653394,0.9406433755890191,0.14227407463550534,1024.035471194988,1024.1518973403108,1024.199161116246,0.0018343407655965775,0.00023937690784087257,-0.04750315284286444,89.95953769772433,90.08631199467987,90.33922671648234,0.03833500131384473,-0.0010963575397723124,-0.25181836426270365,2.576986994401425,2.7321374900338236,2.8703827584431147,0.011081717060687628,0.059913994452371486,-0.19815926286166263,8.321504883699605
2026-09-01 04:15:00,16.131925493250048,15.86319699776577,15.89452231389215,13.917705116516766,17.871339511267532,-0.11489603175584796,0.000681813007340375,-1.9239017282091355,1.925265354223816,-0.21161475882649405,-0.03200712913371895,1024.4419577502351,1024.451968511032,1024.4055553933008,0.01674869151989635,0.00023937690784087257,0.04617374082340575,90.54611734511258,89.38616194629415,89.50108194090795,0.022262287384221306,-0.0010963575397723124,-0.11382363707403442,7.936695701664092,8.148863542983275,7.543015314400079,-0.0025915475521619304,0.059913994452371486,0.545934234130824,42.93944456592952
2026-09-01 04:20:00,16.131474796320735,16.091801114138406,16.076256433313397,14.099395511589497,18.053117355037298,-0.1418089097540895,0.000681813007340375,-1.9239466392195697,1.9253102652342502,0.09826567623625415,0.014862867817669212,1023.9146159812086,1023.7349665649938,1023.920136680807,0.018229841700340137,0.00023937690784087257,-0.1854094927210781,90.27304719191991,89.21315544749753,89.13127439684706,0.01609759046434406,-0.0010963575397723124,0.08297740819023147,6.072619982207524,5.9218816123437765,6.193104971295806,0.0005711902504352065,0.05991399445237126,-0.33113735340440087,19.535870818285385
2026-09-01 04:25:00,16.766281155497914,16.828501190341647,16.739357045148502,14.762452400043163,18.71626169025384,-0.1255617315641785,0.000681813007340375,-1.923991549182034,1.9253551751967146,0.5848676715902954,0.08846233218580579,1023.9690866678632,1023.6801001088332,1023.670511399116,0.0007312843345151331,0.00023937690784087257,0.009349332809392763,90.92952209932946,91.7581984726562,91.15819977648378,-0.03759677380636575,-0.0010963575397723124,0.6010950537121857,4.277484488857837,4.38147286520447,4.312362736287785,0.014233338102493087,0.05991399445237125,0.009196134464314554,2.706344915080378
2026-09-01 04:30:00,17.056410272534002,16.778951952586606,16.859141155694154,14.882192788174388,18.836089523213918,-0.15313951091325956,0.000681813007340375,-1.9240364580966023,1.9254000841112828,-0.5346777744329749,-0.08087101611488734,1024.116072384248,1023.9670207383909,1023.8420265576588,0.020292843913008056,0.00023937690784087257,0.1247548038243167,90.3208566128396,89.9785834009446,90.47508801216667,-0.0966779751882845,-0.0010963575397723124,-0.49540825368229946,4.850793966793847,4.792600307702628,4.632784226760609,0.01704262307197135,0.05991399445237132,0.0999020864896476,5.111691278564448
2026-09-01 04:35:00,17.141904582409317,16.735593420567696,16.78419585184056,14.807203762873318,18.761187940807805,-0.13966775105142434,0.000681813007340375,-1.924081365963348,1.9254449919780285,-0.3258422029583059,-0.04928424428020506,1024.1302953635711,1024.513984134907,1024.3708313487477,0.024736927120954204,0.0002393769078404759,0.14291340925160512,90.79803031368287,91.14810643855098,90.99088600998485,-0.11770415276063437,-0.0010963575397723124,0.1583167861058996,7.570162180241361,7.555490155489654,7.393882214014205,0.02513250916426144,0.05991399445237125,0.10169394702307777,4.137630400184836
2026-09-01 04:40:00,16.562017875736128,17.073656997043717,17.02550374581376,15.048467936365924,19.0025395552616,-0.14518451894999018,0.0006818130073404594,-1.924126272782344,1.925489898797025,0.31385685697261323,0.04747143822261535,1024.0845756137314,1024.2106580121726,1024.3298421200698,0.017665882351413392,0.0002393769078404759,-0.11942348480488363,89.10218236348703,88.12907050977397,88.75342424656922,-0.09941592593515072,-0.0010963575397723124,-0.6232573792554916,4.448497107080851,4.387956821847751,4.593117376594218,0.03607813371039939,0.05991399445237125,-0.26507454919883866,13.849831226689872
2026-09-01 04:45:00,16.905209183583377,16.92722351176014,16.970743007148812,14.993663478187202,18.947822536110422,-0.13464651924098234,0.0006818130073405379,-1.9241711785536642,1.9255348045683451,-0.292236431982392,-0.044201308396011996,1023.9039830588067,1023.9348999718349,1024.043509012949,0.0026250617318731694,0.0002393769078404759,-0.10884841802192113,90.10482242053847,88.80402998463855,88.49275857510104,-0.12227573458269865,-0.0010963575397723124,0.3123677670772764,3.759118332756694,3.9488854828180013,3.771482788126718,0.04844302883224116,0.05991399445237133,0.117488700238912,3.9981233947874273
2026-09-01 04:50:00,17.29541088694818,17.08737689013537,17.067639133408623,15.090515885899993,19.044762380917252,-0.15463324445940083,0.0006818130073405717,-1.9242160832773816,1.9255797092920626,0.125988148376166,0.01905594371940822,1023.8251879215397,1023.8053148148452,1023.82112482323,0.007376032383369715,0.0002393769078404759,-0.0160493852926038,84.81551026216711,83.98269905564337,84.74380167506956,-0.15793391649837363,-0.0010963575397723124,-0.7600062618864314,4.53452417918933,4.62616200765526,4.5068156280226965,0.06714441576045421,0.05991399445237129,0.05943238518019278,3.539321765147601
2026-09-01 04:55:00,17.689900949285406,17.726641474422767,17.63812679418021,15.660959829091256,19.615293759269164,-0.13706572996880861,0.0006818130073404157,-1.9242609869535696,1.9256246129682506,0.5807059714530567,0.08783286723521755,1023.7108399067666,1023.6797009340983,1023.6653052169024,0.005969968323677209,0.0002393769078404759,0.014156340287968305,84.30677578891502,83.94227581793619,83.53189664594298,-0.18644791436169209,-0.0010963575397723124,0.4114755295329786,5.116569376343216,5.297084982415914,5.243140433793498,0.06215239577769491,0.05991399445237129,-0.005969445829955511,1.7135564230237168
2026-09-01 05:00:00,17.24749912846869,17.063567451365422,17.222737089103322,15.245526407400671,19.199947770805974,-0.15904035116038195,0.0006818130073401317,-1.9243058895823022,1.9256695155969823,-1.056855991557299,-0.15985145074524,1023.6906852308248,1023.8906243580847,1023.8014582054442,0.024859729756066113,0.0002393769078404759,0.08892677573260244,89.6371355841729,88.90263844557359,87.5346706118862,-0.20238489917177802,-0.0010963575397723124,1.369064191227153,2.517912855541928,2.567625202599287,2.659204408566642,0.054967555926083746,0.05991399445237119,-0.15149320041972603,16.490848175506287
2026-09-01 05:05:00,17.507040929329634,17.51140513232649,17.42880049181994,15.451546094470153,19.406054889169724,-0.16906717482317962,0.0006818130073401317,-1.9243507911636513,1.9257144171783314,0.5416318130627715,0.08192282749921276,1023.444863623096,1023.3919831041986,1023.4923007254432,0.02070884238806418,0.0002393769078404759,-0.10055699815245589,85.83468862679923,86.65506548241333,87.31368076596746,-0.21476996287048164,-0.0010963575397723124,-0.6575189260143617,8.36235859810983,7.943924506778064,7.527309120052065,0.06280221240933109,0.05991399445237094,0.35670139227362796,22.213392571460375
2026-09-01 05:10:00,17.28349594833533,17.131335993650858,17.194379152597314,15.217081040566894,19.171677264627736,-0.18403859423971514,0.0006818130073401317,-1.924395691697691,1.925759317712371,-0.4213169045836409,-0.06372497195379623,1023.3601108325206,1023.4573091670351,1023.4203765488995,0.010660272911874578,0.0002393769078404759,0.03669324122768103,88.60675414665651,88.61139607584323,88.45715869431288,-0.13897671204325215,-0.0010963575397723124,0.15533373907011594,5.82437152184343,5.903666921279248,6.165249756251157,0.06988487460590509,0.05991399445237094,-0.32149682942428015,15.451728444331382
2026-09-01 05:15:00,17.394801126662454,17.202702639263915,17.175160985034207,15.197819159289589,19.152502810778827,-0.2103528670320526,0.0006818130073401317,-1.9244405911844944,1.9258042171991745,0.17758352517788722,0.026859841222368175,1023.439367174571,1023.408512809558,1023.3858221929531,0.021409827530705722,0.0002393769078404759,0.022451239697033998,87.10710353880933,88.4841894436126,88.66915933222892,-0.10206499004619601,-0.0010963575397723124,-0.18387353107654292,5.508591012248728,5.605294026397835,5.481758351532841,0.07764162760206199,0.05991399445237094,0.06362168041262262,0.8837888357755218
2026-09-01 05:20:00,18.348013840289447,18.11636251312506,17.96640784215198,15.989022303659533,19.94379338064443,-0.20893495351822558,0.0006818130073401317,-1.9244854896241346,1.9258491156388147,0.9869157494816996,0.14927285796574097,1023.3731526111092,1023.6966893161277,1023.6134932742473,0.032513210243307694,0.00023937690784070617,0.0829566649725848,82.5404254591193,82.7977540862601,84.02172993710731,-0.06619789611633553,-0.0010963575397723124,-1.2228794933074454,1.7805133916957403,1.949826624986343,2.02346212419675,0.0965344521445645,0.05991399445237103,-0.13354949366277813,13.353664209115253
2026-09-01 05:25:00,18.71762143761248,18.24630155416919,18.30022086370114,16.32279161342717,20.277650113975106,-0.18184361675067115,0.0006818130073402288,-1.9245303870166852,1.9258940130313658,-0.3609946812016709,-0.05460112253928884,1023.2913141237999,1023.4371944265913,1023.5072053653315,0.03453702665463004,0.00023937690784090116,-0.0702503156480816,78.56351022696948,76.60817198926686,77.4084964527642,-0.025297583366767178,-0.0010963575397723124,-0.7992281059575674,5.294818897886882,5.213348291013709,4.8519289416945615,0.09664815123254945,0.059913994452371444,0.30150535486677654,17.11884204324555
2026-09-01 05:30:00,18.300780592257325,18.54655953372008,18.567567810577845,16.5900948494886,20.54504077166709,-0.141840038415871,0.0006818130073401903,-1.9245752833622194,1.9259389093769,-0.1434037747200989,-0.021690089865103346,1023.4262182466595,1023.6557050800886,1023.6156590656256,0.04265331122672894,0.00023937690784090116,0.039806637555216184,82.54163506109914,83.32621203247253,81.05926513249364,-0.06025631379345891,-0.0010963575397723124,2.2680432575186558,1.9748418393870102,1.717110641216368,1.9502041653354327,0.1009097168290113,0.059913994452371645,-0.29300751857143625,38.91042741109305
2026-09-01 05:35:00,18.887728302131578,18.55903881646845,18.60350639289373,16.62598972195539,20.581023063832074,-0.14038270160957728,0.0006818130073402705,-1.9246201786608104,1.925983804675491,-0.29850465863499664,-0.04514938943261981,1023.429390049998,1023.3839296495726,1023.4502539248487,0.04220106577782209,0.00023937690784090116,-0.06656365218395877,74.64271167283447,73.33203129954049,75.06270504223049,-0.10303907531801229,-0.0010963575397723124,-1.729577385150236,1.5746437514898528,1.8531315792723129,1.6446366150333893,0.09110583431417656,0.05991399445237154,0.1485809697865521,19.231741925030768
2026-09-01 05:40:00,18.78990422860252,18.394267030856835,18.437681752882817,16.46012137306149,20.415242132704144,-0.12363248248356444,0.0006818130073402705,-1.9246650729125316,1.9260286989272122,-0.291543724123958,-0.044096535033322226,1023.2655861607227,1023.4693140245978,1023.4441349834339,0.04500744698993305,0.00023937690784090116,0.024939664256066862,80.20264853390084,80.24529593214821,78.44009098278174,-0.14177953552170428,-0.0010963575397723124,1.806301306906235,4.760971653496142,4.791348732089827,4.597219805553432,0.11245904555393613,0.05991399445237154,0.13421493208402335,19.611712983096435
2026-09-01 05:45:00,18.548272582285115,18.385549542819206,18.37452331600104,16.39691922826278,20.352127403739296,-0.12015106291463638,0.0006818130073402522,-1.9247099661174558,1.9260735921321364,0.06839197057112756,0.010344413810827291,1023.4421023627178,1023.4542030864893,1023.4442472531638,0.05898733758070013,0.00023937690784090116,0.009716456417663721,79.4894718058915,78.77465273890554,78.98191695173043,-0.09507182085487995,-0.0010963575397723124,-0.20616785528511627,3.9488276066556747,4.109294417303018,4.215695365002323,0.10909359634184501,0.05991399445237154,-0.16631494215167653,4.187068872421585
2026-09-01 05:50:00,19.114016160650873,18.80905398295566,18.73161574783421,16.753967953145008,20.70926354252341,-0.1126678149931132,0.0006818130073403886,-1.9247548582756564,1.9261184842903374,0.5074741844607118,0.07675642211411215,1023.0192999414762,1023.1022963226551,1023.1764493089087,0.06649115758895817,0.00023937690784090116,-0.0743923631614507,81.07885601848311,82.67880131258869,82.10974157654216,-0.11422353346576714,-0.0010963575397723124,0.5701560935862915,5.184900324183848,5.206473737277595,5.0729793555385605,0.10601143706023672,0.05991399445237154,0.07358038728666294,3.683033744034578
2026-09-01 05:55:00,19.749806522059007,19.621663919186933,19.528727664471283,17.551036163797058,21.50641916514551,-0.11780004476002177,0.0006818130073403886,-1.9247997493872069,1.9261633754018879,0.6099391592171983,0.09225444170830954,1023.1335291533795,1023.4432461683014,1023.3414543548636,0.06445986432896668,0.00023937690784090116,0.1015524365299143,77.53602372844594,78.5296810705459,79.71415115948457,-0.1580209998441422,-0.0010963575397723124,-1.183373731398902,1.6813841312664028,1.7821095216844787,1.9136392157286393,0.10254393815015429,0.05991399445237154,-0.19144368849653204,14.475437430158472
2026-09-01 06:00:00,19.287320801708695,19.309999680542365,19.44894981182231,17.471214606128925,21.426685017515695,-0.11487389087868274,0.0006818130073406366,-1.92484463945218,1.9262082654668615,-0.9231749617837259,-0.13963194428728443,1023.029031042045,1022.9533029984116,1023.0522014219422,0.08068821488008049,0.00023937690784117633,-0.09913780043848419,79.14458218491242,78.37801980469918,78.42545165085846,-0.17310586685183565,-0.0010963575397723124,-0.04633548861951908,4.129929010637735,4.091238385820703,3.7816519586306985,0.09609497956371091,0.05991399445237154,0.24967243273763318,12.063421201656817
2026-09-01 06:05:00,20.096421210384435,20.188670080180692,20.08551041841359,18.107731508666838,22.063289328160344,-0.10681171030958632,0.0006818130073406366,-1.9248895284706495,1.926253154485331,0.6775310950181179,0.10247784875976151,1022.8325046839133,1022.9153017940156,1022.9053444222883,0.052309950406582345,0.00023937690784117633,0.009717994819425257,76.45685069202469,76.17350749706594,76.37173233446012,-0.18145706046184762,-0.0010963575397723124,-0.19712847985441329,2.4106908376991267,2.2090663700282125,2.3266443604153095,0.08880060907523442,0.05991399445237154,-0.1774919848394685,5.816237667663961
2026-09-01 06:10:00,18.59335840579361,18.640815943875214,18.939347501202477,16.961524888368086,20.917170114036868,-0.11548860624273129,0.0006818130073406366,-1.9249344164426883,1.9262980424573697,-1.9782456882180917,-0.29921337033460205,1023.0779669042747,1023.2206025231961,1023.1143645681718,0.07693483014364556,0.00023937690784147053,0.10599857811644142,80.84020195598782,80.86381781582466,79.63299149693171,-0.17206259588253794,-0.0010963575397723124,1.231922676432717,11.471864386826274,11.69754745130321,11.1488814883861,0.08356356624633916,0.05991399445237154,0.48875196846473834,52.6064021405545
2026-09-01 06:15:00,20.142416407397914,19.96463897569965,19.68141616904274,17.70354985408638,21.659282483999103,-0.1166510207411261,0.0006818130073411385,-1.9249793033683693,1.9263429293830516,1.8680164653306441,0.28254099364956886,1023.0519379974638,1023.1864019755889,1023.1908512683302,0.05646332100495674,0.00023937690784148354,-0.00468866964922654,76.30746283681505,76.83491478390671,77.7518524123928,-0.16327931015761643,-0.0010963575397723124,-0.9158412709463164,4.991376798439492,4.880346378937486,5.531365331762652,0.06990560696582972,0.05991399445237154,-0.7109329472775379,84.87475358048015
2026-09-01 06:20:00,20.022504705429164,19.914895598435393,19.948001143091783,17.970091126979053,21.925911159204514,-0.11752747252608842,0.0006818130073411986,-1.925024189247766,1.9263878152624483,-0.2233847188707223,-0.03378735766372998,1023.2789859073051,1023.2603064404487,1023.2628522078812,0.04893820710768919,0.00023937690784148354,-0.002785144340350598,75.97847482399393,75.80953072396076,76.0179047907669,-0.1922656298931892,-0.0010963575397723124,-0.20727770926637845,5.931205674485592,6.042443546517233,5.6479085157742555,0.06205242776319733,0.05991399445237154,0.33462103629060547,16.319193141511757
2026-09-01 06:25:00,20.04366938064886,20.020113768062227,20.05412029739203,18.07616658108847,22.03207401369559,-0.10513142276613055,0.000681813007341137,-1.9250690740809515,1.9264327000956338,-0.2293415684704989,-0.03468834233714091,1023.1302813444682,1023.4916681562748,1023.4569918510916,0.04844719668534836,0.00023937690784148354,0.034436928275340506,74.22037155303559,73.23218797737569,73.48201006560664,-0.16826765615520933,-0.0010963575397723124,-0.24872573069119142,3.450838922929554,3.655519048377851,3.7229876824161505,0.08154205887767352,0.05991399445237154,-0.12738262849067095,2.892642322539988
2026-09-01 06:30:00,20.37704273651267,19.90436334638371,19.94779519815033,17.969797782621416,21.925792613679246,-0.12112190534054576,0.0006818130073412154,-1.9251139578679992,1.9264775838826815,-0.29165697720323536,-0.044113664773959727,1022.8676268838578,1022.7200765296934,1022.9202649876596,0.04668942863661042,0.00023937690784148354,-0.20042783487406268,75.74308151557483,74.97839517437832,74.24771750989531,-0.19063942983646487,-0.0010963575397723124,0.7317740220227762,1.7351770858265467,1.6480318814597095,1.5849870027035258,0.0888986103140872,0.05991399445237154,0.0031308843038122536,7.436109773580449
2026-09-01 06:35:00,19.72377959186551,19.716001493419824,19.74115144331493,17.76311032952607,21.71919255710379,-0.12189503846966053,0.0006818130073411695,-1.925158840608982,1.9265224666236642,-0.1707863974249939,-0.025831762902445377,1023.2868453883544,1023.5644445577663,1023.3486990998214,0.05876636111692908,0.00023937690784148354,0.21550608103700597,75.54286804563237,75.34317350690979,75.12361174981602,-0.19610910162114137,-0.0010963575397723124,0.22065811463353668,10.614195139414413,10.35118710118388,9.816571177903132,0.09815765208136439,0.05991399445237154,0.47470192882837736,37.65008586288208
2026-09-01 06:40:00,20.6107320341236,20.226057220172965,20.124833732483776,18.146748921400324,22.102918543567228,-0.09321495643387007,0.000681813007340991,-1.9252037223039729,1.9265673483186547,0.6647301028131736,0.10054167468184971,1023.1812173538256,1023.4095495163579,1023.438770151059,0.04607232169360627,0.00023937690784148354,-0.02946001160898959,71.75720747164704,72.57270104550527,73.19331392036213,-0.17207200915352394,-0.0010963575397723124,-0.6195165173170949,3.193957436780252,4.031712860891702,4.63431402167757,0.10992973995553354,0.059913994452372,-0.66251515523824,65.76718478875301
2026-09-01 06:45:00,21.02248596749513,21.354801233131347,21.21083314826727,19.232704640854504,23.188961655680036,-0.075754054145081,0.0006818130073412455,-1.925248602953045,1.9266122289677272,0.947335505644201,0.1432862718567378,1023.0765307339881,1023.410865575932,1023.4443956444547,0.049201523503403025,0.00023937690784148354,-0.03376944543060745,70.61220634020759,70.75994087034485,70.99102439585445,-0.19453575829157588,-0.0010963575397723124,-0.22998716796983842,4.083781154958759,4.0537206777742885,3.7307542578535555,0.12827108559915745,0.05991399445237237,0.2630524254683606,12.444165959505222
2026-09-01 06:50:00,21.653006225190293,21.516586839850202,21.612092859709975,19.633920656933114,23.590265062486836,-0.05551636841175042,0.0006818130073414164,-1.9252934825562713,1.926657108570954,-0.6359447287252635,-0.09618783286711263,1022.9481849317943,1022.7522138453129,1022.9168706035082,0.04226297832476598,0.00023937690784148354,-0.16489613510316303,67.14094289727913,66.3077478978702,66.8405442417479,-0.21446305811691568,-0.0010963575397723124,-0.5316999863379408,5.634302130607105,5.931884138272171,5.7640581501856385,0.11055686008471902,0.05991399445237229,0.10791199363416037,7.123458691354001
2026-09-01 06:55:00,21.037836127530827,20.94571120128283,21.12133612139002,19.14312022421422,23.09955201856582,-0.05514989080907991,0.0006818130073411032,-1.9253383611137258,1.9267019871284081,-1.165649897922691,-0.17630673311452938,1022.8329315171095,1022.7484114640029,1022.7082720436276,0.04580467007681498,0.00023937690784148354,0.03990004346735532,69.70453066128357,70.02947420707375,68.71566334787015,-0.1937546763776561,-0.0010963575397723124,1.3149072167433644,0.8697549170662046,1.5498520108690954,1.7766607313116927,0.0982580289318536,0.05991399445237249,-0.2867227148949698,24.080701925554788
2026-09-01 07:00:00,21.106050198022558,20.9017738508212,20.887158954562654,18.908899363953005,22.865418545172304,-0.05033492735378956,0.0006818130073410536,-1.9253832386254806,1.9267468646401629,0.0921184164813873,0.013933083251206568,1022.9174113974401,1023.1862302592737,1023.0222167141987,0.04502740295924046,0.0002393769078419381,0.16377416816703771,72.34101089398101,71.80764768531965,71.29092123272062,-0.22377533755883178,-0.0010963575397723124,0.5178228101387958,7.0907265827701025,7.417919699149177,6.911125720340473,0.09022079232290675,0.05991399445237249,0.4468799843563316,32.88248828967609
2026-09-01 07:05:00,21.413975435663193,21.25268004443881,21.15926351388391,19.18096023080544,23.137566796962382,-0.03530138485324568,0.0006818130073408889,-1.9254281150916095,1.9267917411062914,0.6131144972947986,0.09273471754756102,1023.1346077932902,1022.8991945508872,1022.9567132667186,0.04614263079143619,0.0002393769078419381,-0.057758092739277345,69.53596866387267,70.01105200963717,70.6515541693633,-0.23724305838497425,-0.0010963575397723124,-0.63940580218636,4.82346426235603,4.818854914065775,5.121358774924617,0.08552349435801078,0.05991399445237249,-0.3624178553112145,22.12384355872462
2026-09-01 07:10:00,22.16691580969107,22.609836971609436,22.416820279126078,20.43847330454375,24.395167253708408,-0.011897551910281717,0.0006818130073415722,-1.9254729905121846,1.9268366165268678,1.2716197995827798,0.19233487947601802,1023.2536437718152,1023.052218469461,1023.0301335614253,0.03954353280186404,0.0002393769078419381,0.021845531127837603,66.78163901349981,68.58545526600922,69.00052903671644,-0.217792082153473,-0.0010963575397723124,-0.4139774131674585,3.140451831080241,3.2028347152718664,3.116112870033674,0.08251780045215829,0.05991399445237249,0.02680785078581982,4.949628016616073
2026-09-01 07:15:00,22.11909668915737,22.265999031278504,22.44900470519864,20.47061404007735,24.42739537031993,-0.04117159560352501,0.0006818130073418985,-1.9255178648872797,1.9268814909019634,-1.214447665181325,-0.18368748692747872,1023.2036554259536,1023.1638320233476,1023.1447474677013,0.03342276540071105,0.00023937690784188578,0.018845178738388313,65.71691616686078,65.28395622340273,65.77520099890201,-0.14589884670321387,-0.0010963575397723124,-0.49014841795951725,1.3869108145253017,1.2151766735277452,1.155912306654212,0.07804802492409788,0.05991399445237249,-0.0006496275788394623,4.8434682331275996
2026-09-01 07:20:00,21.963216107296237,21.592472403057396,21.754425821165444,19.775991466470032,23.732860175860857,-0.06090321520927269,0.0006818130073418985,-1.9255627382169682,1.9269263642316519,-1.075260922821041,-0.16263523111539158,1022.9015492531279,1022.9672183569902,1023.0279262966155,0.03687003556904017,0.00023937690784188578,-0.060947316533201956,65.27798254706617,65.79455698581074,65.26870242708372,-0.12470968903651775,-0.0010963575397723124,0.5269509162667845,2.316095147062216,2.660845189204957,2.451711818947959,0.08024111405541842,0.05991399445237249,0.14921937580462563,7.81603062379248
2026-09-01 07:25:00,22.56855150283611,22.828132529284925,22.584987468885533,20.606509425580764,24.5634655121903,-0.04126155368823298,0.0006818130073418985,-1.925607610501323,1.9269712365160065,1.603042916057845,0.24246324739204894,1022.8110750334384,1023.0981034161239,1023.0709736566553,0.0481946216381127,0.00023937690784188578,0.026890382560736725,65.71780476077839,65.01332279781634,64.85280384807216,-0.10816729733186733,-0.0010963575397723124,0.16161530728395235,8.25754520087423,8.508020481254707,8.2566498493428,0.08059406796287058,0.05991399445237249,0.19145663745953456,11.663940260144852
2026-09-01 07:30:00,22.590717711524814,22.783951272528334,22.841795707026186,20.863273976076773,24.8203174379756,-0.04541489402476503,0.0006818130073417946,-1.9256524817404166,1.9270161077551002,-0.3869455988723587,-0.05852624750519553,1023.0056599717931,1023.0188853541813,1023.0334208674211,0.04101526962773853,0.0002393769078419268,-0.014774890147691622,62.22399354400105,62.04459328834469,62.47650382489674,-0.08958924190332179,-0.0010963575397723124,-0.43081417901227326,5.91969535794363,5.838733332476195,6.16015154841128,0.07336572001108808,0.05991399445237249,-0.38133221038745724,22.089085169562082
2026-09-01 07:35:00,23.128421822437907,23.016688624116615,23.03745679901466,21.058891381385244,25.016022216644075,-0.055490705863636185,0.0006818130073417946,-1.9256973519343226,1.9270609779490062,-0.14181634342982008,-0.021449987905388213,1022.7260709160091,1022.6654251028923,1022.7430002513959,0.03059005909286361,0.0002393769078419268,-0.07781452541144063,62.75783665373113,62.65433558173314,62.25019057402607,-0.12715090149566852,-0.0010963575397723124,0.4052413652468445,2.9493082337007297,2.6882660238124085,2.6543190792026365,0.05161023224121239,0.05991399445237249,-0.025967049842600343,1.6636134098858246
2026-09-01 07:40:00,22.64957161206507,22.63660787980247,22.729535214804656,20.75092611145982,24.708144318149493,-0.07430312066857024,0.0006818130073416283,-1.9257422210831137,1.9271058470977969,-0.6188957840371216,-0.09360914800953068,1023.0478510939939,1023.1325111657294,1022.9989603051692,0.03795158108092565,0.0002393769078419268,0.13331148365227818,62.559789942049335,62.28173799837196,62.145899128740524,-0.12310501564187173,-0.0010963575397723124,0.13693522717120743,1.4326574741002702,1.0779688979885882,0.933650579774969,0.04168154518742541,0.05991399445237249,0.08440432376124674,4.020495871152537
2026-09-01 07:45:00,22.989025625173365,22.90340843809742,22.84428358161168,20.865630793515937,24.822936369707424,-0.08262837119173189,0.0006818130073416283,-1.9257870891868627,1.927150715201546,0.3863954964251377,0.058443043478394685,1022.9864299967658,1023.0944310036242,1023.0974298965504,0.03756153436423338,0.0002393769078419268,-0.003238269834014318,64.71603218145835,66.56229628974471,65.65421384638931,-0.12414684273364579,-0.0010963575397723124,0.9091788008951625,5.957213059620569,6.289356419416129,5.930273206217472,0.036189158654299655,0.05991399445237249,0.2991692187462842,17.3809810354371
2026-09-01 07:50:00,23.153130033928267,23.443982104374566,23.36110951359609,21.382413041713892,25.33980598547829,-0.10366391044308926,0.0006818130073414822,-1.9258319562456436,1.9271955822603264,0.5434033631425166,0.08219077777113526,1022.9489379053017,1023.0626513905993,1023.0931526035602,0.047527511972064805,0.00023937690784184146,-0.030740589868742063,64.1279670134165,63.769801169853196,64.62594184521026,-0.11289138382059932,-0.0010963575397723124,-0.8550443178173026,5.069511942807532,5.139342245780423,5.364512247523054,0.03371836428622246,0.05991399445237249,-0.285083996195004,16.173425144273327
2026-09-01 07:55:00,22.914551754793717,22.682996220643197,22.850575631181517,20.87183547647725,24.829315785885782,-0.0722974963521021,0.0006818130073414822,-1.9258768222595282,1.927240448274211,-1.11245710578131,-0.16826122354565953,1022.7909100428398,1022.8008700570587,1022.8728558239509,0.036657945411611034,0.00023937690784204193,-0.0722251438000967,64.31358203818024,64.6742496672242,64.64823254549921,-0.10881360198394384,-0.0010963575397723124,0.027113479264755824,3.9599491146965993,4.046866165289542,3.9949225631837524,0.022421689693117093,0.05991399445237249,-0.007970392346583033,3.589150180732086
2026-09-01 08:00:00,23.808408285016696,23.76497636984003,23.574624804954585,21.595840968392576,25.553408641516594,-0.0726340371318107,0.0006818130073418192,-1.9259216872285896,1.9272853132432732,1.2539993397309281,0.1896697518781032,1023.1193448613986,1022.8413866226174,1022.8166226651917,0.015304678306529863,0.00023937690784204193,0.024524580517777395,62.18052684169368,60.54093323296059,61.339640392932054,-0.0955241132743449,-0.0010963575397723124,-0.7976108024316915,3.6974809925691194,3.468110029838565,3.3731334986150814,0.01751362502815289,0.05991399445237244,0.035062536771111485,7.317178218417487
2026-09-01 08:05:00,23.984319061263122,23.82518669980631,23.867196275287736,21.888368757832247,25.846023792743225,-0.07350329525825146,0.0006818130073418192,-1.9259665511529018,1.9273301771675855,-0.28225361422690654,-0.04269138848876963,1022.9754220486625,1022.8466882796212,1022.821107396623,0.008908629324613851,0.00023937690784204193,0.025341506090285293,58.024797515921904,58.263969301521776,58.389862033485755,-0.10642546509581696,-0.0010963575397723124,-0.1247963744242071,2.7426698157735943,2.3098226359255696,2.2752657816097974,0.006203751143297027,0.05991399445237244,-0.025357140136600176,0.4361459415555812
2026-09-01 08:10:00,24.07172979063281,23.720439564578502,23.792843694846486,21.81397249746171,25.771714892231262,-0.06468214513073398,0.0006818130073416894,-1.9260114140325373,1.9273750400472205,-0.4832068566725063,-0.07308594327532703,1022.8936085668277,1023.1063616276313,1023.036956633768,-0.00028760198656634095,0.00023937690784204193,0.06916561695538803,60.14406057362273,60.95333009451673,59.90799161291635,-0.10437415298780421,-0.0010963575397723124,1.0464348391401543,5.889030369481499,6.182759999522802,5.9037700413590235,0.0049455576278136975,0.05991399445237275,0.21907596371140592,13.573434218961506
2026-09-01 08:15:00,24.165404069030505,24.553484752449766,24.437796983252888,22.45888210690296,26.416711859602817,-0.050246967591735435,0.0006818130073416894,-1.926056275867569,1.9274199018822522,0.7603605303363636,0.11500595618953469,1022.652683869173,1022.6795111470819,1022.7908992466496,-0.00123306278752994,0.00023937690784204193,-0.11162747647551896,58.517196129024114,57.94777010216107,58.402062809227075,-0.14734815279979893,-0.0010963575397723124,-0.45319634952623034,10.602514564061027,10.609340919504383,10.526073810356294,-0.005785355655812456,0.05991399445237275,0.023353114695716215,3.9211281507642535
2026-09-01 08:20:00,23.882328661865472,23.609956700801575,23.81453997787853,21.835581423527515,25.793498532229542,-0.03605864524341584,0.0006818130073416894,-1.9261011366580696,1.9274647626727528,-1.357107735349075,-0.20526509008429628,1023.094391040327,1023.0371375171021,1022.95399987353,-0.008875205358774615,0.00023937690784204193,0.08289826666418776,61.448978029175784,59.282255408813555,58.91558495247517,-0.1585449075299009,-0.0010963575397723124,0.3677668138781556,2.5020322720050268,2.759928267802796,3.2475413970653086,-0.014274402219517101,0.05991399445237275,-0.5475271237148855,48.69340663379809
2026-09-01 08:25:00,24.469056972009188,24.49312849342194,24.327057558393495,22.3480553270054,26.30605978978159,-0.01995431608480227,0.0006818130073416894,-1.9261459964041123,1.9275096224187955,1.0934682402412115,0.16538912202110012,1023.3798271760836,1023.547569456397,1023.4304162557223,1.699805726277509e-05,0.00023937690784204193,0.11691382376682213,59.30027827927541,59.15949113086983,59.134301713769005,-0.10986573334371838,-0.0010963575397723124,0.026285774640598447,5.472457181626085,5.329316000142008,4.809037650745296,-0.02736124352940849,0.05991399445237307,0.460364354944339,34.660815298046586
2026-09-01 08:30:00,24.68858428787021,24.311027167247477,24.365080749555347,22.386034842094112,26.34412665701658,-0.029416999346665113,0.0006818130073416894,-1.92619085510577,1.9275544811204532,-0.3618824240846692,-0.05473539531521254,1023.379032206378,1023.2060739064309,1023.334300638501,-0.0034408050918074196,0.00023937690784168536,-0.12846610897793198,59.11843242261638,59.03347206146807,59.09092497883002,-0.09870744145672943,-0.0010963575397723124,-0.05635655982217713,4.2995463407776695,4.199604737381506,4.281957458254995,-0.02889625048510633,0.059913994452373165,-0.14226671532586188,5.060507689896788
2026-09-01 08:35:00,24.692547975859686,24.578848866590047,24.56006528357223,22.580975701001734,26.539154866142724,-0.03388500142101803,0.0006818130073416894,-1.926235712763116,1.9275993387777992,0.1196796400919169,0.018101770010474638,1023.0774208434798,1023.0419835123163,1023.1174322150971,-0.0016351111065206077,0.00023937690784168536,-0.07568807968868896,58.489680268244605,58.96950063107491,58.9976070114711,-0.09943967776513711,-0.0010963575397723185,-0.027010022856423177,4.4886584634065825,4.665087188208142,4.554160753901114,-0.03756072818463031,0.0599139944523732,0.05101243985465498,1.0481799827202876
2026-09-01 08:40:00,25.13608436764547,25.198128605342777,25.12776307600324,23.148629819287297,27.106896332719185,-0.022349526589383897,0.0006818130073418132,-1.9262805693762224,1.927644195390906,0.46071307314581844,0.06968371633219306,1023.0719877275001,1023.0929079918709,1023.0682076314445,0.0002565035947707198,0.00023937690784175326,0.024460983518565627,54.009969291907275,55.58561635714179,56.23807823809656,-0.033075363096234975,-0.0010963575397723185,-0.6513655234150022,3.185143549656866,3.3763550880341473,3.3875158225059225,-0.02849288551787602,0.05991399445237325,-0.07107472892414846,3.4814117776425424
2026-09-01 08:45:00,25.548627205881004,25.353420047466553,25.39391108966359,23.414734159765946,27.373088019561234,-0.030260362513978196,0.0006818130073418132,-1.9263254249451631,1.9276890509598468,-0.2722138492294235,-0.041172855204379744,1023.2490655208804,1023.18545486009,1023.1419054865082,0.0025959647037169676,0.00023937690784163305,0.04330999667388369,53.319856083712686,52.93510857589567,53.180848824956016,-0.08070458733677274,-0.0010963575397723185,-0.24464389152057464,7.82955195330551,8.044387257260349,7.72513603196804,-0.02443438285094703,0.05991399445237343,0.2593372308399351,10.292431218341632
2026-09-01 08:50:00,26.32707565636518,26.414099064517927,26.305771624762503,24.326551022646846,28.28499222687816,-0.030336961994386572,0.0006818130073418132,-1.9263702794700104,1.927733905484694,0.7116977985702597,0.10764562674808076,1023.0454195522402,1023.0628403910537,1023.086260822906,0.0023064153782572866,0.00023937690784163305,-0.02365980876015783,52.49630623004002,51.691740199334404,51.439713926877126,-0.11953553177739043,-0.0010963575397723185,0.25312262999705126,4.870062251242155,4.756368973778563,5.04421277221508,-0.02513290153278346,0.05991399445237367,-0.3477577928888911,18.873274706159812
2026-09-01 08:55:00,25.827131211723483,25.748967487817854,25.95405270608987,23.974788432719823,27.933316979459914,-0.024355505528014357,0.0006818130073418132,-1.9264151329508372,1.9277787589655209,-1.360426313672484,-0.20576703127935758,1023.2567742682477,1023.2370538021977,1023.1963848072772,0.00843362366318105,0.00023937690784163305,0.04042961801258116,53.72483986727182,52.73171499379194,52.08829621838298,-0.05959063238272088,-0.0010963575397723185,0.6445151329487331,5.332776115133154,5.484032529922192,5.256393733265517,-0.033107756506221345,0.05991399445237379,0.16772480220430186,10.809709562562734
2026-09-01 09:00:00,26.044041922685473,26.263480695871838,26.194393445990194,24.215085502329316,28.17370138965107,-0.012577729293358715,0.0006818130073418132,-1.926459985387717,1.9278236114024005,0.4522617435040708,0.06840543687430056,1023.3425473893883,1023.1315316942777,1023.1606441604833,-0.0011142379427286405,0.00023937690784163305,-0.02935184311354533,52.29278629439135,52.39326718839562,52.32337545801332,-0.057981999621008196,-0.0010963575397723185,0.07098808792207478,3.6592981366664645,3.9627254228564217,3.9876266398314915,-0.029302553453058315,0.059913994452373845,-0.08481521142744342,1.6433402350141204
2026-09-01 09:05:00,26.093906933638113,26.327016172577245,26.332261082041963,24.352909469053746,28.31161269503018,-0.03924294372891173,0.0006818130073418132,-1.9265048367807218,1.9278684627954055,-0.039184456104038645,-0.005926722472061385,1023.4275083836549,1023.4704088431138,1023.3999458010593,0.015678777177117957,0.00023937690784163305,0.07022366514661371,55.533297432970556,55.85030843413421,55.19543965554464,-0.06647240589115097,-0.0010963575397723185,0.6559651361293461,2.739491085617166,2.6856639375531337,2.6216205793860237,-0.022395544559571944,0.059913994452373845,0.004129363714736378,2.7669100863420866
2026-09-01 09:10:00,25.537701637616987,25.391830926490407,25.555253843958145,23.57585856260602,27.53464912531027,-0.028521758980577558,0.0006818130073418132,-1.9265496871299252,1.927913313144609,-1.0849765006005043,-0.16410473047508134,1023.2438829768436,1023.0574705366932,1023.1705008821368,0.012840328576695535,0.00023937690784163305,-0.11326972235144694,55.80659141902517,55.2616225462656,55.66844106998277,-0.10844455726949849,-0.0010963575397723185,-0.405722166177398,1.8466849875255256,1.6716698179557539,1.5965556172249598,-0.02096866043755564,0.05991399445237383,0.015200206278420225,5.157560840588172
2026-09-01 09:15:00,26.474910634044633,26.45822958607487,26.228665357523763,24.249226408771097,28.20810430627643,-0.032027619848353436,0.0006818130073422198,-1.9265945364353994,1.927958162450084,1.513253405594991,0.2288824155437652,1023.2432989960148,1023.2652430037011,1023.2202191718391,-0.002898261078088644,0.00023937690784163305,0.04478445495419692,51.61576600874225,52.14593701737721,53.0109868440069,-0.09277518794567308,-0.0010963575397723185,-0.8639534690899211,6.945872737645905,7.343765376758048,6.991305376444594,-0.0049316418828863375,0.05991399445237403,0.29254600586108026,21.81246347031688
2026-09-01 09:20:00,26.68861605964138,26.70389115075044,26.698259636245208,24.718777021055306,28.67774225143511,-0.02141575418538772,0.000681813007342211,-1.9266393846972178,1.9280030107119024,0.03272489339368789,0.004949701497888981,1023.1565049566548,1023.3619839494831,1023.330126602687,-0.0006413807941873673,0.00023937690784163305,0.03161796988831611,51.682276094382615,51.98086426332574,51.84957395803022,-0.0737190925122119,-0.0010963575397723185,0.13238666283529454,2.9222900523012396,2.7256210635337093,3.119791268034435,-0.000335268702138178,0.059913994452374345,-0.45408419895310015,29.624952778303577
2026-09-01 09:25:00,27.82745142271054,27.941559502997414,27.82319887848154,25.84367259781764,29.802725159145442,-0.00976177880006529,0.000681813007342211,-1.9266842319154536,1.928047857930138,0.7780320819255095,0.11767881150852944,1023.177833503799,1023.124824477624,1023.1875624845236,-0.010855546583557188,0.00023937690784163305,-0.06297738380749252,47.71415072246623,47.636709679040706,48.20313014622971,-0.11202639514143327,-0.0010963575397723185,-0.5653241096492323,6.815790319454831,7.013434072062716,6.572069702559901,0.008800803473542163,0.05991399445237461,0.38145037505044055,24.310771896075632
2026-09-01 09:30:00,26.941385306842633,26.958618653208205,27.24094863015385,25.261378684979125,29.220518575328573,0.014356947116722071,0.000681813007342211,-1.926729078090179,1.9280927041048634,-1.8711291295682848,-0.2830117899529867,1023.2807712354372,1023.1021772337721,1023.1046678490821,-0.0028715321694506874,0.00023937690784162546,-0.002729992217950894,49.587364001464884,48.748496184233886,48.05438615468139,-0.11693604063569826,-0.0010963575397723185,0.69520638709227,4.4615353999403595,4.454145164413303,4.6777572585833385,0.010136457628901946,0.05991399445237461,-0.28352608862241,22.427431682268157
2026-09-01 09:35:00,27.313590619832087,27.386291563531696,27.318975938665865,25.33936232994343,29.2985895473883,0.03465875183104011,0.000681813007342211,-1.9267739232214667,1.9281375492361512,0.44054866549305416,0.06663381185848749,1023.3818440314087,1023.386439594171,1023.3051251945179,0.023643734743057844,0.00023937690784140044,0.08107502274515355,50.12927368773457,49.61510314058994,49.13485990652322,-0.12867909475685557,-0.0010963575397723185,0.481339591606492,4.681752280579342,4.146175697795446,4.001757772770073,0.01689310216147171,0.05991399445237455,0.08450393057299799,3.411765534282397
2026-09-01 09:40:00,27.352118898834075,27.358294930645243,27.353373128373825,25.373715857066728,29.333030399680922,0.05485732677019456,0.000681813007342211,-1.9268187673093902,1.9281823933240747,0.028032639284699457,0.004239989264075206,1023.4747971171356,1023.3642063205682,1023.3757763082199,0.014204869644363642,0.00023937690784140044,-0.011809364559553615,50.448936222466735,48.3854120896885,48.63960237400277,-0.11971989463219858,-0.0010963575397723185,-0.25309392677449694,5.116924103287515,5.464427613365868,5.32163697096709,0.008925289834779958,0.05991399445237461,0.08287664794640381,1.326664249680597
2026-09-01 09:45:00,27.069878040560212,27.169438395512305,27.20123392123181,25.22153298830304,29.180934854160583,0.07651238155768814,0.000681813007342211,-1.9268636103540215,1.928227236368706,-0.21472354403595872,-0.032477338726849325,1023.2272336540037,1023.3346033420415,1023.3624086460937,0.01819333764305146,0.00023937690784140044,-0.02804468096007895,49.14042896894224,49.17016496719074,49.025474478654594,-0.15889365310992112,-0.0010963575397723185,0.14578684607592152,4.3826069913259085,3.55959220866435,3.6453181841687288,0.00434130620265202,0.05991399445237471,-0.1456399699567532,3.3349760339885126
2026-09-01 09:50:00,28.16406231564419,28.504533420681145,28.288787319736727,26.309042726149197,30.268531913324257,0.08088306632992733,0.0006818130073425931,-1.926908452355434,1.928272078370119,1.421895017008918,0.215064287937075,1023.5804039806343,1023.5553329390845,1023.5157760012769,-0.0028727294214040723,0.00023937690784140044,0.03931756089968985,47.488112774027165,47.39411031282315,47.756411748864274,-0.11507549220196062,-0.0010963575397723185,-0.3612050785013494,2.1219025074577393,1.5344990291679326,1.4821475860914144,0.007834941737475818,0.059913994452374705,-0.0075625513758565965,5.743679430414419
2026-09-01 09:55:00,28.175453987276793,28.386036478154644,28.502329139217203,26.522540885933772,30.482117392500633,0.08136584263547993,0.0006818130073428009,-1.9269532933137004,1.9283169193283858,-0.7733753632118407,-0.11697447406990236,1023.3233714213127,1023.5824100423943,1023.5920017040867,0.002574133331892094,0.00023937690784140044,-0.009831038600282227,47.45001613448638,47.51777766751192,47.39527833654323,-0.08302165984604445,-0.0010963575397723185,0.12359568850846614,3.992039546009774,4.161494506407026,3.891359538264339,0.011255936553049635,0.05991399445237456,0.21022097369031245,7.842438232903813
2026-09-01 10:00:00,28.35693099212998,28.59164021890181,28.627753756182756,26.64792184416622,30.60758566819929,0.09445809888315494,0.0006818130073427355,-1.9269981332288937,1.928361759243579,-0.24327202682449567,-0.03679535028829051,1023.3670349893426,1023.5334289964286,1023.5659008415209,-0.008054432265704185,0.00023937690784130963,-0.03271122200021637,44.49444709306343,44.80216950111338,45.210998073350844,-0.09573280440169302,-0.0010963575397723185,-0.4077322146976883,6.890140288267344,7.06459370265326,6.994181744994417,0.01633205478248211,0.05991399445237457,0.01049796320646923,1.1324970504345013
2026-09-01 10:05:00,27.840617604570756,28.090670982552524,28.19592904105415,26.216053471267237,30.175804610841062,0.10543931315465027,0.0006818130073427355,-1.9270429721010864,1.9284065981157719,-0.7004202178152426,-0.10593987150896922,1023.2629331140993,1023.2244185907401,1023.3030303691423,-0.015552447686917974,0.00023937690784130963,-0.07885115531007614,47.63011858182845,47.83546831166519,46.98764722767981,-0.10330745930903601,-0.0010963575397723185,0.8489174415251526,6.952681067763179,6.788743094105188,6.8773788841732095,0.0273359837052694,0.05991399445237467,-0.14854978452039624,8.732156380448236
2026-09-01 10:10:00,28.927289606600873,28.99733117062824,28.82643793682562,26.846518710230995,30.806357163420245,0.10080331960357637,0.0006818130073424332,-1.9270878099303517,1.9284514359450367,1.1253508120214875,0.17021142079527607,1023.0146442570037,1023.0932177316347,1023.1005402389994,-0.02876788556499591,0.00023937690784130963,-0.007561884272604402,45.28162498184725,45.08523620276167,45.620768081865016,-0.10808223456875257,-0.0010963575397723185,-0.534435521563573,3.8801223319682583,3.937555231046347,3.989544932215265,0.013086271987115278,0.059913994452374594,-0.11190369562129288,6.325659095805793
2026-09-01 10:15:00,27.965104607125532,28.13574568657714,28.308951530293097,26.328988647853365,30.28891441273283,0.1068756707357004,0.0006818130073424332,-1.9271326467167613,1.9284962727314463,-1.1496562027376669,-0.1738876567233021,1023.5125615150084,1023.4335939827816,1023.3151383354699,-0.019982070852339086,0.00023937690784130963,0.11821627040387739,50.0969147476306,50.00052614823682,48.99725163705356,-0.1353230339239802,-0.0010963575397723185,1.0043708687230364,5.277617172902476,4.521529905680087,4.303615081903939,0.003341746511012317,0.05991399445237448,0.15800082932377268,13.50194789588782
2026-09-01 10:20:00,28.918064782586697,28.80737927065348,28.679753904235362,26.69974736691306,30.659760441557665,0.10634922373393148,0.0006818130073424332,-1.9271774824603891,1.928541108475074,0.8392858143375079,0.12694355341077568,1023.4904855133024,1023.4876846275146,1023.467831835328,-0.007894418562659935,0.00023937690784130963,0.01961341527874083,44.93586137012793,43.66156517320879,45.14333735058019,-0.15084306356220645,-0.0010963575397723185,-1.4806758198316246,3.1352468358246095,3.352976948087544,3.366374617317465,0.005637472921754849,0.059913994452374435,-0.07331166368229569,13.780671255992143
2026-09-01 10:25:00,29.71471578949666,30.062017550867083,29.889025661475053,27.908975470232654,31.86907585271745,0.09354023010703064,0.0006818130073424332,-1.9272223171613074,1.9285859431759924,1.1392260488338053,0.17231007638468654,1023.3360173216228,1023.2741883961834,1023.3468638249648,-0.0076137959867578426,0.000239376907841512,-0.07291480568926545,41.90659548510565,41.27931644212329,41.59837595217414,-0.16030252643081777,-0.0010963575397723185,-0.31796315251107643,3.305210320463104,3.378521803182903,3.2725522464549894,-0.0016061633962797589,0.0599139944523744,0.046055562275538975,4.555518609981916
2026-09-01 10:30:00,28.59519724557713,28.151502300336162,28.570261097028876,26.590167252828795,30.550354941228957,0.11289714122767588,0.0006818130073416881,-1.92726715081959,1.9286307768342732,-2.773126671026805,-0.41944060970005737,1023.3847021853604,1023.4816836628871,1023.4420691703273,-0.01798691645078648,0.000239376907841512,0.039375115651978376,46.29718675140259,46.233711460893296,44.710619648127974,-0.10385213345606828,-0.0010963575397723185,1.524188170305095,1.0443469018032843,1.0628255648197595,1.102674370554051,0.03217151901661386,0.05991399445237433,-0.09976280018666572,32.14161853961458
2026-09-01 10:35:00,28.915370598415556,29.0116660498141,28.809050756228547,26.82891326003313,30.789188252423966,0.11372512986562722,0.0006818130073416881,-1.9273119834353072,1.9286756094499904,1.3350808381790884,0.2019334805782087,1023.4465904178887,1023.6626260193776,1023.6246293628357,0.00108735998245987,0.0002393769078414072,0.03775727963409281,44.18113407520181,43.521730721807415,44.0341080479886,-0.07072049266450299,-0.0010963575397723185,-0.5112809686414153,10.36259056972594,10.406171729575586,9.836667365626255,0.03732871520831522,0.05991399445237398,0.5095903694969568,42.868928124757126
2026-09-01 10:40:00,29.329761971306528,29.70239692046769,29.57191088362305,27.591729736394583,31.55209203085152,0.14445575373110997,0.0006818130073416881,-1.9273568150085336,1.9287204410232168,0.858199103307026,0.12980422383729717,1023.1274047706376,1023.2392844401656,1023.357195014171,-0.007917561550596005,0.0002393769078414072,-0.11814995091322089,45.56629361833052,46.21640667712084,45.770155826134314,-0.03800757790772116,-0.0010963575397723185,0.4473472085262955,3.363263633043183,3.5477852926201066,4.197846776176942,0.03654540671901364,0.05991399445237398,-0.7099754780092087,76.28980546848533
2026-09-01 10:45:00,29.23399199876245,29.081291781714693,29.250438586105517,27.270213788806217,31.230663383404817,0.12007336967811248,0.0006818130073416881,-1.9274016455393412,1.9287652715540244,-1.1228199118517566,-0.16982861739816713,1023.2729925536241,1023.3774210946673,1023.3417921024728,-0.03386194914972527,0.0002393769078414072,0.035389615286590015,44.99952768144937,44.44756183523278,44.948119284635894,-0.0250601814525675,-0.0010963575397723185,-0.4994610918633384,3.5315902999605466,3.554310556899363,3.209509789398484,0.03139071398817505,0.05991399445237417,0.28488677304850496,16.053002819633544
2026-09-01 10:50:00,28.95800327107665,29.14968094268548,29.141709784421256,27.16144133801328,31.12197823082923,0.11172168808546198,0.0006818130073416881,-1.927446475027803,1.9288101010424863,0.04819342066243948,0.00728934525688274,1023.4599695300559,1023.570063264611,1023.5065059562796,-0.028361281030240448,0.0002393769078414072,0.06331793142351216,45.05328312889066,45.162160831124154,45.06808776440762,-0.06416662676516072,-0.0010963575397723185,0.09516942425630504,4.000841862615888,3.4652143029527673,3.3810019834436056,0.026589091156244603,0.05991399445237417,0.02429832505678764,0.5832264468278086
2026-09-01 10:55:00,29.74592341043575,29.72198139175577,29.616074518961714,27.635762424407158,31.59638661351627,0.11221127063582506,0.0006818130073416881,-1.9274913034739918,1.928854929488675,0.6956942484982171,0.10522505978671148,1023.1390236868514,1023.1800934980877,1023.2744893187843,-0.04161857711393865,0.0002393769078414072,-0.09463519760447525,44.236792739078304,44.26442644910521,44.42472280521836,-0.06561881542536899,-0.0010963575397723185,-0.15919999857337785,2.59207133827143,3.277861506397583,3.234952841542396,0.026890497769396376,0.059913994452374185,-0.017005329597187036,2.3408967425284284
2026-09-01 11:00:00,29.431088379491413,29.4865997135539,29.561248958874877,27.58089321713577,31.541604700613984,0.12927198710025878,0.0006818130073416881,-1.9275361308779801,1.9288997568926634,-0.49805040851033056,-0.07533105832832021,1023.355341864114,1023.1546936686406,1023.1526302855641,-0.029755271591948552,0.0002393769078414072,0.001824006168590131,43.670729107857824,44.23609946340725,44.182488557186026,-0.03165171933890069,-0.0010963575397723185,0.05470726376099577,7.124464852812356,7.5127154157365,7.260006931558754,0.02801031709560895,0.059913994452374185,0.1927944897253715,5.919666058212553
2026-09-01 11:05:00,30.18018067916249,30.50463289897967,30.36460202306738,28.384202635105687,32.345001411029074,0.13526402768929155,0.0006818130073414406,-1.927580957239841,1.9289445832545238,0.921304694842572,0.13934906290494808,1023.0897153570132,1023.3105321609737,1023.2471424613477,-0.03432892395202958,0.0002393769078414072,0.0631503227181156,41.344193257381605,41.98913521523749,42.35802105771524,-0.07569098136675577,-0.0010963575397723185,-0.3677894849379797,1.9813789364302707,1.6193388634924961,2.004087494544093,0.02344332564867382,0.059913994452374185,-0.44466262550397095,31.406369469577303
2026-09-01 11:10:00,29.75487146733495,29.934403971513984,30.099075843163455,28.118632809941076,32.07951887638583,0.13992111900200283,0.0006818130073411469,-1.9276257825596466,1.9289894085743289,-1.0932339465228793,-0.16535368465681088,1023.342768309317,1023.5863455682562,1023.5157266065635,-0.027084365065499223,0.00023937690784160256,0.07037958478485962,43.52213774666947,44.02395221631763,43.424151118633304,-0.053411619126191516,-0.0010963575397723185,0.6008974552241,2.703589968309896,2.6207606023503933,2.263206690826962,0.020711803183474802,0.05991399445237439,0.29763991707105664,17.940390890441645
2026-09-01 11:15:00,30.87161871648833,30.587759705025153,30.498411512955023,28.5179248354338,32.478898190476244,0.12301216211369062,0.0006818130073411469,-1.9276706068374694,1.9290342328521517,0.5862167251240322,0.08866637906278996,1023.2447227209284,1023.1993744195246,1023.3130750959772,-0.010266360906873325,0.0002393769078419188,-0.11394005336046575,41.645932308511455,39.98900705116295,40.73750759863134,0.02787970375800531,-0.0010963575397723185,-0.7474041899286163,7.27799950739966,7.241343899288669,7.006153702695695,0.034154648935820764,0.05991399445237427,0.17527620214059958,9.532682468595834
2026-09-01 11:20:00,30.064397836920534,29.974770770129464,30.100224251590763,28.11969393073247,32.08075457244906,0.10565804115524854,0.000681813007341371,-1.9277154300733828,1.9290790560880655,-0.8339420198224055,-0.12613529446863936,1022.9826894142788,1022.902312059714,1022.9768566540622,-0.02477266728232199,0.0002393769078419188,-0.07478397125612446,40.81295286619214,41.83331467097029,41.25775018729138,0.06504328636764592,-0.0010963575397723185,0.5766608412186827,4.62881190653818,5.000466475053201,5.255744601119148,0.047999698562331106,0.05991399445237427,-0.3151921205183221,18.190509383486244
2026-09-01 11:25:00,30.371924585113124,30.677487343150474,30.548674049750137,28.568100086516484,32.529248012983786,0.11049561105959711,0.0006818130073411434,-1.927760252267459,1.9291238782821414,0.8471397796461915,0.12813148039299804,1023.3721506354025,1023.4324484704867,1023.273055352235,-0.031563912853030854,0.0002393769078419188,0.1591537413438573,38.98922075640298,40.325601641870975,40.48596825889734,0.11453430611231549,-0.0010963575397723185,-0.1592702594865898,8.005325557490835,7.408064915256585,7.149324762313229,0.05052003836167988,0.05991399445237441,0.19882615849098073,10.330748976487541
2026-09-01 11:30:00,30.94614877871411,31.125971343505032,31.086294639563747,29.105677034916386,33.06691224421111,0.09003402115232173,0.0006818130073412127,-1.927805073419771,1.9291686994344532,0.25781426400279983,0.038994890933945925,1023.0572911274012,1023.1074410869538,1023.1716705635984,-0.03247196572491561,0.0002393769078419188,-0.06446885355239829,39.40065825770425,39.137134992624866,39.284325058091696,0.12217616237779112,-0.0010963575397723185,-0.1460937079270579,6.541515573971332,6.428920535731708,6.505370396994531,0.0371074410893125,0.059913994452374504,-0.1363638557151976,3.3870143116311513
2026-09-01 11:35:00,30.245279768575312,30.676962737978148,30.813644506281317,28.83298326118183,32.794305751380804,0.0820558548979818,0.0006818130073414567,-1.9278498935303905,1.9292135195450733,-0.9081777065705019,-0.13736358131050963,1023.013515154889,1022.9692018946795,1023.0075606145629,-0.014021349896503488,0.0002393769078419188,-0.03859809679124737,42.96813589609581,43.313507206818656,42.327675817880774,0.15605378058456576,-0.0010963575397723185,0.9869277464776545,3.9558603410771056,3.470161880731557,3.5044184644401373,0.04249247265570293,0.059913994452374504,-0.09417057816095475,8.432703445452397
2026-09-01 11:40:00,30.94233365751052,31.36843279114745,31.263724988092395,29.283020103502302,33.24442987268249,0.08956961483426966,0.0006818130073414567,-1.9278947125993913,1.929258338614074,0.6877666129838218,0.10402599004771318,1023.1302222279163,1022.9207964370664,1022.9127620931013,-0.021921942511788833,0.0002393769078419188,0.007794967057293434,42.077066150987314,41.49532972496486,42.03965375406729,0.13092891808217452,-0.0010963575397723185,-0.5432276715626543,7.490262120464078,7.462768762787389,7.091532439249022,0.058035297071813194,0.059913994452374504,0.3113223290859928,16.497337229800305
2026-09-01 11:45:00,31.484722705851123,31.49110843057188,31.508292666783788,29.52754414366455,33.48904118990303,0.07483475075011803,0.0006818130073414885,-1.9279395306268456,1.9293031566415284,-0.11812117484570095,-0.01786604921924706,1023.2350088494193,1023.2518080411685,1023.1523850297954,-0.02905598686317692,0.0002393769078419188,0.09918363446524836,39.885238308372756,38.485319654501154,39.23783446850499,0.15878415151411746,-0.0010963575397723185,-0.7514184564640658,2.5768051290466234,2.5067879692125894,2.8375721405696357,0.07173310809143699,0.059913994452374504,-0.39069816580942085,25.812031835704953
2026-09-01 11:50:00,30.426132597477274,31.02569524867672,31.137835914658105,29.15704375397111,33.1186280753451,0.09891509018554512,0.0006818130073414885,-1.9279843476128258,1.9293479736275085,-0.7459244964352081,-0.11282247898872555,1022.8703951328719,1022.9297923136417,1023.0088743177054,-0.02331829995650722,0.00023937690784213897,-0.07932138097157804,41.85331965678588,41.44403518055821,40.63083328736165,0.18168773620624418,-0.0010963575397723185,0.8142982507363357,6.449173250001198,6.552158836835545,6.108019535067653,0.07907736661953366,0.059913994452374504,0.38422530731551774,26.519843681780003
2026-09-01 11:55:00,31.24693823359064,31.369108302910135,31.294783614206757,29.313947816913338,33.27561941150017,0.11727413534911346,0.0006818130073414885,-1.9280291635574045,1.9293927895720873,0.486889008839249,0.07364287569603789,1022.9895448098733,1023.0681729374141,1023.042019444756,-0.03024504466503407,0.00023937690784213897,0.025914115750310884,41.31790067417839,41.07762406990506,41.08873861316876,0.19183462729756237,-0.0010963575397723185,-0.010018185723922102,5.595501757119791,5.507341033589428,5.656798148262392,0.09330159617239188,0.059913994452374504,-0.20937110912533807,6.903896351141304
2026-09-01 12:00:00,31.37765079537897,31.278819923871204,31.377444414572977,31.27956412605637,31.475324703089584,0.09370283537403895,-0.07925956662506177,-0.5284947830561932,0.36997564980606973,-0.09907838158455817,-0.01936492407671153,1022.9996038492882,1023.0235830310711,1022.9996744387818,-0.028414734070262675,0.028277804396800103,-0.004369212107462772,37.86582271110512,37.81983701301137,37.866754975015155,0.23789488698770983,0.37990289174245945,-0.4268208537462428,4.135038651098272,4.003567072578297,4.134691154557995,0.0938354388971821,-0.07484463942080827,-0.05627944255888995,3.2028854240294256
2026-09-01 12:05:00,31.68365123222261,31.6366405257668,31.593566818242515,31.127607860001177,32.05952577648385,0.07971726672630915,-0.006628007730162103,-0.3568903417464307,0.3436343262861065,0.32135894362776085,0.049701715254446555,1022.9916990711828,1022.9039986158066,1022.9353335123502,-0.04703318312188019,-0.004993287873079663,-0.026341608670577443,38.0017066466367,37.45361279229496,36.56193081466524,0.21903741766305124,0.6042240870684733,0.2874578905612495,7.150016060858269,7.4360295369827325,6.883873490506621,0.10011646859551915,0.3226292810077708,0.22952676546834105,7.996160340496964
2026-09-01 12:10:00,30.969936425975245,30.56402201297625,30.73526104829586,30.155522120800747,31.314999975790975,0.0454306080588849,0.0201868446107687,-0.3293039835829936,0.369677672804531,-1.2653592732804988,-0.19142587993038163,1022.864118187842,1022.9927572699567,1022.9642707264873,-0.020461223811201034,-0.001164150445854275,0.029650693915300508,41.05340980111135,40.67916007224403,39.129939951339715,0.21249040458647306,0.6281814342602137,0.9210386866441027,10.670200114269104,10.899910649484145,10.577422066825058,0.09330871293226735,0.3235050775989209,-0.0010164949398330236,8.332158938953118
2026-09-01 12:15:00,31.026859307901503,31.381954847172025,31.2259017438619,30.639311169576434,31.812492318147367,0.0336917376206629,-0.035276558563575686,-0.38062048005364807,0.31006736292649667,1.2639009987626082,0.19132966187370215,1022.7299912779014,1022.7032348179613,1022.7512214263736,-0.036633734574913875,0.010389363205396376,-0.05837597161769281,40.905058649062845,41.112085167794135,40.521678136178615,0.21583157603401343,0.6362509268043048,-0.0458438951887814,19.511465982284093,19.77311685261139,19.238666831591043,0.09623136749382447,0.30754495485919137,0.22690506616115513,11.605562736543682
2026-09-01 12:20:00,31.850636444208728,32.214776406786754,32.14481899619773,31.56964243766308,32.71999555473238,0.04518756476924889,-0.04841044700982556,-0.3933570125067325,0.2965361184870814,0.7824905439555749,0.11836785759885515,1022.6057874399046,1022.4955542207271,1022.5092203219984,-0.04049476702279638,0.015196184189777476,-0.028862285461173087,38.17635995608769,37.73997356164546,37.947702755874445,0.1797951920458844,0.7428046689087784,-0.9505338631377569,7.249676202012329,7.306132884798606,7.971565565739471,0.10952670993352971,0.2713691319959719,-0.936801812936837,131.42191243053395
2026-09-01 12:25:00,31.843927809025935,31.679805461898397,31.90890754904882,31.340200358167806,32.477614739929834,0.03897914063512604,-0.047198102734707516,-0.3923928187292667,0.2979966132598516,-1.2026555206257186,-0.18190398441571531,1022.6852316584094,1022.6172491116496,1022.5398955120962,-0.04088453945290151,0.010422706982758958,0.06693089257055362,38.72837121400398,39.3509284901229,38.21481667849994,0.18773781007889306,0.7293249342876031,0.4067868773353496,5.41141676910943,5.343527670260535,4.612142658580433,0.10363247581866081,0.2726202339081739,0.45876477777192815,34.88015076395308
2026-09-01 12:30:00,31.905026739528655,31.90534098114164,31.93808385810593,31.370535468715076,32.505632247496784,0.04589109928936555,-0.04700205854659055,-0.39243714563792925,0.2984330285447481,0.09427423209823971,0.014259181582300329,1022.4513977640235,1022.1715701273115,1022.234537898386,-0.017932281840619964,0.011327989663355622,-0.07429576073775479,36.74198067954631,37.41488444628977,36.94621329703441,0.12757524562550843,0.728826734833628,-0.2601555855782678,3.8049332085887833,3.86429550550657,3.5337737869392356,0.09501804152401794,0.27252067476731245,0.058001043800022245,1.4645048583152351
2026-09-01 12:35:00,32.01949302402719,32.06167061736485,32.08495996682817,31.51684673853832,32.653073195118026,0.023056084515139387,-0.046830883130394664,-0.39251332609035033,0.29885155982956096,0.15564449072985198,0.023541533667071235,1022.111474125756,1022.0503074209173,1022.0327949415347,-0.033830431211812846,0.011374228881600728,0.0061382505010669774,38.28431374139413,40.352842592656216,38.90608159227442,0.16421865433049576,0.7342451526657043,0.7125158477160909,4.116110318956062,4.362451870890853,4.023950543238675,0.09599293091425491,0.2725138307388665,0.06598749691331207,3.2929365475568693
2026-09-01 12:40:00,31.68134509480344,31.524300197708886,31.66760577933192,31.098954701818144,32.2362568568457,0.03502571333386797,-0.04694967691504181,-0.3928819942441934,0.29898264041410977,-0.6370559239668374,-0.09635590470799471,1022.5501976069546,1022.6434371033497,1022.4494386040599,-0.01002598158606783,0.012817717741733124,0.18118078154805062,39.84149243653864,40.907887344397714,40.157187249013504,0.16585096216030457,0.7343141561589092,0.016385939225301627,6.114467362907698,5.555159761493158,5.255366430885514,0.09372630887701491,0.27251590758212946,0.027277423025513947,4.7481880658964695
2026-09-01 12:45:00,32.11502512170303,31.79070379036374,31.763576319677977,31.194660208757412,32.33249243059854,0.026699074914942722,-0.04698956355243517,-0.3931716394247084,0.29919251231983807,0.4900239010479943,0.07411703423819915,1022.5529531233407,1022.6029807169288,1022.6078485264255,-0.0009398597328435579,0.012749964590903754,-0.01761777408762555,37.46997332752982,37.812075484716225,37.917881439810124,0.14761971052367284,0.7334258977596587,-0.8392318528535583,5.130466330677002,5.348917695875979,5.140819769776748,0.10021778608771911,0.27251565989425613,-0.06441773379502447,4.827083282937078
2026-09-01 12:50:00,32.20442072817226,32.18923082756606,32.16792819662264,31.59886697914403,32.73698941410125,0.0268816201491863,-0.047019053161591905,-0.39345071292945893,0.29941260660627517,0.4517080122038486,0.06832168410500827,1021.9932221758709,1022.2253870859782,1022.3412588762761,0.004065284160235395,0.01263625755933514,-0.12850804785716718,38.17449185883536,37.79669705559456,36.97287848170225,0.11841663409334359,0.733409486690464,0.09040908720184149,11.896070914165742,12.08449756119443,11.508519264629703,0.0956851908282487,0.27251463714180335,0.3034636594229241,15.51632886283042
2026-09-01 12:55:00,31.862792444395986,31.82406506113243,31.96666970546727,31.39747680285565,32.535862608078894,0.02548850262829051,-0.047008037596471534,-0.39368911064102863,0.29967303544808555,-0.6320358440255092,-0.095596606738372,1022.1241930474555,1022.0769964902692,1022.0982722422235,-0.007750320083980069,0.012644666139296197,-0.033920418093657645,39.02760194347267,39.37280619286854,38.1120526670619,0.11020636805667203,0.7332431206491276,0.527510405157507,5.159042438392567,5.290557297202561,5.61062740680045,0.11286958698427584,0.2725147186358157,-0.5925848282337052,52.630246998011444
2026-09-01 13:00:00,32.95243273771843,32.881165764335584,32.766933748761986,32.19759717519005,33.336270322333924,0.006415274814906252,-0.047005975007402785,-0.39393628270821873,0.2999243326934132,1.066023083415672,0.1612379905810002,1022.294253404893,1022.3664537541715,1022.2503720544441,-0.0008966251795231844,0.012606306375559,0.10347539335180045,35.670505684456124,36.06607791032291,35.98256343853262,0.1342954579337065,0.7333436968569803,-0.6498292250666893,5.2136412508689105,5.268820050312073,4.707526764584353,0.09997282600466528,0.2725147616309365,0.2887785240967835,18.012494023554474
2026-09-01 13:05:00,32.44947188786426,32.48313411022327,32.66232409261271,32.09283638775982,33.231811797465596,-0.010880990161190481,-0.047009049026497565,-0.39418841244221325,0.30017031438921815,-0.8739126904524497,-0.1321809333629389,1022.4335185960603,1022.5428511578575,1022.4761141497185,-0.009578464648560785,0.012595371764901274,0.05414163637419733,37.67041770742296,37.41323355840796,36.26860286772908,0.15346632218952114,0.7333305690112273,0.41130012166765084,5.311679970129393,4.654354328216531,4.384493340969746,0.11251017386686263,0.27251476161857296,-0.0026537743717875983,3.045246909706354
2026-09-01 13:10:00,31.833437941315754,32.12297779989481,32.24886092212896,31.67922052841224,32.81850131584568,0.0036359268738609084,-0.047009732023581184,-0.3944379726417245,0.30041850859456215,-0.5214704941981267,-0.0788733902105676,1022.0493669082414,1022.4064169298742,1022.4495857533237,0.005621470389820162,0.012598559715123268,-0.055767383164607054,37.08044617511761,37.836203786554684,36.908346990693026,0.128772494034775,0.733332685438349,0.19452411042330908,10.293899184709417,10.266804887363076,9.734161591892182,0.10486168158378159,0.27251475991101903,0.2601285355598755,10.85428716475075
2026-09-01 13:15:00,32.618786972698636,32.56778923799668,32.50898392421281,31.939191288189278,33.078776560236335,0.009620809236386342,-0.047009686816412516,-0.3946866264874408,0.3006672528546158,0.6995946352672142,0.10581500060028048,1021.8562973975834,1021.8719809472915,1021.9995532106493,-0.006031273959472635,0.01259777675870124,-0.14017004011657264,37.18260195147965,36.16328464522695,35.800602922737745,0.0991611054928078,0.7333279525833163,-0.3706462300941098,7.854592884811802,8.478326352372955,8.532258033375282,0.08690185423794136,0.27251475995799096,-0.32644644096031783,19.285833631460036
2026-09-01 13:20:00,32.00866712545905,32.06812727006301,32.197856839626944,31.627912428223656,32.76780125103023,0.02537154485968774,-0.047009594572907924,-0.39493505552534625,0.3009158663795304,-0.5469021443544548,-0.08271997499102923,1021.8552701818155,1021.6912529290929,1021.684192211646,-0.007389175892945643,0.012597684269005646,-0.005536966822091927,37.934947655761,37.86158034754499,36.73347827886596,0.12215256021399545,0.7333301551999717,0.3947719134790546,7.481712901778373,7.574863896250294,7.271984795932842,0.08928060580143003,0.27251475996676167,0.030364340350690355,1.6596594654016137
2026-09-01 13:25:00,32.75190026267773,32.92751578581894,32.82265404341698,32.252558029848934,33.39275005698503,0.030241418392225515,-0.04700968153638619,-0.39518348637953465,0.3011641233067623,1.0040961379285989,0.15187142393834563,1022.004163611504,1022.1173004715582,1021.940995819124,-0.014052452949103702,0.012599379086837151,0.16370527334731833,36.761133751102406,37.3026909196088,36.69852852465246,0.09687040105246941,0.7333300417672556,-0.12916764681091308,4.894076764332936,4.888624338671812,4.68017861546001,0.08673452594129119,0.2725147599665275,-0.06406903675472542,6.098122818419434
2026-09-01 13:30:00,32.9351697202783,33.078384583495215,33.150863155305274,32.580615575922195,33.72111073468835,0.03238627791436376,-0.04700967918850705,-0.3954316509109497,0.30141229253393553,-0.1683872848192962,-0.025468892621553607,1021.614352920519,1021.8683092954161,1021.8921492166445,-0.02590272849822764,0.012599253513913534,-0.03643917474232694,35.29678700985401,35.16568693492558,34.89413510317227,0.09896724314525204,0.7333302987144789,-0.46177846696116376,10.024518622852101,10.105228913791397,9.487293904010848,0.07563843226226089,0.27251475996214564,0.34542024981840314,18.33705253893266
2026-09-01 13:35:00,32.174249940155,32.05786135389979,32.316619385480564,31.746220258678697,32.88701851228243,0.006496118634362266,-0.04700968863537167,-0.39567965060364124,0.30166027333289785,-1.3999716855922557,-0.21174834294540545,1021.5028424625548,1021.4374532653254,1021.5276888099046,-0.01700689069533267,0.012599246109440678,-0.1028347906885756,38.13791452018174,38.07580965307192,36.61351726566497,0.10329865563360174,0.7333299296519532,0.7289624577550029,1.5203626808997752,1.6856192048332859,2.0107626506033114,0.05882466334510825,0.2725147599621719,-0.5976582057321975,59.619272412436985
2026-09-01 13:40:00,32.91478068132815,32.9364967241339,32.788864100083345,32.21831345675024,33.35941474341645,0.0024406181829447204,-0.0470096819655803,-0.39592745792283146,0.30190809399167085,1.2868753230868606,0.19464230601614219,1021.4600152695053,1021.57559611457,1021.4986359368887,-0.010581385726417068,0.012599199577144844,0.06436097810410502,36.6256707262368,36.62966286752701,36.214810851522074,0.11422083024403759,0.7333299923556108,-0.3184779763506782,11.002986043730766,11.25937317261,10.20835831029578,0.05874105547239368,0.27251475996260494,0.7785001023516145,91.46749312721462
2026-09-01 13:45:00,32.717557423116986,32.829095240527685,32.9045488953211,32.333846774724904,33.475251015917294,0.00202985337688856,-0.047009682217658624,-0.39617509628233155,0.30215573184701433,-0.1880569910390406,-0.028443972575757925,1021.2974413040126,1021.4856772489575,1021.4564510130771,0.003926736660394899,0.012599190956369122,0.01662704492400735,34.32796759345364,33.803746896203855,33.672738623650424,0.1442602953004031,0.7333300044931698,-0.6023217319397389,6.5250326774313745,6.524868052872624,6.860046593840897,0.06849942438863185,0.2725147599626069,-0.6076933009308796,54.67356309955971
2026-09-01 13:50:00,32.90038468605623,32.70604087990505,32.79781565439224,32.226962097707265,33.36866921107721,0.03132646135097717,-0.04700968216636872,-0.3964225588308593,0.3024031944981219,-0.2959638827881008,-0.044765092320815825,1021.3652424498689,1021.5003705168264,1021.4671899802196,-0.01743176463810311,0.012599186880090667,0.020581349726739973,37.17255087669206,38.21172821446147,36.37176582897406,0.10005659251004681,0.7333300334508692,1.1066323520365415,5.486148086156698,5.687972926194299,5.2732626691748825,0.0743489593194963,0.2725147599626034,0.14219549705681356,9.437367846753347
2026-09-01 13:55:00,33.34548923046169,33.639827843453446,33.54307866951853,32.97207371749803,34.11408362153903,0.04163081083245733,-0.04700968243410252,-0.396669846563439,0.30265048169523395,0.9504599926037756,0.14375885636901842,1021.4954143885577,1021.5095864507188,1021.4876458759444,-0.004661716210010585,0.012599186681072688,0.009341388093275782,34.72968743788801,33.94842331647569,34.118277240701296,0.03316601612592973,0.7333300156635815,-0.903183939889189,6.384058086207014,6.961969352843312,6.571677900047258,0.07491602580788895,0.27251475996260344,0.11777669283345027,8.367079105070957
2026-09-01 14:00:00,32.49992096495217,32.850910474553096,33.0862227731619,32.515066466057,33.6573790802668,0.06467172855810026,-0.04700968230697878,-0.3969169591375051,0.30289759452354753,-1.244960538904742,-0.18830261630182576,1021.2035990390721,1021.1242316459944,1021.1982676507866,0.02540367065427214,0.012599184114511781,-0.08663518890671185,37.6941753403909,37.962008163601745,36.377752050571424,0.013305361282937422,0.7333300214315925,0.8509260915987298,8.078989593948382,8.460569335318262,8.185524671981414,0.0797045015400663,0.27251475996260344,0.002529903374243858,8.30914106621524
2026-09-01 14:05:00,32.30397740683321,32.233056149890835,32.36171661605305,31.790408993927677,32.933024238178426,0.07363479414652119,-0.04700968230486793,-0.39716389744293323,0.3031445328331974,-0.5398331997156447,-0.08165078385734859,1021.0193492058185,1021.0271412512005,1021.0121684769771,0.019983977584148778,0.012599184174711328,0.0023735900487054096,38.21573252318528,38.62300969736824,37.85342983413359,0.07635885555706394,0.7333300214407766,0.03624984179386814,0.8727146733676354,1.6542370983410168,1.7506797173797466,0.07943236021628772,0.2725147599626034,-0.36895737900133296,20.136475189187866
2026-09-01 14:10:00,32.25315379399447,32.35485304340638,32.29870369489304,31.7272447977796,32.87016259200648,0.06296524574227899,-0.047009682295549186,-0.3974106617162046,0.3033912971251062,0.6820347221456977,0.10315903080888944,1020.9142251028453,1021.0257409318564,1020.9705940066012,0.042725760929456416,0.012599184641720749,0.0425477406133723,36.66593170591964,36.05416913401259,36.093103068844876,0.1471349490601222,0.7333300223415299,-0.7722639571738128,11.027717327824273,10.895821338104742,9.91709888092306,0.065135117785984,0.27251475996260327,0.7062076972190781,75.55415063153787
2026-09-01 14:15:00,32.28221753764892,32.47539529796765,32.46325117950687,31.891641047429598,33.034861311584145,0.06472210898452677,-0.04700968229288363,-0.3976572523385844,0.3036378877528171,0.391094659813497,0.05915380075366272,1020.6231331514429,1020.7989343557214,1020.8078681258997,0.039567825664738494,0.012599184600012263,-0.02153295477842221,36.38135974783995,36.65106930014947,35.7742298663264,0.21122614880492827,0.7333300222335613,0.14350941158951258,5.9205058311048395,6.474288861289194,6.790563529811227,0.050926177933749574,0.2725147599626032,-0.5887894284846356,49.99322276904926
2026-09-01 14:20:00,32.57338162107901,32.53252425349175,32.577781007524294,32.00601968048637,33.14954233456222,0.06826546367849026,-0.0470096822928716,-0.39790366967218627,0.30388430508644304,0.01158946463144872,0.0017529282603305774,1020.8886064189259,1020.9617970849397,1020.8862936982754,0.02309890881400281,0.012599184529789649,0.06290420213451853,36.24310030713625,35.7198663698738,35.04712080921882,0.20447180093330414,0.7333300222472838,-0.06058446159230613,4.984865356949399,4.796557757616524,4.429393727306807,0.04889449264390278,0.2725147599626032,0.09464927034711401,1.738440903733645
2026-09-01 14:25:00,32.73246830257654,32.882969201846095,32.89376287314742,32.3218503911216,33.465675355173246,0.05417813013193004,-0.04700968229300518,-0.398149914079331,0.30413054949332063,0.23944173186052353,0.03621601099167293,1020.6420002052955,1020.6044453298196,1020.6600033341149,0.019431319505121263,0.012599184612267928,-0.06815718890754852,35.62386605819238,36.87879781130097,35.803173991091725,0.14209777306383511,0.7333300222506653,0.3422937979585825,2.965050219174852,3.118408022977233,2.820988989131844,0.047287959780242035,0.2725147599626032,0.024904273882786043,1.3470559456711695
2026-09-01 14:30:00,32.69458139123632,32.775644835977786,32.87566004301115,32.30359644593748,33.447723640084824,0.048412319483036224,-0.04700968229286109,-0.3983959859231458,0.30437662133742366,-0.3504454050712482,-0.053005524740505905,1020.5232432294981,1020.6385599450377,1020.5996139084735,0.03200976711722457,0.01259918459671361,0.026346851967446128,38.118260670823865,37.26732572574891,36.46580623877751,0.060091404506020685,0.7333300222540771,0.0681894647173209,5.844081146690369,6.119621892027109,5.646514329914022,0.05579778656530969,0.2725147599626032,0.20059280215048325,6.139810857678539
2026-09-01 14:35:00,32.89879788289116,32.65054006194128,32.72986328395724,32.15764861174347,33.30207795617102,0.04532581457787865,-0.0470096822928391,-0.39864188556630875,0.3046225209806306,-0.21364058884418569,-0.032313539723126894,1020.925121642678,1021.0760860521688,1020.9394005769193,0.021951649329246196,0.012599184579498731,0.1240862906699931,36.27570980846824,35.791192201934464,35.44623205115125,0.03860006885179129,0.7333300222431116,-0.38836987145989355,6.3554912374607975,6.265628908692513,6.121108703492633,0.06337082880305717,0.2725147599626032,-0.12799455476272303,4.939154294022746
2026-09-01 14:40:00,32.553278207283235,32.714520582545305,32.73963389357331,32.16726818609543,33.3119996010512,0.06941011206635542,-0.04700968229283688,-0.39888761336972994,0.3048682487840562,0.14476760177468861,0.02189637126483035,1020.3861079856676,1020.457797079551,1020.6017305813649,0.01474758542116835,0.012599184573857523,-0.15653268638777718,35.92432959387292,34.976617078985015,34.361910235484835,0.03166749179656368,0.7333300222422477,-0.11862317874206951,5.512060937629881,5.607872379832811,5.378177320607133,0.06942215896064666,0.2725147599626032,-0.04281970073692509,3.1154396961991555
2026-09-01 14:45:00,33.105790501819605,32.923961022750895,32.93410732113522,32.36159061823769,33.50662402403275,0.03819900418549074,-0.04700968229283139,-0.39913316969313917,0.30511380510747643,0.24372183030649808,0.03686338390850352,1020.1230645236966,1020.0195065151245,1020.1031230521548,0.02187005860868664,0.012599184568454096,-0.09621572159880998,36.25188754812747,35.24291794746695,34.29517484293749,0.07718938083352225,0.7333300222420108,0.21441308228745015,8.159185045070249,8.498942707635676,8.064982076978929,0.06661933182987485,0.2725147599626032,0.16144587069414307,5.130826872217747
2026-09-01 14:50:00,32.390975097636186,32.63510194846483,32.74399924937871,32.17133159087452,33.3166669078829,0.05628628049623139,-0.047009682292834636,-0.3993785548950478,0.3053591903093785,-0.4091692645761853,-0.06188761862104997,1020.065916363558,1020.06061223836,1019.9722135757432,0.021906780009549515,0.012599184570798958,0.07579947804595122,35.088103878550434,36.46863868317377,35.39628371793143,0.10756257191750786,0.7333300222413046,0.3390249430010357,5.652554257300235,5.492285797935436,5.4777096812236,0.05281281012877346,0.2725147599626032,-0.25793864325076754,11.129408027438506
2026-09-01 14:55:00,33.553544764890475,33.46153690183554,33.3736246134151,32.800806039085785,33.94644318774442,0.04223435197184065,-0.04700968229283443,-0.39962376933269556,0.3056044047470267,0.8920350267467398,0.13492197071326473,1020.1957730448216,1020.3668684167229,1020.2205438807719,0.028922255439390403,0.01259918457198858,0.13372535137909836,33.796144387236026,34.34588587604829,34.10154105259448,0.11552174968221458,0.7333300222418134,-0.48898519878800073,13.778210634029486,14.335959193393213,13.549079438649816,0.0569335214994337,0.27251475996260316,0.5143649947807951,42.89815154727061
2026-09-01 15:00:00,32.68058015312581,32.66997623055638,32.8908869386406,32.31791748823624,33.463856389044956,0.021653164162796442,-0.04700968229283315,-0.3998688133620953,0.305849448776429,-1.149744592174521,-0.17390102579138755,1019.9338333578158,1019.7581568964326,1019.8748918879832,0.03177620992849044,0.012599184572086657,-0.12933417612259746,36.122773216167886,36.3193851394276,35.149640863221755,0.08437718269927462,0.7333300222417166,0.4364142539641307,7.29172888302679,6.938535110240641,7.370835405526675,0.06218521463205538,0.27251475996260316,-0.7048150552486367,76.92359736831695
2026-09-01 15:05:00,32.04850346108363,32.36231153988631,32.43575824837587,31.862637961615164,33.008878535136574,0.0393522961133734,-0.047009682292833053,-0.40011368733802466,0.3060943227523586,-0.17478808859539896,-0.02643702619672439,1019.5942393839002,1019.3177943943047,1019.3872889633624,0.03753171376310931,0.012599184572293736,-0.08209375363003346,36.76683794831702,36.292326275800185,35.590095698153206,0.05074989816070346,0.7333300222417145,-0.031099444594737236,9.77065358087504,10.390860913700832,9.659170675830728,0.03829990000727852,0.2725147599626032,0.4591754779075021,30.914331727631765
2026-09-01 15:10:00,31.92030196787132,32.069909064328975,32.100350745827335,31.52707966239763,32.673621829257044,0.05033076715188912,-0.04700968229283307,-0.4003583916140286,0.3063390270283624,0.10953914291131284,0.016568000794471516,1019.8409066420455,1020.0994631691005,1019.8407683722224,0.03234409953339482,0.012599184571904289,0.24609561230624877,37.07723274500423,37.862966561049845,36.92239693242257,0.0596443672082037,0.733330022241732,0.20723960638554217,2.585729881487172,2.916084240068501,3.0955390362259454,0.029956518141451893,0.2725147599626032,-0.4519695561200474,36.14696458730436
2026-09-01 15:15:00,32.49520343429475,32.34845719806744,32.297563385760434,31.724141545317753,32.87098522620311,0.06914854768760696,-0.04700968229283303,-0.4006029265424294,0.30658356195676334,0.6472878061466503,0.09790349459984071,1019.495845923402,1019.607683082493,1019.6913392654333,0.03512487083775953,0.01259918457195566,-0.09625536751218533,36.536702602044215,35.961365802017845,35.772763897127895,0.08404115146759414,0.7333300222417115,-0.5447281173517595,5.395954113248523,5.392082414717702,4.699669992890621,0.023045974367512934,0.27251475996260316,0.41989766186447763,28.728995498683755
2026-09-01 15:20:00,32.16267340909195,32.040849171832924,32.13442242173013,31.56084986389924,32.70799497956102,0.08115907690079062,-0.04700968229283304,-0.4008472924743325,0.3068279278886664,-0.3078544810293309,-0.04656356760437319,1019.7702121533943,1019.8852180485417,1019.822129553848,0.023996394769408326,0.012599184571954858,0.05048931012174762,36.196526696535436,36.929195127645706,36.006143356581354,0.0977569956461896,0.7333300222417127,0.1897217488226417,4.849884777557841,4.753313790565568,4.601285290426105,0.024229476378747297,0.27251475996260316,-0.12048625982314043,2.7697988578372215
2026-09-01 15:25:00,32.483818586213054,32.47601478041516,32.446698513795916,31.872975278170347,33.02042174942148,0.11205675192685165,-0.04700968229283303,-0.4010914897596312,0.30707212517396515,0.5046281159349029,0.07632594891207845,1019.5445795052912,1019.4225145574866,1019.5192918914869,0.039457598239448985,0.012599184571942961,-0.10937651857227593,37.098525028703705,36.46206207447916,35.78761492291191,0.06154606705995668,0.733330022241713,-0.0588828706744593,6.931460112870658,6.795547506084442,6.422886515370513,0.016195872051090358,0.27251475996260316,0.10014623075132612,3.3984142834144553
2026-09-01 15:30:00,32.330018077529644,32.529384503681996,32.59232868558591,32.01845481172801,33.16620255944381,0.12043760948101892,-0.04700968229283303,-0.4013355187470137,0.3073161541613476,-0.10535075726824772,-0.015934499611084618,1019.2091330693326,1019.3516085804902,1019.3384422780218,0.03184630163764122,0.012599184571943006,0.0005671178963666534,38.58919973493022,38.15791300749736,37.07607995350064,0.0843194340676797,0.7333300222417117,0.3485030317550155,10.583408311713296,10.558484145999035,10.206239156534611,0.015814526362843955,0.27251475996260316,0.07973022950182163,1.5580665195137073
2026-09-01 15:35:00,32.05047153209269,32.240221943918414,32.35784362447873,31.783819151919705,32.931868097037764,0.11809044883917154,-0.04700968229283303,-0.4015793797839678,0.30756001519830173,-0.466850398272328,-0.07061199826748776,1019.3624455725223,1019.4491253471458,1019.3738171402865,0.04539247148823389,0.012599184571944927,0.06270902228732211,37.69190400126887,38.39775622807943,37.72624316528719,0.0992263179162291,0.7333300222417118,-0.06181695944946597,2.1460346967309794,2.145195115225645,2.4111448731183156,0.013709176959314036,0.2725147599626031,-0.5384645178552736,42.356449894761774
2026-09-01 15:40:00,31.67617344467706,31.630787328243482,31.755995683729157,31.181820651969094,32.330170715489224,0.12323434449899168,-0.04700968229283303,-0.4018230732167873,0.3078037086311212,-0.5170096105502573,-0.07819867319284057,1019.0750332525145,1018.8799733037936,1018.9734764714448,0.042589187956439505,0.012599184571944559,-0.10610235222316078,38.8223256830584,39.57514055208259,38.76444479607128,0.06175299369957286,0.7333300222417118,0.07736573376959655,2.0569721166798662,2.4456576729141775,1.790016182906454,0.012117682243936757,0.2725147599626031,0.3831267300451202,22.876691450616395
2026-09-01 15:45:00,31.340681639921023,31.249126124222332,31.286627583758403,30.712302032266333,31.860953135250472,0.14188638142418114,-0.04700968229283303,-0.4020665993905778,0.30804723480491175,0.06286350322563905,0.00950822275676444,1019.087928862749,1019.3465845509755,1019.1894322370282,0.04501317608552736,0.012599184571943907,0.14455312937536746,39.52807665375375,40.04035676061022,39.386951826888776,0.03430175973906391,0.7333300222417118,-0.07992508852026248,10.298925455324174,10.894475424746478,10.244970267855894,0.004953739306929296,0.27251475996260316,0.3769903969279813,22.650054933845677
2026-09-01 15:50:00,31.69622155442989,31.882733986992335,31.760023185548903,31.185547153762833,32.33449921733497,0.13019575154527938,-0.04700968229283303,-0.40230995864926206,0.308290594063596,1.1221049874144882,0.1697204837362669,1018.9285712505955,1018.9914473506132,1019.0389450505124,0.03907360147483895,0.012599184571944136,-0.06009688447124972,36.71775682620921,35.93641665245249,36.155470897092954,0.058399118848718734,0.7333300222417118,-0.95238426688217,3.6453882515101323,3.7037661164725972,4.13653695071768,-0.0014361112337374802,0.27251475996260316,-0.7052855942076861,79.0869027145642
2026-09-01 15:55:00,32.14210873993921,32.22615414958849,32.241177833820686,31.666551361147636,32.81580430649373,0.12041742280730866,-0.047009682292833026,-0.4025531513355857,0.30853378674991966,0.21147505098466723,0.03198599806063385,1018.625539871815,1018.5930089332039,1018.6643034672773,0.026881656300822603,0.012599184571944274,-0.08389371864529949,39.01791962117762,38.71072948371797,37.1973996081137,0.05019135511861255,0.7333300222417118,0.7799998533625612,7.808695010105419,7.542767681877053,6.79717309555216,-0.012238781831544407,0.2725147599626031,0.47307982636228996,35.95294004739322
2026-09-01 16:00:00,31.806461973860205,32.35368817393809,32.444450472238486,31.869673598054536,33.01922734642243,0.11578302258834006,-0.047009682292833026,-0.4027961777911232,0.30877681320545713,-0.28926990751931925,-0.0437526160075663,1018.5534675251523,1018.5027135949041,1018.4658007923058,0.005944531649558986,0.012599184571944266,0.024313618026326367,37.795852804805115,38.02718330843982,37.311266868111076,0.10581151067588856,0.7333300222417118,-0.017413581912968823,6.551895112660343,6.3797391930436795,6.299768937509914,-0.008438107425806087,0.2725147599626031,-0.19254450442883808,5.559814976185218
2026-09-01 16:05:00,31.140398264325977,31.231933276245453,31.49266954318481,30.917742306835137,32.06759677953448,0.08421428060686006,-0.047009682292833026,-0.4030390383562831,0.309019673770617,-1.4130508073946082,-0.2137265846465226,1018.7029644003484,1018.39396175628,1018.3497909958667,-0.0067193582535505295,0.012599184571944269,0.031571575841326194,40.16448466354136,39.60841092935143,38.59664139289396,0.12335103533814874,0.7333300222417118,0.2784395142157621,9.872430388234235,9.814776071710957,9.359812156071364,-0.002727081139892404,0.2725147599626031,0.18244915567699138,10.091299730584455
2026-09-01 16:10:00,31.622471543540662,32.07160756581384,31.912692132545992,31.33761457334491,32.48776969174707,0.08628545673312327,-0.047009682292833026,-0.4032817333703136,0.3092623687846475,1.3614714860441737,0.20592511556068516,1018.3977747944746,1018.4761690199272,1018.4042527880717,-0.010606264492141592,0.01259918457194428,0.059317047283457214,37.66201337300805,38.86510252486301,38.41290536307546,0.10631894375152431,0.7333300222417118,-0.2811328604541572,2.6888512766455217,2.3693813844153433,2.5666935353079765,-0.010433260641145792,0.27251475996260305,-0.4698269108552364,36.78030012933228
2026-09-01 16:15:00,31.618511225943895,31.44242803249688,31.585469602499234,31.01024175973024,32.16069744526823,0.057993526173857876,-0.047009682292833026,-0.40352426317130835,0.3095048985856423,-0.634913699145077,-0.09603188770951832,1018.2880997402993,1018.3193146070399,1018.3262099197755,-0.008063714346194984,0.012599184571944278,-0.0194944973075053,39.16843743950134,37.35284163207875,36.992787627790364,0.10596174773784167,0.7333300222417118,-0.373276017953323,2.7326604601999342,2.3837511798867452,1.7881658209522904,0.0047731403190246526,0.27251475996260305,0.32307059897185164,16.626765593095374
2026-09-01 16:20:00,31.018751242189207,30.76289807014471,30.892416897307598,30.3170388102234,31.467794984391794,0.05878941586784716,-0.04700968229283302,-0.4037666280962118,0.3097472635105457,-0.5455082434826082,-0.0825091448700519,1018.1072517085064,1018.0822005260696,1018.1144553501065,0.004060837413204179,0.012599184571944278,-0.044854008608808726,39.95259906548108,39.43778761966592,38.1747305479227,0.10818016648016181,0.7333300222417118,0.5297270495015098,6.587219756088288,7.2179850456448005,6.7167314196882675,0.0016271258446041636,0.27251475996260305,0.22873886599392979,9.851936028334613
2026-09-01 16:25:00,31.33846569276426,31.18621742846903,31.089480829889244,30.513952537711813,31.665009122066675,0.07176876220987591,-0.04700968229283302,-0.40400882848082453,0.30998946389515847,0.9503768498568341,0.14374628087261954,1018.2172296403321,1018.4077141693455,1018.2956995220381,-0.0012882521043580085,0.012599184571944286,0.09941546273535096,39.41035606108419,39.08538936430502,38.43442902873567,0.08268650551670195,0.7333300222417118,-0.082369686672358,12.442476974009303,12.55019001387575,12.27211125307957,0.016928982082569773,0.27251475996260305,0.0055640008335764435,3.3265977280325245
2026-09-01 16:30:00,31.201760200633387,31.5042017722243,31.489180798273708,30.913502340194313,32.0648592563531,0.06461561530021838,-0.04700968229283302,-0.404250864659809,0.3102315000741429,0.41011495613873095,0.06203065624342585,1018.3676114423746,1018.1481608082497,1018.1876672602888,-0.011871781275564097,0.012599184571944281,-0.052105636611031514,39.447690066783146,37.223281053546216,36.93647244436337,0.050745918580485015,0.7333300222417118,-0.4465214130588606,5.305177902163266,5.065745672403416,5.364700180777188,0.01050771034425374,0.2725147599626031,-0.5714692683363749,48.33234528582018
2026-09-01 16:35:00,30.619658889898357,31.060651561190085,31.216328820713947,30.640500235893196,31.7921574055347,0.08977235335302144,-0.04700968229283302,-0.4044927369666944,0.31047337238102835,-0.7184544122008738,-0.10866757723102793,1017.8040926371376,1017.6853924069749,1017.776880881927,-0.02918435870759665,0.012599184571944281,-0.10408765952411159,39.746545907184235,38.704857167859096,37.573963560676845,0.0752945648638175,0.7333300222417118,0.3975635849405421,4.540326659017169,4.775549662702742,4.1829147036287315,-0.009758067421740617,0.27251475996260316,0.32012019911140754,17.890929733336243
2026-09-01 16:40:00,31.11525252759253,31.02668147666375,31.07062678176556,30.49464810933344,31.646605454197683,0.06786483986174413,-0.04700968229283302,-0.40473444573388273,0.31071508114821667,0.020260093853547545,0.003064377191023482,1017.8753629455786,1017.7244381120717,1017.6599048469734,-0.0234235952927474,0.012599184571944281,0.05193408052628001,39.89939626234406,40.50450700263801,39.382753668645044,0.10487913026029085,0.7333300222417118,0.38842331175125366,6.94099561691367,6.5817556902989995,6.195316798064404,-0.0057360891726171035,0.27251475996260316,0.11392413227199238,2.928776021437989
2026-09-01 16:45:00,31.08871471039765,31.08233525453196,31.097957018472925,30.521828297528838,31.674085739417013,0.08573375008622161,-0.04700968229283302,-0.40497599129265355,0.3109566267069875,0.2075208540055904,0.03138791835186794,1017.9926555825278,1017.9440110744533,1017.8314846217194,-0.006825261108795281,0.012599184571944281,0.09992726816199138,39.899680454099745,40.049918845036764,39.59850254494824,0.1260114816946444,0.7333300222417118,-0.28191372215318466,11.680369549521808,11.348315297039065,10.961196632501158,-0.0032506381214272313,0.27251475996260316,0.11460390457530423,3.4995518351351484
2026-09-01 16:50:00,31.186911311335074,31.0489759352249,31.09561385256961,30.51933512218242,31.6718925829568,0.09586080593232542,-0.04700968229283302,-0.40521737397316954,0.31119800938750347,0.0024579195937590725,0.00037176494812385386,1017.6796178922871,1017.6981090981824,1017.73214464057,0.008370702106680183,0.012599184571944281,-0.04663472695960991,37.80256912547308,39.24012555810338,38.82143011113523,0.1790476149959775,0.7333300222417118,-0.3146345752735584,9.591109366245892,9.347289945758266,9.377251917307607,-0.0029067001683514004,0.27251475996260316,-0.302476731511943,13.805805831625289
2026-09-01 16:55:00,31.061583369536685,30.769375707320673,30.858207914140785,30.281779213348855,31.434636614932714,0.07012030720766509,-0.04700968229283302,-0.40545859410448154,0.3114392295188155,-0.2765091303371854,-0.04182252452727653,1017.6718712672398,1017.753263190896,1017.7279489317782,0.01688989508444703,0.012599184571944281,0.012715074545781135,39.45463131893698,40.85089802738041,39.78131581336049,0.16008555173557143,0.7333300222417118,0.33625219177820753,16.473878522406636,16.960903481713355,16.26949209042264,-0.009329024952791294,0.2725147599626031,0.41889663132810995,25.821892874313033
2026-09-01 17:00:00,29.972504919667966,30.226969480916566,30.332837397203534,29.756258765014767,30.9094160293923,0.11078222169327308,-0.047009682292833026,-0.40569965201453434,0.3116802874288683,-0.38914052364980023,-0.05885823399413326,1017.3588747688646,1017.3313811657905,1017.4064938301033,0.02455241489165822,0.012599184571944281,-0.08771184888473726,42.18588151457843,42.75100364600965,41.69746406315655,0.218685028548061,0.7333300222417118,0.3202095606113886,1.0660116742050703,0.9804729072639086,1.7320232061922844,-0.009674747207649484,0.272514759962603,-1.024065058890979,151.38744882522795
2026-09-01 17:05:00,30.02914902889436,30.183579131897506,30.17559865275797,29.598870128149837,30.7523271773661,0.10982604241071359,-0.047009682292833026,-0.4059405480301711,0.31192118344450503,0.363566807279895,0.054990161432371565,1017.4985185122779,1017.4118390522527,1017.350350412798,0.04492390024817031,0.012599184571944281,0.04888945488278296,42.393963560337,42.83170694893624,42.32485712315198,0.18715278939866564,0.7333300222417118,-0.22648019645745165,2.4297285717567982,1.6824291338997077,0.6881472950824641,-0.014787341786344756,0.272514759962603,0.7217670788546406,75.18206108225668
2026-09-01 17:10:00,30.48825495178971,30.587016330402864,30.53248951556672,29.955611137486322,31.109367893647118,0.09666378207837911,-0.047009682292833026,-0.40618128247713914,0.3121619178914731,0.6713073597531753,0.10153649712897916,1017.3241094917673,1017.625919412018,1017.5297032318305,0.04890887778517204,0.012599184571944281,0.08361699561555724,39.718705857735785,39.923159539279666,39.97035973915028,0.1517087946807684,0.7333300222417118,-0.7805302221123256,6.77434945507096,7.119558397573976,6.601392714162983,-0.017810837449662262,0.272514759962603,0.24565092344839012,13.610836877632078
2026-09-01 17:15:00,30.363032867000733,30.158579033724674,30.293474064991237,29.716445872355322,30.87050225762715,0.07555747415661886,-0.047009682292833026,-0.4064218556800947,0.31240249109442864,-0.5810529538516249,-0.08788534897372813,1017.4198651815018,1017.8382736441675,1017.7789319134304,0.0566624338974621,0.012599184571944281,0.04674254616520557,42.0587246776729,40.024769297174856,39.13206179686575,0.09011023380554463,0.7333300222417118,0.15937747806739821,9.110289656459138,9.008980732318419,8.925730930424038,-0.009394514892011511,0.272514759962603,-0.18926495806822174,6.30229534268968
2026-09-01 17:20:00,30.236192692864773,30.636441232972228,30.601764863559467,30.02458689525448,31.178942831864454,0.07225720374172374,-0.047009682292833026,-0.40666226796260835,0.3126429033769423,0.5400663726806414,0.08168605170559573,1017.37189590368,1017.4462019320175,1017.555465846513,0.05281302755523811,0.012599184571944281,-0.12186309906746828,39.433830083544606,38.392689870705354,37.74877799672385,0.07450739782160604,0.7333300222417118,-0.08941814826020789,4.00670581323948,3.444331068879248,3.5073468754525834,-0.007552342596710577,0.27251475996260294,-0.33553056653593805,18.4657927338627
2026-09-01 17:25:00,31.441361683796245,31.411036436842227,31.362660078762445,30.78533237364457,31.93998778388032,0.07034610065587435,-0.04700968229283304,-0.4069025196471698,0.3128831550615037,0.63064368705286,0.09538604037261678,1017.5060005028558,1017.4289519549077,1017.427428723141,0.03646850710498102,0.012599184571944281,-0.011075952805299494,38.04079030831815,38.17820782682987,37.2539266766342,0.056877116032575156,0.7333300222417118,0.19095112795395863,3.595834996787795,3.4993771216753813,2.9693403127467786,-0.0014528287233908036,0.27251475996260294,0.25752204896599995,10.626145095478241
2026-09-01 17:30:00,29.996225115214234,30.1748361837615,30.49488484381442,29.917407440709617,31.072362246919226,0.07188578358396931,-0.04700968229283304,-0.4071426110551931,0.31312324646952705,-1.8051939987352448,-0.2730389777600877,1017.130318342088,1017.3798987820433,1017.354793153008,0.028262320298986107,0.012599184571944281,0.012506444463269872,40.12208842553409,40.69019391337371,39.29379807335926,0.07528492084148793,0.7333300222417118,0.6630658177727398,8.504796082905454,8.657325738097276,8.14895592082835,-0.003771513789648703,0.27251475996260294,0.23585505730632406,18.1002469184456
2026-09-01 17:35:00,30.08726450001049,29.863771060202154,29.90966158107455,29.33203451877858,30.487288643370515,0.06741884124060991,-0.04700968229283304,-0.4073825425070216,0.31336317792135554,0.007399322603557579,0.001119161420440662,1017.0201093316741,1016.8312481775614,1016.9195430984868,0.028152411836570242,0.012599184571944281,-0.10089410549733202,42.290717654512555,42.606274608021266,41.626399311455906,0.0838211037982037,0.7333300222417118,0.24654527432365114,1.638344862553927,1.7523679252661213,2.02167879462654,-0.007191687247696454,0.27251475996260294,-0.5418256293230217,43.33619865794346
2026-09-01 17:40:00,29.877444054892884,29.916256237861212,29.866470767809997,29.288694085088487,30.444247450531506,0.07691722089233632,-0.04700968229283304,-0.4076223143219331,0.313602949736267,0.6399600143232185,0.09679515234405045,1016.9303486199269,1016.9090144575277,1016.8288054242884,0.028881836306585876,0.012599184571944281,0.06760984866741637,41.847705720788454,41.17580078242847,41.07413259761687,0.04206703581253391,0.7333300222417118,-0.6316618374301086,4.591383243653593,5.112181224846456,4.395409297747461,-0.01872651255658289,0.27251475996260294,0.4442571671363913,31.712160532823006
2026-09-01 17:45:00,29.61690806703931,29.746285731689415,29.783016837970166,29.205090573558632,30.3609431023817,0.07110277340238763,-0.04700968229283304,-0.4078619268181444,0.31384256223247836,0.06795668473699834,0.010278576012083818,1016.7802729167539,1016.7278526256168,1016.703728279134,0.0519972665648506,0.012599184571944281,0.01152516191086761,42.166488719963546,42.94473536340678,42.017518772097475,0.028321617467630296,0.7333300222417118,0.19388656906759394,5.643626518175105,5.365369280721861,5.209271581813504,-0.02242687868226486,0.27251475996260294,-0.11641706105424632,2.1529769672396015
2026-09-01 17:50:00,29.08852357987578,29.19601693513022,29.31050552628317,28.732429718887055,29.888581333679284,0.042078311643780564,-0.04700968229283304,-0.4081013803128168,0.3140820157271507,-0.4461360144063953,-0.06747890886011376,1016.8182000638242,1016.6972423238326,1016.6580303449289,0.052972592575943424,0.012599184571944281,0.02661279433175423,43.18430939165049,44.38558506138376,43.47631296733795,0.015320446729561303,0.7333300222417118,0.17594207180410137,6.057401076061979,6.015779087903315,5.7442572924338355,-0.055638024238156246,0.27251475996260294,-0.0009929644931236936,0.7198239727735215
2026-09-01 17:55:00,29.374339565264847,29.445107163121207,29.40350672694282,28.825281415237537,29.9817320386481,0.03983788920903594,-0.04700968229283304,-0.4083406751220604,0.31432131053639434,0.5858447588828284,0.08861011847122313,1016.6594322814079,1016.6845473603739,1016.6520243826443,0.06711871390425114,0.012599184571944281,0.01992379315765902,43.52269893156074,44.22625167987971,43.735995850960194,-0.046838931914104945,0.7333300222417118,-0.24307419332219382,7.584521147433265,7.313110119958526,7.007150269294163,-0.06154024390121259,0.27251475996260294,0.033445090701759383,1.3380591358466738
2026-09-01 18:00:00,28.615653650730444,28.718883873548634,28.86283921565414,28.284464438285113,29.44121399302317,0.0043257244084367735,-0.04700968229283304,-0.4085798115609394,0.31456044697527336,-0.6409550926865712,-0.09694565981267189,1016.6674703348215,1016.5997423099508,1016.5954454065629,0.06189778700533535,0.012599184571944281,-0.00830228118411469,45.66678249143851,46.37728988775131,45.37511623487847,-0.08117206735957289,0.7333300222417118,0.2688436306311317,4.369308680847166,3.844291826917879,3.7808085874522925,-0.06235898567312098,0.27251475996260294,-0.20903152049701657,7.607870876290619
2026-09-01 18:05:00,28.6820707300189,28.465598922684112,28.49864149469353,27.920117290276227,29.077165699110832,0.009632283871807616,-0.04700968229283304,-0.40881878994347687,0.3147994253578108,0.09234338580570522,0.013967110283417128,1016.7804471748576,1016.8405030208561,1016.7651116242677,0.058157676376152545,0.012599184571944281,0.06279221201646124,44.78874554604035,44.23321436324512,44.12636045036941,-0.10815054443106602,0.7333300222417118,-0.6264761093660027,6.387121599630473,6.59605756219184,6.050615394298709,-0.05672224913041942,0.27251475996260294,0.2729274079305277,13.105519915348486
2026-09-01 18:10:00,28.43272199350654,28.46713929501204,28.45458028853148,27.875906695651462,29.0332538814115,-0.005057219582431913,-0.04700968229283304,-0.4090576105826593,0.31503824599699326,0.3938376870892917,0.05956868877339261,1016.3745798032272,1016.4208659631075,1016.5109150786534,0.042209584729471165,0.012599184571944273,-0.10264830011783488,44.82038090061891,45.623154530042214,44.63203717824862,-0.05797366873733289,0.7333300222417118,0.25778732955188133,6.113732080251857,6.193303923090444,6.052310524033393,-0.05940902790566899,0.27251475996260294,-0.1315213609055519,4.35934030711923
2026-09-01 18:15:00,28.507814215199485,28.527958937636846,28.540978764435273,27.962155821648214,29.119801707222333,-0.0026068142586949065,-0.04700968229283304,-0.40929627379044176,0.3152769092047757,0.22472353090296338,0.033989855494407806,1016.6414391896573,1016.5815410797039,1016.5241728344199,0.033301648574952304,0.012599184571944273,0.04476906071204212,45.68611203459076,45.75144605237406,44.98633719130942,-0.051272893678825544,0.7333300222417118,0.03177883882293031,5.765087727050025,5.794258969476461,5.532330843977203,-0.055932292483218994,0.27251475996260294,-0.010586634463344957,0.36676956534205796
2026-09-01 18:20:00,29.247326984140635,29.31076583144382,29.242099504949547,28.66312725078129,29.821071759117803,0.017104310464174155,-0.04700968229283304,-0.4095347798777523,0.3155154152920862,0.7647905752255362,0.11567600878710849,1016.6150544158908,1016.599102837673,1016.5644754301082,0.03962542527131734,0.012599184571944273,0.02202822299273066,41.774792224106626,42.15593965963357,42.17826760763709,-0.028096987290663056,0.7333300222417118,-0.7556579702452311,6.503265002790457,6.553571881670928,6.224460363127249,-0.07773017909712145,0.27251475996260294,0.056596758581076045,4.860954565859139
2026-09-01 18:25:00,27.41923307996336,27.43657520346235,27.8379059749488,27.25878444789539,28.41702750200221,0.002873080035154154,-0.04700968229283304,-0.40977312915449693,0.31575376456883086,-2.3425897250452863,-0.3543210891936148,1016.3489268116114,1016.3540156138619,1016.3950703626516,0.03971614743604694,0.012599184571944273,-0.053653933361715644,49.405133084540516,49.6169293291094,47.19367670313892,-0.08054922969088547,0.7333300222417118,1.6899226037287676,3.4998835508618726,3.2159431474361555,3.1229390859005792,-0.07829854761919094,0.27251475996260294,-0.1795106984270265,32.87473851719064
2026-09-01 18:30:00,28.28367095477039,28.047820323900545,27.89780912527141,27.318538363799135,28.477079886743688,0.018791923912835923,-0.04700968229283304,-0.41001132192956424,0.3159919573438982,1.3026012431762766,0.19702088092196846,1015.9996113486567,1016.1721196686993,1016.1875652777843,0.05103141087481375,0.012599184571944273,-0.028044793656931688,45.79515463668449,45.65921322954676,45.982291750096806,-0.03875172278539576,0.7333300222417118,-1.0564085427917576,1.8860890626138682,1.4892869608700852,1.1470412065626938,-0.09509357554832498,0.27251475996260294,0.06973099434478836,10.622553639754326
2026-09-01 18:35:00,27.20553662874646,26.954267758737213,27.115787390700973,26.53636743324639,27.695207348155556,0.012291080412543627,-0.04700968229283304,-0.41024935851082994,0.3162299939251639,-0.7570811890566738,-0.11450994967092498,1016.1800494683091,1016.2109915164044,1016.1563202890561,0.053206458254954354,0.012599184571944273,0.04207204277633991,48.84450064283776,48.163285512160364,47.13811125008859,0.006786849420447494,0.7333300222417118,0.2918442398300627,2.2442488506908482,2.148366451636738,1.764127235115334,-0.10717661070491831,0.27251475996260294,0.11172445655880114,3.803113721944366
2026-09-01 18:40:00,27.501811659326197,27.097547024592814,27.039447954789104,26.459878839759092,27.619017069819115,0.038589002443527406,-0.04700968229283304,-0.4104872392051619,0.3164678746194958,0.6949252815689704,0.10510875209654458,1016.4211597569491,1016.5938420315424,1016.4685604591594,0.04897701347530145,0.012599184571944273,0.11268238781099171,46.785764295251234,46.656899739978385,46.32251421752404,-0.06315522442961442,0.7333300222417118,-0.3989444997873619,3.153324901062862,3.392640055602789,3.098571090166896,-0.10904826618355692,0.27251475996260294,0.021554205473290455,3.467954688016378
2026-09-01 18:45:00,27.964709016766946,28.16132763198156,28.003907993698594,27.424189759470387,28.5836262279268,0.0331117132455542,-0.04700968229283304,-0.41072496431842415,0.3167055997327581,1.351582055047178,0.20442932057580165,1016.1805925923483,1016.3432211157223,1016.4038666836204,0.07475657584074497,0.012599184571944273,-0.07324475247014561,46.562514042570136,47.26408202678973,46.4167123643365,-0.08784130976666911,0.7333300222417118,0.11403964021152291,5.169281164301468,5.555418678632711,5.247762664891384,-0.09628562630482138,0.27251475996260294,0.03514125377872368,5.261786763189193
2026-09-01 18:50:00,27.392046340242533,27.578082160652528,27.796978465253147,27.217111150174368,28.376845780331927,0.020504318462953832,-0.04700968229283304,-0.410962534155482,0.31694316956981594,-1.1364263871714435,-0.17188662230778462,1015.993529821752,1016.1528891593033,1016.2029325976819,0.0736297330161884,0.012599184571944273,-0.06264262295053413,46.24258379684503,45.818913637883576,45.338596881581424,-0.07048951471112624,0.7333300222417118,-0.25301326593955764,8.347374806468146,8.493431059840255,8.18822555769979,-0.09257355867012079,0.27251475996260294,0.03269074217786283,4.044172017368217
2026-09-01 18:55:00,26.771181983687356,26.970704937150664,27.13058725558612,26.55057089797483,27.710603613197414,0.030812895218883158,-0.047009682292833026,-0.41119994902020635,0.3171805844345403,-0.7462561098698615,-0.11287263614262244,1016.0290630978615,1016.324825738066,1016.2580573081789,0.08758574465265205,0.012599184571944273,0.054169245315165426,49.68960578903985,50.356347680289076,48.63350593682691,-0.04793591883728987,0.7333300222417118,0.9895117212204596,6.722440106546339,6.638801185878018,6.578054244996598,-0.09239124869874962,0.27251475996260294,-0.21176781908118336,13.105142916687223
2026-09-01 19:00:00,26.750923355791564,26.836557397558384,26.83741076044006,26.25724539858478,27.417576122295344,0.02427604927452862,-0.047009682292833026,-0.4114372092154783,0.3174178446298122,0.30516196437688947,0.04615631941115694,1016.1941361030723,1016.1089987052845,1016.1316931774143,0.08277123417411592,0.012599184571944273,-0.03529365670169682,49.811399513912995,50.329372816002795,49.83860241924393,-0.07168323440434263,0.7333300222417118,-0.2425596254828406,7.57117346374067,7.55952208996723,7.164931000754194,-0.09258655259342065,0.27251475996260294,0.12207632925043299,2.7929334801819916
2026-09-01 19:05:00,27.142548152417934,26.727578615436904,26.7326829293615,26.152368601521257,27.31299725720174,0.011654306562593492,-0.047009682292833026,-0.41167431504319363,0.31765495045752756,0.2770568514199745,0.04190536836824066,1016.1151803865721,1016.1354893485528,1016.1052071115024,0.09128642792671872,0.01259918457194427,0.01768305247844637,46.184034307779555,45.86250867455247,46.33193937448765,-0.08237571561122048,0.7333300222417118,-1.2027607221768903,3.959965329925334,3.8637206461974802,3.7852635297776143,-0.09972284152546532,0.27251475996260294,-0.19405764354273725,13.027869572252913
2026-09-01 19:10:00,26.411206242057123,26.210350852502106,26.307000345712897,25.726537090117272,26.88746360130852,0.004486708802036625,-0.04700968229283303,-0.4119112668042672,0.31789190221860114,-0.32819302761300406,-0.049639810917955884,1015.9642714212309,1016.3311888571124,1016.260430304405,0.10242261583653896,0.012599184571944266,0.058159368135420664,49.64580172467416,50.65355775482202,48.79641551481053,-0.10328405274780048,0.7333300222417118,1.1238122177697747,4.303720481038009,3.8907748034689877,3.458758465967186,-0.10516267565919216,0.27251475996260294,0.1595015775391988,10.757724879340495
2026-09-01 19:15:00,26.62164059608325,26.659541290421163,26.589329913959933,26.008717768809085,27.16994205911078,0.003817610819291604,-0.04700968229283303,-0.4121480647986378,0.31812870021297174,0.7750056549587612,0.11722105875406541,1015.913788571037,1015.980115615432,1016.0537245579103,0.10492451948344593,0.012599184571944259,-0.08620812705021308,49.5366742774231,49.152817519365854,48.73242336830157,-0.0994194211046863,0.7333300222417118,-0.31293587117742305,4.194045812642504,4.100551110901184,3.8129948109142884,-0.10088891520448419,0.27251475996260294,0.015041540024292033,2.8173439582121143
2026-09-01 19:20:00,26.38413177709749,26.435185690443813,26.52316271928421,25.94240172274891,27.103923715819505,0.02395031278796441,-0.04700968229283303,-0.4123847093252718,0.31836534473960576,-0.27085513115546433,-0.040967346547560624,1015.8804525399519,1015.5348547108771,1015.6163262597279,0.0766707244110867,0.012599184571944259,-0.09407073342276817,50.172716818374624,51.32283613596121,50.28249656745878,-0.057518172503519344,0.7333300222417118,0.30700954626072274,2.7148993090570865,2.19970874339161,2.026768414386121,-0.11474252038892913,0.27251475996260294,-0.09957443095711405,3.0628912080918207
2026-09-01 19:25:00,25.935331948162624,25.88572130213829,26.018296733739895,25.437386923961586,26.599206543518203,-0.005061003393929245,-0.04700968229283303,-0.4126212006821685,0.31860183609650244,-0.5657169478754653,-0.08556574930877048,1015.7729012713497,1015.8193457738189,1015.6890728160665,0.07688975394136005,0.012599184571944269,0.11767377318039962,49.64449744763498,49.9072943848643,49.625762285548596,-0.08450464800346151,0.7333300222417118,-0.45179792292600496,1.4664719715340786,1.3204368238170678,1.0029208783765118,-0.10881197988609892,0.27251475996260294,0.045001185477953065,3.6556398585301713
2026-09-01 19:30:00,26.88292380317027,26.951992450242248,26.787401890171065,26.206343305261875,27.368460475080255,-0.004714793509672935,-0.04700968229283303,-0.4128575391663637,0.31883817458069763,1.3989925203356286,0.21160024236401753,1016.1271943430502,1016.2390905470891,1016.0932912201796,0.09165527451447976,0.012599184571944269,0.13320014233750044,48.78906514313369,48.72689647778932,48.27987531979699,-0.04947593058156701,0.7333300222417118,-0.28630886424938495,5.47134357730289,5.849478059924499,5.33611761395341,-0.11269705055728745,0.27251475996260294,0.24084568600848577,15.411809196171788
2026-09-01 19:35:00,26.107675039925965,26.114664141873153,26.340261086950168,25.75905376499296,26.921468408907376,0.004658760410137709,-0.04700968229283301,-0.41309372507393466,0.3190743604882686,-1.1807275930831729,-0.17858726278418047,1015.8116767076983,1015.5170947845944,1015.6944567055624,0.09798504451081252,0.012599184571944269,-0.1899611055399646,50.76971319240527,49.98263763502144,48.85989206964622,-0.07683445311370808,0.7333300222417118,0.38941554313350935,12.21552004403194,12.357936331058353,12.002897710934349,-0.1044414798085918,0.27251475996260294,0.08252386016140179,9.146478296565453
2026-09-01 19:40:00,24.872281233414427,24.903995815559714,25.120833607628356,24.53947758667676,25.70218962857995,0.007560489035014651,-0.04700968229283301,-0.4133297587000038,0.31931039411433776,-1.1228165557124647,-0.16982810977580698,1016.0191768148718,1016.3226022718685,1016.1292212741591,0.10333511101356349,0.012599184571944269,0.1807818131374006,53.765167747706236,53.588058158047104,52.10704471658833,-0.10650140555109903,0.7333300222417118,0.7476834192170685,2.431628243064871,2.059861942557641,2.534818459753083,-0.09483054523627096,0.2725147599626029,-0.747471277158045,89.28695692579991
2026-09-01 19:45:00,25.584702996572318,25.484098396582432,25.310603559435766,24.729098877514225,25.892108241357306,0.027208466576517664,-0.04700968229283301,-0.4135656403387437,0.31954627575307765,1.4578630437737132,0.22050451943950122,1016.0427471111971,1016.0183582694233,1016.08647750891,0.08266802780607327,0.012599184571944269,-0.08071842405865937,51.570122012662786,51.329263807958164,51.362213961111195,-0.07785059390908657,0.7333300222417118,-0.7662801753947406,1.2340601741887163,1.100770067934703,0.41594823520228985,-0.11156138536132837,0.2725147599626029,0.41230707276981027,33.14329834614074
2026-09-01 19:50:00,25.07282460729057,25.29532009114503,25.33248757236393,24.75083426746773,25.91414087726013,0.0260932866301398,-0.04700968229283301,-0.41380137028338093,0.31978200569771487,0.06507159695207321,0.00984220107393341,1015.9435355585397,1016.0668425927757,1016.0717555037421,0.07402256695797256,0.012599184571944269,-0.017512095538336325,54.52385353971474,53.4716336108352,52.48921947165671,-0.045582820678819976,0.7333300222417118,0.24908411693677834,6.880989358081315,6.5132992715612925,5.932731730347893,-0.11737719299360055,0.2725147599626029,0.3080527812507965,13.90370252899807
2026-09-01 19:55:00,25.505648247066443,25.442818940327715,25.46783421440428,24.88603232449959,26.049636104308973,0.023325014997350624,-0.04700968229283301,-0.4140369488262004,0.32001758424053434,0.1454157719291871,0.02199440821626908,1015.7094991527005,1015.7545607794307,1015.8169482256159,0.07895885853178983,0.012599184571944269,-0.0749866307571665,54.28859146484948,54.09871565378322,53.361004902155514,-0.015783472892127073,0.7333300222417118,0.004380729385999871,2.9935317551977882,2.8488451548716185,2.994807508760724,-0.1259324698730068,0.2725147599626028,-0.41847711385170827,25.665655458869747
2026-09-01 20:00:00,24.674603096170458,24.440683237768884,24.65304647822361,24.071096041247515,25.23499691519971,0.03220995820255077,-0.04700968229283301,-0.41427237625854946,0.3202530116728834,-1.0932331102032187,-0.16535355816189323,1015.8163880547808,1015.7070187997533,1015.6832059648334,0.08388345785323253,0.012599184571944269,0.01121365034794053,53.8100462488367,53.10516732257927,52.73304152251327,-0.06183638217976202,0.7333300222417118,-0.3612042221757079,7.316992488852854,7.4852650842864845,6.858809673768474,-0.14405974952373823,0.2725147599626029,0.35394065055540747,21.451689071397055
2026-09-01 20:05:00,24.772537056873738,24.652036919736812,24.59415698323028,24.01205803709082,25.17625592936974,0.03369966542682101,-0.04700968229283301,-0.4145076528708425,0.32048828828517645,0.6934764843450907,0.10488961879936554,1015.7348352846741,1015.6727185236936,1015.6325370965513,0.09845945921482736,0.012599184571944269,0.027582242570247217,54.68724322928746,55.0778919780582,53.98589840362611,-0.07814466641228379,0.7333300222417118,0.3586635521903787,6.067928148545762,6.1094454477529005,6.085195336664026,-0.15438508228583234,0.27251475996260294,-0.2482646488737288,10.70418431995112
2026-09-01 20:10:00,24.847213560083087,24.805363856163304,24.788358060442263,24.206110643018476,25.37060547786605,0.027843534352613948,-0.04700968229283301,-0.4147427789525647,0.3207234143668986,0.42323758199224315,0.06401547801387508,1015.5865096792862,1015.5429683119752,1015.5351316073295,0.09672105815307423,0.012599184571944269,-0.004762479926284868,54.22748603762327,55.22317035251366,54.55898312340085,-0.04934006569216754,0.7333300222417118,-0.06914279312889704,9.38671937711495,10.001990077505372,9.511936108531692,-0.12997252383317895,0.27251475996260294,0.21753920901107726,7.212992467698859
2026-09-01 20:15:00,24.818357488880356,25.052743741500535,25.072230464950117,24.489834614092068,25.654626315808166,0.035585694946409646,-0.04700968229283301,-0.4149777547922763,0.3209583902066102,0.181967719550034,0.027522958843253065,1015.7551959322593,1016.01963766583,1015.8805045817699,0.10159094719316,0.012599184571944269,0.1265338994882086,53.921800127403536,52.89238148509491,52.75236371347488,-0.04788610127243123,0.7333300222417118,-0.593312250621679,3.9882249805373147,4.222090776418532,4.36437129648681,-0.12387742487105455,0.27251475996260294,-0.41479528003088184,28.223425015617032
2026-09-01 20:20:00,23.818906258853197,23.836250429714397,24.101818152576683,23.519273906105507,24.68436239904786,0.025797770548159966,-0.04700968229283301,-0.415212580677617,0.32119321609195095,-1.4449939215564207,-0.2185580405694516,1015.5149505672492,1015.5946072771305,1015.6952912259609,0.10178743809633553,0.012599184571944269,-0.11328313340231944,57.70375466991987,58.98813550172406,56.95917526475515,-0.08546535088934248,0.7333300222417118,1.295630214727197,5.727980419950553,5.684475989088864,5.100458305439759,-0.104704545184997,0.27251475996260294,0.31150292368650145,28.954969951108612
2026-09-01 20:25:00,23.992409171593476,23.971809641068216,23.918045088161303,23.335352483869237,24.50073769245337,0.01663011326787006,-0.047009682292833026,-0.41544725689530965,0.3214278923096436,0.6662676739493385,0.10077423519974715,1015.8559193584894,1015.8675836562649,1015.8055018797593,0.08994412525831685,0.012599184571944269,0.04948259193361082,57.326491299523724,57.15422624899567,57.06759467815766,-0.06942422301995202,0.7333300222417118,-0.6466984514037009,4.348887009154307,4.455618440609482,4.2856731766077765,-0.09641356078481364,0.27251475996260294,-0.10256949596089804,4.997433612637637
2026-09-01 20:30:00,23.763714452140402,23.522691970129262,23.579170466025808,22.99632954167623,24.162011390375387,0.008710202941385858,-0.047009682292833026,-0.41568178373116477,0.3216624191454987,-0.06260295007248828,-0.009468813603710657,1015.5946397076947,1015.5173230000913,1015.5847348192799,0.06287462928517988,0.012599184571944269,-0.08001100376054637,55.84676990990254,54.972310324867074,54.948631847717785,-0.09444247708465349,0.7333300222417118,-0.7096515450924201,5.488560793245325,5.323995848595426,4.972321540726476,-0.10383199239489839,0.27251475996260294,0.07915954790634672,4.204977205755219
2026-09-01 20:35:00,23.520224300536768,23.706327058846565,23.67718747632478,23.094198269652242,24.260176682997315,0.029006240343881967,-0.047009682292833026,-0.4159161614700841,0.321896796884418,0.5034599710970227,0.07614926481462092,1015.6815812548388,1015.9290505336585,1015.8122155445327,0.0680467455907408,0.012599184571944269,0.10423580455380943,59.174109263470115,59.748678980245735,57.96317286119843,-0.031634107390926064,0.7333300222417118,1.0521760968055958,4.250002016845879,3.8041010383582914,3.6324310828606445,-0.10764970436163881,0.27251475996260294,-0.10084480446495592,8.964398245310454
2026-09-01 20:40:00,24.31606382077944,24.16636438497886,24.135446005366546,23.552308554076827,24.718583456656265,-0.019309004995903732,-0.04700968229283302,-0.41615039039606505,0.322131025810399,0.5152204671958955,0.07792806190514767,1015.6813907347888,1015.9711550377591,1015.9510983884715,0.07013411209169453,0.012599184571944269,0.0074574647156850915,56.29447357117188,55.95974533236155,56.12091242288815,0.022435343793712988,0.7333300222417118,-0.8944971127683132,2.5146122144347465,2.804579845361767,2.511814354376665,-0.10176534255923574,0.27251475996260294,0.020250731022499302,4.818773853182494
2026-09-01 20:45:00,23.6007455909936,23.567364996730873,23.750573833233283,23.167288175003396,24.33385949146317,-0.013375022474459597,-0.04700968229283302,-0.41638447079220475,0.3223651062065387,-0.9004791104513181,-0.1361991542095744,1015.5878714515878,1015.8282990479804,1015.8753900104485,0.0627160115864925,0.012599184571944264,-0.05969014704010078,57.40415169171357,57.38234110460453,56.37876813706726,0.043578753716157846,0.7333300222417118,0.27024294529555704,4.631339916806983,4.836647079361971,4.427110134745226,-0.09739028052450538,0.27251475996260294,0.13702218465414173,5.413638514408257
2026-09-01 20:50:00,22.763896384204084,23.047072054319003,23.156009049462092,22.572575221940347,23.739442876983837,-0.012860945261456263,-0.04700968229283302,-0.41661840294070357,0.3225990383550375,-0.40943170250699623,-0.06192731285025488,1015.7027437072309,1015.8198952430123,1015.820281298878,0.04328593490830211,0.012599184571944264,-0.012985240437615175,60.37936960780012,60.14716100081356,58.81567653828241,0.09121398838309994,0.7333300222417118,0.5981544402894414,4.769533199483066,4.594053234423288,4.4233171351232095,-0.10316370068158871,0.27251475996260294,-0.10177866066252506,3.741141096467979
2026-09-01 20:55:00,23.465599359007136,23.52927802306697,23.432268256667406,22.84868629747344,24.015850215861374,-0.03807400215002807,-0.04700968229283302,-0.41685218712286964,0.3228328225372036,0.9521828956930598,0.14401944869239713,1015.5316621581372,1015.6259794734991,1015.6506262623038,0.05084280908120697,0.01259918457194426,-0.03724597337668456,57.98779904584402,57.42789038598952,57.45380728112427,0.09348168563741828,0.7333300222417118,-0.7592469173764584,7.094604365442188,7.058521454134209,6.672499893778546,-0.11826363238738079,0.27251475996260294,0.11350680039306038,7.149353439096341
2026-09-01 21:00:00,23.778310117984887,23.419231207978864,23.480846059847053,22.89711600657185,24.064576113122257,-0.03342810046298804,-0.04700968229283302,-0.4170858236191223,0.3230664590334562,-0.09656190732997771,-0.014605169575354182,1015.7217784588122,1015.5870395543067,1015.5626421282496,0.047651768190860345,0.012599184571944262,0.01179824148505304,55.54100952881173,56.24047915267379,55.78309156142476,0.12027199794054383,0.7333300222417118,-0.27594243099267857,6.342891098231584,6.629786833933531,6.480583542121766,-0.0853860205134934,0.27251475996260294,-0.12331146815083827,2.5990169809313004
2026-09-01 21:05:00,23.17429571076714,22.79410184291113,22.947455272126557,22.363577162332508,23.531333381920607,-0.02629182058551506,-0.047009682292833005,-0.4173193127089966,0.3232999481233305,-0.7030904353750103,-0.10634374692259385,1015.3773034278095,1015.3947648236621,1015.4000089655902,0.05433426485927809,0.012599184571944262,-0.017843326500155854,60.49777450909674,60.44072559505751,58.67753948064092,0.17199220827611644,0.7333300222417118,1.0298560921748816,5.742232176441479,5.909340087066363,5.6534443531374,-0.08679751723692145,0.27251475996260294,-0.016619026033639628,6.721399107663287
2026-09-01 21:10:00,21.986372495027133,21.956063172888133,22.081511246824345,21.497485118045272,22.665537375603417,-0.01744723211515406,-0.047009682292833005,-0.41755265467114655,0.3235332900854806,-0.5185945062740593,-0.07843839164337751,1015.5861064627412,1015.5602302794634,1015.482427974968,0.07670284722421919,0.012599184571944262,0.06520311992346706,63.07364262564458,62.104905854040105,61.19064201322179,0.18058466213891738,0.7333300222417118,0.18093381857660518,1.9080070110690885,1.3790217295254312,1.2678344930891368,-0.09005490616874764,0.27251475996260294,-0.16132752352630852,5.00653412739343
2026-09-01 21:15:00,22.23426613116645,21.934493355130662,21.877658234138266,21.293484123879455,22.461832344397077,-0.057224653060828294,-0.047009682292833005,-0.41778584978334965,0.3237664851976837,0.6865686988289923,0.10384480328523082,1015.8456731158425,1015.6228519761552,1015.5840171619905,0.051005676660382734,0.012599184571944262,0.0262356295927475,62.79040980328192,63.40291101379058,62.832188459749304,0.17165311113591747,0.7333300222417118,-0.16260746820043437,6.210786301041113,6.194950745958365,5.510841693498559,-0.08892156152969463,0.2725147599626029,0.4115942924972025,25.52583398045025
2026-09-01 21:20:00,22.769670859071752,22.86265139671534,22.706842871030766,22.122520816769015,23.291164925292517,-0.03672881188301172,-0.047009682292833005,-0.41801889832251016,0.3239995337368442,1.3409302030011183,0.20281820797740835,1015.3921062465126,1015.5932732263434,1015.5977539594937,0.04261046695595437,0.012599184571944264,-0.017079917722298887,60.818288039949415,59.965813501730125,60.28715230256023,0.11199134259971841,0.7333300222417118,-1.0546688230718146,4.581066448706461,4.439428143637147,4.451465126670871,-0.09134884742280491,0.2725147599626029,-0.28455174299632713,21.65322588003378
2026-09-01 21:25:00,21.81597099056846,21.776628741108173,22.051600632353086,21.46713067153673,22.636070593169443,-0.047794862453284334,-0.047009682292833005,-0.4182518005646634,0.3242324359789973,-1.507169470508007,-0.22796220895207853,1015.4273577321828,1015.3630811998202,1015.4132349953852,0.04009795959621141,0.012599184571944264,-0.06275298013702013,63.466931484752095,62.65340501581136,61.33228069389097,0.10908166919946612,0.7333300222417118,0.5877942996786771,8.241297427487924,8.485076078883777,7.973876647568847,-0.09012155834575007,0.2725147599626029,0.23868467135232763,15.840484014198005
2026-09-01 21:30:00,22.113962426702972,22.109543034255758,22.076459857495685,21.49184202754464,22.66107768744673,-0.037496346251986695,-0.047009682292833005,-0.4184845567849792,0.32446519219931313,0.5295329981454167,0.08009285905290753,1015.5924147123069,1015.8293618721082,1015.700301273609,0.05755587368597122,0.012599184571944264,0.11646141392714071,62.866898133842156,63.95888457848316,62.93497820716305,0.137901480659147,0.7333300222417118,0.2905763490783997,8.73810779194681,8.970168528097021,8.84333855879255,-0.07725208548458588,0.2725147599626029,-0.14568479065813023,5.652485953935727
2026-09-01 21:35:00,22.08502476724741,21.91729589137719,21.97277149435113,21.388005832656916,22.557537156045342,-0.026380239541752407,-0.047009682292833005,-0.41871716725776575,0.3246978026720998,-0.055972335278532626,-0.008465920681103967,1015.5279254979008,1015.6981064954703,1015.7245515252874,0.037919037455493396,0.012599184571944264,-0.03904421438915051,62.69266855108516,61.90659528234101,61.76592163874068,0.17099865062401404,0.7333300222417118,-0.5926563786413794,1.3100633970047095,1.6271481751766728,1.7066422355370365,-0.07849757028145012,0.2725147599626029,-0.35200882032296654,19.66274610608096
2026-09-01 21:40:00,21.24455248109994,21.55329851633124,21.64225655881776,21.057343102743555,22.227170014891964,-0.0395306958260418,-0.047009682292833005,-0.41894963225647397,0.324930267670808,-0.2773410913696033,-0.041948360193686085,1015.5384993211608,1015.6831563874194,1015.6977198568197,0.06114936976366065,0.012599184571944264,-0.027162653972254702,67.00868232630322,65.34417786868538,63.95629681293941,0.18865142792415837,0.7333300222417118,0.6545510335042621,7.209761634945606,6.784268658654815,5.9546102376257375,-0.09012467467472773,0.2725147599626029,0.5571436610664744,46.76119707570075
2026-09-01 21:45:00,21.433160780876722,21.972055729938045,21.918501254048273,21.333440040928934,22.50356246716761,-0.02962379654076855,-0.047009682292833005,-0.41918195205370035,0.3251625874680343,0.6648787522146904,0.10056415818260689,1015.5433638818246,1015.6980761331715,1015.6888907860987,0.06277964058245614,0.012599184571944264,-0.0034138374991243836,61.84897637934043,62.516971526910105,62.49289882126155,0.16970595960047996,0.7333300222417118,-0.7092573165931526,1.0781447133972581,0.7511701405608727,0.9585019410951272,-0.09174111261951384,0.27251475996260294,-0.4798465604968575,36.51010082889911
2026-09-01 21:50:00,20.003677905505697,19.9125547655999,20.28224922889107,19.69704029603318,20.867458161748964,-0.03540619515445392,-0.047009682292833005,-0.41941412692119096,0.325394762335525,-2.1334266445035723,-0.32268478099833686,1015.5483485082559,1015.5176790585865,1015.5451715578935,0.06162763264164984,0.012599184571944267,-0.04009168387892714,70.72078434798075,70.57821080908317,68.28088327754642,0.10051720468731429,0.7333300222417118,1.5639975092950351,3.720345969245607,3.9581855696526254,3.3009374045822977,-0.09638513043361295,0.27251475996260294,0.3847334051077249,44.88423948608394
2026-09-01 21:55:00,20.73528550584817,20.739416502686645,20.512066846028794,19.926710230710686,21.097423461346903,-0.06647685284452629,-0.047009682292833005,-0.419646157129846,0.3256267925441799,1.8139235512591299,0.2743593389506849,1015.60173391439,1015.9396623525666,1015.8190288579951,0.05925091548302296,0.012599184571944267,0.10803430999953889,67.24140933417512,67.15046991352177,67.57215538845028,0.08318467625714857,0.7333300222417118,-1.1550154971702256,4.862265280840988,4.6026253951771094,4.424866181407825,-0.08214614106114444,0.27251475996260294,-0.09475554619331916,17.400003143679832
2026-09-01 22:00:00,20.890584130986277,20.861106875637528,20.840984940634005,20.25548068010581,21.4264892011622,-0.0489607239616096,-0.047009682292833005,-0.419878042949722,0.3258586783640559,0.4438399003063118,0.06713161729635786,1015.4777871051799,1015.5382716789197,1015.6263143027758,0.05401575909686262,0.012599184571944267,-0.10064180842800852,67.36955407422471,67.19048636531481,66.78287882393187,0.07253260577026027,0.7333300222417118,-0.3257224808587722,2.2019727039265917,1.675107859238531,1.5750366256427135,-0.07043495041376874,0.27251475996260294,-0.17244352636678562,6.393813267547712
2026-09-01 22:05:00,20.340856494801358,20.228332723706288,20.400372373095603,19.81472050457927,20.986024241611936,-0.0605863984068532,-0.047009682292833005,-0.4201097846500367,0.3260904200643706,-0.8266341608667744,-0.12502996709648073,1015.3599722986088,1015.4718552115846,1015.478274810682,0.06659316020809247,0.012599184571944269,-0.019018783669366712,70.34297791203421,70.58989395516781,69.174395671479,0.061580091918609775,0.7333300222417118,0.6821682614470888,6.4414774753384885,6.531896721213247,5.912679835312474,-0.06935970040946075,0.27251475996260294,0.34670212593816974,21.236578119781143
2026-09-01 22:10:00,21.343151749073296,21.10333385517881,20.98940044223583,20.40360100292518,21.57519988154648,-0.07340380034792401,-0.047009682292833005,-0.4203413824991721,0.326322017913506,1.0640733863018248,0.1609430952358153,1015.4756216424611,1015.4320311035851,1015.4041052884453,0.05377091115910321,0.012599184571944269,0.01532663056786987,64.51410353007338,63.995157700963766,64.73211270219684,0.08322956441283713,0.7333300222417118,-1.4702850234747942,0.5037771927495267,0.25746460171208163,0.46814822905142783,-0.08214705895765331,0.2725147599626029,-0.4831983873019491,47.189482780375066
2026-09-01 22:15:00,19.97027782148233,19.67383443561776,19.97717607105598,19.391229098116728,20.56312304399523,-0.07944978836847484,-0.047009682292833005,-0.4205728367646784,0.3265534721790124,-1.6947357014672022,-0.25633195314538426,1015.6369395846469,1015.5551806768693,1015.4911087285024,0.05791588133882945,0.012599184571944269,0.05147276379500454,70.01505718438064,71.3486773228316,68.92000173892833,0.1527282387983565,0.7333300222417118,1.6953455616615543,2.363356512632155,2.8058877621326226,2.157667938028819,-0.09440598159205277,0.2725147599626029,0.37570506414120075,42.15656764788338
2026-09-01 22:20:00,20.220463040609044,19.917977350015377,19.852959553758065,19.26686508432786,20.43905402318827,-0.07536623748856403,-0.047009682292833005,-0.42080414771327745,0.3267847831276114,0.7406683603608464,0.1120274785501465,1015.30785256789,1015.4327526705617,1015.4429157468462,0.05330570135034575,0.012599184571944269,-0.022762260856438843,68.96578778684857,67.94185516346384,67.99448216125836,0.15705176086279476,0.7333300222417118,-0.7859570200362356,5.128287960406652,5.122888577626984,4.842789856081177,-0.09425474897620723,0.2725147599626029,0.0075839615832036245,4.567919017187796
2026-09-01 22:25:00,20.304991476188818,20.30981418764775,20.244680475241925,19.658438546430386,20.830922404053464,-0.07622529365089556,-0.047009682292833005,-0.42103531561086627,0.3270159510252002,0.7414347386170554,0.1121433946986592,1015.1558514077859,1015.2326385321448,1015.2648268837368,0.044160099968176575,0.012599184571944269,-0.04478753616388076,67.15833152277894,67.66369760436297,67.12518523797864,0.1494661482423186,0.7333300222417118,-0.19481765585739197,6.156855110367297,6.114041377076802,5.916128117177356,-0.09089151928299442,0.2725147599626029,-0.07460150006315747,2.5430531672095875
2026-09-01 22:30:00,20.68755451323641,20.515615327815397,20.55662109608536,19.97023174497411,21.143010447196612,-0.068004289780288,-0.047009682292833005,-0.42126634072252067,0.3272469761368546,0.03969480713676177,0.006003914022869594,1015.4407959217716,1015.3975848689626,1015.3291086419771,0.07519180207638332,0.012599184571944269,0.05587704241349911,67.98589807874315,68.63998826663159,67.62702473931293,0.14039338478717536,0.7333300222417118,0.2796335050769443,8.66947943322485,8.464068518263868,8.131680169171826,-0.09463774747625497,0.2725147599626029,0.059873589129439964,1.2651209102361878
2026-09-01 22:35:00,19.397252359741373,18.79349715943505,19.146335089635134,18.559798353277834,19.732871825992433,-0.08809663027821787,-0.047009682292833005,-0.42149722331249884,0.32747785872683277,-2.021979873697674,-0.3058282479072503,1015.2277294537021,1015.0921858567791,1015.1362234137366,0.08022041089342484,0.012599184571944269,-0.05663674152947351,72.25588592070206,71.7929113636643,70.429548573868,0.14474685162894535,0.7333300222417118,0.6300327675545816,6.081082423893815,6.458893580753578,6.374427967090397,-0.09943944331832731,0.2725147599626029,-0.18804914629942182,17.337095272968963
2026-09-01 22:40:00,20.29968224317019,20.289421461455174,19.98992326917712,19.403239184599506,20.57660735375473,-0.0992324258346789,-0.047009682292833005,-0.4217279636442449,0.32770859905857885,2.2909327482155035,0.3465078745708894,1014.8892218128125,1014.7863129471427,1014.8257049994177,0.08757959742935857,0.012599184571944269,-0.05199123684690221,65.11912232082081,64.41589133461531,65.40633908557349,0.11575657001675138,0.7333300222417118,-1.7237777731998989,5.805220533868452,5.807419436185285,5.476508034873806,-0.10536743565011378,0.2725147599626029,0.058396641348875455,28.758455266236908
2026-09-01 22:45:00,19.703661287728718,19.595036649316384,19.769227155238816,19.182395759438734,20.3560585510389,-0.10097238191950189,-0.047009682292833005,-0.4219585619803924,0.32793919739472643,-0.8408545236060867,-0.12718082362959748,1015.3097901495261,1015.5904431258871,1015.3522703540062,0.10123291879738253,0.012599184571944269,0.22557358730887245,69.50571723263269,70.43942012354168,68.25997656433023,0.1199635195728633,0.7333300222417118,1.446113536969733,3.8946773391160154,3.6665261084166003,3.451549746823891,-0.10560137525255324,0.2725147599626029,-0.057538398369893606,18.60080083779027
2026-09-01 22:50:00,19.1745108618947,19.371341389645305,19.45750513642144,18.87052646636888,20.044483806474,-0.07250407252962131,-0.047009682292833005,-0.4221890185827677,0.32816965399710174,-0.2588666380572633,-0.03915406448329861,1015.0680909193011,1015.0602795665571,1015.1785953112729,0.08417671945355996,0.012599184571944269,-0.13091492928776916,71.91443666358045,71.25749001171154,70.33003848936083,0.1357419513444763,0.7333300222417118,0.19412150010899154,0.19717719448594928,0.0,-0.20365810165570042,-0.1294289987732839,0.2725147599626029,-0.06885665830690246,2.9424303614413714
2026-09-01 22:55:00,19.621958857681832,19.622372076494205,19.596178727127306,19.009052819764438,20.183304634490174,-0.07421126060582768,-0.047009682292833005,-0.4224193337123935,0.32839996912672753,0.4839809851525736,0.07320303165973385,1015.0986250098279,1015.1529929503395,1015.1422307309564,0.10520422236302435,0.012599184571944269,-0.0018369651888860972,69.1219770996154,68.77972691058454,68.85216747256845,0.14308096356958339,0.7333300222417118,-0.8057705842256269,1.9678502236320294,1.805366042201783,1.2900181312618253,-0.140442265060981,0.2725147599626029,0.24283315097735492,12.317597453620369
2026-09-01 23:00:00,19.389262107412392,19.03559446149943,19.17005471180183,18.582781604043035,19.757327819560622,-0.05793292665090321,-0.047009682292833005,-0.4226495076294924,0.3286301430438263,-0.5781784046070086,-0.08745056800956519,1015.1238650848884,1015.4165128599234,1015.3375088464276,0.07509673622108344,0.012599184571944269,0.0664048289238508,70.35152408350841,71.22046618473595,70.05345893287864,0.15909493125975072,0.7333300222417118,0.43367722961559707,4.80978180394191,4.369774979280013,4.063222560094796,-0.1467127735154545,0.2725147599626029,0.034037659222613925,2.432231061687478
2026-09-01 23:05:00,18.944649335269585,18.44135940800445,18.540406935853408,17.95298666458532,19.127827207121495,-0.05735459911913844,-0.047009682292833005,-0.42287954059349,0.328860176007824,-0.34404760549452007,-0.052037845556125006,1015.0625044389775,1014.9600533940551,1015.0624079132416,0.0658715393006212,0.012599184571944269,-0.11495370375848779,74.9374824280288,75.13955151244697,73.700332968809,0.17427609758694945,0.7333300222417118,0.7058885213962611,5.831893107292049,6.005918598229797,5.785012719987234,-0.1346377415659353,0.2725147599626029,-0.051608881720040856,4.699771975770233
2026-09-01 23:10:00,19.09039007608518,18.88188612053689,18.782864739932705,18.195297342014243,19.370432137851168,-0.06460947868070196,-0.047009682292833005,-0.42310943286301883,0.32909006827735277,0.965482659410835,0.14603106289701984,1015.0981611366709,1015.0494750720358,1015.009190351716,0.0603631592224744,0.012599184571944269,0.027685535747764334,75.48632030256537,74.16086508217042,74.03955169268858,0.11225971370832391,0.7333300222417118,-0.6120166327598753,4.042920202379101,3.357641708186606,3.273812288593688,-0.1427758779852246,0.2725147599626029,-0.18868534036968487,9.346019985049688
2026-09-01 23:15:00,18.788769156978187,18.595437327797036,18.678008660651503,18.0902941729139,19.265723148389107,-0.06831034504241858,-0.047009682292833005,-0.42333918469592124,0.3293198201102552,-0.23511543555288128,-0.03556165056163252,1014.8821445753572,1014.8341733906752,1014.8449069917732,0.06734383960212047,0.012599184571944269,-0.02333278566993613,75.76064826986774,77.29284575476272,76.26584556664756,0.134550169252163,0.7333300222417118,0.29367016587345063,6.299484358908491,6.116658953841657,5.603301739271398,-0.14097119656691254,0.2725147599626029,0.2408424546076562,8.91417490423959
2026-09-01 23:20:00,18.871474652185302,18.989269851662485,18.971673165783827,18.383811625030674,19.55953470653698,-0.0708366407228518,-0.047009682292833005,-0.42356879634925304,0.3295494317635871,0.427144245338237,0.06460636817149279,1014.9780296630536,1015.2907083940244,1015.1498268424016,0.06996845879581833,0.012599184571944269,0.12828236705081508,73.18254580467926,72.86960184730927,73.31040232602436,0.11106464965397714,0.7333300222417118,-1.1741305009568066,4.72442157440759,4.768755868876369,4.670076899994045,-0.13870576905760257,0.2725147599626029,-0.1738357910802799,13.671640527063897
2026-09-01 23:25:00,18.976895076018067,18.91333893492171,18.99659124884198,18.40858269184925,19.58459980583471,-0.06178195463844072,-0.047009682292833005,-0.423798268079287,0.32977890349362105,-0.2396177338815768,-0.03624263162743446,1014.813565973171,1015.1805401801658,1015.2006983884451,0.06796668190743761,0.012599184571944269,-0.032757392851181066,74.69328600368571,74.44379045070941,73.30822757272821,0.07271027894883861,0.7333300222417118,0.4022328557394843,1.5268948845387103,1.5038041065706125,1.3242162800646278,-0.12572660400099495,0.2725147599626029,-0.09292693345661807,2.3221060568904974
2026-09-01 23:30:00,19.23527942382813,19.420854337823037,19.405898707583702,18.817743171099796,19.99405424406761,-0.0411627856247924,-0.047009682292833005,-0.42402760014151564,0.33000823555584957,0.40968293695822666,0.06196531253216975,1014.9125615575413,1015.0931187551234,1015.12695254673,0.06782271377190492,0.012599184571944269,-0.046432976178493846,72.465910984242,72.70459285107701,72.14511180755669,0.03405446497391374,0.7333300222417118,-0.17384897872139504,2.5396266124636853,2.211340890627631,1.756355566584245,-0.11310082993135344,0.2725147599626029,0.18247056408078333,5.552596884875516
2026-09-01 23:35:00,17.997482604459563,17.696748420409538,18.0475851667437,17.459282687489473,18.63588764599793,-0.035767572909497586,-0.047009682292833005,-0.4242567927906552,0.33023742820498914,-2.008749070041862,-0.30382706404132875,1014.8410690051402,1015.014663151253,1015.0249660404893,0.0560864374896341,0.01259918457194427,-0.022902073808268142,77.61598099928196,78.16527085822568,76.21391426164483,0.04922842134045227,0.7333300222417118,1.2180265743391345,7.44548543496725,7.529887187359913,7.053001966549829,-0.1136758596193026,0.2725147599626029,0.204370460847481,23.406902963268646
2026-09-01 23:40:00,19.240514459096204,19.41560592824392,19.08964065394378,18.501191268612573,19.678090039274984,-0.017961407728371254,-0.04700968229283305,-0.4244858462806484,0.33046648169498233,2.465919550547774,0.3729749565929765,1014.5532321187226,1014.5042985170505,1014.5940802095837,0.03811964875582402,0.01259918457194428,-0.10238087710513355,69.9153414364452,71.52566316836597,72.37903413549708,0.041438298887582416,0.7333300222417118,-1.5867009893728294,6.248413809583399,5.864171286036429,5.907449683533511,-0.11843070703119703,0.2725147599626029,-0.3157931574596855,43.05074559921268
2026-09-01 23:45:00,17.504163019463586,17.615927596356954,17.979260582309497,17.390664327567187,18.567856837051806,-0.03243325379281654,-0.04700968229283305,-0.4247147608646681,0.330695396279002,-2.09136781169887,-0.31632330365970773,1014.7989719305926,1015.1379089918522,1014.9346933227381,0.046837788223856744,0.012599184571944297,0.1906164845421472,77.42339711816828,76.07791199009182,74.36007715437694,-0.017430608551906965,0.7333300222417118,0.9845048134731655,8.252805813101569,8.121021378093072,7.682745881383148,-0.12506903805945394,0.2725147599626029,0.16576073674732061,23.535550770544315
2026-09-01 23:50:00,18.125032902240598,17.682733368529334,17.647946957944818,17.059203870429837,18.2366900454598,-0.03865271142502699,-0.04700968229283305,-0.4249435367951203,0.33092417220945425,0.5407939085969247,0.0817960928773509,1014.4959362188731,1014.5912529186012,1014.6880025031978,0.055162261574290966,0.012599184571944297,-0.10934876916860503,76.30168508119138,76.96174756331196,76.04010075968269,-0.0006992850201770415,0.7333300222417118,0.18831678138755592,1.9450208880814737,2.013093689391469,2.094662795910292,-0.12747967028411175,0.2725147599626028,-0.35408386648142587,20.11199045208219
2026-09-01 23:55:00,18.32491993857006,18.53992625738407,18.382281991133162,17.793392107456533,18.97117187480979,-0.049517249438141994,-0.04700968229283305,-0.4251721743236479,0.33115280973798183,1.3530671802223502,0.20465394854374352,1014.6355160580925,1014.8376587918361,1014.76589578083,0.07417619407617568,0.012599184571944297,0.05916382643420093,76.46670367519047,77.0100258608324,76.51736920789605,-0.051085569598136,0.7333300222417118,-0.24067336930536953,11.831617323784977,11.838671153805562,10.8722464253807,-0.13182000382734776,0.2725147599626028,0.6939099684622594,73.82346831640992
2026-09-02 00:00:00,18.108977253363975,18.082868371142226,18.247803375078284,17.65876673182366,18.836840018332907,-0.044800580575019205,-0.04700968229283305,-0.425400673701133,0.3313813091154669,-0.7796618807894973,-0.11792532164322367,1014.5050930970102,1014.553960345109,1014.5946370419094,0.06469598891439318,0.012599184571944297,-0.05327588137242856,77.1154338501673,76.95951009941801,76.42711887815506,-0.046191822049998624,0.7333300222417118,-0.20093880097876138,2.6660629243123473,2.3372674911527413,2.902171307521325,-0.12628372973376545,0.2725147599626029,-0.8374185763311863,102.05663415752645
2026-09-02 00:05:00,17.65767195819507,17.685895902616064,17.808492311151202,17.219308944874903,18.3976756774275,-0.05018495635271041,-0.04700968229283305,-0.4256290351777009,0.33160967059203483,-0.4997407539246659,-0.07558672624230311,1014.6591358949654,1014.6919407783042,1014.6350391240045,0.07300977143800426,0.012599184571944297,0.04430246972776786,77.96515499821152,78.55712959441306,77.57735618642405,-0.03784435965144173,0.7333300222417118,0.24644338574728408,0.5987125481125462,0.8358802715229418,0.23566376307287484,-0.12208063155891341,0.27251475996260294,0.3277017484874639,16.458104208951166
2026-09-02 00:10:00,17.73689884538864,17.52468126060576,17.55262897029667,16.963298917527705,18.141959023065635,-0.03923836229719748,-0.04700968229283305,-0.4258572590027232,0.33183789441705713,0.12602800826220317,0.019061972601924992,1014.2810166424241,1014.6000782720612,1014.5963049896596,0.06960529069762748,0.012599184571944297,-0.00882590217042889,77.11674772211954,77.85731777443667,77.38341807595455,-0.006849161792115154,0.7333300222417118,-0.2594303237596023,13.428456625669927,13.338302377468125,12.418711739202859,-0.11616261964746326,0.27251475996260294,0.6470758783026636,60.13684658416601
2026-09-02 00:15:00,17.539607396235134,17.741453410847843,17.711175633374207,17.12169893061432,18.300652336134096,-0.0532033879716841,-0.04700968229283305,-0.4260853454248206,0.33206598083915456,0.5109851336702285,0.07728745976647033,1014.190995534713,1014.3558450771937,1014.393495122574,0.08389099051994928,0.012599184571944297,-0.05024922995221459,79.32370815915525,78.27364773689986,77.52744835942316,0.05550980573422465,0.7333300222417118,0.012869355234983004,3.1594936002728247,3.2788224410214686,4.014857718874847,-0.10356978253310158,0.27251475996260294,-1.0085500378159815,146.05103285697703
2026-09-02 00:20:00,17.42102365961635,17.13129527039671,17.271054839064377,16.681431522788067,17.860678155340686,-0.05255792337186488,-0.047009682292833053,-0.4263132946918664,0.33229393010620034,-0.613214785818375,-0.09274988637483261,1014.1670777423168,1014.4809386053174,1014.4184262889545,0.09615454384008698,0.012599184571944297,0.04991313179095869,78.56665072955293,79.97421006858531,78.93272761604794,0.007746134327705684,0.7333300222417118,0.30815243029564954,5.775468538270082,6.149257748952957,5.329479887287807,-0.0849410913190998,0.2725147599626029,0.5472631017025469,44.40980056476766
2026-09-02 00:25:00,17.91991006288242,18.044073411850526,17.91467788261904,17.324907989273616,18.50444777596446,-0.04225505470668103,-0.047009682292833053,-0.42654110705098947,0.3325217424653234,1.166300986773905,0.17640521152432243,1014.0488695671247,1014.1858578495172,1014.2215597342197,0.09868905663078047,0.012599184571944297,-0.04830106927443012,78.2084210075387,76.96732075439368,76.96682019283433,0.005909549365498953,0.7333300222417118,-0.7328294606823675,2.425076820279732,2.6766385275270896,2.642804670452162,-0.08369445738502423,0.2725147599626029,-0.2386809028876753,14.44024330615298
2026-09-02 00:30:00,17.649547413162928,17.740434312012372,17.87704001641025,17.287123582415845,18.466956450404652,-0.07323459633229018,-0.047009682292833053,-0.42676878274857744,0.33274941816291137,-0.5923630491932457,-0.08959602210504158,1014.1364732829769,1014.1038329972642,1014.0881973981662,0.09461469475078862,0.012599184571944297,0.003036414526036424,77.01315110818071,76.10113589722864,75.4529102059889,-0.003762185961048654,0.7333300222417118,-0.0851043310019719,5.124290820430808,5.387629822659053,4.866041779404103,-0.0726998196710677,0.2725147599626029,0.24907328329234701,9.739334650816925
2026-09-02 00:35:00,17.159654517695234,16.923410905338454,17.11556769814002,16.52550475988964,17.7056306363904,-0.04141012672233713,-0.04700968229283304,-0.4269963220302799,0.3329769574446138,-0.9596384185643672,-0.14514711050873075,1013.6939761157219,1013.7126205566842,1013.7564328775658,0.10614588089408776,0.012599184571944297,-0.056411505453525024,79.52687201422074,79.32886092836905,77.70754897401045,0.011419053047585025,0.7333300222417118,0.8879819321168867,8.420159783773627,8.40174734121906,8.107783642552135,-0.07621642150940985,0.2725147599626029,0.02144893870432263,6.700906782711363
2026-09-02 00:40:00,17.730171724736067,18.08118903962505,17.882075973792443,17.291866567651986,18.4722853799329,-0.04565740499553527,-0.04700968229283304,-0.4272237251410111,0.333204360555345,1.6272376622310034,0.24612274812544044,1013.6961461336871,1013.8254996552299,1013.7396997678544,0.11390873517316655,0.012599184571944297,0.07320070280354685,76.26052962057229,77.8194494911522,77.4561643251203,0.018967460030261674,0.7333300222417118,-0.370044856209816,3.416774854256607,3.59058903885618,3.6719461374959685,-0.0643663516735797,0.2725147599626028,-0.35387185860239123,25.576816452204525
2026-09-02 00:45:00,17.4302307382251,17.400503430567923,17.591510078379766,17.001154240688063,18.18186591607147,-0.07603300370067786,-0.04700968229283304,-0.4274509923249538,0.33343162773928775,-0.9520342484559201,-0.1439969655190083,1013.6096729088476,1013.6213933267892,1013.6163859044178,0.10569545034813235,0.012599184571944297,-0.007591762200604535,77.07312147028658,76.83314450801835,76.3938656414298,0.006628341534479975,0.7333300222417118,-0.29405115565316464,5.7931282130333575,5.803455925300831,5.220967835317936,-0.053751260101821255,0.2725147599626028,0.30997333002029226,16.354007577484165
2026-09-02 00:50:00,17.57292842553073,17.630045352362906,17.642205251160128,17.05170301822898,18.232707484091275,-0.07366159522202607,-0.04700968229283304,-0.4276781238255614,0.33365875923989535,0.23040893479603497,0.03484978349561274,1013.825941463584,1013.7495841185562,1013.6841399995665,0.08976186626637918,0.012599184571944292,0.052844934417748846,79.9376131967009,79.90326284959333,78.48578723064578,-0.00880323506689997,0.7333300222417118,0.6841455967058323,2.5092071335521706,2.102742692816255,2.0765978427205987,-0.04366710040239134,0.2725147599626028,-0.2463699098669463,11.50574067873917
2026-09-02 00:55:00,17.443627300284266,17.065043198014685,17.194573654724124,16.60392506283833,17.78522224660992,-0.07315994320242881,-0.04700968229283304,-0.4279051198855617,0.3338857552998956,-0.5455851320932439,-0.08252077441660433,1013.8514885185044,1014.1180005447308,1014.0130955330806,0.08629947145819762,0.012599184571944292,0.09230582707823487,79.71818487726907,80.81596874539437,80.03287433298091,-0.047879014998341636,0.7333300222417118,0.049764390171745276,5.445510527128585,5.493607262889621,4.921783812535489,-0.0427264019904761,0.2725147599626028,0.29930869039152874,14.465340890020169
2026-09-02 01:00:00,16.807713802677046,17.156871444382745,17.147397439932032,16.556602525349422,17.73819235451464,-0.07438835889601621,-0.04700968229283304,-0.42813198074695946,0.3341126161612934,0.37344123235579474,0.05648368674354742,1013.488725550999,1013.5114794776179,1013.6652955808872,0.10448443724237613,0.012599184571944292,-0.16641528784134607,83.45723500024569,83.2036766265792,82.28645089341087,-0.01330385961411381,0.7333300222417118,0.18389571092660617,3.5223693601318677,3.5498676716230224,3.5029733944792785,-0.04940998363038499,0.2725147599626028,-0.22562048281885883,10.861165204406841
2026-09-02 01:05:00,16.866341877659803,16.56190999741267,16.674585542427412,16.08364434137889,17.265526743475935,-0.059520492202116214,-0.04700968229283304,-0.4283587066510399,0.33433934206537386,-0.43414908113052064,-0.06566586272190733,1013.3866112092991,1013.525582404615,1013.5100967683729,0.1182422831471726,0.012599184571944292,0.002886451670065071,83.38287108079676,82.44288999719409,82.22109401162004,0.0027682867418697167,0.7333300222417118,-0.5115340366676691,2.6789739833031554,2.790737523750661,2.477376079570049,-0.06335526800903976,0.2725147599626028,0.04084668421800952,2.039781432652108
2026-09-02 01:10:00,17.344021504673805,17.50068997359628,17.35417550524214,16.7630880539317,17.94526295655258,-0.04830881763071038,-0.04700968229283304,-0.42858529783837107,0.334565933252705,1.2794826519795244,0.1935241506469758,1013.3280825835664,1013.4773969755603,1013.4394349040249,0.10489435351112562,0.012599184571944292,0.02536288696342126,77.0058942910766,76.70699659655065,77.28593390577092,0.03489017366469953,0.7333300222417117,-1.3122673314619817,3.3711277004285383,3.2689729677802686,2.9327505014888153,-0.06375564008425075,0.2725147599626028,0.06370770632885048,13.461779725077625
2026-09-02 01:15:00,17.247548302966084,17.00475328461439,17.17067522323304,16.579441557837814,17.761908888628266,-0.0438406747653527,-0.04700968229283304,-0.4288117545488074,0.3347923899631413,-0.7861869878667704,-0.11891225632581381,1013.3956528641367,1013.398311159859,1013.3756689807751,0.09088126452032658,0.012599184571944292,0.010042994511877623,79.38480268531742,80.5054624612501,78.6081876537479,0.024026308888056548,0.7333300222417117,1.1639447852604832,2.4413966934535023,2.164534511762588,1.9637177824325263,-0.048425514661758914,0.2725147599626028,-0.07169803063254099,9.202371395375273
2026-09-02 01:20:00,16.95695937681807,16.796073275992377,16.88307579682988,16.29169595350017,17.474455640159587,-0.037088340256152985,-0.04700968229283304,-0.4290380770214923,0.33501871243582626,-0.2644121829252377,-0.0399928385446664,1012.9842814486424,1013.3080788393052,1013.2966915208658,0.10617747071648041,0.012599184571944292,-0.0012118661326212532,79.82957249585552,79.88730156098337,79.05650246175705,0.001037067483751479,0.7333300222417117,0.09746907698460916,8.380838069793501,8.52626593107067,7.928848841726653,-0.051523963675399645,0.2725147599626028,0.3249023293814144,15.280381855536735
2026-09-02 01:25:00,16.977810013868975,17.096907105648338,17.067084759292246,16.475558774151548,17.658610744432945,-0.03865371699772428,-0.04700968229283303,-0.42926426549486124,0.3352449009091952,0.5079740561787673,0.07683202864892635,1013.0594343274594,1012.9844129031381,1013.0272715656124,0.09254983985938646,0.012599184571944297,-0.05545784704622747,83.405330537382,84.91315318477874,83.24925601012903,-0.036703959848271496,0.7333300222417117,0.9305671524079884,3.9129245775964008,3.4752701935999273,3.7024974731139313,-0.0436726978207991,0.2725147599626028,-0.4997420394766068,41.052004275751344
2026-09-02 01:30:00,17.41115705824999,17.6046462467259,17.579311560827957,16.987639469973004,18.17098365168291,-0.012021354259123561,-0.04700968229283303,-0.42949032020664474,0.3354709556209787,0.47830394169962176,0.07234436819077672,1013.0686020979364,1013.2065072712165,1013.1097448323628,0.09866138374309055,0.012599184571944283,0.08416325428174787,76.21712715717322,76.7833332537656,78.0681474539451,-0.024141844417348412,0.7333300222417117,-2.0181442224212134,2.9176322662178027,3.320044823159134,2.8427338747418824,-0.03523318381560979,0.2725147599626028,0.20479618845464875,28.257301559658227
2026-09-02 01:35:00,16.636339554933304,16.347873410575993,16.64043360493965,16.048615444440436,17.23225176543886,-0.03420929453449006,-0.04700968229283303,-0.4297162413938711,0.33569687680820504,-1.6234543302681672,-0.24555051207082101,1012.894549820282,1013.0227360053975,1013.0302631138027,0.09126852915905467,0.012599184571944283,-0.02012629297712465,83.27312002770668,82.69673827131605,80.62814535520462,-0.06053460727583662,0.7333300222417117,1.3352628938697109,4.2423020912194085,4.134806626833029,3.7997918622149687,-0.03807004602488152,0.2725147599626028,0.06250000465545735,16.14280678286123
2026-09-02 01:40:00,17.068359230091776,17.25433914448192,17.096956828206324,16.504992634106145,17.688921022306502,-0.03211451942125161,-0.04700968229283303,-0.42994202929286957,0.3359226647072035,1.3513353010332292,0.2043919985684326,1012.7433798758901,1012.8459147537138,1012.8646193803497,0.11067306825331485,0.012599184571944283,-0.031303811207862964,81.81130450035533,81.85633414406539,81.23972260241737,0.00416860013799264,0.7333300222417117,-0.11671848059370404,3.4190862801088953,3.4678381340760596,3.2697701372781043,-0.02490659764968632,0.2725147599626028,-0.07444676316464749,5.389267505692691
2026-09-02 01:45:00,16.748878928749612,16.926735877822832,17.03015078047441,16.438040588789896,17.622260972158927,-0.03113914995341991,-0.04700968229283303,-0.4301676841392728,0.33614831955360674,-0.3729224527730679,-0.0564052203587444,1012.7592270490934,1012.6661181277663,1012.6714213607578,0.10142797066366031,0.012599184571944283,-0.01790241756350497,84.54987591990168,83.8257025351879,82.8757870394065,-0.04159889020027778,0.7333300222417117,0.2165854735396806,6.4239832532885925,6.537557494178572,6.1034222670846425,-0.05399320509449136,0.2725147599626028,0.1616204671313266,4.340470845000732
2026-09-02 01:50:00,16.72660935275135,16.52007872711992,16.635655330153362,16.0433991768745,17.227911483432223,-0.018939943862451014,-0.04700968229283303,-0.43039320616802046,0.3363738415823544,-0.4533293921919821,-0.06856692074060788,1012.0963630160118,1012.3421339578174,1012.3672949369918,0.11514830902613025,0.01259918457194428,-0.03776016374638402,79.96316833178608,79.39640112123922,79.75498491817243,-0.03202078602784021,0.7333300222417117,-1.0919138191749198,10.359978926381448,10.470964631952832,10.158839117780627,-0.0662207078818731,0.2725147599626028,0.039610754209602916,7.006950783868952
2026-09-02 01:55:00,17.240813334582803,17.528945101277202,17.384558219594876,16.79215614068506,17.976960298504693,-0.031597752023824505,-0.04700968229283303,-0.4306185956133611,0.336599231027695,1.2654161376552402,0.19139656397516092,1012.4950394111604,1012.7239326245855,1012.5752342851829,0.11736661287485463,0.01259918457194428,0.1360991548306174,79.49754832805696,83.10363485760222,81.4872473584063,0.022819128724642312,0.7333300222417117,0.8830574769542068,4.175341647923536,3.677269327092558,3.8820690308659778,-0.0753770308454577,0.27251475996260277,-0.47731446373602227,42.454822334682504
2026-09-02 02:00:00,17.122787785527823,16.77366341881844,16.989942897354933,16.39739492875098,17.582490865958885,-0.05775284105977255,-0.04700968229283303,-0.43084385270885583,0.33682448812318977,-1.119125272343645,-0.16926979624365757,1012.1855743408903,1012.2046320127273,1012.2911334706062,0.12039295112566607,0.01259918457194428,-0.0991006424508214,82.9395026521947,83.79818953052063,82.90637056551829,0.04378727029887563,0.7333300222417117,0.15848894276062708,7.726514756630566,7.890166549719714,7.13289659811144,-0.0835741810741316,0.27251475996260277,0.4847551916456716,37.78412434462041
2026-09-02 02:05:00,17.113042814310745,16.932687801936922,16.947466325724285,16.354772503336477,17.540160148112093,-0.05540049581829965,-0.04700968229283303,-0.43106897768738067,0.3370496131017146,0.21309592638997898,0.03223115850547131,1011.8983227991389,1012.1011951283691,1012.0946944837449,0.09674924814944927,0.01259918457194428,-0.00609853994774312,78.5559769313679,79.29479117280931,79.64929009703035,0.0499358502360879,0.7333300222417117,-1.08782894646275,5.023988226687591,5.0347228236382,5.055354480100893,-0.08021155156227265,0.27251475996260277,-0.29314641642529615,18.456853831099124
2026-09-02 02:10:00,17.308546620037795,17.353165106421173,17.320344379191514,16.727504738903626,17.913184019479402,-0.05118203843502059,-0.04700968229283303,-0.4312939707811297,0.3372746061954636,0.5277978161535799,0.07983040952249354,1012.1378239301347,1012.2643743709907,1012.1739760547977,0.07031428791098064,0.01259918457194428,0.07779913162107732,75.35733450068926,74.87482917103523,74.81179963068875,0.016038922592421553,0.7333300222417117,-0.6703004818952394,2.2748196497493516,2.0069300608500353,1.7605104635693998,-0.07731117353173363,0.27251475996260277,-0.02609516268196721,3.754747627749524
2026-09-02 02:15:00,16.797168748278136,16.59761744404431,16.79101166943532,16.19802624710466,17.38399709176598,-0.028838047293305854,-0.04700968229283303,-0.43151883222161747,0.3374994676359514,-0.9678196896144904,-0.1463845430981756,1012.1545032071482,1012.0300788819718,1012.0512176294953,0.06766749662777287,0.01259918457194428,-0.03373793209550513,76.09944019327448,77.3227844472919,75.4453010455048,-0.03232299900744809,0.7333300222417117,1.1441533795453722,5.957274031193049,5.6590026780992915,5.080814592000595,-0.07337126780998354,0.27251475996260277,0.3056733261360929,22.452818514089962
2026-09-02 02:20:00,17.067652239395244,17.07252257854293,17.012183429782763,16.419052261240196,17.60531459832533,-0.04789347798818215,-0.04700968229283303,-0.4317435622396821,0.337724197654016,0.7097355373136303,0.10734883105300241,1011.8143262605178,1011.7568672927209,1011.7938901378286,0.07063036938877221,0.012599184571944276,-0.04962202967965368,80.36057675609926,81.23473799233828,79.39643018065757,-0.00537124519533258,0.7333300222417117,1.1049777894389905,4.66814827283955,4.500521895353837,4.440379874356959,-0.06741045286865867,0.27251475996260277,-0.21237273896572528,14.203243302578784
2026-09-02 02:25:00,16.68055385578392,16.69819600005715,16.802610253107794,16.209333374157776,17.395887132057812,-0.03057307148743135,-0.04700968229283303,-0.4319681610654878,0.33794879647982173,-0.3795296462141877,-0.0574045707578108,1011.8636368702807,1012.0915070824701,1011.9694657636788,0.057127995455919525,0.012599184571944267,0.10944213421930726,77.30571693295897,78.85835787267699,78.90535115904984,0.047343908231790556,0.7333300222417117,-0.7803233086145696,5.639998730282169,5.173464725738906,4.832171560088513,-0.07691149856011516,0.27251475996260277,0.06877840568779092,5.487478741096819
2026-09-02 02:30:00,16.947794417614823,16.915317707603254,16.915256889429173,16.321834335849793,17.508679443008553,0.0049381439729754735,-0.04700968229283303,-0.43219262892852783,0.33817326434286177,0.31120606170376064,0.04707050046691563,1011.8476789120863,1011.9381550143878,1011.947849894443,0.04406367453020342,0.012599184571944269,-0.022294064627203625,77.79367307125383,79.29214854853765,78.69733400353435,0.03198415856505456,0.7333300222417117,-0.13851547723841406,8.166041053590567,8.593628011658485,8.192106756662147,-0.08909325922818835,0.27251475996260277,0.1290064950337353,2.763051780199948
2026-09-02 02:35:00,16.78320612882467,16.94895790720292,16.99359416202811,16.400025969571107,17.587162354485113,-0.0007283293398616828,-0.04700968229283303,-0.4324169660576271,0.338397601471961,0.015691887862224974,0.0023734274676456835,1011.6876727637274,1011.6538286679439,1011.7106486309812,0.05080134608811702,0.012599184571944269,-0.06941914760921009,79.3763806393513,78.18522621467176,77.68335835524842,-0.00788299420151773,0.7333300222417117,-0.2314621628183744,4.190822493269296,4.551537828404189,4.61008244535309,-0.08513006240810972,0.27251475996260277,-0.33105937691150267,16.451467512873695
2026-09-02 02:40:00,16.89485391883444,16.829089297670652,16.905355770184244,16.311641974575053,17.499069565793434,-0.020092462632260045,-0.04700968229283303,-0.43264117268094504,0.338621808095279,-0.19343092536469442,-0.029256790220756557,1011.6205943606028,1011.5493785767804,1011.5396611325801,0.05755559985360258,0.012599184571944269,-0.0028817403716629997,80.12754004769103,79.14574953200436,78.1226566730634,-0.0939189242707334,0.7333300222417117,0.2897628366992393,8.367290136603081,8.411367813751289,7.795346299707936,-0.09143238314457411,0.2725147599626027,0.3435067540807495,17.3595004653359
2026-09-02 02:45:00,17.118553999185554,17.138665134820453,17.134407352245685,16.54054798918346,17.72826671530791,-0.02619707812786061,-0.04700968229283303,-0.43286524902597806,0.338845884440312,0.3389542426088461,0.05126746486760325,1011.3697482190053,1011.3483418564168,1011.3438390012789,0.05590270712894746,0.012599184571944269,-0.00809632943401084,78.92713543628768,77.99585949011787,77.4535153951766,-0.1282456937989222,0.7333300222417117,-0.19098592730044572,6.482010772898251,6.30785411439737,6.285195693385516,-0.10713713359825382,0.2725147599626027,-0.24985633895074866,9.380443103692052
2026-09-02 02:50:00,16.5812670308571,16.78457440273739,16.90418504086603,16.31018014602368,17.49818993570838,-0.025987003617289898,-0.04700968229283303,-0.43308919531956247,0.3390698307338964,-0.48000036790493894,-0.07260095583580295,1011.1533393026205,1011.1519325009219,1011.1432741683064,0.06526512778318036,0.012599184571944269,-0.003940851956485858,81.05453621794877,80.16716001999643,78.95903482334873,-0.13222368328638862,0.7333300222417117,0.4747951744059833,4.504002515709227,4.34744642857517,4.081419036846743,-0.097423690752839,0.2725147599626027,-0.006487368234175506,1.7237470435562217
2026-09-02 02:55:00,17.777186000330804,17.917793056843784,17.780671815053832,17.18652142407805,18.374822206029613,-0.017530185492186177,-0.04700968229283303,-0.43331301178787707,0.339293647202211,1.2173794447321882,0.18413092408278686,1010.7851912780458,1010.709471523386,1010.7529877414759,0.0511747002345386,0.012599184571944264,-0.056115402661816915,77.41116662456541,77.59367414611663,77.460323945102,-0.0762543698571029,0.7333300222417117,-0.5999798212270946,5.287953799846738,5.431900840011113,5.015010295773784,-0.08347267168781602,0.2725147599626027,0.1443757842747262,8.761506007398069
2026-09-02 03:00:00,16.57309304079483,16.703895392517914,17.011049595232787,16.416753743744092,17.605345446721483,-0.026401106439756888,-0.04700968229283303,-0.4335366986564458,0.3395173340707797,-1.7199424452956862,-0.2601445204220383,1010.8720067625869,1010.6576456269589,1010.5955250624907,0.046903481229494955,0.01259918457194426,0.04952137989630501,79.47061215068844,78.96447469838283,77.91762622454137,-0.052694690628949006,0.7333300222417117,0.313518451599748,3.4518969935120785,3.9113440005718343,3.7539742310271027,-0.06790106279082943,0.2725147599626027,-0.11514499041787074,9.829152699646384
2026-09-02 03:05:00,16.528666259546014,16.29575721067511,16.36725232751734,15.772811051110095,16.96169360392458,-0.0030731284275467598,-0.04700968229283303,-0.4337602561501404,0.33974089156447435,-0.16188516331110847,-0.024485434549394114,1010.6659287743951,1010.903608779854,1010.7772158587627,0.06667801249889904,0.01259918457194425,0.1137937365193693,80.5092269181633,82.1252890493091,80.73789335417023,-0.04201670146421265,0.7333300222417117,0.6540656728971612,11.150643773156098,10.913493765700993,10.272933050264445,-0.06603098557608222,0.27251475996260266,0.3680459554739457,23.032963678390217
2026-09-02 03:10:00,17.519978517386118,17.605145919333715,17.364183345258173,16.76959667950063,17.958770011015716,-0.019791113152667687,-0.04700968229283303,-0.43398368449318314,0.3399643199075171,1.9039251950877567,0.2879722563683771,1011.0017279880205,1011.2148209169704,1011.1196307326952,0.06749787805817685,0.01259918457194425,0.08259099970325678,73.91215447272033,75.37987748877589,76.24105844343872,-0.05602088960975224,0.7333300222417117,-1.5945109769045445,5.770199619237584,5.375152141834233,5.650270567649814,-0.0597716646163532,0.2725147599626026,-0.5476331857781833,65.38979959879794
2026-09-02 03:15:00,17.419318669355164,17.197739720726005,17.369529637634137,16.774797618068458,17.964261657199817,-0.04587919043525969,-0.04700968229283303,-0.43420698390914936,0.3401876193234833,-0.8249830574967696,-0.1247802346152973,1010.5336470691635,1010.4116723796257,1010.6171850393516,0.06901362823322084,0.01259918457194425,-0.21811184429793684,77.36151362183378,77.27991265685684,75.95256807931838,-0.07643168971371071,0.7333300222417117,0.594014555296738,1.1646135730287954,1.5828328227246424,1.244938876021003,-0.04607298238273409,0.2725147599626026,0.06537918674103693,9.372169230331135
2026-09-02 03:20:00,17.401722386968004,17.11616085694145,17.2142880839113,16.619410746053592,17.809165421769006,-0.02927853407094993,-0.04700968229283303,-0.43443015462096984,0.3404107900353038,-0.3379630470273298,-0.051117544677016014,1010.4628275405602,1010.5799592221595,1010.5195199430111,0.09668498726483371,0.012599184571944247,0.047840094576372394,76.66279809537552,78.19982504449442,76.98888986160614,-0.027234023800931983,0.7333300222417117,0.47760516064656144,3.4586574217882804,2.870028705229976,2.351631182332513,-0.052487140282968435,0.2725147599626026,0.24588276293486055,10.33026167601934
2026-09-02 03:25:00,17.456307748977988,17.37856863018195,17.377962861410136,16.78294024075049,17.97298548206978,-0.06339784953904293,-0.04700968229283303,-0.434653196850934,0.34063383226526794,0.31480899618843594,0.047615451064647374,1010.4118604264969,1010.3564175773644,1010.3495469842098,0.07989288127464846,0.012599184571944247,-0.005728591417437201,76.31576181490131,77.48606134181908,76.89835855598379,-0.02020817487438835,0.7333300222417117,-0.14562723640642616,5.434557991280152,5.090618385361931,4.782336792038673,-0.041380363442427515,0.2725147599626026,0.03576683336065578,0.5350072253754458
2026-09-02 03:30:00,17.25641121128477,17.009092377882318,17.122253028585693,16.527085160588207,17.717420896583178,-0.06645979607213368,-0.04700968229283303,-0.4348761108206919,0.3408567462350258,-0.437356351700668,-0.06615096841053969,1010.2210423564203,1010.2712573186107,1010.2423283995336,0.08945004567435379,0.012599184571944245,0.01632973450512054,78.29473229569902,77.84036784926559,77.07991154369694,-0.09379919909162412,0.7333300222417117,0.027126283326936118,1.3243724047995962,1.211688635945345,1.217445114409978,-0.038626401100995425,0.2725147599626026,-0.27827123842723567,11.545318163321044
2026-09-02 03:35:00,16.96216322532142,17.100592189955403,17.115215144885013,16.51990206498783,17.7105282247822,-0.019694579134012964,-0.04700968229283304,-0.43509889675125707,0.341079532165591,0.21412446806822416,0.032386727363224566,1010.3547962870343,1010.4124991810853,1010.3364834410877,0.10941788103205098,0.012599184571944245,0.06341655542564695,76.49639733180904,74.77165196982055,74.65974952380604,-0.11737308676802763,0.7333300222417117,-0.6214275762272052,0.8551402259155836,0.3575209009965048,-0.048469933223496575,-0.029489284577569514,0.2725147599626026,0.13347607425739877,5.085702610497721
2026-09-02 03:40:00,17.414524247094974,17.557556106605627,17.5245295401064,16.92907128372173,18.11998779649107,-0.019875232428411937,-0.04700968229283304,-0.43532155486300916,0.3413021902773431,0.5291587200698693,0.08003624879206228,1009.893947715835,1009.9352921693913,1010.0210230319962,0.10551958591406843,0.012599184571944236,-0.0983300471767734,78.20047451998252,77.8786891641339,76.32341112176933,-0.14741064788003458,0.7333300222417117,0.8219480201228606,4.252752341280321,4.558768705753491,4.053849784987847,-0.02762835436881016,0.2725147599626026,0.23240416080304183,12.933699578252199
2026-09-02 03:45:00,17.17982364885991,16.762611654384763,16.96741314736851,16.371809749882672,17.56301654485435,-0.03668674718885568,-0.04700968229283304,-0.43554408537569606,0.34152472079003,-1.0432387054975294,-0.15779181069091308,1009.9042088406084,1010.3204860585761,1010.196980382895,0.11583515535632659,0.012599184571944247,0.1109064911090627,79.33652851068379,78.65430091761978,77.75830089872012,-0.16652988820124584,0.7333300222417117,0.16266999665793946,3.498020939287077,3.7404267331672765,3.695758858829789,-0.014665787271330142,0.2725147599626026,-0.22784688562511546,11.548126520656373
2026-09-02 03:50:00,17.910535021131142,17.70732680407011,17.575196845225644,16.979448341999095,18.170945348452193,-0.03754770914565759,-0.04700968229283304,-0.4357664885084371,0.341747123922771,1.1843796360854562,0.17913964113730074,1009.6522806255718,1009.6902826942602,1009.8063399305248,0.10405092138979573,0.012599184571944236,-0.12865642083659168,74.56685333687335,74.58522982189874,74.85657069198983,-0.14682801509126786,0.7333300222417117,-1.0046708923328111,4.177049588497662,3.9921810706871526,3.6808845824088197,-0.012430549645914774,0.2725147599626026,0.038781728315730124,10.640967668742427
2026-09-02 03:55:00,17.534738657676023,17.204471602317472,17.364956275319198,16.76906270168656,17.960849848951835,-0.03830972097495059,-0.04700968229283304,-0.4359887644797248,0.3419693998940587,-0.750238570019178,-0.113474990708891,1009.4553353259201,1009.4299058848031,1009.4486161437227,0.09581013264298752,0.012599184571944236,-0.03130944349152287,78.54669390327913,78.46748794682486,76.82406326085808,-0.1505885859540666,0.7333300222417117,0.9100946637250615,3.0362358343169333,3.3928497298296687,3.147989820090366,-0.02727034024058895,0.2725147599626026,-0.027654850223300276,5.836811363879777
2026-09-02 04:00:00,17.339674102360803,17.211248275172572,17.259963519602174,16.663924910872275,17.856002128332072,-0.035899971869653845,-0.04700968229283304,-0.43621091350742813,0.34219154892176207,-0.011276304061119902,-0.0017055621367667584,1009.4524060951339,1009.438448610345,1009.3584200960929,0.10042972963555913,0.012599184571944231,0.06742932968006699,73.0663746214134,72.96350987333359,73.31265987690107,-0.15327887519919478,0.7333300222417117,-1.0824800258091898,2.3333589318845815,2.7553955864882878,2.4859958874276558,-0.012751073917441728,0.2725147599626026,-0.0031150609019707787,6.529842729266434
2026-09-02 04:05:00,17.62082651871607,17.685895625552575,17.645752648095247,17.04956903955114,18.241936256639352,-0.02596602713725955,-0.04700968229283304,-0.43643293580879444,0.3424135712231284,0.576208787644422,0.08715265975016351,1009.4306832208022,1009.6972622939753,1009.574650550301,0.1100125297128862,0.01259918457194422,0.11001255910230157,72.99372163532888,73.3053621138794,72.26401366462116,-0.10730731455281149,0.7333300222417117,0.3080184270165205,5.9451500146656056,5.8889724388514235,5.4500378700699335,-0.02222638132716285,0.2725147599626026,0.16641980881888774,6.59166262239202
2026-09-02 04:10:00,17.997215864610737,17.907205550312284,17.95257293674993,17.356244363648933,18.54890150985093,-0.04155269466277564,-0.04700968229283304,-0.43665483160045204,0.342635467014786,0.010858019782578054,0.0016422958551878253,1009.2652322952625,1009.1408807133703,1009.2498329963212,0.12346376786176115,0.01259918457194421,-0.12155146752286328,71.48120506670024,70.37950405633795,69.88575792509381,-0.1316834526953456,0.7333300222417117,-0.23958389099757937,4.675719740755495,4.53082348826037,4.4564460034702185,-0.009695799224723706,0.2725147599626026,-0.19813727517245106,7.54353526123158
2026-09-02 04:15:00,17.692326946891605,17.558135624923956,17.70385019038079,17.107376687954513,18.30032369280707,-0.016239473834223736,-0.04700968229283304,-0.43687660109841314,0.3428572365127471,-0.6525861772383301,-0.09870488316400028,1009.1205597199892,1009.1484655934289,1009.1184900516349,0.14229931090503506,0.012599184571944212,0.01737635722201958,74.35968716292031,74.62233891568678,72.69833850657837,-0.06643646928928836,0.7333300222417117,1.1906703868666995,2.5992160553151913,3.2664984355988076,2.9953470492676724,-0.010598228039126927,0.2725147599626026,-0.001363373631467546,8.349745038083576
2026-09-02 04:20:00,17.677768132357958,17.92524067815195,17.909140613940917,17.31252221739529,18.505759010486543,-0.012562759568634469,-0.04700968229283304,-0.4370982445180754,0.3430788799324093,0.4172493487379967,0.06310974650386925,1008.9097590804535,1009.2682724586725,1009.1911610391364,0.14148995220237287,0.012599184571944217,0.06451223496412695,72.92471890272456,72.48309374532369,72.22740426062092,-0.08993223498727637,0.7333300222417117,-0.47764053753894586,3.412921191981427,3.6304316204195235,3.277904001809688,0.001161881812850138,0.2725147599626026,0.08001285864723284,2.9710029286681303
2026-09-02 04:25:00,18.195990212174035,17.73335792878217,17.821236843163152,17.224473587678474,18.41800009864783,-0.001660848872607413,-0.04700968229283304,-0.43731976207422524,0.3433003974885592,-0.2702064485579392,-0.04086923208814852,1009.0060928877481,1009.1985041092122,1009.1875049847717,0.15581329326444393,0.012599184571944217,-0.0016000601315226959,72.16327790906291,72.23645337084803,71.65442820624995,-0.08681029810583638,0.7333300222417117,-0.15130485764363755,5.206200762069916,5.29560772592209,4.966769336151696,0.012509567961517788,0.2725147599626026,0.0563236298077916,0.7472698295358757
2026-09-02 04:30:00,18.29133250379846,18.52762379263316,18.453639949970967,17.85673187070191,19.050548029240023,-0.011083089868942051,-0.04700968229283304,-0.43754115398104,0.3435217893953739,0.799947270995716,0.12099352495502913,1008.6923476794179,1008.8728416153164,1008.933226618306,0.15170563514305413,0.012599184571944217,-0.07298418756158753,72.37222321639189,73.04149866863271,72.10176305827741,-0.09665242394493322,0.7333300222417117,0.2064055881135829,1.5059429796939245,1.93181776139048,1.8836044951764999,0.016810997704671503,0.2725147599626026,-0.22430149374862274,9.53992490365946
2026-09-02 04:35:00,18.08832120254715,17.987676186102043,18.175188435926753,17.57813556800242,18.772241303851086,0.008212642185990951,-0.04700968229283304,-0.43776242045209,0.34374305586642395,-0.928931077152999,-0.1405025675318754,1008.9332799871847,1009.4156326870884,1009.2585748766876,0.16253073088211334,0.012599184571944205,0.14445862582886093,72.29920117438424,71.22734860153501,70.84985563219905,-0.09233275427239958,0.7333300222417117,-0.3558370529057555,2.196745375551668,2.3092209169335174,1.8732439613191234,0.02189635088094281,0.2725147599626026,0.1634621956517912,8.877277332261155
2026-09-02 04:40:00,18.203306902253164,18.192041956284402,18.20877879168591,17.611581170209842,18.805976413161975,0.004356856053794981,-0.04700968229283304,-0.4379835617003413,0.34396419711467524,0.200148572123922,0.030272846891328697,1008.7346430371462,1008.9366158265448,1009.0364848102204,0.1650205964563395,0.012599184571944215,-0.11246816824757389,71.70907372230351,71.40726676572302,70.54054210901946,-0.07677203444484007,0.7333300222417117,0.13339463446185107,1.5169105056027723,1.3913469668798841,1.1672420218519037,0.02612263705286847,0.2725147599626026,-0.04840981493462215,1.9325082951058337
2026-09-02 04:45:00,18.587984801130496,18.491032277342672,18.488687853268047,17.89134551331827,19.086030193217823,0.008520143756197956,-0.04700968229283304,-0.43820457793815815,0.3441852133524921,0.3263040953287053,0.04935410636745985,1008.4085070255721,1008.4726478327095,1008.5672194502474,0.1703687313413226,0.012599184571944215,-0.10717080210986296,67.77106503274483,67.61464984448001,67.5047215537185,-0.06158780104172939,0.7333300222417117,-0.6234017314802003,7.113953270824468,7.143985588460792,6.586003115583686,0.005984389490057692,0.2725147599626026,0.285467712914504,15.162596035329017
2026-09-02 04:50:00,18.022138852157426,18.32524002586364,18.424644679484942,17.827157656113997,19.022131702855887,-0.005476447401608683,-0.04700968229283304,-0.4384254693773052,0.34440610479163913,-0.3464087383493073,-0.05239497132846793,1008.4875424960427,1008.6206817633408,1008.520033363741,0.17545082582958704,0.012599184571944215,0.08804921502780871,70.0962671260072,69.59690504113725,68.14150772454667,-0.08794690761344968,0.7333300222417117,0.7220672943488609,6.498333278513833,6.817097256388793,6.8113765443372625,0.007167691679039714,0.2725147599626026,-0.26679404791107153,13.989982809447444
2026-09-02 04:55:00,18.147304954764802,17.880678833606108,18.001186086744692,17.403554414979656,18.59881775850973,-0.020430421797640583,-0.04700968229283304,-0.43864623622894977,0.3446268716432837,-0.48592832752599335,-0.07349757084574904,1008.3298667178684,1008.3157462372259,1008.3195395042006,0.15619436571201328,0.012599184571944214,-0.01639245154672153,73.55088389180086,74.14349856738312,72.35460691732371,-0.12724892132411467,0.7333300222417116,1.0555616278176956,6.506838630034283,5.905190010047839,5.668358651671576,-0.003992950081679237,0.2725147599626026,-0.03568340158633898,6.508735201256744
2026-09-02 05:00:00,18.53448438495463,18.52672431669817,18.434334415823358,17.836558130665882,19.032110700980834,-0.010107342200847342,-0.04700968229283304,-0.43886687870366436,0.3448475141179983,0.9216387089668387,0.13939958316764844,1008.4013721083836,1008.7324675677917,1008.5891290079355,0.142704903405684,0.012599184571944226,0.130739375284179,69.81335216570002,69.19740357001723,69.81560970220215,-0.03963790864241479,0.7333300222417116,-1.3515361544266398,6.173556512392211,6.084866211916222,5.7525242265505705,-0.0022810786442226073,0.2725147599626026,0.05982722540304941,13.858052888003783
2026-09-02 05:05:00,18.85065086957621,18.93937715529425,18.947068278326523,18.34914741475286,19.544989141900185,-0.01676144465395813,-0.04700968229283304,-0.43908739701142924,0.34506803242576317,0.25995419334761394,0.03931855926056116,1008.4674622312301,1008.6975818895442,1008.691771826165,0.14393540068349428,0.012599184571944226,-0.006789121192809944,67.70867596392019,67.20777828383788,66.91917967719279,-0.05657736052843415,0.7333300222417116,-0.4447314155966211,5.786256183582001,6.187462899048428,5.917309872731725,-0.013710504108054761,0.2725147599626026,-0.0023617336458992,1.1858461973554817
2026-09-02 05:10:00,19.1770974981809,18.82532815363734,18.955175494271195,18.35711008723224,19.55324090131015,-0.02956879096652379,-0.04700968229283305,-0.43930779136163406,0.345288426775968,-0.5476802064424966,-0.08283765834102041,1007.900160284069,1008.1925104582924,1008.3194258011639,0.12368805172780026,0.012599184571944226,-0.1395145274434526,66.08524224002258,65.48520200848601,64.7049612762947,-0.03210492517491462,0.7333300222417116,0.046910709949600005,4.427955543507651,4.24883499965928,4.068329529985947,-0.02556002352031551,0.2725147599626026,-0.09200929028926907,4.114436699765219
2026-09-02 05:15:00,19.762058572857054,19.538862397670894,19.504381971259416,18.90617205568072,20.102591886838113,-0.03921654109692924,-0.04700968229283305,-0.439528061963081,0.3455086973774149,0.5387708978260335,0.08149010870431184,1008.1159202321519,1008.4315304064005,1008.347429891564,0.13366258496619732,0.012599184571944226,0.07150133026448202,60.54618033788409,61.3314522959919,60.95640637000004,-0.08837237104322651,0.7333300222417116,-0.3582840962498466,5.576467298022718,6.030789187649364,5.594357325001685,-0.009510678502776492,0.2725147599626026,0.16391710268507698,5.765720121221087
2026-09-02 05:20:00,19.63657698893606,19.578209037215245,19.677538975941584,19.079184586723393,20.275893365159774,-0.028732245021167925,-0.04700968229283305,-0.4397482090239865,0.3457288444383204,-0.3459147616976388,-0.05232025643350369,1007.9941072158139,1008.0760968552364,1008.1158694563496,0.14412125656165503,0.012599184571944226,-0.05237178568518175,63.18895063568137,62.696836529511714,61.11457471574732,-0.0981588162398902,0.7333300222417116,0.8489317915226877,1.0877873183870514,1.5133942595734609,1.5142781504377023,0.0011837953784654045,0.2725147599626026,-0.273398650826844,14.964056693539938
2026-09-02 05:25:00,19.353487596508174,19.13798677663208,19.29369199471535,18.695193166732643,19.892190822698055,-0.03816781293922209,-0.04700968229283305,-0.4399682327519838,0.34594886816631776,-0.7186392598884481,-0.10869553579043512,1008.0405575632984,1008.0468919386933,1008.0135407096111,0.1480473031961885,0.012599184571944226,0.020752044510231826,67.33127772986253,67.5967032478901,65.59414575648428,-0.10261079467927571,0.7333300222417116,1.2692274691641074,5.420905620899546,5.402389255781885,4.766328587711887,0.00114236952902386,0.27251475996260266,0.36354590810739573,28.434295611495315
2026-09-02 05:30:00,19.536095424069167,19.333044432912082,19.325569167874203,18.726925935976713,19.924212399771694,-0.03993263691325455,-0.04700968229283305,-0.44018813335412527,0.3461687687684592,0.3602265901728998,0.05448494733071385,1007.895867927634,1008.0227046559809,1007.9828137052632,0.13459369504309343,0.012599184571944227,0.027291766145708607,63.3561942640193,64.85069607777156,65.00541313689173,-0.08606226723180158,0.7333300222417116,-0.8880470813618899,6.746254292420035,6.578682556984849,6.416347867372181,0.002990056031514099,0.27251475996260266,-0.11018007034993449,6.1817831349001695
2026-09-02 05:35:00,19.271153174013303,19.161473420739068,19.22267554726391,18.623887946276156,19.821463148251667,-0.03970722065894809,-0.04700968229283305,-0.4404079110368844,0.34638854645121836,-0.09383317856368123,-0.014192444232008938,1007.6774570924913,1007.6976982941825,1007.7382707439695,0.1511553623095156,0.012599184571944227,-0.05317163435893235,65.31927593564288,65.07807303719589,64.54839130384882,-0.18134816216651944,0.7333300222417116,-0.20364828889464093,4.5814179888380995,4.495721222367293,4.380883412683118,0.0005108957740840104,0.27251475996260266,-0.15767695027842699,4.096993628852353
2026-09-02 05:40:00,19.795380776463443,19.856829588843574,19.78742117772414,19.188489242445456,20.386353113002826,-0.06846745394910257,-0.04700968229283305,-0.4406275660061585,0.3466082014204924,0.7696968590201827,0.11641809341226761,1007.671116146631,1007.8714615679286,1007.7900453124342,0.17560188998613588,0.012599184571944227,0.06881707092236411,64.9995801283646,65.71369543168235,64.85085827734505,-0.17553324070877788,0.7333300222417116,0.12950713209558273,3.658261679215751,4.463855686350061,4.09522646979682,0.00620965953387924,0.27251475996260266,0.09611445659063822,3.3658324256080663
2026-09-02 05:45:00,19.820034701148835,19.6609567957435,19.787586043697388,19.188509808901955,20.38666227849282,-0.09053435002970533,-0.04700968229283305,-0.4408470984672704,0.3468277338816043,-0.5264038244368692,-0.07961956566105499,1007.5306710486944,1007.8778523927351,1007.8430567636025,0.17736681191548756,0.012599184571944227,0.022196444560677264,62.231341312693914,63.35265038832176,63.084778153939034,-0.21577419164665412,0.7333300222417116,-0.4654577878589805,3.1351758938315912,3.6969523437799556,3.450608492686714,-0.0005508841316088095,0.27251475996260266,-0.02617090886936113,1.9365497444420134
2026-09-02 05:50:00,20.19932060226135,20.329515659464946,20.299657300113857,19.70043680055074,20.898877799676974,-0.0854901816909919,-0.04700968229283305,-0.4410665086249713,0.34704714403930526,0.5082121556727692,0.07686804164392314,1007.7449726073505,1007.9032448969001,1007.8863982092752,0.1834932364569024,0.012599184571944227,0.00424750305296584,62.34522215377087,62.96255331004837,62.15143801160524,-0.20442209175483178,0.7333300222417116,0.07778527620142484,5.580440966297917,5.6274447763370095,5.240747930117946,0.009386518497070763,0.27251475996260266,0.11418208625646109,2.518429765464401
2026-09-02 05:55:00,19.876029595146523,19.579932416506367,19.794379177816612,19.19501444820978,20.393743907423445,-0.09654562210828235,-0.04700968229283305,-0.44128579668344253,0.34726643209777647,-1.1070082838999333,-0.1674370790174109,1007.5226734709878,1007.7310868347884,1007.7648294247746,0.18591410031445493,0.012599184571944227,-0.046341774558186444,64.16891348417283,63.91477881774647,62.782770851243264,-0.24069361364416747,0.7333300222417116,0.39867794426150027,5.975187899143052,5.799597483743859,5.604002541226726,0.006855650086929654,0.27251475996260266,-0.07691981744546972,4.8660170111779655
2026-09-02 06:00:00,20.55323305310056,20.222153852566795,20.14655227390802,19.54704334895638,20.746061198859664,-0.08069474843907608,-0.04700968229283305,-0.44150496284629803,0.34748559826063197,0.8106429135611712,0.1226112609516079,1007.7429774144819,1007.9211791026308,1007.8604718502474,0.19227853058244052,0.012599184571944227,0.048108067811426736,60.13127318876739,60.37432388796472,60.290096836552664,-0.27063550800156283,0.7333300222417116,-0.6491029708296523,7.870366904064393,7.908136394867389,7.555099677869657,0.0026571801286173645,0.27251475996260266,0.08052195703513032,4.93853140864095
2026-09-02 06:05:00,21.098975138640075,21.418051577908983,21.300136382899158,20.700483297276584,21.899789468521732,-0.06619264187531791,-0.04700968229283305,-0.4417240073165862,0.3477046427309201,1.0903988917307892,0.16492487730265992,1007.3894426532025,1007.7006956145711,1007.7363750420124,0.19084382550292375,0.012599184571944231,-0.048278612013177735,61.262815504838194,59.95270015596459,59.08128144064128,-0.2802124743653272,0.7333300222417116,0.1380886930816061,3.5604087646069797,3.636431152905475,3.640754832546391,0.0028743103134657917,0.27251475996260266,-0.27683843960351906,14.170526239188906
2026-09-02 06:10:00,20.58450135953567,20.397504622122582,20.723169955472493,20.12337274382786,21.322967167117124,-0.055405111879986355,-0.04700968229283302,-0.44194293029679266,0.3479235657111266,-1.8423285683551498,-0.27865565105707546,1007.2354442222385,1007.32570591772,1007.3921001022577,0.19042905462479812,0.012599184571944238,-0.07899336910963939,58.78867528488658,57.847596752565174,57.23232171707814,-0.31704400580143904,0.7333300222417116,-0.11805498675467874,6.6654156943827045,6.289370915114108,5.714529674849046,-0.003037157985790314,0.27251475996260266,0.3023264803024599,22.022795906459457
2026-09-02 06:15:00,20.932483872805356,20.642192936320626,20.649719208357677,20.049777905314894,21.24966051140046,-0.028108535070297393,-0.04700968229283302,-0.4421617319888419,0.34814236740317583,0.26104410376884957,0.039483410255783724,1007.0602273131353,1006.9320580397197,1006.9676985017793,0.2012976658307665,0.012599184571944238,-0.04823964663160041,59.54981609407153,58.73238823732882,57.51525767354567,-0.33368771143717646,0.7333300222417116,0.4838005415414415,4.992796663478157,5.017058709751909,4.9071246122231,0.00024966550917451553,0.27251475996260266,-0.16258066243379332,5.3986138055504425
2026-09-02 06:20:00,21.193244832115784,20.81547916877497,20.81315483158231,20.213069471740333,21.413240191424286,-0.02935487498644514,-0.04700968229283302,-0.4423804125940999,0.3483610480084338,0.32617129114422383,0.04933401948549587,1006.9647994666421,1007.264874951322,1007.1051146562423,0.22944515577352378,0.01259918457194425,0.14716111050768177,56.961794943582184,58.37882877638542,57.57189369333212,-0.3754558633361925,0.7333300222417116,0.07360506081158746,8.053669370411871,8.44526670747143,7.978610344258009,-0.005123960383959482,0.27251475996260266,0.19414160325081653,8.076890028105566
2026-09-02 06:25:00,20.903606953384802,21.0990059980487,21.11283958439999,20.512610202332873,21.713068966467105,-0.019621646097887555,-0.04700968229283302,-0.4425989723133758,0.34857960772770974,0.21934336916454455,0.03317609594154547,1006.9480293072744,1007.3088487714314,1007.247974501325,0.21264430096070291,0.01259918457194425,0.04827508553444204,59.88646520180036,58.7967807612505,57.963096574991056,-0.439616829145648,0.7333300222417116,0.10035416401773745,4.764340823568847,4.224095094848134,4.281299356835552,-0.0004387243557711215,0.2725147599626027,-0.32971902195002034,15.940026616136013
2026-09-02 06:30:00,21.302084703239807,21.20543613956097,21.271580637342883,20.671207267599794,21.87195400708597,-0.02838766074682802,-0.04700968229283302,-0.44281741134692454,0.3487980467612585,-0.1265096081561765,-0.01913481548907825,1007.1784736484522,1007.4568283363138,1007.420368449577,0.21139855114786732,0.01259918457194425,0.023860702164824943,57.2836760738545,56.21770634053442,56.0214293331761,-0.40398833231062037,0.7333300222417116,-0.5370530148833907,4.696122329273771,4.955818859848288,4.471836828338709,0.011721341033343644,0.2725147599626027,0.21146727154697675,7.965051751736812
2026-09-02 06:35:00,21.367205980895445,21.32486192182837,21.383640733599833,20.783123410705088,21.98415805649458,0.008397887946202835,-0.04700968229283302,-0.44303572989444867,0.3490163653087826,-0.07781146149701001,-0.011769129478629736,1007.1698221151356,1007.2710205661405,1007.3275460971081,0.19723302532508233,0.012599184571944245,-0.06912471553960131,55.60976935503421,54.325282534275566,53.80157163215172,-0.4493500365594579,0.7333300222417116,-0.2096191201178641,5.107776093111456,5.524743608293152,5.246856068190325,0.004528124165261907,0.2725147599626027,0.005372780140224798,0.7771011846509601
2026-09-02 06:40:00,21.552252901717388,21.558564952132805,21.590757195089157,20.990095953542248,22.191418436636067,0.03815239273274312,-0.04700968229283302,-0.44325392815510056,0.3492345635694345,0.09796532636576671,0.014817439336482607,1006.8137711088638,1006.8598566182438,1006.9511882582129,0.21633732410799533,0.012599184571944245,-0.10393082454106661,55.739852442833296,55.732097984752166,54.37857815117076,-0.4556038676257373,0.7333300222417116,0.6201898113396993,6.469364391048959,6.3044195571129595,6.03198541964734,0.003222369592310194,0.2725147599626027,-8.062249698248536e-05,3.2036153199733075
2026-09-02 06:45:00,21.356206858682018,21.597126034866484,21.665121167503298,21.06431604177893,22.265926293227665,0.03833059925051,-0.04700968229283302,-0.4434720063274847,0.3494526417418186,-0.13874505879154242,-0.020985450343978584,1007.1449391869345,1007.4283982851778,1007.2527393795121,0.20928446847615656,0.012599184571944245,0.16305972109364575,54.54626889237436,54.23111332673601,53.64902379234867,-0.4292526797734548,0.7333300222417116,-0.15124048785437338,10.057036320536753,10.573124724716733,10.148016993942939,0.00783567672266441,0.2725147599626027,0.15259297081119172,6.449803888000085
2026-09-02 06:50:00,21.828580140216875,21.83680356612078,21.865195021864178,21.26424604641229,22.466143997316067,0.04412939269908789,-0.04700968229283302,-0.44368996460965954,0.34967060002399347,0.1230941864412749,0.018618226549435235,1006.9002210218415,1007.1134089237324,1007.1623943519944,0.19196605895072702,0.012599184571944245,-0.0615846128339399,55.78276845854485,56.20139991680458,55.00441314695573,-0.45077572336151633,0.7333300222417116,0.46365674760714626,1.520325911277074,1.3167018957154208,1.638014531090203,0.003477103172850342,0.27251475996260266,-0.5938273953373849,51.879762725492135
2026-09-02 06:55:00,22.172399214680617,22.705728827136703,22.64590805398084,22.04481526322664,23.24700084473504,0.06451885668955998,-0.04700968229283302,-0.44390780319913964,0.3498884386134736,0.7063083030862849,0.10683045544869785,1006.9589205044734,1007.1396759132615,1007.129892790171,0.19962430293690991,0.012599184571944245,-0.0028160614814396467,54.41068258289685,54.468033785906115,54.146528099622415,-0.47965652985261015,0.7333300222417116,-0.41182433595800916,1.2888697767266883,1.4293148840659264,0.7476544227448887,0.008120308781116994,0.27251475996260266,0.409145701358435,25.965450118864904
2026-09-02 07:00:00,22.709060697787333,22.79812457671553,22.916735607971685,22.315499036315675,23.517972179627694,0.06231176411734837,-0.04700968229283302,-0.44412552229289803,0.35010615770723197,-0.4733914787928448,-0.07160134896331982,1007.145138327069,1007.639063864832,1007.5084779086112,0.22055603631382725,0.012599184571944245,0.1179867716488161,53.32794144526062,51.75189137113212,51.54826544480654,-0.4717381967492504,0.7333300222417116,-0.5297040959161308,9.159431312546713,9.08107380453526,8.456066942222842,0.013674297387634394,0.2725147599626026,0.35249210234981554,21.264569131360382
2026-09-02 07:05:00,22.668614966079886,22.933434322526903,23.022729231418214,22.421348913236223,23.624109549600206,0.0524624030553528,-0.04700968229283302,-0.4443431220873678,0.35032375750170175,-0.27956827965347486,-0.042285226598476555,1007.0063709296264,1007.0928701262358,1007.2322042824769,0.2285192107365564,0.012599184571944245,-0.15193334081311605,53.63850907942859,52.56007635046649,51.38005706552063,-0.43261051295380004,0.7333300222417116,0.44668926270414744,4.778224490334856,4.710632498336652,4.985871121843122,0.024506915150577433,0.27251475996260255,-0.5477533834690718,46.59793591487556
2026-09-02 07:10:00,23.30330305407762,23.52992327497896,23.515611785071712,22.914087754714924,24.1171358154285,0.06557224932045604,-0.04700968229283302,-0.4445606027784448,0.3505412381927787,0.4054242107083539,0.061321172200081264,1006.8021913955467,1007.2994237339798,1007.2499993476393,0.23097678526393942,0.012599184571944238,0.036825201768465377,50.52968466567644,51.14841111706527,50.47473739670519,-0.4735365472318265,0.7333300222417116,-0.059656301881624074,5.372742968226775,5.2060002619890895,4.730770022439593,0.018447014689728314,0.27251475996260255,0.20271547958689418,6.430699354536217
2026-09-02 07:15:00,22.292954138324134,22.35241351228424,22.633413463401094,22.03174575519608,23.235081171606108,0.06674883801171108,-0.04700968229283302,-0.44477796456148905,0.350758599975823,-1.54702391764269,-0.2339902688240194,1006.6814506502733,1006.9221047123411,1006.9808108167082,0.23588647633725135,0.012599184571944238,-0.07130528893901555,53.449166530956006,52.80773621394213,51.599677788296596,-0.47879172135243686,0.7333300222417116,0.47472840340382305,4.463473264493447,4.6820651710394765,4.432063839573686,0.009019262287423568,0.27251475996260255,-0.02251342849681226,7.58890681857328
2026-09-02 07:20:00,23.107343381131987,23.059442938684285,22.937280919298864,22.33546956754761,23.53909227105012,0.06949375475638998,-0.04700968229283302,-0.44499520763132727,0.3509758430456612,1.118476721275126,0.16917170167825546,1006.4669909992374,1006.4445199919979,1006.5122149567346,0.252864564291158,0.012599184571944238,-0.08029414930865642,50.1538761399879,50.564520562226015,50.29286699760031,-0.5394290321762933,0.7333300222417116,-0.46167645761600795,1.7247385866235816,1.9853237123348024,1.8166559187901528,0.00594348839178613,0.27251475996260255,-0.1038469664179531,6.380028880491746
2026-09-02 07:25:00,22.9908516255602,23.114224095883884,23.147430512413667,22.545475551393597,23.749385473433737,0.0569796846103705,-0.04700968229283302,-0.4452123321822546,0.3511929675965885,0.09126012968121344,0.013803265763051797,1006.6584388194937,1006.8739325943967,1006.6976716435082,0.2423741730509882,0.012599184571944238,0.16366176631652252,51.01504127357515,50.342105447937726,49.58618940948378,-0.55319106730517,0.7333300222417116,0.022586016212237325,6.648868159980781,6.625807465103939,6.029967028341777,-0.0037340350036848702,0.27251475996260255,0.32332567679956004,17.92434883858474
2026-09-02 07:30:00,23.953031979086298,24.08626632771267,24.01383806029341,23.411739524257428,24.61593659632939,0.031214602384919556,-0.04700968229283302,-0.4454293384080369,0.3514099738223708,0.7896626035238299,0.11943794971209698,1006.7130414848401,1007.0979979041321,1006.9997392481617,0.24103200780195247,0.012599184571944238,0.08565947139834407,49.372267321938324,48.04614827596117,47.61287197308561,-0.5519939033463374,0.7333300222417116,-0.3000537193661472,6.449917582871789,6.043838065806897,5.998494334292399,0.0019109470367901001,0.27251475996260255,-0.22717102844810455,10.153048836580016
2026-09-02 07:35:00,22.91380203930623,22.83404156821403,23.165154036937675,22.56291196011418,23.76739611376117,0.03475673853310607,-0.04700968229283302,-0.4456462265019124,0.3516268619162463,-1.8783422399841356,-0.284102786430811,1006.5768167921567,1006.7576582632557,1006.8488609879196,0.23559972601983806,0.012599184571944238,-0.10380190923581267,52.48479292548261,51.66027853754148,49.96210526560606,-0.5819057658077647,0.7333300222417116,0.9648432496937076,3.3614644555464483,3.4727089395717914,3.2994037305066555,-0.009706565964974012,0.27251475996260255,-0.09920955089746686,15.927321308038872
2026-09-02 07:40:00,23.061575775404645,23.1431747177503,23.101513325509707,22.49912774210264,23.703898908916774,0.04833116915551906,-0.047009682292833026,-0.44586299665659423,0.35184363207092817,0.5862477691730703,0.08867107453342626,1006.6871010962795,1006.6874696574262,1006.7056067376501,0.22158534233233754,0.012599184571944241,-0.0307362647959053,50.0187135354319,48.646373219000495,48.56289772602717,-0.5979004799916477,0.7333300222417116,-0.6498545292683815,3.3256954728240435,3.4659233788648045,3.070224265618845,0.01362359821755287,0.27251475996260255,0.12318435328335653,5.27235869954939
2026-09-02 07:45:00,23.318301076066874,23.61048613963817,23.550206186717187,22.94767713090604,24.152735242528333,0.04494406791937844,-0.047009682292833026,-0.4460796490642719,0.3520602844786058,0.7093441647172298,0.10728963521381729,1006.7018533430372,1006.8948210024871,1006.8180358255311,0.21764483921933592,0.012599184571944241,0.06418599238406841,49.255441181820494,48.155810555016146,47.51090162417929,-0.6471884168824085,0.7333300222417116,-0.08842109140485377,7.418234550774853,7.379802924192216,6.932337668365892,0.02658287683329038,0.27251475996260255,0.17495049586372158,6.0843179720506
2026-09-02 07:50:00,22.86926162680523,23.349741685331928,23.471407435260364,22.86873494120022,24.074079929320508,0.06649051071276144,-0.047009682292833026,-0.4462961839166136,0.3522768193309475,-0.4935877154630113,-0.07465606763560118,1006.6416970611958,1006.7440586974832,1006.7602997559958,0.2309374923711253,0.012599184571944241,-0.028840243084573558,50.69551374041171,50.21176364017985,48.909719215113924,-0.6444906654840562,0.7333300222417116,0.5687144028242201,1.5073271174701122,2.094205138153648,2.231648504469346,0.02670863452929352,0.2725147599626026,-0.40995812627830075,26.325054995282187
2026-09-02 07:55:00,23.66936543225569,23.8961710621571,23.871331255861268,23.268515357682833,24.474147154039702,0.05593176583152827,-0.047009682292833026,-0.4465126014047681,0.35249323681910205,0.4750320510151802,0.07184948858866846,1006.5645102751328,1006.8760191534478,1006.8344365235139,0.237736718151838,0.012599184571944241,0.02898344536197328,50.243114587221285,50.04485729274335,49.38409106023982,-0.607541366773146,0.7333300222417116,-0.0725637897381759,8.026073275726052,7.592277075715129,6.851317368278561,0.03538257945927328,0.27251475996260266,0.4684449474739658,31.977996139220934
2026-09-02 08:00:00,23.73686514869128,24.149528284974377,24.196843028541817,23.593883760351442,24.799802296732192,0.04011119900703947,-0.047009682292833026,-0.44672890171936663,0.35270953713370057,-0.002016909038715653,-0.00030506127460583343,1006.6752982007949,1007.0367766173582,1006.9911109581982,0.2454684441531364,0.012599184571944241,0.03306647458805401,49.50995910730327,47.591864646484716,47.45781448644798,-0.6459414022151122,0.7333300222417116,-0.5992798622049733,2.9953749752474987,2.3492044229875937,2.533514231000524,0.019014560816165368,0.27251475996260266,-0.45682456797553295,31.744447064110133
2026-09-02 08:05:00,24.261447217713954,24.17467511987176,24.267208390806175,23.664105786685887,24.870310994926463,0.03910274439909751,-0.047009682292833026,-0.44694508505052505,0.352925720464859,-0.3009786723157113,-0.04552358864157924,1006.7056010556076,1006.7943866459384,1006.855747263121,0.24722615149297622,0.012599184571944241,-0.07395980175454042,48.80609227896491,48.124462958913185,47.15723828857996,-0.6677349140444456,0.7333300222417116,0.23389464809151406,5.260084135349299,5.085081959570158,4.4794015452454286,0.044248294130160945,0.2725147599626026,0.3331656543621273,16.948096592640717
2026-09-02 08:10:00,24.49860177319146,24.67684207937215,24.67239354255693,24.069147636564463,25.275639448549395,0.03786385576882815,-0.04700968229283303,-0.4471611515878456,0.3531417870021795,0.34021541203207306,0.05145821910805637,1006.4662949822045,1006.613930410823,1006.6462425363137,0.25350603688571927,0.012599184571944238,-0.04491131006273008,46.24771548406087,45.128277100194516,44.82404456203297,-0.6501457954185492,0.7333300222417116,-0.4290974840801596,9.277797664248828,9.52927117248442,9.164972840894498,0.03834614800815605,0.2725147599626026,0.0917835716273192,2.653104190290317
2026-09-02 08:15:00,25.272733103383512,25.58985039183862,25.544392410418087,24.94100323658691,26.147781584249266,0.049413386738856487,-0.04700968229283303,-0.44737710152041876,0.3533577369347527,0.6113488740025588,0.0924676637133679,1006.8331868078052,1007.1905821303487,1007.0227646734,0.243898952777542,0.012599184571944238,0.1552182723767146,43.64620769119451,42.51975322378521,42.01514125945642,-0.6077226202422534,0.7333300222417116,-0.22871805791292132,6.0090414766244535,5.729429259263464,5.833457070746901,0.03714117386916246,0.27251475996260255,-0.37654257144603953,24.089130313237032
2026-09-02 08:20:00,25.062472990046267,24.920995267829767,25.172924595205295,24.569392187544636,25.776457002865953,0.03778894437789672,-0.047009682292833053,-0.4475929350368255,0.35357357045115945,-1.3548238297730144,-0.20491964508269334,1006.5995085102403,1006.7108667026419,1006.8173093840211,0.24018483414641525,0.012599184571944238,-0.11904186595120336,45.42721829617612,44.87338172781302,43.22878056400274,-0.6599842636695661,0.7333300222417116,0.9112711415685695,4.163809201560238,3.888099766999694,3.5303658627509167,0.01858184099727809,0.27251475996260255,0.08521914428617494,11.32497386378715
2026-09-02 08:25:00,24.611171700579497,24.572364036100616,24.678275584089068,24.07459997658395,25.281951191594185,0.05831035793012019,-0.047009682292833053,-0.44780865232513917,0.3537892877394731,-0.389428994132345,-0.05890186569561706,1006.6108404063694,1006.6910055709853,1006.6927808592663,0.24248888499003937,0.012599184571944238,-0.014374472852978215,46.50786992361643,45.40161669598594,44.42972420555158,-0.6658917294791243,0.7333300222417116,0.23856246819265436,6.2073812561008825,6.516132370999016,6.032137025003422,0.023444714044687037,0.27251475996260255,0.2114805860329918,7.0640126534716385
2026-09-02 08:30:00,24.641705903055435,25.07710096779023,24.990875171750073,24.38705639836134,25.594693945138804,0.087814112367744,-0.047009682292833053,-0.4480242535729268,0.35400488898726074,0.8808848021569631,0.13323547833299187,1006.708835101561,1006.7778505070881,1006.724599584024,0.24581907529662206,0.012599184571944238,0.04065173849221537,45.32549282678377,45.77522107196317,45.10551961828003,-0.655982150697941,0.7333300222417116,-0.06362856855856336,3.7574809324650578,3.9086265817782984,3.871112167718991,0.012381272473915949,0.27251475996260255,-0.23500034590329477,9.962709740241703
2026-09-02 08:35:00,25.35640502956875,25.248612210374585,25.276418932648742,24.672457027313087,25.880380837984397,0.08722695196321888,-0.047009682292833053,-0.44823973896725194,0.3542203743815859,0.12696014491427832,0.019202960018677828,1006.6329550508042,1006.9354221723036,1006.8754888496028,0.24966132955568454,0.012599184571944238,0.047334138128803716,43.428952670483135,43.719848047114034,43.54397134274736,-0.6595541243699506,0.7333300222417116,-0.5574533178750372,3.324757081470725,3.4512731844488207,3.0916856517529276,0.01339783008957624,0.27251475996260255,0.08707277273329028,2.967409464114343
2026-09-02 08:40:00,24.789454967586806,24.62720156932165,24.805546448737406,24.2014414453674,25.40965145210741,0.10597260826598365,-0.047009682292833053,-0.4484551086946759,0.35443574410900985,-0.8683211152267454,-0.1313351971229224,1006.7369973817248,1007.0313723458238,1007.0088273421528,0.248001306171488,0.012599184571944238,0.009945819099016262,46.365243201808376,46.56446399025136,45.201226804870196,-0.7462418467106487,0.7333300222417116,0.6299071631394568,14.05395402453958,14.29633778613957,13.51925561523346,0.007955085760330858,0.27251475996260255,0.5045674109435083,40.20097100103324
2026-09-02 08:45:00,26.207306544269795,26.6030280112043,26.31993448393841,25.715686416422532,26.92418255145429,0.09012515220660475,-0.047009682292833053,-0.4486703629412598,0.3546509983555937,2.182473497913019,0.3301032095587253,1006.6337382272192,1006.7746035480202,1006.8448326462249,0.24347222535792404,0.012599184571944238,-0.08282828277663157,42.44763193731213,41.323000084535046,41.67505365074965,-0.7287036963848418,0.7333300222417116,-1.0853835884563168,6.9890649328322825,6.858684693261445,7.39543516643532,-0.002822353588972577,0.27251475996260255,-0.8092652331364771,111.7922861193718
2026-09-02 08:50:00,26.102856687495763,26.448462807816185,26.647456172728607,26.043065074931267,27.251847270525946,0.10625347532433349,-0.047009682292833053,-0.44888550189256643,0.35486613730690036,-1.0048383348828338,-0.15198368261958706,1006.4959383093502,1006.7780665995239,1006.7668725683336,0.2813654807544556,0.012599184571944238,-0.0014051533817109885,41.19427194969364,39.74874595766151,39.078580982933474,-0.6755269240966693,0.7333300222417116,-0.06316504751367091,6.07940713806085,5.954845947236794,5.410816954034611,-0.010865968606598749,0.27251475996260255,0.27151423323958035,12.983073705630535
2026-09-02 08:55:00,25.598870065464144,25.807256735713622,26.047036122751773,25.44250202851335,26.651570216990198,0.12196262145272543,-0.047009682292833053,-0.4491005257336623,0.35508116114799626,-1.2744946417502945,-0.19276970474531652,1006.6395579184561,1007.160874704109,1007.0455786465817,0.2922469280296444,0.012599184571944238,0.10269687295533458,44.3024993548919,43.69667953559666,41.715595278429156,-0.6714437628057366,0.7333300222417116,1.247754234925793,3.9903947900529535,4.224720483555638,3.9554405097197165,-0.008608088265743536,0.27251475996260255,-0.003234786126681044,13.108359366907216
2026-09-02 09:00:00,25.255767954760017,25.381539984486427,25.460784245725556,24.856107188862413,26.065461302588698,0.13491418065557362,-0.047009682292833053,-0.44931543464911927,0.3552960700634532,-0.21311854059437252,-0.032234578946294334,1006.4115982726668,1006.5626939468701,1006.6984786551743,0.2972046977410759,0.012599184571944238,-0.14838389287615428,46.239911916004836,45.41210074830479,44.34883250477108,-0.7075324746710359,0.7333300222417116,0.32993822129199657,1.3627172009140767,0.937828168685285,0.7453667044824674,-0.02142299799443178,0.27251475996260255,-0.08005329575978504,4.037602864902815
2026-09-02 09:05:00,26.635994009895466,26.682969843096988,26.45427293108682,25.849452945391345,27.059092916782294,0.1346807343225192,-0.047009682292833053,-0.4495302288230164,0.35551086423735034,1.822830914217782,0.2757065943030028,1006.5974642971013,1006.5991091015123,1006.5702921378845,0.29440619576259913,0.012599184571944238,0.016217779055864412,41.238517821244,40.025967363011524,40.71853300568262,-0.7254919282937857,0.7333300222417116,-1.425895664912808,1.0862657127594146,0.41453864413518327,0.020096063436787936,-0.028911114704667548,0.27251475996260255,0.12192782073579278,20.63964783538865
2026-09-02 09:10:00,26.20091484230928,26.34767161727498,26.511766783592638,25.906803902833268,27.116729664352007,0.09036700020388874,-0.047009682292833053,-0.449744908438942,0.3557255438532759,-0.7741093042266733,-0.11708548402482322,1006.574319281009,1006.9315721872064,1006.8080115641839,0.2889915698392726,0.012599184571944238,0.11096143845054485,41.99872094195545,40.394588413696034,39.465061136258775,-0.66354497092584,0.7333300222417116,0.19619725519554976,5.538008322165601,5.3857446891852225,4.870169577545979,-0.02227838089202277,0.27251475996260255,0.24306035167664142,11.44989793339472
2026-09-02 09:15:00,26.89292653424084,27.289629018770256,27.238490411282985,26.633384669204236,27.843596153361734,0.0807410930491068,-0.047009682292833053,-0.4499594736799952,0.35594010909432916,0.6489062666095151,0.09814828978010581,1006.5462121515264,1006.8170739396558,1006.8312783533974,0.2874219627145491,0.01259918457194424,-0.02680359831356327,40.38282243948673,39.71791178207655,38.7922586865779,-0.6316962819957204,0.7333300222417116,0.19232307325693654,7.437268916438753,7.720277321015181,7.570824037441749,0.003746417856720363,0.27251475996260255,-0.12306147638917064,3.450029987450078
2026-09-02 09:20:00,25.90980331406404,26.02886889207629,26.346623224793,25.74137465511549,26.95187179447051,0.07135235278383777,-0.047009682292833053,-0.4501739247287881,0.356154560143122,-1.7900250804641615,-0.2707446504238753,1006.5561799502719,1006.7406120960873,1006.7629941486761,0.2909359088375893,0.01259918457194424,-0.03498123716076407,42.04168741739935,41.109136506845104,39.89565070827666,-0.6092953503522689,0.7333300222417116,0.48015577632673256,5.489516309588364,5.574706525336655,5.507949082453268,0.008522306052250413,0.27251475996260255,-0.20575731707921552,15.116142647372222
2026-09-02 09:25:00,26.456226091117106,26.94629647327943,26.80203306437219,26.196641700792668,27.40742442795171,0.05667852871293061,-0.047009682292833053,-0.4503882617674472,0.3563688971817811,1.2645997988510906,0.19127309120007396,1006.2910222091253,1006.6572049270375,1006.6644559035221,0.2683706823088323,0.012599184571944238,-0.01985016105663817,41.171424817699496,41.12528153740134,40.407549934758585,-0.5968209099285657,0.7333300222417116,-0.015598419598951807,8.536355195102004,8.792892335969386,8.278155863231612,-0.0006503103695224624,0.27251475996260255,0.24222171277517113,12.286918520181203
2026-09-02 09:30:00,26.845025495528493,26.72394927218158,26.8152676088416,26.20973348503298,27.420801732650222,0.0585121737811366,-0.04700968229283306,-0.45060248497761535,0.35658312039194917,-0.2929461486116445,-0.04430865436718534,1006.4885417555482,1006.8639635344128,1006.7922202123791,0.2495380071643361,0.012599184571944238,0.059144137461771606,38.28890320316073,38.20102733552266,38.142736234022344,-0.6199607088552498,0.7333300222417116,-0.6750389207413932,1.1693543221926614,0.5601445769954664,0.7824152736654479,-0.004321452070245573,0.2725147599626026,-0.4947854566325841,37.87061892937338
2026-09-02 09:35:00,27.007145858675408,27.05543742990807,27.06779354067588,26.462116690287264,27.673470391064495,0.05222772209831808,-0.04700968229283306,-0.45081659454045364,0.3567972299547876,0.22911168165406437,0.034653571525026905,1006.5819448691338,1006.4925985846489,1006.5641365001758,0.2418954184970686,0.012599184571944231,-0.0841371000988147,40.08396046414708,40.33761960830706,39.02330173817062,-0.6269807001782017,0.7333300222417116,0.5809878478947255,4.316574087995849,4.407217568484176,3.6116523897767845,-0.00400556200871979,0.27251475996260266,0.5230504187447891,41.686989313895154
2026-09-02 09:40:00,26.952150922038268,26.917397730457328,27.01293630220306,26.407116758859768,27.61875584554635,0.039858541951842755,-0.04700968229283306,-0.4510305906366434,0.35701122605097724,-0.32084818337778387,-0.04852888945289635,1006.5886868504275,1006.7351782557662,1006.6565859265535,0.24438109173841144,0.012599184571944231,0.06599314464074268,38.40888698282837,36.77174254539739,36.66655203731097,-0.6297079959269498,0.7333300222417116,-0.6281395141552935,3.344646710641723,3.533306250519359,3.450704057379462,-0.007499811515076864,0.27251475996260266,-0.18991256682270574,7.908292818235373
2026-09-02 09:45:00,27.52346338323043,27.330411614326085,27.321421991007334,26.715459788310934,27.927384193703734,0.023976539728125457,-0.04700968229283306,-0.4512444734463873,0.35722510886072123,0.3702387521835746,0.055999305611585726,1006.40667719379,1006.9958144424421,1006.9144399878297,0.24150981397258922,0.012599184571944236,0.06877527004041895,37.900772499731964,37.61114625102218,36.51222711748441,-0.6104728948646942,0.7333300222417116,0.3655891112960603,4.984199264753197,4.580490808122285,4.244997322028655,0.001530770152292465,0.27251475996260266,0.06297872613102751,2.111655394329828
2026-09-02 09:50:00,26.98767004318037,26.970297141524284,27.10139356575432,26.49528873728265,27.707498394225993,0.013243844945847027,-0.04700968229283306,-0.45145824314941174,0.35743887856374557,-0.5559385079869834,-0.08408674193720245,1006.7461432111248,1007.0929012171803,1007.0840077013104,0.259247268685783,0.012599184571944236,-0.003705668702082221,39.38870869844346,38.24907539989117,37.21235577227509,-0.5576607335653526,0.7333300222417116,0.3033896053743703,1.7859748045988992,2.0482975867452975,1.924826644689979,0.0037055049824347105,0.27251475996260266,-0.14904381790728438,4.392129365311574
2026-09-02 09:55:00,27.49633622946126,27.609868422916943,27.55244917913447,26.94620175844167,28.15869659982727,0.03006633312359595,-0.04700968229283306,-0.45167189992496837,0.3576525353393022,0.6904306198038626,0.10442892607530752,1006.4210682133945,1006.7639422663809,1006.8649143285548,0.2414585072418338,0.012599184571944247,-0.11357124674589159,37.95791523887333,36.463064971446876,36.08970480977568,-0.5185188987775932,0.7333300222417116,-0.3599698605705157,11.513249379073601,11.492577738953395,10.696857868915423,0.012784028831533413,0.2725147599626026,0.5232051100753701,42.31652937039697
2026-09-02 10:00:00,27.738078426875624,27.86307542017021,27.908232918233416,27.301842938849955,28.514622897616878,0.020150957304183537,-0.04700968229283306,-0.45188544395183594,0.35786607936616976,0.012245694308219868,0.0018521842296301827,1006.6902814319743,1007.0986579353756,1007.0152627090343,0.23244236160659335,0.012599184571944247,0.07079604176931298,38.1387922425716,37.22771310178218,36.27404055099834,-0.5681973512304546,0.7333300222417116,0.2203425285421261,3.3174024298737907,4.248443031284149,4.705187756222379,0.009639590928557118,0.27251475996260255,-0.7292594849008331,76.69190150299245
2026-09-02 10:05:00,28.030438413230723,28.47695572572732,28.484364208648028,27.877831704080734,29.090896713215322,0.012426876707684449,-0.04700968229283306,-0.4520988754083217,0.35807951082265566,0.2618228651298722,0.03960119937212525,1006.6018855945259,1006.8551293808043,1006.8975755102365,0.25068346249848655,0.012599184571944247,-0.055045314004132706,36.953807115691106,37.248413572479876,36.45699251993779,-0.5603575273189179,0.7333300222417116,0.05809103030037477,10.615699965690713,9.985423738147462,9.160537861207931,0.022894593125769684,0.27251475996260255,0.5523711169769285,44.05655797390017
2026-09-02 10:10:00,28.241971212113967,28.340441118541012,28.483189398149715,27.876514401881803,29.089864394417628,0.005576412482335754,-0.04700968229283306,-0.4523121944722639,0.3582928298865977,-0.6329746131477023,-0.09573859731586865,1006.4328074482961,1006.8045669667044,1006.8028080701248,0.2522568943945883,0.012599184571944247,-0.010840287992323283,37.133681923768464,36.30125643067403,35.76413435956984,-0.5345708102380414,0.7333300222417116,-0.19620795113751655,4.977751771021528,5.409715818606908,5.562041545343851,0.021229737282954225,0.2725147599626026,-0.4248404866995452,26.933936259094306
2026-09-02 10:15:00,27.638020545075285,27.878709221000687,28.02451176476981,27.4176943102609,28.63132921927872,0.01066131518947705,-0.04700968229283306,-0.4525254013210326,0.3585060367353665,-0.6531678448180358,-0.09879286147628719,1006.7868834682611,1007.1574677802248,1007.0495492578937,0.26287500538820224,0.012599184571944255,0.09531933775917878,36.13805533269586,36.877508361980176,35.977294287060495,-0.5129106986829792,0.7333300222417116,0.1668840526779718,13.83425015002414,13.727520559657892,12.910540297310014,0.011517838591574308,0.2725147599626026,0.5444655023852754,44.4865469544218
2026-09-02 10:20:00,27.602604614111396,27.633328520888597,27.678138776439646,27.071178897125804,28.285098655753487,0.01750505751740504,-0.04700968229283306,-0.45273849613153216,0.358719131545866,0.014541484104206859,0.0021994267417859703,1006.3312179406516,1006.699564133872,1006.8001830501399,0.2874899687074358,0.012599184571944255,-0.11321810083995842,38.506086288249236,38.41025522026396,37.352019922937515,-0.5349338804015389,0.7333300222417116,0.3249052750847383,6.076535582049472,5.6246811101194565,6.057811237341381,0.03329104240199652,0.27251475996260255,-0.7056448871845271,73.02014147788826
2026-09-02 10:25:00,28.85344674070853,29.160893070227807,28.923796911891195,28.316694641184956,29.530899182597434,-0.02816479057124239,-0.04700968229283306,-0.4529514790802023,0.3589321144945361,1.8783624327825805,0.2841058406294472,1006.6365683607668,1006.8674308808668,1006.8145057948254,0.27916431569261396,0.012599184571944255,0.04032590146937309,35.845444502672194,35.09723206163808,35.143521372205285,-0.43294005784964623,0.7333300222417116,-0.7796193328089132,11.115289714569041,10.972244436431929,10.127950434564244,0.015041264932385352,0.27251475996260255,0.571779241905082,58.49178812402273
2026-09-02 10:30:00,28.59911326640761,29.065962861161395,29.229287171088025,28.622042542378413,29.836531799797637,-0.012840262363828268,-0.04700968229283305,-0.4531643503430202,0.35914498575735415,-0.769012796239469,-0.11631462763379474,1006.6358960751664,1006.9396774571604,1006.8951126297186,0.27797254363910956,0.012599184571944255,0.031965642869863586,35.18572457089364,35.636125296487535,34.68636228482311,-0.4776380175312354,0.7333300222417116,0.21643298942271372,0.5008734059913761,0.591771056071952,0.9825138937733424,0.007653877679336076,0.2725147599626026,-0.663257597663993,64.55506844155403
2026-09-02 10:35:00,28.288224781959954,28.40314706630497,28.632008768513877,28.024621815166448,29.239395721861307,0.00870525814982804,-0.04700968229283305,-0.45337711009550247,0.3593577455098364,-1.202312496565316,-0.18185201991607158,1006.3709404283509,1006.5573896145328,1006.6335863375763,0.2747034208279391,0.012599184571944255,-0.08879590761546297,36.24221707314666,36.082984877673546,35.08539504852837,-0.5155496131645472,0.7333300222417116,0.2642598069034676,8.07655847885719,8.389182078887735,7.339398423325745,0.0013835991610321305,0.27251475996260266,0.7772688955993878,90.93950934765572
2026-09-02 10:40:00,29.327067277839816,29.121487934838903,29.02484432303468,28.417315078391535,29.632373567677828,-0.0070475399105970025,-0.04700968229283305,-0.45358975851270605,0.35957039392704,0.9497620688809363,0.14365329409705652,1006.6646718105139,1006.917842260973,1006.8074991936654,0.2512483047741398,0.012599184571944255,0.09774388273558543,35.14757246499543,33.89415116891767,33.55655815819054,-0.507373785320392,0.7333300222417116,-0.3957370115145764,10.562040205382107,11.105096153713358,11.03323642024512,0.026466661891597763,0.27251475996260266,-0.2006550264943634,9.797436234347092
2026-09-02 10:45:00,28.869355195940212,28.73796217780316,28.858685042546785,28.2510135399266,29.46635654516697,-0.021632013581619522,-0.04700968229283305,-0.4538022957692306,0.3597829311835645,-0.48735384112361757,-0.07371318245079195,1006.4010432007412,1006.4732931100555,1006.5534390954261,0.24752354312906816,0.012599184571944255,-0.09274516994264559,34.66420395200593,35.717960382073684,34.493731247463614,-0.4332856783966571,0.7333300222417116,0.4908991123683606,2.6964057211965184,3.167508898540884,3.3938488078644244,0.04453525073306288,0.2725147599626027,-0.4988546692861431,38.280184651543244
2026-09-02 10:50:00,29.40871240866587,29.43671345490861,29.375334316808527,28.76752058950659,29.983148044110465,-0.028385814398293595,-0.04700968229283305,-0.4540147220392197,0.35999535745355365,0.7166114146355049,0.10838882039291775,1006.4630210985954,1006.602523789282,1006.5475804774921,0.2580962893776361,0.012599184571944252,0.04234412721791614,32.75407215560648,32.49910271590436,32.37416866576713,-0.46255249817130306,0.7333300222417116,-0.608395972104482,2.220996305721728,1.9908562316798644,1.408834268659568,0.05947453216948485,0.2725147599626027,0.3095072030576935,17.013300614566393
2026-09-02 10:55:00,29.075277230528588,29.126850962888575,29.265889966940254,28.657934048228483,29.873845885652024,-0.03972587469014267,-0.04700968229283305,-0.45422703749636284,0.3602076729106968,-0.6084507813119338,-0.09202932175884371,1006.4382934701632,1006.6605300277539,1006.6136830031205,0.264583363879383,0.012599184571944252,0.03424784006142545,36.010137301070515,35.55331776368996,34.061496300965764,-0.4718564909689478,0.7333300222417116,0.7584914404824872,5.2196494559102655,5.614866809135822,5.113058393373601,0.056167945545721534,0.2725147599626027,0.22929365579961836,11.484854032390885
2026-09-02 11:00:00,29.981153419445175,30.084471474741107,29.998089621337527,29.3899915444645,30.606187698210555,-0.03636697158094357,-0.04700968229283305,-0.4544392423138971,0.36041987772823103,0.8819165735847108,0.13339153569641482,1006.3569343921199,1006.4873909393175,1006.5123448431675,0.27201236191203915,0.012599184571944248,-0.03755308842198701,33.56639678686123,32.44781943852335,32.33758552158719,-0.4341512124133985,0.7333300222417116,-0.6230961053055495,11.621997792642674,11.819813005363075,11.449906545761513,0.08042972558413929,0.2725147599626027,0.0973916996389601,5.387936495953626
2026-09-02 11:05:00,29.964824360543552,29.991299045913234,30.122557479471254,29.514317277662236,30.730797681280272,-0.06556485087632653,-0.04700968229283305,-0.4546513366646082,0.36063197207894215,-0.5570096307585963,-0.08424875126518572,1006.4747945874396,1006.6665482509723,1006.6086970915417,0.26750625414436513,0.012599184571944248,0.04525197485861554,32.74891435857577,33.25776858482749,32.28567265620089,-0.43477638783446915,0.7333300222417116,0.23876590638489148,6.267953883619745,6.155686222963598,6.414000855272866,0.084113245622549,0.2725147599626027,-0.5308293922718699,41.478196802301156
2026-09-02 11:10:00,29.266128038417232,29.18519125667154,29.398588691034178,28.79020639749115,30.006970984577205,-0.08233376499687763,-0.04700968229283305,-0.45486332072083313,0.36084395613516707,-1.1000706710943575,-0.16638775206980227,1006.4464999557687,1006.6815441465676,1006.6659045812919,0.25963308731229745,0.012599184571944248,0.0030403807037373554,34.61470937381888,34.5820421929649,33.483453607884904,-0.4464875227430295,0.7333300222417116,0.3652585628382852,6.166301183686526,6.196613884968863,5.673603919106844,0.09388587932558022,0.2725147599626027,0.25049520589941654,12.568497130746309
2026-09-02 11:15:00,29.854503501529283,29.668018006294602,29.58312849497692,28.974604142878604,30.191652847075233,-0.05924580699425401,-0.04700968229283305,-0.4550751946544609,0.3610558300687948,0.8720499713888579,0.1318991936105185,1006.0376681848636,1006.3728716919384,1006.440915035938,0.2748641553750809,0.012599184571944248,-0.08064252857161591,32.848311265502694,32.92501143856189,32.59814239606212,-0.42669037117699427,0.7333300222417116,-0.4064609797419436,2.790382930860001,2.6731129661632265,2.535773392538802,0.09568283313664229,0.2725147599626027,-0.1351751863381785,6.021338099334184
2026-09-02 11:20:00,29.82126786064984,29.82832640639821,29.838864921384644,29.230198543886534,30.447531298882755,-0.07316910650447428,-0.04700968229283305,-0.4552869586369346,0.3612675940512685,0.24112869484238075,0.03647116730640221,1006.4661996899869,1006.8774846348836,1006.7391638478261,0.2688963496187889,0.012599184571944259,0.1257216024854415,34.90533619379661,34.08215887745704,33.11726808548894,-0.4171522415189585,0.7333300222417116,0.23156076972639283,0.20193408810339789,0.3082499581077444,-0.005282826342947966,0.09518816742340977,0.2725147599626027,0.041018024488089666,2.4178814834288693
2026-09-02 11:25:00,30.204839951731476,30.521319740894675,30.49109551648177,29.88228714671615,31.099903886247393,-0.0545176823329304,-0.04700968229283305,-0.4554986128392529,0.36147924825358685,0.5106310682373945,0.07723390670573949,1005.9898701853102,1006.1927278636879,1006.3414841911867,0.27242533408430747,0.012599184571944259,-0.161355512070827,33.186654067980946,33.472847641487334,32.86459730840471,-0.3810868840216708,0.7333300222417116,-0.12507968915908663,9.300950305518073,9.174723321513984,8.404705040589853,0.09267038068414597,0.27251475996260277,0.49750352096152817,38.929364266340336
2026-09-02 11:30:00,29.36266322291703,29.517461334603503,29.791455723300402,29.18250539437638,30.400406052224422,-0.04918760939907835,-0.04700968229283305,-0.4557101574319719,0.36169079284630584,-1.500706723877851,-0.22698470640406399,1006.3608852979237,1006.8355363407665,1006.6654522477254,0.27438535025243793,0.012599184571944259,0.1574849084690868,34.688371117818846,35.081936519771105,34.03736189610348,-0.3358854729043831,0.7333300222417116,0.31124460142591914,2.193434451270648,1.9756102100553703,2.413163128029801,0.09057398074995435,0.27251475996260277,-0.7100676779370334,80.65410786185652
2026-09-02 11:35:00,30.11122325784434,30.141837422653676,30.057657440678554,29.448565185682092,30.666749695675016,-0.07632662511790222,-0.04700968229283305,-0.45592159258520626,0.3619022279995402,0.867358926463222,0.13118966426795708,1006.3398061116596,1006.772523727901,1006.7726378884654,0.29192595444752334,0.012599184571944259,-0.01271334513637612,32.500041760792456,31.639878803963363,31.67755238301732,-0.3251403658041954,0.7333300222417116,-0.7710036012956678,7.291294857664174,7.531689493235741,6.715749727219528,0.09665889723673514,0.2725147599626028,0.5434250060536101,47.03021216953662
2026-09-02 11:40:00,30.34521812111126,30.48433481868615,30.479884329866152,29.87065018186009,31.089118477872216,-0.06679668718965913,-0.04700968229283305,-0.4561329184686312,0.3621135538829651,0.3402283176887657,0.05146017111283285,1005.969967669695,1006.3491646472262,1006.4615567865251,0.30358290273959165,0.012599184571944269,-0.12499132387085865,33.078056735714775,31.629534903554028,30.753691392248683,-0.31492972041595463,0.7333300222417116,0.14251348906363148,11.45435141623556,11.743301475937942,11.503556937483337,0.10033089522448901,0.2725147599626028,-0.03277022150799702,2.2788878734865636
2026-09-02 11:45:00,29.300226031250954,29.157451528748233,29.45335835363515,28.843982345659224,30.062734361611074,-0.06856169672255193,-0.04700968229283305,-0.4563441352514839,0.3623247706658178,-1.6455805387170095,-0.2488971425940818,1006.03280007034,1006.3438872390261,1006.3214966063749,0.2880397992915862,0.012599184571944269,0.009791448079226939,34.4222972920056,34.5799599034408,33.03452951345884,-0.30743583603593994,0.7333300222417116,0.8121003677402499,3.5455414299112764,3.589278511406245,3.88191008450595,0.10001618152245217,0.2725147599626029,-0.5651463330623083,55.52572245641025
2026-09-02 11:50:00,29.60907351474655,29.43202678296359,29.35798052093584,28.748462686006725,29.967498355864954,-0.07539370256629803,-0.04700968229283305,-0.45655524310256507,0.362535878516899,0.8003599558989087,0.12105594432058453,1005.8873596205967,1006.2090169081673,1006.1906469138537,0.2737891612902857,0.012599184571944269,0.005770809741648009,33.535616153991285,31.98662232775348,31.870338146291054,-0.29031626655321485,0.7333300222417116,-0.6170458407792836,7.6949497899235935,8.220356602553826,7.3812081672436705,0.11511142144944073,0.27251475996260294,0.5666336753475525,49.32337714141072
2026-09-02 11:55:00,29.342075993693467,29.120799626651554,29.163620253586494,28.553960624697822,29.773279882475165,-0.07171934616871797,-0.04700968229283305,-0.4567662421902408,0.36274687760457475,0.02769589036144282,0.004189055357894489,1005.97774434716,1006.436538098867,1006.3408353403032,0.2807360791071153,0.012599184571944262,0.08310357399182067,34.46618935917797,34.29941668722047,33.14131988223416,-0.28838529422771364,0.7333300222417116,0.4247667827446051,2.1131290187006595,2.120443733514159,2.2984113665193124,0.08544389076203342,0.27251475996260294,-0.45048239296775616,30.65472103909577
2026-09-02 12:00:00,30.122091713850363,30.03243454541126,30.116774213788332,30.0200157430708,30.213532684505864,-0.06459984388521609,-0.14006776625426887,-0.44669400503018386,0.16655847252164613,1.114422896034526,0.05572809787719635,1005.9185134831337,1006.3820144594362,1005.9388061177111,0.2799640273385653,0.19817988513173415,0.2450284565933316,34.03984867581419,33.39364600087535,34.037398833070334,-0.28840659110899375,0.3957119777882976,-1.0394648099832793,7.124929673237503,7.124640072941087,7.118230970241498,0.09054276324124537,-0.04934853350926344,0.055757636208852546,41.527310170636675
2026-09-02 12:05:00,30.585608908735235,30.44722176283782,30.652688817840794,30.203782248045222,31.101595387636365,-0.053985966555596794,-0.16655763436955118,-0.43564654989214746,0.1025312811530451,-0.19877684004154617,-0.03890942063342351,1006.0343719792409,1006.5091159544295,1006.074921025997,0.27450196593112014,0.27987512970205514,0.15431979873039836,31.082550602552704,31.810958129303803,32.75145296861311,-0.24652464188004025,0.001973774897620739,-0.942468614206927,3.1434003223452596,3.439267167356804,4.3308379537671335,0.09772015030783517,-0.4425737340240976,-0.44899705238623167,30.92908126979506
2026-09-02 12:10:00,30.964884271486284,31.170227045774336,31.313493503146628,30.78242085789384,31.844566148399416,-0.03631217384237676,-0.1686545653377754,-0.43760313267267076,0.10029400199711996,0.16741927231970877,0.025388107965483186,1006.0646451816194,1006.35753370694,1006.1154983743061,0.2866895005390538,0.27729517513368257,-0.0352598424997268,30.74665419869483,30.23891851051345,30.424660081207502,-0.19346057556761373,-0.0010661663197044174,-0.18467540437434948,8.598666363548087,8.668128467055475,8.886608376723256,0.10918977899038686,-0.6440097936718975,0.4255298840041153,25.52282343399213
2026-09-02 12:15:00,30.4555021927134,30.33024737402626,30.682288594488668,30.14620191629136,31.218375272685975,-0.030190135150701417,-0.13073799159002772,-0.3979985358907935,0.13652255271073802,-1.446910517416427,-0.22130322887237952,1006.0261069919108,1006.3982910797847,1006.1350301313438,0.28893901312412074,0.2790749445329104,-0.01581399609199252,32.57501739531002,33.21461084428328,32.3512345357702,-0.24622492862978346,-0.10945011685848217,0.972826425371558,4.474118238605695,4.608098621893391,5.626853617330617,0.10854106457985324,-0.6286093188371391,-0.3901456766000875,31.652669548784303
2026-09-02 12:20:00,31.135769823913552,30.924400834186073,30.94997571713906,30.42083814030817,31.479113293969952,-0.05082464648249684,-0.13820060750526308,-0.4054857876232007,0.12908457261267453,0.7434017654846308,0.11262572455227371,1005.6790765549108,1006.170177032671,1005.9488228533118,0.28956850176679405,0.2851707193411915,-0.06381653998198544,30.15469889512877,29.497457151319484,30.242034722354266,-0.24587418831886354,-0.06055521876588409,-0.6840223522688973,5.912500870797334,5.266989594865308,5.699758060161747,0.11062026525369281,-0.6244546311054516,0.19168616580901254,9.422199061477881
2026-09-02 12:25:00,29.987243579553045,30.31782968697191,30.55255075880502,30.027491351458668,31.07761016615137,-0.057929328347264705,-0.13781433749675237,-0.4054216290995419,0.12979295410603714,-0.6406939389384085,-0.09690673433635766,1005.6766741155851,1005.8820431558036,1005.6488520934616,0.2989264454558547,0.28740182400817327,-0.054210761666240614,33.046630906567856,33.5766452171261,32.739240564999534,-0.26997849348944675,-0.07999879073620855,0.9174034428627706,7.186745088496681,7.312237053004914,7.860516836621501,0.12047974908684003,-0.6243382063223099,0.0760584227057235,6.468503750785354
2026-09-02 12:30:00,29.90935935730746,29.805300707772954,29.990457208344413,29.46608105756761,30.514833359121216,-0.013783603318235388,-0.1382004435853213,-0.40612595385426753,0.12972506668362493,-0.3104415875911428,-0.046956056986136474,1005.3982263903397,1005.6448889997985,1005.3692851703728,0.2944251375165319,0.28748546354363697,-0.011881634117912654,33.60457371959199,34.971984459845,34.888313734267804,-0.2808624948164593,-0.07979851808079375,0.16346924365798543,3.2648563604384044,2.852088992326668,3.770188941757585,0.13539141312964184,-0.6240549009590824,-0.2940450484718342,12.723315467181669
2026-09-02 12:35:00,30.61635707836036,30.64414653239792,30.583821419985934,30.059012340482745,31.108630499489124,-0.002916237412509475,-0.13734082802327693,-0.4055874761592364,0.13090582011268256,1.3068568243102057,0.19766594043526098,1005.4706004395875,1005.7862533043818,1005.4095665276467,0.31324736534220254,0.2878719913024148,0.08881478543275989,33.72978843100799,32.608576292839274,33.5037880679737,-0.26677442747572305,-0.08374639723479076,-0.811465377899637,8.783809302767624,8.549910184745816,8.729684111238441,0.13238605327785416,-0.6240807669298382,0.44430684043721236,36.563445132111
2026-09-02 12:40:00,30.836471534687078,30.959359171735425,31.078739448087013,30.553515707211886,31.60396318896214,0.03262307209966298,-0.1373275942539536,-0.40589623816273257,0.1312410496548254,0.11865845771811223,0.017947317902365256,1005.6750308481861,1006.1137614527464,1005.7192707179255,0.30379079386340646,0.28836050350942105,0.10613023131145383,30.968731545590423,30.959016038503414,31.42580626516699,-0.24334408447173667,-0.0847756016341737,-0.3820146250294023,4.543256269874597,4.277715319357075,5.3297176900003365,0.13505581110912976,-0.6240990538962604,-0.42790331674700166,28.16538035113924
2026-09-02 12:45:00,30.71041343381848,30.53662939336697,30.80725076054138,30.281789262710745,31.332712258372013,0.05355458333265076,-0.13728467741148048,-0.4061749612239263,0.13160560640096536,-0.8815539262615957,-0.13333668976293112,1005.7095793582863,1006.1585291235535,1005.8797978622074,0.31167394265951154,0.288339155971216,-0.009607894625105473,31.48545505143052,33.43721247416044,32.79058499064295,-0.24726850999813374,-0.08428067147037022,0.7309081549878584,7.901910617061029,7.740977221753499,8.041783341189497,0.15184155075261732,-0.6240983561617413,0.32329223672574336,19.54954063719223
2026-09-02 12:50:00,29.933510364832877,30.237788733139478,30.41977903284169,29.894157469205688,30.94540059647769,0.057181614405986986,-0.1372731334878791,-0.40648467541826805,0.13193840844250984,-0.29564701254550485,-0.04471716621432975,1005.217182546154,1005.5114328661978,1005.4088674996254,0.3288799367234297,0.2882442350361977,-0.18567886846392412,32.49818061912621,32.23721625893511,32.52234795733865,-0.31423542171343183,-0.08425734370411765,-0.2008743546994225,3.1540352065710255,3.1199803286751786,4.082408071533743,0.1306012799938288,-0.6240977161322089,-0.3383300267263558,20.594213581227727
2026-09-02 12:55:00,30.75815978553563,30.947286314070578,30.932260217109718,30.40648730378376,31.458033130435677,0.061702720452703745,-0.13728363037851002,-0.4068160516863176,0.13224879092929762,1.0069939739385632,0.1523097273393681,1005.2467537330481,1005.3328147057433,1005.066332973124,0.3123523908521645,0.2882473523111128,-0.02176561969179147,31.990679434709694,31.692098033859818,31.91220157629067,-0.34801201703359813,-0.08422992842632111,-0.1358736140045309,8.216599040609255,8.194352409941292,8.404829696437831,0.12370115399568296,-0.6240977480602902,0.41362046156375065,27.01274513012265
2026-09-02 13:00:00,30.30164188320979,30.674472705440497,30.88418558479793,30.358253586194298,31.41011758340156,0.06115401985455106,-0.13728418452517124,-0.40713710397190195,0.1325687349215595,-0.4788614662901871,-0.07242869483226144,1005.2631919312498,1005.6083518916362,1005.1917291748429,0.3082323687419351,0.28821985082470764,0.12840286596861006,32.69967279496674,33.01383742427096,32.777618951149904,-0.3166345285765923,-0.08426166214847565,0.3204801352695341,2.8241633369748618,3.1618054120337122,4.21758206924005,0.1383595137817126,-0.624097784135653,-0.43167887307068487,29.50937868024088
2026-09-02 13:05:00,31.117200172952607,31.016442736125843,31.11677099688702,30.590675107727318,31.642866886046722,0.03508695061685357,-0.13728367049987086,-0.4074567078794321,0.13288936687969036,0.24433025798570895,0.036955409738695266,1005.2389965434472,1005.4231879803045,1005.1442142258296,0.3219388574565618,0.2882209298302242,-0.00924717535531272,31.42344531020757,31.04376054813556,31.548985881351044,-0.4125494533478149,-0.0842530658398673,-0.42097226737561755,5.6843014423964515,5.900302678754656,6.1981706620526875,0.14928489211779564,-0.6240977832825557,0.3262297999845245,16.250217628068725
2026-09-02 13:10:00,31.01813156426595,31.07331438216506,31.225929914779613,30.69966915177625,31.752190677782977,0.03535765940387693,-0.1372837499052134,-0.40777652638163553,0.13320902657120873,-0.10136590154118963,-0.015331782709342434,1005.0036945501926,1005.1160299115259,1004.8903999979409,0.3358257920293341,0.28822299711469207,-0.06259308352969128,30.59556934013185,28.858799041436463,29.300979611501237,-0.3709895030389449,-0.08425555725337165,-0.3579250128114033,4.075406076396141,3.659593091977808,4.485873977677248,0.15450934422706258,-0.6240977825376061,-0.20218310316183397,6.952583274707714
2026-09-02 13:15:00,30.513942922450585,30.575331851141435,30.809112275184354,30.282686952574625,31.335537597794083,0.05351777769200989,-0.13728377456225854,-0.4080959126320306,0.13352836350751351,-0.6379864661433352,-0.09649664948065961,1005.1153067181424,1005.259493828857,1004.9116035467928,0.33376784482467525,0.2882231896719522,0.0596670923922602,31.60989452774686,32.162977974251625,31.31286477596223,-0.35274645336638594,-0.0842479241303945,0.9343611224197907,8.995194609224635,9.170206375984648,9.467214273751441,0.1500233754959714,-0.6240977825640234,0.3270898847972301,21.13381436854821
2026-09-02 13:20:00,30.698975687139995,30.79627656377969,30.866461037049366,30.339871482191832,31.3930505919069,0.044523177769691835,-0.137283819314255,-0.4084149428060171,0.13384730417750704,0.44362653930364004,0.06709934604457857,1004.9056441122543,1005.2795530551317,1004.9635144023127,0.32495179170055294,0.28822345811129263,0.027815194707727642,31.612768935022277,29.70372991341729,30.27669365115175,-0.3066802905128352,-0.08424966863210051,-0.4887140691023575,4.22607768919487,4.462759453676015,5.528574598960253,0.14120519050611718,-0.6240977826356396,-0.44171736264859796,29.63001899481704
2026-09-02 13:25:00,30.4916750744924,30.251454597532586,30.459399869035924,29.932646219102665,30.986153518969182,0.050702472755618976,-0.13728379511442745,-0.4087335291830038,0.1341659389541489,-0.4671775222917347,-0.07066147638890996,1004.8980982324795,1005.4386768581879,1005.1133172130617,0.3364230215685221,0.288223680236424,0.0371359648897851,33.098453344727055,32.451389811762716,31.998780754918382,-0.3136302120536688,-0.08424936700647159,0.5368584238508056,11.21270341107898,11.249426490516786,11.380333114149266,0.13529303431369344,-0.624097782634628,0.4931911590021478,36.86967428316895
2026-09-02 13:30:00,30.89732443794672,30.982968052129177,30.969542218078015,30.442624521612807,31.496459914543223,0.06347633844401693,-0.1372838034239377,-0.40905177454250186,0.13448416769462646,0.99641500035451,0.15070963747509936,1004.9043453342715,1005.2608051225064,1005.0286128759287,0.3506256107995014,0.2882235686783589,-0.056031322100693615,32.01585846853724,32.596019665968086,32.768118376676284,-0.38577940189447046,-0.08424933573323636,-0.08784937497496514,11.454903252524401,11.587410575974271,12.479148892964961,0.15077311652188036,-0.6240977826327223,-0.26764053435796775,13.013107367751218
2026-09-02 13:35:00,31.307675108080474,31.072213457650054,31.22729858324411,30.70021687714382,31.7543802893444,0.049831131854329795,-0.13728380389893227,-0.4093696398513036,0.13480203205343902,-0.11769322957920991,-0.017801321695124273,1004.7441633835588,1005.112520132373,1004.8649201240853,0.33664965061735264,0.28822356698840573,-0.04062355870075862,29.303869446490037,28.647918794134064,29.686033371222937,-0.370716709441743,-0.0842490267706899,-0.9538655503181843,3.5948601489643908,3.796441876213835,4.795755868905392,0.1444886896303269,-0.6240977826327131,-0.37521621005884365,24.981437338107707
2026-09-02 13:40:00,30.530727116954797,30.645455520083356,30.891690244260694,30.36444457348183,31.418935915039558,0.04306158888917483,-0.1372838061318598,-0.40968713600486384,0.13511952374114422,-0.7203277166720525,-0.10895091804547974,1004.5972734509303,1005.0969103785917,1004.7945817437138,0.32220268682975606,0.28822356109658076,0.014105073781252031,33.46758068348742,32.58651963941549,31.693876518009148,-0.32610385010040105,-0.0842491498213728,0.9768922712277153,7.502862652977852,7.877745451541249,7.966646965686687,0.1455029192727235,-0.624097782632546,0.5351962684871081,47.05229923602967
2026-09-02 13:45:00,31.1222052959529,30.724268387581212,30.832023384743568,30.304613799640457,31.35943296984668,0.027792916532017445,-0.1372838059753434,-0.4100042601512278,0.13543664820054102,0.19522937309645627,0.02952880881298725,1004.5646312534778,1004.6578687841288,1004.4457153624911,0.3249057670135593,0.2882235838836383,-0.07607016224596919,31.427028472787068,31.836701010012888,32.05886336021811,-0.2937385869074313,-0.08424914804336957,-0.13791320216185454,2.3316312775562644,1.99713312414155,3.046057194520971,0.13796584282410604,-0.6240977826325452,-0.4248262877468758,26.58658642897164
2026-09-02 13:50:00,30.70021694810589,30.34536001367945,30.521944240290495,29.994370792424334,31.049517688156655,0.015460432431676342,-0.13728380594841202,-0.4103210160973232,0.1357534042004991,-0.2598342702201677,-0.039300420662634394,1004.485048707317,1004.8955332651717,1004.5115302510812,0.332458094614706,0.2882235729237805,0.09577944116665549,31.563016919652718,30.565192301355697,31.02419220913283,-0.3169327888295126,-0.0842491543171179,-0.37475075346001674,5.425900858675065,5.4989993302082665,5.73167088035983,0.14639358312509632,-0.6240977826325507,0.3914262324809874,23.769111620697892
2026-09-02 13:55:00,30.583064482247156,30.742920578712035,30.785131457457965,30.257394198090655,31.312868716825275,-0.003853646823119573,-0.1372838060543116,-0.4106374051268329,0.13606979301820968,0.6285735437014459,0.09507292730838302,1004.3590025395787,1004.6861333375228,1004.4145831027946,0.32886926559194535,0.288223573129013,-0.016673338400778448,31.608116110270647,30.316439383408763,30.40070663970663,-0.31389615118832,-0.08424915431734598,-1.8101980522544636e-05,8.606191891672001,9.199699041410952,9.800067621213039,0.1410063203216319,-0.6240977826325507,0.02372920283046298,1.0674914610517472
2026-09-02 14:00:00,30.84145337925089,30.71472531446814,30.867151088725915,30.339250068767683,31.395052108684148,-0.017360373743789972,-0.13728380604819765,-0.4109534282679477,0.13638581617155235,-0.10011094520351449,-0.015141968209576362,1004.2909405071051,1004.7128699173617,1004.4047464311847,0.3370207914317335,0.288223573469618,0.019899912707387557,30.74331818860335,30.63038395800236,30.53221744994892,-0.3325454205956173,-0.08424915352626626,0.18241566157970368,7.99137875837682,8.556407532286295,9.38814512833999,0.14003038142008775,-0.6240977826325508,-0.20763981342114413,6.391211617098913
2026-09-02 14:05:00,30.450378578250408,30.256738424992136,30.48030684921271,29.95224211942597,31.008371578999448,0.003931461468177612,-0.1372838060468635,-0.41126908690315456,0.13670147480942754,-0.5704697409437429,-0.08628461817371047,1004.4839537858707,1004.7399303517598,1004.4340677146357,0.32849915214968495,0.2882235737280854,0.017639063396018173,32.83214546812128,32.324587082548966,32.03028354342811,-0.36121974684224534,-0.0842491534649068,0.3785526925857603,7.622214761512467,8.00069239993486,8.620089914649576,0.1231965600896595,-0.6240977826325508,0.004700267917834289,1.5617893527216606
2026-09-02 14:10:00,30.61938544602147,30.863753876268404,30.876970483715148,30.348742094815336,31.40519887261496,-0.009800693968176776,-0.1372838060401604,-0.4115843822807157,0.13701677020039485,0.8202688282019537,0.12406719859341564,1004.2419210500785,1004.4223532854753,1004.203646025312,0.3031228289608001,0.2882235732872479,-0.06951631312392692,31.799043976327066,30.476324338125043,31.057257166355562,-0.32778114685095056,-0.08424915309427401,-0.49668367513624645,4.435752888600972,4.703863171515285,5.4389760950459625,0.1070628777276101,-0.6240977826325508,-0.11101514089812703,5.193104864916148
2026-09-02 14:15:00,30.33422676314784,30.391848200931257,30.622751765222034,30.094359767892723,31.151143762551346,-0.007903805682266426,-0.13728380604268356,-0.411899315666413,0.13733170358104593,-0.6189659335049349,-0.09361975824809221,1004.026407693366,1004.3455200451017,1004.0555497785382,0.29803601609280894,0.2882235732892026,0.0017466932742991048,32.15413716649813,32.2940044207488,32.03790947191384,-0.36969477774523124,-0.08424915325809114,0.34034410209304866,5.3028044790272775,5.906334513208729,6.332540606516121,0.10713960966082516,-0.6240977826325508,0.197891689325159,7.1105075279543675
2026-09-02 14:20:00,31.56796904232953,31.726940244448958,31.65232580419586,31.12377024908049,32.18088135931123,-0.015446836987330763,-0.1372838060418136,-0.41221388829164796,0.13764627620802075,1.4009627698291602,0.21189824629491127,1004.0876320814576,1004.6338055818087,1004.2468725424897,0.29879480185096613,0.2882235732255379,0.09870946609350995,30.93067054936293,30.901282281009127,31.30847416952787,-0.4009783528155877,-0.08424915321129335,-0.3229427353074499,2.5351982632449634,3.2044407018358108,3.996510257077593,0.09388803810884754,-0.6240977826325508,-0.1679717726092318,10.39746417398265
2026-09-02 14:25:00,30.76106083133283,30.73004856893689,31.109359622266272,30.580640559962124,31.63807868457042,0.0022361520682233228,-0.13728380604127968,-0.4125281013970612,0.1379604893145018,-1.6001603064848418,-0.2420272472881031,1003.8448817899605,1004.2695030279739,1004.0594750268591,0.2954847223322086,0.2882235732802083,-0.07819557216544126,31.80252494385467,31.075101680583042,31.115389571667066,-0.4396192499871212,-0.0842491532110155,0.043961262126991585,8.660955910067376,8.737170818155512,9.007701146707051,0.11493890450219256,-0.6240977826325508,0.35356745408101276,24.725145884100797
2026-09-02 14:30:00,30.428125823101013,30.985955148398293,31.076055535884752,30.547173016941525,31.60493805482798,0.02190358651727757,-0.1372838060413564,-0.41284195621278696,0.1382743441300742,0.31195261831792465,0.04718341855489783,1003.9823913346615,1004.1878189023029,1003.9126711896583,0.2815814831682948,0.2882235732846683,-0.013075860640128667,30.938796964662146,30.213953446459602,30.410264084552814,-0.49177791330258785,-0.08424915321460248,-0.11206148487860901,6.4309183053135195,6.234412245708094,7.206366974856195,0.09432367338107006,-0.6240977826325508,-0.34785694651555055,17.58479404378293
2026-09-02 14:35:00,30.750863445313467,30.664825309450872,30.83128564080004,30.30223971572014,31.36033156587994,0.03486463624936177,-0.13728380604134452,-0.41315545396098974,0.13858784187830073,-0.19290025483435258,-0.029176525307821777,1003.7730358453761,1003.8316837354366,1003.5965685367815,0.259793695457749,0.2882235732889251,-0.05310837463389362,32.1501030910264,32.03976387154563,31.677233866005828,-0.48665341308809673,-0.084249153206532,0.44677915874633456,8.523855736739371,8.529089961846452,8.955346877582699,0.08632192039442901,-0.6240977826325508,0.1978408668963052,7.015046198238463
2026-09-02 14:40:00,30.573802997292212,30.962158761710093,31.02632667895459,30.497117398193556,31.555535959715623,0.0394566545459031,-0.1372838060413401,-0.41346859585768875,0.13890098377500854,0.48340484113674975,0.07311588879684194,1003.6124579601317,1003.6137724973823,1003.3285091671806,0.25362462980533423,0.2882235732888635,-0.0029602430871591423,32.96616517634751,33.47245350575794,33.342097768774664,-0.4460008063912276,-0.08424915320553213,0.21460489018880935,4.101972877501056,5.117470460699776,5.97809413325714,0.08648892906710452,-0.6240977826325508,-0.23652588992481327,8.785682108511876
2026-09-02 14:45:00,30.480030629639472,30.503748183112776,30.717619001410284,30.18824641537696,31.24699158744361,0.03599076149328962,-0.13728380604134693,-0.4137813831119258,0.13921377102923194,-0.5063541331720387,-0.07658701225616227,1003.6065703416584,1004.0683817585011,1003.6194443197488,0.2643964990651312,0.2882235732940781,0.16071386545820587,33.29050414061125,32.61179807966397,33.099918539795944,-0.45247149285981186,-0.08424915320524663,-0.40387130692672457,4.7957840889017795,4.407814785773368,4.920057737716565,0.08283759968914668,-0.6240977826325508,0.11185483068935387,6.122526336533164
2026-09-02 14:50:00,30.760006938379984,30.447217500327856,30.569664077368135,30.040128236424753,31.099199918311516,0.018112640930420875,-0.13728380604134646,-0.4140938169258892,0.1395262048431963,0.09809616550103328,0.014837229001066987,1003.2146362714686,1003.3508447965863,1003.2132262856364,0.27947086833809537,0.28822357329138637,-0.15060506234146942,32.07472243505665,32.09330056358361,32.396163829199935,-0.5051726658795577,-0.08424915320495528,-0.21861411241136608,4.877800404334376,4.808434807598059,5.374565026991443,0.0717961451225075,-0.6240977826325508,0.057967563239166076,3.2762282383119135
2026-09-02 14:55:00,30.759520466872083,30.90335579016896,30.94475447600842,30.41505543047066,31.47445352154618,0.04726557414725383,-0.13728380604134638,-0.41440589849501686,0.1398382864123241,0.6339433474899003,0.09588512020188489,1003.1922030092683,1003.4370994262667,1003.10926209792,0.2937234289477568,0.28822357329159,0.039613755055142974,32.59662608459352,32.57301165127261,32.51618828049665,-0.4757746069885867,-0.08424915320504921,0.1410725239810091,1.233303853830384,0.8717133748101495,1.6912277125324877,0.06221686672755482,-0.6240977826325508,-0.1954165550897875,6.69859260048851
2026-09-02 15:00:00,30.182768953137277,30.281591944309277,30.54047449986841,30.010612300005448,31.07033669973137,0.035870478880965534,-0.13728380604134585,-0.41471762900801423,0.14015001692532256,-0.8039487060931592,-0.12159874951778704,1003.0932759014096,1003.5753900848472,1003.2141874052492,0.2839325145259742,0.288223573291558,0.072979106306434,32.39590018145503,32.682570970024855,32.711276916481495,-0.41677504559736267,-0.08424915320505709,0.05554320674841762,4.9245247711036795,5.014264255919457,5.285218734174135,0.052310325952562436,-0.6240977826325508,0.35314330437787245,19.96803696305982
2026-09-02 15:05:00,30.099390380643868,29.934951191882483,30.100518800289187,29.570493496323785,30.63054410425459,0.045825174086458156,-0.1372838060413458,-0.4150290096469178,0.14046139756422624,-0.18699802757180706,-0.028283802365358213,1003.205249451263,1003.2332522715834,1003.010977478716,0.2700880386424098,0.2882235732916541,-0.06594878042426444,32.9981600631928,32.59021389524508,32.70772938296109,-0.4393935269424935,-0.08424915320505855,-0.033266334510955176,9.706854113542205,9.395489913878105,10.003811059249493,0.04944310900436181,-0.6240977826325508,0.01577663726116363,0.6105473334326643
2026-09-02 15:10:00,30.150764580161646,30.028039382410512,30.09330590877994,29.563117550888503,30.623494266671376,0.06171865767580911,-0.13728380604134582,-0.41534004158714444,0.1407724295044528,0.4761413997939101,0.07201727967191829,1003.3555260992098,1003.8554134296531,1003.4130727112854,0.2760476540221686,0.2882235732915132,0.1541171450762704,32.623332387136095,31.437329049605395,31.758816075369516,-0.45614292627761366,-0.0842491532050714,-0.23723787255904938,11.462747646840652,11.499084739890103,12.238561169330207,0.06896239989953605,-0.6240977826325508,-0.11537864680755305,5.384503353214045
2026-09-02 15:15:00,29.267428515435654,29.315878437040887,29.537872488853267,29.007521127165926,30.06822385054061,0.05338945022222917,-0.13728380604134585,-0.4156507259975445,0.14108311391485276,-0.5600607962707258,-0.08471024577103492,1003.3426827781316,1003.588305564209,1003.3776869703115,0.2836688541613437,0.28822357329153714,-0.07760497939409561,34.409363200064675,33.60126907328,33.176590064990116,-0.4380948042246949,-0.08424915320505914,0.5089281614949428,6.480300836053497,5.965014060912988,6.9232925842753525,0.06974177286511815,-0.6240977826325508,-0.3341807407298143,18.696045101072016
2026-09-02 15:20:00,29.50590297100604,29.644812172187606,29.674110657980965,29.14359634258164,30.20462497338029,0.0689596381319686,-0.13728380604134582,-0.4159610640404525,0.14139345195776087,0.7139436781603052,0.10798532024798746,1003.0166325022611,1003.1328158943991,1002.9753398885587,0.28847088942374965,0.28822357329153836,-0.13074756745118066,34.62152907845463,34.51448262802773,34.48919628398037,-0.38132922305221806,-0.08424915320505871,0.10953549725241629,5.9000402694526395,6.166897246737028,6.5316293706761135,0.08157077775899339,-0.6240977826325508,0.25936565869346495,12.799004100039312
2026-09-02 15:25:00,30.578910478675407,30.16520065828158,30.21152165843704,29.680844439363508,30.74219887751057,0.08042283618205144,-0.13728380604134582,-0.4162710568717389,0.14170344478904723,0.6013995241280305,0.09096280588588712,1002.9096863158227,1003.1368858068832,1002.8190097233125,0.2643021301328965,0.28822357329154025,0.029652510279106536,32.53068572748015,33.58593381203282,34.06160202894908,-0.39952341815260095,-0.08424915320505781,-0.3914190637112043,1.3360119706525833,1.7893560888102504,2.601783216415348,0.08664054121727481,-0.6240977826325508,-0.18832934497254694,6.821376341871506
2026-09-02 15:30:00,30.606758166979553,30.923724751197092,30.99988529654563,30.46904522378961,31.530725369301653,0.10634229371277792,-0.13728380604134582,-0.4165807056408592,0.14201309355816755,0.4041157210994726,0.06112326069280627,1002.4788323074351,1002.6243423053393,1002.4020725143334,0.25389951511429487,0.28822357329153725,-0.0659537822857601,31.86601991363109,31.032645054586528,31.690312775050682,-0.4461591604875381,-0.08424915320505659,-0.5734185672590968,10.951111408582413,10.933707487160474,10.975149253966158,0.09777916519709702,-0.6240977826325508,0.582656015826867,51.01004392102408
2026-09-02 15:35:00,29.762227572370186,29.76263007432357,30.176173628244502,29.645170751751714,30.70717650473729,0.09930209671637726,-0.13728380604134582,-0.4168900114909042,0.14232239940821256,-1.8264880826009104,-0.2762597478795854,1002.5829155746467,1002.9025817941134,1002.4894481944938,0.2535432496308631,0.28822357329153947,0.12491002632805248,33.203400548859335,33.42317099441325,32.814819954819804,-0.4240595092680039,-0.08424915320505719,0.6926001927985013,0.8598357395633234,0.8890762596117738,2.350788435508381,0.06977952217116117,-0.6240977826325508,-0.8376143932640565,112.38584948588783
2026-09-02 15:40:00,30.0020296145163,29.815694254093845,29.90442841875247,29.373262788422707,30.435594049082233,0.08001413645718153,-0.13728380604134582,-0.41719897555864915,0.1426313634759575,0.3209853845184121,0.048549641382720665,1002.4624658171476,1002.6246358200309,1002.359592811398,0.2593898679664282,0.2882235732915394,-0.023180564658673575,33.79786688274807,33.13932959549863,33.214952607767984,-0.3960921267080234,-0.08424915320505719,0.008626140935703575,12.752563011604922,12.770275784345207,12.451813877150858,0.06673494195967887,-0.6240977826325508,0.9425596898269006,127.07498025578047
2026-09-02 15:45:00,29.80200066399313,30.06264576440903,30.106702325032565,29.57537399071976,30.638030659345368,0.07243179012551386,-0.13728380604134582,-0.4175075989746024,0.14293998689191073,0.6163708395316583,0.09322724541781113,1002.4049094214209,1002.3867606461008,1002.1336736045761,0.268597556317658,0.2882235732915395,-0.035136531766852386,31.54003174781374,31.232529226579857,31.76218462109513,-0.39587752594279046,-0.08424915320505724,-0.44540624131021644,6.125264619621385,6.259344118380079,7.661011710286761,0.07980629619118601,-0.6240977826325508,-0.7775698092741319,88.34683356230803
2026-09-02 15:50:00,30.811712270706288,30.882553268086124,30.898050286705,30.366559298217314,31.429541275192687,0.07556459326352884,-0.13728380604134582,-0.41781588286305377,0.14324827078036212,0.8051919164942802,0.12178678742246873,1002.3913985068505,1002.6286427252742,1002.2520144372926,0.2703285985850425,0.2882235732915393,0.08840471469000022,31.291503743441258,32.08840895282133,31.905192961760154,-0.41541219003080126,-0.08424915320505721,0.2674651442662359,4.820160141289562,4.882798203163326,5.316155627763244,0.07408893796369267,-0.6240977826325508,0.19074035803263278,7.998829671017351
2026-09-02 15:55:00,29.92725309586695,30.246924035393203,30.56298175626029,30.031328163360158,31.09463534916042,0.07643778416980468,-0.13728380604134582,-0.41812382834212236,0.1435562162594307,-1.181961640866529,-0.17877391482574012,1002.2656625669696,1002.3364788133902,1002.0987459921395,0.2742980042635013,0.28822357329153936,-0.05049075204090059,33.439554441063414,33.67037957175368,33.36544025833115,-0.3806089344460796,-0.0842491532050572,0.3891884666275871,11.932187099193087,12.254335854534684,12.462936608112576,0.0917136696123888,-0.6240977826325508,0.41549702905465935,29.07642255373691
2026-09-02 16:00:00,29.324162992211726,29.48228966053336,29.738946043349205,29.207129895753425,30.270762190944986,0.07053621572568643,-0.13728380604134582,-0.4184314365238037,0.14386382444111206,-0.7892303911137333,-0.11937257677449864,1001.9608001830303,1002.2667645553923,1001.9835530703785,0.27531638976383455,0.28822357329153936,-0.005012088277794646,34.40098494147465,33.04581784899498,33.376919008915884,-0.36212767428690085,-0.0842491532050572,-0.24685200671584795,1.1636713571739055,1.6401356683592554,3.0642145731086536,0.10655257115006642,-0.6240977826325508,-0.7999811221168476,93.13839044912079
2026-09-02 16:05:00,28.885705927841542,28.92730128109296,29.060215604077012,28.5282369514568,29.592194256697223,0.041898253841027785,-0.13728380604134582,-0.4187387085140167,0.14417109643132503,0.02888878597959632,0.004369483057292456,1002.2925519754554,1002.3980262478674,1002.0568768739174,0.28354382225445635,0.28822357329153936,0.052925800658385924,34.653607438479526,33.80660450205173,33.84579335034062,-0.3890229173785231,-0.0842491532050572,0.04506030491616286,6.887913407880964,6.745553305122101,6.691960983741984,0.10186126398879179,-0.6240977826325508,0.6776901040126679,65.85539861990645
2026-09-02 16:10:00,28.514663863330277,28.533073373117208,28.62599602763898,28.093854919620046,29.158137135657913,0.04895549878296438,-0.13728380604134582,-0.4190456454126501,0.14447803332995846,0.2932932329188809,0.044361151519574094,1001.9436617183146,1002.1577580079111,1001.9149780303014,0.2872982100723473,0.28822357329153936,-0.045443595681945226,34.691461678537976,35.30913415230824,35.1738432557712,-0.3873046017828246,-0.0842491532050572,0.2195400497420934,6.563026783505026,6.5670578644710655,7.393775237215511,0.09682962879832822,-0.6240977826325508,-0.2026195901118948,6.543959211943999
2026-09-02 16:15:00,29.124720929427408,29.29980414750783,29.241943101798995,28.709639587961618,29.774246615636372,0.07854066596919738,-0.13728380604134582,-0.4193522483136083,0.14478463623091664,1.2901978983126874,0.19514485175018237,1002.0662892152851,1002.3817644479102,1002.0328423523981,0.28808706199291473,0.28822357329153936,0.06069852222049121,34.12833490418883,33.80722297288794,34.35257320173676,-0.43461436540368725,-0.0842491532050572,-0.4611010756437608,3.6469137204537887,4.004093125505995,4.760463003150319,0.08669357037478354,-0.6240977826325508,-0.13227209501177306,8.028028049417493
2026-09-02 16:20:00,28.62370717014067,28.626505352919846,28.8994084895227,28.36694261940179,29.431874359643608,0.08550443454104244,-0.13728380604134582,-0.41965851830485684,0.1450909062221652,-0.8966456132033933,-0.1356193305615072,1002.2690462003486,1002.5220440279968,1002.2002351483321,0.28486663640326615,0.28822357329153936,0.03358530637308377,35.85178968099896,34.52210938587791,34.49562543946233,-0.41060819942836,-0.0842491532050572,0.1107330996206386,5.465241311033593,5.119138224672029,5.572042785375122,0.08039762805614556,-0.6240977826325508,0.17119322192945763,6.316092958541974
2026-09-02 16:25:00,28.237124507723564,28.16125145730111,28.358365015267285,27.825736838352455,28.890993192182115,0.09464146732684514,-0.13728380604134582,-0.41996445646846764,0.145396844385776,-0.39556370305276545,-0.05982975192483053,1001.7493389921409,1002.0727456680949,1001.9070550967891,0.2858421335037759,0.28822357329153936,-0.12253300198585748,38.01504151871077,36.94009318837503,36.536446267205996,-0.41978637435676,-0.08424915320505719,0.4878960743740919,7.476184009426687,6.953039362287472,7.541425234864159,0.0680717374144564,-0.6240977826325508,0.03571191005586449,3.4572255931432467
2026-09-02 16:30:00,28.424090996942795,28.649300968392897,28.649138400974955,28.116347966710585,29.181928835239326,0.10322814691917166,-0.13728380604134582,-0.42027006388066324,0.1457024517979716,0.9087250858910139,0.13744637345928723,1001.438873561984,1001.8325738668915,1001.590108485099,0.2916572300498472,0.28822357329153936,-0.04575819149908966,36.22305501155562,36.35081357623434,36.747739765937254,-0.4350362534902258,-0.08424915320505719,-0.3126770364978597,8.257073664731516,8.397328299819847,9.046318062558242,0.07235984921878647,-0.6240977826325508,-0.024891980105843814,2.8225818887912473
2026-09-02 16:35:00,28.123761311645115,28.204047590323636,28.410832635263983,27.877879993049294,28.94378527747867,0.10918384696740766,-0.13728380604134582,-0.42057534161186133,0.14600772952916968,-0.45950662573672574,-0.06950123889900084,1001.708616109942,1001.829792989699,1001.4926249449877,0.29486693471662395,0.28822357329153936,0.0489444714196452,38.115436784050765,38.47477814855431,38.31444452051373,-0.436186860470561,-0.08424915320505719,0.24458278124563293,0.19323058397812187,0.39993389158459164,1.4389353611002953,0.05779938428532213,-0.6240977826325508,-0.4149036868831529,25.648148749814837
2026-09-02 16:40:00,29.101915738768298,29.23178810485253,29.19872888847748,28.665614087666608,29.73184368928835,0.12315883647042908,-0.13728380604134582,-0.4208802907267182,0.14631267864402653,1.1262208945958427,0.17034302241639665,1001.8517606153684,1002.1415378360116,1001.738490338277,0.299436851736767,0.28822357329153936,0.11482392444304423,36.60121025051822,36.180718400709964,36.91644067184163,-0.43477609099400233,-0.08424915320505719,-0.6514731179266064,11.942078924050373,11.78922558211152,11.55924744284607,0.06383671444722434,-0.6240977826325507,0.8540759218980014,110.80195282312609
2026-09-02 16:45:00,28.647465187970454,28.99443059688959,29.234951494910675,28.701674584812725,29.768228405008625,0.12908944168821407,-0.13728380604134582,-0.4211849122841723,0.14661730020148067,-0.6825508226611454,-0.1032370919797394,1001.9175352047214,1001.7336591491681,1001.5380593535502,0.3155495140729812,0.28822357329153936,-0.0926237776736798,36.47157646559885,38.048373967508525,37.76303197292059,-0.4034535388392077,-0.08424915320505719,0.3695911477929954,3.0331415286730294,2.92966371385312,4.430364553951595,0.07011750141622683,-0.6240977826325506,-0.8766030574659243,112.43053156938366
2026-09-02 16:50:00,28.156496866197323,28.25812082879359,28.543666095067362,28.01022712494649,29.077105065188235,0.12439928414341493,-0.13728380604134582,-0.421489207337487,0.14692159525479537,-0.9802289052315025,-0.14826146023242615,1001.3786468286137,1001.734478305012,1001.4446882337048,0.31873148114594024,0.28822357329153936,0.0015664980155634112,37.999586884365414,38.2761434048871,38.32996358219216,-0.382765370242825,-0.08424915320505719,0.030428975900001376,3.6733663281559963,3.498814088998114,3.739286335736214,0.0535054573643876,-0.6240977826325506,0.3836255358944509,23.329281089261727
2026-09-02 16:55:00,28.613722824077666,28.729189059679307,28.735779861185645,28.20217888026112,29.26938084211017,0.11245945049328362,-0.13728380604134582,-0.42179317693429313,0.1472255648516015,0.8640752664646101,0.13069300453500787,1001.5790699131999,1001.8448912925439,1001.5102185564427,0.31094349890026235,0.28822357329153936,0.046449162809608424,34.90737335197117,34.32434880126428,35.27551815542501,-0.3882396950005731,-0.08424915320505719,-0.8669202009556756,3.9203343355128237,3.7292604071371644,4.333313992825625,0.069003643427671,-0.6240977826325506,0.02004419694409032,5.966685953517597
2026-09-02 17:00:00,27.9119918533107,27.90078679668459,28.152656390243454,27.618893447689725,28.686419332797183,0.10872484566407349,-0.13728380604134582,-0.42209682211663097,0.14752921003393932,-0.7575825900898607,-0.11458578751751958,1001.3785000485493,1001.5525293643598,1001.3227337617457,0.32154678033219236,0.28822357329153936,-0.058427970677485064,39.72457937423596,38.71050322599607,37.700657829917446,-0.36151130976040824,-0.08424915320505719,1.0940945492836818,1.385383888838453,1.6675723713916564,2.4090584055765225,0.07413973637182322,-0.6240977826325506,-0.11738825155231547,9.886949607697705
2026-09-02 17:05:00,27.393129144481918,27.59271391938912,27.723263643882824,27.18933878882959,28.257188498936056,0.11343678811083348,-0.13728380604134582,-0.4224001439209922,0.14783253183830053,0.04452230116197953,0.006734081547641324,1001.3784343446089,1001.7309446582335,1001.3881325634559,0.3051524002801653,0.28822357329153936,0.0545885214860391,40.52827445847134,39.4008815088789,39.37615149894786,-0.3474855058812018,-0.08424915320505719,0.10897916313609812,2.5442772829780655,2.271764453465046,2.7788922867099157,0.08163671658627192,-0.6240977826325506,0.11696994938768102,2.350169282445205
2026-09-02 17:10:00,28.2008497825677,28.37951090879771,28.330794591805926,27.796707873338207,28.864881310273645,0.10869554369398887,-0.13728380604134582,-0.4227031433783606,0.14813553129566898,1.2297376316668078,0.18600012303312852,1001.7393552665428,1002.2074353428319,1001.8013144423734,0.2921754397112939,0.28822357329153936,0.11789732716692924,36.634254596190125,36.54017515942321,37.462684106004446,-0.3624164931512131,-0.08424915320505721,-0.8382597933761815,14.477003063864085,14.471396270004925,14.58351738584191,0.07405006457084419,-0.6240977826325506,0.5119766667955652,46.22073792878757
2026-09-02 17:15:00,27.65854187998599,27.952107530285062,28.189328260761002,27.6550797279192,28.723576793602803,0.11341062394096033,-0.13728380604134582,-0.4230058215142538,0.14843820943156216,-0.6607318036471064,-0.09993692443459423,1001.0680274942459,1001.2928304389941,1001.24698366586,0.29620560688793474,0.28822357329153936,-0.24237680015744445,38.058587012798824,37.30078374817861,37.20680160402863,-0.3667816286894901,-0.08424915320505721,0.1782312973550404,4.27701218416805,4.08568518966917,5.70889066113007,0.08027385575557537,-0.6240977826325506,-0.9991076888283494,150.19900060632685
2026-09-02 17:20:00,26.876940072743825,26.881112181288916,27.189399261142352,26.654988962922328,27.723809559362376,0.11999787594646659,-0.13728380604134582,-0.4233081793487628,0.14874056726607116,-1.130586138953781,-0.17100327381209013,1001.2847363598413,1001.4454165532064,1001.1126522097063,0.3024023669013737,0.28822357329153936,0.04454077020852765,41.263436984616405,42.23046255800414,41.23285989649573,-0.37196942979899933,-0.08424915320505721,1.0818518147134668,2.4200245576032033,2.0749756550856344,2.345495027623686,0.09153779025279603,-0.6240977826325506,0.353578410094499,27.16721745796898
2026-09-02 17:25:00,27.06211046833504,27.10304264183252,27.107553286144675,26.572981271497802,27.642125300791548,0.13249556741551932,-0.13728380604134582,-0.42361021789659303,0.14904260581390139,0.8778282013538679,0.1327731617291903,1001.2725017905645,1001.5847173321497,1001.2141581407388,0.28746175221932574,0.28822357329153936,0.08233561811925938,39.224088031461754,40.042852191008144,40.894710401097804,-0.3542852827879023,-0.08424915320505721,-0.7676090568846021,2.313371625178635,2.6649767838654155,3.1346357324527387,0.09055170626274925,-0.6240977826325506,0.1544388340452274,9.05151785702618
2026-09-02 17:30:00,26.632017713544837,26.942182685322035,27.051015347888537,26.51628166572178,27.585749030055293,0.15173749194810404,-0.13728380604134582,-0.42391193816710326,0.14934432608441162,0.18810440135427342,0.02845114347484312,1001.3233910581399,1001.4059180005905,1001.1418346345367,0.28286794244748475,0.28822357329153936,-0.02414020723779231,42.22762338693268,42.3669455506273,42.24642954258392,-0.3671310743031597,-0.08424915320505721,0.2047651612484387,7.710623324974888,7.665246689178059,8.113067899319821,0.11057093085523287,-0.6240977826325506,0.17627657249078865,4.799797333888604
2026-09-02 17:35:00,26.270841939677126,26.474192143574985,26.665051398159612,26.130156097335593,27.19994669898363,0.1529076032252869,-0.13728380604134582,-0.4242133411643454,0.14964572908165374,-0.3542134496081353,-0.05357544854328111,1001.1359274641477,1001.3124651950282,1001.0403386603818,0.27559493646084887,0.28822357329153936,-0.016097038645284556,41.688650852742526,40.36465851854909,41.01801791455833,-0.3807953958279169,-0.08424915320505721,-0.5691102428041788,9.443314939939231,9.61085854126982,10.377138290123138,0.11101157720436225,-0.6240977826325506,-0.14218196622076817,4.881399979769778
2026-09-02 17:40:00,27.033874585035242,26.985921914544775,27.00373058157419,26.46867371091125,27.538787452237127,0.13329095474807198,-0.13728380604134582,-0.42451442788710353,0.14994681580441188,0.7899084801434775,0.11947513901193219,1001.1307005278777,1001.5838156727116,1001.2195297101881,0.2697548205862697,0.28822357329153936,0.07606238923187902,42.2905906588873,41.440926670847645,41.308973467021836,-0.31188888999772835,-0.08424915320505721,0.2162023570308662,3.685032262283887,3.3550289335524712,4.344786691522569,0.122419435208887,-0.6240977826325506,-0.3656599753375471,21.473200988455368
2026-09-02 17:45:00,27.26442511963758,27.653850326480264,27.704978929400244,27.169760537672516,28.240197321127972,0.12811439329578414,-0.13728380604134582,-0.42481519932893214,0.1502475872462405,0.5696141148432012,0.08615520312136482,1000.9915849238683,1001.2819898022418,1001.0658808008534,0.28107799390154503,0.28822357329153936,-0.07211457190317105,40.95631378682357,41.68185765927987,41.68759708165779,-0.2789981481365797,-0.08424915320505721,0.07850973082713608,0.9771858182457498,0.8799535054002807,1.3288652653531927,0.12534952328147356,-0.6240977826325506,0.17518602267963856,5.775542001963821
2026-09-02 17:50:00,25.77636878103318,25.565453999160013,26.098460230786518,25.563080366723984,26.633840094849052,0.12877533180688314,-0.13728380604134582,-0.4251156564781949,0.15054804439550323,-2.6163141749635663,-0.39572242558515924,1001.0591327586156,1001.0667687734878,1000.8262850177331,0.28955605946411206,0.28822357329153936,-0.04773981753692169,43.58297602403202,42.826903892804474,42.729963622588095,-0.30561917139145955,-0.08424915320505721,0.1811894234214364,3.357232954507594,3.715264057326138,4.092343944299402,0.13120473861004223,-0.6240977826325506,0.24701789565928678,25.694477227201272
2026-09-02 17:55:00,26.3940735951365,26.652169346253476,26.50251264987053,25.9669713621591,27.038053937581957,0.10123880046422679,-0.13728380604134582,-0.425415800318102,0.15084818823541035,1.8971037659888594,0.2869405024242937,1000.9383202504046,1000.9580980966185,1000.6629662785324,0.2893265933058676,0.28822357329153936,0.006908244794544771,43.14609935733508,43.75817650786722,43.790090739738275,-0.2856362366034826,-0.08424915320505721,0.052334921334001194,1.6018557488805645,2.492528601567852,3.3043163918170277,0.1144914159336945,-0.6240977826325506,-0.18769000761662502,13.755582664509342
2026-09-02 18:00:00,25.73974297235127,25.608769333417392,25.87766858844272,25.34196592572429,26.413371251161152,0.12206876826576402,-0.13728380604134582,-0.4257156318267481,0.15114801974405645,-0.8701739971188012,-0.13161544898398247,1001.056681393343,1001.3637692974205,1000.9446616583226,0.28277505018048843,0.28822357329153936,0.13088406580629908,44.94124017055878,45.03942932468104,45.059286763876244,-0.2814939843055514,-0.08424915320505721,0.06439171400985089,2.1803966810993685,1.7057338150981232,2.319835625569099,0.11820195331584812,-0.6240977826325506,0.009995972161574773,3.7772204353028234
2026-09-02 18:05:00,25.634360162673126,26.13572230292365,26.138844518584502,25.60298052945702,26.674708507711983,0.12420443695342101,-0.13728380604134582,-0.42601515197714934,0.1514475398944577,0.8870077810958072,0.13416159038049358,1000.8842646455254,1001.2802024860508,1001.0123354973114,0.2665792541378467,0.28822357329153936,-0.020356584552132517,43.95781277911299,43.73139739379209,44.290890836826286,-0.26778969317144813,-0.08424915320505721,-0.4752442898291349,4.928538540282874,4.979058403999322,5.417183925406247,0.11085220230327547,-0.6240977826325506,0.1859722612256256,8.04575978061881
2026-09-02 18:10:00,25.419632392398476,25.24063717648948,25.511982988079414,24.975957721096954,26.048008255061873,0.12992472947212527,-0.13728380604134582,-0.42631436173728027,0.15174674965458862,-0.8863493771477842,-0.13406200554858927,1000.9751444750691,1001.0161227296785,1000.811894285596,0.28362147340323013,0.28822357329153936,-0.08399512920914276,44.26792611756854,43.442677120408526,43.627556024810325,-0.26298274681166944,-0.08424915320505721,-0.10062975119674178,3.3304759621741122,3.556548360862661,4.3884774066578816,0.1023882192454986,-0.6240977826325506,-0.20783126316266998,8.902723960293526
2026-09-02 18:15:00,25.13661661458738,25.517474371371947,25.558866394984268,25.02267989865709,26.095052891311447,0.15040762641001926,-0.13728380604134582,-0.42661326207011013,0.15204564998741849,0.6339873947264891,0.09589178242902463,1000.8956700600905,1001.2538537914216,1000.9068585757254,0.29072684020664913,0.28822357329153936,0.05877164240462207,46.22331376006967,45.926573431030185,45.439447000296475,-0.22134525421968618,-0.08424915320505721,0.5713755839387673,5.513713521363249,5.448712726481622,5.933860729833904,0.11982925109015838,-0.6240977826325506,0.13894977928026897,5.790174570310489
2026-09-02 18:20:00,25.325562669889308,25.450191281844944,25.57556363284104,25.03921595563565,26.111911310046427,0.14095548395788404,-0.13728380604134582,-0.4269118539336393,0.15234424185094764,0.07875244531126313,0.011911455045250818,1001.0530438026077,1001.534842139689,1001.1772396366023,0.28224681095777143,0.28822357329153936,0.06937892979510707,46.52445986881081,46.46692969055384,46.56540750024449,-0.20924854215688557,-0.08424915320505721,-0.01422865648559224,3.4765404326712024,3.8490885773789745,4.618305176840079,0.11769154860953489,-0.6240977826325506,-0.14511881682855376,3.557407197120364
2026-09-02 18:25:00,24.79610882715128,24.872354426104675,25.095938037320376,24.559429227659606,25.632446846981146,0.1495661129211445,-0.13728380604134582,-0.427210138280935,0.15264252619824337,-0.5705701496203837,-0.08629980517435598,1000.8630862556613,1001.4371471087843,1001.1988480084236,0.29088200492927013,0.28822357329153936,-0.04992447293091118,46.39494396825953,47.00955344030604,47.213126915538396,-0.21142164659438564,-0.08424915320505721,-0.11932432202729615,10.728563306799176,10.576202035900861,10.84032529206324,0.10765853029977993,-0.6240977826325506,0.3599745264701717,19.628346286791597
2026-09-02 18:30:00,25.057476606403675,25.242474088771843,25.277492895744334,24.740823002007396,25.814162789481273,0.14791815107461545,-0.13728380604134582,-0.4275081160601667,0.15294050397747505,0.676123841783383,0.10226499906885422,1000.5940630171342,1000.9337857525956,1000.7868098779854,0.2900393214823746,0.28822357329153936,-0.14124769868146814,45.140189240027354,44.25665578312037,45.05136494856632,-0.17494497639998002,-0.08424915320505721,-0.7104600122408868,9.750590786413944,9.900812298497629,10.846100546608648,0.10406721401869118,-0.6240977826325506,-0.32119046547846963,20.643647366894324
2026-09-02 18:35:00,24.748550900393955,25.020087816294893,25.18734978877748,24.65051885930004,25.724180718254924,0.14515684806937665,-0.13728380604134582,-0.4278057882146414,0.15323817613194973,-0.1982002957847513,-0.02997816644124285,1001.0410692121123,1001.4036836087192,1000.9840807681175,0.28659400742402646,0.28822357329153936,0.13137926731019434,45.695887222255124,45.318853748272325,45.06570233794024,-0.1667799999619045,-0.08424915320505723,0.33740056353714465,5.759832862560982,5.694274002940946,6.485867370802732,0.09106271172947204,-0.6240977826325506,-0.16749558522923547,6.606774704751539
2026-09-02 18:40:00,24.491044270876692,24.44373813266283,24.66368378947014,24.126691872544367,25.200675706395916,0.13357396225231097,-0.13728380604134582,-0.4281031556828383,0.15353554360014665,-0.5465178567222289,-0.082661850765966,1000.7101975604967,1000.682036442116,1000.5381306883586,0.2918165457635017,0.28822357329153936,-0.1443178195341943,48.0332976864667,47.90662794232714,47.3523763040501,-0.16252824968538748,-0.08424915320505723,0.6385007914821017,4.136134045496996,4.607364926794863,5.079211250133884,0.10540155641143474,-0.6240977826325506,0.15225145929352912,8.446586582197083
2026-09-02 18:45:00,24.040278915897076,24.035679381320968,24.180630929250576,23.64347807312523,24.71778378537592,0.15855801045760887,-0.13728380604134582,-0.42840021939844364,0.153832607315752,-0.050695185552235955,-0.007667741888262469,1000.7447508279928,1001.3426322769568,1000.8740901131304,0.28291856676454896,0.28822357329153936,0.18031859053485277,49.41061478565004,49.7892200132006,49.69149468520324,-0.15153745859837348,-0.08424915320505723,0.18197448120241688,4.2999465452774634,4.195481943336551,4.7840711431189575,0.0984447489697696,-0.6240977826325506,0.035508582850144244,3.9800570727965456
2026-09-02 18:50:00,23.988059373072296,24.27090585595135,24.301881818002943,23.764568070883428,24.83919556512246,0.1529255098564753,-0.13728380604134582,-0.4286969802903846,0.15412936820769296,0.7028530635556649,0.10630784398975379,1000.7526714519717,1000.9451414085377,1000.7366073802414,0.2787934885304276,0.28822357329153936,-0.07968954499528991,50.37551116599982,49.4939259215654,50.0165552118548,-0.15481377441619631,-0.08424915320505723,-0.4383801370843443,4.488965606588874,4.487141216012125,5.087416720998005,0.10373774830920629,-0.6240977826325506,0.023822277646670997,2.9717818399409017
2026-09-02 18:55:00,24.335250223823166,24.157199106653156,24.297671793046543,23.760197203094965,24.835146382998122,0.16341747355991082,-0.13728380604134582,-0.4289934392828633,0.15442582720017167,-0.021083245042220256,-0.0031888803520416786,1001.0497982338027,1001.1900285813398,1000.8535250908949,0.2802510213008222,0.28822357329153936,0.048279917153308816,47.1616081809432,45.95386151697207,46.96918829266056,-0.1544908296613549,-0.08424915320505723,-0.9310776224834356,6.973977579106067,7.374983105806523,7.887135826160604,0.11729881545130955,-0.6240977826325506,0.1119450622784699,6.50379170586526
2026-09-02 19:00:00,24.046728955110645,24.06517549922006,24.216711633372643,23.67907624870789,24.754347018037397,0.13529236274783177,-0.13728380604134582,-0.42928959729539035,0.1547219852126987,-0.09422910012876429,-0.014252328111236778,1000.5272568294206,1000.7632335162409,1000.5742592208892,0.2742576069861996,0.28822357329153936,-0.09924927793986171,49.578123375442935,49.942270356542956,49.03738964804143,-0.17502514026802046,-0.08424915320505726,0.98912986170658,4.704555623963092,4.508441314874395,5.386664217038932,0.11229728863916225,-0.6240977826325506,-0.25412511953198624,15.361606535772804
2026-09-02 19:05:00,23.267631568646358,24.028761150171427,24.163644225320223,23.625848094018018,24.701440356622427,0.15299219069317857,-0.13728380604134582,-0.42958545524281827,0.15501784316012662,0.015872404135709672,0.002400730892549774,1001.3245619457116,1001.8335995873488,1001.2893255241153,0.2822866295094099,0.28822357329153936,0.25605048994191293,52.905293575142124,51.489618290229906,51.27150495031912,-0.20131599295485622,-0.08424915320505726,0.30236249311584373,8.395476977422394,8.533719507413357,8.85851325930537,0.1176175129618901,-0.6240977826325506,0.2993040307405366,20.559526361669647
2026-09-02 19:10:00,23.50978260543354,23.484955370548217,23.69573374616715,23.157776916260126,24.233690576074174,0.16877535803253446,-0.13728380604134582,-0.4298810140353741,0.15531340195268245,-0.48590848467674164,-0.07349456957758704,1001.0208650723984,1001.6567874070835,1001.4481614229129,0.304715427553549,0.28822357329153936,-0.07959758912102188,54.05715693234535,54.84887474767334,54.59076114750848,-0.23626595648174162,-0.08424915320505726,0.34236275336991895,10.149104277033357,9.709660626340224,10.450178690367197,0.1073166524128458,-0.6240977826325506,-0.11642028139442395,3.8137603314067263
2026-09-02 19:15:00,23.58118660011889,23.980984028157835,23.994834232772046,23.456716752249793,24.5329517132943,0.170236869686994,-0.13728380604134582,-0.4301762745786925,0.15560866249600086,0.8160798079691247,0.12343360142713422,1000.9067096962029,1001.2211848480865,1001.1037524502951,0.2956638499622633,0.28822357329153936,-0.17079117550019873,50.167434793089875,49.75770854358391,51.33888052545035,-0.28498537151963926,-0.08424915320505726,-1.4969228286613827,3.793723734573052,3.5991180450883125,4.5544235987586825,0.13177434810398264,-0.6240977826325506,-0.3312077710378194,32.030001611759985
2026-09-02 19:20:00,22.422719769099448,22.47236234805161,22.84550734342155,22.3072292602307,23.3837854266124,0.16683273269492513,-0.13728380604134582,-0.43047123777384805,0.1559036256911564,-1.5593934866129082,-0.2358611893285918,1000.8779091591861,1001.3033041314832,1000.9997563097295,0.27568234640661476,0.28822357329153936,0.015324248462093237,54.78790987512421,53.23410953013656,52.6200204792607,-0.3157754791680987,-0.08424915320505726,0.6983382040809119,5.3347095145206485,5.590487046738039,5.851566365018007,0.14113814945014885,-0.6240977826325506,0.36301846435258245,27.220605933209036
2026-09-02 19:25:00,23.117026518123495,23.391668279862053,23.28783877885617,22.749400140900445,23.826277416811894,0.1728327327791286,-0.13728380604134582,-0.43076590451738683,0.15619829243469519,1.5941178013027582,0.2411133070472289,1000.9439860725372,1001.2021281442369,1000.9060622742154,0.2516614643968996,0.28822357329153936,0.007842296729904774,53.09534247409193,52.38913147319469,52.602089753118534,-0.3218748253744411,-0.08424915320505726,-0.12870912671878898,1.8440036629870231,1.6860064951886944,2.5571765979764702,0.1392120850625408,-0.6240977826325506,-0.24707232015522518,14.952051215361937
2026-09-02 19:30:00,22.44326660587215,22.781302336683726,23.00443911773778,22.46583997287806,23.543038262597495,0.20716459269233295,-0.13728380604134582,-0.431060275701359,0.15649266361866737,-0.5676159372479006,-0.08585297501270617,1000.9963561980466,1001.0905427237929,1000.8026428740467,0.24985584669895983,0.28822357329153936,-0.0003237235454207621,55.274997899660896,55.26003109612744,54.83465000843737,-0.31826570998884385,-0.08424915320505726,0.5096302408951274,2.7373318748070505,2.7054437430135643,3.127498431168603,0.13148374775365115,-0.6240977826325506,0.2020430944775118,7.939037435887648
2026-09-02 19:35:00,22.744705308830206,23.151212698075575,23.21580673483186,22.677047130886265,23.754566338777458,0.18071604220878068,-0.13728380604134582,-0.43135435221334967,0.15678674013065802,0.48058755698293254,0.07268976928505921,1001.0339618672314,1001.4973712894671,1001.0948429185279,0.24189787161744564,0.28822357329153936,0.11430479764760548,53.61748762583401,52.86356566609102,53.64060993510423,-0.32776108969901124,-0.08424915320505727,-0.6927951158081527,4.1922934908552945,4.470563193694931,5.053028329377495,0.1303437822252549,-0.6240977826325506,0.04163264694998592,4.7288408285344214
2026-09-02 19:40:00,22.0189111654218,22.17130685308164,22.46665389998162,21.927733884725537,23.0055739152377,0.1924464530223926,-0.13728380604134582,-0.43164813493651044,0.1570805228538188,-1.045033262867566,-0.15806324085863466,1001.0413972856455,1001.1924703612224,1000.9844088115456,0.2443921976302506,0.28822357329153936,-0.08016202361477553,57.35640986306941,56.96222295027542,56.29928707814301,-0.4102107118534688,-0.08424915320505727,0.7471850253374654,2.735160156957755,2.6883482596154153,3.477059154244037,0.1269439450017397,-0.6240977826325506,-0.1646131119960712,10.094416178406572
2026-09-02 19:45:00,21.409693616915185,21.98624273815624,22.086304858335918,21.547224479502095,22.62538523716974,0.17877219349008405,-0.13728380604134582,-0.43194162474959025,0.1573740126668986,0.2460907394669718,0.03722168586166674,1000.9941818151822,1001.4704948008825,1001.1328478168463,0.24598336969456383,0.28822357329153936,0.04942341074468004,55.91842114848877,56.15538365172121,56.60905048027868,-0.35510018933178683,-0.08424915320505727,-0.3694176753524161,8.163183538014056,8.556509550520698,8.845817566775626,0.14647339054173475,-0.6240977826325506,0.3347897663776216,17.112979975730035
2026-09-02 19:50:00,21.287827298839204,21.34843340346776,21.51333220359869,20.97409150887729,22.05257289832009,0.1784734175455881,-0.13728380604134582,-0.4322348225269661,0.15766721044427445,-0.18257620950160458,-0.027614994089585565,1000.9755658728395,1001.3970918398402,1001.135378584568,0.22674476753519468,0.28822357329153936,-0.026510318019404622,58.71361792004142,58.2347922667007,58.12545041896032,-0.3170733850306235,-0.08424915320505727,0.1935910009454389,2.3229331949495355,2.5218500745149406,3.663177884042348,0.13421804331958573,-0.6240977826325506,-0.5172300268948566,38.52406339636791
2026-09-02 19:55:00,21.765125920242898,21.986725218722217,21.949206095704923,21.40980513274359,22.488607058666258,0.17475521575940814,-0.13728380604134582,-0.4325277291386734,0.15796011705598173,1.1557075150466822,0.17480292905863948,1001.0085515494231,1001.3056231505982,1001.0509576837742,0.2049661615814178,0.28822357329153936,-0.03355810646758073,57.25556062707519,56.204442695664255,56.899870578561114,-0.301471790238024,-0.08424915320505727,-0.611178729691801,4.32666159703323,4.592932588163069,4.87190274554429,0.13556605755248777,-0.6240977826325506,0.34512762525132956,22.27320804982528
2026-09-02 20:00:00,21.65676220216007,21.87414803049603,22.041194503331013,21.50163331973492,22.580755686927105,0.1683304418924418,-0.13728380604134582,-0.4328203454504359,0.15825273336774426,-0.19677552239240015,-0.029762666793637038,1001.0296538424783,1001.512517416382,1001.1747352880733,0.20851736046557096,0.28822357329153936,0.04955855501714268,57.298025767387614,56.82412895279148,56.79874777172567,-0.2347096166986596,-0.08424915320505727,0.10963033427086799,5.305836379116849,5.813508735624559,6.455368878097751,0.13538267688615066,-0.6240977826325506,-0.017762359840641118,0.4742105822928011
2026-09-02 20:05:00,20.998145184048695,20.941925025015465,21.243179346926574,20.70345799025851,21.78290070359464,0.16817346495665086,-0.13728380604134582,-0.43311267232369605,0.1585450602410044,-1.0840891423117753,-0.16397051586976374,1001.2580900848285,1001.8030844962885,1001.4541311653452,0.21014250648221044,0.28822357329153936,0.0607297576517567,62.99379125736173,63.85674600571855,62.50802952828236,-0.2689173608105895,-0.08424915320505727,1.4329656306412488,5.967471453101306,6.197626945768228,6.873318073595433,0.13420857388270196,-0.6240977826325506,-0.05159334519465464,14.18689160722622
2026-09-02 20:10:00,21.42240860268984,21.516395049471498,21.495983240768645,20.95610175854906,22.03586472298823,0.151160897777484,-0.13728380604134582,-0.43340471061564406,0.15883709853295241,1.0426027071241926,0.15769561474419902,1001.2075926299742,1001.3863388160314,1001.2256994808029,0.20503269050181183,0.28822357329153936,-0.12758423806303654,56.72659875856293,57.8717997532408,59.64686031167274,-0.2028504815886793,-0.08424915320505727,-1.6908114052268814,3.8223959024669636,4.4171724969410855,5.134832548999942,0.13312240733331854,-0.6240977826325506,-0.09356226942630563,20.384771127286328
2026-09-02 20:15:00,20.309648271337064,20.508549575504148,20.788523038367952,20.24848147807503,21.328564598660876,0.16659860431940351,-0.13728380604134582,-0.4336964611792475,0.15912884909655584,-0.9433909923433212,-0.1426896568224585,1000.7093465476277,1000.7731743973454,1000.6312780807496,0.1851469674802242,0.28822357329153936,-0.146327256695713,63.84008523671143,61.98751132328266,61.4041820431214,-0.23663297427494848,-0.08424915320505727,0.667578433366316,7.8426885296815545,8.248028913825015,8.623220591833622,0.1319616992321137,-0.6240977826325506,0.24890610462394402,15.670300750843424
2026-09-02 20:20:00,20.755377605559023,20.808639848584562,20.836949447939947,20.296747857009656,21.377151038870238,0.13968645165142451,-0.13728380604134582,-0.43398792486328036,0.1594203127805887,0.7204816892454105,0.1089742066859607,1001.2818561067295,1001.1930192937743,1000.7461223742089,0.1908036626334041,0.28822357329153936,0.15867334627387208,64.13446971865905,64.77901489912247,64.38953652304065,-0.22827714688975098,-0.08424915320505727,0.4737275292868759,5.041039512557901,5.024696143502998,5.955967466325554,0.14069235989543472,-0.6240977826325506,-0.3071735401900053,18.67871540663849
2026-09-02 20:25:00,20.10530836604214,20.7412760784773,20.862913103531444,20.322551529357618,21.40327467770527,0.14778291934384966,-0.13728380604134582,-0.43427910251235163,0.15971149042965999,0.10344850896136393,0.015646780987200515,1001.2468755751755,1001.7896443706686,1001.3186973738742,0.20606645717849142,0.28822357329153936,0.18272342350280724,63.06392242375809,62.99117914331693,63.810931638588244,-0.2728614532694481,-0.08424915320505727,-0.7355033420662593,4.184845578311815,4.7195722051785545,5.223932212113125,0.14678220436035908,-0.6240977826325506,0.11973777569798028,8.57257235320139
2026-09-02 20:30:00,20.13732119762998,20.112481344465902,20.3440373538772,19.80351584381158,20.88455886394282,0.1428848815558311,-0.13728380604134582,-0.4345699949669342,0.16000238288424257,-0.623279566774972,-0.0942722033699539,1001.2500870810821,1001.3935370262054,1001.236638041807,0.2094022464611185,0.28822357329153936,-0.13132458889322152,63.88531482867306,64.35215381204378,64.35916325636535,-0.27234715992539527,-0.08424915320505727,0.0772397088834822,1.4510833117936492,1.6812144385386198,2.412677028236035,0.15097132047408693,-0.6240977826325506,-0.10736480706486429,4.537637345447428
2026-09-02 20:35:00,20.225874561572027,20.587080463348833,20.602785854939526,20.06210445629184,21.14346725358721,0.1253210081487193,-0.13728380604134582,-0.43486060306339297,0.16029299098070132,0.8038142610353276,0.12157841445065287,1001.2307827347321,1001.6002708230717,1001.3090512026995,0.1992325597743377,0.28822357329153936,0.0029960470806145167,64.70160792083833,64.00238598012878,64.22985909272757,-0.25883133249545165,-0.08424915320505727,-0.14322395939373678,4.347812679577466,4.3500401938319495,4.72841058781324,0.12063142685263424,-0.6240977826325506,0.2457273886512601,10.285725487352867
2026-09-02 20:40:00,19.672210802952783,19.971859524290238,20.20433719199046,19.663495952028477,20.745178431952446,0.12835675870769972,-0.13728380604134582,-0.43515092763401275,0.1605833155513211,-0.6293730997412155,-0.09519386165887767,1001.4946870093585,1001.5832658899932,1001.3136907138625,0.1997671857611915,0.28822357329153936,-0.01864839716085953,67.5539507833803,65.87509448169395,65.62821163336741,-0.26424549408516107,-0.08424915320505727,0.33113200153158573,7.210864583636814,7.418009667827345,8.022173997620044,0.12362937559426587,-0.6240977826325506,0.019933452839851817,1.617510680480395
2026-09-02 20:45:00,19.672699260810006,19.774929326316254,19.910700064818514,19.3696990307681,20.451701098868927,0.10500249240710255,-0.13728380604134582,-0.4354409695070265,0.16087335742433484,0.010003628286501254,0.0015130675390864212,1001.5059538393314,1001.9200675022581,1001.5661080686666,0.1833738167899873,0.28822357329153936,0.06573586029992384,66.85050885491805,67.07884010229401,67.0658058015501,-0.23925978354200625,-0.08424915320505727,0.0972834539489611,5.3700972944863485,5.810868323795993,6.650692979995935,0.10707298199256504,-0.6240977826325506,-0.21572687356739184,7.170828989179708
2026-09-02 20:50:00,20.03995055914447,19.972506948106915,20.035033183861987,19.49387240290718,20.576193964816795,0.10559819973289707,-0.13728380604134582,-0.4357307295066425,0.16116311742395084,0.4942587990473193,0.07475757028627328,1001.2862950725179,1001.3773467791016,1001.2365587586485,0.1960693453560528,0.28822357329153936,-0.14743555283848764,63.14664289104378,62.15806680420766,63.43994155564714,-0.23579427780995224,-0.08424915320505727,-1.1976255982344242,7.34771748948725,7.5977672013838395,8.072093527272987,0.1135361836239233,-0.6240977826325506,0.14977145674340342,13.585045932225931
2026-09-02 20:55:00,19.218437271767048,19.14904125380442,19.40693308278908,18.865612602072144,19.948253563506018,0.08425504611572375,-0.13728380604134582,-0.43602020845307177,0.16145259637038012,-0.7973985289671752,-0.12060802294331552,1001.5022348385646,1001.5205284458925,1001.19562832834,0.19705147737040726,0.28822357329153936,0.03667654426089939,67.40130812656727,66.03659538807622,65.14931559813087,-0.2540787933031651,-0.08424915320505727,0.9715289431504033,4.539555115887622,5.21455412295267,6.013236228003343,0.12828115729962844,-0.6240977826325506,-0.17458432241812272,10.888044338481958
2026-09-02 21:00:00,19.596161682136948,19.583742349674136,19.59697585180604,19.055495718427522,20.138455985184557,0.09117412738049122,-0.13728380604134582,-0.43630940716255523,0.16174179507986358,0.8201571291970282,0.12405030390944205,1001.33482812498,1001.4793857547663,1001.1739543652524,0.17583359442936847,0.28822357329153936,0.017207816222367,65.65568163027432,64.3270432648693,64.68007616945796,-0.27391725942624695,-0.08424915320505727,-0.26878375138360866,1.9529789463287819,2.3979568798721713,3.0459976658730796,0.11901876617374293,-0.6240977826325506,-0.02394300336835764,2.11389954992838
2026-09-02 21:05:00,18.62370432154195,18.343864832528734,18.659678925701797,18.1180391867206,19.201318664682994,0.07730876737603558,-0.13728380604134582,-0.43659832644739066,0.162030714364699,-1.1803508992252176,-0.1785302871317178,1001.3133836636325,1001.4058428105924,1001.1211584494212,0.17222550210404428,0.28822357329153936,-0.0035392121203585702,70.42678156265738,70.66197731120495,69.53184643902293,-0.24553527738469758,-0.08424915320505727,1.2143800253870722,0.6445503281741557,0.9178992971451203,1.4755868383704414,0.11640095895031587,-0.6240977826325506,0.06641024140722951,11.580584710935119
2026-09-02 21:10:00,19.10230307372878,18.97215384568952,18.926965644934413,18.385166347367853,19.46876494250097,0.07054385712059594,-0.13728380604134582,-0.43688696711595904,0.1623193550332674,1.2064115325525613,0.18247200679645204,1001.4663194076252,1001.7335494956712,1001.3616379769974,0.17778512022685505,0.28822357329153936,0.0836879453822803,69.18067264925286,69.02381837364827,69.8753443417644,-0.26841624842794143,-0.0842491532050573,-0.7672768149110851,3.305883906804411,3.108470883881849,3.571346676580564,0.1104074018997859,-0.6240977826325506,0.16122198993383563,11.036785718991819
2026-09-02 21:15:00,19.282975499610952,19.06143329447797,19.17011578738355,18.628156978207414,19.712074596559688,0.07495309793974338,-0.13728380604134582,-0.43717532997275116,0.1626077178900595,0.18909724630595193,0.02860131313576275,1001.7298383803966,1001.8959176900929,1001.5858426267544,0.1737885487751488,0.28822357329153936,0.021851490046969957,68.15119742099634,68.54079309403511,69.0990521643258,-0.23637714446096864,-0.0842491532050573,-0.4740099170856382,6.018157982380399,6.086999947834716,6.680970349365086,0.12276171965735391,-0.6240977826325506,0.03012738110218116,1.4238680461895117
2026-09-02 21:20:00,17.534908860272857,17.86744882717051,18.21339871294434,17.671280439092943,18.755516986795737,0.06336496626210984,-0.13728380604134582,-0.43746341581839354,0.1628958037357019,-1.3795933385147272,-0.20866607973248463,1001.7836535338603,1002.0482866931609,1001.7658964504546,0.1704778001178667,0.28822357329153936,-0.00583333058534663,73.6292887682665,73.97096674015174,73.04091368917659,-0.19358223171185104,-0.0842491532050573,1.014302204180197,6.873649403031876,7.018860643467206,7.73994534830241,0.12371199851007464,-0.6240977826325506,-0.09698692220265315,11.238769981812073
2026-09-02 21:25:00,18.023358194264503,18.20954617900923,18.21387782890083,17.67160013726709,18.75615552053457,0.062495506267085305,-0.13728380604134582,-0.43775122544967476,0.16318361336698312,0.8790116208657821,0.1329521561497451,1001.7578078980093,1001.8699396506798,1001.6648557916063,0.15578497363329943,0.28822357329153936,-0.08313971421807764,74.77883131220955,74.19009724364857,74.58479209777177,-0.2519872168939656,-0.0842491532050573,-0.3104457009181516,3.2567519696663823,3.6067367123474443,4.421541582889961,0.14099529231573799,-0.6240977826325506,-0.1907070879099657,8.324877250335481
2026-09-02 21:30:00,18.392904256643934,18.58988712516544,18.629259493601218,18.086822431036705,19.17169655616573,0.039788048748412505,-0.13728380604134582,-0.43803875965957073,0.16347114757687908,0.6473403212357915,0.09791143760556764,1001.8296272371317,1001.8924445969571,1001.6156229216047,0.16258346547827932,0.28822357329153936,-0.011401897939094852,72.91707056717968,72.64835691473928,73.45977518500408,-0.21233479333842936,-0.0842491532050573,-0.727169117059745,4.55037367638116,4.88670642310803,5.299282993004753,0.14513283434521185,-0.6240977826325506,0.21152121273582747,10.129822967348996
2026-09-02 21:35:00,17.902303621947325,18.06932119505807,18.318374908180033,17.775778521495035,18.86097129486503,0.04925118280235484,-0.13728380604134582,-0.4383260192372706,0.16375840715457896,-0.7389654296113406,-0.11176990708061751,1001.8380683888548,1001.9053361417484,1001.6085413474768,0.15480183507804968,0.28822357329153936,0.008571220980002181,76.86572561997657,76.31635559805768,75.76468732327169,-0.1402199988928649,-0.0842491532050573,0.6359174279910462,4.066498502707597,4.2649179619246524,4.965902948247565,0.14755733615157005,-0.6240977826325506,-0.07688720369036162,4.251277181499926
2026-09-02 21:40:00,17.954990850993916,18.064109265546364,18.18917048847847,17.64641482444205,18.73192615251489,0.0757248898856164,-0.13728380604134582,-0.4386130049682016,0.16404539288550996,0.08080946485680585,0.012222583109238627,1001.7038638070943,1002.1395291173529,1001.7931510984607,0.12892449055398927,0.28822357329153936,0.05815444560062133,75.4108999200326,75.11123783448942,75.61898156984066,-0.13139986725079741,-0.0842491532050573,-0.4234945821461906,3.9984629676965695,4.182807346287319,4.791826215862987,0.1482394039775984,-0.6240977826325506,0.01507891305688247,1.3467886180731168
2026-09-02 21:45:00,17.389589869287114,17.799333958617208,17.953403849542035,17.41048895488209,18.49631874420198,0.11760802290426582,-0.13728380604134582,-0.43889971763405444,0.1643321055513628,-0.11098100330769611,-0.016786084883481323,1001.9038903809618,1002.0621354229019,1001.805323313681,0.12446940210594455,0.28822357329153936,-0.03141146407074302,78.92704356977484,78.04280785862451,77.70107415504066,-0.11043192076547863,-0.0842491532050573,0.4259828567889059,2.8212259275916933,3.193782321084686,3.8543754618486052,0.15641932497017177,-0.6240977826325506,-0.036495358131368505,1.262306262107217
2026-09-02 21:50:00,17.49218761360341,17.489010627561324,17.642679188122212,17.099605109525548,18.185753266718876,0.1189755451042624,-0.13728380604134582,-0.439186158012808,0.16461854593011638,-0.10832761231407773,-0.016384754519542355,1001.9976583382953,1001.8363372055702,1001.6162726931904,0.13624319869278878,0.28822357329153936,-0.06815906091173929,79.3518510664773,79.5901017671642,79.60455444869417,-0.07413673441255808,-0.0842491532050573,0.06979647167507608,2.1059479327093995,1.987414528008122,2.621358334833904,0.13904246298771833,-0.6240977826325506,-0.00984602419323144,0.5850218504105444
2026-09-02 21:55:00,17.22343966390918,17.37557220219881,17.488001887396923,16.944768671509294,18.03123510328455,0.13079860721622022,-0.13728380604134582,-0.4394723268787539,0.16490471479606228,0.16432272841815987,0.024854120843233574,1002.0286235351683,1002.0821922284838,1001.7284792838698,0.1316000453335894,0.28822357329153936,0.06548937132242827,81.30701547976709,82.08333346350868,82.0243296267382,-0.08377861544382387,-0.0842491532050573,0.1432529899755366,2.5739341428102334,3.222484791128114,3.737953076116247,0.13989590254292342,-0.6240977826325506,0.10862949764441732,2.3325451988947865
2026-09-02 22:00:00,17.582847301431208,17.83634828911864,17.872980641258707,17.329588334684885,18.416372947832528,0.10408922212260788,-0.13728380604134582,-0.4397582250025212,0.16519061291982956,0.6654559068347154,0.10065145390127839,1002.1309986692355,1002.297984439262,1001.955713718892,0.15245586515507165,0.28822357329153936,0.0540471470784496,77.04329810556375,76.31260887408696,77.93225211897253,-0.07739880761999843,-0.0842491532050573,-1.5353940916805158,1.3122099339338054,0.8372553064904077,1.620495236444885,0.13919543810564378,-0.6240977826325506,-0.15914214732192677,17.125247755455266
2026-09-02 22:05:00,17.0494648735235,16.911853264169466,17.216569740963685,16.67301839026753,17.76012109165984,0.1266302370171917,-0.13728380604134582,-0.4400438531511001,0.16547624106840847,-1.1069791387106669,-0.1674326707528735,1002.0953008530139,1002.5297142857391,1002.215054437224,0.15760348053765386,0.28822357329153936,0.026436275223545636,79.58873769023474,80.490357615399,79.5919876932853,-0.12339579115680727,-0.0842491532050573,0.9826190753187518,2.5844716191286765,3.1675440901575067,3.5883904662542343,0.14644962637722145,-0.6240977826325506,0.20325140653582308,13.899632117195509
2026-09-02 22:10:00,16.916709975255486,17.674301419072048,17.647928989947467,17.104218641651965,18.191639338242968,0.1382736645880533,-0.13728380604134582,-0.4403292120878666,0.16576160000517492,1.0820112791248562,0.1636562351659272,1002.0772929506438,1002.3932663365123,1002.1813871113152,0.16166857848501826,0.28822357329153936,-0.07634434809449431,83.74527388860172,83.71754752062581,83.09570882079475,-0.11854356515824148,-0.0842491532050573,0.7060878530361094,0.5287868111617194,0.659803762952652,1.4907110276551077,0.1445726103184811,-0.6240977826325506,-0.20680948206990513,12.147536452778258
2026-09-02 22:15:00,16.452972045557264,16.589699861026567,16.906475873265165,16.362606573852506,17.450345172677824,0.1310146629137848,-0.13728380604134582,-0.44061430257260564,0.166046690489914,-1.1867106158437721,-0.1794922061972528,1002.2196629023246,1002.2415330261464,1002.0157117912718,0.16012779929400695,0.28822357329153936,-0.06240233841697318,83.8723555114352,83.96410904724917,84.3940039157897,-0.10110964531068253,-0.08424915320505728,-0.34564571533547905,5.463772811975994,5.898732022234326,6.190514635645384,0.1341852659768544,-0.6240977826325506,0.3323151692214932,20.213361489688644
2026-09-02 22:20:00,16.260886068807583,16.43885633384082,16.54142784123263,15.997399637144259,17.085456045321,0.14957237491811995,-0.13728380604134582,-0.4408991253615353,0.16633151327884366,0.22949995534889922,0.03471229864953784,1002.0886908840687,1002.6107526119054,1002.2319020142356,0.15930836480083546,0.28822357329153936,0.09062702437813641,84.34255504203534,82.89996748684106,83.58502231004242,-0.0830439395082561,-0.08424915320505728,-0.6008056699963049,3.3919724623665584,3.635383365380394,4.58208616239336,0.13425877272605138,-0.6240977826325506,-0.3226050143804158,17.747711685418786
2026-09-02 22:25:00,16.12333206386207,16.520462903965495,16.57962659868619,16.035439536322873,17.123813661049507,0.14575523376843982,-0.13728380604134582,-0.4411836812073298,0.16661606912463817,0.5164901996537559,0.07812011132065066,1001.9928031332814,1002.1442763597406,1001.9665483962901,0.1561472811794014,0.28822357329153936,-0.1104956098411094,83.04703343428977,81.55546951245485,81.98915259032925,-0.04575407418234078,-0.08424915320505728,-0.34943392466935563,10.46054962370478,10.68779031441539,10.915434971610237,0.12343036743736795,-0.6240977826325506,0.39645312543770217,25.06052001405765
2026-09-02 22:30:00,16.296852239016054,16.61872816164132,16.72315526871879,16.178809394440666,17.267501142996917,0.13888485602322148,-0.13728380604134582,-0.44146797085914274,0.1669003587764511,0.21723167979319769,0.032856698963875886,1002.1318513727659,1002.4713208929016,1002.1021980860419,0.15252004847441109,0.28822357329153936,0.08089923356817508,81.67354667575374,81.7159676155604,81.60105303177657,-0.07287215041708431,-0.08424915320505728,0.19916373698887924,2.5521454640562853,2.8225995521757343,4.089626493602026,0.1041777453114931,-0.6240977826325506,-0.6429291587937409,60.02803431976169
2026-09-02 22:35:00,15.815750030693533,15.969380514477457,16.21659023432741,15.67208559445405,16.76109487420077,0.14601487990463385,-0.13728380604134582,-0.44175199506263035,0.1671843829799387,-0.72677388972334,-0.10992591380860617,1002.0745431392246,1002.0601823190337,1001.8565513047761,0.15889045441921687,0.28822357329153936,-0.08459255903392204,87.83361941504005,88.37389172784499,87.00570107224245,-0.09151338690065669,-0.08424915320505728,1.452439808807597,3.582969657725971,3.9371349145786523,4.179371145379401,0.11144897012634802,-0.6240977826325506,0.38186155183180226,33.72273326076196
2026-09-02 22:40:00,15.947548635289245,16.10363908531603,16.177446981424886,15.632783622235362,16.72211034061441,0.13006456240717906,-0.13728380604134582,-0.442035754559974,0.16746814247728237,0.4196702339512637,0.06347590993248886,1002.1136402133957,1001.9015762287697,1001.6336267410206,0.14766047966173007,0.28822357329153936,-0.020274085542496323,86.98568435016348,86.42340936545655,87.34613697338277,-0.025170629790959256,-0.08424915320505728,-0.8384784547211694,3.6603712353821587,3.6789615732592815,4.338526247402812,0.11723958585329473,-0.6240977826325506,-0.0354668915109797,4.264311186441718
2026-09-02 22:45:00,16.511781204901947,16.35634043258553,16.43016681879837,15.885344786531302,16.974988851065437,0.14538893387317828,-0.13728380604134582,-0.4423192500899033,0.16775163800721166,0.41954798684565375,0.06345741982850583,1002.220483336032,1002.1439683661938,1001.7609049892584,0.13474975371703896,0.28822357329153936,0.09483980364382205,83.00516962319148,84.31081262078527,85.21465038192659,-0.030432122872689104,-0.08424915320505728,-0.819588607936268,0.5066993457826555,0.9390495802337568,1.6882545376980995,0.12191049529323048,-0.6240977826325506,-0.125107174831792,7.113562655552407
2026-09-02 22:50:00,15.882604011579655,15.900859942703935,16.125950626107976,15.580969966961602,16.67093128525435,0.12954908669427562,-0.13728380604134582,-0.44260248238771777,0.16803487030502612,-0.580534139715752,-0.08780687736269499,1002.1490858773432,1001.7828072690204,1001.5595289202072,0.12127141310653443,0.28822357329153936,-0.0649452244783788,86.65824918451062,87.22276702359731,86.66008783998049,-0.023430940316757624,-0.08424915320505728,0.6469283368218726,7.435469879267634,7.245068471706688,7.470233003623967,0.1349397795126886,-0.6240977826325506,0.3989332507152712,26.144573657951696
2026-09-02 22:55:00,15.258891545960209,15.476131854038929,15.658362469124924,15.113223229257148,16.2035017089927,0.11379826484692782,-0.13728380604134582,-0.4428854521853099,0.16831784010261824,-0.2971653007761894,-0.04494680904464943,1002.2460271344154,1002.708659801182,1002.1981352744845,0.14581926767866027,0.28822357329153936,0.22230095340592015,90.99755215112381,90.24510285798029,89.75844081797891,-0.025776291777140362,-0.08424915320505728,0.5709111932064275,0.9917930374320644,1.1184833260438762,2.2853353819659485,0.12828946060964935,-0.6240977826325506,-0.5427542732895216,49.42912534859516
2026-09-02 23:00:00,15.727608246274013,15.916539732103391,15.930164506347438,15.384866731875896,16.47546228081898,0.1001529180208028,-0.13728380604134582,-0.44316816021118666,0.168600548128495,0.8175702382171988,0.12365903179729898,1002.0308812056351,1002.2152445259668,1002.0763649851838,0.15218338249870722,0.28822357329153936,-0.14934403250856576,89.47412699968088,89.44427081262586,90.05427651697822,-0.054535120697816145,-0.08424915320505728,-0.5257565511473103,9.230193768564066,9.594963065027686,9.591911040890256,0.11397831918193681,-0.6240977826325506,0.6271498067699799,61.64480198052741
2026-09-02 23:05:00,14.944449188060025,15.300227756644386,15.534211696844329,14.988755433846444,16.07966795984221,0.11154541858354464,-0.13728380604134582,-0.4434506071904917,0.16888299510780003,-0.6393318027046533,-0.09670013415859735,1002.3679974776556,1002.3851381638073,1002.1017522894657,0.15583728891886897,0.28822357329153936,-0.004837698950041158,90.3467183966725,92.33055010533464,92.12529241968632,0.0022884016833970774,-0.08424915320505728,0.28950683885337014,8.206458428029352,8.618241723327975,9.638387366449944,0.11327802141385636,-0.6240977826325506,-0.39604786048941953,23.803422225206518
2026-09-02 23:10:00,14.155779892584853,14.233973469100937,14.502066959581152,13.956452254094197,15.047681665068106,0.10229378816074902,-0.13728380604134582,-0.4437327938450268,0.16916518176233514,-0.8648466942803452,-0.1308096844388693,1002.3555944184711,1002.5666351358435,1002.245669589428,0.1431471128753478,0.28822357329153936,0.03274197312396154,90.29828535477309,89.28805300479951,90.24922293002075,-0.016181147733824123,-0.08424915320505728,-0.8769207720161916,4.816319896379331,5.064359569274548,5.825182675785689,0.10980301841679725,-0.6240977826325506,-0.13672532387858993,8.548581476204179
2026-09-02 23:15:00,14.43399671870595,14.238613267415019,14.258886148891124,13.713113046912273,14.804659250869975,0.08207385139524148,-0.13728380604134582,-0.4440147208932737,0.16944710881058206,0.7736163552342123,0.11701092456524087,1002.2505466698913,1002.4295739958018,1002.1889742489678,0.15062722048344573,0.28822357329153936,-0.047623826457652285,91.50810944503652,91.87508925510504,91.44874329550296,-0.05563614106356668,-0.08424915320505728,0.510595112807124,4.871075133220476,4.854437463082851,5.313460745903797,0.10138006124909657,-0.6240977826325506,0.16507449981160516,6.928980162435663
2026-09-02 23:20:00,13.958023297813753,14.242358035365093,14.306688091872378,13.760756639358771,14.852619544385984,0.07298865139620452,-0.13728380604134582,-0.444296389050415,0.16972877696772337,0.4823328593027405,0.07295374953406153,1002.4879393362256,1002.7303077098936,1002.384312719498,0.14922836432600578,0.28822357329153936,0.05777141710404976,90.78425224694585,90.45464455399801,90.8403336420962,-0.07141205076916299,-0.08424915320505728,-0.30143993489313914,5.6643988892589245,6.033992792483755,6.5927527351234785,0.10058156971421861,-0.6240977826325506,0.06533783999282683,2.011048135447815
2026-09-02 23:25:00,14.437805537983804,14.797531423056205,14.835874914408514,14.289785157277311,15.381964671539716,0.07250801583599721,-0.13728380604134582,-0.4445777990283559,0.17001018694566428,0.654142730004514,0.09894031468903641,1002.5438406509344,1002.8770687527243,1002.5725618451241,0.15179839161958678,0.28822357329153936,0.016283334308582198,91.02159512974237,91.44564040164761,91.34168146837428,-0.14147176082955665,-0.08424915320505728,0.18820808647838305,3.8479248875658736,3.7415805340824204,4.525588204009177,0.09446551825217277,-0.6240977826325506,-0.15990988729420552,4.895776161396357
2026-09-02 23:30:00,14.460864556386719,14.695306899538997,14.897985852168881,14.351737836297321,15.444233868040442,0.05479342858103143,-0.13728380604134582,-0.44485895153574473,0.17029133945305308,-0.43235924459023956,-0.06539514658853918,1002.1744019621751,1002.2709927370506,1002.1532885826343,0.14007894782922412,0.28822357329153936,-0.1705194188753012,90.29416005444378,91.14371214939452,91.30745968096386,-0.164266822103968,-0.08424915320505728,-0.07949837836429197,5.614088780174874,6.215616967718152,6.632329159584674,0.07610546541860445,-0.6240977826325506,0.20738559076602847,9.862243254067671
2026-09-02 23:35:00,15.00222576088683,15.007017238660847,15.126448057231272,14.58004182845673,15.672854286005814,0.03751821194551628,-0.13728380604134582,-0.44513984727799366,0.170572235195302,0.11803481724985687,0.017852987470920567,1002.31160838446,1002.3216346626631,1002.0082265757804,0.14200217411823504,0.28822357329153936,0.02518451359105711,90.13269523547103,89.62555424147314,90.03102381355825,-0.19815132302879945,-0.08424915320505728,-0.3212204188800598,1.1770699426593814,1.223362371920149,2.169397877245455,0.07169369851066686,-0.6240977826325506,-0.32193772269275533,15.423221659528107
2026-09-02 23:40:00,14.343693285801896,14.621758153134223,14.846435887635744,14.299871491755793,15.393000283515695,0.06918765695701004,-0.13728380604134582,-0.44542048695730013,0.17085287487460848,-0.5778039328905873,-0.08739392846017502,1002.3192536261877,1002.5803360800032,1002.1896929514913,0.13691617165975725,0.28822357329153936,0.10241955522030821,90.41240589419051,91.13099439060991,90.80500131410884,-0.1765413209463431,-0.08424915320505728,0.4102422297061281,1.296449953259967,0.894892191841807,1.320837888860459,0.06032994684362828,-0.6240977826325506,0.19815208561389852,8.444352006574594
2026-09-02 23:45:00,14.009720541772111,14.751781813273556,14.85364043173776,14.306917914510223,15.400362948965299,0.056279175899801734,-0.13728380604134582,-0.44570087127266633,0.17113325918997468,0.23421321213162827,0.035425187577141415,1002.3003547135676,1002.5484334680257,1002.2598861744651,0.127728837775395,0.28822357329153936,0.00032372026896609896,90.61206927907794,92.18892117516457,92.05047089538289,-0.20011081933093863,-0.08424915320505728,0.22269943298672956,4.299404544541722,4.003645931696494,4.464900347156569,0.06264642755973751,-0.6240977826325506,0.16284336717247516,4.17137737423856
2026-09-02 23:50:00,14.316775880748215,14.391239884004516,14.573366340470118,14.026485747613124,15.120246933327111,0.05143354036820663,-0.13728380604134582,-0.4459810009199204,0.17141338883722873,-0.2964766572792339,-0.04484265042425584,1002.570568803998,1002.7222172890212,1002.410604319785,0.136538113805082,0.28822357329153936,0.023389395944604985,90.16316604929604,90.04714815758575,90.69965533638576,-0.16903768158567894,-0.08424915320505728,-0.5682580255949574,4.912176574681562,4.9813557457227695,5.708970641653806,0.05608607997733096,-0.6240977826325506,-0.10351711329848623,3.4620831072439837
2026-09-02 23:55:00,12.991472950256485,12.775050597163677,13.128039458352587,12.58100083554464,13.675078081160535,0.04592498535621734,-0.13728380604134582,-0.44626087659173574,0.1716932645090441,-1.4261314419049107,-0.21570505514756455,1002.4199624314093,1002.8646811798142,1002.5673050261374,0.11808562010272196,0.28822357329153936,0.009152580385148212,90.59835648204668,91.10617669021379,90.95341076917668,-0.12009074182825269,-0.08424915320505728,0.2370150742421515,8.134850520758421,8.244000496874978,8.774196716125417,0.06720239471874148,-0.6240977826325506,0.09390156338211142,6.478131391836705
2026-09-03 00:00:00,13.864391375615241,13.786738998944472,13.618032519257266,13.070835912137287,14.165229126377245,0.039604633239660715,-0.13728380604134582,-0.4465404989776518,0.17197288689496015,2.023051184852509,0.30599028572855147,1002.4103227738035,1002.4695123906487,1002.3007762517905,0.12486293527449177,0.28822357329153936,-0.11948743443338117,89.81977047711428,89.25466825589346,89.65186051758498,-0.09274960505818672,-0.08424915320505728,-0.3129431084864649,1.8287185925523812,2.50285665342913,3.5176678461725377,0.08324105539142014,-0.6240977826325506,-0.39071341011085714,33.78108479334687
2026-09-03 00:05:00,13.976058132480787,14.150078166880794,14.2134074196485,13.666052873815895,14.760761965481104,0.04892483433919725,-0.13728380604134582,-0.44681986876409324,0.1722522566814016,0.4889496614876201,0.07395455327364076,1002.1484569975642,1002.146555070696,1001.9272053155461,0.13307676887712772,0.28822357329153936,-0.06887381814169657,90.111728214821,90.02684746687768,89.83528062250343,-0.1002881951682894,-0.08424915320505728,0.27581599757930064,7.233322674105827,7.011807741943099,7.187458692223365,0.0900348691215392,-0.6240977826325506,0.44844683235228455,30.193070421985052
2026-09-03 00:10:00,12.977233482952512,12.719419599369177,13.140640795713193,12.593128356727906,13.688153234698479,0.06314697859627799,-0.13728380604134582,-0.44709898663439,0.17253137455169837,-1.8772487254230068,-0.28393739030267007,1002.5414602822395,1002.726695041136,1002.2569417267129,0.12252104477051283,0.28822357329153936,0.18152974113161235,90.93773880181898,90.70104953986879,90.57721679130823,-0.09534918778359365,-0.08424915320505728,0.2080819017656097,2.670657829479932,2.7570210965728172,3.751988063858594,0.074524607301706,-0.6240977826325506,-0.37086918465322594,32.04910698219264
2026-09-03 00:15:00,13.930554757621431,14.022993034727149,13.887251565306496,13.339581278689067,14.434921851923924,0.05855766212330411,-0.1372838060413458,-0.44737785326879687,0.17281024118610525,1.8051034061521438,0.2730252754619986,1002.2554514195059,1002.2668878442058,1002.0703666618554,0.11267710323692322,0.28822357329153936,-0.09170239094112276,90.97049887336904,91.45932395320729,91.45546365278906,-0.14872366068863574,-0.08424915320505728,0.08810945362327516,3.89302625506566,3.6647764002315393,4.078985804996572,0.0895765672904964,-0.6240977826325506,0.20988837786751802,15.148319201369098
2026-09-03 00:20:00,13.516304294645076,13.632382112532673,13.858592714753541,13.310764625985161,14.406420803521922,0.04001048782441888,-0.1372838060413458,-0.4476564693445121,0.17308885726182047,-0.5879384698366419,-0.08892679617952304,1002.4436148731957,1002.6279431468791,1002.2600207417406,0.11000079506172639,0.28822357329153936,0.07969883184694027,90.44393171721178,91.25426652709045,91.51336323155124,-0.15340593872687913,-0.08424915320505728,-0.1748475512557377,3.3934532101067045,3.3509905259369175,4.014273942995605,0.10533377179423405,-0.6240977826325506,-0.039185634426137206,1.9206508333920778
2026-09-03 00:25:00,13.126147161779,13.492298600983682,13.673495539987286,13.125509694509853,14.221481385464719,0.05912709124215243,-0.1372838060413458,-0.4479348355356976,0.173367223453006,-0.29033116348239396,-0.04391313296225796,1002.4676236419386,1002.45605763315,1002.2114370224625,0.11338522958727304,0.28822357329153936,-0.04360296260415453,90.10380627872631,89.83256111432313,90.27610526732505,-0.18352128510921828,-0.08424915320505728,-0.35929499979687307,3.931959368092949,4.5426726540210645,5.109661795679302,0.10552167690731346,-0.6240977826325506,0.05710864097431312,1.5446157271595997
2026-09-03 00:30:00,13.460270601533033,13.780006547618095,13.859140221654242,13.310996664870421,14.407283778438062,0.05769697487420219,-0.1372838060413458,-0.44821295251349724,0.17364534043080568,0.38445891565593726,0.05815013200519914,1002.6196347312064,1002.6711493584521,1002.3442931419509,0.11155096968550234,0.28822357329153936,0.03863264320966664,90.12227167468417,91.18995008950152,90.9159320201022,-0.1592198617689928,-0.08424915320505728,0.3582672226043684,2.2212241357064246,1.999074207270296,2.785593084931741,0.11875093851066877,-0.6240977826325506,-0.16242109502889446,4.947784180369564
2026-09-03 00:35:00,14.03390272488389,14.290471485331304,14.360930847223772,13.81262962449705,14.909232069950493,0.08365180209705972,-0.1372838060413458,-0.4484908209460562,0.17392320886336457,0.4418090286448759,0.06682444414887811,1002.2068820704226,1002.6072618526363,1002.3449954181757,0.11675371920780489,0.28822357329153936,-0.0259571388310178,90.48911772868898,91.64398215379285,91.61815757544457,-0.0691735281454362,-0.08424915320505728,0.110073731553328,4.602658634117739,4.892005548468291,5.2789831537967125,0.11323418713020199,-0.6240977826325506,0.2371201773041296,8.632421080496599
2026-09-03 00:40:00,13.120443599872177,12.737875811402853,13.165555080414379,12.617096237069122,13.714013923759635,0.049968013633582276,-0.1372838060413458,-0.4487684414985391,0.1742008294158475,-1.9199461971115674,-0.2903954629701797,1001.9361256625876,1002.0131970341137,1001.870601816392,0.13790947503825368,0.28822357329153936,-0.1456283555698974,90.93454945863033,91.5603526822879,91.75260116250764,-0.05167977088635287,-0.08424915320505728,-0.10799932701469572,6.995353057805149,7.207796993291172,7.852234306873731,0.0945717277817061,-0.6240977826325506,-0.02033953095000829,11.4032461283318
2026-09-03 00:45:00,13.072690537243568,13.309800224805986,13.268142335936428,12.719525917257934,13.816758754614922,0.05289906195283208,-0.1372838060413458,-0.4490458148331494,0.1744782027504578,1.1830709169315377,0.17894169491090395,1002.4006873962646,1002.4126765384705,1001.9969433294493,0.1318168738084571,0.28822357329153936,0.12750963572955243,91.0730779819475,90.53888708047036,90.89215576760107,-0.1213696760997662,-0.08424915320505728,-0.2690195339256576,4.197914617686453,4.27763207317448,5.141714855226998,0.08696888339549017,-0.6240977826325506,-0.23998499941996698,13.788854081343075
2026-09-03 00:50:00,12.719025030870219,12.941805865043245,13.095815031147358,12.547041082381917,13.6445889799128,0.08167815696097519,-0.1372838060413458,-0.449322941609147,0.17475532952645537,-0.11057952186784092,-0.016725360062768146,1002.6254902743934,1002.9123268068594,1002.4803736638462,0.11123471416001607,0.28822357329153936,0.1437295697215859,90.33593484167139,89.7124590554277,89.89989061549437,-0.13401273285176926,-0.08424915320505728,-0.10318240686162028,4.517199145323149,4.7772920243366075,5.248064454275528,0.10426189205593772,-0.6240977826325506,0.15332535269363046,5.74101843962804
2026-09-03 00:55:00,12.495887090038428,12.6234551603835,12.78791471628492,12.238983282639865,13.336846149929976,0.07637919492940282,-0.1372838060413458,-0.4495998224828671,0.17503221040017555,-0.17967215143048776,-0.027175749860074205,1002.5218453744906,1002.4853348791039,1002.333712857841,0.1211457971563839,0.28822357329153936,-0.13660155202865099,89.99178672902866,89.21215609481297,89.2427844572667,-0.12972555046366335,-0.08424915320505728,0.05362079075132442,7.559124156831245,7.300469135068081,7.826825939400991,0.08935109281982298,-0.6240977826325506,0.09774097829964035,3.5356733059115024
2026-09-03 01:00:00,13.104727716305153,12.831680084655439,12.899168414317934,12.350079540961701,13.448257287674167,0.07299679357938328,-0.1372838060413458,-0.44987645810773813,0.1753088460250465,0.4614519733833564,0.0697954763788502,1002.3463723179693,1002.3837764055148,1002.1497033661723,0.14134557206751425,0.28822357329153936,-0.054150533949041346,90.74511462616975,91.37777944178072,90.89084231966876,-0.12666804057955414,-0.08424915320505728,0.5711862753170038,6.085826920031941,6.672069978012146,7.4418261927159755,0.08934630563913792,-0.6240977826325506,-0.14565843207127838,5.545951798834436
2026-09-03 01:05:00,12.37066451942397,12.292739206539796,12.50712777491195,11.957881506974136,13.056374042849765,0.07742946895323836,-0.1372838060413458,-0.45015284913429965,0.17558523705160803,-0.5097772317173899,-0.07710476233080854,1002.2184759360165,1002.451018896517,1002.1319118470959,0.14605879242412773,0.28822357329153936,0.03088347612947473,90.14795605273268,89.02629498676534,89.65571785226501,-0.15224649997586048,-0.08424915320505728,-0.545173712294627,4.516152943927038,5.183294337036634,5.848024509952104,0.08968774457254004,-0.6240977826325506,-0.04063239028291932,2.4980900179416023
2026-09-03 01:10:00,12.68598656381323,12.521669541576381,12.588492886108009,12.039089268679422,13.137896503536595,0.06904753166996401,-0.1372838060413458,-0.45042899621022037,0.1758613841275288,0.4658485147758693,0.07046046150971819,1002.3890172549887,1002.6627847768897,1002.3085377314778,0.1330058083198837,0.28822357329153936,0.06602347212026416,90.32275699240307,90.72056582670831,90.45727369373301,-0.14366128898356775,-0.08424915320505728,0.34754128618034485,3.0023952527486832,3.1010846642093393,3.7444235444031233,0.08455800213286192,-0.6240977826325506,-0.019241097561233378,1.6845137445063607
2026-09-03 01:15:00,12.41433595664559,12.075700721433346,12.271304035480329,11.721743113613048,12.82086495734761,0.06436645268917301,-0.1372838060413458,-0.4507048999803157,0.17613728789762415,-0.3855787430960582,-0.05831950800563668,1002.0961292066836,1002.4107197653069,1002.1875962352052,0.1315190999610613,0.28822357329153936,-0.06510004318988649,91.22543524310765,90.17339894657262,90.37825696560141,-0.1871488182757463,-0.08424915320505728,-0.12060886582374053,8.087406115428477,8.894460740747034,9.171633408967049,0.08012278613449077,-0.6240977826325506,0.34692511441253515,18.08018957905407
2026-09-03 01:20:00,12.748824296062399,12.807540492055741,12.803903063248484,12.254184881955908,13.35362124454106,0.05929922627630197,-0.1372838060413458,-0.4509805610865656,0.17641294900387397,0.9316990912066192,0.1409212348486033,1002.2863706200452,1002.2923841633627,1002.034204045496,0.1180968181505217,0.28822357329153936,-0.030043455424902277,90.9998478956266,91.43846416793045,91.3103835315539,-0.22022062356972366,-0.08424915320505728,0.2123297895816023,5.101769084777372,5.062905982789249,6.110935816772367,0.0808452774768528,-0.6240977826325506,-0.4239320513505671,28.076399159286076
2026-09-03 01:25:00,12.646341139262592,12.536664630233943,12.752593949133047,12.20271855338996,13.302469344876133,0.04988791525990637,-0.1372838060413458,-0.4512559801681314,0.17668836808543983,-0.5199638857534321,-0.0786455128577579,1002.2620990598206,1002.4773114448466,1002.1273319109692,0.12581108407807706,0.28822357329153936,0.06175596058574229,90.65808853358627,90.47424649365712,90.84085865387772,-0.19761770611359375,-0.08424915320505728,-0.2823630070155474,2.7496355333604416,2.944988785574831,3.505334841745541,0.07522365405750553,-0.6240977826325506,0.06375172646184035,2.068958221935861
2026-09-03 01:30:00,12.887360857166666,13.480742736733363,13.491403763921037,12.941371198663655,14.041436329178419,0.06832076351291476,-0.1372838060413458,-0.451531157861374,0.17696354577868242,0.8371650171158933,0.12662277885367246,1002.3153429034824,1002.3550222727964,1002.0860656317944,0.10959559924569584,0.28822357329153936,-0.01926693228961085,89.96003565887762,90.79378058917109,90.8397279721543,-0.23316591919438767,-0.08424915320505728,0.03830177022184955,3.079536653744489,3.570106441962669,4.056068196168068,0.061003069085826214,-0.6240977826325506,0.13813602842715156,4.467658517215367
2026-09-03 01:35:00,12.231643909639075,12.273126455748855,12.666280231039279,12.116090541165308,13.21646992091325,0.07523693399736128,-0.1372838060413458,-0.4518060947998702,0.1772384827171786,-1.6916813003558104,-0.255869969249078,1002.5390333368023,1002.5541790455794,1002.2210892117675,0.10599405380375744,0.28822357329153936,0.044866260520279866,90.65562752507412,91.35446267472898,91.31375044791265,-0.21432851300215866,-0.08424915320505728,0.12496138002137513,7.011642285971607,6.937094336419995,7.44515072922375,0.06315338851526077,-0.6240977826325506,0.11604138982879597,9.151556775520698
2026-09-03 01:40:00,12.294853649551408,12.632600638203511,12.66857166858424,12.118224898952931,13.21891843821555,0.07899635747891082,-0.1372838060413458,-0.45208079161443004,0.17751317953173842,0.6698282278893295,0.1013127756606167,1002.1515314680329,1002.425955385265,1002.175674050628,0.09394199988823056,0.28822357329153936,-0.03794223865463664,91.08571300119075,91.97150558567732,91.9769192540005,-0.2622597451151207,-0.08424915320505728,0.0788354848818642,1.168664444322817,0.828086780998696,1.8743696721931027,0.07388705433971049,-0.6240977826325506,-0.422185108561856,26.710657689877777
2026-09-03 01:45:00,11.982307610124636,11.759612727768253,11.998455245972027,11.447951441404232,12.548959050539821,0.09112492258226257,-0.1372838060413458,-0.45235524893311374,0.17778763685042218,-0.6714542341862355,-0.10155871216242751,1001.982795822721,1001.9958265594519,1001.8117515656828,0.0954638961098501,0.28822357329153936,-0.10414857952252987,90.34450861234107,91.31267274778996,91.6220049733772,-0.2004908391824099,-0.08424915320505728,-0.2250830723821906,12.09988003007735,11.698947689917938,11.580500198570096,0.0825827795262447,-0.6240977826325506,0.7425452739803919,81.2338577633775
2026-09-03 01:50:00,12.170968529210874,12.15211019709411,12.159575427023036,11.60891463230126,12.710236221744811,0.08715958508421057,-0.1372838060413458,-0.45262946738124854,0.17806185529855692,0.8582939932056544,0.1298185761124202,1002.0207395726837,1002.153538058071,1001.7973027057209,0.09106779598419701,0.28822357329153936,0.06801177905856548,91.22120688581073,91.10852126653474,91.25530130644522,-0.22759028646655183,-0.08424915320505728,-0.0625308867054315,2.0554580883733222,2.7481914823964666,4.228836934433659,0.07448542485234658,-0.6240977826325507,-0.8565476694046414,107.00374326406852
2026-09-03 01:55:00,12.478347166255618,12.573273269271398,12.631722008439112,12.080904268307572,13.182539748570653,0.07554652780891706,-0.1372838060413458,-0.45290344758144485,0.17833583549875323,0.5212171199059306,0.07883506687363173,1001.7236938902005,1001.8402197518083,1001.5870396617455,0.09318894122320018,0.28822357329153936,-0.03504348322883288,91.21367238297337,90.05121931335401,90.2953806699723,-0.23541861647967238,-0.08424915320505728,-0.15991220341324208,6.9351734170017165,6.838439167508653,6.915983226026073,0.06197314569856982,-0.6240977826325507,0.5465537241151308,43.54916904520948
2026-09-03 02:00:00,12.612835272467276,12.49771164598544,12.693848259885003,12.142873619049677,13.24482290072033,0.0665071632396987,-0.1372838060413458,-0.45317719015361335,0.1786095780709218,-0.3891046488158363,-0.05885280785821756,1001.848454693851,1001.781298685283,1001.4756137043495,0.09345714788279656,0.28822357329153936,0.017461407641917503,91.40861573056213,90.34275013422273,90.2487372320993,-0.22384715234150818,-0.08424915320505728,0.1782620553284744,3.897461258037136,3.9008714958886084,4.800295846616094,0.05913126687702203,-0.6240977826325507,-0.27532656809493483,11.379986728303342
2026-09-03 02:05:00,11.927659781575002,11.909753553470322,12.16327242742502,11.612140930553705,12.714403924296336,0.06653390885626784,-0.1372838060413458,-0.453450695714981,0.17888308363228936,-0.7684867880809954,-0.11623506791335281,1001.8540874699793,1002.0806186378329,1001.6920427568363,0.08161723955010723,0.28822357329153936,0.10035230770506587,90.68108227724095,88.76796905310916,89.07683352366472,-0.2436344006790465,-0.08424915320505728,-0.2246153173505121,4.527737763922841,4.268717722401503,4.769446874178291,0.07480918197497867,-0.6240977826325507,0.12336863085576244,4.98248893930239
2026-09-03 02:10:00,12.634727286334261,12.641782838316226,12.62346495617299,12.072176647895356,13.174753264450624,0.05064573323067431,-0.1372838060413458,-0.45372396488010736,0.17915635279741574,1.0287587362368846,0.1556016881845821,1001.7989836498209,1001.9721655481852,1001.7096050992254,0.08913976431245549,0.28822357329153936,-0.025663124331799736,90.87198204974543,89.7664341909614,89.52000982090998,-0.23861519204155082,-0.08424915320505728,0.33067352325647903,8.018878841821476,8.384645788384805,8.833639978111806,0.08126516276457413,-0.6240977826325507,0.17510359290555044,7.571473832529049
2026-09-03 02:15:00,12.823369869073737,12.819730089966633,12.952355269764745,12.400910194672386,13.503800344857103,0.04314181798187418,-0.1372838060413458,-0.45399699826090045,0.1794293861782089,0.030800452761830854,0.00465862624323421,1001.8619552300657,1001.6525662147754,1001.452047492079,0.0885545764903381,0.28822357329153936,-0.08770485059517341,91.29860783975363,91.13518905923401,90.90435481584079,-0.21847770668334643,-0.08424915320505728,0.31508339659826845,4.013791231388907,3.8676280831540475,4.876878071128614,0.08830480953251646,-0.6240977826325507,-0.38515220534201555,22.53617998764095
2026-09-03 02:20:00,12.444585359851146,12.851009142812018,13.031889615362832,12.480287818009328,13.583491412716336,0.03540006835380266,-0.1372838060413458,-0.45426979646663357,0.17970218438394195,-0.288238849241905,-0.04359666650946892,1001.6767230565204,1001.7950284516019,1001.4583367946111,0.07669222839594729,0.28822357329153936,0.04846808369916289,90.78862229994233,90.15604271173648,90.57162168657092,-0.18485624354572444,-0.08424915320505728,-0.33132982162939584,4.82966150994265,4.779485980694624,5.169925341068091,0.09720337905037141,-0.6240977826325507,0.23365842225908384,8.8171533093323
2026-09-03 02:25:00,13.031887516945057,13.174801185832596,13.28840678732889,12.736648312229851,13.840165262427929,0.06726841180123787,-0.1372838060413458,-0.4545423601039599,0.1799747480212683,0.15654817160614165,0.02367820454505143,1001.9287962458862,1001.9164335778316,1001.5795845465676,0.1035833470704168,0.28822357329153936,0.04862545797243456,90.35548701445846,90.0542246976439,90.22877250479937,-0.15715383328667093,-0.08424915320505728,-0.0902986539504127,1.236660886311581,1.4279280568119863,2.224044929397186,0.10141104467555727,-0.6240977826325507,-0.17201908995264903,4.586899322292549
2026-09-03 02:30:00,11.977464872647584,12.099028172938073,12.43061821818929,11.878703109822418,12.982533326556162,0.025661187702229117,-0.1372838060413458,-0.4548146897769292,0.18024707769423762,-1.2846534213392697,-0.19430623920987067,1001.7208939288422,1001.9947557338751,1001.6932839797165,0.1093005090710223,0.28822357329153936,0.013248180866980874,90.30771163908531,90.53871677513467,90.49882208570094,-0.16316719951976452,-0.08424915320505728,0.1241438426387873,0.2666356380752579,0.05003899005327922,0.5963432323619529,0.10261713015169306,-0.6240977826325507,0.07779354032387703,4.95613214580419
2026-09-03 02:35:00,11.798774240904345,11.929672087654504,12.021955529092622,11.469883831897759,12.574027226287486,0.02296689188114462,-0.1372838060413458,-0.45508678608700337,0.18051917400431175,0.2975193827235252,0.04500036460322754,1001.6794500368239,1001.570101443737,1001.3964066111762,0.10746138243023064,0.28822357329153936,-0.11452874073074781,90.63861411312811,90.22706259506421,90.37384061364351,-0.1682993116112906,-0.08424915320505728,-0.06252886537424729,2.9143383474760833,2.9700038657399888,3.3990240431693532,0.10924019911817275,-0.6240977826325507,0.19507760520318618,7.1261472898748615
2026-09-03 02:40:00,11.598636645364191,11.770014219604981,11.85594221145859,11.303713969837776,12.408170453079403,0.04885229877336618,-0.1372838060413458,-0.45535864963307127,0.18079103755037965,0.3395383631025837,0.051355814187736826,1001.5915005695769,1001.662472861033,1001.3408173250755,0.12444383675065251,0.28822357329153936,0.03343196266598625,89.85986209191051,88.87631853950003,89.2246215546676,-0.08608051208041446,-0.08424915320505727,-0.26405386196252323,5.875632548870756,6.40007396379773,7.007023937092581,0.10377853807599255,-0.6240977826325507,0.017147809337700437,0.8038175816377088
2026-09-03 02:45:00,12.925851194343668,12.959953763304048,12.87651985910008,12.324135117417603,13.428904600782557,0.05067996573535299,-0.1372838060413458,-0.45563028101146485,0.18106266892877323,1.459272552285631,0.22071771024531373,1001.623757962118,1001.8246072688296,1001.4718157188373,0.1465456240632918,0.28822357329153936,0.06456797670068681,90.52705947083743,90.431638142095,90.0973619244911,-0.05283439469168924,-0.08424915320505727,0.41852537080895047,1.9774912076913034,2.1956014349086916,3.1628119517761624,0.08963390796232934,-0.6240977826325507,-0.34311273423492006,23.316119297677275
2026-09-03 02:50:00,12.610293821206017,12.608125774746918,12.88582529934469,12.333284101927143,13.438366496762237,0.06198122783666938,-0.1372838060413458,-0.45590168081597393,0.1813340687332823,-0.9283568761705485,-0.14041571855642587,1001.6840917310137,1001.8370442061305,1001.5450382622537,0.14480143099552517,0.28822357329153936,0.003782370585213357,91.12484443214932,90.32095382006815,90.42575253821909,-0.08509822266289672,-0.08424915320505727,-0.020549564945881116,1.911356395855592,2.047382960892672,2.4914129110878207,0.09686387730857257,-0.6240977826325507,0.18006783243740188,6.715986709830118
2026-09-03 02:55:00,12.351216625148364,12.448058459615185,12.653687957694542,12.100990348830873,13.206385566558211,0.0634786225631659,-0.1372838060413458,-0.45617284963786164,0.18160523755517008,-0.4518667412197619,-0.06834569203801166,1001.3902568559943,1001.6536707953342,1001.4212264463882,0.14897020083274232,0.28822357329153936,-0.055779224345656075,89.4627273666674,89.16449953215304,89.54608559231993,-0.0815986369311024,-0.08424915320505727,-0.29733690696183146,4.0012725600334464,4.1749732312386705,4.686007016470339,0.10924125836606483,-0.6240977826325507,0.11306399740088224,3.119229022767641
2026-09-03 03:00:00,12.514111434639181,12.798940846266795,12.868839050145029,12.315985074086598,13.42169302620346,0.0534686218449187,-0.1372838060413458,-0.4564437880658794,0.18187617598318775,0.44551911827364066,0.06738560216311207,1001.3818591618,1001.2912100309153,1001.0827621646907,0.13711416701670703,0.28822357329153936,-0.07977570706702863,91.33705506575568,92.31794799050574,91.73871665356548,-0.09332864678833915,-0.08424915320505727,0.663480490145318,5.618785711656157,5.600104121835692,6.263895198589361,0.0980589389725045,-0.6240977826325507,-0.03969329412111833,3.676558873644465
2026-09-03 03:05:00,11.984352358296581,12.229439878811142,12.464898705477035,11.911888406437662,13.017909004516408,0.019839882827285008,-0.1372838060413458,-0.4567144966862815,0.18214688460358988,-0.6490829972739736,-0.09817502062454686,1001.3956180911795,1001.7787530957171,1001.3427748888647,0.1353478540074909,0.28822357329153936,0.147754633560794,91.09365711547159,90.779187527219,91.3187579805704,-0.09806534497564798,-0.08424915320505727,-0.45532130014635186,6.136986662534578,6.842110512257719,7.478818135304296,0.10627815379666351,-0.6240977826325507,-0.012609840414026685,4.54072953980714
2026-09-03 03:10:00,13.449001458158497,13.423843481153645,13.349248896478823,12.796082318634847,13.9024154743228,0.02292171813282955,-0.1372838060413458,-0.4569849760828403,0.1824173640001487,1.400831494903196,0.21187839071616743,1001.2003460841705,1001.4120768863512,1001.1949150668273,0.13295910336237246,0.28822357329153936,-0.07106175376770807,90.40530718436102,91.68097555154378,91.69385649577283,-0.14109767549543106,-0.08424915320505727,0.07136820897599705,2.4384502892301048,2.3178889610004303,3.1927066374727415,0.12308581093054541,-0.6240977826325507,-0.25071989383976057,14.307204180858037
2026-09-03 03:15:00,12.56224697503022,12.727103333027635,13.039056567524813,12.485733755015138,13.592379380034489,0.011287619063793683,-0.1372838060413458,-0.45725522683686093,0.18268761475416936,-1.1548248773771803,-0.17466942845583233,1001.2409361910547,1001.5800709507707,1001.2544289415215,0.13517702776583232,0.28822357329153936,0.03741843595764749,90.84489186484193,91.83468566569336,91.9328873787618,-0.15551498869893943,-0.08424915320505727,-0.01395255986339805,1.5839049236460938,1.770246121148247,2.2173096271190413,0.1230633489129742,-0.6240977826325507,0.1770342766617563,7.856404124786142
2026-09-03 03:20:00,12.597854122495074,12.558219777858453,12.727281331011284,12.17380232793744,13.280760334085128,-0.0007174120286858737,-0.1372838060413458,-0.4575252495271954,0.1829576374445038,-0.2100982022771305,-0.03177774711148551,1001.2546369703289,1001.5249431492233,1001.2448311378565,0.13917015350947645,0.28822357329153936,-0.008111561924806665,90.57727124327899,90.0217164597786,90.51097778891844,-0.09211053663715246,-0.08424915320505727,-0.405012175934786,9.236152374721659,9.385543371690058,9.642726359380207,0.11488332706555673,-0.6240977826325507,0.366914794942403,20.166474206744518
2026-09-03 03:25:00,12.89159342385028,12.890165312868955,12.939754941886035,12.386119792312224,13.493390091459846,-0.00820222086837255,-0.1372838060413458,-0.45779504473025756,0.183227432647566,0.579789022750191,0.0876941770242663,1001.4202188798023,1001.5643654575294,1001.2689621524748,0.14588809489541318,0.28822357329153936,0.0071797317630171165,91.21128661796881,90.25054473872969,90.17887028953027,-0.07184286610650986,-0.08424915320505727,0.15592360240447078,3.0225290681694177,3.4412713341101826,4.670428037280102,0.11611351380082428,-0.6240977826325507,-0.6050589205373686,53.181188050339
2026-09-03 03:30:00,12.844505198770028,12.767771222690167,12.929019531858476,12.375228279811626,13.482810783905325,0.017970700230979852,-0.1372838060413458,-0.4580646130200374,0.1834970009373458,-0.15844103132219622,-0.02396450312696352,1001.2922775938993,1001.2483876690336,1001.0330782639952,0.1487398067710127,0.28822357329153936,-0.07291416825319175,91.08433611447417,90.8832592695462,90.71611365584079,-0.159033515391811,-0.08424915320505727,0.25139476691046525,7.620393604399942,8.06195396015685,8.23380684613988,0.11060817411881727,-0.6240977826325507,0.45224489664952205,30.161059199982688
2026-09-03 03:35:00,12.796063612727337,12.813777848310881,12.949771583979986,12.39582427344981,13.503718894510163,0.05404326336478944,-0.1372838060413458,-0.4583339549681149,0.1837663428854233,0.008529285133645814,0.0012900703722404927,1001.2467036326727,1001.2963815507369,1000.9787838323372,0.13421089525146274,0.28822357329153936,0.029374145108135963,89.88956575829813,90.69577977586125,90.81845084863643,-0.11644819315438285,-0.08424915320505727,-0.038421919570126306,7.761371204786062,7.856206436459194,8.669356189390165,0.10444087301925326,-0.6240977826325507,-0.18905197029842036,5.20363355168282
2026-09-03 03:40:00,12.448290408738098,12.77385780507575,12.91992581787387,12.365822492812905,13.474029142934834,0.05730138242771546,-0.1372838060413458,-0.4586030711436745,0.18403545906098293,-0.058076679934355724,-0.008784206756773827,1001.3111056845753,1001.6724894744873,1001.273899670201,0.12294928998256971,0.28822357329153936,0.11036623099471399,90.85881715052382,90.38835326568831,90.56802422961597,-0.0783111598525622,-0.08424915320505727,-0.09542181072261258,6.692630767245412,6.888603428871296,7.56414842124482,0.10877271369196868,-0.6240977826325507,-0.0514472097409735,1.7901523184215846
2026-09-03 03:45:00,13.014565676736881,13.083379780273766,13.172006565690427,12.617747270014101,13.726265861366754,0.05032987406903954,-0.1372838060413458,-0.4588719621135192,0.18430435003082765,0.3216953211170992,0.04865702062468458,1001.1297990745675,1001.454007140365,1001.2290675248786,0.11639239854900563,0.28822357329153936,-0.06328395780519713,90.50207941077346,91.13766550387989,91.06631345065509,-0.09088614550328679,-0.08424915320505727,0.15560120642984998,2.365161614550081,2.556457459665935,3.3191774516171404,0.09273541894166973,-0.6240977826325507,-0.13862220931865465,3.5630829486921765
2026-09-03 03:50:00,13.64377884920633,13.703506828724064,13.770316872852934,13.215901650439609,14.32473209526626,0.032671477807271386,-0.1372838060413458,-0.4591406284420845,0.18457301635939286,0.4659364502326895,0.07047376191247601,1001.1771288491215,1001.1971943635518,1000.9862951466047,0.11300551144592688,0.28822357329153936,-0.07732435634443391,90.69014222448864,91.59111229432663,91.62057805084676,-0.06578192147087425,-0.08424915320505727,0.05478339668492538,7.223359524713402,6.620013157758967,6.872835358466672,0.07829612971674746,-0.6240977826325507,0.3712755819248459,20.875868078948322
2026-09-03 03:55:00,13.497583349954947,13.247839374333818,13.523094508124942,12.968523402815968,14.077665613433915,0.039699580230462425,-0.1372838060413458,-0.4594090706914514,0.1848414586087598,-0.9121958150249121,-0.13797132774977783,1001.0725413073586,1000.77541046736,1000.5637213991341,0.12561480293159225,0.28822357329153936,-0.07653450506575155,90.27448253844949,89.55940112430993,90.12451858438145,-0.09586089384947627,-0.08424915320505727,-0.4808683068664692,6.660277065019493,6.262069222796646,7.077170774015513,0.07848903852048689,-0.6240977826325507,-0.19100376858631574,9.060341375200737
2026-09-03 04:00:00,13.668553207067493,13.673147589772388,13.750693814522931,13.1959668701227,14.305420758923162,0.06644316423143959,-0.1372838060413458,-0.45967728942136177,0.18510967733867015,0.39495431798704494,0.05973758129080231,1001.0986944369412,1001.1784505118848,1000.74103567845,0.11165953508935729,0.28822357329153936,0.14919126014319772,91.52451415141016,90.87135343686049,90.60543573823153,-0.11231984391879878,-0.08424915320505727,0.350166851834004,5.241276600885555,5.138023446800326,5.810189901866145,0.07826595313136257,-0.6240977826325507,-0.048068672433267956,3.817937553305052
2026-09-03 04:05:00,12.902032242839473,12.916502320516589,13.184477140968989,12.629594401244985,13.739359880692993,0.06273305842606224,-0.1372838060413458,-0.45994528518923017,0.18537767310653855,-0.8640621087834379,-0.13069101441105424,1000.9438287433295,1001.0080438646215,1000.7276289850338,0.10737055451130889,0.28822357329153936,-0.007808693703850622,91.11705298906999,91.62731189347625,91.51511527356469,-0.05987072129535389,-0.08424915320505727,0.19644577311660782,3.5272330779115473,3.4404549739002483,4.080867285708687,0.08170149890176193,-0.6240977826325507,-0.01631452917588838,2.049886149771136
2026-09-03 04:10:00,12.789251489941645,12.650470910667726,12.782119702780076,12.227081211462927,13.337158194097224,0.02704811781476387,-0.1372838060413458,-0.4602130585501586,0.18564544646746703,0.03725582849329179,0.005635013928996457,1000.6393440621442,1000.7206848388281,1000.4975871303628,0.11880666848987749,0.28822357329153936,-0.06512586482631377,90.21923819144844,90.2713349584709,90.71629811099967,-0.06938127269079368,-0.08424915320505727,-0.36071399932372117,3.0349877995733334,2.7756568257706893,3.3522617841417572,0.10045375278659581,-0.6240977826325507,0.04749282426148271,1.4665270950109792
2026-09-03 04:15:00,13.216645165454157,13.258077110686866,13.240887318049781,12.685693118833312,13.79608151726625,0.03709886289199673,-0.1372838060413458,-0.4604806100569496,0.185912997974258,1.021300385699364,0.1544735986784307,1000.960602838666,1001.1550918577366,1000.7484615047341,0.11520813879591814,0.28822357329153936,0.11840677971088098,89.95169833718352,89.26802723508935,89.5392979415703,-0.13482188085921837,-0.08424915320505727,-0.18702155327589765,1.982919807452258,2.309293472011701,2.9244201439683937,0.10149889314735402,-0.6240977826325507,0.008971110675858096,4.2779876951091165
2026-09-03 04:20:00,13.374363156345325,13.340406556863542,13.487621859771748,12.93227199631303,14.042971723230465,0.05187985856374747,-0.1372838060413458,-0.4607479402601191,0.1861803281774275,-0.06566197503957838,-0.009931496866860456,1001.17146883616,1001.4236338496522,1001.0757396007895,0.12073312659403203,0.28822357329153936,0.05967067557116934,90.43715838812132,90.01837653596908,89.80389936358804,-0.13703749365656515,-0.08424915320505727,0.29872632558608814,4.643688235043016,4.75180437599896,5.250649261352705,0.10748061465070197,-0.6240977826325507,0.12525289727880562,3.1043379184269204
2026-09-03 04:25:00,13.878063420984514,13.922154765991191,14.011789227437653,13.456283743357059,14.567294711518247,0.02809217395795976,-0.1372838060413458,-0.4610150497079104,0.1864474376252188,0.3150330828660426,0.04764934459488401,1001.0761118396751,1001.343715393819,1001.1187591626098,0.11905862207889718,0.28822357329153936,-0.06326734208232665,90.88222119190849,90.68601746231799,90.56990831058506,-0.13978808740856763,-0.08424915320505727,0.20035830493797846,5.15976681217376,5.193083733252264,5.906381356109429,0.09772528529455565,-0.6240977826325507,-0.08919984022461414,2.0278726522208963
2026-09-03 04:30:00,12.854867082224551,12.909907120901243,13.265077140673176,12.709416079554424,13.820738201791928,0.030739436712904054,-0.1372838060413458,-0.46128193894630654,0.18671432686361497,-1.4405521462917505,-0.21788621373058703,1001.0629974564782,1001.2519938486654,1001.0237607049407,0.12214002116679386,0.28822357329153936,-0.059990429566937564,90.71382310028947,89.3640943728446,89.77287558630458,-0.09784518748049653,-0.08424915320505727,-0.3245320602549242,3.670007895268392,3.398565974845897,4.1252654520162615,0.10540466192972102,-0.6240977826325507,-0.10260169453781387,7.4664108157604705
2026-09-03 04:35:00,14.238242350257,14.084599305647416,13.99756871084814,13.441752116238357,14.553385305457924,0.03750782695494553,-0.1372838060413458,-0.461548608519044,0.18698099643635238,1.4830520299676166,0.22431440084062082,1001.0865725695794,1000.935855314932,1000.7254611880478,0.11939835064107937,0.28822357329153936,-0.07782944640734968,91.3164280420085,91.8315991144903,91.41303222966796,-0.09734341270434493,-0.08424915320505727,0.5028160380273903,4.4172950956316415,4.5040723896368196,4.996294589153467,0.10014075327861424,-0.6240977826325507,0.13187558311590308,9.778505759178804
2026-09-03 04:40:00,13.660840747837428,13.617511608765602,13.867976367380965,13.312004282790726,14.423948451971205,0.03641121742481145,-0.1372838060413458,-0.461815058967625,0.18724744688493342,-0.7482945403395078,-0.11318095257401772,1000.8994418979227,1000.9756650743325,1000.6482148473672,0.1274031363138196,0.28822357329153936,0.03922665367372247,91.0448701782389,90.54981763348279,90.99744548526421,-0.11209879360475518,-0.08424915320505727,-0.3633786985763692,3.6968575367100867,3.009707071514928,3.7444000912008653,0.10085496160442517,-0.6240977826325507,-0.1105952370533867,3.950360512898416
2026-09-03 04:45:00,13.653913372580835,13.693937882771532,13.834501339434157,13.278373808337541,14.390628870530772,0.02454965363853115,-0.1372838060413458,-0.46208129083133087,0.18751367874863925,-0.02168337161254641,-0.0032796506212786625,1000.9028212151943,1001.3572971421517,1000.9476843179842,0.10886245942494238,0.28822357329153936,0.1213892508758363,91.13421398226825,88.83171917470811,89.3177514101879,-0.07552182852166298,-0.08424915320505727,-0.4017830822747328,5.566830816786469,5.617710398898451,6.066877454495415,0.09976647535373355,-0.6240977826325507,0.1749307270355862,6.839252183503194
2026-09-03 04:50:00,13.523392572837125,13.800041171060455,13.917211474986127,13.360928540820773,14.473494409151481,0.03978871199198449,-0.1372838060413458,-0.4623473046472345,0.18777969256454288,0.13298018330799444,0.020113502115673754,1000.7698087667233,1000.9304439922679,1000.7480359420902,0.10450271532427984,0.28822357329153936,-0.10581552311384712,90.80379055730079,90.7133996122691,90.26859904026462,-0.07129417038412411,-0.08424915320505727,0.5290497252095321,8.368782944520671,8.49783426286587,9.106771948133433,0.11009621770287387,-0.6240977826325507,0.0151600973649888,2.7617904529960473
2026-09-03 04:55:00,13.372751860520466,13.457833710882069,13.653266670051357,13.096828376218504,14.20970496388421,0.03373801580245425,-0.1372838060413458,-0.4626131009502129,0.1880454888675213,-0.3844524438204324,-0.058149153127942554,1000.8064887372585,1000.9697232599697,1000.677687896528,0.10806158744461153,0.28822357329153936,0.0038117901500527296,89.93523314631902,89.2444311749653,89.58363907477155,-0.09754496423892421,-0.08424915320505727,-0.2549587466012042,2.327164911669705,2.496735859125278,3.5176531326246714,0.09699645215912386,-0.6240977826325507,-0.39681949086684254,23.16158121703297
2026-09-03 05:00:00,14.473258368602908,14.352331555981378,14.332093212056392,13.77549960192094,14.888686822191845,0.01146022336195527,-0.1372838060413458,-0.46287868027295986,0.18831106819026824,1.041455846780062,0.15752214996633107,1000.9399736339831,1001.1083624553698,1000.7714662140835,0.11446593042068584,0.28822357329153936,0.048672667994765106,90.6082015099105,91.90213921413267,91.43997137574917,-0.05712004961996759,-0.08424915320505727,0.5464169915885577,3.811744676719507,3.4166782134886966,3.734644419120115,0.07416406581297347,-0.6240977826325507,0.30613157700113236,17.795241843951807
2026-09-03 05:05:00,14.285390730186839,14.34590978811252,14.538905546254927,13.98215666314548,15.095654429364375,-0.019281893923089943,-0.1372838060413458,-0.46314404314599866,0.1885764310633071,-0.36833891781938277,-0.05571195210106161,1001.0242151854023,1001.218903490672,1000.9040204442451,0.13238136189373179,0.28822357329153936,0.026659473135282497,91.2231576584953,90.70445975389744,91.15999298849758,-0.05034188786187962,-0.08424915320505727,-0.37128408139508906,2.1431193370855834,2.28259409693512,2.982087961596907,0.07202973884209422,-0.6240977826325507,-0.07539608202923631,1.927044798299601
2026-09-03 05:10:00,13.854871512630819,14.19601213937207,14.404201845577914,13.847297732786837,14.961105958368991,-0.0003691511231002989,-0.1372838060413458,-0.463409190097694,0.18884157801500237,-0.4687935272169863,-0.07090590016449738,1000.8211037047259,1000.5913259434544,1000.4610699258722,0.12768906589134488,0.28822357329153936,-0.15796755570931964,90.63760226686759,89.70924809697661,90.0842231192495,-0.0502394790280993,-0.08424915320505727,-0.2907258690678418,5.4466089808125675,5.210894651264351,5.669768615444082,0.07671505141114546,-0.6240977826325507,0.16522381845281942,7.642452048931924
2026-09-03 05:15:00,13.97027547572451,14.162497578766281,14.306052620248993,13.748993321032458,14.863111919465528,0.008880808523966475,-0.1372838060413458,-0.46367412165426436,0.1891065095715728,-0.041462199559498814,-0.006271235441365874,1000.7752873890624,1000.8848015885594,1000.5057053100602,0.14544284703367535,0.28822357329153936,0.09087270520763013,90.92289710348639,91.28523055412731,90.97211287060026,-0.04401268532869139,-0.08424915320505727,0.39736683673210393,6.283394951030453,6.117891746511973,6.82873953494755,0.07823774516922045,-0.6240977826325507,-0.08675000580302594,2.809704567716773
2026-09-03 05:20:00,14.474041633888431,14.59374735170646,14.652866869518112,14.095652427096152,15.210081311940073,0.010200411730904009,-0.1372838060413458,-0.46393883833979455,0.18937122625710298,0.5167822747697137,0.07816428822969357,1000.8461365994546,1000.9779872357991,1000.6361196143598,0.1375345611137593,0.28822357329153936,0.05364404814770296,90.54673050395822,89.93688653122388,90.29411675269317,-0.08148607832827229,-0.08424915320505727,-0.27298106826424373,9.015580560125048,9.321519763415207,9.851461659268798,0.09055978754335957,-0.6240977826325507,0.09415588677896025,2.614916862608246
2026-09-03 05:25:00,15.398547505790946,15.547261833065551,15.568996120249047,15.0116265778056,16.126365662692493,0.003596292178141956,-0.1372838060413458,-0.46420334067624736,0.18963572859355574,0.7639542885419708,0.11554951885785059,1000.9419619993446,1001.2876646272849,1000.9339911318644,0.15347831805229503,0.28822357329153936,0.06544992212889156,90.25448225417476,89.53096333267845,89.67368642742534,-0.09995396049451409,-0.08424915320505727,-0.05847394154183405,3.144819605440718,3.8439872367337977,4.845403342368616,0.09493351428515626,-0.6240977826325507,-0.37731832300226786,22.2215313152221
2026-09-03 05:30:00,14.752156857948437,15.035808982199258,15.353856163572996,14.796331564255965,15.911380762890026,-0.0043386840349049485,-0.1372838060413458,-0.4644676291834757,0.18990001710078416,-1.1951149356700288,-0.18076337533239162,1000.6434396649452,1000.8138785227111,1000.6679579726496,0.1632879235726755,0.28822357329153936,-0.14230302323005617,90.6635369932411,90.97130953007024,90.67839999143636,-0.09982856943036668,-0.08424915320505727,0.3771586918389289,9.526224407597592,9.630927066204954,9.76227987694933,0.08929503096655765,-0.6240977826325507,0.49274497188817534,41.08832559335056
2026-09-03 05:35:00,14.382196970835068,14.57684759587707,14.806015169707413,14.248335556628707,15.36369478278612,-0.02047473376152912,-0.1372838060413458,-0.46473170437923494,0.19016409229654332,-0.6074884529476439,-0.09188376778899787,1000.5263681712289,1000.4317178838558,1000.2364937765992,0.15232642061708881,0.28822357329153936,-0.09299946603505305,90.85430663125602,89.91529098618814,90.24661683568446,-0.10664179875623048,-0.08424915320505727,-0.24707669629127338,1.4060260158057742,1.2269382076388655,2.4606215812402716,0.06604082942516085,-0.6240977826325507,-0.6095855909688555,55.19225076447038
2026-09-03 05:40:00,15.014957954200321,15.101363461993925,15.104411016389921,14.546576432625507,15.662245600154336,-0.026946568429927393,-0.1372838060413458,-0.46499556677919385,0.19042795469650228,0.8875014031726316,0.13423625164534947,1000.8015557375682,1001.022080002458,1000.5483978052845,0.15601089146411068,0.28822357329153936,0.1854586238819138,90.41536445215658,89.18743872023937,89.43014868920504,-0.06210680535764963,-0.08424915320505727,-0.15846081576061977,5.286452596624659,5.406721437960867,5.495615592152571,0.06366770708320867,-0.6240977826325507,0.5352036284408461,46.74003035142308
2026-09-03 05:45:00,15.136240002226327,15.291220569487614,15.40407369665994,14.8460841852499,15.962063208069981,-0.05874787665673001,-0.1372838060413458,-0.46525921689694727,0.19069160481425565,0.16152314677259305,0.024430678869018507,1000.7169526182562,1000.7517749824575,1000.506896766815,0.1553960614377244,0.28822357329153936,-0.043345357649059224,90.6336419644865,91.95994276564976,91.41045806929355,-0.05449760051220451,-0.08424915320505727,0.6337338495612528,1.334016444066875,1.6896724884224052,2.63787524719793,0.07394729710578665,-0.6240977826325507,-0.32410497614297396,17.324724013474366
2026-09-03 05:50:00,14.3008541512501,14.01473510053853,14.382980146354244,13.824835750302814,14.941124542405674,-0.06978883145875772,-0.1372838060413458,-0.46552265524402714,0.19095504316133557,-1.5269975276111918,-0.2309612397743681,1000.8423583863367,1000.8227436167364,1000.5296841717795,0.1629030765618244,0.28822357329153936,0.004835871665250124,90.22444709744352,90.6634701243041,91.12671527753174,-0.02457596321993042,-0.08424915320505727,-0.37899600002259604,8.235665816143282,8.491991905184218,8.675788765555993,0.07002681927911551,-0.6240977826325507,0.440300922260775,34.045470695631685
2026-09-03 05:55:00,15.494306263314565,15.119400318642485,15.005439382783718,14.447140145059345,15.563738620508092,-0.07445289420402412,-0.1372838060413458,-0.46578588232991447,0.1912182702472229,1.6611016639916691,0.2512447419001127,1000.9175391481092,1000.9526391086024,1000.638114249681,0.1602238175006247,0.28822357329153936,0.02630128562975642,91.33552912641042,91.09991457260514,91.1987057465561,-0.02424712580977569,-0.08424915320505727,-0.014542020745906825,4.777776287993382,5.671020171648399,6.706480495435127,0.07031002191589315,-0.6240977826325507,-0.41136254115417703,30.900960028531834
2026-09-03 06:00:00,15.56213174051244,15.528246777145037,15.621387497797535,15.062933461332925,16.179841534262145,-0.06530469349616784,-0.1372838060413458,-0.46604889866205057,0.191481286579359,0.2918514912534729,0.044143085388848036,1000.895458348511,1001.1333708457535,1000.8165546874542,0.15653686279268392,0.28822357329153936,0.028592585007686466,90.6332917016635,90.64323290502328,90.83629659812547,0.012722971121338623,-0.08424915320505727,-0.10881453989713918,5.785963081419735,5.645885435150295,6.163033958574195,0.07452362445896024,-0.6240977826325507,0.10694925920865117,1.9901606426315928
2026-09-03 06:05:00,16.073464356718645,16.021296908201982,16.163736762214086,15.605127969906253,16.72234555452192,-0.0659035904467683,-0.1372838060413458,-0.4663117047458487,0.1917440926631571,-0.0340891506786285,-0.005156047970757527,1001.2076692218998,1001.5694494056496,1001.2099811963337,0.17296599778583813,0.28822357329153936,0.07124463602428932,91.54156470635819,91.97289263545251,91.77228012588134,0.02663644260139901,-0.08424915320505727,0.2848616627762226,7.340508513426059,7.48054865811831,8.006144839597193,0.06437070071646209,-0.6240977826325507,0.0985016011536679,2.369924653703802
2026-09-03 06:10:00,16.67696348719716,16.514201732755875,16.660533060617755,16.10176955532807,17.21929656590744,-0.053979743738634914,-0.1372838060413458,-0.466574301084705,0.19200668900201343,-0.05981758438973728,-0.009047521820534143,1001.0677754321192,1001.3119962709483,1001.1362569391529,0.17178134705237005,0.28822357329153936,-0.1124842414961904,91.62023033342687,92.4260064527076,92.48795338183163,0.027106159589995113,-0.08424915320505727,0.022302224081016675,2.21974190925804,2.7550203549663514,3.6720574164363384,0.07060305968285026,-0.6240977826325507,-0.2929392788374363,13.66577157735331
2026-09-03 06:15:00,16.532256469193392,16.663684285997004,16.856253059393058,16.2973348839473,17.415171234838816,-0.03374271716193347,-0.1372838060413458,-0.46683668818001045,0.19226907609731883,-0.3655159131773722,-0.05528496735470867,1001.0954033629232,1001.3719052614084,1001.106626652757,0.18169841494267125,0.28822357329153936,-0.02294496464014628,90.80560592095127,90.22746693937569,90.86971643167995,0.02664125147642943,-0.08424915320505727,-0.558000339099209,1.091108330119301,1.6239303788077277,2.0922123971684403,0.08697427758286731,-0.6240977826325507,0.15581576427183808,5.446247473860801
2026-09-03 06:20:00,16.120100908183705,15.729658025138885,16.054640988789643,15.495568185978044,16.613713791601242,-0.017870165754571947,-0.1372838060413458,-0.46709886653116117,0.1925312544484696,-1.240970778838367,-0.18769915760941203,1001.1778240185586,1001.4277750066065,1001.1311674074545,0.17899419712214085,0.28822357329153936,0.008384025860323163,90.31411487231841,90.6002679926472,90.5248146093048,-0.006764100443754292,-0.08424915320505727,0.15970253654745648,7.991072158781383,7.491294924888002,7.797441245837498,0.08524614406393324,-0.6240977826325507,0.3179514616830543,18.290390565892395
2026-09-03 06:25:00,15.932774010856354,15.8150070416009,15.875252160220269,15.31602477279757,16.434479547642965,-0.010812518043893595,-0.1372838060413458,-0.46736083663557026,0.1927932245528787,0.5093403782327002,0.07703868742197706,1000.9504050234599,1001.1645982562218,1000.9369700206742,0.19899415623287112,0.28822357329153936,-0.06059533774396186,89.76271864337173,89.36833325216455,89.5600145226863,0.010977949761016584,-0.08424915320505727,-0.10743211731670499,3.3825624548677315,3.4555106687013475,4.5231293649893605,0.07395549984561023,-0.6240977826325507,-0.4435209136554623,29.164330005698694
2026-09-03 06:30:00,17.55408312307922,17.446457436247517,17.286405957036663,16.72702402772216,17.845787886351168,-0.010634577856181833,-0.1372838060413458,-0.4676225989886783,0.1930549869059867,1.9658287507255796,0.2973352852521991,1001.316389877512,1001.6117836134373,1001.2081958730148,0.1908541406808452,0.28822357329153936,0.11536416713090603,90.17847495364366,90.0368607420858,89.84711499111086,0.00957078405224332,-0.08424915320505727,0.2739949041800003,2.043818697067943,2.562464416397943,3.0587638574207245,0.0732894895753905,-0.6240977826325507,0.12779834160976922,13.551634126518172
2026-09-03 06:35:00,16.699332281370168,16.34672552636789,16.773307982260196,16.213771553737782,17.33284441078261,-0.02534639798238522,-0.1372838060413458,-0.46788415408396444,0.19331654200127288,-1.912694630039379,-0.2892986498509593,1001.1909831718194,1001.0116512700648,1000.8646117673145,0.18348441830587897,0.28822357329153936,-0.14118407054127147,90.17044131282164,90.29099667223947,90.26982780724288,-0.007998934554098842,-0.08424915320505727,0.10541801820164665,4.372341405823792,5.290579951432835,5.737806842366756,0.051045648489301806,-0.6240977826325507,0.17687089169862968,15.595771682939573
2026-09-03 06:40:00,16.83359655301226,17.118295517254428,17.149302901650195,16.589612016568424,17.708993786731966,-0.014247237211695478,-0.1372838060413458,-0.4681455024129575,0.19357789033026593,0.7026453150957401,0.10627642164557827,1001.3472475032033,1001.5656893803783,1001.142537922216,0.2017786244792698,0.28822357329153936,0.13492788487076268,91.55560326191295,91.58098763089514,91.45343816701869,0.03072722742432367,-0.08424915320505727,0.21179861708149872,5.252614786597264,5.518168232851578,6.259014300765465,0.054414681129067964,-0.6240977826325507,-0.11674828528133574,5.399152279197098
2026-09-03 06:45:00,16.97215163585293,16.711260355641894,16.934639588533663,16.374794289505783,17.494484887561544,0.010948973521627459,-0.1372838060413458,-0.4684066444652464,0.19383903238255482,-0.5692189047290483,-0.0860954268504237,1001.1326944585492,1001.1723949711443,1000.9712570127384,0.19643926778852677,0.28822357329153936,-0.08708561488572286,89.94804462791382,90.52346781307388,90.9573918035465,-0.013030333481994373,-0.08424915320505727,-0.3496748372675711,0.9755383121227149,0.9241167489193236,1.7660905589739304,0.05893742490555375,-0.6240977826325507,-0.21787602742205614,9.030991041728992
2026-09-03 06:50:00,17.216131375405983,17.11454392806083,17.184560482389777,16.62456081199379,17.744560152785766,0.01608056411638373,-0.1372838060413458,-0.4686675807284909,0.19409996864579934,0.4447366456569881,0.06726725171239778,1001.1096399495879,1001.4997274949319,1001.1406283212411,0.2156521594624995,0.28822357329153936,0.07087560039917662,90.09588558668392,90.45773714415427,90.6009694237856,-0.027817689822129565,-0.08424915320505727,-0.058983126426284116,3.1182609534537864,2.8911937955665787,3.2207876277917613,0.07569378784400937,-0.6240977826325507,0.2945039504073681,13.43195623607177
2026-09-03 06:55:00,17.235489546463388,17.461924949367187,17.563998666790102,17.003844667568803,18.1241526660114,0.044839451342775574,-0.1372838060413458,-0.46892831168843263,0.194360699605741,0.23279108788920766,0.035210088618431,1001.5170100464583,1001.7212909970933,1001.3880145857797,0.22635424641763724,0.28822357329153936,0.045052838022002106,88.56664517742209,87.36826227630951,88.00843531303559,0.008152466385154107,-0.08424915320505727,-0.5559238835210323,1.0044067668383172,1.743783614015915,2.4974596576002193,0.07375383991834313,-0.6240977826325507,-0.1295782609517535,4.34128672154793
2026-09-03 07:00:00,17.221266513479755,17.37243145788736,17.569927819446622,17.009619533907657,18.13023610498559,0.02195587572185932,-0.1372838060413458,-0.46918883782890486,0.1946212257462133,-0.39809460451820655,-0.06021255551791782,1001.504758045981,1001.7338987091601,1001.4771435943289,0.22449844993890725,0.28822357329153936,-0.031468458460381044,90.08805932899404,89.02099653265904,88.50602445946693,0.01919576931736297,-0.08424915320505727,0.5992212263971624,4.061464563171418,4.357925732410953,4.828970800286976,0.07783869329980783,-0.6240977826325507,0.15305271475652749,5.681497806586936
2026-09-03 07:05:00,17.390567123901,17.17357560955422,17.360155886644925,16.799693357260832,17.92061841602902,0.004643424950166199,-0.1372838060413458,-0.46944915963184386,0.19488154754915224,-0.32592304009914486,-0.049296471049359525,1001.3692572965608,1001.3462354436974,1001.1797694553314,0.20273892827470136,0.28822357329153936,-0.12175758492560362,91.34714413316965,91.06889149221172,90.60687632294248,0.017520706849516465,-0.08424915320505728,0.5462643224742862,8.258700153784611,8.073505887994935,8.64508546817525,0.06922581227594882,-0.6240977826325507,0.052518202452235485,3.8362857405575443
2026-09-03 07:10:00,17.755790497171436,17.90975978658995,17.918966606999028,17.35834987620729,18.479583337790768,0.017471447566390137,-0.1372838060413458,-0.46970927757729863,0.19514166549460707,0.8467794881748603,0.1280769856322692,1001.4326298055903,1001.7876615475657,1001.3909968053098,0.20250710862343932,0.28822357329153936,0.10844116896430478,88.89649949298544,90.38570553379867,90.78876439926819,0.026305830859771596,-0.08424915320505728,-0.31880971226446775,11.074413241355277,11.07912787252584,11.74150901329214,0.06566154107069803,-0.6240977826325507,-0.03828335813374828,3.7772639431447512
2026-09-03 07:15:00,17.71202422939821,17.791416925848544,17.992148345634597,17.431377455837687,18.552919235431506,0.021435800718688905,-0.1372838060413458,-0.4699691921434417,0.19540158006075006,-0.4194831540376498,-0.06344761374470664,1001.7925983042505,1002.0904241915574,1001.7306487743882,0.2037266692658404,0.28822357329153936,0.07155184387761437,85.70858481635872,85.05989667720392,86.3460629808399,0.03258532684648104,-0.08424915320505728,-1.2019171504309298,5.5369553460593455,5.680420987812033,6.67459730956468,0.05040968670407606,-0.6240977826325507,-0.3700785391200965,27.961997127260805
2026-09-03 07:20:00,17.80559849614138,18.313348141930938,18.402064514277487,17.84113950784292,18.962989520712053,0.04114253336726602,-0.1372838060413458,-0.4702289038065789,0.19566129172388727,0.32110301818098463,0.04856743369479588,1001.5082048861885,1001.8094803506051,1001.6268033175775,0.2177332820654929,0.28822357329153936,-0.10554654026395838,89.74982734463748,89.56275131467375,88.39677410317344,-0.020497862273526207,-0.08424915320505728,1.2502263647053553,2.3093774052490117,2.5209811919066905,3.0419241528277166,0.0484617904912437,-0.6240977826325507,0.10315482171152457,11.04163128082314
2026-09-03 07:25:00,18.295410664118773,18.4171092060888,18.58592073795482,18.024841657215198,19.14699981869444,0.040910458756364926,-0.1372838060413458,-0.47048841304115996,0.19592080095846834,-0.20844518947209423,-0.03152772582467378,1001.9979176862124,1002.1127589065675,1001.7828677512559,0.23679464818037424,0.28822357329153936,0.04166758201995435,85.88684782728507,85.42504897745914,86.20326932875838,-0.03272202826070486,-0.08424915320505728,-0.6939711980941894,8.454377637195424,8.229900738887745,8.450279224931453,0.045408698956058056,-0.6240977826325507,0.4037192965888421,26.02982747285448
2026-09-03 07:30:00,18.313626977586395,18.313269440791128,18.503661521479927,17.94242840873299,19.064894634226864,0.02789082741843995,-0.1372838060413458,-0.4707477203197885,0.1961801082370969,-0.3511247348757749,-0.05310827464745316,1001.6833235801987,1001.7958524054886,1001.5941204833622,0.22857480203064928,0.28822357329153936,-0.08649165116514723,85.54030009275145,85.12092081512827,85.12074807836662,0.023856229647276357,-0.08424915320505728,0.08442188996670552,4.686898940430001,4.5510425116093005,5.594566398012608,0.048400696616947014,-0.6240977826325507,-0.41942610377075695,26.26988101039639
2026-09-03 07:35:00,19.18059003490023,19.03397657226171,19.065970773576726,18.504583671085392,19.62735787606806,0.024686928785364312,-0.1372838060413458,-0.4710068261132321,0.19643921403054046,0.6961209866094009,0.10528960472633031,1001.9830054697202,1002.2547343710855,1001.8619290303589,0.23818898319850748,0.28822357329153936,0.10458176743509284,82.44820669490966,82.59157837496377,82.92292024088287,0.0007798849300754904,-0.08424915320505728,-0.24709271271404987,2.247203632704892,1.7934879918066244,2.391069135232482,0.04216472781362062,-0.6240977826325507,0.026516639206693116,2.8057458985832655
2026-09-03 07:40:00,17.682493489765065,17.53534148559546,17.95230792962859,17.390766879621008,18.51384897963617,0.0016966692215083026,-0.1372838060413458,-0.4712657308904319,0.19669811880774032,-1.8491184804274958,-0.27968263799178317,1001.9086410285237,1002.0518400760571,1001.8199997755613,0.24737380907066767,0.28822357329153936,-0.056383272795756056,86.31941311758773,87.42967428798067,86.24559167856299,-0.010360650563576202,-0.08424915320505728,1.2683317626227364,8.778572622349483,9.13349949055429,9.29717172706273,0.04299818132337154,-0.6240977826325507,0.46042554612411024,47.14388319104974
2026-09-03 07:45:00,19.343804040494287,19.16341803052571,18.971114529077663,18.409419573747268,19.53280948440806,-0.015232190874947215,-0.1372838060413458,-0.47152443511851316,0.1969568230358216,2.179062617433086,0.32958730748939047,1002.1208803003308,1002.446369006232,1002.0867675763226,0.26025476149959303,0.28822357329153936,0.07137785661780072,80.57695947721915,80.91241681984422,82.39382890112509,-0.029317377279397767,-0.08424915320505728,-1.397162928075815,6.546215319834457,6.483394160570657,7.550464839623579,0.039664380767294886,-0.6240977826325507,-0.44297289642037185,50.08874332505134
2026-09-03 07:50:00,19.57030412867279,19.843878360549,19.932046035925318,19.37019721743086,20.493894854419775,-0.0006455309061770623,-0.1372838060413458,-0.4717829392627947,0.19721532718010307,0.32473072176351536,0.04911613066502696,1002.0229560718585,1001.9650582218887,1001.8110595515625,0.26623904044521957,0.28822357329153936,-0.13422490296534306,76.53479602329715,75.85960834405995,76.74784146334846,-0.03236291009553258,-0.08424915320505728,-0.8039839660834645,6.308644269260086,6.484890150899374,7.008948237245434,0.03634938688429974,-0.6240977826325507,0.10003969628649045,7.012753539755746
2026-09-03 07:55:00,18.407449005999418,18.42348926931358,18.90600650831482,18.344003868780437,19.468009147849205,0.012446280310867086,-0.1372838060413458,-0.47204124378679846,0.19747363170410684,-2.282506792453507,-0.34523343295989406,1002.1559465011269,1002.3257438858195,1001.9579162087737,0.24292906815367832,0.28822357329153936,0.07960410375426363,82.18001824837071,84.3298296478214,81.99522900433563,-0.05277220919188301,-0.08424915320505735,2.4188497966908358,6.112312057888353,6.576142620605181,7.177822771368896,0.03715301014393004,-0.6240977826325507,0.022417631868836274,43.45199848159794
2026-09-03 08:00:00,19.264848751014544,19.395789520392444,19.33587335719731,18.773716938712546,19.898029775682076,0.01789134458295824,-0.1372838060413458,-0.4722993491522597,0.19773173706956806,1.303785283466972,0.19719996923647898,1002.2638330308961,1002.7744100496734,1002.3810337746952,0.2410639989633452,0.28822357329153936,0.10515270168662028,80.47634697785118,80.50346929800374,81.36619147771086,-0.03573625661635091,-0.08424915320505735,-0.7784730265020556,2.600566215714569,2.704085497993853,3.5063729254196914,0.03755823956710014,-0.6240977826325507,-0.1781896447932878,12.990727695084425
2026-09-03 08:05:00,19.418567077941233,19.71349177970596,19.80773380418403,19.245423648803907,20.37004395956415,-0.007924818231448798,-0.1372838060413458,-0.4725572558191362,0.19798964373644465,0.28457023392891756,0.04304178156327865,1002.1861480352569,1002.4792664175206,1002.3026889612212,0.22719550806434222,0.28822357329153936,-0.11164611699211946,83.48240252746552,82.99179547517363,82.78714756877537,-0.02883028718619158,-0.08424915320505734,0.2888970596033289,2.700895066365001,2.712173903537897,3.165660638594183,0.04516997995761653,-0.6240977826325507,0.17061104757626477,6.167404714362978
2026-09-03 08:10:00,19.169376627845743,18.684382927540106,19.035593773212216,18.473129922957273,19.59805762346716,-0.013300871864142125,-0.1372838060413458,-0.4728149642456183,0.19824735216292674,-1.4143761131715742,-0.21392703963076443,1002.5277437314512,1002.7775270199202,1002.4573513970724,0.22476423878932533,0.28822357329153936,0.03195204955613917,77.45468895440003,78.58260993348465,79.6834840211864,-0.0017561206574459448,-0.08424915320505734,-1.01662493449669,6.041804194694887,6.143944187376386,6.611835782378556,0.04396354961631818,-0.6240977826325507,0.15620618763038063,13.747613379823104
2026-09-03 08:15:00,19.58642809307854,19.81052697582457,19.7257885981576,19.16317109501393,20.28840610130127,-0.03167587019404289,-0.1372838060413458,-0.47307247488813786,0.1985048628054463,1.4678970632848873,0.22202218370831517,1002.421054526188,1002.9553627961616,1002.6469083883611,0.23652428962293207,0.28822357329153936,0.020230834508879525,78.50072355699861,78.0869280011695,78.07860870817002,-0.03853906147405957,-0.08424915320505734,0.09256844620453819,2.8112334493975175,2.870656226677674,3.797356348200318,0.04046469612508815,-0.6240977826325507,-0.3026023388900936,18.369683158467794
2026-09-03 08:20:00,19.61835088368425,19.61540239465369,19.81903226923972,19.256261155159034,20.381803383320406,-0.014027871387226408,-0.1372838060413458,-0.47332978820137783,0.19876217611868627,-0.43864625394905943,-0.06634606854468572,1002.5463433926328,1002.4361364494661,1002.2973866427315,0.24018609965343174,0.28822357329153936,-0.14947376655698008,79.79533048018116,81.07521042579614,80.22785283531157,-0.05045097837496118,-0.08424915320505734,0.9316067436896418,4.325160185838047,4.737666306875646,5.140675089546544,0.03865662167421589,-0.6240977826325507,0.2210889999616521,14.390150749848502
2026-09-03 08:25:00,20.928286369313838,20.992512340251263,20.955797715016335,20.392873031915997,21.518722398116672,-0.022783703390665426,-0.1372838060413458,-0.473586904638282,0.1990192925555904,1.1503885873952804,0.17399843127627435,1002.5151642384154,1002.6468307612474,1002.303265216065,0.25396319005020096,0.28822357329153936,0.05534197189081169,74.13722310567638,73.38235760242166,75.00162819427314,-0.05835127048138591,-0.08424915320505734,-1.5350214386464103,7.08374375673998,7.208505256507423,7.7949261638590315,0.03150998050580596,-0.6240977826325507,0.03767687528094221,15.854980808270579
2026-09-03 08:30:00,20.76613471450557,20.561384151103532,20.882868026510007,20.319789816273083,21.44594623674693,-0.03906991905238867,-0.1372838060413458,-0.4738438246500638,0.19927621256737219,-1.2178365979553298,-0.18420006936512934,1002.3646409187387,1002.5625291800753,1002.2684974511584,0.2580642370987634,0.28822357329153936,0.005808155625345535,73.42694171367819,74.52856239618701,73.9992720606771,-0.04240362862828509,-0.08424915320505734,0.6135394887149772,7.163596712402354,7.028187276098819,7.778441508557541,0.027910869570139243,-0.6240977826325507,-0.1261564498261709,7.798279962120525
2026-09-03 08:35:00,21.064576627982337,20.874928771717066,21.00980870044748,20.44657700492279,21.573040395972168,-0.038622976575567305,-0.1372838060413458,-0.47410054868621576,0.1995329366035242,0.01589320664393412,0.0024038773109325007,1002.805905480191,1003.1771424909645,1002.7405193490127,0.24248432582273657,0.28822357329153936,0.14839956866012471,69.69616747304383,69.78683923393865,70.34834547316018,-0.07016637053053129,-0.08424915320505734,-0.4772570860164649,4.533750538642299,4.896327712410096,5.606401291928667,0.04822245670087155,-0.6240977826325507,-0.08597579688602064,4.680198138026028
2026-09-03 08:40:00,21.008238820518333,21.057782705052844,21.185878038861965,20.622492899864124,21.749263177859806,-0.048225293428086485,-0.1372838060413458,-0.4743570771945189,0.19978946511182735,0.06074947638330386,0.009188472232224854,1003.282817150287,1003.6263997665151,1003.2734642571339,0.21223416174386375,0.28822357329153936,0.06471193608956582,72.29765481446924,73.2923781132497,72.17878135329781,-0.03811848738148924,-0.08424915320505734,1.1978459131569537,7.372811115749233,7.781052091750651,8.179097703158737,0.03909566909391288,-0.6240977826325507,0.22605217122446497,15.140149157315877
2026-09-03 08:45:00,20.4310072399113,20.88195766520256,21.069670153399453,20.50613161270892,21.633208694089987,-0.025969134775030885,-0.1372838060413458,-0.47461341062105145,0.20004579853835988,-0.33340864054695274,-0.05042868215554819,1003.1256783993873,1003.2097972599239,1003.1041275524634,0.21401986688401883,0.28822357329153936,-0.18255386583109612,73.53731725592365,75.06213588117151,74.66928396756707,0.0034060582866270728,-0.08424915320505733,0.47710106680949593,8.007721624821157,7.642531542530137,8.397360941168168,0.03630910575511978,-0.6240977826325507,-0.13073161600548033,7.591508779631823
2026-09-03 08:50:00,20.835239031021015,20.998910395345952,21.116273396758054,20.552581496121174,21.679965297394933,-0.03699129823804374,-0.1372838060413458,-0.4748695494101981,0.20030193732750648,0.13170616613679442,0.01992080462924406,1003.0927597923269,1003.453905689936,1003.1588266920262,0.21145274928780486,0.28822357329153936,0.006855424618265715,69.13124106483245,68.19395075853483,69.9046599480312,-0.031204473880618366,-0.08424915320505733,-1.6264600362913058,6.163167252534077,6.655436637086932,7.3254070243025335,0.03243421912242288,-0.6240977826325507,-0.04587260458305131,13.941431732926173
2026-09-03 08:55:00,21.402496423352016,21.597621285509312,21.64533598124201,21.08149076237107,22.209181200112948,-0.05797972212641321,-0.1372838060413458,-0.47512549400465887,0.20055788192196725,0.5921851221670522,0.08956911030864845,1003.1443743626671,1003.283606547984,1003.0426285178954,0.19972940041522227,0.28822357329153936,-0.047245543202961926,72.0496255068155,73.02185793822026,71.90326002646765,-0.04838502520189317,-0.08424915320505733,1.2028470649576803,3.067089162904546,3.2064651978670704,3.932251980723861,0.029962502999978883,-0.6240977826325507,-0.1016890002242401,10.007890646284617
2026-09-03 09:00:00,20.878794633556133,20.750120954641073,21.06835708648488,20.50435859105815,21.63235558191161,-0.09027342486277595,-0.1372838060413458,-0.4753812448454583,0.20081363276276668,-1.196364179486519,-0.1809523258024619,1003.2757345362912,1003.6368023535581,1003.2655137958471,0.17932187341940575,0.28822357329153936,0.08306498441936583,74.64593377191702,73.45180802038458,73.35036480424897,-0.0670026279921164,-0.08424915320505733,0.18569236934065714,3.434560205861805,3.5461913008169796,4.001393746535601,0.026650109911194934,-0.6240977826325507,0.16889533691392966,8.48015370848977
2026-09-03 09:05:00,21.812863835754182,21.602087768438082,21.578303672124918,21.01415194178669,22.142455402463145,-0.09073522239897718,-0.1372838060413458,-0.47563680237195405,0.20106919028926243,1.0648985471031054,0.1610679023545103,1003.443285996881,1003.4588945470203,1003.2214954533059,0.17050495485773323,0.28822357329153936,-0.050824479577158854,68.33381257119859,67.5211959761716,68.96535048016246,0.02513088917159606,-0.08424915320505733,-1.3599053507858088,3.7605098623332114,4.091939762735571,4.70410748367672,0.02944251092340493,-0.6240977826325507,0.011930061691401761,12.555878790877808
2026-09-03 09:10:00,21.59059287566098,21.335267711238338,21.541026835564253,20.976721911924898,22.105331759203608,-0.09916417410684607,-0.1372838060413458,-0.4758921670218458,0.20132455493915416,-0.452723763628363,-0.06847531828456965,1003.2731457719825,1003.422820089162,1003.1567262627979,0.16817105703935592,0.28822357329153936,-0.022129746927475935,70.71374326938505,70.08110008704043,69.36892909029159,0.010084385489320025,-0.08424915320505733,0.7964201499538888,2.1715278358046435,2.0137756784128467,2.760314296887276,0.012340759909486985,-0.6240977826325507,-0.12244083584187848,5.949153019328725
2026-09-03 09:15:00,21.694813967168823,21.476561479024966,21.607672815970147,21.04321474060616,22.172130891334135,-0.12059774320452196,-0.1372838060413458,-0.476147339231184,0.2015797271484924,0.04080920702672586,0.006172469096163979,1003.7065610569872,1003.8091975506045,1003.4301857952368,0.1761615909238326,0.28822357329153936,0.09078818207615313,71.16100592192994,71.63271650683701,71.16849423927583,0.06880127596478475,-0.08424915320505733,0.5484714207662336,3.506078967885964,3.8150407967780477,4.2686106261649535,0.02271247463480703,-0.6240977826325507,0.17052795324564496,6.617795192686949
2026-09-03 09:20:00,22.286027576951728,21.77271174403194,21.87340434759129,21.30879316204533,22.43801553313725,-0.10275934628568519,-0.1372838060413458,-0.4764023194343786,0.20183470735168704,0.24192230599781084,0.03659120248199699,1003.7358604790486,1004.072690198686,1003.7439887123721,0.17842516390264837,0.28822357329153936,0.04047791302230053,66.9639722688437,67.01485412652764,68.1240664690765,0.024469156136053404,-0.08424915320505733,-1.0249631893437936,3.0317195474297867,2.947725209139659,3.6849132004834027,0.029038302631229,-0.6240977826325507,-0.11309020871119291,7.547648424691192
2026-09-03 09:25:00,22.3350541965502,22.097319658897632,22.214563796172833,21.64979954195377,22.779328050391896,-0.09275066907424656,-0.1372838060413458,-0.4766571080642076,0.20208949598151602,0.13249203498363116,0.02003966876614527,1003.8253173754025,1003.9446221637863,1003.7364737090703,0.19772197086872112,0.28822357329153936,-0.08007511857556437,67.97149129214331,67.82761379713334,67.57960350671446,-0.010168627679699317,-0.08424915320505733,0.3322594436239257,4.908603631403403,4.482728014260899,5.00803140376043,0.016609586770597654,-0.6240977826325507,0.0987943931330193,2.7170683026031623
2026-09-03 09:30:00,22.167394224983155,21.96214965651288,22.165381222293814,21.600463940876775,22.730298503710852,-0.09317393725830501,-0.1372838060413458,-0.4769117055518256,0.20234409346913398,-0.4360128399562875,-0.06594775973958633,1003.8721939998451,1004.0511214426896,1003.774995983163,0.18529472219617638,0.28822357329153936,-0.012098113764977825,68.00530880381774,68.08809724074125,67.88009060230976,-0.034199786294386345,-0.08424915320505733,0.29225579163654913,9.805850373865285,9.500442304174278,9.967941366452688,-0.006081185958926361,-0.6240977826325507,0.1565987203541397,4.414421418111736
2026-09-03 09:35:00,22.928594176015736,22.820813497541025,22.840851378038337,22.275781110864763,23.40592164521191,-0.07270904359574201,-0.1372838060413458,-0.47716611232677253,0.2025985002440809,0.7751700614489572,0.11724592554403301,1003.897897212078,1004.1697863506283,1003.8692773230258,0.1958674289008656,0.28822357329153936,0.01228545431092698,66.57287601942095,66.98210877866072,67.22077059818778,-0.06379891219501463,-0.08424915320505733,-0.15441266632200268,2.1213880028863725,2.2756426453370002,3.441754032411364,-0.015851907420340372,-0.6240977826325507,-0.5420136044418129,43.511778649667264
2026-09-03 09:40:00,22.184092127274415,22.14767114612911,22.453257820847668,21.888034609325338,23.018481032369998,-0.06277100309476281,-0.1372838060413458,-0.4774203288169815,0.20285271673428992,-1.1127324420800697,-0.16830286867721256,1004.084018106176,1004.3622418924483,1004.0462162034132,0.19643501381841033,0.28822357329153936,0.02780211574349778,68.00214333716703,68.46356646842955,68.19424681920844,-0.07317536789056209,-0.08424915320505731,0.3535688024261532,7.257154426727346,6.955235352694337,7.059783419784189,-0.018278572034611598,-0.6240977826325507,0.5195497155426985,42.24060639930665
2026-09-03 09:45:00,23.013045166995855,23.010421499103437,23.00980209822822,22.444425983731318,23.575178212725124,-0.0751138416175393,-0.1372838060413458,-0.47767435544878833,0.20310674336609671,0.9117454349351597,0.13790320691656177,1004.1595018611315,1004.4973157955603,1004.2054030075042,0.20477104330783336,0.28822357329153936,0.0036892147645630757,64.40830411858647,65.18565498209276,65.95290878499588,-0.09798260498581453,-0.08424915320505731,-0.6830046496980771,6.979050633063462,7.469597816972653,8.257164052975213,0.007524346952296153,-0.6240977826325507,-0.16346845337000904,8.223310848604651
2026-09-03 09:50:00,23.1524885392367,23.058801320670707,23.23098275224486,22.665453776114003,23.796511728375716,-0.09070214407740079,-0.1372838060413458,-0.47792819264693864,0.20336058056424702,-0.23072524186377663,-0.03489762553280684,1004.1046770262461,1004.3358786077215,1004.1178406396896,0.19953286494864683,0.28822357329153936,-0.07018560525966677,62.27372056933778,63.60308885882021,63.837914601735335,-0.1266595607315246,-0.08424915320505731,-0.15057658971007015,2.0672190799113257,2.4369610325452573,3.325289073404158,0.012956916602038886,-0.6240977826325507,-0.26423025822635005,10.756377801581026
2026-09-03 09:55:00,22.938356399079744,22.7436353609006,22.972661757199617,22.40697996074191,23.538343553657324,-0.07843242091059287,-0.1372838060413458,-0.4781818408345968,0.20361422875190519,-0.6065550593552693,-0.09174259025767029,1004.1581164443604,1004.3077721365038,1004.039232252327,0.21239302943533392,0.28822357329153936,-0.019683689114799563,64.7301710189828,64.62696808017466,64.16185419623268,-0.08611304085495812,-0.08424915320505731,0.5493630371470317,10.489825541384358,10.88473831130447,10.90877996825147,-0.00511897988977569,-0.6240977826325507,0.6000561256855512,53.861164878514955
2026-09-03 10:00:00,23.337831962964234,22.872673317747545,22.979285130823026,22.41345055531211,23.545119706333942,-0.07248691656358261,-0.1372838060413458,-0.47843530043335425,0.20386768835066263,0.20278752171377334,0.030671992965864092,1004.3450383607944,1004.508519275526,1004.1668923144744,0.21593572653547682,0.28822357329153936,0.05340338776011322,61.05672798741203,60.5965765536403,61.303948299724425,-0.04328026406699734,-0.08424915320505731,-0.6231225928790707,6.050524034110107,6.075942073074546,7.274635856740474,-0.01201553493878513,-0.6240977826325507,-0.5745960010333775,49.52211285382274
2026-09-03 10:05:00,22.850341824302856,22.665339402578475,22.825651327922042,22.259664014598133,23.39163864124595,-0.06994070004402268,-0.1372838060413458,-0.4786885718632373,0.2041209597805457,-0.15225014064861142,-0.023028119302221484,1004.6468572167853,1004.8584904507828,1004.4952737923712,0.20778238671646382,0.28822357329153936,0.07499308512001335,65.25167129002865,65.73244530675294,64.51544494501535,-0.010054886623861281,-0.08424915320505731,1.30124951494264,4.465628082407899,4.5304389082948715,5.032612917631806,-0.012547659301514963,-0.6240977826325507,0.12192377329561577,11.505202234146125
2026-09-03 10:10:00,23.86194006776025,23.584811773135797,23.566793590334186,23.00065358040412,24.132933600264252,-0.08263816708705629,-0.1372838060413458,-0.4789416555427155,0.20437404346002389,1.0267772775551904,0.15530198884295743,1004.3124370898497,1004.5575140596304,1004.3751834810719,0.20763809836950556,0.28822357329153936,-0.10589299473303981,60.315217938777174,59.40809916258707,60.816900758372235,0.008285076821590204,-0.08424915320505731,-1.3245524425801065,7.942370943770492,7.574246563738676,7.9732710315241455,-0.010010823758533995,-0.6240977826325507,0.22507331484708093,20.044962243990998
2026-09-03 10:15:00,23.557973633947626,23.577668030021375,23.780873940896498,23.214581275533774,24.347166606259222,-0.07351895358196998,-0.1372838060413458,-0.47919455188870963,0.204626939806018,-0.43584322284744914,-0.0659221048337777,1004.3609439342039,1004.5436316150889,1004.281403952629,0.20476342806226036,0.28822357329153936,-0.02599591083173891,61.2749400648864,60.743507843320984,60.388779470661625,0.011531084123874534,-0.08424915320505731,0.4389775258644164,3.666872604534074,3.942449345219683,4.866358089737861,-0.023158312361638227,-0.6240977826325507,-0.29981096188562706,14.350877965537707
2026-09-03 10:20:00,23.56044442024303,23.657450462752788,23.835106821359417,23.268661541704255,24.40155210101458,-0.08485143682897922,-0.1372838060413458,-0.47944726131659954,0.20487964923390797,-0.26692265771853485,-0.040372552565283826,1004.6874454606948,1004.9009595421096,1004.5237755160745,0.2106335682699139,0.28822357329153936,0.08896045274354947,64.90634929005562,65.69998905712042,64.55722781185455,-0.005864990049432273,-0.08424915320505731,1.2270103984709237,7.353262291150987,7.442704113020704,7.761511584258148,-0.02450821464140884,-0.6240977826325507,0.30529031139510643,22.089821158859586
2026-09-03 10:25:00,24.324662060997223,24.425995037761325,24.46752301018755,23.900925157346915,25.034120863028182,-0.08638123664788439,-0.1372838060413458,-0.47969978424023274,0.20513217215754112,0.6330885707380283,0.0957558336151223,1004.7508331983655,1004.7197213665572,1004.4846667520684,0.19647624727741977,0.28822357329153936,-0.053168958802757516,60.73534460604483,60.59681640347481,61.98450188057925,-0.03922550271586049,-0.08424915320505731,-1.3034363238993834,1.3690093553642877,1.5075164369344516,2.534574926921687,-0.031684606017514244,-0.6240977826325507,-0.4029607073546848,33.18456089148914
2026-09-03 10:30:00,23.75670396492756,23.843417437701046,24.135333349657113,23.56858296470478,24.702083734609445,-0.06467707445207968,-0.1372838060413458,-0.4799521210719313,0.20538450898923968,-1.0223483544328325,-0.15463210591472176,1004.8484039467265,1005.1446312662467,1004.7773353055171,0.19612402685203145,0.28822357329153936,0.07907238743803191,63.865276954668,62.87220233488585,62.54501976430853,-0.026520653095716433,-0.08424915320505731,0.41143172378237836,9.249189838551906,9.712961190344233,9.727344610768249,-0.04272219164353741,-0.6240977826325507,0.6097143622085337,57.140047406586156
2026-09-03 10:35:00,23.606232114639504,23.504937379559777,23.690226335111703,23.12332345908829,24.257129211135116,-0.07458958798923186,-0.1372838060413458,-0.4802042722225006,0.20563666013980905,-0.3173854828926004,-0.04800514951057977,1004.9368590527974,1005.1648936100146,1004.9005736264321,0.20086771388382343,0.28822357329153936,-0.02390358970910711,59.98540914050211,58.72596897137511,59.558218957679365,-0.06759771683485435,-0.08424915320505731,-0.7480008330991978,5.302529374513944,5.080614244153144,6.254976242905684,-0.04012623517654787,-0.6240977826325507,-0.5502642161199898,46.38677620090298
2026-09-03 10:40:00,23.67586716958136,23.473291629640855,23.56264635185286,22.995591025765876,24.129701677939842,-0.09818442684532477,-0.1372838060413458,-0.48045623810123694,0.20588862601854532,0.31688257553333443,0.04792908382934158,1004.9432396761198,1005.2947842317211,1005.0163144994402,0.20126399357013983,0.28822357329153936,-0.00975384101070631,63.207263620013464,63.143852014172516,62.09245808894793,-0.10238494935599313,-0.08424915320505731,1.135643078429645,6.957235354231016,6.887005425825701,7.250733700613753,-0.032387463442119645,-0.6240977826325507,0.26036950784449875,16.55404906445126
2026-09-03 10:45:00,24.66748806132027,24.404094875863482,24.36671167208705,23.799503936910934,24.933919407263165,-0.11397263472337643,-0.1372838060413458,-0.48070801911593464,0.20614040703324302,1.15480888658006,0.17466700981777805,1005.2751770772632,1005.4926284418771,1005.190576672113,0.21742728850280776,0.28822357329153936,0.013828196472445597,56.36413848530481,57.21562272949039,58.4831400478955,-0.062032985388824784,-0.08424915320505731,-1.1832681652000545,3.475624907052215,3.5496491328423616,4.37733916818578,-0.02397705067250345,-0.6240977826325507,-0.20359225271086778,16.357864788070046
2026-09-03 10:50:00,24.0370778003428,23.636519864699387,23.958366990133108,23.391006886809286,24.52572709345693,-0.09905815232306209,-0.1372838060413458,-0.4809596156728946,0.20639200359020296,-1.22023822124957,-0.18456331939237458,1004.8849994814094,1004.8509554064228,1004.7392538324319,0.22671556179166039,0.28822357329153936,-0.17652199930068946,59.35782998622301,60.26515633931941,59.536558006563105,0.004489731071448268,-0.08424915320505731,0.8128474859613632,7.427625379577978,7.128761570779202,7.459440263784494,-0.018233187161164687,-0.6240977826325507,0.2934190896272586,22.756005672830604
2026-09-03 10:55:00,25.372871266807216,25.476004821646427,25.329461800993744,24.761949370430663,25.896974231556825,-0.09523718526235894,-0.13728380604134582,-0.4812110281769316,0.20664341609423997,1.8765177354213698,0.28382682669402826,1005.0726978159073,1005.245556679742,1004.8506276091143,0.22662579223077142,0.28822357329153936,0.10670549733606549,54.83155200101926,54.938511464240804,55.93254577858518,0.018255060907275095,-0.08424915320505731,-0.9097851611393182,8.54026828897511,8.46078176009949,9.177079608428887,-0.023206882492567315,-0.6240977826325507,-0.09220006569684713,15.257032964617157
2026-09-03 11:00:00,23.95736406898047,23.825251515451786,24.333228545183317,23.76556382825649,24.900893262110145,-0.09717034594269025,-0.13728380604134585,-0.4814622570313818,0.20689464494869006,-2.4508339002255184,-0.37069322369018565,1005.2516645807713,1005.4509011537042,1005.0913960267494,0.2292260614007435,0.28822357329153936,0.07128155366319788,63.10268482601344,64.76679342252793,62.60846540572449,0.056981061237587644,-0.08424915320505731,2.242577170008495,5.648736827750579,5.780560386012738,6.592410813705079,-0.016061384877932256,-0.6240977826325507,-0.18775264505979106,45.97591109226532
2026-09-03 11:05:00,25.58531964519181,25.23124483344527,25.117987311920793,24.550170349472843,25.685804274368742,-0.1048067530223638,-0.13728380604134585,-0.4817133026381103,0.20714569055541857,1.6564510483715047,0.2505413275658235,1005.0891450502478,1005.4333545940814,1005.1695391122598,0.2327740480185275,0.28822357329153936,-0.024408091470036197,54.93524017235926,54.89976024973393,57.287929758138205,0.04837637012704822,-0.08424915320505731,-2.3039203551992173,6.951828210708431,6.841230988799692,7.295709159098733,-0.012970840496889378,-0.6240977826325507,0.16961961233351008,38.0885989527215
2026-09-03 11:10:00,25.105106497381072,24.84228186782996,25.080854913607343,24.512885746448053,25.648824080766634,-0.09752635440906594,-0.13728380604134585,-0.48196416539751885,0.20739655331482718,-0.6696726204000534,-0.10128923973603676,1005.3759567162713,1005.3030293278629,1005.0730520903064,0.23761364326852938,0.28822357329153936,-0.05824633573513438,57.52019304244121,57.41089671733726,56.911470421074256,0.0015577736139792686,-0.08424915320505731,0.5836754494680605,5.559755769098847,5.940821170350212,6.644149872044146,-0.011631421667369246,-0.6240977826325507,-0.07923091906138335,4.109779046769848
2026-09-03 11:15:00,25.093281249248363,24.809623630787932,24.977052480405256,24.40893114931161,25.545173811498902,-0.11026292717391929,-0.13728380604134585,-0.4822148457085532,0.2076472336258615,-0.19930360200359942,-0.03014504357597758,1005.7164624596132,1005.9383451344761,1005.5133695170081,0.2157057473205541,0.28822357329153936,0.13675204417643272,58.30025314382395,56.269288196298376,56.26420356993058,0.02298378026562971,-0.08424915320505731,0.08933377957285416,10.719567524998778,10.248541803569292,10.651214747285858,-0.01774835288438723,-0.6240977826325507,0.2214248389159863,9.21714201569329
2026-09-03 11:20:00,25.022515169378213,24.925442122736957,25.038680826000586,24.47040737171681,25.606954280284363,-0.10567794364428035,-0.13728380604134585,-0.4824653439687103,0.20789773188601865,0.15897391496771007,0.02404510277771621,1005.5334360764659,1005.8225747906063,1005.5947524095099,0.21208743177132192,0.28822357329153936,-0.06040119219517237,60.201686547356886,59.886705094608,59.10458849351216,0.04290890658008195,-0.08424915320505731,0.8663657543008938,5.963773764749393,6.277888022661593,7.26315729955434,-0.02271711415780251,-0.6240977826325507,-0.361171494260196,22.937590309926396
2026-09-03 11:25:00,25.505849000421996,25.602695808459657,25.639548332294297,25.071122795531902,26.20797386905669,-0.1166467621764747,-0.13728380604134585,-0.48271566057404613,0.2081480484913544,0.664000244258645,0.10043128220670638,1005.6260860854197,1005.7211370655805,1005.5023405009871,0.1942741629530008,0.28822357329153936,-0.06942700869819873,54.35029970140712,55.077329035299805,56.29660160414531,0.0454173059658905,-0.08424915320505731,-1.1350234156404468,9.798415052761083,9.974792450409327,10.269421150368547,-0.02197824479655697,-0.6240977826325507,0.3294690826733291,23.71294996967532
2026-09-03 11:30:00,25.433995362492738,25.234285799618018,25.487613950587107,24.91903637202494,26.056191529149274,-0.1301116529556005,-0.13728380604134585,-0.4829657959191822,0.20839818383649047,-0.7672258252988122,-0.11604434492774374,1005.461717404397,1005.6825251401921,1005.4148970700428,0.20961353432251462,0.28822357329153936,-0.020595503142317284,57.60444164020769,58.89254487462767,58.151192366285535,0.0369341649322116,-0.08424915320505731,0.8256016615471893,9.211098000083668,9.042869923689988,9.856921441292828,0.0024204998732980446,-0.6240977826325507,-0.18995373497028822,10.122943168185383
2026-09-03 11:35:00,25.99031652991688,25.400135862482173,25.52466584302685,24.95593626331113,26.093395422742567,-0.1396739644779757,-0.13728380604134585,-0.4832157503973139,0.20864813831462217,0.08432176766986998,0.012753825496670146,1005.6156031854409,1005.730431049151,1005.4215360563925,0.2088833400824795,0.28822357329153936,0.020671419466907537,56.46925725284716,55.87568108109588,56.57093589841218,0.07061153518255003,-0.08424915320505731,-0.6110056641112465,5.28812606926464,5.016236423469853,5.788579764229367,0.005432924674211946,-0.6240977826325507,-0.1482455581269635,5.119061565937278
2026-09-03 11:40:00,25.691675555089518,25.5085344118825,25.63114598200611,25.062264441750482,26.20002752226174,-0.14530507617523514,-0.13728380604134585,-0.4834655244002166,0.20889791231752494,0.0970053156659354,0.014672235917736032,1005.7071223018489,1005.8042496105521,1005.4912311371959,0.20656324868632403,0.28822357329153936,0.024794900064648573,55.11624731317278,55.52216005561981,55.617073737344356,0.03611087901258843,-0.08424915320505731,-0.010664528519491512,3.733915611106332,3.1091518655853054,3.6307289793607738,-0.0006789603482909136,-0.6240977826325507,0.10252066885708233,1.5915795482159187
2026-09-03 11:45:00,25.80008790064494,25.62281159691126,25.754451402930858,25.18541794271642,26.323484863145296,-0.1460375237142407,-0.13728380604134585,-0.48371511831825387,0.20914750623556214,0.037315239940092226,0.005644000021746365,1005.7690971557788,1005.9251589949298,1005.6137817991838,0.21732481667072284,0.28822357329153936,0.023153622454401557,55.41366901861544,56.26020080322549,56.01955999532519,0.009028558751415405,-0.08424915320505731,0.32488996110535595,5.290336946044012,5.042781587521877,5.493093573209798,-0.009002854797985342,-0.6240977826325507,0.17378579694462992,4.914878922492537
2026-09-03 11:50:00,25.68545227066022,25.497962537685545,25.67106273549881,25.101877395874173,26.24024807512345,-0.14250568678757397,-0.13728380604134585,-0.4839645325403835,0.20939692045769184,-0.2367996540766093,-0.03581639177192031,1006.060345438952,1006.176134354322,1005.8482097651395,0.22239271424012133,0.28822357329153936,0.039701015890955205,56.23543999492981,56.21815134850133,56.256300693927095,-0.02625516898519958,-0.08424915320505731,0.046099807779292234,9.730221655357555,10.030454130933908,10.526861642392483,-0.013920520924547371,-0.6240977826325507,0.12769027117397513,2.6487611699092244
2026-09-03 11:55:00,25.89595090411178,25.572627504657635,25.696904136749946,25.127566958231263,26.26624131526863,-0.19783116615900062,-0.13728380604134585,-0.48421376745416556,0.20964615537147388,0.08599677799091765,0.013007173949034723,1006.0010765585092,1006.3124684053673,1006.0275705571935,0.20884910006757085,0.28822357329153936,-0.0033257251177474245,54.340326217124016,52.49042073580929,53.327336435409265,-0.023281115292945628,-0.08424915320505731,-0.75266654639492,3.7511261753958984,3.7421528710632397,4.868947326742257,0.007852413550943283,-0.6240977826325507,-0.5026966730464664,38.98772242257428
2026-09-03 12:00:00,26.12654020128686,25.96008209290683,26.12401418873845,26.02743377090568,26.22059460657122,-0.20994592452520208,-0.16898607101836888,-0.4465203172361165,0.10854817519937876,0.38778154230184825,0.005053975186751103,1005.7979999322209,1005.8957553864128,1005.7951935639654,0.20799823571724244,0.2706654128451101,-0.17010359039772993,53.05615442683755,53.19262905578018,53.05572774610697,-0.061357370716769666,-0.12505595846838988,0.26195726814160025,6.384234855576771,6.736988966785807,6.390481681658027,0.0038598470914836622,-0.4414160253719398,0.7879233104997194,28.309649303706905
2026-09-03 12:05:00,25.400858667237614,25.19826741608187,25.711981058359175,25.266707962507088,26.157254154211262,-0.21581947418554268,-0.2924152462955143,-0.5412899914721634,-0.04354050111886518,-1.0832021162663779,-0.22129839598179046,1006.046958218468,1006.1154979494494,1005.7700973292838,0.20397623203852583,0.29259790121895785,0.05280271894662292,54.394942332698946,54.91878098491286,53.92553226258196,-0.08530584703480319,0.14548255858527434,0.8477661637456251,9.514652763573237,9.341619994823457,9.714799629190713,0.012928552437586512,-0.4147200936311705,0.04154045926391525,6.617957392160002
2026-09-03 12:10:00,25.623933989825574,25.425724383393828,25.643917258051847,25.123583440465982,26.16425107563771,-0.1932435436064177,-0.2980554029358132,-0.5469124327965181,-0.04919837307510824,0.5263827693627512,0.07986252827779339,1006.1279485831442,1006.5761797205454,1006.1566339248567,0.18304183737525317,0.2998661170315629,0.11967967865712126,57.393543233534494,56.525597625806974,56.117123636553885,-0.11000729171275513,0.14891632036384134,0.2595576688892507,4.921027940524707,5.1423290585395485,5.780543611884668,0.009169269982872947,-0.2913169900529522,-0.3468975632921669,19.207603691978214
2026-09-03 12:15:00,26.535532532177648,26.40861722173409,26.547093723357836,26.0223100566339,27.071877390081774,-0.2094435827321497,-0.3254623671062262,-0.5730750582961358,-0.07784967591631661,1.2198931955964802,0.1869858654824803,1006.2654445693114,1006.5843140936614,1006.3132482923805,0.17475852257640673,0.3028362230342271,-0.0317704217533219,51.95762051444278,51.63516830639883,52.66734130297736,-0.11912858334444366,0.2650763791425851,-1.2972493757211154,7.576313964348848,7.37284549911919,7.390559187724495,0.011781115395669233,-0.29973752410757526,0.2820238355022706,23.597714770760838
2026-09-03 12:20:00,26.378291007998744,26.085322809908522,26.52857840546006,26.009719430471,27.047437380449118,-0.207001633460651,-0.3183678121036467,-0.5660924435721619,-0.07064318063513148,-0.8240743262946282,-0.12488778344789253,1006.3706937372126,1006.2640227718259,1006.0749578446936,0.17255603871220915,0.312662000076394,-0.12359707294410782,54.06051306224265,52.96492953957105,52.34160782852743,-0.17118668896858286,0.24318171384260137,0.3801399972010202,3.9786376394736656,3.7086637057464706,4.258071883445476,0.019698568135756454,-0.3037648639687414,-0.24564331373026382,12.682341672170992
2026-09-03 12:25:00,26.304732860284343,26.0228395475296,26.386680785581866,25.871343619163827,26.902017951999905,-0.18457617881461344,-0.3182118305887497,-0.5662842810109014,-0.07013938016659796,-0.301676153383454,-0.04562940746351529,1006.0185362123614,1006.0749975964178,1005.8097686874773,0.17117662753430704,0.3143467625728161,-0.04911785363231047,52.81173118297929,50.587478629867725,50.58104582886712,-0.16813451424727852,0.24729929345000323,-0.24086649244939906,2.5560286355080555,2.53787000999451,2.7424065062482326,0.013979539637657214,-0.30365010070260867,0.09911360444888606,2.188363172648805
2026-09-03 12:30:00,26.450710413616587,26.522464364769846,26.756963575701132,26.242199424054657,27.271727727347606,-0.20427070676382253,-0.31762563049646925,-0.5660426320292691,-0.06920862896366944,0.5495727663474348,0.08312641956518263,1006.0843747405909,1006.2741340367994,1005.8795515172293,0.15338985045017933,0.3138731365363372,0.08070938303376352,50.79673297928805,51.493857622244164,50.826167833396795,-0.12447888647401478,0.24771434175947044,0.4199754470879,9.473479771924994,9.281558241625126,9.228944400848954,0.007568423096129518,-0.30390993768355107,0.3565237784597226,20.50003448849543
2026-09-03 12:35:00,26.643976965454357,26.557486969021586,26.900710220882818,26.385543644173985,27.41587679759165,-0.19836107837585648,-0.31772074554078544,-0.5664844355965316,-0.06895705548503928,-0.16860809849428904,-0.025502506320446372,1006.0506073046785,1006.26638040221,1005.9317509828064,0.16720983744674903,0.3139481694060356,0.020681249997551276,53.091344206125136,52.96860869064073,52.30864601035905,-0.11973668844292812,0.24932588141706408,0.41063679886461557,2.4374543142195204,1.9987647895490397,2.9246497298824643,0.02415712004068282,-0.3038825465891007,-0.6220023937443238,56.18650184817571
2026-09-03 12:40:00,26.3472138351269,26.302207891430587,26.68807093414923,26.17251810821025,27.20362376008821,-0.21039515588487429,-0.3177638101734568,-0.5668746910425191,-0.06865292930439446,-0.45023716794066715,-0.0680992325451868,1006.2354456746891,1006.1778563455687,1005.8858457311125,0.16598460074005175,0.3138643119209951,-0.021853697464734978,52.1338999957109,53.3462495447,53.14473826555937,-0.06579044837488189,0.2492221928864752,-0.04771091374584557,4.257955357903141,4.237263996677684,4.133992814869374,0.03400304898964079,-0.30386938489059306,0.407140566698903,24.207702533418413
2026-09-03 12:45:00,26.306506090245215,26.333762345292815,26.63531157110452,26.119527146784343,27.151095995424697,-0.2179646620192128,-0.31776828728954204,-0.5672258993204742,-0.06831067525860995,0.10723212975532448,0.01621906147783747,1006.3699017370162,1006.7101217985995,1006.276605216051,0.1664352376599785,0.3140855290840128,0.11943105346449556,52.53327252787845,53.200029769534204,53.16153296254131,-0.019100511869189506,0.2491071518489873,-0.21061034485609298,10.53982973985658,10.613670136962517,10.712776728798662,0.041909772176548066,-0.3038690506056494,0.20476245876950472,7.827963852104601
2026-09-03 12:50:00,26.747385771454724,26.62256328305117,26.88374641293246,26.367798281381774,27.399694544483147,-0.23001132452851253,-0.317780817905112,-0.5675846818065567,-0.06797695400366721,0.37419493935550463,0.05659768802382459,1006.4755768251741,1006.7706034253714,1006.4744727854761,0.17124293732005655,0.31407788052673213,-0.01794724063142894,52.075879798348815,51.80063220380094,51.9130204655514,0.008120214784485408,0.2491410194280265,-0.36152928117848404,4.955536527117631,5.3858266456742285,6.217698923906889,0.04978253510777721,-0.3038682950469396,-0.5280039831857213,40.825725955191594
2026-09-03 12:55:00,26.325401941430275,26.27009049310276,26.66153109756206,26.145426883443125,27.177635311680998,-0.24098918415475082,-0.31777646395242753,-0.5679261037547361,-0.067626824150119,-0.48702959985445915,-0.07366414050687453,1006.3417806929193,1006.5758519599985,1006.3582755593657,0.16178602227321248,0.31408940370354016,-0.09651300307064048,53.260864897562236,53.20505458875549,52.58728208895342,0.010734219276776405,0.249081010944453,0.36869148885761405,14.470216938935272,14.805636932066077,14.472032458263763,0.05437828999088786,-0.303868332269309,0.6374728060716226,60.29442435443556
2026-09-03 13:00:00,26.92421523392295,26.408185699572744,26.693880569614933,26.177613523956268,27.2101476152736,-0.20016050193615342,-0.317776253447776,-0.5682711921025543,-0.0672813147929977,0.2121056900684124,0.032081383405586195,1006.3291035748523,1006.69987514241,1006.3773114476979,0.16726229395080483,0.3140878903349917,0.008475804376985252,51.120912724967646,51.585376370449154,51.6321747081286,0.01152173286536679,0.24910464625234252,-0.29590298393178927,15.05597684842845,15.496515856320938,16.165448115455398,0.07455604812263851,-0.3038683553468937,-0.3650639037875667,19.582891111751646
2026-09-03 13:05:00,26.12048120257628,25.973818313120404,26.35242493238604,25.835990866323296,26.868858998448783,-0.18749366385507843,-0.31777697907951263,-0.5686167412514886,-0.06693721690753662,-0.4021744525289783,-0.06082964018612458,1006.4220088931849,1006.6527097902691,1006.3494828812752,0.16285739819858663,0.31408894692918476,-0.010862037935225999,53.870896036200385,54.68265749450306,53.765752162521,0.03825472489808089,0.2490936459518995,0.6678116860301628,4.2681746069885955,4.559276987648058,5.397059803630331,0.07499513114141008,-0.30386835640302556,-0.5339144595792469,43.37120483047663
2026-09-03 13:10:00,27.250194328650565,27.042683040359414,27.165655575516233,26.649053639403427,27.68225751162904,-0.1709675959282853,-0.3177761138156889,-0.5689602261432344,-0.06659200148814337,1.2879415752571575,0.19480357865887044,1006.2944456189589,1006.5138311225575,1006.2297622969858,0.15209837171082033,0.3140897735010706,-0.030020947929415343,50.19711076848904,50.47979352664809,51.191196957969765,0.024546253565439755,0.24908825284045508,-0.960491684162136,1.5643827915433683,1.7449343740417802,1.6721155350912031,0.08076775481341927,-0.30386835745289303,0.37668719640347015,29.101769444007058
2026-09-03 13:15:00,27.06098665206963,27.232935776623854,27.585660928342776,27.068891406130952,28.1024304505546,-0.16358769362573786,-0.3177761214744491,-0.5693041125326517,-0.0662481304162465,-0.23106510351195908,-0.03494903024447282,1006.7519809861853,1007.1446126185898,1006.6762966538467,0.1589797416310851,0.3140901884210248,0.15422577632205048,50.84222663391131,51.68535917740697,51.09269077029722,-0.04134197273592148,0.24909051698802137,0.3435778901217361,8.461683222883092,8.159258376469005,8.0389564575045,0.06625862552747915,-0.30386835747880697,0.42417027644331107,29.058929791390575
2026-09-03 13:20:00,27.004156298022696,27.00200385893159,27.428870201016444,26.91193338810041,27.945807013932477,-0.18768154545176724,-0.3177760590758638,-0.5696474593692742,-0.06590465878245338,-0.7212491264934116,-0.10909028300898882,1006.2146528614367,1006.5567156264825,1006.4021074539622,0.1768798279367068,0.3140889053384271,-0.15948073281811048,50.24404868098476,49.98259186080286,49.905456373216104,-0.024121830842317886,0.24909002185463697,-0.17195453426787566,5.9366848812905815,6.03965555933273,6.737718212697224,0.058009018661566734,-0.30386835752715174,-0.3941942958373428,26.417400534677732
2026-09-03 13:25:00,27.320983479634673,27.01313726557912,27.338710075829752,26.82160610143366,27.855814050225845,-0.18175717589691764,-0.31777605678585097,-0.5699903987368198,-0.0655617148348821,-0.051548144077084856,-0.007796753464777595,1006.4992445465468,1006.5585962081286,1006.2576118784986,0.1855777804185368,0.3140888399943667,-0.013104510364314592,49.63114154585277,48.76971747553418,48.59580132460983,-0.06370923289004188,0.2490899877850235,-0.07517383686067802,2.50092705660241,2.725966018464871,3.097103866047427,0.04600082866321633,-0.3038683575272561,-0.06726949005529947,0.7002920509656325
2026-09-03 13:30:00,27.616612039095788,27.52550763912232,27.75452234252613,27.237251258433965,28.271793426618295,-0.16566323167930744,-0.31777606098298544,-0.5703328789185942,-0.06521924304737675,0.5868446744710347,0.0887613575791768,1006.7893496603444,1007.0809824483455,1006.6234660334516,0.19665351120022195,0.3140890780532384,0.14342733684065934,50.087876281015056,49.938644702289444,49.237907703842104,-0.09738417587670534,0.24908985808937018,0.45164714035797004,8.516652590477175,9.012625439786683,8.878092904666968,0.058741464498377825,-0.30386835752961744,0.4384008926493337,31.598015794119267
2026-09-03 13:35:00,27.37502629960277,27.23009834250272,27.628438398018858,27.111000245829256,28.14587655020846,-0.1784642237898941,-0.31777606282660764,-0.5706748929657766,-0.06487723268743878,-0.5326478926575753,-0.0805639926895303,1006.4997152114092,1006.590480975587,1006.4010076555891,0.19040594392147436,0.3140890737315645,-0.1246157537336785,50.35486260551216,50.421634180404254,50.019165482778696,-0.09737633769685275,0.24908981801411897,0.15337887961143792,1.3679957942889565,1.607098419786671,2.511788939984328,0.03321606297817033,-0.3038683575296063,-0.6008221626680506,54.04620968434719
2026-09-03 13:40:00,26.2481155661051,26.17499752895307,26.6578043261821,26.14019915452434,27.17540949783986,-0.1639843237824772,-0.3177760657273096,-0.5710164461680287,-0.06453568528659048,-1.0910987455262173,-0.16503073150171943,1006.4817576101649,1006.7286152999789,1006.3922680027601,0.1712345071714529,0.314089065980748,0.022258231237969994,51.56800658529093,50.506072561088274,50.32998051157213,-0.1007057084112242,0.24908982543130212,-0.07299777591516232,10.9905132756171,11.391821268749371,10.956411532452499,0.0291929627506431,-0.3038683575294317,0.7392780938263037,80.94639243669475
2026-09-03 13:45:00,26.48414436239115,26.126956587881555,26.355406672215388,25.83763453442376,26.873178810007015,-0.15341928063466603,-0.31777606532125324,-0.5713575360279279,-0.06419459461457849,0.5905776755116499,0.08932598098742162,1006.4669700209481,1006.7275782044377,1006.4012893669262,0.18911615743665097,0.31408906293419986,0.012199774577311473,53.22824825437365,52.00874223242408,51.557513125098076,-0.15012835463227125,0.2490898233291243,0.2021392839968854,2.9729851864745753,2.6626417157890407,3.757922134889931,-0.0007441032759631303,-0.3038683575294306,-0.7914120615714597,90.43989822401018
2026-09-03 13:50:00,26.753874247301354,26.700238860386538,26.85838528093513,26.340446231387638,27.376324330482625,-0.12563867996246098,-0.3177760654150676,-0.571698168205983,-0.06385396262415227,1.0553895245916038,0.1596296448664738,1006.5026827925084,1006.5089330317495,1006.2401736532333,0.2137703361095081,0.3140890672583194,-0.04532968874218568,49.41877414112072,49.63234702841185,50.00207374923377,-0.14433614988761134,0.24908981497235316,-0.6188165357942736,2.840694613254144,2.7337123431789334,2.6772358691341633,-0.00905698223078203,-0.3038683575294343,0.36034483157420416,23.419971620478
2026-09-03 13:55:00,27.01837680385214,26.840841108844327,27.164852839127974,26.646746931930558,27.68295874632539,-0.13190542515016526,-0.31777606540911074,-0.5720383439440129,-0.06351378687420861,-0.04122702517415178,-0.006235664874537861,1006.7437337114467,1006.9577408871447,1006.5281623510398,0.2322840173947443,0.31408906607323783,0.11548947003166177,50.070445152304536,49.63483840945072,49.33515087558416,-0.11052126175747465,0.24908981548661036,0.05059771837994731,3.3841553604359884,3.498994102806269,3.7410923113249086,-0.013966471728100695,-0.3038683575294343,0.06177014901079492,2.0481914110125388
2026-09-03 14:00:00,27.21545221664411,27.12357257957093,27.446836251881997,26.92856354082282,27.965108962941173,-0.14836958988430116,-0.3177760654072105,-0.5723780651750052,-0.06317406563941574,-0.03628124867567095,-0.005487606903859188,1006.2130835651959,1006.48112670486,1006.2842157666056,0.22825458612698732,0.31408906440126677,-0.11717812614688228,52.318503606500904,52.03581766525453,51.169065091174005,-0.15001321671677706,0.24908981764734564,0.6176627564331767,13.829073646060383,14.177241692492991,14.063249395184785,-0.00011776079016025467,-0.30386835752943414,0.4178606548376411,28.40808477701547
2026-09-03 14:05:00,26.7148479776409,26.416176933091577,26.885268285839366,26.366828824566944,27.40370774711179,-0.15379401152488933,-0.317776065405204,-0.5727173337117694,-0.0628347970986386,-1.0004192473491855,-0.15131528734258382,1006.7810094958212,1006.9299649412343,1006.5156022055062,0.21439897406224118,0.31408906562616323,0.10027367010195576,50.53940628467626,50.14617585197853,50.36958337489231,-0.10547630013707049,0.2490898175855658,-0.4724973404993378,8.368942548892738,8.329222473743117,9.363516212479464,0.0038485186020543174,-0.3038683575294341,-0.7304253812069117,80.8161963104622
2026-09-03 14:10:00,27.0729187310321,26.823645650125346,27.040897524973303,26.522291367084573,27.559503682862033,-0.132260446627435,-0.31777606540054615,-0.5730561513566585,-0.06249597944443369,0.6646145066976601,0.10052419055259065,1006.3426934621276,1006.5915107351746,1006.3580700563737,0.20161078168840638,0.3140890651998098,-0.08064838639893424,49.69085223816229,50.74725068055624,50.41846684757767,-0.16008227901661853,0.2490898175375945,0.0796940154409782,9.786697753029703,9.757481068653723,9.754238407139539,-0.004482896631235346,-0.3038683575294341,0.30711101904361904,15.284269536620366
2026-09-03 14:15:00,26.685437767914053,26.76051963714733,27.080793876160467,26.562021075214044,27.59956667710689,-0.15968653484006445,-0.3177760654006039,-0.5733945199099764,-0.06215761089123134,-0.016516645535872954,-0.00249817361253335,1006.5208306155437,1006.8231212729709,1006.4596841548088,0.1814059908770378,0.31408906524584773,0.04934805291622979,53.186284340859004,54.109717335211364,53.183279600995505,-0.08597593396363516,0.24908981727460103,0.6773479169412582,5.478763480740076,5.691082313107053,6.206450632723571,0.006176740566082912,-0.3038683575294341,-0.21149996208708366,9.012420750039011
2026-09-03 14:20:00,26.728679699880416,26.327658017640854,26.717699793461275,26.198760402970226,27.236639183952324,-0.19071217057152995,-0.31777606540085834,-0.5737324411482895,-0.06181968965342721,-0.47778389676787114,-0.0722657104195612,1006.500321728583,1006.6758502164046,1006.39437316003,0.18011744745611724,0.3140890652633825,-0.03261200888880467,49.954748152968264,48.86449515190637,49.897686650867286,-0.10037004903055707,0.2490898174244919,-1.2822813163854079,4.924710121254316,4.593303936222159,4.778653008010888,0.0063550631113804875,-0.3038683575294341,0.11851928574070492,11.124660831499488
2026-09-03 14:25:00,26.392641602293693,26.00771948069773,26.340958254435865,25.82185232786248,26.86006418100925,-0.18937124138755576,-0.3177760654008291,-0.574069916840461,-0.061482213961197074,-0.10223151479576842,-0.015462708337306452,1006.6563011244283,1006.8893766288877,1006.5280828613982,0.1993855829531067,0.3140890652358695,0.0472047022536799,51.98764188273216,51.466133858126184,50.594765993479754,-0.09527345414161588,0.24908981742766453,0.6222780472187637,3.973516436224191,4.462468532869673,4.715804925370381,0.006730731698453011,-0.3038683575294341,0.05053196502872659,2.627866702519047
2026-09-03 14:30:00,26.564363478180926,26.358037145958644,26.570549361862554,26.0512769526171,27.089821771108006,-0.1960100807791681,-0.31777606540097586,-0.574406948744661,-0.06114518205729064,0.6959507062132317,0.10526384949706724,1006.3311318389268,1006.7363310820808,1006.4643573120198,0.1976856313706398,0.3140890652478448,-0.042115295186818,51.932110588459786,52.45061937365685,51.89161355199729,-0.16149462917861435,0.24908981743566674,0.30991600422389354,6.217359996943992,5.94832318563242,6.1870314588988204,-0.00529598337926691,-0.3038683575294341,0.06516008426303355,2.469205004657249
2026-09-03 14:35:00,26.36767515840997,26.01740292099125,26.389395416161264,25.869956577602284,26.908834254720244,-0.19589416238153282,-0.31777606540095693,-0.5747435386067309,-0.060808592195182976,-0.3584512894637051,-0.054216429769059715,1006.6426254658624,1006.914918459521,1006.5662888073068,0.2013135061748191,0.3140890652455368,0.034540586968660136,51.76159537512816,52.079474973305715,52.02848053895792,-0.16366939150504015,0.24908981743278022,-0.19809538308498986,6.875246709705491,6.284473762119402,6.6415126207773625,-0.015196120518298304,-0.3038683575294341,-0.05317050112852684,1.0489522174279773
2026-09-03 14:40:00,26.48904517690428,26.130324964638724,26.420119252042742,25.90051403747742,26.939724466608062,-0.18171448581299485,-0.3177760654009555,-0.5750796881616158,-0.06047244264029522,0.18500119700271256,0.02798177799693846,1006.8791070204808,1007.1270513336784,1006.7719917535767,0.2178206697464696,0.31408906524624797,0.04097051485553038,52.17680959457295,51.98797070942422,51.86417570937608,-0.15567251528490345,0.24908981743230932,-0.12529481738416592,7.662975564487977,7.642548573526997,7.904020982294205,-0.02344709351775355,-0.3038683575294341,0.04239594876222608,0.607043588221399
2026-09-03 14:45:00,27.268263479130738,27.09927564736762,27.26662843864753,26.746856901331885,27.786399975963175,-0.19000302600477764,-0.317776065400944,-0.575415399132733,-0.06013673166915501,0.9945217123981287,0.15042327412103518,1006.3729535794284,1006.4422131984867,1006.3086116638466,0.2129715260044808,0.314089065241366,-0.18048753060122635,49.68474007257445,48.615971719674675,49.04223619027664,-0.15868818892838576,0.2490898174326944,-0.6753542880346615,4.1748224442246515,4.66137757415111,5.15337465126231,-0.022982480786211654,-0.3038683575294341,-0.18812871958176647,13.417972622261782
2026-09-03 14:50:00,26.430841623983767,25.911730339134287,26.491387971253868,25.971450164392824,27.011325778114912,-0.21809811346873695,-0.31777606540095105,-0.5757506732323423,-0.059801457569559735,-1.7314269065101726,-0.2618815667186283,1006.6077597047472,1006.9458115099407,1006.4997281448284,0.23739790348511594,0.31408906524333263,0.131994299868893,52.75992525568238,52.03549719213432,50.847474441429014,-0.17839602662521883,0.24908981743168496,0.9389329332736196,13.178225934170072,13.331958249753752,13.125585162277043,-0.022203623516404907,-0.3038683575294341,0.5102414450061428,50.87481446591345
2026-09-03 14:55:00,27.823747665646433,27.43472432855297,27.484577269293958,26.964473246041422,28.004681292546493,-0.1874308901107378,-0.3177760654009509,-0.5760855121615371,-0.05946661864036462,1.7713705959723285,0.2679231246599656,1006.4818830145654,1006.7927085433492,1006.4937334870696,0.2613030363750854,0.31408906524326785,-0.015114008963564629,48.40380470775546,47.77886486894474,48.32617765500863,-0.21152578477369235,0.24908981743211267,-0.7964026034960057,3.2939855325875684,3.512549998607494,4.622760105102408,-0.006762696881164456,-0.3038683575294341,-0.80634174896548,103.65113379125081
2026-09-03 15:00:00,26.9247337706649,27.13316357282731,27.565245451530792,27.044975264989727,28.085515638071858,-0.20238931442231944,-0.31777606540095044,-0.5764199176104321,-0.05913221319146883,-0.755731543851546,-0.11430581330253275,1006.6470402846937,1007.0993309000598,1006.7222274179542,0.25972970031091963,0.3140890652432448,0.0630144168624156,50.37573265713893,50.425370768944326,49.49568841724606,-0.17195735308988647,0.24908981743203476,0.680592534266232,14.000293719451927,14.009797302942275,13.438706353636682,-0.0029121452017861127,-0.3038683575294341,0.8749593068350272,113.43920540592974
2026-09-03 15:05:00,26.754391565770764,26.628011706312066,27.069176794658265,26.548740497880768,27.589613091435762,-0.21827487125250092,-0.3177760654009502,-0.5767538912582235,-0.05879823954367691,-0.8157850778590614,-0.12338902294525056,1006.5882045562877,1006.8480356269258,1006.6119244928487,0.25279928914268907,0.31408906524333957,-0.07797793116628782,52.050264963055625,53.242367583448456,52.39489000394079,-0.1708791033649582,0.249089817432056,0.5983877620756104,0.9312811888502853,0.8555801375304251,2.1681393631732817,-0.029987802138507193,-0.30386835752943414,-1.0086908681134226,149.3056722031342
2026-09-03 15:10:00,26.286625616470406,25.93559387496976,26.320614734829253,25.80001238081664,26.841217088841866,-0.20171907104666198,-0.3177760654009502,-0.5770874347732942,-0.05846469602860627,-0.44458816978654525,-0.06724479445854215,1006.4915808791897,1006.4803070498689,1006.2606495748115,0.2611661456993728,0.31408906524341157,-0.0944315901859909,52.61255008595993,51.94609312794256,52.269203074552145,-0.11695277018687117,0.249089817432031,-0.5721997640416134,6.15449361639549,5.663659423257765,5.20981524218851,-0.027361382259790287,-0.3038683575294342,0.7577125385986889,85.07503143925818
2026-09-03 15:15:00,26.856089504986205,26.732246112777162,26.836767845718043,26.315999487420925,27.35753620401516,-0.20748640786228476,-0.31777606540095016,-0.57742054981331,-0.05813158098859028,1.409928517603305,0.21325433246006753,1006.6638504451695,1006.6658281612343,1006.2757546087578,0.2569958463891465,0.31408906524339203,0.07598448723319962,51.991689335947136,51.035481485298256,51.172684533207516,-0.13537965260469348,0.24908981743202352,-0.38629286534128227,4.829026873580481,4.10934945038776,4.654668819959679,-0.04186154582146562,-0.3038683575294342,-0.24145101204248487,14.539484922185618
2026-09-03 15:20:00,26.28821828978971,26.19324712954423,26.605724785857124,26.084790476175495,27.126659095538752,-0.2084372556428069,-0.31777606540095016,-0.5777532380253176,-0.05779889277658268,-0.6261184574721774,-0.09470159091194574,1006.8646791031058,1007.2181484014541,1006.7478041647124,0.2431171837843385,0.31408906524339086,0.15625517149828738,51.50902443292366,51.27155778458859,50.920814293345174,-0.15059746687272108,0.24908981743202385,0.10165367381139134,5.8432504340316544,5.850610880496333,6.041101543600216,-0.051521255067580984,-0.3038683575294342,0.11337769442555157,5.557093714400471
2026-09-03 15:25:00,26.506323797034952,26.504011277271097,26.76865516930621,26.247554961089524,27.289755377522898,-0.20119540378190215,-0.31777606540095016,-0.5780855010458383,-0.05746662975606204,0.3512827409720458,0.0531321733658352,1006.5693370623555,1006.7423000703275,1006.5673259691678,0.25849204762661426,0.3140890652433836,-0.1391149640836602,51.68826648635333,52.39160600245272,51.83405146621983,-0.12205166831185538,0.24908981743202327,0.3084647188008631,6.942758774511196,7.2768805830284204,7.585009625770742,-0.05964294978484429,-0.3038683575294342,-0.004260685212887694,2.947058653371286
2026-09-03 15:30:00,27.417167961032618,27.206795097906017,27.42674948496399,26.905483431011238,27.948015538916746,-0.18494165723525222,-0.31777606540095016,-0.5784173405009623,-0.05713479030093804,0.6467468789240343,0.0978216783429744,1006.7105666293947,1007.0491712083352,1006.6912118219676,0.27308941627393923,0.31408906524338526,0.04387032112424549,48.18671027564932,46.85034811025877,47.73139516169017,-0.17885579198198012,0.24908981743202524,-1.1301368688634241,5.696772334681111,5.733736113109564,6.172598842959839,-0.0662763330199673,-0.3038683575294342,-0.13499437232084066,10.390280518245058
2026-09-03 15:35:00,26.286923208320143,26.292279181241742,26.818148884900182,26.296717037959976,27.33958073184039,-0.1899435676329788,-0.31777606540095016,-0.5787487580064413,-0.056803372795458995,-1.375808648417511,-0.20809363825749116,1006.4140220192471,1006.7061124714415,1006.4761269123321,0.27495555551910195,0.31408906524338404,-0.08410350613394257,51.84264146829101,52.78422177940364,51.04330545801267,-0.22132700958733242,0.2490898174320243,1.4918265039589471,5.500313586174393,5.607365617349626,5.8477517509083325,-0.08002782694037033,-0.3038683575294342,0.06348222397072778,17.38067688919888
2026-09-03 15:40:00,26.713900863150705,26.139067270630008,26.451286713481725,25.929689126252377,26.972884300711073,-0.1671442875442643,-0.31777606540095016,-0.579079755167781,-0.05647237563411933,0.03673754480551139,0.00555662254923206,1006.4708312735603,1006.7056065018807,1006.3829524849504,0.2598011784743638,0.31408906524338404,0.008564951686935274,50.76376135932634,50.44322123404383,50.685283551062305,-0.1829150355899717,0.24908981743202432,-0.49115213445049477,8.608084779638364,9.005207036424379,9.149375668170576,-0.07799300690584746,-0.3038683575294342,0.15969972578323777,4.89014670896723
2026-09-03 15:45:00,25.8984309171577,25.487988005787262,25.847061589342626,25.325298314472235,26.368824864213018,-0.1991812852752864,-0.31777606540095016,-0.579410333580331,-0.05614179722156931,-0.2730380568613029,-0.04129751815441551,1006.6924078925254,1006.9230005631468,1006.5352162193218,0.24504686345975515,0.31408906524338387,0.07369527858168112,53.58993495203082,52.778546227067345,52.20580065286481,-0.2239327231127835,0.24908981743202435,0.3236557567705134,8.041745061455202,8.048274087130764,8.547136436093588,-0.09210102975675705,-0.3038683575294342,-0.1949939914333889,6.749316843406192
2026-09-03 15:50:00,26.087917521813395,25.932907325439697,26.104564937994,25.582636028080515,26.626493847907483,-0.18778447672099025,-0.31777606540095016,-0.579740494829375,-0.05581163597252531,0.9660604370377328,0.14611845284664682,1006.8524722481014,1006.9689974372654,1006.6440739436177,0.24633361492078498,0.31408906524338387,0.010834428404336904,53.18462047814965,51.61686954009155,51.75762988211073,-0.2875995086483727,0.24908981743202435,-0.38985015945119983,9.973187949968493,9.84785706619195,10.036191172800422,-0.08853435368425858,-0.3038683575294342,0.11553425092096248,4.957239862675713
2026-09-03 15:55:00,26.729183586177278,26.594732902647582,26.806891416309725,26.284796923901045,27.328985908718405,-0.2003773900912551,-0.31777606540095016,-0.5800702404902193,-0.05548189031168105,0.6982892044356142,0.10561755173880627,1006.6926519604903,1006.930620469662,1006.6444612562739,0.2403351625067246,0.31408906524338387,-0.027929851855219567,51.38886088981563,51.731876451486315,51.53231277053462,-0.2222010570658145,0.24908981743202435,-0.04952613648032411,3.984131957802636,3.672409873193974,4.31812106203947,-0.06616464291364228,-0.3038683575294342,-0.34184283131606197,17.953418352266215
2026-09-03 16:00:00,25.685805015616864,25.323655237741,25.90777352988024,25.38551350747428,26.430033552286204,-0.17979332034213524,-0.31777606540095016,-0.5803995721282806,-0.055152558673619734,-1.760918507906986,-0.266342226738292,1006.6030412954215,1006.7516093278234,1006.4909026404257,0.2362420473210253,0.31408906524338387,-0.05338237784565081,54.99414221857191,54.58622058763727,53.75804593363742,-0.2709846747414117,0.24908981743202435,0.57908483656783,7.18119061143226,7.7083961468209035,7.566906734565668,-0.07945823350298292,-0.3038683575294342,0.44535776978466934,37.8458858070104
2026-09-03 16:05:00,26.57411855571088,26.448339900803834,26.541058536959014,26.01863303700378,27.063484036914247,-0.17766265315967705,-0.31777606540095016,-0.5807284912991726,-0.05482363950272773,1.4879645535525903,0.2250574292457692,1006.6619043730698,1006.8545715002327,1006.5080556792439,0.24850560518174533,0.31408906524338387,0.032426755745518676,50.54356099160823,50.415584882011906,51.174865183535985,-0.2645404957999258,0.24908981743202435,-1.0083701189561012,6.923598336587371,6.9992593337871,7.50008455861831,-0.08230333654637514,-0.3038683575294342,-0.1969568673017763,16.235478910332876
2026-09-03 16:10:00,26.04164824641004,25.72912396353277,26.182984572454252,25.660393647347934,26.70557549756057,-0.18775623313981807,-0.31777606540095016,-0.581056999548792,-0.0544951312531084,-0.8997213632250727,-0.136084543520532,1006.4878642983716,1006.696620698656,1006.4065543291566,0.25730375699081603,0.31408906524338387,-0.024022695743951772,52.432729310763406,51.44995740389974,50.90846815852676,-0.26212251405457626,0.24908981743202435,0.29239942794095697,4.997489854889082,4.6068714299417834,5.00217211864046,-0.10753791017149984,-0.3038683575294342,-0.09143233116924243,3.655519637277574
2026-09-03 16:15:00,25.439873951239253,25.206668515649326,25.590717380655718,25.067961082746763,26.113473678564674,-0.17781361674449359,-0.31777606540095016,-0.5813850984134025,-0.05416703238849785,-0.43816183721669333,-0.06627279960544286,1006.7810028595467,1007.0208403382186,1006.6225570764444,0.27384146915678736,0.31408906524338387,0.0841941965308024,55.041140460280694,54.425369127743664,53.42608146895585,-0.3604945051362092,0.24908981743202435,0.7501978413557921,5.979701951305538,5.517804387863966,5.667514223449494,-0.11054726310120118,-0.3038683575294342,0.15415852194390567,7.53764698591376
2026-09-03 16:20:00,25.82108712383794,25.86162609243456,26.010923527706005,25.488001909293192,26.533845146118818,-0.1644157915363848,-0.31777606540095016,-0.5817127894197198,-0.05383934138218055,1.113894486860211,0.1684786301295027,1006.839139600692,1007.2394196096443,1006.885141247542,0.2619539904762603,0.31408906524338387,0.04018929685889816,53.307489094566456,52.54837349653558,52.8482722051897,-0.3698506009470825,0.24908981743202435,-0.5489885260861413,4.48091796842542,4.752716994929207,5.127407287263179,-0.10412009157488634,-0.3038683575294342,-0.07082193480453824,5.447134910788529
2026-09-03 16:25:00,25.85740618180751,25.884406301491723,26.21102664769922,25.687939761031743,26.7341135343667,-0.15478737969350523,-0.31777606540095016,-0.5820400740849936,-0.05351205671690673,-0.058473858809794166,-0.00884428080654942,1006.6570801713044,1006.8954472385758,1006.6985107946708,0.25783569165201975,0.31408906524338387,-0.11715262133839133,53.39936333271996,52.96473271120208,52.74625202361847,-0.35415613721531364,0.24908981743202435,-0.03060912984840769,2.845029930812278,2.436883722628467,2.814781561246166,-0.09691369926131367,-0.3038683575294342,-0.07402948108826468,2.3246796981152205
2026-09-03 16:30:00,25.614414077537035,25.24476918877638,25.69224880612404,25.168996703401582,26.2155009088465,-0.17023282328800113,-0.31777606540095016,-0.5823669539170897,-0.05318517688481067,-0.8575335122832826,-0.12970355194671157,1006.6742046985003,1007.0947035209864,1006.7491711294794,0.2669434719975411,0.31408906524338387,0.03144332626368396,54.22040780475106,53.34301063478826,53.012948569599466,-0.3417553088621535,0.24908981743202435,0.08097224775676892,3.553527845929044,4.013538031221238,4.143125547607141,-0.0961400619584727,-0.3038683575294342,0.17428084114353037,6.257416080173643
2026-09-03 16:35:00,24.632000979101257,24.243057606554903,24.673346396595033,24.149929129967845,25.19676366322222,-0.1774930801423324,-0.31777606540095016,-0.5826934304145712,-0.05285870038732904,-0.7438765591865995,-0.11251272463918127,1006.8061935518278,1007.3091922066166,1006.9435603916352,0.2723204120896958,0.31408906524338387,0.051542749738018756,57.57226080105868,56.034783947579875,55.280727031049906,-0.31013208492903094,0.24908981743202435,0.5049670990979465,2.4095149813910544,1.4953287145529583,1.9769167162280832,-0.08724742771088295,-0.3038683575294342,-0.17771964414569075,7.452206028815495
2026-09-03 16:40:00,24.860783054821358,24.600994203011542,24.74475780136756,24.221175422936547,25.26834017979857,-0.1775541726991539,-0.31777606540095016,-0.583019505066779,-0.0525326257351213,1.150481384715114,0.1740124670449319,1006.7242553490307,1007.1432060233699,1006.8857055407597,0.2907089766807473,0.31408906524338387,-0.056588582633139595,56.97094218044612,58.83004769573269,58.27220396063589,-0.3236942809507211,0.24908981743202435,0.3087539176647738,7.702267236776508,8.067258913762046,7.978962673172336,-0.06178688235145503,-0.3038683575294342,0.3921645981191446,25.994131336409904
2026-09-03 16:45:00,24.941376421489785,24.757854093766294,25.009754861067456,24.486007422884246,25.533502299250667,-0.17817306748890482,-0.31777606540095016,-0.58334517935391,-0.05220695144799031,0.4355337606747156,0.06587529809978676,1006.8052095918916,1007.1811352893035,1006.8721838180734,0.29575541715159614,0.31408906524338387,-0.005137594013262969,53.42598820041994,52.036508177072434,53.56555360996892,-0.2987566254774955,0.24908981743202435,-1.7781352503285106,7.437978129853889,7.539382737725399,8.15004986029989,-0.04466383547707904,-0.3038683575294342,-0.3067987650450563,30.140016553047424
2026-09-03 16:50:00,24.896609339601817,24.59810275652954,24.960077315942804,24.436164870009826,25.483989761875783,-0.1669268853573296,-0.31777606540095016,-0.5836704547470967,-0.05188167605480365,-0.2922178247176035,-0.04419849401231701,1007.1574292611076,1007.524386818931,1007.1326846958491,0.3179327264008628,0.31408906524338387,0.07761305783856187,56.09650200839392,55.91878607108765,54.72405667940944,-0.322883142860298,0.24908981743202438,0.9456395742461865,12.35198420746182,12.337673489607706,12.422608412210975,-0.04988904477117541,-0.3038683575294342,0.21893343492616602,12.312490374295844
2026-09-03 16:55:00,25.057958621263637,25.06893670597864,25.32143379479074,24.797356393061303,25.845511196520174,-0.19715040384492874,-0.31777606540095016,-0.583995332708484,-0.05155679809341629,0.43159118799996676,0.06527897658884996,1006.8347911771347,1007.2890079235136,1007.0496378629874,0.3244129400215405,0.31408906524338387,-0.07471900471716708,58.16909638923105,56.379224624057066,55.880008287921825,-0.37224950243474514,0.24908981743202438,0.2501265187032189,8.108207945737425,7.991170330589053,8.684170525521747,-0.06440008463584279,-0.3038683575294342,-0.38913183740325863,23.000597815720642
2026-09-03 17:00:00,24.761442171190293,24.638784641505378,25.056413818296004,24.53217151267438,25.580656123917628,-0.1921354980266262,-0.31777606540095016,-0.5843198146913062,-0.051232316110594145,-0.6601776746837693,-0.09985311138967745,1006.8495542100275,1007.2001172702095,1006.9224925613918,0.3371589493926044,0.31408906524338387,-0.03646435642565393,56.79068940758229,54.775381462704324,54.96125434435663,-0.4176699955835883,0.24908981743202438,-0.4349626990843305,1.6311970422275797,2.1299543980042075,2.5061929724676277,-0.06846159880158083,-0.3038683575294342,-0.07237021693398615,2.9224518681459424
2026-09-03 17:05:00,24.03431892016297,23.91905072379468,24.335987888328685,23.811580730670176,24.860395045987193,-0.19648521834317578,-0.31777606540095016,-0.5846439021399625,-0.05090822866193778,-0.6556024437663517,-0.09916109913305604,1006.8397702818304,1007.3207325287551,1006.9682222513668,0.3332767700311909,0.31408906524338387,0.03842121214495364,58.56941260566655,58.17882993763293,57.266176465949535,-0.46884386151542784,0.24908981743202438,0.6635636542513765,10.310315936985978,10.444502168048585,10.10973084016354,-0.0779314264577543,-0.3038683575294342,0.6386396854144802,61.66358310334302
2026-09-03 17:10:00,24.5961128647575,24.133742371379572,24.340254336623147,23.81568237873417,24.864826294512124,-0.20906272758893507,-0.31777606540095016,-0.5849675964900926,-0.05058453431180776,0.735621293071393,0.1112641001573742,1007.084308975319,1007.5098730626862,1007.1455383068626,0.33344821657379875,0.31408906524338387,0.05024569058025463,57.6676846097818,57.37367032735721,57.45896154776206,-0.43350835263923604,0.24908981743202438,-0.3343810378368701,9.844004630829126,9.499625597181382,10.211763194850809,-0.07341795097910797,-0.3038683575294342,-0.4082692401399921,25.949035700093127
2026-09-03 17:15:00,24.561387763359374,24.57464587758065,24.79252270406863,24.26778599770679,25.317259410430474,-0.22020002925547907,-0.31777606540095016,-0.5852908991686501,-0.05026123163325019,0.6604826462629312,0.09989923891296826,1006.9834998138404,1007.2739032941431,1007.028881724176,0.3443795494198725,0.31408906524338387,-0.06906749527627198,57.584102552099175,58.106783319284794,57.88902608313106,-0.48651842545628554,0.24908981743202438,-0.03133258127828498,5.319632881917683,4.718730008735616,5.214855838592704,-0.08522988637340295,-0.3038683575294342,-0.192257472327654,6.866514708940019
2026-09-03 17:20:00,24.41179379762811,23.624341938956725,24.12386089691512,23.598959493789277,24.64876230004096,-0.22341809422324851,-0.31777606540095016,-0.5856138115939769,-0.049938319207923465,-1.201591002313819,-0.1817428925574447,1006.9535437584204,1007.4516566779029,1007.1040211539308,0.36373528746698913,0.31408906524338387,0.03354645872866513,59.20051185658117,59.04322226336018,58.70838105494292,-0.47692706603355994,0.24908981743202438,0.08575139098523721,6.491772584676334,6.45900363792122,6.457583929114239,-0.08595811069930637,-0.3038683575294342,0.3052880663364146,16.95579561292536
2026-09-03 17:25:00,24.48858139674162,24.37795811632135,24.53591535032865,24.010849302099025,25.060981398558276,-0.27743437079014127,-0.31777606540095016,-0.5859363351758744,-0.049615795626025916,1.0566403290968616,0.15981883139364683,1007.2917089664921,1007.6779170982476,1007.314146282309,0.3724861308587182,0.31408906524338387,0.049681750695185656,56.07483230568383,55.4687493178611,56.039694386407845,-0.4862344128260951,0.24908981743202438,-0.8200348859787638,13.287042050716547,13.20914274050138,13.28794488724041,-0.07757797015394326,-0.3038683575294342,0.2250662107904038,13.660384362259528
2026-09-03 17:30:00,24.25596087418946,24.1548695073716,24.52008014446042,23.994849502738635,25.045310786182203,-0.2879537143520145,-0.31777606540095016,-0.5862584713156771,-0.049293659486223274,-0.31361311431059136,-0.047434571687869465,1007.3513451014774,1007.706913369931,1007.4100804526263,0.37148806959550273,0.31408906524338387,-0.01725614793861041,58.407128506174715,57.15762119802584,56.395257292800736,-0.4898271128968672,0.24908981743202438,0.5132740877930857,5.96209684816409,5.427551508069322,6.383379059614896,-0.07858492888211503,-0.3038683575294342,-0.6519591940161398,62.27402823591356
2026-09-03 17:35:00,23.969983580469876,23.582412406292573,23.998812661327168,23.47341747767635,24.524207844977987,-0.3010909367217089,-0.31777606540095016,-0.5865802214063218,-0.04897190939557855,-0.6520526729089298,-0.09862418963364661,1007.0955861638644,1007.4121723797543,1007.1938368496897,0.3880160899498428,0.31408906524338387,-0.09575353517868734,59.74873842585595,60.505847222877904,59.46489157871743,-0.4421008575648777,0.24908981743202438,0.7918658267284542,10.441671382930814,10.33700525817652,10.088857759720135,-0.088048067109593,-0.3038683575294342,0.5520158559858199,48.75270423273641
2026-09-03 17:40:00,23.620027742679277,23.58151059754689,23.85059118730541,23.32503151324025,24.376150861370572,-0.2930991885818695,-0.31777606540095016,-0.5869015868324192,-0.04865054396948104,0.3219495660158387,0.04869547564242893,1006.9552894253765,1007.3419045986321,1007.0401204594749,0.36171234607448427,0.31408906524338387,-0.012304926086130763,59.55096783761687,59.83660301903963,59.991890108356046,-0.4574458154174123,0.24908981743202438,-0.40437690674843907,1.9909088833232078,1.7424285668672117,2.6143082593285936,-0.07629992653373607,-0.3038683575294342,-0.5680113349319478,47.14393913044292
2026-09-03 17:45:00,22.843422453057475,22.525620853647077,22.965865676739586,22.440141563726424,23.491589789752748,-0.3051820888195273,-0.31777606540095016,-0.5872225689703232,-0.048329561831577106,-0.8097007549289224,-0.12246875769156063,1007.4384115255028,1007.9325264498711,1007.4572591132812,0.3446455320564018,0.31408906524338387,0.16117827134655727,63.54277160341915,62.109668260457234,61.685844645376626,-0.4360397607631734,0.24908981743202438,0.1747337976485852,3.0953079032101165,3.0030051877208503,2.894167097055247,-0.09508973598127435,-0.3038683575294342,0.41270644819503755,28.94210117053521
2026-09-03 17:50:00,23.537365647669716,23.24144319251312,23.354399975867405,22.8285114753243,23.88028847641051,-0.30840879582208464,-0.31777606540095016,-0.5875431691881987,-0.04800896161370155,1.3541602807375703,0.2048192820466639,1007.2390107634111,1007.7251769069906,1007.4753404356984,0.3528251427404225,0.31408906524338387,-0.06425259395120975,61.40575639472154,61.00140233382521,61.22630326960174,-0.4347250434648345,0.24908981743202438,-0.4739907532085539,5.094023939095477,5.213433336049948,5.454599416502353,-0.09836768654004897,-0.3038683575294342,0.06270227707702958,6.613334369832863
2026-09-03 17:55:00,23.304373118789616,23.087004229863297,23.424580617552273,22.89852778084908,23.950633454255467,-0.2852746464071651,-0.31777606540095016,-0.5878633888460911,-0.047688741955809244,-0.13090959855108864,-0.019800322288027417,1007.5171356151491,1007.9231391277833,1007.5989290828686,0.35299444301545996,0.31408906524338387,0.010120979671341956,63.54033837795026,63.21553445800948,62.639612774787174,-0.4400457051619789,0.24908981743202438,0.32683186579028245,6.226165568033059,6.575164265498406,6.9348598751889545,-0.09878428677386232,-0.3038683575294342,-0.05582725216111406,1.046516227121349
2026-09-03 18:00:00,23.18384779833268,23.550803407084956,23.81506906197943,23.288851940437876,24.34128618352098,-0.27035937360993373,-0.31777606540095016,-0.5881832292959923,-0.047368901505908,0.3537834513907008,0.05351041050647609,1007.1622832389621,1007.6124903918999,1007.391046314076,0.36026060682894995,0.31408906524338387,-0.09264498741947591,60.258712109003554,59.62264239791056,60.21435618056628,-0.3595467858084523,0.24908981743202438,-0.8408036000877388,8.590296457574265,8.764337968295184,9.034197101753213,-0.09862520018986601,-0.3038683575294342,0.03400922407140605,5.057372307113765
2026-09-03 18:05:00,22.41664490924361,22.42870638824943,22.958980912613374,22.43259955750714,23.48536226771961,-0.25682530261078196,-0.31777606540095016,-0.5885026918819082,-0.04704943891999214,-1.4049310688437409,-0.2124984589629939,1007.6533663244319,1008.2051543402583,1007.7550765700528,0.36103349709813326,0.31408906524338387,0.1359887049621875,64.81739362949806,65.024880271235,63.595746896910676,-0.4099937469084902,0.24908981743202438,1.1800435568923078,13.826608364959633,13.513355900381486,13.702963572431749,-0.0968202396290852,-0.3038683575294342,0.1142606854791719,15.85635682957638
2026-09-03 18:10:00,22.34533187875964,22.22123472983528,22.505568468493756,21.979022931048537,23.032114005938976,-0.26432338906694475,-0.31777606540095016,-0.5888217779399243,-0.04673035286197608,0.22110355098202916,0.03344232674247394,1007.4018957471686,1007.7472856489264,1007.5535827747119,0.36788484543337974,0.31408906524338387,-0.1203861910288424,64.56150479566686,64.86201717367723,64.82099309303196,-0.36487413266817964,0.24908981743202438,-0.20806573678675022,4.572320275263664,4.592278972481432,5.497466399343681,-0.09071584143099028,-0.3038683575294342,-0.6013190693328152,53.549239917573786
2026-09-03 18:15:00,23.047780960725,22.60904215852716,22.78940582105095,22.262696152444537,23.31611548965736,-0.25617790487759995,-0.31777606540095016,-0.5891404887982705,-0.046411642003629794,0.9085004897857516,0.1374124028771604,1007.7596895450749,1007.950488556127,1007.6022580928243,0.35811201158146144,0.31408906524338387,0.03414139805931882,62.290835530714716,61.7965470695946,62.467350174490555,-0.3418999028760306,0.24908981743202438,-0.9198929223279748,1.426663473662897,1.3545256942890602,1.408943366042413,-0.09106991582144379,-0.3038683575294342,0.2494506857760812,15.354540050208168
2026-09-03 18:20:00,22.457892173695704,22.2269237669072,22.603613035146616,22.076739286508978,23.130486783784253,-0.25968637188440385,-0.31777606540095016,-0.5894588257773865,-0.04609330502451375,-0.3895039495193373,-0.05891320283846824,1007.7211151971565,1008.2812425195976,1007.8878158198705,0.3649578446144177,0.31408906524338387,0.07933763448374975,65.0633417896592,64.47996311533294,63.62612678771844,-0.35868327768814307,0.24908981743202438,0.6047465101824727,8.171900530920738,7.677511345888586,7.538544924161526,-0.0947504986428806,-0.3038683575294342,0.4428347792564944,30.9292096961672
2026-09-03 18:25:00,22.592012740789354,22.16676015197552,22.483461539253497,21.956423761666848,23.010499316840146,-0.2626277700445579,-0.31777606540095016,-0.5897767901899849,-0.045775340611915516,0.007105221804149409,0.001074678122972017,1007.6471615793425,1007.9445856604908,1007.732743227133,0.3768908189529087,0.31408906524338387,-0.1022466318855777,63.07085355711112,63.968363197667465,63.79749571876158,-0.30165712957768664,0.24908981743202438,-0.07822233852613891,6.1495401045875155,6.17018354790572,6.832024163135096,-0.09882639208947755,-0.3038683575294342,-0.35797225769994245,19.481140315478463
2026-09-03 18:30:00,22.175017330505696,22.082957010073898,22.394908300014766,21.867706544513634,22.922110055515898,-0.25648248988835964,-0.31777606540095016,-0.590094383341114,-0.045457747460786346,0.038510434630179446,0.0058247754600806445,1007.8028329864593,1008.0908196941579,1007.7572471185686,0.3915374262000835,0.31408906524338387,0.01948351034593543,65.83371599046436,66.21364612084287,65.59290151481116,-0.3663409835112854,0.24908981743202438,0.3716547885996846,2.9835524295144578,3.435612580779911,3.80935238481323,-0.1049415501098611,-0.3038683575294342,-0.06987144650388455,1.4522987233360565
2026-09-03 18:35:00,22.01852545200603,21.78118145343833,22.129435346493114,21.602069664064427,22.6568010289218,-0.2654373937146736,-0.31777606540095016,-0.5904116065282217,-0.045140524273678595,-0.20150380003084578,-0.030477827653836442,1008.0428043203743,1008.18907473481,1007.8492755387647,0.4157000777358679,0.31408906524338387,0.025710130801940068,65.97198173567293,65.64526723108288,65.7044743204897,-0.38460281651675293,0.24908981743202438,-0.3082969068388337,5.20383751152042,5.116499375909928,5.210639855589178,-0.09706611686659244,-0.3038683575294342,0.20972787785018454,6.936534133210499
2026-09-03 18:40:00,22.223601928145712,21.755655245074905,22.046413153701543,21.518883595284695,22.57394271211839,-0.24304234714802556,-0.31777606540095016,-0.5907284610412159,-0.044823669760684415,0.17863022659252437,0.027018156774310853,1008.0340113031162,1008.5383330201488,1008.154447022921,0.41862925905789655,0.31408906524338387,0.06979693198445602,62.708966291328714,60.9786993663985,61.78526484371399,-0.4268996936661706,0.24908981743202438,-1.0556552947475097,7.280806755753726,6.699020550174748,7.0060597753371425,-0.10353140166135759,-0.3038683575294342,-0.0031708676329600394,6.348281203132115
2026-09-03 18:45:00,21.482345865303042,21.253126482744747,21.626132224275292,21.098438840762217,22.153825607788367,-0.24544429924199462,-0.31777606540095016,-0.5910449481625265,-0.04450718263937381,-0.36515035589110667,-0.05522967612959562,1008.1863282673506,1008.3650265657678,1008.1254302831954,0.4219161921000627,0.31408906524338387,-0.0744927826709727,66.98279538302046,66.84551869566883,65.12294951073547,-0.4124767723956695,0.24908981743202438,1.4734793675013407,7.529546534797795,7.443563445559105,7.793294692619731,-0.09506369057127514,-0.3038683575294342,-0.04586288953119144,12.398252073209267
2026-09-03 18:50:00,21.566575522829613,21.160523138138252,21.445543446608692,20.917686288843946,21.97340060437344,-0.23616889074809966,-0.31777606540095016,-0.5913610691671657,-0.04419106163473463,0.2165643027236257,0.03275575693050925,1008.4779022421932,1008.7690015435694,1008.3928322957877,0.40363812252997655,0.31408906524338387,0.062080182538352346,67.39442473247061,67.50145748846752,67.17282232466151,-0.4514340159372207,0.24908981743202438,0.07954534637399036,5.127005412719726,4.6680180532790745,5.125515085866354,-0.09487369974867643,-0.3038683575294342,-0.1536286750578455,3.943190253929368
2026-09-03 18:55:00,21.181547398163666,20.997455758871936,21.302614279897682,20.774593398678505,21.83063516111686,-0.21433488355924019,-0.31777606540095016,-0.5916768253227878,-0.0438753054791125,0.08342074663385901,0.012617544375203238,1008.03175842257,1008.5172551274635,1008.2904124565679,0.39726118571631547,0.31408906524338387,-0.08724639434774417,70.43677983795395,67.79688575743398,67.85674227123187,-0.43627677780127455,0.24908981743202438,-0.30894633122990456,3.6904744929388817,3.8494698971875305,4.064199889131869,-0.10008624781723773,-0.3038683575294342,0.08913836558509569,2.4894093261889725
2026-09-03 19:00:00,21.030035452488818,20.659359912275153,21.00281585338367,20.474631299460064,21.531000407307275,-0.19886007694061256,-0.31777606540095016,-0.591992217889749,-0.04355991291215133,-0.16978219701767117,-0.025679875707567135,1008.596077818066,1009.0993102067555,1008.6727293628273,0.3949442008282361,0.31408906524338387,0.11249177868478455,70.54589912524334,70.30459263154272,69.82669409374569,-0.44280205235502895,0.24908981743202438,0.22880872036500932,11.579373396581326,11.64293071843907,11.563661025037675,-0.09390217565979637,-0.3038683575294342,0.38313805093083,22.694752592325322
2026-09-03 19:05:00,20.91666743697725,20.702171100168442,20.97594106641142,20.447592890486227,21.50428924233661,-0.21999386348097041,-0.31777606540095016,-0.5923072481211653,-0.04324488268073501,0.29094580839487705,0.044006099157972045,1008.4583435693355,1008.7681359825583,1008.5611701700442,0.40754803545555235,0.31408906524338387,-0.10712325272925227,68.31914915412409,67.52621612433951,68.10775682559968,-0.4595794403479919,0.24908981743202438,-0.830630518692189,6.284491864854523,6.132042133905073,7.026088877038413,-0.10117671490702755,-0.3038683575294342,-0.590178385603906,54.72847442889249
2026-09-03 19:10:00,20.96489830057434,20.901671847905536,21.171817370723808,20.64330562345278,21.700329117994837,-0.21332042505582216,-0.31777606540095016,-0.5926219172629714,-0.04293021353892884,0.31490877358288927,0.04763054258267729,1008.3991062503517,1008.7791992732692,1008.4880028541529,0.4002160219664768,0.31408906524338387,-0.022892646127047556,72.77909240115038,72.15643219030991,71.01083043813153,-0.44597678673682606,0.2490898174320244,0.896511934746357,4.328700613104223,4.13455645884773,4.295901280222961,-0.09479487449974543,-0.3038683575294342,0.14252353615420343,7.3269838449964855
2026-09-03 19:15:00,20.5195406874451,20.308370654921166,20.731017579825004,20.202342311816867,21.25969284783314,-0.20055963413891245,-0.31777606540095016,-0.5929362265539778,-0.0426159042479225,-0.6933524574764611,-0.10487085950288844,1008.427592706631,1008.7064756298735,1008.4030574796051,0.40977210220346283,0.31408906524338387,-0.010670914974980406,71.72374168356386,70.54245837777854,70.8064644092465,-0.4553785435746583,0.2490898174320244,-0.5130958488999795,3.4016637248079986,3.245325821035507,3.4761054918876386,-0.09266761328782758,-0.3038683575294342,0.0730886866773024,3.2911855777522367
2026-09-03 19:20:00,21.04770583306346,20.782346490822484,20.993672663523878,20.464833925340415,21.52251140170734,-0.1871816888065012,-0.31777606540095016,-0.5932501772259275,-0.04230195357597277,0.7037922169342892,0.10644989269955474,1008.6939090155894,1009.0214021390176,1008.622635570501,0.40975264159990227,0.31408906524338387,0.0846775032732694,70.7932064911218,70.18117429571716,70.17204415530765,-0.49348076308172467,0.2490898174320244,-0.23995967702251164,6.7410861522038505,6.644937640327799,6.76785767969674,-0.09863086017874678,-0.3038683575294342,0.1809483181604934,6.9655998420735905
2026-09-03 19:25:00,20.021373024343983,19.858147157237255,20.323045051375995,19.794042893532122,20.85204720921987,-0.20388111131822068,-0.31777606540095016,-0.5935637705035529,-0.041988360298347405,-0.9726942449725016,-0.14712182873779156,1008.9575191094199,1009.4050780226613,1009.0143403704975,0.40762662421852514,0.31408906524338387,0.07664858692044163,73.2635584861455,73.98171903864606,72.9675302598981,-0.3954327084445004,0.2490898174320244,0.7650989613159425,3.0725733039092056,2.747558285481342,3.3759121439924913,-0.09334451202540119,-0.3038683575294342,-0.32448550098171536,20.976137313619788
2026-09-03 19:30:00,20.137810889170765,20.063510773455853,20.293559901009967,19.76439437397379,20.822725428046144,-0.21373663987348054,-0.31777606540095016,-0.5938770076046307,-0.04167512319726957,0.5800056205443056,0.08772693784683483,1008.898923367466,1009.2342897174947,1009.0103158951118,0.4106133518481242,0.31408906524338387,-0.09011524286052008,73.7880115701241,73.01840921122117,73.18849729513202,-0.4124835598505205,0.2490898174320244,-0.41917790134287713,2.511865957625286,2.0076614185563404,2.178175836941664,-0.0878786147685148,-0.3038683575294342,0.13335393914411053,5.1595361043176755
2026-09-03 19:35:00,19.86962375925986,19.449368838946153,19.828880505803134,19.299551659996034,20.358209351610235,-0.19881826633735622,-0.31777606540095016,-0.5941898897400381,-0.04136224106186226,-0.4081642048728469,-0.061735601456032185,1009.2452319631795,1009.6145191825343,1009.2566326193202,0.4059194753810901,0.31408906524338387,0.043797497970786026,75.57941152665845,75.86177049603715,75.27345546910847,-0.490099877655841,0.2490898174320244,0.3392252094966608,4.986007387337025,5.251313652635004,5.367702673758956,-0.07630341871041522,-0.3038683575294342,0.18747933640548275,6.223511654120524
2026-09-03 19:40:00,20.456959233365033,20.29884579240848,20.436639055765294,19.907146941561997,20.96613116996859,-0.2102446718975959,-0.31777606540095016,-0.5945024181138066,-0.04104971268809382,1.189954184530766,0.1799828020441332,1008.9030303464965,1009.0840953726578,1008.9236364558681,0.4007710284039781,0.31408906524338387,-0.15363014845365797,73.1154334073839,71.95079510048411,72.73005139972062,-0.5195733317960897,0.2490898174320244,-1.02834611666853,3.330873499949918,3.1486112584145083,3.6942223454165104,-0.06664194858632226,-0.3038683575294342,-0.24174272947256803,19.829961649789936
2026-09-03 19:45:00,19.789219568813778,19.837987619869697,20.262626173571366,19.732970841300013,20.79228150584272,-0.21474011274756064,-0.31777606540095016,-0.594814593923176,-0.04073753687872428,-0.7065200879116844,-0.10686248830072032,1009.2226095247934,1009.7728665470488,1009.3018573617564,0.38031359753449673,0.31408906524338387,0.15692012004899425,75.89888120437212,75.94195814260782,74.84097400728052,-0.5639280158891352,0.2490898174320244,0.8518943178952725,5.619275471382377,5.607659194254061,5.717708072469721,-0.06172920837905943,-0.3038683575294342,0.19381947931377397,13.041823172628867
2026-09-03 19:50:00,19.955625308013044,19.879254725063358,20.196986966948078,19.6671684668903,20.726805467005857,-0.1911019756050311,-0.31777606540095016,-0.5951264183586491,-0.04042571244325127,0.0002897386635112298,4.3823516229224424e-05,1009.1417686122782,1009.5956167483004,1009.3323018636312,0.37733814704656204,0.31408906524338387,-0.05077418057419436,73.7481451151977,73.21445688036755,73.55921345888079,-0.5350129193277172,0.2490898174320244,-0.5938463959452633,1.982374771319392,1.9949542387784933,2.5559674736408695,-0.07300511789114707,-0.3038683575294342,-0.2571448773329421,11.534454381891134
2026-09-03 19:55:00,18.780896120634498,18.60062798560714,19.101857354920128,18.571875737311107,19.63183897252915,-0.19181896436080292,-0.31777606540095016,-0.5954378926040429,-0.04011423819785742,-1.2128993669217287,-0.18345330391203873,1009.4907835227531,1009.9812978578215,1009.6114113434261,0.37157852929277735,0.31408906524338387,0.055797449152009904,78.31001611742464,78.06788090421405,76.86727222447577,-0.5237550762420117,0.2490898174320244,0.9515188623062585,5.72288337452379,5.770970270410948,5.757327785403848,-0.0485192480094065,-0.3038683575294342,0.3175108425365343,22.94440449355058
2026-09-03 20:00:00,19.314198860415093,19.239425785326564,19.35076592794158,18.820621242970134,19.880910612913027,-0.20272057642831057,-0.31777606540095016,-0.5957490178365425,-0.03980311296535771,1.3648486820221741,0.20643592278593204,1009.6772045672843,1010.2361551233973,1009.9012548783792,0.3653867574205884,0.31408906524338387,0.020811179774796074,75.49531804478015,74.99124052147879,75.5962384205551,-0.5098001281793496,0.2490898174320244,-0.8540877165083316,3.1742819691766146,2.7595811599269626,3.352400959016234,-0.0625554101201246,-0.3038683575294342,-0.2889514415598371,20.21820290972871
2026-09-03 20:05:00,19.39559806142313,19.27021251586241,19.558162582109013,19.02785487991766,20.088470284300367,-0.21588483678125414,-0.31777606540095016,-0.5960597952267526,-0.03949233557514781,0.1971942435523566,0.02982599915434747,1009.5902244335512,1009.8368317363909,1009.6675431110049,0.3703892341716689,0.31408906524338387,-0.14480043985736302,76.46653633057053,76.45708560203985,76.02400337440271,-0.5227509144836532,0.2490898174320244,0.18399241020512136,0.08573015468806013,0.0,0.3040972289980902,-0.05306277837730151,-0.3038683575294342,-0.00022887146865602226,2.6048581625711167
2026-09-03 20:10:00,18.905217626956553,18.84504380195104,19.24942067505156,18.718950005736588,19.779891344366533,-0.2108940468374763,-0.31777606540095016,-0.5963702259387478,-0.03918190486315254,-0.5725602242851053,-0.0866008076995719,1009.3730191349325,1009.6975527800835,1009.4304059813524,0.37829281760515504,0.31408906524338387,-0.04694226651224653,78.9365328485627,76.34993658108506,76.12984277868061,-0.5325281731306455,0.2490898174320244,-0.028996015027573208,2.0264084149857764,1.80105071736974,1.892493979606901,-0.04874994020843852,-0.3038683575294342,0.21242509529227327,7.48190117919298
2026-09-03 20:15:00,19.131328518651134,18.495650929489912,18.845927687928157,18.3152941015397,19.376561274316614,-0.23089126696463444,-0.31777606540095016,-0.5966803111301253,-0.03887181967177494,-0.2148779507855174,-0.03250069303729575,1009.9048599443423,1010.0017139408659,1009.5882878745033,0.381079151660863,0.31408906524338387,0.09933700111923827,76.02226062958894,74.34088961706597,74.51518967685219,-0.5455107617569139,0.2490898174320244,-0.4233898772182414,9.057967087460588,9.116189183252423,9.18046516787601,-0.060491363933249664,-0.3038683575294342,0.23959237290584845,10.323524957316987
2026-09-03 20:20:00,18.331410042367366,17.786117509211632,18.160072549515718,17.629276096057826,18.69086900297361,-0.23460130642308072,-0.31777606540095016,-0.5969900519520543,-0.038562078849846027,-0.3714266335971672,-0.05617897490313695,1010.0528559028552,1010.9169434733168,1010.3862330772907,0.3930241339462567,0.31408906524338387,0.21662133078268653,81.90240594038599,81.68771781559124,79.86754138367759,-0.5483525232016554,0.2490898174320244,1.5710866144816293,7.8171161044974555,7.5369967709331265,8.241958711793284,-0.06173437332203466,-0.3038683575294342,-0.40109358333072365,41.20255041689475
2026-09-03 20:25:00,18.935692713058657,18.907055694557073,18.968645840079365,18.43768656951007,19.49960511064866,-0.2296028483982304,-0.31777606540095016,-0.5972994495493253,-0.038252681252574916,1.6937702042372003,0.25618591987865713,1010.161182844214,1010.5386759239726,1010.3865158202533,0.39993087705622105,0.31408906524338387,-0.16192896152404046,79.89967918681725,77.74573265073637,78.66406259386157,-0.5191158529638862,0.2490898174320244,-1.1674197605572232,2.8369703614383477,2.6679720531440965,3.122760225884135,-0.06252190218448106,-0.3038683575294342,-0.15091981521060438,20.118451031079196
2026-09-03 20:30:00,19.12566294407736,18.614491507755055,19.020860689231675,18.48973865146307,19.55198272700028,-0.21011560109001537,-0.31777606540095016,-0.597608505060401,-0.0379436257414994,-0.5857323477440595,-0.08859311607567122,1010.3998693182377,1010.9520687060035,1010.6214958634214,0.39639020277855336,0.31408906524338387,0.01648377733874895,75.59466838547992,74.66285088743595,75.25598150301643,-0.5073532135261991,0.2490898174320244,-0.8422204330124998,6.75124618607597,7.339969335174464,7.206966358986183,-0.04946607502637582,-0.3038683575294342,0.4368713337177148,31.738319571694287
2026-09-03 20:35:00,17.89572205199098,17.775927399250353,18.255393859526215,17.724109104424514,18.786678614627917,-0.20010237988446544,-0.31777606540095016,-0.5979172196174631,-0.037634911184437125,-1.0690141490999707,-0.16169039487491332,1010.1684795681434,1010.373591323843,1010.2342190632496,0.3908359273499808,0.31408906524338387,-0.17471680464996098,80.91247822685143,80.37915628953265,78.6982272013162,-0.48984926448946875,0.2490898174320244,1.4318392707844225,5.326637554544093,4.7164112050735545,5.337236349411836,-0.056599184029177935,-0.3038683575294342,-0.31695678680884765,31.037531437383123
2026-09-03 20:40:00,17.698096013169227,17.41687272530857,17.722379704269617,17.19093228165523,18.253827126884005,-0.21081335665419812,-0.31777606540095016,-0.5982255943464632,-0.037326536455437154,0.08111692108198199,0.012269086439900434,1010.5463792353601,1011.0904272933977,1010.6108674220848,0.39458979419118295,0.31408906524338387,0.16547080606960662,83.59594549462251,82.46106868183145,81.8922835281037,-0.47236470270074665,0.2490898174320244,0.3196953362957231,10.344064262080428,10.058335429213857,10.029527346109633,-0.05921863409342147,-0.3038683575294342,0.33267644063365864,19.384319596186835
2026-09-03 20:45:00,18.293857782481425,17.901482866471483,18.061607931820593,17.529997891468195,18.59321797217299,-0.1931370668907423,-0.31777606540095016,-0.5985336303671682,-0.03701850043473209,1.0423077376089829,0.15765100005183896,1010.7389060679001,1011.4190196989075,1011.0378603579625,0.40147499951000576,0.31408906524338387,0.06707027570166701,80.73829790518604,79.74363956563863,80.51443358739223,-0.4414092173923858,0.2490898174320244,-1.0198838391856242,3.7616750089837843,4.248076899412329,5.029603216938154,-0.0825793301436341,-0.3038683575294342,-0.4776579599963915,41.03058376823158
2026-09-03 20:50:00,18.181388585677514,18.05368874465305,18.351779942872952,17.820007334511562,18.88355255123434,-0.19762979245395448,-0.31777606540095016,-0.5988413287932095,-0.03671080200869076,0.130146268465559,0.01968486718104856,1010.4092984427949,1010.818505461635,1010.7033483902147,0.4182491311943837,0.31408906524338387,-0.19893199382306648,79.78586139685443,79.57180319103882,79.50429677373992,-0.4313239659384769,0.2490898174320244,-0.18158340013312113,5.8827099765331985,5.804098672722233,5.7954997646758,-0.06523170221239832,-0.3038683575294342,0.3124672655758669,18.552239017833756
2026-09-03 20:55:00,17.178401201966594,17.002442564925214,17.517120648552513,16.98518552186555,18.049055775239477,-0.21616533778469563,-0.31777606540095016,-0.5991486907321293,-0.036403440069770976,-1.3018153838584254,-0.1969020182263499,1010.8403635375803,1011.1212745208255,1010.7578254333546,0.4325432077336649,0.31408906524338387,0.04936002222757452,87.98567408695222,88.37434576818136,86.28983200374132,-0.4187642833947147,0.2490898174320244,1.8354239470080103,1.4091586314415854,1.1214266971493132,1.6805064412991584,-0.07593638464259904,-0.3038683575294342,-0.2552113866204111,30.977789521795174
2026-09-03 21:00:00,17.058466308634234,17.26178888087983,17.474010767238802,16.94191317186416,18.006108362613443,-0.2187459581736777,-0.31777606540095016,-0.5994557172854271,-0.036096413516473136,0.6978702165938806,0.10555417904197739,1010.8332891611552,1011.238515232669,1010.8871245326152,0.42604553165557885,0.31408906524338387,0.037301634810432915,87.44699328158599,86.30307771162919,87.02837293504852,-0.37715606495295423,0.2490898174320244,-0.9743850408513595,3.9069000570042967,4.184863456107426,4.160781333070985,-0.0726672760002073,-0.3038683575294342,0.3279504805658746,21.558715892813762
2026-09-03 21:05:00,16.953913504459333,16.631777843395664,17.0062042424724,16.47394422800252,17.53846425694228,-0.19717342015649217,-0.31777606540095016,-0.5997624095486059,-0.03578972125329438,-0.37454301659353817,-0.05665033367578687,1011.0132577488652,1011.1040649764155,1010.8315897566436,0.4248214562940517,0.31408906524338387,-0.04161384547137459,87.05264836129258,86.19216913225964,86.50608330820283,-0.40043267208306316,0.2490898174320244,-0.5630039933752187,10.0202455438566,9.963133320503507,10.139913446320941,-0.07368135429742594,-0.3038683575294342,0.12708823171200123,4.465929936608352
2026-09-03 21:10:00,16.3701036255802,16.463430830188514,16.753151473581763,16.2207290895637,17.285573857599825,-0.1946948194055183,-0.31777606540095016,-0.6000687686112176,-0.03548336219068271,0.18548809351603524,0.02805542200770006,1011.194175729316,1011.6213663941159,1011.1983589580909,0.432873669953065,0.31408906524338387,0.10891837078156641,88.65538127462337,87.63998883358038,87.23731145628476,-0.43038366238136594,0.2490898174320244,0.1535875598635954,4.83973671081697,4.660582828338509,5.465346936609114,-0.07466136396525934,-0.3038683575294342,-0.5008957507411713,37.32618570865943
2026-09-03 21:15:00,16.382928871250197,16.258906462686486,16.560805402902936,16.02822069883843,17.09339010696744,-0.19450699144057151,-0.31777606540095016,-0.6003747955569085,-0.035177335244991836,0.10497142691989936,0.015877125184498908,1011.1853448107274,1011.7541795249142,1011.4413272283327,0.4456896432897726,0.31408906524338387,-0.0012367686618972584,87.1085299022062,84.69953518235147,85.10226348116244,-0.4718909183529059,0.2490898174320244,-0.6518181162429926,3.2047030106150727,3.195850944609776,3.3325885610865598,-0.06656274411655058,-0.3038683575294342,0.16713074105265013,6.195747187310751
2026-09-03 21:20:00,16.192567120259422,15.890413927180852,16.230001152247308,15.697254177592852,16.762748126901766,-0.1699488167700287,-0.31777606540095016,-0.6006804914634636,-0.03487163933843668,-0.14420422628531782,-0.021811159665505286,1011.2732434693229,1011.724837099581,1011.4724137204445,0.4569572769142301,0.31408906524338387,-0.06166568610683498,91.08228513664909,90.7301656602769,89.15808627813003,-0.46548890862619696,0.2490898174320244,1.3229895647148453,1.968825863304968,1.721543100976624,2.0054227440893904,-0.049850119513514236,-0.3038683575294342,0.01998871441666772,9.525535725768682
2026-09-03 21:25:00,16.132344168154074,16.100774320181678,16.34333523647466,15.810426040641563,16.876244432307754,-0.1914191394758451,-0.31777606540095016,-0.6009858574028514,-0.03456627339904894,0.49728407605960356,0.07521514910796867,1011.495558458313,1011.9091282680299,1011.5896850654451,0.45619074292025397,0.31408906524338387,0.005354137341441856,87.04643211477212,87.26383677436604,87.93856359948538,-0.5303695370688662,0.2490898174320244,-0.9238166425513583,6.064491762485166,5.7119092608046484,5.783916190640849,-0.047335182814094316,-0.3038683575294342,0.23186142769323315,12.658052255258925
2026-09-03 21:30:00,16.27231240561074,16.174756980314893,16.475597458572054,15.942526090926524,17.008668826217583,-0.2107031261866367,-0.31777606540095016,-0.6012908944412672,-0.03426123636063322,0.11196943574805474,0.016935587143787956,1011.4427502825586,1011.9630279710665,1011.6606352261509,0.44114247109111177,0.31408906524338387,-0.011696320327814647,90.39397309298592,90.69309351513185,89.91641752554435,-0.5141941437067775,0.2490898174320244,0.5275861721554804,5.596049483539364,5.521186002611151,6.0111970000128565,-0.040784402637789055,-0.3038683575294342,-0.18614263987227186,6.419905768933281
2026-09-03 21:35:00,16.228155567273387,16.000383402993858,16.359385300376026,15.826151810239223,16.892618790512827,-0.23494082325113919,-0.31777606540095016,-0.6015956036391767,-0.03395652716272357,-0.27256410456807956,-0.041225831981218874,1011.5578319188675,1012.077590880486,1011.7592215873623,0.42915523457616467,0.31408906524338387,0.004280227880371967,89.92499077552478,88.71036177235789,89.01666041819192,-0.5180159020142968,0.2490898174320244,-0.5553884632660555,3.7638128387648124,3.4230182634714916,3.818886651053,-0.03749548727051864,-0.3038683575294342,-0.09200003005207424,2.974614395910006
2026-09-03 21:40:00,16.60458938308935,16.428497353923536,16.676487872614192,16.143092309262308,17.209883435966077,-0.22935110045393836,-0.31777606540095016,-0.6018999860513596,-0.033652144750540736,0.4613863234961837,0.06978554671029258,1011.9368495301553,1012.1202905325276,1011.8167240412579,0.43242683674799764,0.31408906524338387,-0.010522573973617,90.91966941612282,89.44000746478615,89.10052293629425,-0.4783035125205598,0.2490898174320244,0.09039471105987218,9.549651751537219,9.52553957204495,9.46120180625119,-0.02732017303121238,-0.3038683575294342,0.3682061233231959,19.914329977444503
2026-09-03 21:45:00,15.436678596226214,15.090427486469896,15.637316122337321,15.103758535001637,16.170873709673003,-0.2268537035472115,-0.31777606540095016,-0.6022040427269512,-0.033348088074949156,-1.5147750721668096,-0.2291125704664747,1011.7761353200999,1012.2259923081428,1011.9060419510785,0.43653354370108977,0.31408906524338387,0.0058612918210201315,92.23107142814203,91.74653524782855,91.02802158212818,-0.5018206183868344,0.2490898174320244,0.4694238482683488,0.8241379874123722,0.8985106208285982,1.8469132911139532,-0.03194933682607565,-0.30386835752943414,-0.6445343127559209,65.9645345638998
2026-09-03 21:50:00,16.08316626032055,15.714296177231633,15.850251975436205,15.316532413303172,16.383971537569238,-0.20371265803801486,-0.31777606540095016,-0.6025077747094854,-0.03304435609241502,1.2021025638315255,0.1818202671963789,1012.1610904153424,1012.9498375751966,1012.4906558780154,0.42334939121987714,0.31408906524338387,0.14509263193781408,90.26753071297723,90.42201290385395,90.6141648589998,-0.5089367583764471,0.2490898174320244,-0.4412417725778681,3.30919479728062,3.5439175028141916,3.36424630574375,-0.02119543128191151,-0.30386835752943414,0.48353955459987574,40.205381893482546
2026-09-03 21:55:00,15.459118655017756,15.41094655790131,15.751484843463905,15.217603355675205,16.285366331252604,-0.20006053188096332,-0.31777606540095016,-0.6028111830369358,-0.032740947764964556,-0.15049215159966955,-0.022762220161643754,1012.2423064275955,1012.4659382172988,1012.3232718608734,0.4238842265505484,0.31408906524338387,-0.1714227088179996,90.20842280080623,89.86264351774336,89.82196616792444,-0.46965964171117924,0.2490898174320244,-0.20841246761310117,8.76415531903224,9.09244238206185,9.245348365310159,-0.01009043262543767,-0.30386835752943414,0.1509623742811268,6.804818656807935
2026-09-03 22:00:00,15.38213830478571,15.131227530649902,15.483299330285304,14.949255965937917,16.017342694632692,-0.20612288927315287,-0.31777606540095016,-0.6031142687417579,-0.03243786206014243,-0.22674584460483338,-0.0342957342344512,1012.0248146840408,1012.4434607779501,1012.177517009919,0.43145891883420984,0.31408906524338387,-0.04814529721227245,90.9047758491004,90.71496966372547,90.23092178353386,-0.4212498940739439,0.2490898174320244,0.23495806275958842,3.421685541093556,3.300699528065272,4.1238620703711515,0.0007349374613914283,-0.30386835752943414,-0.5192941847764456,39.144210983906184
2026-09-03 22:05:00,15.531065910821635,15.308953344991835,15.569720492633442,15.035515300779716,16.10392568448717,-0.20609596617998127,-0.31777606540095016,-0.6034170328509294,-0.03213509795097086,0.3769137910558129,0.0570089177593438,1012.2917234153803,1013.0006295326322,1012.5515142179393,0.4176441989441241,0.31408906524338387,0.13502624944953823,89.74108714980237,90.2094966651161,90.04245408660441,-0.4450552268752576,0.2490898174320244,-0.08204723892032462,2.9653640134899315,3.109321854659679,3.1697329118633384,-0.005866541211973332,-0.30386835752943414,0.24345730032577473,10.86758839599271
2026-09-03 22:10:00,14.673339475196917,14.524973439482705,14.95705179282137,14.422684822469089,15.49141876317365,-0.2043303549030669,-0.31777606540095016,-0.6037194763859913,-0.03183265441590899,-0.755708235943402,-0.11430228793771313,1012.6809642704188,1013.2774947092661,1012.9216673784479,0.430904165365777,0.31408906524338387,0.04173826557484972,90.67382236849431,89.64382023737505,89.50162303418351,-0.438692883734707,0.2490898174320244,-0.10689261424047913,4.807524609178119,4.9477317254856805,5.142176374661094,-0.007549917554345241,-0.30386835752943414,0.10942370835402038,3.343400830965823
2026-09-03 22:15:00,15.13882836788325,14.962479262837022,15.156196031295408,14.621667331407856,15.69072473118296,-0.2294067740029894,-0.31777606540095016,-0.6040216003630874,-0.03153053043881293,0.8202165865300355,0.12405929694256379,1012.4618953055374,1012.811259595004,1012.6651494773096,0.4263737915830591,0.31408906524338387,-0.1679789475489315,90.75968701611822,90.15532272726404,89.74507871233045,-0.42838821951576533,0.2490898174320244,0.1611541975015598,7.246958071043507,7.340148438121761,7.631417187176682,-0.005155247666540892,-0.30386835752943414,0.012599608474513246,4.928962163695557
2026-09-03 22:20:00,14.918096747580385,14.443479654047605,14.832125748803572,14.297435368299606,15.366816129307537,-0.188751799337966,-0.31777606540095016,-0.6043234057930049,-0.03122872500889534,-0.46855636778084886,-0.07087002935501552,1012.6452819940539,1013.1176674499312,1012.7563348238609,0.4414651489339789,0.31408906524338387,0.04724356082692793,91.133880457753,92.02625451684294,91.39468315035381,-0.41531035031902513,0.2490898174320244,0.3824815490571041,1.8146920016066534,1.651990510206685,2.3147153020237585,-0.01886366811483095,-0.30386835752943414,-0.35885643428763947,19.906692408665993
2026-09-03 22:25:00,14.916431156977474,14.99272784020201,15.199978216756367,14.665126204510479,15.734830229002256,-0.1809537340664373,-0.31777606540095016,-0.6046248936812137,-0.030927237120686568,0.73073929535167,0.11052568884659308,1012.8886948287787,1013.3234417963657,1012.96142155698,0.4350637195846681,0.31408906524338387,0.04793117414237713,91.22327735635653,90.64132795948335,90.82664265219307,-0.4245004983950719,0.2490898174320244,-0.4344045101417464,9.309580494287747,8.998245684514544,8.728438462390663,-0.002914466033970803,-0.30386835752943414,0.5736755796533153,49.47666848132068
2026-09-03 22:30:00,14.70540342780851,14.551836248742548,14.958303999381927,14.423290404224312,15.493317594539542,-0.17780360944609847,-0.31777606540095016,-0.6049260650279049,-0.030626065773995348,-0.5863840366074271,-0.08869168523842852,1013.0398310298615,1013.3503644730033,1013.053690105784,0.42274421379005794,0.31408906524338387,-0.01741469802402662,90.47021666461143,89.07669501237743,89.19884633650146,-0.3796520794607447,0.2490898174320244,-0.37124114155605525,6.924543425426442,7.072106760777418,7.771668121019648,-0.003037231368992562,-0.30386835752943414,-0.39569300271279584,23.914990850308307
2026-09-03 22:35:00,15.44455794105323,15.23545113880688,15.440263892456576,14.905088763173202,15.97543902173995,-0.16857614968191975,-0.31777606540095016,-0.6052269208280303,-0.030325209973870004,0.7468556105927249,0.11296331175125474,1012.9859481471425,1013.3920569009305,1013.0975060960192,0.4172465699119573,0.31408906524338387,-0.019538260332069513,90.6972140398126,89.71593746142487,89.17720857219268,-0.4457917013874988,0.2490898174320244,0.2896390718001669,2.45953213553755,1.9472754143866895,2.4127545799644996,-0.00019795249294534594,-0.30386835752943414,-0.16161080804837602,5.550211041329109
2026-09-03 22:40:00,14.082525359354845,14.010759575415673,14.552295748299445,14.016959133632115,15.087632362966774,-0.15793498497312067,-0.31777606540095016,-0.6055274620713402,-0.030024668730560145,-1.4793873259343364,-0.22376010748282127,1013.0337578895671,1013.4078677620812,1013.1092529933306,0.41610479243502946,0.31408906524338387,-0.015474296492811845,90.2960517139201,89.08497657333757,88.83624231853116,-0.46053125960553676,0.2490898174320244,-0.0003555626256144251,6.136438615263144,6.050118788602433,5.930979694377498,-0.005967996890217375,-0.30386835752943414,0.42300745175436827,30.854787346010674
2026-09-03 22:45:00,14.002951411179465,13.89021656264678,14.160007130476664,13.62450907912309,14.695505181830239,-0.16004328725565714,-0.31777606540095016,-0.6058276897424215,-0.0297244410594788,0.31725555432501906,0.04798549757106585,1013.4347265980002,1013.8630819722655,1013.4567960993969,0.4114430335537717,0.31408906524338387,0.0921968076252142,90.10958062020066,89.9504570048032,89.46673888940221,-0.4448536839584836,0.2490898174320244,0.23462829796896756,3.8345134433071624,3.0491873661286952,3.6610166822433463,-0.019236772483887603,-0.30386835752943414,-0.307960958585217,15.006201491898933
2026-09-03 22:50:00,13.846430845267468,13.83033147886614,14.083229158485967,13.547569719099824,14.61888859787211,-0.16951190429926766,-0.31777606540095016,-0.6061276048207357,-0.02942452598116463,0.4289426865735795,0.06487838578112459,1013.5784097086689,1013.8750032480601,1013.5928233639179,0.40885101649489436,0.31408906524338387,-0.031909181101127615,90.81772646787597,89.67211804946469,89.50412165688007,-0.4288508155402566,0.2490898174320244,-0.08109342484740978,3.9456795270775777,3.5194817287314635,3.6870077092564983,-0.025277071338635312,-0.30386835752943414,0.13634237700439922,3.2449708500414527
2026-09-03 22:55:00,13.756502545084281,13.703579135510028,14.009171775743308,13.473350996934315,14.544992554552302,-0.1605201440044421,-0.31777606540095016,-0.6064272082806557,-0.029124922521244656,0.08055057258544274,0.012183425167670237,1013.5587631753948,1013.7801290436491,1013.5328475171174,0.4128585982910086,0.31408906524338387,-0.0668075387116005,90.01975396301954,89.8550771158398,89.6107571175265,-0.3815042494687399,0.2490898174320244,-0.004769819118720875,6.801335784405618,6.515110573409091,6.696123987761855,-0.023085029462299428,-0.30386835752943414,0.12285494317667034,2.6668617429966273
2026-09-03 23:00:00,13.609474576637028,13.598309341039812,13.917098991741756,13.381116922075732,14.453081061407781,-0.1547344813964703,-0.31777606540095016,-0.6067265010915026,-0.02882562971039765,-0.006701307328249584,-0.0010135853009938245,1013.5171906551644,1013.9218029850091,1013.5939118561146,0.4108044458534518,0.31408906524338387,0.01380206365115555,90.43903053624479,89.51061200070556,89.3512527775816,-0.3395663607066949,0.2490898174320244,-0.08973059430806529,9.977670367226962,10.290336888180985,10.567155498167153,-0.016350741334762494,-0.30386835752943414,0.027049747543266278,0.16711683286417608
2026-09-03 23:05:00,14.228560739445879,14.33187668770857,14.52508156347988,13.98893825147881,15.06122487548095,-0.16688283288281142,-0.31777606540095016,-0.6070254842175835,-0.02852664658431686,0.8236009590261819,0.12457118962964131,1013.4736566543709,1014.1409354842237,1013.7848955645121,0.41001109712602773,0.31408906524338387,0.04195085446826852,90.19160683845828,88.14334369014725,88.14644788338475,-0.3495603175924477,0.2490898174320244,-0.25219401066952685,2.024012043441252,2.2157116248337974,3.0442602847693863,-0.014732825928735292,-0.30386835752943414,-0.5246803024061548,41.44460973677179
2026-09-03 23:10:00,14.212526871847976,14.243654482929866,14.628826485909673,14.092521980051783,15.165130991767564,-0.14559729871230245,-0.31777606540095016,-0.6073241586182259,-0.02822797218367451,-0.44558745075359774,-0.06739593757885665,1013.5588286638043,1013.9606594830793,1013.7101132773466,0.3895003803355966,0.31408906524338387,-0.06354285951067595,90.96292928370939,90.90416028922606,89.98629885435084,-0.3040648240688765,0.2490898174320244,0.6687716174431984,4.0633588374297505,3.8859128465107617,3.759309846672128,-0.011265585766315787,-0.30386835752943414,0.43047135736806785,29.669442757678837
2026-09-03 23:15:00,13.31030041579061,13.137006153557442,13.658364688238494,13.121899036958308,14.194830339518681,-0.1411970181674577,-0.31777606540095016,-0.6076225252478149,-0.027929605554085468,-1.345983107639153,-0.20358246928010182,1013.8482204628743,1014.1926821525624,1013.8396670182811,0.39420075652772224,0.31408906524338387,0.03892606903787055,91.52624763282422,91.31596229296065,91.07180580762359,-0.3290562851010875,0.2490898174320244,-0.004933332094964271,4.4537738528704285,4.657948941896224,4.98212330389612,-0.014635849513129552,-0.30386835752943414,-0.020306004470461936,4.612129349710897
2026-09-03 23:20:00,13.102888208658918,12.748058249710109,13.039828294499,12.503201546187404,13.576455042810595,-0.13024972773344323,-0.31777606540095016,-0.6079205850558287,-0.027631545746071684,0.17193850022807133,0.026006020612060254,1013.9169582296922,1014.4232014174034,1014.068150329537,0.3931303169554222,0.31408906524338387,0.0409620226230345,89.96027035471161,90.0780013805753,90.28306986127366,-0.2964752267033732,0.2490898174320244,-0.45415829813038044,3.779043324775704,4.035656849939148,4.419269497101952,-0.00967336385067527,-0.30386835752943414,-0.07974428963337044,2.225829536235025
2026-09-03 23:25:00,13.524639571845489,13.748828244028147,13.813767689713455,13.276979892717774,14.350555486709135,-0.10937091441824445,-0.31777606540095016,-0.6082183389868732,-0.027333791815027153,1.671626345496449,0.25283661971564264,1014.1466624959293,1014.5353683867612,1014.2280993666963,0.41245383272121666,0.31408906524338387,-0.006820045178415057,89.7139402994455,88.94244358415465,88.94621278624322,-0.2331069399586384,0.2490898174320244,-0.2528590195205993,3.6947662431398163,3.6517217534405835,3.9435289868342602,0.0051549648131837995,-0.30386835752943414,0.012061124135757328,7.116875307549031
2026-09-03 23:30:00,13.018490720657725,12.861903463887531,13.353951532102554,12.817002734726607,13.890900329478502,-0.10904258210077193,-0.31777606540095016,-0.6085157879807177,-0.02703634282118267,-1.1521973024084584,-0.17427200281407274,1014.114049511566,1014.795433501024,1014.4620954020595,0.40117905071416915,0.31408906524338387,0.019249033721166597,90.54272426070126,89.72850478419505,89.16950314084065,-0.19058389621871447,0.2490898174320244,0.3099118259223843,1.2743420656215159,0.8712314815949824,1.2766921040587387,0.012202859237573669,-0.30386835752943414,-0.10159226493432216,5.220247322401918
2026-09-03 23:35:00,13.39897378618526,13.200064001517145,13.45017462492047,12.913064875424638,13.987284374416301,-0.1042883019960102,-0.31777606540095016,-0.6088129329723286,-0.026739197829571626,0.44736927605702803,0.06766544199762592,1013.8688844892857,1014.2477771196637,1014.0999694804107,0.37947950677217496,0.31408906524338387,-0.1662814259902916,90.63955695809452,90.77384851208438,90.2382952352461,-0.18688193279537016,0.2490898174320244,0.2864634594062636,5.915745414608832,5.873669999709101,5.836224946369992,0.02029827812010307,-0.30386835752943414,0.34131341086854317,20.60980721901304
2026-09-03 23:40:00,13.136555332359817,12.697072075388512,13.08489030745024,12.54761965405153,13.622160960848948,-0.09213789341841847,-0.31777606540095016,-0.6091097748919051,-0.02644235590999522,-0.4630829632886577,-0.07004216666077667,1014.3277828258583,1014.8197537140313,1014.3743613268056,0.38689632869933543,0.31408906524338387,0.13130332198238648,90.72274471691118,91.73946618512858,91.39353200285207,-0.19849418980739444,0.2490898174320244,0.09684436484448611,4.163617234687521,4.157487955249049,4.754326614133755,0.02323844211316938,-0.30386835752943414,-0.2929703013552718,14.735625874933804
2026-09-03 23:45:00,12.361885434707041,12.326569246094044,12.666448074399439,12.129016565271554,13.203879583527323,-0.10301080967541924,-0.31777606540095016,-0.6094063146649114,-0.026145816136988964,-0.1461321576790695,-0.022102762904443907,1014.0936839600336,1014.3715479555937,1014.1577744990794,0.3910546529190914,0.31408906524338387,-0.10031560872914724,90.33594521759602,90.09288474002462,90.34949850090267,-0.25199488517646945,0.2490898174320244,-0.5057035783100758,2.5600529056106844,2.19852347977879,2.525290677932969,0.008206891417173363,-0.30386835752943414,-0.02289884062474501,2.5622086351116353
2026-09-03 23:50:00,13.503240469128237,13.430817755186261,13.525009741625677,12.987417424899075,14.06260205835228,-0.10220003473272923,-0.31777606540095016,-0.6097025532121115,-0.025849577589788786,1.4782235154306527,0.22358407896153487,1014.256940848987,1014.7113576936601,1014.319655703875,0.3789534566727177,0.31408906524338387,0.07761292454176782,90.53864219010805,90.6371842690963,90.28541265573604,-0.2411259978494723,0.2490898174320244,0.10268179592823401,7.156346754756813,7.264221018746664,7.247350175559812,-0.00223977388913907,-0.30386835752943414,0.3207392007162859,20.692322908683618
2026-09-03 23:55:00,13.521948066003015,13.118608272820156,13.545430242007324,13.007677165769284,14.083183318245364,-0.10031680593296201,-0.31777606540095016,-0.6099984914496026,-0.025553639352297708,-0.7209557137827645,-0.10904590378621748,1014.4209383743839,1014.8227988651381,1014.4835093280952,0.3605964692126686,0.31408906524338387,0.025200471799507795,90.82401764732839,90.28658889895937,90.0513432987433,-0.28015860082845445,0.2490898174320244,-0.013844217215961407,7.005377285191164,7.09162982559937,7.626884849902186,0.0023089841174993627,-0.30386835752943414,-0.23138666677338193,8.969044427552847
2026-09-04 00:00:00,12.481186846126645,12.457183970345067,12.911272420762824,12.373358633057512,13.449186208468136,-0.11465768420821293,-0.31777606540095016,-0.6102941302888476,-0.02525800051305277,-0.9012277346051345,-0.1363123850168062,1014.7493501234676,1015.1199194347496,1014.7640801636179,0.3790452299808801,0.31408906524338387,0.041750205888320124,91.0877148539672,89.5448921224133,89.40023674889073,-0.30791831405494224,0.2490898174320244,-0.10443444390945444,4.489476622642133,4.625189026208288,5.041461115966518,0.0021995935978985043,-0.30386835752943414,-0.1124037322287963,4.0186746690199255
2026-09-04 00:05:00,12.497315605571396,12.317784089053003,12.602206211071291,12.064131759899823,13.140280662242759,-0.07989313237810475,-0.31777606540095016,-0.610589470636708,-0.02496266016519233,0.22051920543535708,0.03335394338266262,1014.9807951717512,1015.3015460622438,1014.9900093625104,0.3960145546681615,0.31408906524338387,-0.0025523655099277676,89.5911089830332,90.01545810127571,89.590717463932,-0.34959441708072575,0.2490898174320244,0.17565081991169507,3.274528587249852,3.3648035388627116,3.6046781016972735,0.006598022462626784,-0.30386835752943414,0.0639937946948721,0.8612871792764878
2026-09-04 00:10:00,12.696265166065505,13.133325633492753,13.270853242082042,12.732618175402552,13.809088308761533,-0.10100253403049078,-0.31777606540095016,-0.6108845133954768,-0.02466761740642348,1.1917105579101754,0.18024845681166113,1014.6673391945106,1014.9377997432265,1014.7571855266292,0.36616507356368794,0.31408906524338387,-0.13347484864607395,90.39813464821668,90.7591578907619,90.33071906750692,-0.36570814872370866,0.2490898174320244,0.17934900582295654,5.544827253346538,5.7871424205221,5.925362051578444,0.023362256641067523,-0.30386835752943414,0.1656487264730897,9.502938796540601
2026-09-04 00:15:00,12.648692078015515,12.414345747011543,12.88715435366399,12.348758719391686,13.425549987936293,-0.12047409258579815,-0.31777606540095016,-0.6111792594629101,-0.024372871338990243,-1.0249958279648297,-0.15503254125149546,1014.6085951203584,1015.011614417168,1014.6915379345994,0.3606663972126099,0.31408906524338387,0.005987417325172828,90.6861707744403,90.8881029163497,90.68472163213708,-0.366687078230753,0.2490898174320244,-0.04570853321941115,3.2065097369962388,3.18333394526769,3.711680935862499,0.030622616633360862,-0.30386835752943414,-0.22447863306537474,9.74732184103628
2026-09-04 00:20:00,12.714822083418994,12.52702272302919,12.816896573419804,12.278340419427042,13.355452727412565,-0.10076069395024446,-0.31777606540095016,-0.6114737097322592,-0.024078421069641087,0.1844751672500795,0.027902215010337628,1014.7737237713014,1015.2487013396259,1014.8638869542236,0.3806367018700167,0.31408906524338387,0.07072532015888555,90.12491789888232,89.62225098031844,89.70703961887905,-0.3571105678899533,0.2490898174320244,-0.33387845599263244,2.853635499446105,2.95738251034818,3.1622930233138815,0.043211478690789076,-0.30386835752943414,0.09895784456373269,2.609958352355299
2026-09-04 00:25:00,13.19552132154193,12.93050437650276,13.16813597070312,12.629419344819459,13.70685259658678,-0.09006170018829633,-0.31777606540095016,-0.6117678650923023,-0.023784265709598018,0.5298742312544213,0.0801444712005921,1014.8819121964193,1015.2377617281519,1014.9315127920522,0.3749239511766823,0.31408906524338387,-0.00784012914368759,91.48311493472961,91.582631514391,90.89807217508503,-0.37812830012944204,0.2490898174320244,0.43546952187394083,6.298019392282081,6.222855599593918,6.36486601260653,0.044158292585496375,-0.30386835752943414,0.16185794451682156,5.398898743521386
2026-09-04 00:30:00,12.264269679475728,12.414393811233614,12.838970655154041,12.300093605166314,13.377847705141768,-0.105451172450508,-0.31777606540095016,-0.6120617264273756,-0.023490404374524765,-0.7061120944168469,-0.10680077851947622,1014.7536398415746,1015.1657666353111,1014.8866854578058,0.3690366043683625,0.31408906524338387,-0.03500788773806107,90.23452419926942,90.60883026677408,90.60327527797112,-0.3407033704056106,0.2490898174320244,-0.24353482862906617,1.1158474401973706,0.9765838113214373,1.659104810585431,0.03608613581065198,-0.30386835752943414,-0.3786526417345595,22.106057828232878
2026-09-04 00:35:00,11.96294482106989,11.792047824952956,12.186666916989356,11.647629490641727,12.725704343336986,-0.09634183722398261,-0.31777606540095016,-0.6123552946174041,-0.023196836184496195,-0.5080467692376605,-0.07684302663544962,1015.1217796781953,1015.4817359689122,1015.1031845799006,0.3656434924368101,0.31408906524338387,0.06446232376822536,90.51031001790538,91.45844641143549,91.0860552609224,-0.3479905544352594,0.2490898174320244,0.1233013330810735,1.7354616620519143,2.1724440254990456,2.1977503774092053,0.03550747421850857,-0.30386835752943414,0.27856200561927436,12.237895355098667
2026-09-04 00:40:00,11.681387733603719,11.462080822301598,11.754485770128806,11.215288015122837,12.293683525134774,-0.07432408054902297,-0.31777606540095016,-0.6126485705379332,-0.02290356026396706,0.16774084623760288,0.025371117573742552,1014.9355744072059,1015.3025460396932,1015.0468886378809,0.3521927287515922,0.31408906524338387,-0.05843166343106532,90.78902638118824,91.20428642530663,91.04827817361232,-0.37556083959955255,0.2490898174320244,-0.09308156573770532,0.4539189177379786,0.0,0.4373758500807763,0.02745995608131719,-0.30386835752943414,-0.13350749255134214,3.036413521266726
2026-09-04 00:45:00,11.895260453412888,11.96187342898402,12.130966422226829,11.591608386221546,12.67032445823211,-0.07477802641297775,-0.31777606540095016,-0.6129415550601583,-0.022610575741741967,0.9830163875329028,0.1486830721581427,1015.0221289943062,1015.3237976667253,1015.0198040814267,0.33173541982085564,0.31408906524338387,-0.010095479944766339,90.23052592023527,89.91394229001615,89.94659275170838,-0.3676406102460323,0.2490898174320244,-0.28174027912425004,2.240786065108292,2.5468569675036132,2.6549866793913157,0.043042905649041674,-0.30386835752943414,0.1957386456417316,8.224624606334217
2026-09-04 00:50:00,12.132591138317185,11.820724868322689,12.171549866694937,11.632031597306888,12.711068136082986,-0.035795682911859014,-0.31777606540095016,-0.6132342490509552,-0.022317881750945068,-0.21850263267836212,-0.03304893297129752,1015.0916320019082,1015.4386938763631,1015.0975058447361,0.3443659875496726,0.31408906524338387,0.027098966383618972,89.61965510757689,88.2741362421654,88.24475842197765,-0.2989162610719987,0.2490898174320244,-0.21971199724427493,1.4705201178149925,1.3353046715956909,1.7997466392700128,0.05094681641439637,-0.30386835752943414,-0.1605736101448878,4.124462059901454
2026-09-04 00:55:00,12.825592299889314,12.888957799064224,13.061356564312021,12.52167810911534,13.601035019508702,-0.06165661007487955,-0.31777606540095016,-0.6135266533729102,-0.022025477428990026,0.9611603146983665,0.14537730015315375,1015.0971674786028,1015.8241242918001,1015.4282571634351,0.3222507446747005,0.31408906524338387,0.08177806312164648,90.37734261037546,90.21468360726959,89.346466586885,-0.28718564124326956,0.2490898174320244,0.6191272029525692,12.867219931323913,12.698360419411657,12.458533469872304,0.056151941380679166,-0.30386835752943414,0.5436953070687878,47.12960245605018
2026-09-04 01:00:00,11.866393254583503,12.17142393963668,12.688075751046506,12.148237157572979,13.227914344520034,-0.05124925826699302,-0.31777606540095016,-0.6138187688843499,-0.02173336191755043,-1.3148646619409288,-0.19887574600887525,1015.1999091103735,1015.5718722572946,1015.3500859296487,0.32521800210000557,0.31408906524338387,-0.09230273759749252,91.03884541909513,90.94422174757322,90.51485489023094,-0.2998855882013458,0.2490898174320244,0.18027703991026556,3.2108678429100665,3.357852461532649,4.566535955468275,0.06851137340296021,-0.30386835752943414,-0.9048151364061923,122.11653100921953
2026-09-04 01:05:00,12.132384847894283,12.211955081237623,12.52765812831816,11.987659444057286,13.067656812579035,-0.03375133322367797,-0.31777606540095016,-0.6141105964393698,-0.02144153436253049,0.01370573630906513,0.002073018320412956,1015.0196170241915,1015.4522685239692,1015.1908996699459,0.33585695601309734,0.31408906524338387,-0.05272021122004844,90.37447950753152,90.58835659212066,90.56230380360556,-0.35334673566550046,0.2490898174320244,-0.22303702891692012,2.2113703195533883,1.812798245105815,1.7907275418449506,0.04831080925772795,-0.30386835752943414,0.32593906079029855,15.72433334077261
2026-09-04 01:10:00,12.009515802033611,12.116714290585998,12.424001429618986,11.883842702018038,12.964160157219935,-0.020381174699599276,-0.31777606540095016,-0.6144021368878647,-0.021149993914035603,0.0693474136475043,0.010488926367962392,1015.0646448841022,1015.4487906653277,1015.1245772053911,0.31844224042628344,0.31408906524338387,0.01012439469320725,90.11103161031254,90.83311893087176,90.63666618424804,-0.36102616689952294,0.2490898174320244,-0.052637070808302155,2.8881472063445153,2.697532473531809,2.8583256252950533,0.054192188771154545,-0.30386835752943414,0.14307520576618993,2.958166069514205
2026-09-04 01:15:00,12.46845932654501,12.619024859327224,12.841955515428868,12.301636791892957,13.38227423896478,-0.023446510599284,-0.31777606540095016,-0.6146933910755563,-0.020858739726344,0.6270693110532228,0.09484540929930674,1015.0176537630077,1015.2855822591083,1014.9884630377219,0.3073510195951426,0.31408906524338387,-0.016969843856941225,91.02944054020392,90.60051644803706,90.43264589187719,-0.3528036825214389,0.2490898174320244,-0.08121926127215318,9.122104712907213,8.908448549881427,8.994606370306384,0.04108573092811082,-0.30386835752943414,0.21771053710447852,7.780625055793234
2026-09-04 01:20:00,12.984710398472627,13.29884887137828,13.548155673282649,13.007677001174788,14.08863434539051,-0.02780313282945124,-0.31777606540095016,-0.6149843598440228,-0.020567770957877596,0.45268373246860705,0.06846926349658133,1015.2810474293077,1015.7970549811573,1015.3456853126295,0.32190916985584167,0.31408906524338387,0.13728060328446645,90.43741857968061,91.75183931781571,91.27215115358774,-0.36636901371538383,0.2490898174320244,0.2305983467959436,4.713031574296067,4.687625270783992,5.456690972962443,0.041013173943454204,-0.30386835752943414,-0.46519734464901674,33.74813439316032
2026-09-04 01:25:00,11.746258494305595,11.967096331046273,12.572281736751213,12.031643163392378,13.112920310110049,-0.021140955263142382,-0.31777606540095016,-0.6152750440307264,-0.020277086771173847,-1.900203482131035,-0.2874093403039897,1015.362627103822,1015.6472564087566,1015.3823133347499,0.32830387049856613,0.31408906524338387,-0.04914599123674179,90.26053481808748,88.4284477260012,88.89533354834914,-0.4246574760538188,0.2490898174320244,-0.7159756397799697,3.7052363922955944,3.50189118386617,3.678086955846737,0.03789609801878206,-0.30386835752943414,0.12767258554886718,13.967440563826454
2026-09-04 01:30:00,11.751344988442586,11.83037429493383,12.108684172379826,11.567885745049017,12.649482599710636,-0.008904637963361342,-0.31777606540095016,-0.6155654444690427,-0.019986686332857606,0.2609302387289194,0.039466187954953824,1015.3433997513014,1015.8225543756587,1015.5004813404028,0.32089644201601947,0.31408906524338387,0.007983970012560349,90.59070380688347,90.47175004016633,89.65473925889327,-0.454427264686439,0.24908981743202444,0.5679209638410327,7.906726426210738,8.43157549604227,8.44836810646958,0.04451346413975154,-0.30386835752943414,0.2870757471021257,13.588449901424882
2026-09-04 01:35:00,12.357157292785065,12.538068036493138,12.666674747295232,12.125716513229536,13.207632981360929,0.00013246358087410683,-0.31777606540095016,-0.615855561988287,-0.01969656881361337,1.250690968988792,0.18916935459885664,1015.5532046684887,1015.8383970488351,1015.5435049914488,0.3353234300563535,0.31408906524338387,-0.019197007857087556,90.94414768591868,89.90181295361609,89.67961121920537,-0.4035184185553675,0.24908981743202444,-0.026888083021304965,3.898839553654386,4.4847398456331335,5.185644591714416,0.046795337029361096,-0.30386835752943414,-0.3970363885518484,26.323066262743946
2026-09-04 01:40:00,12.208488556858342,12.047034903708093,12.465914558826176,11.924796565220829,13.007032552431523,0.015733331942774945,-0.31777606540095016,-0.6161453974137429,-0.01940673338815746,-0.668445197477725,-0.10110358971713218,1015.3269082270232,1015.5327142078894,1015.3058775355374,0.3498018587378051,0.31408906524338387,-0.08725239289140063,91.73915320981148,89.86004722663564,89.6348995966125,-0.3533283834248014,0.24908981743202444,-0.023942187408877658,3.513037012088475,2.966685464029535,3.173102176735239,0.06024650876547898,-0.30386835752943414,0.09745164482372992,3.2877932037086666
2026-09-04 01:45:00,12.67452837629996,12.8302373770362,13.029952521082446,12.488674815090896,13.571230227073997,0.0004502825867739174,-0.31777606540095016,-0.6164349515666896,-0.01911717923521067,0.7805583966913758,0.11806092135470436,1015.4522685427515,1015.860108465041,1015.4603257832123,0.3530304910539936,0.31408906524338387,0.08569361658533126,90.99469746464314,90.44891720925685,90.08630515693768,-0.3843607543469623,0.24908981743202444,0.1135222348871423,2.6507968310080985,2.8683211795939725,3.0935061269543658,0.05422753715615285,-0.30386835752943414,0.07868341016904079,3.242482007517129
2026-09-04 01:50:00,12.17341048602368,11.96933300968685,12.466708973733429,11.925271602467392,13.008146344999465,-0.002966282100080602,-0.31777606540095016,-0.616724225264429,-0.018827905537471268,-1.1874226232029859,-0.17959989864562864,1015.2109804558598,1015.3875087707639,1015.1737602031233,0.34222856831950965,0.31408906524338387,-0.10034049760270136,91.12574210896523,89.59918968343348,89.55696430270282,-0.3608142667949826,0.24908981743202444,-0.20686443670136612,3.7885722700009374,4.107489982776696,4.357761255805926,0.06131868105248568,-0.30386835752943414,0.05359708450020406,5.164065286270947
2026-09-04 01:55:00,11.804000425841425,11.713529421033163,12.039455895728787,11.497858906258317,12.581052885199258,-0.017066521081936913,-0.31777606540095016,-0.6170132193203125,-0.018538911481587816,-0.05388633544808208,-0.008150409294673366,1015.3380959914306,1015.7557092090609,1015.3419530252511,0.3372671838778481,0.31408906524338387,0.09966711856645816,90.2667237610551,89.73551712836692,89.44132199725527,-0.40206431426193867,0.24908981743202444,0.04510531367962756,3.393987489205546,3.6198239631443516,4.003269577620104,0.062940913221474,-0.30386835752943414,-0.07957725694631845,2.028138431189386
2026-09-04 02:00:00,12.195743718964163,11.556373071212287,11.835776625487235,11.29402006484078,12.37753318613369,-0.02285821272322904,-0.31777606540095016,-0.6173019345437675,-0.018250196258132845,0.2536994072030474,0.038372511126002706,1015.5206449702755,1015.6822249966672,1015.3754571317778,0.3407038248053128,0.31408906524338387,-0.007321200353999302,90.03446351271852,89.70936566680197,89.42445097172423,-0.35291324439211536,0.24908981743202444,0.03582487764572306,5.849281544843243,5.698435507436493,5.891513078806812,0.04658801052075848,-0.30386835752943414,0.11079078615911442,1.9197498121587115
2026-09-04 02:05:00,12.41861459274691,12.491270625274387,12.625158262730164,12.083242177894627,13.1670743475657,-0.007629899346014459,-0.31777606540095016,-0.6175903717403244,-0.017961759061575933,1.215776184362829,0.18388842794517402,1015.5626442547081,1015.8532337369926,1015.5117445445927,0.33844068685554296,0.31408906524338387,0.02740012715651119,90.59426393011577,91.14476706786871,90.5984441944053,-0.3443299897158171,0.24908981743202444,0.29723305603138783,3.2159847537511244,3.18015793103909,3.682910740110743,0.03740184593552815,-0.30386835752943414,-0.1988844515422188,9.758713291745895
2026-09-04 02:10:00,12.32286281586617,12.188078273109364,12.615151947482216,12.07307638540302,13.157227509561412,-0.006010140535136026,-0.31777606540095016,-0.6178785317116423,-0.017673599090258008,-0.7226198596654339,-0.109297608971902,1015.4090452458221,1015.5439939643378,1015.3169529545776,0.3497081729943612,0.31408906524338387,-0.08704805548313743,90.60994245135663,89.09278180628124,89.35014675885536,-0.3110925372642384,0.24908981743202444,-0.5064547700061439,5.103026221093866,4.914446890260864,5.035072518272843,0.03590306560030647,-0.30386835752943414,0.18324272951745524,8.21737346999316
2026-09-04 02:15:00,12.220998492678081,12.476320282631084,12.78224440196304,12.240009409544184,13.324479394381894,0.03309274691211052,-0.31777606540095016,-0.6181664152555355,-0.017385715546364866,0.07835900241277827,0.011851946068995645,1015.4592459245237,1016.2142218599672,1015.747048554367,0.33135088403304913,0.31408906524338387,0.1530842403568613,90.00992226173035,90.36555758983134,89.8325821915979,-0.3711208044156273,0.24908981743202444,0.28388558080142445,1.4359465939580103,1.3568933747095855,1.885525050245791,0.047025990099223744,-0.30386835752943414,-0.2247633180067714,10.249111007245862
2026-09-04 02:20:00,12.47205477831112,12.586087142852156,12.908927328684914,12.366532952789038,13.45132170458079,0.035993842419956276,-0.31777606540095016,-0.6184540231659984,-0.017098107635901916,-0.033481372833168876,-0.005064120431807595,1015.2582237442676,1015.3235495320095,1015.2337082267077,0.31341972168425425,0.31408906524338387,-0.22424775994159063,90.47921000771899,90.21027086209456,89.96941136045562,-0.3474035058482562,0.24908981743202444,-0.008230315793085197,2.5342639922378503,2.2229377043124923,2.3390080735161396,0.05166322067479489,-0.30386835752943414,0.18779798832578676,10.63981366510951
2026-09-04 02:25:00,12.54426936637097,12.805977765939948,13.111196976973941,12.568643264422386,13.653750689525497,0.03688922062865232,-0.31777606540095016,-0.6187413562332322,-0.01681077456866814,0.0830194953562291,0.012556854366957637,1015.4474338504889,1015.7644960865704,1015.3418477730677,0.31559017502204345,0.31408906524338387,0.10855924825932561,90.77159219234046,91.24699941715093,90.8261492603694,-0.34767209807721383,0.24908981743202444,0.17176033934950397,3.9784604212382977,3.9840119871839206,4.240552508748663,0.03998821243598775,-0.30386835752943414,0.04732783596469181,1.8013343141522897
2026-09-04 02:30:00,12.664442471590164,12.48620512707591,12.879120084446296,12.33640708201916,13.42183308687343,0.03848196442025556,-0.31777606540095016,-0.6190284152436694,-0.0165237155582309,-0.49677990288266294,-0.07513889196943424,1015.648886009386,1016.1300732925919,1015.7071621712156,0.30969164205636057,0.31408906524338387,0.10882205613290807,90.76056840238779,90.09731288176336,90.16856627435868,-0.31785458059953436,0.24908981743202444,-0.320343210027346,9.143599692967609,8.731344229731604,8.91306744520752,0.03858505015551615,-0.30386835752943414,0.1221451420535189,4.573194484385438
2026-09-04 02:35:00,12.40994159984696,12.646533641306242,12.927822012221887,12.384949766658092,13.47069425778568,0.02891483402735652,-0.31777606540095016,-0.6193152009799991,-0.016236929821901114,0.24123796409183562,0.036487694485305866,1015.6153002301776,1016.0729251751457,1015.8024033218643,0.30216705867998767,0.31408906524338387,-0.04356721196199942,90.81463190999251,89.46300203291564,89.34013374295724,-0.2858342076661096,0.24908981743202444,-0.1262215274736178,3.7850763179148696,3.783799066289875,4.515518418642797,0.058763114643446454,-0.30386835752943414,-0.4278509948234879,26.553937510182234
2026-09-04 02:40:00,12.126327914715974,12.575546468430332,12.900322726309813,12.357291284307165,13.443354168312462,0.028047284841692614,-0.31777606540095016,-0.6196017142211923,-0.015950416580708004,-0.04628169046010555,-0.007000192478530565,1015.6172558034107,1016.0259074997865,1015.7642267771957,0.2809503780498949,0.31408906524338387,-0.05240834265259764,90.6879819059948,89.43045070148762,89.07800130584798,-0.2835317435344934,0.24908981743202444,0.10335957820761621,5.7444458784503,5.4297467197122256,5.4462325602237,0.05987534799185503,-0.30386835752943414,0.28738251701796,12.150488355640725
2026-09-04 02:45:00,12.298402769548462,12.496198534783208,12.823946926172647,12.280756334387888,13.367137517957406,0.0449641052483673,-0.31777606540095016,-0.6198879557425256,-0.01566417505937473,-0.06593191629829676,-0.009972325988488961,1015.5622998190609,1015.7959004890151,1015.549499048284,0.2811849281874731,0.31408906524338387,-0.06768762451224575,90.30113008159026,88.96312333775371,88.71177734949477,-0.30456078090285044,0.24908981743202444,0.0022561708269250857,2.984671903593953,3.103318904372505,3.5650803385924106,0.05660209224113107,-0.30386835752943414,-0.15789307669047137,4.078371780932993
2026-09-04 02:50:00,12.772671801941456,12.977415268950198,13.21388894279593,12.670539247844808,13.75723863774705,0.04667366527028389,-0.31777606540095016,-0.620173926315607,-0.015378204486293345,0.5375298080967195,0.08130239155521934,1015.5682089996035,1016.0514242084455,1015.6636953207368,0.2805518668914639,0.31408906524338387,0.07363982246533851,90.33101152120759,90.43599142901755,89.82809510696038,-0.2772714145265681,0.24908981743202444,0.35880650462515007,2.027241987543908,1.8849356079097341,2.151409524102238,0.06151948864869328,-0.30386835752943414,0.03739444133693004,2.1647118638858123
2026-09-04 02:55:00,12.017435985402372,12.08612729000339,12.572951916193103,12.029443164650429,13.116460667735778,0.03477176932203182,-0.31777606540095016,-0.620459626708399,-0.015092504093501324,-1.1176625767286819,-0.16904856078876307,1015.4801522089255,1015.9055544872207,1015.6151567869248,0.2883936146748848,0.31408906524338387,-0.023691364947467264,89.93533282258821,90.83749361835422,90.5810569378485,-0.2793768220057476,0.24908981743202444,0.007346863073692589,1.3508049923447107,1.507132516151585,1.767608255352752,0.06915341944451298,-0.30386835752943414,0.04339261832826713,3.3545270793122386
2026-09-04 03:00:00,12.549593307660412,12.465555051562191,12.680439593635285,12.136771832034988,13.224107355235581,0.02089550001485229,-0.31777606540095016,-0.6207450576852434,-0.014807073116656966,0.680266099572707,0.10289152332785712,1015.695908127224,1016.0169735581454,1015.6781495588551,0.28922048827233643,0.31408906524338387,0.02473493404693272,91.46469498313678,90.70280946643338,90.62345607448783,-0.30992429537921506,0.24908981743202444,-0.1697364254864766,3.32028113499229,3.7093470894714367,3.9022404703151405,0.06459173596971239,-0.30386835752943414,0.1109749766857302,3.093382819938401
2026-09-04 03:05:00,12.306452692000263,12.472833638180429,12.77445718139367,12.230630456228866,13.318283906558474,0.01414247163986464,-0.31777606540095016,-0.6210302200068849,-0.014521910795015469,0.10679221097623426,0.016152522187709906,1015.666043648289,1015.9897600012814,1015.684268525152,0.28762923933345047,0.31408906524338387,-0.008597589113946924,90.56192671963362,90.72310533475961,90.54759587186989,-0.34212962348023407,0.24908981743202444,-0.07358035454230105,2.278173859424077,2.824625423968916,3.2666268491486563,0.06961748371342676,-0.30386835752943414,-0.13813306765030609,2.7862240560421183
2026-09-04 03:10:00,12.54067793881197,12.254711779887582,12.614784396583365,12.070798754306406,13.158770038860325,0.015250423156027846,-0.31777606540095016,-0.6213151144304945,-0.014237016371405842,-0.2796431527505874,-0.04229655129483234,1015.6885424642086,1015.9447073140412,1015.6461418598328,0.3017532469749345,0.31408906524338387,-0.01552361103495059,90.45925450947686,88.84667048491721,88.97800317277945,-0.39383037805116744,0.24908981743202444,-0.3804225052942627,2.404784381758678,1.7127115937992496,2.0301260712229423,0.06632858874671867,-0.30386835752943414,-0.01354611989425858,0.9859764811415701
2026-09-04 03:15:00,13.10965542205591,13.059258618259918,13.2440652695904,12.699920756612942,13.78820978256786,0.033154221188171774,-0.31777606540095016,-0.6215997417096937,-0.013952389092206696,0.879125721406206,0.1329694140704678,1015.5478019712433,1015.6973578067019,1015.4375043880577,0.2860036393335519,0.31408906524338387,-0.054235646599181564,90.14714087769343,89.87970730839939,89.27942020030741,-0.41169056863587467,0.24908981743202444,0.35119729065995386,6.577699139290121,6.400962775892999,6.444595715808575,0.07352186476501305,-0.30386835752943414,0.26023541761385793,12.49507562795493
2026-09-04 03:20:00,12.747485429944263,12.406320961044502,12.877573108918442,12.3332697716115,13.421876446225385,0.013046891567675224,-0.31777606540095016,-0.6218841025945767,-0.013668028207323657,-1.0147053190078825,-0.15347608247298972,1015.3158961160763,1015.7939090723578,1015.4368776636268,0.2924403099597228,0.31408906524338387,0.04294234348765258,92.05402526822822,92.21577901427464,91.42740368697305,-0.37309634702327144,0.24908981743202444,0.5392855098695719,0.6949361200717749,0.6792290932828965,1.4408713833257885,0.07521879634472588,-0.30386835752943414,-0.4577739325134579,34.09270155771674
2026-09-04 03:25:00,12.766039870971069,12.633558092907396,12.908233432717878,12.363771317411885,13.452695548023872,0.00824949739934388,-0.31777606540095016,-0.6221681978317345,-0.013383932970165824,0.284959941673284,0.043100725590468514,1015.8159802132209,1016.2851979562433,1015.8405607044742,0.27238654398217865,0.31408906524338387,0.1305481865257434,90.0508329797904,88.52546085553533,89.19238615139105,-0.36687230403358123,0.24908981743202446,-0.9160151132877417,4.968347940537259,5.186484760666959,5.049501766114274,0.0800384746152548,-0.30386835752943414,0.44085135208211934,34.13889731862457
2026-09-04 03:30:00,12.283560726797235,12.422383892866817,12.763622565408461,12.219001718393333,13.30824341242359,0.010414147690870063,-0.31777606540095016,-0.6224520281642769,-0.013100102637623345,-0.15512275189617775,-0.023462607140693592,1015.5925066838882,1015.7222165141559,1015.5635465891155,0.26232620142216895,0.31408906524338387,-0.1554191402029801,90.33916467832495,89.79064372940019,89.23429591901281,-0.38541417374088766,0.24908981743202446,0.30725799295535694,3.799251896403824,3.3765921843110447,3.941156391690736,0.07244663915357975,-0.30386835752943414,-0.2606958498502574,12.932756133026416
2026-09-04 03:35:00,13.209629491155697,13.293616727576218,13.464884072632913,12.9201045401581,14.009663605107725,-0.017091438823571455,-0.31777606540095016,-0.6227355943318562,-0.01281653647004416,0.9686406860203665,0.1465087203442561,1015.5483510856137,1015.7730576266725,1015.4585461416405,0.24777431583068918,0.31408906524338387,0.00042241978871970787,90.82643270890608,91.04192220538995,90.43208089802663,-0.3572442159045849,0.24908981743202446,0.3607514899313031,4.622401507972703,4.39200756124549,4.5890411652028185,0.06423377531285115,-0.30386835752943414,0.10683475357210526,4.567992726456975
2026-09-04 03:40:00,13.25650035945886,13.237087685497887,13.624899179938742,13.079961008213292,14.169837351664192,-0.02959541306806755,-0.31777606540095016,-0.6230188970706882,-0.012533233731212012,-0.463038417587299,-0.07003542903990478,1015.7958283727103,1016.0314725164975,1015.635664610877,0.2571576262561122,0.31408906524338387,0.08171884037710697,90.92188934745825,88.18849193200975,88.58052172447348,-0.38638089766490347,0.24908981743202446,-0.6411196098957532,5.002986008917095,5.115781918073674,5.4219851923473446,0.0736887483594451,-0.30386835752943414,-0.0023349167442363594,3.376111540303736
2026-09-04 03:45:00,13.954306068521262,13.948592526169554,14.204266138120559,13.659169373313176,14.749362902927942,-0.039793741164110344,-0.31777606540095016,-0.6233019371135764,-0.012250193688323918,0.4105896425274569,0.06210245344994547,1015.6477401440133,1015.8992144619051,1015.616076950172,0.2563727034529675,0.31408906524338387,-0.03095155351024914,91.14921315499186,91.83453196628999,90.77729170067701,-0.3830436380632562,0.24908981743202446,0.8081504481809532,3.372340361619973,3.470701618623563,3.882989507984067,0.07289478454559016,-0.30386835752943414,-0.10841953183106989,5.548164783115721
2026-09-04 03:50:00,13.060072731539888,12.631166511195179,13.216938629686243,12.671683317925345,13.762193941447142,-0.05173329677186782,-0.31777606540095016,-0.623584715189932,-0.011967415611968346,-1.7718527614328092,-0.26799605309011376,1015.8810554160028,1016.1469103123088,1015.7874270715779,0.25621066451785174,0.31408906524338387,0.04539417548755864,91.5118778704522,91.40549067005638,91.33752921604739,-0.38933070110864926,0.24908981743202446,-0.18112836342302785,3.2525044144427966,3.4415350683354085,3.6735264055379657,0.07574513196658378,-0.30386835752943414,0.07187702032687682,8.733001578651375
2026-09-04 03:55:00,13.368468213290837,13.245100803580112,13.402232770833766,12.85681895820754,13.947646583459992,-0.048854953596543106,-0.31777606540095016,-0.6238672320257976,-0.011684898776102737,1.0620965705583068,0.16064409814729608,1015.8310155180692,1016.2159746059813,1015.9034730872579,0.24292986866509833,0.31408906524338387,-0.0015875465199997052,90.88266306540382,91.09398405436463,91.08846362462727,-0.36206112921305694,0.24908981743202446,-0.24356938769466296,6.3238348683414,6.529618764103554,6.6928542628124035,0.07268117769571858,-0.30386835752943414,0.14063285882058452,5.8570533701152065
2026-09-04 04:00:00,13.481590069017926,13.294056399991813,13.583570794116024,13.037998526672492,14.129143061559557,-0.05126334773907007,-0.31777606540095016,-0.6241494883438682,-0.01140264245803213,0.18685170813900243,0.02826167127673962,1015.8583639397103,1015.9856148901512,1015.7499772919535,0.23933354671390367,0.31408906524338387,-0.07845146704573835,90.10944091306193,89.36200136751089,89.50090036811075,-0.41726412219523945,0.24908981743202446,-0.3879888180318858,7.874979011467176,8.05822578683779,8.434840522699387,0.08166844543585502,-0.30386835752943414,-0.07274637833216246,2.2990917823197607
2026-09-04 04:05:00,14.117209532198764,13.925804954817771,14.166855708621453,13.621125032368527,14.71258638487438,-0.05959263927808561,-0.31777606540095016,-0.6244314848635126,-0.011120645938387685,0.5072684976435173,0.07672531159726859,1015.5693488429281,1015.6725687572754,1015.4311790092097,0.23017196307419432,0.31408906524338387,-0.07269931717769396,90.5530354765543,88.72783644800327,88.45157646475559,-0.4470210432987524,0.24908981743202446,0.027170165815661562,2.5437920483324308,2.677478988957437,3.2894861851971653,0.07559034563555844,-0.30386835752943414,-0.3081388387102941,14.763570196821288
2026-09-04 04:10:00,13.555821826438319,13.622564352121273,14.051081966453712,13.505192927359248,14.596971005548175,-0.05317319987979609,-0.31777606540095016,-0.6247132223007952,-0.010838908501105082,-0.7321664517709348,-0.1107415489314878,1015.9755805216255,1016.3958469061994,1015.8822060485348,0.2347734232524449,0.31408906524338387,0.19955179242117538,90.79653294620914,90.71942366989565,89.86748563592593,-0.5043596413670611,0.24908981743202446,0.6028482165376943,1.7627323077117367,1.8536885729461967,1.9519402368480359,0.07423433323654961,-0.30386835752943414,0.20561669362759494,13.635420483208948
2026-09-04 04:15:00,13.816536194234162,13.617107649818,13.951896111572054,13.405848755563918,14.49794346758019,-0.02732707911510234,-0.31777606540095016,-0.6249947013684971,-0.01055742943340321,-0.11247725893448646,-0.017012396353104364,1015.8537372830938,1016.0072209014401,1015.7875956660705,0.22288032962846555,0.31408906524338387,-0.09446382987380275,91.69482097631078,91.11530318934717,90.81865360309497,-0.5134455266303856,0.24908981743202446,0.04755976882017876,8.306242995688521,8.58776618396941,8.548970263039076,0.08209426136358093,-0.30386835752943414,0.34266427845977,17.790830484702127
2026-09-04 04:20:00,14.062303457977404,13.938629056587946,14.19794914004364,13.651743513009759,14.744154767077521,-0.002738231363976062,-0.31777606540095016,-0.6252759227761367,-0.010276208025763567,0.3864810389470197,0.05845598194525614,1015.781211465861,1015.8305940248354,1015.5793455773378,0.23883786201092647,0.31408906524338387,-0.06284061774579186,89.97881208471378,89.53345888505639,89.75787909893475,-0.4710455640032505,0.24908981743202446,-0.47351003131038283,3.609199169058692,3.0312263074446486,3.8856002042716593,0.0938239383552236,-0.30386835752943414,-0.5505055392975766,45.19580715426589
2026-09-04 04:25:00,14.011187990082211,13.562194332995396,13.956334998564968,13.409971146353389,14.502698850776547,-0.03157980794491111,-0.31777606540095016,-0.6255568872299915,-0.009995243571908785,-0.5048836582641218,-0.07636460016862046,1015.8815330481814,1016.0274944534818,1015.6520883870827,0.21873089661543732,0.31408906524338387,0.06131700115577132,91.27546969265843,91.65681906447647,90.98136589112269,-0.48873621634112396,0.24908981743202446,0.426363355921751,4.9237735143115335,5.47565990584786,5.439029598573845,0.08858634544495676,-0.30386835752943414,0.3404986648034489,18.51304394661837
2026-09-04 04:30:00,13.8785036023039,13.79675524104128,14.065746272775566,13.519224241194518,14.612268304356615,-0.022923725187384017,-0.31777606540095016,-0.6258375954331178,-0.009714535368782529,0.3225416778425707,0.048785033666664646,1015.6184527046948,1015.7779974530342,1015.5073439637814,0.2090526586259586,0.31408906524338387,-0.04343557599054293,90.75495753411825,90.85799847903034,90.82842472152315,-0.5066101541779717,0.24908981743202446,-0.21951605992482826,3.671321151599895,3.1181597216003136,3.6113721420774505,0.10818318526451559,-0.30386835752943414,-0.18934406294770278,5.825131957437996
2026-09-04 04:35:00,14.258328513306164,14.0151669292251,14.301611455206661,13.754931290024608,14.848291620388714,-0.025594074538341595,-0.31777606540095016,-0.6261180480853716,-0.009434082716528625,0.2071481053548183,0.03133153941938893,1015.9725607207466,1016.4349841946511,1015.9614888914148,0.22917906474555175,0.31408906524338387,0.15940623799292553,89.97376912541313,91.0346592597533,90.81102617948494,-0.47609979933152696,0.24908981743202446,-0.025456737163665366,2.016699101395587,1.8042661585256912,2.0756008761824587,0.11131560220145176,-0.30386835752943414,0.03253363987266655,3.090172651923037
2026-09-04 04:40:00,14.736791544853595,14.729365386196163,14.96525862845184,14.418420375397544,15.512096881506137,-0.02326674439536125,-0.31777606540095016,-0.6263982458834296,-0.00915388491847069,0.5413673247459414,0.08188282314527306,1015.7848105360812,1016.1474918677077,1015.9247675767116,0.22395739977000734,0.31408906524338387,-0.09136477424726763,86.04006492015614,85.72444773846935,86.51572483449334,-0.4387005647855915,0.24908981743202446,-1.0403669134560118,5.188600167208746,5.221458247797067,5.310098635811656,0.10088631958336439,-0.30386835752943414,0.2152279695148449,13.811281801771607
2026-09-04 04:45:00,14.026356598981236,13.806893999734244,14.339656970836606,13.792660675599173,14.886653266074038,-0.029240989898499478,-0.31777606540095016,-0.6266781895208081,-0.008873941281092201,-1.4213834052655052,-0.21498690570141044,1015.7659116899328,1016.1462186382248,1015.867162901733,0.2081788557971544,0.31408906524338387,-0.035033328751524095,89.2389408847413,88.24417038236841,87.09351596492117,-0.44180055213999914,0.24908981743202446,0.9015646000152202,4.746398185057492,5.052758892453708,5.517095841718682,0.10457684006926407,-0.30386835752943414,-0.1604685917355395,12.877137429304941
2026-09-04 04:50:00,14.6226973010627,14.616128589722353,14.782302336623927,14.23514804485288,15.329456628394974,-0.027477160450191444,-0.31777606540095016,-0.6269578796878841,-0.008594251114016238,1.0023169504754375,0.15160231849937666,1015.7717573581737,1016.1055611190733,1015.8041528615973,0.2108077145476064,0.31408906524338387,-0.012680807767424085,87.19355983158826,86.62499082181303,86.43544975961102,-0.4178355322482529,0.24908981743202446,-0.05954875523001135,2.6198279899616086,1.8219947706461532,2.2679449967914396,0.10074684792442949,-0.30386835752943414,-0.14208186861585226,5.347850224104281
2026-09-04 04:55:00,14.424874585839898,14.370731384182319,14.74644341172771,14.199131169033034,15.293755654422387,-0.025206049509111164,-0.31777606540095016,-0.6272373170719148,-0.008314813729985548,-0.3830429341337265,-0.05793596214444108,1016.2000736075904,1016.5471131659738,1016.1258084504426,0.2051030076410319,0.31408906524338387,0.10721565028779878,90.57288535803777,90.44988711488966,89.35272211905502,-0.4555289411789811,0.24908981743202446,0.8480751784026239,4.264685427068207,4.361335662681918,4.4041285541958715,0.10508753279626126,-0.30386835752943414,0.2610754660154804,15.05774124744017
2026-09-04 05:00:00,15.321164402077555,15.621682430816673,15.76245567527014,15.214985527222343,16.309925823317936,-0.03389032586934501,-0.31777606540095016,-0.6275165023570572,-0.008035628444843124,1.1702520744652212,0.1770028209474841,1015.9736535900427,1016.0655138356292,1015.8811658244895,0.19507256457361222,0.31408906524338387,-0.129741054103647,83.8263017128347,84.2316870885375,85.41420419228896,-0.4072998394915916,0.2490898174320245,-1.4316069211834872,6.944587436055902,7.2869649182002805,7.57008293853803,0.10465897031965789,-0.30386835752943414,0.020750337191684842,15.783547857637512
2026-09-04 05:05:00,14.374844464740116,14.426952221744033,15.025246229247914,14.477618221378087,15.572874237117741,-0.047335839086722724,-0.31777606540095016,-0.6277954362243878,-0.007756694577512546,-1.8546410837602973,-0.28051794210293046,1016.3348384925331,1016.4869702840741,1016.0845041604111,0.1819221148440276,0.31408906524338387,0.08837705841960997,90.69262423852913,89.18690195817436,87.79141998014055,-0.3320951192037948,0.2490898174320245,1.146392160601792,5.196373499975177,5.600130642005279,6.117661547133661,0.10540170722155934,-0.30386835752943414,-0.21366254759894776,22.46196757320164
2026-09-04 05:10:00,14.904214596838218,14.482220747999742,14.765493129338562,14.21770730713843,15.313278951538695,-0.05406627432601499,-0.31777606540095016,-0.6280741193519218,-0.0074780114499785055,0.22812070245129057,0.034503684062130446,1016.0630549371384,1016.1297102382965,1015.8997934348575,0.2151425981115389,0.31408906524338387,-0.0841722618043832,86.68660660283507,86.3795841284662,86.67149204652604,-0.31385256651218946,0.2490898174320245,-0.5409977354918567,1.7560525554885955,1.6431394313950558,2.045396011506727,0.09628577345569787,-0.30386835752943414,-0.098388222582237,3.8008009738359148
2026-09-04 05:15:00,15.42496156790954,15.121431413729836,15.292738238867987,14.744794647789966,15.840681829946007,-0.05055238535916351,-0.31777606540095016,-0.6283525524146327,-0.007199578387267647,0.9683796639249085,0.14646924026279962,1015.9279191080542,1016.1084698787829,1015.7973127125899,0.21212397530932928,0.31408906524338387,-0.002931899050395259,79.9967547738741,80.8975839262456,81.71816130143365,-0.3868041732591875,0.2490898174320245,-1.0696671926200736,4.9012396371532345,4.917175436829587,4.8940471063373465,0.10618638576286148,-0.30386835752943414,0.3269966880216746,23.407098720234124
2026-09-04 05:20:00,16.049146798337468,16.018620959902037,16.235872436345996,15.687771121803259,16.783973750888734,-0.04156744023389955,-0.31777606540095016,-0.6286307360844708,-0.006921394717429474,0.6646171407436956,0.10052458895699168,1016.0591319089726,1016.3507648245982,1015.9607162328192,0.18901716698533474,0.31408906524338387,0.07595952653559834,82.04635938445581,81.4478500552107,80.56435726540477,-0.4063422324431099,0.2490898174320245,0.6344029723739055,6.0578508585888144,5.967631532012377,6.3675860756691085,0.09462511209135116,-0.30386835752943414,-0.09608618612729725,5.097560507888287
2026-09-04 05:25:00,15.548000654122854,15.333263858870525,15.866763197480232,15.318504204846754,16.41502219011371,-0.028767205573797354,-0.31777606540095016,-0.6289086710303828,-0.006643459771517424,-1.4262518904027939,-0.21572327320875573,1016.4565945093743,1016.6837236861895,1016.2958634130146,0.20694168409340116,0.31408906524338387,0.07377120793159975,84.67540333871266,85.03531947642325,83.6046462773917,-0.3848933461846837,0.2490898174320245,1.1815833815995376,6.899387062601107,6.865122129680584,7.189133039006564,0.0835374631373012,-0.30386835752943414,-0.020142551796546115,12.76167184785465
2026-09-04 05:30:00,15.50602287243377,14.8761691304668,15.272896593660247,14.724479968270867,15.821313219049628,-0.036180055919801044,-0.31777606540095016,-0.6291863579183301,-0.006365772883570264,-0.5219862404114615,-0.0789513977924976,1016.2945048568174,1016.7055015146161,1016.4269988300308,0.214274534954728,0.31408906524338387,-0.03558638065806008,81.16620122997476,81.16105000066206,81.77525564205821,-0.39964525108550636,0.24908981743202446,-0.8632954588281763,5.4775973977629455,5.2552604991731915,5.664563237626105,0.08721106662877608,-0.30386835752943414,-0.10543438092347923,6.216502769705368
2026-09-04 05:35:00,16.636739801162477,16.874726676518968,16.82441821157575,16.275843998726224,17.372992424425277,-0.03192238741025999,-0.31777606540095016,-0.6294637974113071,-0.00608833339059317,2.4335865547680857,0.36808453034416644,1016.2843939961864,1016.3182585651348,1016.1371929198599,0.20507693778249056,0.31408906524338387,-0.133023419968481,77.75227137136048,78.1618415548937,78.49275713952039,-0.35511830168675296,0.24908981743202446,-0.5800054020587169,2.2385140673273876,2.074977927686668,2.4457854661416123,0.10323950910055577,-0.30386835752943414,-0.06693918092551021,18.672447424609345
2026-09-04 05:40:00,15.463550976965644,15.590110931815765,16.22485195664741,15.676120201594474,16.773583711700347,-0.017484848530960512,-0.31777606540095016,-0.6297409901693608,-0.005811140632539513,-2.0956101113021646,-0.3169649594306936,1016.4414898896677,1016.7104051509907,1016.3059271152943,0.19387950871825685,0.31408906524338387,0.09038897045309113,81.68539921766227,80.70305798695082,79.55741171831312,-0.33453279743149766,0.24908981743202446,0.896556451205683,6.120766142253976,6.3507927969923985,6.322834833908264,0.09971357812991169,-0.30386835752943414,0.331826320613569,31.379961084136102
2026-09-04 05:45:00,15.323950825795317,15.428145275389873,15.776184155667277,15.227294903628692,16.32507340770586,-9.251037985900934e-07,-0.31777606540095016,-0.6300179368496079,-0.005534193952292432,-0.200082245575242,-0.030262814876452993,1016.545724815913,1016.5604405779047,1016.2753151134655,0.20196118227215562,0.31408906524338387,-0.028963600804104317,83.39399931517438,82.39041853916362,81.65421508287709,-0.35925943995830056,0.24908981743202446,0.48711363885450965,5.849585144433183,5.995793057771957,6.502611882705431,0.10672330135695135,-0.30386835752943414,-0.20295046740404032,7.286799877332086
2026-09-04 05:50:00,16.542363559936963,16.420015532927007,16.529116326597972,15.980069622752593,17.078163030443353,-0.0008834179157714232,-0.31777606540095016,-0.6302946381062537,-0.005257492695646571,1.379654111298386,0.2086752717299838,1016.6931710104045,1016.9062956431228,1016.5213854317627,0.19899816234228215,0.31408906524338387,0.07082114611671386,75.28209105310454,74.94017839522105,76.35011577572995,-0.3581301715813067,0.24908981743202446,-1.6590271979409152,0.8649205693988695,1.1298532248015984,1.6439853608030273,0.1174567031255868,-0.30386835752943414,-0.21026377847199473,25.61748191022958
2026-09-04 05:55:00,16.330518345560854,16.411856305972975,16.781250113961026,16.232046003448843,17.330454224473208,-0.004197393789865612,-0.31777606540095016,-0.63057109459061,-0.004981036211290368,-0.3412700996425855,-0.05161774258710139,1016.8000824290003,1017.0870188709047,1016.7542686026342,0.17588642852094094,0.31408906524338387,0.018661203027136253,75.27693584034094,73.66174407624501,73.30640678418011,-0.3894143343036749,0.24908981743202446,0.10624747463288031,4.006323553227846,4.196131417636624,4.1417328574515135,0.12560354749852748,-0.30386835752943414,0.3582669177145448,18.69322296514401
2026-09-04 06:00:00,16.289855655795044,16.147653060668546,16.55923307101595,16.009871598938158,17.10859454309374,-0.0013305302823197291,-0.31777606540095016,-0.6308473069511125,-0.004704823850787798,-0.6201836817006523,-0.09380394494645472,1016.5882358915127,1016.7533938145853,1016.55760231695,0.19733330809619695,0.31408906524338387,-0.11829756760812415,77.90047048844946,77.28887319811201,75.69827874439937,-0.39580480504811033,0.24908981743202446,1.341504636280618,3.4997059831561637,3.8334990281072328,4.28163612313091,0.12249146460679067,-0.30386835752943414,-0.14426873749424285,14.70818206472057
2026-09-04 06:05:00,17.15065446680785,17.173049784475605,17.33069621232475,16.7811774237438,17.8802150009057,-0.018576142375780817,-0.31777606540095016,-0.6311232758333396,-0.004428854968560769,1.0586952203657987,0.16012963755180465,1016.5048353400165,1016.779629753179,1016.4711961667756,0.19212542254960546,0.31408906524338387,-0.0056554788399125755,73.88345568257073,73.67054144012,74.04348751929867,-0.41521556846324964,0.24908981743202446,-0.6220358966106829,5.786466817865173,6.161512014746521,6.361894150100287,0.11158099743484992,-0.30386835752943414,0.10348622217566827,6.2324444703194395
2026-09-04 06:10:00,17.13567659440611,16.9300796641975,17.352564078601656,16.8028880185413,17.902240138662012,-0.021480285041313437,-0.31777606540095016,-0.6313990018800286,-0.0041531289218716405,-0.6922780212140545,-0.10470834900320725,1016.7054077131364,1016.7715201462988,1016.4425286311382,0.2100722833873946,0.31408906524338387,0.01490244991725831,73.03617078703849,74.0897803671432,73.69097436597089,-0.3740989054550933,0.24908981743202446,0.1497161837402956,2.7141232441973644,2.2811137800156693,2.8515543905705796,0.08950552177813637,-0.30386835752943414,-0.26657225302547616,11.439145482300617
2026-09-04 06:15:00,16.985176677669315,17.2781228787163,17.57842649633974,17.0285932097851,18.128259782894382,-0.010311489064216488,-0.31777606540095016,-0.6316744857310947,-0.0038776450708056243,0.11551888353055162,0.017472447777507227,1016.872289936663,1016.8481499428165,1016.5034296919614,0.22541350288298317,0.31408906524338387,0.03063118561169631,74.3488174673681,74.37095353531794,73.93744125774496,-0.3000384834660085,0.24908981743202446,0.18442246014095076,5.199542529128855,5.030126750788058,5.045700560212941,0.08687711678351244,-0.30386835752943414,0.2882945481045507,12.170852438486707
2026-09-04 06:20:00,16.873070837214215,16.558341224275285,17.013830957512585,16.463840489410206,17.563821425614965,-0.0006822821225609711,-0.31777606540095016,-0.631949728023647,-0.003602402778253355,-0.9104922995296221,-0.1377136678363513,1016.7566271357587,1017.053582967481,1016.692661745505,0.2134013883491894,0.31408906524338387,0.0468321567326484,75.56555460752902,75.71560730909825,75.17753804338787,-0.3501300751292598,0.24908981743202446,0.2889794482783543,8.59869610238298,8.627941305605102,8.885596747453619,0.09865799046913419,-0.30386835752943414,0.04621291568091834,2.984492987726098
2026-09-04 06:25:00,17.910217082558734,18.15193755227288,18.185188576053847,17.635040971311742,18.73533618079595,-0.004736296188019306,-0.31777606540095016,-0.6322247293920062,-0.0033274014098940152,1.8811339752143148,0.2845250416199825,1016.8276672469526,1017.3150684487855,1016.9627383377768,0.22579966672154717,0.31408906524338387,0.03824104576528953,70.65696178806708,71.17109982056047,71.92973978172947,-0.4174426451466011,0.24908981743202446,-1.0077297786010178,6.953770096845711,7.034383169821023,7.57869733516309,0.08741633062151485,-0.30386835752943414,-0.24044580781263303,22.1944817853861
2026-09-04 06:30:00,17.998936939303526,18.00524958173528,18.43580308013486,17.885498383622576,18.986107776647145,-0.0014705231717118072,-0.31777606540095016,-0.6324994904677222,-0.0030526403341780695,-0.7456266754000858,-0.11277743299863019,1017.0949415483384,1017.1635171634362,1016.9260147507465,0.21798235612318298,0.31408906524338387,-0.07658665255371488,70.28464927287078,69.08689952184334,69.02268637954018,-0.4260236799113996,0.24908981743202446,-0.1848766751288622,8.772661044950596,8.666052301901887,8.828468083180594,0.0944184290967025,-0.30386835752943414,0.14145257625072816,5.029777472123349
2026-09-04 06:35:00,17.878312144562017,17.76657846721755,18.19267746408711,17.642215720635782,18.74313920753844,-0.01384027827607212,-0.31777606540095016,-0.6327740118795901,-0.0027781189223102243,-0.7161757907853428,-0.1083229314686136,1017.1102681038175,1017.489179179915,1017.1298331726558,0.19558194908153567,0.31408906524338387,0.04525694201583974,71.14251819224302,70.53128383297583,69.51086688475453,-0.4791682293704035,0.24908981743202444,0.771327130789274,10.777726680620006,11.136250685712682,11.39415425117565,0.08491690379618379,-0.30386835752943414,0.0459647920664672,4.828273348801218
2026-09-04 06:40:00,18.837189262989632,18.867301951276083,19.014780403321527,18.464161657723928,19.565399148919127,-0.0032878960526967482,-0.31777606540095016,-0.6330482942536675,-0.002503836548232885,1.1259206731224083,0.17029761335550475,1017.198707545257,1017.3957078276687,1017.1270135011696,0.19048677108926995,0.31408906524338387,-0.045394738744221286,66.21321337741162,67.6759926276128,67.76271692746704,-0.4775508232419214,0.24908981743202444,-0.33581411728626165,0.5696540140814781,1.2496161541287099,2.1013598025037368,0.08597762956005217,-0.30386835752943414,-0.5478752908455928,46.70686163506264
2026-09-04 06:45:00,17.85240007394898,17.994614457789876,18.51691011011929,17.966134407129882,19.0676858131087,-0.0044552175947438445,-0.31777606540095016,-0.6333223382132908,-0.002229792588609558,-1.3521788499790084,-0.20451958692846617,1017.1582313819448,1017.1531360748014,1016.9141845175387,0.1952584211105853,0.31408906524338387,-0.07513750798068486,71.90324037450804,71.38860453734172,70.21392026733625,-0.45133805925871395,0.24908981743202444,0.9255944525734492,5.430324827756388,5.579228960132511,5.257383230677021,0.09305554570160235,-0.30386835752943414,0.6257140869849236,65.32082462087028
2026-09-04 06:50:00,17.853391936732905,18.118146794701598,18.40416875316101,17.853236137496012,18.955101368826007,-0.008594489370185917,-0.31777606540095016,-0.6335961443790925,-0.001955986422807754,0.20994190557081893,0.031754106941537685,1017.3176210243871,1017.3376008105189,1016.9697425449339,0.18970558133462925,0.31408906524338387,0.05376920034166233,69.52275219416546,70.01685370033685,70.13391959167711,-0.39904309285437506,0.24908981743202444,-0.36615570877228265,4.013330433793957,4.125093334786638,4.664041541253841,0.08646059133321807,-0.30386835752943414,-0.2350798489377688,9.003052405070603
2026-09-04 06:55:00,18.371195693546255,18.419803951261375,18.6652388610087,18.11414937734613,19.21632834467127,-0.014020346911586715,-0.31777606540095016,-0.633869713369017,-0.0016824174328833874,0.4782827020479097,0.07234115565362487,1017.2956374760564,1017.484026193304,1017.1242569570904,0.18602100124352802,0.31408906524338387,0.045680170970172185,68.65918195863077,69.0381779770699,69.11341845095284,-0.3919942832993402,0.24908981743202444,-0.3243302913149506,7.709960424782428,8.052962739453914,8.146339342250272,0.08816543814018721,-0.30386835752943414,0.21049175473307624,7.648679339470883
2026-09-04 07:00:00,18.81519015953845,18.622087187570912,18.926741854396514,18.375495547376254,19.477988161416775,-0.014963754915084589,-0.31777606540095016,-0.6341430457983364,-0.0014090850035640146,0.08675197276793867,0.013121398575346888,1017.6517635597553,1017.7908380103494,1017.4210946860431,0.19974379378267137,0.31408906524338387,0.055654259062862366,67.23690582044611,65.65566013276688,65.99859422752412,-0.3987547161690755,0.24908981743202444,-0.5920239121892621,2.9623747846555633,2.486637382867466,3.198006208098496,0.08401452477293392,-0.30386835752943414,-0.40750046770159587,25.858556913173455
2026-09-04 07:05:00,19.117254046205186,19.10669815136928,19.386735947077252,18.835332861301087,19.938139032853417,-0.021681919589063965,-0.31777606540095016,-0.6344161422796676,-0.0011359885222327337,0.24950612740819622,0.037738269692976445,1017.7593028980109,1017.7633876730433,1017.4958578253127,0.20102172154615247,0.31408906524338387,-0.04655921751270853,66.02841397422347,65.80879920757907,65.16540531043918,-0.4679981882491334,0.24908981743202444,0.3943040797078652,10.951589122903105,11.051195816396943,10.741582808177686,0.09106601136231568,-0.30386835752943414,0.6134813657486919,54.89261159397233
2026-09-04 07:10:00,19.110864456484904,19.462413329768353,19.784478224774535,19.232918404806224,20.336038044742846,-0.011809774049025517,-0.31777606540095016,-0.6346890034229882,-0.000863127378912143,-0.02835554662735973,-0.004288829605233246,1017.4146359216381,1017.3514321712651,1017.1684271784187,0.19090214181073303,0.31408906524338387,-0.13108407239701592,65.40380835239348,65.05412462213003,64.62881809038285,-0.4670817080276305,0.24908981743202444,0.17621671431516006,5.3640133863783355,5.751143317065753,6.650088637983867,0.09341918304716205,-0.30386835752943414,-0.5950769633886797,52.604219114188744
2026-09-04 07:15:00,19.536486988721013,19.788283578554267,20.11823549081285,19.56651898117817,20.66995200044753,-0.017739027269268227,-0.31777606540095016,-0.6349616298356515,-0.0005905009662487415,-0.08050046867752059,-0.012175846857633843,1017.6413958701867,1017.7137144766925,1017.3065832253518,0.19932650569474095,0.31408906524338387,0.09304218609736381,63.901293815852185,63.700674192216134,63.5386211567599,-0.4645866539083993,0.24908981743202444,-0.08703678197579023,6.908218962172711,6.809257022803832,6.856039275887227,0.09398425979145474,-0.30386835752943414,0.2570861044460395,10.450030414667955
2026-09-04 07:20:00,19.084138379011375,19.27204650880739,19.72209085604034,19.170217701227138,20.27396401085354,0.00615543417114249,-0.31777606540095016,-0.6352340221224034,-0.0003181086794968868,-0.8744901938358005,-0.13226828183200112,1017.6472506388142,1017.878020602562,1017.5142915344227,0.20169861249819188,0.31408906524338387,0.04964000289589876,65.75775994192283,64.71224679267903,64.089679198778,-0.44222316541095325,0.24908981743202444,0.37347777646900227,1.6452878147139867,1.3868874001362717,1.950907137007854,0.10956775939287451,-0.30386835752943414,-0.26015137934214816,12.498931190433474
2026-09-04 07:25:00,20.35205035260408,20.539321348351923,20.645750622828093,20.09372086728635,21.197780378369835,0.028133591723363202,-0.31777606540095016,-0.6355061808853972,-4.594991650302971e-05,1.3973168291180507,0.21134679092477882,1017.8667189841146,1018.0371982261049,1017.7106409758543,0.17143935488064735,0.31408906524338387,0.012468185007264765,58.73053413459833,57.36997827610413,58.50448509981726,-0.4670202489644714,0.24908981743202444,-1.3835966411451537,2.476080133535686,2.53652927132231,2.561404218031508,0.11619082081655753,-0.30386835752943414,0.2789934108202363,25.686107931253172
2026-09-04 07:30:00,19.932092805017056,20.086743262513913,20.54836619655475,19.996179884696627,21.10055250841287,0.014760439375545631,-0.31777606540095016,-0.6357781067242096,0.0002259759223093849,-0.9510418847002455,-0.14384686863988705,1018.0457170090195,1018.1471109052404,1017.8465450623636,0.17657958984590474,0.31408906524338387,-0.013523222366529808,60.204091547527575,59.34103645753817,58.186231243661595,-0.48224708997272653,0.24908981743202444,0.9057153964445561,6.555130222489388,6.6462118946841064,6.8115861419559955,0.10928730215529464,-0.30386835752943414,0.138494110257545,9.161505444638667
2026-09-04 07:35:00,20.602815859718113,20.85037283003707,21.08169073972964,20.529347915929534,21.634033563529748,0.015806003416984835,-0.31777606540095016,-0.6360498002358562,0.0004976694339559051,0.5716170823186211,0.08645815570837811,1017.9362429975383,1018.1478076110205,1017.8704101592367,0.18128153433849797,0.31408906524338387,-0.03669161345953853,58.958998420033176,58.34678525345744,57.859569991701925,-0.533977168908373,0.24908981743202444,0.2381254443234937,0.8200687738634406,0.6559017524361201,1.4156634717292036,0.10842866314731703,-0.30386835752943414,-0.45589336176364936,30.887951114086572
2026-09-04 07:40:00,20.48438424581476,20.39910464276732,20.839493455095536,20.286994163690128,21.391992746500943,0.006046154096941911,-0.31777606540095016,-0.636321262014806,0.0007691312129057271,-0.8106527380718092,-0.12261274692726687,1018.11224112344,1018.4497681193128,1018.090560149412,0.1815229878934683,0.31408906524338387,0.04511890465744273,60.14630198552072,60.48011712645166,59.65512237042909,-0.6141724171493153,0.24908981743202444,0.575904938590547,7.1660643862663,7.902582444378106,7.628526697544018,0.10766967529652043,-0.30386835752943414,0.5779241043635217,51.17834101420287
2026-09-04 07:45:00,20.721760949983434,20.451890177477544,20.762359935229522,20.209704220517843,21.315015649941202,0.0011464406491127387,-0.31777606540095016,-0.6365924926529977,0.001040361851097349,0.04830556731876712,0.007306307648971,1018.1980534039733,1018.4493957754048,1018.1635461790639,0.1922233948663032,0.31408906524338387,-0.028239468902484077,58.31535130234123,59.11623014279451,59.24690481516484,-0.6529698153272027,0.24908981743202444,-0.3797644898023549,0.6518653397753439,0.6167292964957328,1.5424854847133709,0.10847287102277255,-0.30386835752943414,-0.621887830688204,56.01886196985133
2026-09-04 07:50:00,20.959017590370188,21.004001143181387,21.224379530082345,20.671567436325816,21.777191623838874,0.031182852663784694,-0.31777606540095016,-0.6368634927398538,0.0013113619379535035,0.6439436089356434,0.09739767849999126,1018.4790811937004,1018.6450395648463,1018.3167223141616,0.18415467185438517,0.31408906524338387,0.014228185441425012,56.13612297859172,56.545470036744206,56.8722124893774,-0.7079312188260583,0.24908981743202444,-0.575832270065213,5.690231426125429,5.477851584486306,5.269267278337066,0.13371796378884748,-0.30386835752943414,0.5124526636786735,40.200568070455155
2026-09-04 07:55:00,21.102446945217622,20.965499909269134,21.32934310091205,20.776374672334548,21.882311529489556,0.026569281407047708,-0.31777606540095016,-0.6371342628622962,0.0015821320603959244,-0.3045722647850262,-0.04606712624196874,1018.5588719282666,1018.8862753985859,1018.5457390606891,0.18819266932023598,0.31408906524338387,0.026447272653399523,56.758225556554,56.75022743669314,56.234208922988046,-0.6961462884863369,0.24908981743202444,0.2669286962730695,3.7070089636241916,3.8163490506189657,4.383381470416211,0.13742648271595745,-0.30386835752943414,-0.2631640622678111,10.550389123773675
2026-09-04 08:00:00,21.372823580714304,21.193792101602078,21.506932459540767,20.953807740328656,22.060057178752878,0.03197267196320914,-0.31777606540095016,-0.6374048036047608,0.0018526728028604444,0.03064892551025622,0.0046357074622598304,1018.5417393669994,1018.5671509785333,1018.3635762857974,0.16938915686622774,0.31408906524338387,-0.1105143725075095,55.090345624459104,53.57259243414976,53.70876380882899,-0.7142809804696769,0.24908981743202444,-0.3852611921112512,5.34788070355746,5.737306351883718,5.904288622626972,0.11706745701490968,-0.30386835752943414,0.13688608678617964,4.79981430795809
2026-09-04 08:05:00,21.839800801750567,21.73583757780631,21.997078351169172,21.443797385471385,22.55035931686696,0.04009249137333332,-0.31777606540095016,-0.637675115549212,0.0021229847473116514,0.3737824201553259,0.05653529203808816,1018.7790165008845,1018.9195528114183,1018.5375463652585,0.17427424146701373,0.31408906524338387,0.0679173809163558,54.038982027467334,52.97874580745344,52.511015669049236,-0.7331192800222945,0.24908981743202444,0.21864032097218455,6.05425809956491,6.17112184156212,6.529858216348211,0.11163946729774003,-0.30386835752943414,-0.05486801725665735,1.527411154330678
2026-09-04 08:10:00,21.579104171297793,22.101250006990615,22.4206888583396,21.867251690267672,22.974126026411525,0.025083050786084707,-0.31777606540095016,-0.6379451992751575,0.002393068473257154,-0.01099348979108683,-0.0016627859480351503,1018.7738593153132,1018.9414070827866,1018.6294866319467,0.1977109578134925,0.31408906524338387,-0.002168614403558422,56.89566839051822,56.29603549581019,55.079083902955674,-0.767573736638427,0.24908981743202444,0.9678617754224916,3.623457445736732,3.8614513681727147,4.290983679414881,0.09231574642278195,-0.30386835752943414,-0.12566395371273176,7.0678165278798515
2026-09-04 08:15:00,21.976320002602,22.01580154808712,22.411079713580992,21.857486387209118,22.964673039952867,0.012256618669946635,-0.31777606540095016,-0.638215055359663,0.0026629245577626803,-0.5124042256708812,-0.07750210009292502,1018.9192645449317,1018.9194942377492,1018.6319645991041,0.185772681583882,0.31408906524338387,-0.026559426598282698,52.797561076402594,51.410896319165296,52.217154479022675,-0.8807135267763622,0.24908981743202444,-1.0553479772894008,1.9076592206371368,1.735223806189513,2.0275015222615718,0.08901776385232356,-0.30386835752943414,0.011590641457375428,6.45653772997789
2026-09-04 08:20:00,21.84883025983736,21.915378110208383,22.27047347843289,21.71672403779798,22.8242229190678,-0.005833716901175146,-0.31777606540095016,-0.6384846843773664,0.0029325535754660126,-0.24673613286550022,-0.03731930282355833,1019.3158727394801,1019.4295466711376,1019.0140957844363,0.17665505600002868,0.31408906524338387,0.10136182145788553,56.88493731665521,56.518779188107374,55.14951864447226,-0.8279226505701979,0.24908981743202444,1.1201707262030922,1.529268379454602,2.044719574930715,2.236499490190169,0.06914466155505927,-0.30386835752943414,0.11208844226998016,9.533112207236794
2026-09-04 08:25:00,22.652477180229926,22.388881340919433,22.62512826029886,22.07122274940059,23.179033771197133,-0.0191232779096418,-0.31777606540095016,-0.6387540869004916,0.0032019560985913076,0.5390289925908505,0.08152914602151995,1019.3713622760306,1019.2282531945816,1018.9973476873187,0.16813487068533006,0.31408906524338387,-0.08318355798041921,52.75560417640342,52.46906094413947,53.12147267282366,-0.8629321188673855,0.24908981743202444,-0.9015015461162079,5.411616925585895,5.640558990805802,5.802013183155347,0.060428756844374994,-0.30386835752943414,0.14241416517988892,8.544564129598495
2026-09-04 08:30:00,21.99719548162914,21.566571160321214,22.03755650455556,21.483494967356418,22.591618041754703,-0.061873729549399535,-0.31777606540095016,-0.6390232634988637,0.003471132696963364,-1.012941349874307,-0.15320927883339763,1019.0812941681422,1019.5378157246867,1019.1896656193271,0.1696948493949492,0.31408906524338387,0.03406104011617117,54.326707075362485,53.87837230410273,53.328329887935745,-0.8773668213121323,0.24908981743202444,0.30095259873496616,4.962586120810509,5.322118133021826,5.803656412417561,0.045221541548033796,-0.30386835752943414,-0.17766992186630048,7.581930173904716
2026-09-04 08:35:00,23.178983865405968,22.961468343244714,23.026013020235435,22.471795500660786,23.580230539810085,-0.05370499353749511,-0.31777606540095016,-0.639292214739922,0.0037400839380217765,1.6742363540900946,0.25323138841022796,1019.5070321581159,1019.5233585039712,1019.2396276449766,0.15693841412070458,0.31408906524338387,-0.030358206248820352,50.23537264111732,50.127192277666126,50.525497039237926,-0.9282880470972582,0.24908981743202444,-0.6473945790038229,6.793259391058464,6.951870724128723,7.175012907157019,0.04906314332770857,-0.30386835752943414,0.08072617450113828,9.96982881256036
2026-09-04 08:40:00,22.632850048006823,22.89759707912992,23.297482750287788,22.743109292225917,23.85185620834966,-0.022892085918654062,-0.31777606540095016,-0.639560941188735,0.004008810386834649,-0.5428666953226937,-0.08210960575691928,1019.6109269701353,1020.0108374725135,1019.6128888872674,0.16199338266499635,0.31408906524338387,0.08385952000264751,51.20533802396025,49.58739456791295,49.16215868791492,-0.894270485076836,0.24908981743202444,0.17614606256601206,4.966082266702642,5.262616014975275,5.704822322006067,0.049068536953997356,-0.30386835752943414,-0.13833794950135836,4.387043451864079
2026-09-04 08:45:00,22.266276309054888,22.312456627437083,22.78478209908646,22.23025274638863,23.33931145178429,-0.020674774833106157,-0.31777606540095016,-0.639829443408013,0.004277312606112693,-1.0218015865591923,-0.15454940624842806,1019.42382804292,1019.6016961807886,1019.4236591291913,0.17215546201062634,0.31408906524338387,-0.13605201364600816,51.77366253265814,51.63067502365137,50.64676508130307,-0.8892504722805297,0.24908981743202444,0.7348201249162756,4.3930239931942,4.183206385320017,4.462629844083553,0.052098160028984666,-0.30386835752943414,0.02444489876589806,7.449646583824089
2026-09-04 08:50:00,23.078786476065996,23.156586686631663,23.31616811250496,22.761482908985457,23.870853316024466,-0.04191880772321527,-0.31777606540095016,-0.640097721958123,0.004545591156222661,1.045902003626459,0.15819463952765034,1019.8258389484225,1020.089136196818,1019.6872680437854,0.17856762857207176,0.31408906524338387,0.08777908778927213,50.49157097922689,49.016881361865906,49.265414611447284,-0.9181732572648351,0.24908981743202444,-0.4976230670134001,4.257962094437668,4.161591615574099,4.413290689367287,0.0510526461432994,-0.30386835752943414,0.052169283736246186,5.16688299131249
2026-09-04 08:55:00,22.94328565127236,23.03943840564606,23.407168724511802,22.852327713947986,23.96200973507562,-0.051560453466714486,-0.31777606540095016,-0.6403657773971019,0.004813646595201504,-0.3302719608230511,-0.04995425346479365,1020.0406708684097,1020.1246975421215,1019.8204653934629,0.15734664346441488,0.31408906524338387,-0.009856916584794817,51.33151696294246,49.64686690716628,49.20948118360253,-0.9319012936618759,0.24908981743202444,0.18829590613172797,0.9860462734526259,1.4271001207606901,1.8513477950085395,0.03710966864125522,-0.30386835752943414,-0.12037931671841529,2.5246968889044417
2026-09-04 09:00:00,23.739246978546714,23.56253349644497,23.830155271240766,23.275158497373138,24.385152045108395,-0.05844360614208944,-0.31777606540095016,-0.6406336102806696,0.005081479478769302,0.33159450403011803,0.05015429060515331,1019.7484610752986,1019.9489391845391,1019.7087914625359,0.16928865544631816,0.31408906524338387,-0.07394134324022161,48.70413791437991,48.25666582534151,48.1903690177994,-0.8731649963875054,0.24908981743202444,-0.1827930098899131,3.880652774043604,4.390820240562595,4.4462752278724915,0.04224488233380257,-0.30386835752943414,0.2484133702195379,9.852198947157682
2026-09-04 09:05:00,23.328263678712673,23.532149417707057,23.903236960576955,23.34808446710919,24.45838945404472,-0.07370737780029007,-0.31777606540095016,-0.6409012211622436,0.0053490903603432005,-0.35246820794654,-0.05331147746894871,1019.8858807652899,1020.1639912757055,1019.8113997511524,0.1805370644173623,0.31408906524338387,0.03850245930971141,47.85915643264231,47.95613635589814,47.64181921452592,-0.8757189265033501,0.24908981743202444,0.06522732394019926,11.81208908444815,11.529436532468925,11.64743928158408,0.0614671279364971,-0.30386835752943414,0.18586560841427868,5.416981931812956
2026-09-04 09:10:00,23.596123369711787,23.40875721164299,23.77247271699028,23.21716454758929,24.327780886391267,-0.060804638224362724,-0.31777606540095016,-0.6411686105929507,0.005616479791050399,-0.3037280683392538,-0.04593943994634131,1020.2825192230154,1020.5727010860601,1020.1718338815941,0.19049900088551797,0.31408906524338387,0.08677813922258792,48.88184077299322,48.39017196177412,47.92324894420398,-0.8820796003199068,0.24908981743202444,0.21783320013811647,8.860545111777256,9.001025185858962,9.740916847167767,0.06555925372256256,-0.30386835752943414,-0.43602330377937015,28.433390186724314
2026-09-04 09:15:00,23.202943484678034,23.43553921897181,23.743465242039868,23.188001440335853,24.298929043743883,-0.04865073755873272,-0.31777606540095016,-0.6414357791216418,0.00588364831974153,0.065123439343715,0.009850042332892883,1020.2765574778347,1020.5877465942152,1020.3103069167446,0.19497310786938787,0.31408906524338387,-0.03664938777274074,49.47880244168796,48.580417708371215,48.26016210574762,-0.9150279523347811,0.24908981743202444,0.07116578519157457,3.923546854679464,3.855563722263283,4.278208886932355,0.0613000077293869,-0.30386835752943414,-0.11877680713963823,2.198997034280589
2026-09-04 09:20:00,23.960800189307527,23.9832781060686,24.210822887874663,23.65520349746116,24.766442278288167,-0.06598251446599761,-0.31777606540095016,-0.6417027272949043,0.006150596493004035,0.5965630730817821,0.09023128359488553,1020.4240164906987,1020.5663819638327,1020.3053897976995,0.19761537963984946,0.31408906524338387,-0.05309689911018722,46.21354684908173,45.48033161736162,45.87103191585649,-0.9813382926013117,0.24908981743202444,-0.6397901159268926,5.8860560704554175,5.723965965614292,5.700423063870791,0.04701933596833245,-0.30386835752943414,0.32741125927293524,18.574653401758187
2026-09-04 09:25:00,23.353854758182823,22.940939428534275,23.459603001621566,22.90382806605549,24.015377937187644,-0.05510629879928499,-0.31777606540095016,-0.641969455657075,0.006417324855174711,-1.3281654006737078,-0.20088750768634256,1020.4972438899614,1020.635193991505,1020.3295470638195,0.21000405241736622,0.31408906524338387,-0.00844213755783585,50.16917620530917,49.29137809358641,48.09687425411636,-0.9869396461765887,0.24908981743202444,0.9454140220380296,8.632807688640282,8.756198263507649,9.006887127710836,0.0379386662607328,-0.30386835752943414,0.053179493326247496,9.273530454695987
2026-09-04 09:30:00,23.870171508037686,23.688365501871953,23.840597539464223,23.28466710226594,24.396527976662508,-0.03220410884562601,-0.31777606540095016,-0.6422359647502536,0.006683833948353257,1.0944923980387529,0.1655440278086786,1020.6089196046759,1020.6028793701544,1020.3054297103259,0.23308621426860768,0.31408906524338387,-0.016639405414935027,47.35127518342286,45.47496679926931,46.0158168458351,-0.9755476672452271,0.24908981743202444,-0.7899398639978088,4.838571885885157,5.223329828421233,5.829593739424839,0.04246906282645339,-0.30386835752943414,-0.302395553474172,19.1841546704554
2026-09-04 09:35:00,24.98678922609046,24.626135783748854,24.80932431968915,24.25323842434251,25.36541021503579,-0.0036657357671826124,-0.31777606540095016,-0.6425022551143149,0.006950124312414541,0.8898238723280549,0.1345875294606529,1020.4547049656007,1020.7548375459855,1020.4090802512978,0.22164972870822947,0.31408906524338387,0.03166822944433534,44.541486595489275,42.61032826853958,42.836141960466854,-0.9370622109937586,0.24908981743202444,-0.4749035093592937,0.8596539316048752,1.0483529166845806,1.3799041785061674,0.05320024309444714,-0.30386835752943414,-0.0276829042921527,3.2962282380767585
2026-09-04 09:40:00,25.174321624385133,25.44629049552308,25.74558410624128,25.189342796193678,26.301825416288885,0.03931244457910683,-0.31777606540095016,-0.642768327286922,0.007216196485021642,0.1221965323372558,0.018482454682747118,1020.913237608347,1021.3101816485033,1020.8798710693827,0.23458723345776672,0.31408906524338387,0.11622151387723534,43.56245704638417,42.48363675310416,41.83427426318873,-1.0157595897012466,0.24908981743202444,0.40027267248340337,1.789189239635339,1.7491444095012953,1.8259433828185068,0.055808904841666895,-0.30386835752943414,0.22706938421222267,9.72184784529519
2026-09-04 09:45:00,25.205973876551788,25.226809347228766,25.713769285310143,25.15737260397256,26.270165966647724,0.025782554837458865,-0.31777606540095016,-0.6430341818035391,0.00748205100163879,-1.1185571897132291,-0.16918387268042778,1021.0330502716115,1021.5090001518809,1021.2012395781161,0.23355262828167728,0.31408906524338387,-0.006328491478598153,43.119741151087986,42.12848865855638,41.59017377808848,-1.0551379611470526,0.24908981743202444,0.2892250630358788,5.470199868357944,5.688466000077218,5.851348394057113,0.06380777773872673,-0.30386835752943414,0.1409859635495394,6.298382613052326
2026-09-04 09:50:00,24.82312516673017,24.4456025399736,24.92820728785842,24.371655278605488,25.484759297111353,0.06814586123338691,-0.31777606540095016,-0.6432998191974436,0.007747688395543295,-1.0897629008147334,-0.16482868248387206,1020.9235881815724,1021.2013606284168,1021.0313459249205,0.23199655165733407,0.31408906524338387,-0.14407436174712984,45.377100463139136,44.310702466516794,43.47140492283736,-1.0754638993165284,0.24908981743202444,0.5902077262474137,12.169193101554503,12.132084809659233,12.337497846610411,0.07088456017899916,-0.30386835752943414,0.09845532057825679,8.360583751977012
2026-09-04 09:55:00,25.363216523265255,25.50119866501494,25.590652589770986,25.033945295941027,26.147359883600945,0.06283276540575508,-0.31777606540095016,-0.6435652399997389,0.008013109197838653,1.5095491546731452,0.2283221406449023,1021.0506806886652,1021.1492669061016,1020.8765368716645,0.21355818337274962,0.31408906524338387,-0.04135903080623393,43.603987819231214,43.06928338113456,43.18696114171498,-1.0755857290165904,0.24908981743202444,-0.36676757801244264,7.128800833484353,7.328385027796391,8.131990162800268,0.07594990409285834,-0.30386835752943414,-0.49973677747444256,42.03059632017535
2026-09-04 10:00:00,25.55143218583525,25.497945116932634,25.846932187003098,25.29006965189818,26.403794722108017,0.05394578357504737,-0.31777606540095016,-0.6438304447393668,0.008278313937466475,-0.20635119126988855,-0.03121100466951532,1020.9254710227214,1020.8810473116864,1020.6118565431948,0.2101407104585649,0.31408906524338387,-0.04489829675173951,42.56780765335945,41.3147643722079,41.50144853799167,-1.0806619082200852,0.24908981743202444,-0.4357739832157961,1.7900038426229719,2.2783087208999375,2.5926999941111477,0.06936516814024579,-0.30386835752943414,-0.010522915681776102,1.3193604045313707
2026-09-04 10:05:00,25.258213050909017,25.020303749100567,25.45858407709269,24.901566343978676,26.015601810206707,0.05885186919821505,-0.31777606540095016,-0.6440954339431194,0.008543303141219094,-0.7967125186161148,-0.12050426259117586,1021.32885083319,1021.6832743741154,1021.1509838096076,0.1981735309629439,0.31408906524338387,0.2182014992644099,43.667735781839546,43.03319811514429,42.299567567695085,-1.0849210122191397,0.24908981743202444,0.48454073001718,3.0429359221461527,2.490892427615902,2.5422579682766253,0.07110440325999731,-0.30386835752943414,0.2525028168687107,17.146281747322988
2026-09-04 10:10:00,26.48964536255123,26.875359479131788,26.890485303058654,26.33331241516525,27.44765819095206,0.05012094918681986,-0.31777606540095016,-0.644360208135652,0.008808077333751663,2.0009685214425517,0.30265024147408326,1021.4326505187269,1021.3558163115191,1021.1334581979654,0.19260727780887255,0.31408906524338387,-0.09173095168966938,40.850427294673935,39.66412023064359,40.02819452669998,-1.0706376501691917,0.24908981743202444,-0.6131641134884092,8.116557750176533,8.418354064959718,8.473751498011428,0.06262062522117592,-0.30386835752943414,0.24847092447772567,21.368473746897074
2026-09-04 10:15:00,26.40392820372693,26.481491988242762,26.983324161429955,26.425996161950767,27.540652160909143,0.056106611296517755,-0.31777606540095016,-0.6446247678394945,0.009072637037594145,-1.2168847976651946,-0.18405610778624393,1021.4311119427015,1021.5594503722434,1021.2389087168998,0.17942904120353476,0.31408906524338387,0.006452590100252564,41.77880882363938,42.13524308422209,41.21353500750031,-1.1022529090464606,0.24908981743202444,0.6726182592897558,9.12252463056376,8.723603068843376,9.287075536055866,0.06279491475075694,-0.30386835752943414,-0.25960410968305503,15.529356444748725
2026-09-04 10:20:00,26.127194707334045,26.10481388035184,26.549612547433657,25.99212947952623,27.107095615341084,0.03630545348045823,-0.31777606540095016,-0.644889113575064,0.009336982773163638,-0.8398084410479925,-0.1270226016808671,1021.7010798018132,1021.8414759181775,1021.4847423506839,0.17404214055577868,0.31408906524338387,0.042644502250254845,41.24618367425946,40.24119669707234,40.316819026239195,-1.0695579585682813,0.24908981743202444,-0.3247121465988769,6.630546959630145,7.065148822854909,7.463535524696967,0.06610355006142606,-0.30386835752943414,-0.09451834431262363,3.7260140230692254
2026-09-04 10:25:00,26.38676236508369,26.339601573335994,26.594918156837817,26.0372800636237,27.152556250051934,0.03272416444950672,-0.31777606540095016,-0.6451532458606763,0.009601115058775977,0.4129501319312965,0.062459481899125535,1021.5726096789053,1021.7313602244992,1021.4770533009676,0.16916881627149785,0.31408906524338387,-0.05978214171170748,41.18841170011771,42.006602666229455,41.371999823469906,-1.0543871231087996,0.24908981743202444,0.3855130253275263,6.915576435253631,6.807360140427067,7.037638304248499,0.0828913881352946,-0.30386835752943414,0.0735901937080028,2.3474393693134568
2026-09-04 10:30:00,26.61755112693886,26.366903131072235,26.66839625988755,26.110603184452337,27.226189335322765,0.05200789796493191,-0.31777606540095016,-0.6454171652125582,0.009865034410657891,0.10765444423835291,0.016282936585632513,1021.7959384362716,1021.9716387015698,1021.6300524539388,0.17032987529276344,0.31408906524338387,0.02749718238760579,39.07123098425952,38.28725900477893,38.80993751890087,-1.0655812523532824,0.24908981743202444,-0.7717683315539574,1.159589086244368,0.8640817413540411,1.4135222770651437,0.06979406839161828,-0.30386835752943414,-0.24557217818166843,11.777909406409224
2026-09-04 10:35:00,25.87338918175494,25.663631380431582,26.093937508213447,25.53598949360682,26.651885522820074,0.05115197859346457,-0.31777606540095016,-0.6456808721448588,0.010128741342958492,-0.7439911874626972,-0.11253006238091601,1021.644982497828,1021.8166575082283,1021.5587167935394,0.15095287694526746,0.31408906524338387,-0.05614835055439471,42.851542484382605,41.67105127527486,40.57990609055172,-1.0095494726371703,0.2490898174320244,0.842055367291124,9.132088147878324,9.41527806070648,9.085226857232751,0.07460914470153134,-0.30386835752943414,0.6339195610031645,62.67372998370939
2026-09-04 10:40:00,26.744726384696627,27.054985657066204,27.10967110576827,26.55156819500407,27.667774016532473,0.05327591539456281,-0.31777606540095016,-0.6459443671696616,0.01039223636776132,1.7394205262725748,0.26309061669888223,1021.8791718253501,1021.6504739952106,1021.3840773254598,0.1336066591723236,0.31408906524338387,-0.04769239549250415,38.71788115133582,37.04324785893592,37.695467992089654,-0.9550749113921585,0.2490898174320244,-0.9013099505857554,8.61487621542925,8.81354874498974,9.513391531269662,0.08942151061776728,-0.30386835752943414,-0.3959744287504865,34.12267016709096
2026-09-04 10:45:00,26.721881996242576,26.687510216750756,27.134442188780653,26.576184424836903,27.692699952724404,0.06040479446532249,-0.31777606540095016,-0.6462076507969958,0.010655519995095564,-0.8539127616887328,-0.1291559066289487,1021.9393447000823,1022.0794927169839,1021.6524312060295,0.1379496304210899,0.31408906524338387,0.11297244571096599,38.96421156960942,36.88747713640289,36.475266937461114,-0.9224235739603752,0.2490898174320244,0.16312038150975638,3.8057229485736253,3.602976865961283,4.132860124300071,0.09700998827615524,-0.30386835752943414,-0.2260149008093535,10.612563015037006
2026-09-04 10:50:00,26.742606428724343,26.8249846878168,27.16501559957248,26.606603025391458,27.723428173753504,0.07796471890508738,-0.31777606540095016,-0.6464707235348481,0.010918592732947818,-0.14713765562671455,-0.022254846354730518,1022.0800440403963,1021.8739880772957,1021.613042544099,0.12838037301624872,0.31408906524338387,-0.053143532046647124,39.05696285316718,37.23573596472001,36.61484659100328,-1.028073060930248,0.2490898174320244,0.3717995562847065,7.758635002966663,7.48807451852055,7.374114782643546,0.10533944270440565,-0.30386835752943414,0.41782809340643823,25.98776541131026
2026-09-04 10:55:00,27.17683085706016,26.821101110042193,27.150860889191048,26.592293547679322,27.709428230702773,0.05313634822224589,-0.31777606540095016,-0.6467335858891738,0.011181455087273529,-0.07923018287626249,-0.011983713747905966,1022.0694652362786,1022.3205726777413,1021.9224744808981,0.14127473049900788,0.31408906524338387,0.08400913159982792,39.74690103868701,38.070406008670695,37.53429971349296,-0.9728099826851189,0.2490898174320244,0.28701647774570915,3.453225975045748,3.508197920521447,4.150501005879598,0.11121639172308377,-0.30386835752943414,-0.3384347278287172,17.56811151220303
2026-09-04 11:00:00,28.15173857947292,27.950024381313625,28.098554337668578,27.539832271697065,28.65727640364009,0.061904208999807406,-0.31777606540095016,-0.6469962383639083,0.011444107562008032,1.1189686647141635,0.16924610904599646,1022.1816593763914,1022.2423685701841,1021.9757084431899,0.14397796716318845,0.31408906524338387,-0.04742893824914063,36.72427754034188,36.095140122273015,36.29221224946945,-0.9449934343986012,0.2490898174320244,-0.44616194462845726,1.4315459250958038,1.194519576665283,1.440603702167811,0.12419973662083794,-0.30386835752943414,0.05778423202690597,4.780162665149216
2026-09-04 11:05:00,27.82971046222978,28.00955508811591,28.41016675651438,27.851290008918387,28.96904350411037,0.05788212191118096,-0.31777606540095016,-0.6472586814609786,0.011706550659078274,-0.5476666175630349,-0.08283560299751969,1022.3995597288782,1022.2272633330604,1021.950818058405,0.15125911296566533,0.31408906524338387,-0.03764379058804934,37.54409670134384,36.24839527241704,35.90987709442343,-0.8747691320786484,0.2490898174320244,0.08942836056159109,3.3594527651738653,3.1543358282364915,3.2567207429294722,0.11332495493971426,-0.30386835752943414,0.20148344283645336,6.7173291397415165
2026-09-04 11:10:00,27.482868607833318,27.61879265019694,28.06801065673205,27.508979270311325,28.627042043152773,0.06038169034085854,-0.31777606540095016,-0.647520915680314,0.011968784878413685,-0.86902685200495,-0.13144194113415963,1022.2821474056165,1022.3282041248193,1022.003599530625,0.16818742081071605,0.31408906524338387,0.010515528950918451,36.99585094628117,36.3139347169568,35.94118811665259,-0.8314578713679746,0.2490898174320244,0.12365678287218884,3.1593178674289484,3.29346979283539,3.681466513482548,0.09946568828001179,-0.30386835752943414,-0.08412836311772365,2.928401236943375
2026-09-04 11:15:00,28.075540230662707,28.502496213294865,28.67485577883474,28.11566979635353,29.23404176131595,0.07628094288729419,-0.31777606540095016,-0.6477829415198578,0.012230810717957508,0.9614194831074698,0.1454164998610743,1022.176376332067,1022.2553359222584,1021.9644848651775,0.16447089106903717,0.31408906524338387,-0.023238008162479673,37.05538940907022,37.304756221316005,36.818475181649355,-0.7762158776555695,0.2490898174320244,0.23719122223462819,4.592592792514927,4.402233649113757,4.671684133206911,0.09940234687535923,-0.30386835752943414,0.03441787343628011,2.7552140083362793
2026-09-04 11:20:00,28.538560062604134,28.865519472046493,29.17592459563983,28.61658405982692,29.735265131452742,0.05836814311611652,-0.31777606540095016,-0.6480447594755779,0.01249262867367762,0.04873289530045355,0.007370941807611331,1022.7471512219618,1023.083333215199,1022.5856694442841,0.15757705060404187,0.31408906524338387,0.18357470567150358,36.26762987862917,35.45192023942203,35.63729866027756,-0.7454629578992563,0.2490898174320244,-0.43446823828755043,5.290143276353184,5.495895789200789,5.797056157891714,0.07779072583964214,-0.30386835752943414,0.002707988838508868,4.732616861756373
2026-09-04 11:25:00,28.478071175812154,28.47510745780966,28.925478732982896,28.365983686531656,29.484973779434135,0.04317847649447018,-0.31777606540095016,-0.648306370041478,0.01275423923957758,-0.8766516740781682,-0.1325952097722869,1022.7568948100838,1022.9544279529777,1022.7222290363432,0.16803748163122764,0.31408906524338387,-0.08189014860886346,35.58960327867853,36.55466994150531,36.0384613386123,-0.6982586959466633,0.2490898174320244,0.2671187854609869,6.08169015659096,6.618830419237425,6.922948982971296,0.09009718388142225,-0.30386835752943414,-0.0002502062044369424,2.973890435264379
2026-09-04 11:30:00,28.258505287468974,28.36724302751039,28.703801390411993,28.144151875980437,29.26345090484355,0.014147027098763088,-0.31777606540095016,-0.6485677737096078,0.01301564290770757,-0.12417893961070092,-0.0187822975006533,1022.4183792115555,1022.6441975976065,1022.4688582862543,0.17415164439838388,0.31408906524338387,-0.13874975389114752,35.755401211830446,34.186288062538125,34.367122734453716,-0.6284643650209579,0.2490898174320244,-0.42992448934761285,5.831080969887988,5.88881868125419,6.273966709586307,0.10230433583637666,-0.30386835752943414,-0.08127967080268306,4.075356273674119
2026-09-04 11:35:00,28.09929747790343,28.041886432295122,28.3810595308345,27.82125559104533,28.94086347062367,0.005909642972306442,-0.31777606540095016,-0.6488289709700752,0.01327684016817493,-0.14146623360920785,-0.021397033138427446,1022.7757662467392,1023.1248531725528,1022.7113882133225,0.17190368068052828,0.31408906524338387,0.09937589398691671,36.32225915344283,35.58090736556517,34.910661549025676,-0.6208849491777207,0.2490898174320244,0.42115599910746937,4.0867371784478195,4.2237533273290255,4.567823081312842,0.0979708302855314,-0.30386835752943414,-0.04020139645438281,2.291138555049665
2026-09-04 11:40:00,28.757713604543156,29.194541696408873,29.295672181575284,28.735713859015938,29.85563050413463,0.025866128137988685,-0.31777606540095016,-0.6490899623110558,0.01353783150915544,1.4323497124851485,0.2166455802345375,1022.6544797574192,1022.8286592905145,1022.588660969804,0.18860117628399958,0.31408906524338387,-0.07409074453289577,35.52728603279103,34.419922675681796,34.33063388480216,-0.6759130182204552,0.2490898174320244,-0.15980102655238682,1.2564041650174036,1.9560963091869759,2.2824307801650434,0.0942631243189263,-0.30386835752943414,-0.022466113448633473,5.780034670255672
2026-09-04 11:45:00,28.753054453296354,29.00691471281772,29.425482509504437,28.865369846727138,29.985595172281737,0.024057320310886643,-0.31777606540095016,-0.6493507482188036,0.013798617416903247,-0.6663833491168241,-0.10079173128576713,1022.8245685360636,1023.1237509747843,1022.7507960867421,0.18605424456592043,0.31408906524338387,0.058865822798907175,35.85406610021178,35.916597235336404,35.32860693937956,-0.6866741497209852,0.2490898174320244,0.3389004785248204,7.06473758682592,6.801996901180136,6.792308056192629,0.09353964956741959,-0.30386835752943414,0.3135572025169413,16.079723495673854
2026-09-04 11:50:00,29.06780991072793,29.105702375775547,29.458841057156548,28.898574096678352,30.019108017634743,0.003955446876064857,-0.31777606540095016,-0.6496113291776622,0.014059198375761917,-0.2337995207514254,-0.03536261598005197,1022.8817855739024,1023.1708122692088,1022.8548412250423,0.1864475282165898,0.31408906524338387,0.0018819789231656614,33.09460149808675,30.629742140051288,31.465349601979973,-0.6730260537425649,0.24908981743202444,-1.0846972793607108,5.220609254558878,5.672039669184916,6.239555041229161,0.09405985607181579,-0.30386835752943414,-0.26364701451481043,16.0968958282446
2026-09-04 11:55:00,29.07466385088026,29.11141307356297,29.444131581250303,28.88371036555315,30.004552796947458,-0.003329734292560847,-0.31777606540095016,-0.6498717056700751,0.014319574868174811,-0.0987917819027544,-0.014942442286383084,1022.8525720600459,1022.8463038360371,1022.6274610360011,0.1867022000266009,0.31408906524338387,-0.09524626520737911,34.82042522047327,32.99552800084146,31.976998651113515,-0.6704049882895603,0.24908981743202444,0.7694395322959195,4.396258827174276,4.81284770181178,5.116173365435018,0.09533159526375865,-0.30386835752943414,0.0005426939061958791,4.07705843898328
2026-09-04 12:00:00,29.348024316403244,29.611346714010285,29.36308367592735,29.26654774704382,29.45961960481088,-0.025647659844920193,-0.14457087274698846,-0.41435572039479296,0.125213974900816,0.48458131043103236,0.3928339108299248,1022.8177165244006,1023.214151134333,1022.8173818153779,0.17548707328781926,0.31221502081149166,0.08455429814364379,34.61120751636727,33.811295401301365,34.60768989139692,-0.7140346571051402,-0.03638828665274055,-0.7600062034428205,10.516931173635843,10.87414029172052,10.520978837952853,0.10091391633254168,-0.2092186987847846,0.5623801525524517,21.911886570252925
2026-09-04 12:05:00,28.818419796211934,28.891809914263813,29.163191953888592,28.718880705418748,29.607503202358437,-0.04252545137088762,-0.18833812762051977,-0.4316100469205507,0.05493379167951115,-0.4020455988637508,-0.08304391200426053,1022.8767116745487,1022.8400845054998,1022.7014059754882,0.17641809796165595,0.26401440737578424,-0.12533587736425034,35.06882732119606,35.53880747401669,35.84188244704582,-0.7711220239869645,-0.09480701578607521,-0.20826795724305214,8.705816046017091,9.192528054039336,9.971691526781967,0.0991876528024569,-0.41123323705790715,-0.3679302356847245,18.621503975956994
2026-09-04 12:10:00,29.66044323546575,29.935475671162834,29.9538707484021,29.436403969799294,30.471337527004906,-0.036693167716931915,-0.200633865554021,-0.44392021474126153,0.04265248363321952,1.2009983007570106,0.1822387883147556,1022.8853396183964,1023.2161238359085,1022.8605676337895,0.19317922009043784,0.2689607653082786,0.08659543681073956,33.859355771205934,33.2429665210466,34.062022076521004,-0.7970627173891836,-0.10330331367211419,-0.7157522418022921,10.406090169424097,10.598882245048918,10.911515538007524,0.10861958583723483,-0.45489164830055523,0.14225835534194786,9.74916383643898
2026-09-04 12:15:00,29.31011837343117,28.817087520567874,29.21870623688077,28.696950250134012,29.740462223627528,-0.05430126761152235,-0.16790253682006515,-0.41005721264930206,0.07425213900917174,-1.523889655075358,-0.23371617949283063,1022.9379399157704,1022.9088978001095,1022.700746299717,0.19851883987495195,0.27482464439205645,-0.06667314399965107,34.62421994976253,32.7741901534214,32.90856307495004,-0.7687918329297383,-0.10058883686767078,-0.033784084660965163,6.176807354449927,6.115007569378635,6.806420718154875,0.11307906360848786,-0.4486206869945007,-0.24279246178173963,14.603124554084932
2026-09-04 12:20:00,30.155358720557523,30.209992619823808,30.144739349764123,29.62863177147299,30.660846928055257,-0.03761175303347282,-0.18129231636430945,-0.42358227817814853,0.0609976454495296,1.6266973981316646,0.24654558642399493,1023.0900601048243,1023.3791372240387,1023.0030727898737,0.19889160099173914,0.2666358931505169,0.10942854101449484,32.336451734508366,30.66523851940525,30.95723771257355,-0.7134799409509344,-0.09014562120432906,-0.2018535719639729,2.8072852457938082,3.24266666230974,3.623721901811752,0.10700942914976151,-0.4476758109572053,0.06662057145519329,8.581573390332647
2026-09-04 12:25:00,29.140301350873948,28.99853582054174,29.425475634036722,28.912739390246898,29.938211877826546,-0.03867855739592786,-0.18048680753902666,-0.42313245380581355,0.06215883872776026,-1.629409105582937,-0.24645300595595643,1023.0276890220745,1023.5039266474147,1023.2244411313394,0.1969503936177511,0.2662069963985279,0.01327851967675997,34.006647023965975,34.663638711773224,33.695679650763324,-0.6814000744687149,-0.10665422222027837,1.0746132832301782,8.201476574421234,8.661689793762905,8.73578616592383,0.12036055582780249,-0.4473019816321872,0.37320560947126147,32.24865894438198
2026-09-04 12:30:00,30.19759536418537,30.511476324874213,30.427671329392027,29.915478310856855,30.939864347927198,-0.03739463683675998,-0.17871677947801218,-0.42171499077475716,0.06428143181873278,1.7356050022232878,0.2625217749601987,1023.2697876737778,1023.4387616732539,1023.2301782059491,0.20092079795862733,0.26652722079600566,-0.05794375349114489,32.00943211158424,30.868134153127524,31.805690178776608,-0.6443901194197201,-0.1073915284960254,-0.83016449715306,3.618477577567755,4.056849733982319,4.949279137010281,0.10677798596657762,-0.4470211627573232,-0.4454082402706385,39.513171329514755
2026-09-04 12:35:00,29.666085429743458,29.933794935830544,30.272423857463586,29.759836650505886,30.785011064421287,-0.041570231350878395,-0.17928499154762967,-0.42263770039057086,0.06406771729531152,-1.0534912491901238,-0.15934393008541292,1023.4205266555342,1023.5919913066067,1023.319688920189,0.20991799750049756,0.2665468858468591,0.005755500570785443,34.08925791651835,32.68766855407809,32.41052507240461,-0.6472186644804446,-0.10604008129158135,0.3831835629650584,5.760215036791087,5.879421989345221,6.057181676968837,0.10585632785836285,-0.4470314207807475,0.2692717331571304,13.789876019155216
2026-09-04 12:40:00,29.406511421823577,29.383101069871117,29.670664679465055,29.15769889073033,30.18363046819978,-0.02997751377272255,-0.17935042012315514,-0.423058031053112,0.06435719080680172,-0.7154500517608753,-0.10821318947078495,1023.137951200459,1023.4467460638277,1023.2303368632051,0.2172288634711746,0.2663663546923573,-0.049957154069716125,34.87472386025028,35.34843035825481,34.89716112036339,-0.7081915505001534,-0.10495372607245568,0.5562229639638758,1.9618145438480643,1.862481691633184,2.5482627153257846,0.11552550186911753,-0.4470380973547294,-0.2387429263378713,11.239587225401129
2026-09-04 12:45:00,29.55009804405069,29.838994124356827,29.891324955990868,29.37812922210705,30.404520689874687,-0.01823011545606739,-0.17938395268356663,-0.4234459716368745,0.06467806626974121,0.8400101789828192,0.12705312104952426,1023.2859796183534,1023.4498166350883,1023.1861860656749,0.21324648512931085,0.2663615907705963,-0.0027310213571354325,33.97860950259889,34.06336283623744,34.67572331707836,-0.724124270831048,-0.1052026842630082,-0.5071577965779142,10.016584718249451,10.18228816530293,10.098553355494047,0.10829477081999608,-0.447037347753647,0.530772157562529,43.22769540196823
2026-09-04 12:50:00,29.68847517344264,30.031893777263758,30.17681721860535,29.66345678215263,30.690177655058072,-0.013204300177384819,-0.17939124887328312,-0.4238071637976214,0.0650246660510552,0.2278834981210025,0.03446780753169065,1023.3477565784974,1023.8376422483175,1023.4756265751835,0.21714386425863222,0.2663999658372536,0.09561570729670166,33.74865703812264,34.03472372748949,34.30934489046216,-0.7331810252465812,-0.10518842003553412,-0.16943274293713273,2.787681982387166,3.1817413149451843,4.294253400258848,0.1113903272876676,-0.44703652395946547,-0.665475561354198,64.48193007804171
2026-09-04 12:55:00,30.05560359240327,30.06575246319973,30.272712733341873,29.75919492403028,30.786230542653467,-0.004732463588770098,-0.17938969082032621,-0.4241589931282873,0.06537961148763491,-0.18228256138242926,-0.027570579321817945,1023.3640029683446,1023.6157349469158,1023.4190547020593,0.22290314115241155,0.26640780606972414,-0.0697275612131989,33.57101597088723,32.06040460438875,32.5475988630006,-0.7505778622858301,-0.10513253528587681,-0.3820617233259753,11.629475228711447,12.053604488927096,11.82254073703927,0.11682372325765808,-0.4470365582119348,0.6781003100997598,66.98249751643007
2026-09-04 13:00:00,30.160731086286017,30.647204032134812,30.761541865115756,30.247860200650027,31.275223529581485,-0.007913808637576483,-0.17938928271305457,-0.4245114631678163,0.06573289774170712,0.4300868968437648,0.06505144973210975,1023.3227014644764,1023.4854928395454,1023.2684090947057,0.21081680130208783,0.2664161014005303,-0.04933235656085344,31.859846441734444,29.891098386925236,30.231476847008846,-0.7486635419977182,-0.10511564739378446,-0.2352628126898253,10.774793369255308,10.754109015710775,11.6237420548138,0.10821848457784569,-0.4470365813220922,-0.4225964577809336,26.485365721378905
2026-09-04 13:05:00,29.78409002897427,29.778041034906384,30.14303654754474,29.62918700567987,30.656886089409607,0.00021923646605924614,-0.17939139959852252,-0.4248659509193727,0.06608315172232765,-1.2271194161307974,-0.18560411303983315,1023.4385694630807,1023.5703622016928,1023.2743304349608,0.21283556779629215,0.26641338811028015,0.029618378621648844,33.59682598229218,32.97014532338088,32.121407544144155,-0.7332138504014649,-0.10512976785385292,0.9538675470905815,6.0361351995357975,6.23824077575592,6.85199000365171,0.10749370738190533,-0.4470365816073717,-0.16671264628841787,12.38318332001769
2026-09-04 13:10:00,30.06209344829805,30.01434032806482,30.120918627434957,29.606900394670944,30.63493686019897,-0.004848930166047855,-0.1793910903781934,-0.42521750748082654,0.06643532672443972,0.4814009136554631,0.07281279100805449,1023.4131671710147,1023.4601248216495,1023.2058321098264,0.1868999211606638,0.266413702401618,-0.012120990578409874,33.19664088228849,32.76138346993448,32.88558670136672,-0.7033583188129425,-0.1051298641000104,-0.01907336733223275,8.932013044800346,8.645308222534371,8.76906506155408,0.10592866907981323,-0.4470365823868207,0.3232797433671113,15.491215133614636
2026-09-04 13:15:00,30.98328121202944,31.151640273912697,31.133510703847566,30.619324055979966,31.647697351715166,-0.004815455833611825,-0.17939104899304412,-0.425568828951992,0.06678673096590379,1.3059052560018607,0.19752061905817442,1023.166701091877,1023.265228169542,1023.0328705039162,0.19269032567851804,0.26641361611599645,-0.03405595049025578,30.39943601990303,29.97802494880113,30.781291446466128,-0.7130925140657642,-0.10513399864400122,-0.6981324990209963,7.526906490112545,7.9228028115757905,8.502583327789438,0.1004112905614903,-0.44703658237980515,-0.13274393383384187,9.275203691539188
2026-09-04 13:20:00,30.868182831925395,30.788489573622826,31.11585976488644,30.60150498870153,31.63021454107135,-0.008935112074106286,-0.17939096806516439,-0.4259196101039857,0.06713767397365691,-0.97836289839179,-0.14797922319845114,1023.492160058829,1023.6401734921135,1023.2668769172915,0.20061444233327022,0.2664144259381228,0.10688214888386938,32.32574632916059,32.728569384408466,32.173901037232994,-0.779724093263325,-0.10513229125865296,0.6598006384341275,9.772812831428064,9.661248243492544,10.013432895429467,0.12342803908199805,-0.44703658236974186,0.09485193043281903,7.110446304644173
2026-09-04 13:25:00,30.39872619995951,30.400000764954594,30.680510918903096,30.16598814150668,31.19503369629951,-0.015793390163894225,-0.1793909396685514,-0.42626994514593586,0.06748806580883307,-0.6685484990914752,-0.10111921427995085,1023.5022931608231,1023.638732295641,1023.3748474022525,0.20958499584270773,0.2664144140596223,-0.0025295206710325147,32.96948221892868,30.78584373348357,31.27072757738531,-0.7966248134385148,-0.10513244593008689,-0.37975139797164914,5.770057226117654,6.121430809536662,6.794722644778923,0.1157969755475433,-0.44703658237004557,-0.2262552528722157,9.127758280536625
2026-09-04 13:30:00,30.282653710567686,30.538410528248146,30.661789440097696,30.147098714178824,31.176480166016567,-0.026130067129721078,-0.17939094220087387,-0.4266198145954677,0.06783793019371995,0.3703228816510915,0.05601203035132585,1023.2601606621499,1023.3662788046461,1023.1863900241387,0.20484443361667293,0.26641427881045027,-0.08652549830310363,33.28793709916091,33.180598190655324,32.79895509176285,-0.7950949495437953,-0.10513257155195903,0.4867756704444375,9.534829784761166,9.31588469003234,9.470025027104313,0.12584627848822214,-0.4470365823714103,0.2928962452994366,14.624720787349544
2026-09-04 13:35:00,30.35493239388864,30.339661448760253,30.529237744562437,30.014379113019682,31.04409637610519,-0.019114715571837797,-0.1793909424237255,-0.4269691873191571,0.06818730247170615,-0.06734034438826697,-0.010185353378457052,1023.3839071305076,1023.9072863106975,1023.5179490573712,0.20855299563696134,0.2664142828251231,0.12292297050112211,30.445209065388703,28.815612357801722,29.868877811379576,-0.752296672269126,-0.10513234891859724,-0.9481331046592558,6.056331135139523,6.487674175389136,7.191292154843885,0.12191826831941072,-0.4470365823714062,-0.2565813970833428,15.708139884148292
2026-09-04 13:40:00,30.587995887768585,30.249536702293888,30.425609837063384,29.91058334954781,30.940636324578957,0.0005443731203641534,-0.17939094236796865,-0.42731806743802286,0.06853618270208556,0.02193564601968845,0.0033178075984743316,1023.4824582776602,1023.5535844579701,1023.3830532598859,0.22564044178345533,0.26641431426906736,-0.0958831161847229,31.389326789648155,31.30174509959126,30.739875015766533,-0.7721699467455697,-0.10513240982557837,0.6670024936503047,12.938494355427176,13.146096818864564,13.188074097960337,0.1110519064305579,-0.4470365823713235,0.40505930327555006,26.722992978062138
2026-09-04 13:45:00,29.965332936489624,30.05690771675487,30.248750648209494,29.733556358889878,30.76394493752911,0.018110902695407546,-0.17939094242208842,-0.4276664574160207,0.06888457257184388,-0.08232617942774922,-0.012451989032534527,1023.3485576326174,1023.6131581983273,1023.3482318348589,0.24260567756295043,0.26641431461899884,-0.001487951150693334,32.72849869597829,31.594302412609593,31.53975707374614,-0.7542309197515906,-0.10513241131793759,0.15967775018139108,6.281243133205154,6.158915873382179,7.196136209683669,0.1120800488621086,-0.44703658237132277,-0.5901837539301669,49.84778893083874
2026-09-04 13:50:00,30.299545982615747,30.159549689461496,30.300454630078654,29.785092594123316,30.815816666033992,-0.0007375773437739847,-0.17939094244371398,-0.4280143591717091,0.06923247428428114,0.2544497496385212,0.038486001826555594,1023.5392270032096,1023.8703607598459,1023.5391406610986,0.2422556051722317,0.2664143087970708,0.06480578995024189,31.978202507938086,30.582947227961327,30.97537119414517,-0.7440778432643504,-0.10513241480459835,-0.2872915513792442,6.066460132112764,6.392438029142904,6.535522881078732,0.1185709827059836,-0.4470365823713255,0.3039517304354975,14.231213973151863
2026-09-04 13:55:00,29.759289725786378,29.950944425672617,30.157996547080426,29.64246681939292,30.673526274767934,0.018600468427329115,-0.17939094241844944,-0.4283617747372219,0.06957988990032302,-0.1828815604247218,-0.027661178989358604,1023.7295957401644,1024.068039380243,1023.7696169312784,0.24392744074098643,0.2664143084877534,0.03200814047681888,33.94398529533461,32.713521805170224,32.41147737595454,-0.7425413246050319,-0.10513241108545653,0.40717684030114043,9.546889906086522,9.497557477001564,9.795746608826999,0.12777607845664038,-0.4470365823713255,0.14884745054589033,4.208394016186968
2026-09-04 14:00:00,30.606816047570636,30.759882081638946,30.803789781787426,30.288092416962606,31.319487146612246,0.013828090903060183,-0.1793909424633062,-0.42870870626184165,0.06992682133522923,0.8957458673567729,0.13548324231482667,1023.2523421785996,1023.5008094917101,1023.3982748804484,0.25725837447779965,0.26641430628561086,-0.16387969502386568,32.753666824536054,30.887206005486135,31.461010755307974,-0.7099726584286712,-0.10513241255888721,-0.46867233726295154,10.10902387937028,10.47728912016701,11.032101021774281,0.14339872956319108,-0.44703658237132554,-0.1077753192359463,7.721017458910305
2026-09-04 14:05:00,30.722583678153423,31.039702833916973,31.23322098143021,30.7173560339254,31.74908592893502,0.02283908613024406,-0.1793909424631271,-0.429055155648562,0.07027327072230782,-0.0934018504777967,-0.014127205050112224,1023.156883270996,1023.3600266355136,1023.1189955141411,0.23924875029465353,0.2664143059936016,-0.025383184621205146,31.87950608548988,31.17874713704164,31.233477783017673,-0.7331021003150116,-0.10513241255296474,0.050401766576932516,6.923253455164606,7.013871205012932,7.6610598371210665,0.17285119246254207,-0.44703658237132554,-0.20015204973680945,5.822115797199816
2026-09-04 14:10:00,30.283184469633532,30.473936785941607,30.808152010735032,30.29211953495468,31.324184486515385,0.009245856149535894,-0.1793909424699861,-0.4294011249536248,0.0706192400136526,-1.023618926504863,-0.15482428232343892,1023.4020734846312,1023.7051774496996,1023.3106352485801,0.23537184138252923,0.2664143066315064,0.12812789448798867,31.42595603196461,30.05458369338371,30.313627752352943,-0.7532336260525346,-0.10513241246970449,-0.15391164649953026,3.4271195497366707,3.08616174654787,3.546979599586394,0.17535633450009805,-0.44703658237132554,-0.013781270667198697,4.514169009202005
2026-09-04 14:15:00,31.114984761139052,31.344409172728312,31.374959248542055,30.85875929885045,31.89115919823366,0.011375554857645975,-0.17939094246669685,-0.42974661615016324,0.07096473121676955,0.9840596439844234,0.1488408666529537,1023.4559448723747,1023.7473218067204,1023.4541607134049,0.2513986868489703,0.2664143066550057,0.026746786660510224,31.53630810717057,31.41169653702996,31.13655414081335,-0.7536501548608326,-0.10513241260239532,0.38027480881900644,6.111132948018654,5.985133488636218,6.124252132455554,0.16872541276184416,-0.44703658237132554,0.3079179385519888,16.694935824115372
2026-09-04 14:20:00,30.00019585253382,29.882457903107376,30.323410902316404,29.80704353303076,30.839778271602047,0.01608140260109958,-0.1793909424675774,-0.430091631229101,0.07130974629394618,-1.7293144700438994,-0.2615620567414503,1023.3031294671239,1023.5273867352579,1023.3299189512132,0.2631010933491875,0.26641430668991756,-0.06894652264531942,32.3399935507193,32.075983133006524,32.056774949795226,-0.7760552825391122,-0.10513241261545749,0.12434059582675516,14.274733162185928,14.318862905609537,14.53006379519541,0.17325415602979308,-0.44703658237132554,0.2358356927854519,15.782412454291109
2026-09-04 14:25:00,29.906050908931785,30.060660538832188,30.133641260879806,29.617106526265232,30.65017599549438,-0.00618766927769521,-0.17939094246776988,-0.4304361721486031,0.07165428721306333,0.703529924124382,0.1064102204201518,1023.5447283048844,1023.5779787778067,1023.3047840187551,0.2675322586809864,0.2664143066861958,0.006780452365433121,33.31961720496569,33.91186799493572,33.78806255747705,-0.7582748523522012,-0.10513241261440853,0.22893785007308054,9.089803149929855,9.670851883580157,10.70216843527405,0.17059202652572816,-0.44703658237132554,-0.5842799693225675,50.18302429479285
2026-09-04 14:30:00,30.579074439903216,30.975701035992742,30.955607317406237,30.438905271674546,31.472309363137928,0.002936338217467629,-0.17939094246803583,-0.4307802408590022,0.07199835592293052,1.3188904966228314,0.19948466105454088,1023.113952199264,1023.293225910731,1023.0818581836232,0.24946226981701897,0.2664143067009364,-0.05504657959306769,31.861403349716376,31.37122875354422,32.214231686583254,-0.7832365830050159,-0.10513241263153054,-0.7378705204075011,9.916960877082696,10.367155654065714,10.585072404316051,0.17985168782425046,-0.44703658237132554,0.22911983212098797,14.835555834793054
2026-09-04 14:35:00,30.90182922222215,30.78722460382984,31.058744762215436,30.54187545952544,31.575614064905434,0.023125363335042358,-0.17939094246800508,-0.4311238392961755,0.07234195436016533,-0.6091112303707469,-0.09212921591759127,1023.4058033503597,1023.4826841728242,1023.149663345708,0.248863347020525,0.266414306696745,0.06660652041944104,31.408650761131284,31.049877039061407,31.212445032573676,-0.7753159357339362,-0.10513241263228267,-0.05743558087998579,1.4020501411493065,2.056088609706542,2.8741766463432743,0.16688004486059324,-0.44703658237132554,-0.37105145426540664,21.054222990707384
2026-09-04 14:40:00,31.146471530279005,31.52692483277424,31.638068883395242,31.121032377853115,32.15510538893737,0.02050564414981794,-0.1793909424680017,-0.43146696938349854,0.07268508444749516,0.45121352491579714,0.06824689184700006,1023.1973232215544,1023.3390336513099,1023.0887156078968,0.24178436226552583,0.26641430669648186,-0.016096263283316148,32.297788928460136,32.63904679528092,32.26342418009715,-0.7788219826414727,-0.10513241263065888,0.4807550278144319,6.089249262057262,6.775903217150817,6.658791191272481,0.19056339028459762,-0.44703658237132554,0.5641486082496607,47.12120776064862
2026-09-04 14:45:00,30.275484483447308,30.20652263131928,30.65248358205271,30.135279927712165,31.169687236393255,0.04090816611223813,-0.17939094246802118,-0.4318096330309474,0.07302774809490503,-1.7624244828016735,-0.26657000826540767,1023.5317567444724,1023.7824970593493,1023.4105078504579,0.24575682909933239,0.2664143066991712,0.10557490219230203,32.97133817724937,31.697908446553726,31.99448166423081,-0.771299573874288,-0.10513241263056076,-0.1914408050465255,7.810185892490515,7.848884522345593,8.444579985042123,0.19912387123235276,-0.44703658237132554,-0.1486588803252049,12.100805110431875
2026-09-04 14:50:00,30.87289004336847,30.74055855806893,30.771219754381022,30.253849005243406,31.288590503518638,0.038062763710452016,-0.17939094246801734,-0.4321518321355098,0.0733699471994751,0.9833249721217712,0.14872974615592582,1023.5577833912909,1023.8476384817722,1023.5891247747181,0.23604466888179382,0.26641430669906035,-0.00790059964504053,31.49756407980852,29.519566986848602,30.074404559542835,-0.7873905227014945,-0.10513241263012628,-0.44970516006410577,10.18097947160745,10.306717244734193,10.716442256182157,0.1822838310543911,-0.44703658237132554,0.037311570923360904,3.5848307198312717
2026-09-04 14:55:00,30.404652012520113,30.514698632867233,30.700952722477147,30.18341493249151,31.218490512462786,0.050806531676151276,-0.17939094246801734,-0.4324935685814228,0.0737116836453881,-0.04537561682446878,-0.006863147141896064,1023.1284699119046,1023.6192738127406,1023.4478692852742,0.22373598814209852,0.266414306698677,-0.09500977923232767,31.075019021749405,30.435835656042187,30.172567996585357,-0.7992586130099334,-0.1051324126303041,0.3684000720871339,1.7166845277178502,1.76849409244993,2.691013889014343,0.17519354203124138,-0.44703658237132554,-0.47548321419308737,33.96762679466875
2026-09-04 15:00:00,30.32591849220516,30.48662855761781,30.66172554988165,30.144020772944813,31.179430326818483,0.017527982186884783,-0.17939094246801737,-0.43283484424018925,0.07405295930415448,0.028389401407242332,0.004293950204178998,1023.1452017772442,1023.2635484252186,1023.0899430928592,0.19895760480989483,0.2664143066987089,-0.09280897433939117,32.46143013628429,30.527425072282732,30.483471783515466,-0.7958982886300366,-0.10513241263031943,0.1490857013975848,10.547696795314467,10.529597966196526,10.216159070200868,0.18335435247238077,-0.4470365823713255,0.7604754783669829,83.59502229532934
2026-09-04 15:05:00,30.71964363442917,30.955803308100208,31.05699088038141,30.539119170338065,31.574862590424754,0.053809648876586735,-0.1793909424680175,-0.4331756609707325,0.07439377603469749,0.5170406646708123,0.07820337018681656,1023.3404436663218,1023.6702567726427,1023.2759866112965,0.21361926102961526,0.26641430669856264,0.12785585464757787,31.052917900138123,32.22724315756405,32.00124377104795,-0.7888256809143906,-0.10513241263030886,0.33113179914640156,6.786999511602154,6.429668891835312,7.426193214357442,0.19511779303409532,-0.4470365823713255,-0.5494877401508047,46.1145908883457
2026-09-04 15:10:00,30.594636958754325,30.478525997154918,30.76609378712303,30.248055197765808,31.28413237648025,0.07624152255523109,-0.17939094246801748,-0.4335160206195102,0.07473413568347528,-0.7152099583410205,-0.10817684750009349,1023.1371077706501,1023.3918237892082,1023.1694461867675,0.20882201489229857,0.2664143066985942,-0.04403670425790551,33.560559472841135,33.93598535855121,33.868801441743244,-0.7889727479530811,-0.1051324126303021,0.17231632943826725,3.562172989136905,3.7401440904936285,4.153674655278525,0.18239541676177567,-0.4470365823713255,0.03350601758642879,1.7668056565779937
2026-09-04 15:15:00,29.667020399394065,29.825900558836352,30.092921222598303,29.574715807667875,30.61112663752873,0.0719721399914259,-0.1793909424680175,-0.4338559250206318,0.07507404008459678,-0.5793628744451382,-0.08762972129393276,1023.1719376997793,1023.577045114672,1023.2659020045072,0.210707764296729,0.2664143066985834,0.04472880346622787,34.208739945152814,35.21063594631895,35.36081545179279,-0.7292850654751232,-0.10513241263030289,-0.045047092843532255,4.684667601487657,4.488523598640429,4.761210339878541,0.18952567526610517,-0.4470365823713255,0.17434984113321317,5.383077261438439
2026-09-04 15:20:00,30.848429299248505,30.75370918954357,30.71761397489673,30.19924178808187,31.235986161711587,0.04239080459176864,-0.17939094246801748,-0.434195375995973,0.07541349105993808,1.4246842001293416,0.21548615711486008,1023.1661277996358,1023.4632430144742,1023.2229492306931,0.21068090689903882,0.26641430669858357,-0.02612052291749478,30.856452236213695,30.14244895991313,31.542576774019583,-0.7639608576310681,-0.10513241263030662,-1.2949954014761467,4.354911641109573,4.51471235318876,4.996448622501359,0.17005227653948593,-0.4470365823713255,-0.034699686941273455,13.777624892057755
2026-09-04 15:25:00,30.76647889319906,30.515405672101295,30.75975514448127,30.241216239418964,31.27829404954358,0.04671123011635098,-0.17939094246801748,-0.4345343753552904,0.07575249041925539,-0.4294725585545045,-0.0649585299119586,1022.858034308538,1022.9046337941486,1022.7661788776549,0.19787169970351282,0.26641430669857724,-0.12795939020486458,32.90726518154966,32.58151606605653,31.99754368461001,-0.7662079904544131,-0.10513241263030779,0.689104794076826,6.568654724038335,7.372544884792005,7.702867707675638,0.16915891788477547,-0.4470365823713255,0.11671375948769214,6.655112823391789
2026-09-04 15:30:00,29.917268314794047,29.756573398597734,30.076879606458967,29.558174036734467,30.595585176183466,0.025052346910244626,-0.17939094246801748,-0.43487292489633333,0.0760910399602984,-0.9316596242223341,-0.14091526539321464,1023.1277676622818,1023.0520736786542,1022.7103267786529,0.18276292076613448,0.26641430669857996,0.07533259330273268,33.450125122988354,32.26125977119773,32.23598709419682,-0.8212850062285076,-0.105132412630308,0.13040508963121766,1.7352526454350279,1.762728502841623,2.580217835822241,0.18027938630580753,-0.4470365823713255,-0.3704527506092923,22.40204206985833
2026-09-04 15:35:00,30.27531795109612,30.156863027878565,30.215302961981973,29.696430781128907,30.73417514283504,0.031725149973606946,-0.17939094246801748,-0.4352110264049561,0.07642914146892113,0.7996661730568775,0.12095100836461015,1023.0105302704735,1023.2279186646778,1022.8740886807894,0.17069913925416766,0.2664143066985812,0.08741567718971055,33.40380737590237,33.30188506589662,33.19768789022055,-0.8082621544751492,-0.10513241263030812,0.2093295883063817,3.1216829118737177,3.3548793425669152,3.4881691299082256,0.17476422900477773,-0.4470365823713255,0.31374679503001524,16.669983426119977
2026-09-04 15:40:00,30.260595775235313,30.402813443066886,30.52913597719275,30.010097238693188,31.048174715692316,0.03789863576107118,-0.17939094246801748,-0.43554868165522664,0.0767667967191917,0.3508611592659179,0.05306840834215265,1023.0245498527246,1023.1073033210276,1022.8635525897762,0.16202111798821495,0.2664143066985811,-0.02266357544715447,33.04326374274058,31.223533389851397,31.834817939649405,-0.8472957832483377,-0.1051324126303081,-0.5061521371676996,9.69872890425587,10.130418426012051,10.337060279798706,0.1596950060133976,-0.4470365823713255,0.24039472858467015,9.917460374745774
2026-09-04 15:45:00,30.109757972865616,30.36397829370539,30.580562527279174,30.061357284563716,31.09976776999463,0.023777588226040806,-0.17939094246801748,-0.43588589240953646,0.07710400747350146,-0.24590300787141217,-0.037193291105765525,1023.3000680016855,1023.3194413327453,1023.013740188637,0.16642039295238062,0.26641430669858107,0.039286837409690634,33.78791779056959,30.89640659678575,31.006573780639414,-0.8570366422040179,-0.1051324126303081,-0.005034771223357382,2.818660849909408,3.063905391476353,4.133202704088697,0.16115715397717317,-0.4470365823713255,-0.6222607302410186,55.56789980406282
2026-09-04 15:50:00,29.72442399939309,29.47037476699829,29.804020998587678,29.284649305035536,30.32339269213982,0.04059209358025647,-0.17939094246801748,-0.4362226604187065,0.07744077548267156,-1.0198570346236053,-0.15425528912136954,1022.8806200580423,1022.8473551833525,1022.702043714035,0.15687178099013327,0.2664143066985813,-0.12110283738104499,34.344941228965,32.84231383978353,32.40965389894041,-0.8700588935906143,-0.10513241263030809,0.5377923534734279,3.841534274125018,4.084389495818525,4.182021892063114,0.1551099653108184,-0.4470365823713255,0.3494041861267365,23.05747797067517
2026-09-04 15:55:00,29.611543989063733,29.734611918027692,29.80352218507596,29.283984094015047,30.32306027613687,0.052675714122349074,-0.17939094246801748,-0.43655898742209476,0.07777710248605982,0.7304416896081172,0.11048067541975115,1023.177307952624,1023.3792839458314,1022.980606438283,0.17782966856926874,0.2664143066985812,0.13226320084982035,34.96903358337534,32.94442709872192,33.0832228604315,-0.8602277041595733,-0.10513241263030809,-0.03366334907926927,5.77339669884566,5.826081517710713,6.2174743475345595,0.16140554897147674,-0.4470365823713255,0.05564375254747844,3.688458042572559
2026-09-04 16:00:00,29.80224712511164,29.63422055213914,29.795101757372862,29.27539732207986,30.314806192665863,0.06731306418167753,-0.17939094246801748,-0.43689487514769965,0.0781129902116647,0.12237691060681044,0.018509737234296608,1023.0004604058635,1023.4167720417605,1023.1422081348227,0.19015548099998655,0.2664143066985812,0.0081496002392214,36.116999917750135,36.4197659204041,35.993416401955955,-0.8795753862736546,-0.10513241263030809,0.53148193107846,6.318332279197355,6.401321171328282,6.915265920884943,0.15255228464929613,-0.4470365823713255,-0.06690816718533643,2.1339738360614042
2026-09-04 16:05:00,30.210503971600136,30.403766983139647,30.45985656611501,29.939985839815463,30.97972729241456,0.06744592973671096,-0.17939094246801748,-0.4372303253122647,0.07844844037622975,0.8152054919705058,0.12330135949265397,1022.9881514776554,1023.1267064213955,1022.9577744125528,0.19985579559597505,0.2664143066985812,-0.09748229785589047,31.231121214541,31.78325209291231,33.14003889650096,-0.900411085692944,-0.10513241263030813,-1.2516543909583397,8.863958890627762,8.720781649724179,9.093241235013618,0.14482591575276513,-0.4470365823713255,0.07457699708188592,11.511518335938828
2026-09-04 16:10:00,29.884505851140865,29.80617280367312,30.138976459938004,29.618939495806398,30.65901342406961,0.04621306873300536,-0.17939094246801748,-0.4375653396213802,0.07878345468534528,-1.0142863577490004,-0.1534127137968646,1023.1373991649897,1023.4243596004173,1023.0956682578875,0.19841988876629724,0.2664143066985812,0.062277035831243666,33.944415548964365,31.971916181583936,31.995941346716393,-0.8501561094499376,-0.10513241263030813,0.08110724749785092,5.664175989241217,6.042605384452042,6.706303026121615,0.1246158925440027,-0.4470365823713255,-0.2166610592982483,9.653717150675163
2026-09-04 16:15:00,29.441226469422855,29.29184181863437,29.547175229963173,29.026972081123013,30.067378378803333,0.06088115281617242,-0.17939094246801748,-0.43789991976958487,0.07911803483354993,-0.502092742073927,-0.07594246886078437,1023.0595780788959,1023.2608293839583,1023.0327296616464,0.21659125759494305,0.2664143066985812,-0.038314584386739625,33.97091748545606,34.16409369968973,33.586885554814394,-0.8401962717833291,-0.10513241263030813,0.6823405575056469,9.154218932058656,8.758086774728945,8.970148968512541,0.12631533965451752,-0.4470365823713255,0.23497438858772846,11.044389432257725
2026-09-04 16:20:00,29.817355789326324,30.034114274224972,30.034832953148356,29.514463672672253,30.55520223362446,0.05682558182913555,-0.17939094246801748,-0.43823406744046545,0.07945218250443045,1.1812895746138423,0.17867226354463384,1023.0849678864491,1023.1055357631052,1022.8778643120993,0.21397519002148957,0.2664143066985812,-0.038742855692703415,34.0179650509273,33.91923998612381,34.10311504970148,-0.8598330516041085,-0.10513241263030813,-0.07874265094735478,7.166670758553476,7.582703550339888,8.192832983327683,0.12470629027175154,-0.4470365823713255,-0.1630928506164704,7.371526314288339
2026-09-04 16:25:00,28.285307259989246,28.203901618581472,28.679505797504234,28.15897043841398,29.200041156594487,0.03597887968124552,-0.17939094246801748,-0.4385677843067557,0.0797858993707207,-1.9584103382627376,-0.2962132364547436,1023.1365645199235,1023.4603862745017,1023.0978618055727,0.21360005305163862,0.2664143066985812,0.0961101622303886,37.84831051384841,35.72387693595581,35.61042578391023,-0.8686122301175015,-0.10513241263030813,0.2185835646758889,2.5200880574097653,2.2118009855505436,2.85140825580745,0.11282244356435082,-0.4470365823713255,-0.19257068788558085,15.848026237573308
2026-09-04 16:30:00,29.797170188344225,29.790236868244545,29.614831943928415,29.094130559195076,30.135533328661754,0.0562594701708604,-0.17939094246801748,-0.43890107203043416,0.08011918709439922,2.3457287115159673,0.35479586678414776,1022.9348307772789,1022.9862667182034,1022.8303368914394,0.21563974752862985,0.2664143066985812,-0.11048447993459831,33.2944110371559,32.17117220562258,33.17176263574238,-0.8110248067880255,-0.10513241263030813,-0.8954580174894886,2.9873066081700705,3.390849221095088,3.54207346003665,0.11476043070202174,-0.4470365823713255,0.2958123434297635,31.28279522930416
2026-09-04 16:35:00,28.55165875273771,28.195411518204832,28.64953015258808,28.128662795132062,29.1703975100441,0.08775058297839804,-0.17939094246801748,-0.4392339322628208,0.08045204732678587,-1.81635891256348,-0.2747276919152313,1022.8871821382556,1023.1144877568598,1022.8112813377272,0.22406162401514998,0.2664143066985812,0.036792112434000046,35.87695885428689,34.59357229906046,34.11823353551418,-0.8192555775268139,-0.10513241263030813,0.5804711761765944,5.469399975444909,5.488285851289717,5.889371816594744,0.12503113370846314,-0.4470365823713255,0.045950617066297994,10.167699159570706
2026-09-04 16:40:00,29.009439598367578,29.28588173169598,29.23793145662868,28.716898179319813,29.758964733937546,0.08713186104370998,-0.17939094246801748,-0.4395663666446723,0.08078448170863736,1.5030637930402975,0.22734121753531866,1022.8121040874122,1022.9925805461246,1022.7319277741453,0.2317045209631858,0.2664143066985812,-0.005761534719340489,35.927882134614755,35.68289819417937,35.523307889049846,-0.8433802593371474,-0.10513241263030813,0.26472271775983813,5.1094221082649875,4.862736956099337,5.442425155656863,0.12287545427427364,-0.4470365823713255,-0.1326516171862,8.341924820250117
2026-09-04 16:45:00,28.610463095737042,28.894163478333624,29.15262063673648,28.63142149239411,29.673819781078848,0.11951867836275937,-0.17939094246801748,-0.4398983768062764,0.08111649187024148,-0.5227453592127347,-0.0790662159348372,1022.8483573172159,1023.2083219500227,1022.8784235992545,0.22600301762185057,0.2664143066985812,0.06348404406958252,37.3425703524548,35.492191747139216,35.79981326522248,-0.8673551245915712,-0.10513241263030813,-0.20248910545295473,8.345432521268807,8.64477923856519,8.899549716390876,0.12555712377249337,-0.4470365823713255,0.19226610454563975,6.595755700334303
2026-09-04 16:50:00,28.44147031306038,28.56345028120857,28.804018216142964,28.282653257536023,29.325383174749906,0.12088839929192961,-0.17939094246801748,-0.44022996436754525,0.08144807943151025,-0.4044709680901768,-0.061176992466375424,1023.4133199897213,1023.4742044338395,1023.151142002532,0.21960709298873912,0.2664143066985812,0.056648124608955186,38.12872291791924,37.163050265965445,37.07949013849699,-0.8865745514262063,-0.10513241263030813,0.18869254009876357,6.640132371409702,7.04705286820078,7.725688015941524,0.12829023626834501,-0.4470365823713255,-0.2315985653694197,8.589921280899794
2026-09-04 16:55:00,29.321837006343955,29.13150237880224,29.19086343485938,28.669332714706467,29.712394155012294,0.11518156072943435,-0.17939094246801748,-0.44056113093810745,0.08177924600207245,0.7935761860644526,0.12002988641087597,1023.1579974374451,1023.44391385209,1023.2188179214338,0.22728592847456414,0.2664143066985812,-0.041318376042454474,34.7864375225559,33.330307947685064,34.35329632060006,-0.9073819717111417,-0.10513241263030813,-0.9178559602846832,4.968717931273782,4.953541274839277,5.428592836954968,0.11624693799655542,-0.4470365823713255,-0.028014979744365398,6.155505536745278
2026-09-04 17:00:00,28.565796842066806,28.913395361650412,29.147762017843675,28.626065588813134,29.669458446874216,0.10572468391665218,-0.17939094246801748,-0.4408918781173996,0.08210999318136467,-0.36347128643368265,-0.0549757137252449,1022.7705812589196,1022.8804804152986,1022.7750737292707,0.23586876748125893,0.2664143066985812,-0.16100762067071628,35.98674236384761,35.41324566415236,34.957154636394726,-0.9521696464033652,-0.10513241263030813,0.5612234403879484,3.053109480847961,3.4061054416552725,3.818821247372851,0.13681279620363138,-0.4470365823713255,0.03432077665374722,4.995512417039506
2026-09-04 17:05:00,28.784114965203756,28.781143207968142,28.99074717945944,28.468885094169448,29.512609264749432,0.13028092003654332,-0.17939094246801748,-0.44122220749475616,0.08244032255872122,-0.19975308699097027,-0.030213029023279603,1022.7784787091065,1022.9329614812406,1022.6309858030975,0.23114855398338446,0.2664143066985812,0.03556137144448712,34.42566492333094,33.26071464818409,33.673170736233544,-0.9915166497965094,-0.10513241263030813,-0.3073236754191413,3.56131260283494,3.0078915523365435,3.4036770753026575,0.13210429790240855,-0.4470365823713255,0.051251059405211574,1.0976390342457036
2026-09-04 17:10:00,28.51670502823662,28.544613100032226,28.745224537774387,28.22319684879303,29.267252226755744,0.11857876181572674,-0.17939094246801748,-0.44155212064949867,0.08277023571346367,-0.1402990555902761,-0.021220495274143047,1023.0544374558796,1022.7212597188958,1022.4532815518237,0.21210229714724302,0.2664143066985812,0.001563860373494208,37.05372181005303,35.60498238400155,35.12949659369695,-1.0205428628991573,-0.10513241263030813,0.5806182029349145,6.466934149606138,6.209420722603169,6.50075340243389,0.13866545992101126,-0.4470365823713255,0.15570390254060396,5.239527039550672
2026-09-04 17:15:00,28.613633148785066,29.205649761522324,29.254379191385244,28.732185951230587,29.7765724315399,0.12960780146535156,-0.17939094246801748,-0.4418816191510233,0.08309973421498837,0.8638670579394052,0.13066151260509784,1023.0713057980744,1023.5947350878122,1023.0917879575107,0.20961450399514409,0.2664143066985812,0.236532823602829,36.330483151158184,35.16000801339922,35.398148438183696,-0.9998378772532989,-0.10513241263030813,-0.13300801215416413,5.157830328682261,5.691910620516181,6.305522136110989,0.14635761269330175,-0.4470365823713255,-0.16657493322348316,12.091407548833203
2026-09-04 17:20:00,28.338334022740508,28.318827077858124,28.669602617665614,28.147243878805796,29.191961356525432,0.12122034393946343,-0.17939094246801748,-0.442210704558889,0.083428819622854,-1.133107254982157,-0.17138459733947187,1023.0803948747944,1023.3800752282993,1023.193757308024,0.2170968135810544,0.2664143066985812,-0.08009638642329264,39.17519997869257,39.79085306265681,39.10139478743687,-1.0131811823078494,-0.10513241263030813,0.7945906878502527,5.880903519566022,5.958764398728792,6.376737079648106,0.14496166142214423,-0.4470365823713255,0.029063901452010654,7.187167937249247
2026-09-04 17:25:00,27.676704091453665,27.939461826439814,28.1399353289625,27.617411143815804,28.662459514109198,0.11431574250084799,-0.17939094246801748,-0.4425393784229027,0.0837574934868677,-0.1393870985046881,-0.02108256005466913,1022.9704881343713,1023.0941478272188,1022.9524286296042,0.23876181573809177,0.2664143066985812,-0.12469510908408665,39.507032528489006,38.15308097816736,38.973253097041585,-1.0204318414261409,-0.10513241263030813,-0.715039706243914,2.975030423369166,2.5673960371072524,3.1676413192261337,0.15102961167274057,-0.4470365823713255,-0.1532086997475557,7.756560249942445
2026-09-04 17:30:00,28.46827423280784,28.710462173134754,28.69954000569759,28.17685042663252,29.22222958476266,0.1297694879103915,-0.17939094246801748,-0.44286764228320474,0.08408575734716975,1.258252893780405,0.19031310990518335,1023.0024367685068,1023.0581247354468,1022.8043230149865,0.22438632019000382,0.2664143066985812,-0.012612586238333279,36.13763606947379,34.328853134304545,35.44508886603554,-0.9759787605422194,-0.10513241263030813,-1.011103319100684,7.131872700952333,7.0757006507106395,7.176581704748118,0.15348780389090447,-0.4470365823713255,0.34615552833384644,26.19985825303843
2026-09-04 17:35:00,27.749766883527563,27.951870257319634,28.27272965457838,27.74987473391375,28.795584575243012,0.1240689352160512,-0.17939094246801748,-0.4431954976703534,0.08441361273431844,-0.9353170294351472,-0.14146845479072923,1023.0848415204089,1023.229761672633,1022.8975577134971,0.21926746515603693,0.2664143066985812,0.06578965243727453,38.834779333976044,38.37087267900644,37.41554295121986,-0.9306535102943748,-0.10513241263030813,1.0604621404168881,9.409308062446632,9.271599327007738,9.816387263107531,0.1393114063186304,-0.4470365823713255,-0.09775135372846755,9.741844881962704
2026-09-04 17:40:00,27.1998400407363,27.37423715377195,27.619488407496622,27.09646819750162,28.142508617491625,0.1179970045247468,-0.17939094246801748,-0.44352294610540766,0.08474106116937266,-0.43543467533711677,-0.06586031125665315,1023.0648523967628,1023.3869789494034,1023.0752598412987,0.21459462241773242,0.2664143066985812,0.045304801406132356,40.257941926157045,39.20259430731448,39.09648816722742,-0.9405278833041956,-0.10513241263030813,0.21123855271736858,3.6932709343035373,3.779471094167789,4.577527329882217,0.1359886793061295,-0.4470365823713255,-0.35101965334310314,18.497988889388886
2026-09-04 17:45:00,27.524198148054435,27.734464935414643,27.780607723813382,27.257422276707658,28.303793170919107,0.1349890749823689,-0.17939094246801748,-0.44384998910000983,0.08506810416397484,0.8809686076387351,0.13324815406927826,1022.7373050678092,1022.6843566154624,1022.5940989043793,0.23086428649091043,0.2664143066985812,-0.17615659561545272,39.67306722161157,37.578271970740275,38.240387976196246,-0.9626081061781149,-0.10513241263030813,-0.5569835928256595,5.528285167146462,5.546923042286758,5.668473339017798,0.1298631702825889,-0.4470365823713255,0.3254862856402845,22.04720989419133
2026-09-04 17:50:00,28.166555568250416,28.37989372081922,28.445485253850272,27.922134621804013,28.96883588589653,0.15895003438069324,-0.17939094246801748,-0.44417662815646686,0.08539474322043186,0.7523834606344373,0.11379940943696454,1023.0558990625649,1023.2651063881561,1022.8433652860317,0.23044498848540684,0.2664143066985812,0.15532679542582173,37.973825220994215,38.76615912199949,38.70087011316862,-0.9928631671566887,-0.10513241263030813,0.17042142146118522,12.870898733006493,13.04982397155707,13.233243125434466,0.12524571986912764,-0.4470365823713255,0.26361742849392833,14.12393710307386
2026-09-04 17:55:00,27.775052722886358,27.933289432561104,28.246165538548343,27.722649773682356,28.76968130341433,0.16862038142995675,-0.17939094246801748,-0.44450286476783085,0.08572097983179591,-0.8825355928369376,-0.13348516351922157,1022.9847742113352,1023.4699275619776,1023.1404055417826,0.21955706977293965,0.2664143066985812,0.06310771349637889,39.293061727423925,38.04246255573771,38.30847639821612,-0.9686160152169003,-0.10513241263030813,-0.1608814298481036,4.228207890316988,4.319573762923977,5.494333877773316,0.11220568809076126,-0.4470365823713255,-0.7277235324780138,78.02589063583173
2026-09-04 18:00:00,27.162190363589527,27.623245823207274,27.860002776963807,27.33632193134959,28.383683622578022,0.1587988347955975,-0.17939094246801748,-0.44482870041797884,0.0860468154819439,-0.37927471073523833,-0.05736601128851504,1023.1628361029717,1023.2190055657445,1023.0458176444521,0.22626141316800147,0.2664143066985812,-0.093226385406183,39.287719385182946,38.009643053623684,38.110467504675945,-0.9757807683901804,-0.10513241263030813,0.0043079615780499125,6.2751481455457965,6.806539947315123,6.7671118197587035,0.12347002525822157,-0.4470365823713255,0.4864647099277448,35.08330582502218
2026-09-04 18:05:00,27.026680969041667,26.915288564187943,27.160807695439217,26.636961821099046,27.68465356977939,0.15113970730613382,-0.17939094246801748,-0.44515413658169134,0.0863722516456564,-0.43720574446208715,-0.06612818878325655,1023.610366922662,1023.8438304294041,1023.4599006467237,0.2214057509275101,0.2664143066985812,0.11751547598180423,42.17092259994657,41.30948279192157,40.73217873092857,-0.989308089551478,-0.10513241263030812,0.6824364736233122,2.0163137159091047,2.283168247629361,3.009857752313853,0.1394899518043557,-0.4470365823713255,-0.27965292231316674,15.553824608316384
2026-09-04 18:10:00,26.900580238703093,27.257210295768402,27.299252818614324,26.775241967521318,27.82326366970733,0.1523384362622344,-0.17939094246801748,-0.4454791747247302,0.08669728978869526,0.908077465245416,0.13734841962209643,1023.2456755584174,1023.7828851343533,1023.5677393739287,0.20671310364721465,0.2664143066985812,-0.05126854627405919,41.47896116464836,41.845268230334135,42.07777879945224,-1.0177863496812922,-0.10513241263030812,-0.1273781564877936,6.288526385522248,6.5750978504446635,6.654748252924146,0.1492699815643398,-0.4470365823713255,0.3673861798918425,21.630656646507695
2026-09-04 18:15:00,27.720973642576183,28.04259448950481,28.08234030164515,27.558164525723353,28.606516077566948,0.15715238719111926,-0.17939094246801748,-0.44580381630391586,0.08702193136788086,0.9232621411351225,0.1396451303276791,1023.1734433976337,1023.4642659660473,1023.3176338703146,0.19599982395990084,0.2664143066985812,-0.11978221096592279,39.92157752206886,37.53305658685697,38.7911842548735,-1.044724673996691,-0.10513241263030812,-1.152995255386216,1.9836036728235478,2.4951260837977154,3.299990063165068,0.16197527380581123,-0.4470365823713255,-0.35782739699602706,28.763034618731023
2026-09-04 18:20:00,26.902352246877708,27.18436646968261,27.569516200763218,27.04517555188768,28.093856849638755,0.1423343985390227,-0.17939094246801748,-0.4461280627672032,0.08734617783116824,-1.3603718173778354,-0.205758788612588,1023.3905953530755,1023.6262922535612,1023.3237845767643,0.21680832741297226,0.2664143066985812,0.03609337009834235,40.336789103092286,39.524055145334295,39.072775629703294,-1.0335226372944273,-0.10513241263030812,0.556411928261312,11.501800587026407,11.543698887333264,11.428486622195638,0.15852892543572966,-0.4470365823713255,0.5622488475089504,51.321254314108884
2026-09-04 18:25:00,26.77923601745142,27.155811870612165,27.324567431356005,26.800061961352863,27.849072901359147,0.15317996763272065,-0.17939094246801748,-0.4464519155537574,0.08767003061772241,0.07031570151721311,0.010635381724178217,1023.3584974517938,1023.6559117581029,1023.3672519493473,0.2214188380727658,0.2664143066985812,0.022245502056989608,41.898954064659534,42.48920881749395,41.84501913739192,-1.0795629766004815,-0.10513241263030812,0.7493220927323421,7.161467585418554,6.935070709496878,7.969805321267261,0.15216635708586929,-0.4470365823713255,-0.5876980293990579,52.23479947714107
2026-09-04 18:30:00,26.87538672535264,27.011329513876277,27.172288433768188,26.647618194414726,27.69695867312165,0.15446266757731464,-0.17939094246801748,-0.44677537609402773,0.08799349115799279,0.12186310105576226,0.018432022576106988,1023.3847743031088,1023.5473564615954,1023.3045773945896,0.22271195873819633,0.2664143066985812,-0.02363523969279413,40.89551039509976,39.95375076737358,40.78591613818897,-1.0447425723179036,-0.10513241263030812,-0.7270329581850845,7.900502567506467,8.406974151513893,8.606909214133198,0.14438048661775216,-0.4470365823713255,0.24710151975201988,11.526751286457525
2026-09-04 18:35:00,26.413331433855703,26.16826366148807,26.446528646274903,25.921693689299648,26.971363603250158,0.1287270427977427,-0.17939094246801748,-0.44709844580982205,0.08831656087378706,-0.6537045710061591,-0.09887404231881547,1023.4503259201813,1023.8649838468853,1023.5243813028566,0.21971323390845177,0.2664143066985812,0.07418823733007684,41.614606700641566,39.562912382347356,39.83474456744086,-1.0634271348514257,-0.10513241263030812,-0.1666997724631898,6.949244136348807,7.140817796628565,7.684310604945724,0.15082113584732437,-0.4470365823713255,-0.09645622594583347,3.1178850776178004
2026-09-04 18:40:00,26.06730622414102,26.167640837758956,26.26744029186264,25.742440668945427,26.792439914779855,0.11479314556083174,-0.17939094246801748,-0.447421126114379,0.08863924117834407,0.526218191718943,0.07959148836433272,1023.7071618392124,1023.8704813557912,1023.617235760295,0.22321902001387736,0.2664143066985812,-0.013168711202411032,45.17726626070412,43.61388438543536,42.81364387431492,-1.0686643929002384,-0.10513241263030809,0.905372923750754,5.901649863608963,6.096546992357407,6.543803795076948,0.15309176637876587,-0.4470365823713255,-0.00022022034821578274,4.901704428700176
2026-09-04 18:45:00,25.94413244410702,25.853124816038164,26.02878018691866,25.503615949690705,26.553944424146614,0.10723121545605678,-0.17939094246801748,-0.4477434184124408,0.08896153347640581,0.02469768773293879,0.0037355715875229123,1023.2702400778837,1023.2029446879393,1023.1132943135252,0.2265818513659073,0.2664143066985812,-0.1767639322845298,45.577325890001674,44.62737329237195,44.745438645756444,-1.1154586214351578,-0.10513241263030809,-0.012932940754183164,4.798739890384289,4.761060463188,5.216625944369906,0.1523195492627816,-0.4470365823713255,-0.008528898810581609,3.495012361656366
2026-09-04 18:50:00,25.844500895596425,25.804267403748252,25.953813618729125,25.428484818773118,26.479142418685132,0.10613835012344096,-0.17939094246801748,-0.44806532410032407,0.08928343916428907,0.19731806570497668,0.02984472748714495,1023.5538854765556,1023.7252778882689,1023.3118162846878,0.23008787730439523,0.2664143066985812,0.14704729688253337,43.593653378204955,43.542405081443206,44.23987548363102,-1.1158914292736406,-0.10513241263030809,-0.5923379895574996,8.614196994341643,8.594411429115306,8.814953103141388,0.16527103470473503,-0.4470365823713255,0.22649490834524322,11.626907849881594
2026-09-04 18:55:00,25.70751954473222,25.593513142021738,25.784360638330057,25.25886732718022,26.309853949479894,0.1344775320560009,-0.17939094246801748,-0.44838684456599054,0.08960495962995554,-0.07574487133067365,-0.011456553840300643,1023.3885843110481,1023.4750401499545,1023.2401078987913,0.23146601838772826,0.2664143066985812,-0.03148205553543448,43.39238215932758,41.99353082152692,42.54345740796147,-1.1273826622678103,-0.1051324126303081,-0.44479417380424024,10.841641529481532,11.264978679355673,11.764650774343737,0.16932044824288847,-0.4470365823713255,-0.05263551261673882,1.5363207400641345
2026-09-04 19:00:00,25.86160417827496,25.904185308234286,26.014442589340472,25.488784818482646,26.5401003601983,0.13805010164809534,-0.17939094246801748,-0.44870798118911714,0.0899260962530822,0.4570763911613831,0.06913366136183186,1023.6572579663512,1023.856970462969,1023.5036090023584,0.24189159844739486,0.2664143066985812,0.0869471539119786,44.17655794257147,43.70874389728963,43.331521776167016,-1.1291354832277867,-0.1051324126303081,0.48235453375292536,5.046084028456476,5.502414639765442,6.3282803786996205,0.16093387186768263,-0.4470365823713255,-0.378829156562853,23.020903117219344
2026-09-04 19:05:00,25.4384308846387,25.444544669141624,25.707220446918672,25.18139826779039,26.233042626046956,0.12543852329961597,-0.17939094246801748,-0.44902873534116483,0.09024685040512984,-0.5506367117211255,-0.08328483530902986,1023.4841578876635,1023.6874641294008,1023.4772740499992,0.24216885059940363,0.2664143066985812,-0.056224227296979734,45.94911882437499,43.72319809095236,43.78199804723726,-1.0776256717851205,-0.1051324126303081,0.04633245634541083,9.862563230753924,10.251835036054247,10.232643707829983,0.15412478357632567,-0.4470365823713255,0.46622791059559,32.112644090790035
2026-09-04 19:10:00,25.55684481650611,25.210078835884914,25.40380837593056,24.87782183992111,25.929794911940007,0.1287479853642234,-0.17939094246801748,-0.4493491083854467,0.09056722344941179,-0.09479946969385722,-0.0143385975776269,1023.6089735206273,1024.019020585171,1023.6987774290249,0.23043358457277197,0.2664143066985812,0.053828849447427274,45.12847809533727,42.902097159478764,43.235766426818365,-1.071406240182462,-0.1051324126303081,-0.22853685470929008,5.591686378360381,5.990519576562891,6.819928006570313,0.16094471656886714,-0.4470365823713255,-0.38237184763609733,21.47501405022616
2026-09-04 19:15:00,25.076754765508113,25.340265816916986,25.45843724743597,24.932286405886497,25.984588088985443,0.12346666915241519,-0.17939094246801748,-0.4496691016771964,0.09088721674116149,0.4047520851510136,0.061219511949033745,1023.678464637082,1024.0058430559636,1023.7667464027013,0.22308450988196155,0.2664143066985812,-0.027317653436284672,47.0278351536829,45.542375291107376,45.12069469028945,-1.099219311627565,-0.1051324126303081,0.5268130134482405,5.2130515392291725,5.555122445502513,5.851491262240928,0.1713620450954131,-0.4470365823713255,0.1506677656329103,5.144896682909968
2026-09-04 19:20:00,24.984945107600378,25.557347521946774,25.693538401677973,25.16722330588153,26.219853497474414,0.12833804274541832,-0.17939094246801748,-0.44998871656363393,0.09120683162759899,0.28561670805115824,0.04320006273681898,1023.9217225851377,1024.160548693834,1023.8875302086825,0.199336285560085,0.2664143066985812,0.006604178453017084,47.11687442310997,47.14318189211188,47.08858179947076,-1.124115508496695,-0.1051324126303081,0.15973250527143534,4.579000719454319,4.795336385895738,5.241214483549916,0.1768788474179728,-0.4470365823713255,0.0011584847171475232,0.3335839631945354
2026-09-04 19:25:00,23.99793843481659,24.256232431566797,24.65483341616311,24.128354117364747,25.181312714961475,0.13704655805095253,-0.17939094246801748,-0.4503079543840326,0.0915260694479976,-1.4493046222147967,-0.21921004212829587,1023.9671495969387,1024.1903658761914,1023.9412497887761,0.22365809095259373,0.2664143066985812,-0.017298219283247818,50.19591660720366,49.14773040182496,49.1805326288831,-1.1032859169897131,-0.1051324126303081,0.07233018557217008,2.8273855336783726,2.9706193632787725,3.470912610139716,0.1958477348966936,-0.4470365823713255,-0.053256664489617744,5.548164993544551
2026-09-04 19:30:00,25.006836837187414,25.12143706363988,25.079562538317433,24.55291908771426,25.606205988920607,0.1551850177593116,-0.17939094246801748,-0.4506268164697842,0.09184493153374926,1.4628940448702714,0.22126546779046663,1023.6978982848958,1023.7730807296231,1023.6204590088521,0.23401114605602596,0.2664143066985812,-0.11379258592762653,47.13004364016452,46.304060944812875,47.3401385001687,-1.0578316518049433,-0.10513241263030813,-0.9309451427255127,0.3532819636176367,0.9285769251541105,1.3846953592167792,0.2121978065540078,-0.4470365823713255,-0.009081851691343235,11.087469923298256
2026-09-04 19:35:00,24.621429214215386,24.765300655404403,24.995469086390028,24.4686615351313,25.522276637648755,0.1548207203242612,-0.17939094246801748,-0.4509453041444639,0.09216341920842894,-0.3357147697182299,-0.050777488517606884,1023.9496440890335,1023.8465181034982,1023.5452085360289,0.22405030011447513,0.2664143066985812,0.034895260770667846,46.46871868724735,45.64321784262752,45.89878230640708,-1.0479645210786566,-0.10513241263030813,-0.15043205114924518,3.017587502606522,3.1220794063619075,3.3811732711387568,0.21660816490251544,-0.4470365823713255,0.18794271759447634,5.564786483365985
2026-09-04 19:40:00,24.724088777522404,24.819296732158026,24.993252690083008,24.466281089270197,25.52022429089582,0.1794051282382587,-0.17939094246801748,-0.4512634187238943,0.09248153378785931,0.0359333365543435,0.005434984543036592,1023.8928161427948,1024.1304583064255,1023.7670541805834,0.22066816192170993,0.2664143066985812,0.09698981914357319,49.11325544891299,48.97676225996314,48.214103240579455,-1.0238595750192396,-0.10513241263030813,0.8677914320139948,4.805344829611657,5.1245609520835815,5.581289921615189,0.20822235830770042,-0.4470365823713255,-0.009692387160282756,4.93475076690362
2026-09-04 19:45:00,23.008038400217284,23.21907218516698,23.63851102086547,23.111375421552335,24.165646620178602,0.19302546817630156,-0.17939094246801748,-0.45158116151620864,0.0927992765801737,-1.5870738303504908,-0.2400478932304715,1023.8694521207836,1024.2016739455507,1023.9234170817276,0.21302564423123274,0.2664143066985812,0.011842557124509767,54.20622294854615,52.71552763981341,52.18946407666887,-1.002518754702455,-0.10513241263030813,0.6311959757748511,3.9019272693827753,3.8558458531868838,4.454311903933496,0.19512248319038275,-0.4470365823713255,-0.1514294683752868,11.430466836315054
2026-09-04 19:50:00,24.843233374938794,25.018245631128266,24.793646275642253,24.26634672883492,25.320945822449584,0.18241387500411874,-0.17939094246801748,-0.45189853382191403,0.09311664888587909,2.670977116148883,0.4039902979540315,1024.0856973593084,1024.3009834875893,1024.041795560249,0.23153621076772216,0.2664143066985812,-0.00722637935837156,51.06604642536265,50.663823011918296,51.68418992159254,-0.9528515002349418,-0.10513241263030813,-0.915234497043933,4.316829671531542,4.310288626216642,4.68003406342496,0.1912486657402356,-0.4470365823713255,0.07729114516300672,22.42751177344435
2026-09-04 19:55:00,23.79316004333747,23.840512067248156,24.24982172679289,23.722358283449925,24.77728517013586,0.21556170999034568,-0.17939094246801748,-0.4522155369339532,0.09343365199791823,-1.5201049010243786,-0.22991871707671763,1024.1329659797277,1024.2672355161062,1024.0383455385634,0.21449768479647102,0.2664143066985812,-0.037524329155758096,49.580747906946684,47.89495461958223,48.81413960054671,-1.021087156280353,-0.1051324126303081,-0.8140525683341693,11.019395836287776,11.147330266135006,11.30886984774087,0.19878080020439717,-0.4470365823713255,0.2854970007654618,20.784475562017533
2026-09-04 20:00:00,24.133233300885873,24.690277606364837,24.728848458926137,24.201221169958615,25.25647574789366,0.22046662768939715,-0.17939094246801748,-0.452532172137766,0.09375028720173098,0.9310303726097651,0.14082008990671824,1024.605117388421,1024.8906641107053,1024.5012848005272,0.21587139750229636,0.2664143066985812,0.12296500347952133,49.91687618852275,50.50575981985467,49.876583855829196,-0.9977344934046944,-0.1051324126303081,0.7343083766557825,3.6116286603443557,3.587494418323723,4.671150554571227,0.21704727099751656,-0.4470365823713255,-0.6366195538761787,64.38238034480854
2026-09-04 20:05:00,23.114896420987975,23.025405333975836,23.4862142283693,22.958423144640882,24.014005312097716,0.20793976012981363,-0.17939094246801748,-0.4528484407113501,0.09406655577531517,-1.860591488144788,-0.2814179519254445,1024.3687227317414,1024.5707919650392,1024.4221232019406,0.21456906339151818,0.2664143066985812,-0.11774554359999456,51.187807925349475,49.584191310044055,49.77569782729803,-0.9633037318680697,-0.1051324126303081,-0.08637410462366546,4.266716516385248,4.727293805370363,4.7999351764981775,0.22122174134162456,-0.4470365823713255,0.3743952112435105,29.961759112000443
2026-09-04 20:10:00,23.616883772155475,23.993283536692594,23.92396429162892,23.396009463955927,24.451919119301913,0.23273345589826996,-0.17939094246801748,-0.4531643439253217,0.09438245898928674,1.6443444875149886,0.24871018753169238,1024.1605144250773,1024.6378671808334,1024.394045965014,0.22449112696002754,0.2664143066985812,-0.022593090879126976,52.50973983425196,50.79366933020625,50.67906027488821,-1.0101590615828149,-0.1051324126303081,0.21974146794835292,2.08210501621657,1.9106037100369981,2.50649069953319,0.23290896928393692,-0.4470365823713255,-0.1488504071248662,10.009890673393302
2026-09-04 20:15:00,22.79142262942881,23.03508322364155,23.349933111037963,22.821814590189454,23.87805163188647,0.2639001196762466,-0.17939094246801748,-0.4534798830429745,0.09469799810693949,-0.8955852254713825,-0.13545894492839494,1024.3464388188706,1024.7545910864083,1024.4663249806517,0.2232430162273312,0.2664143066985812,0.021851799057913013,53.58002855434177,52.97860695710917,52.74465703254955,-1.0411574480230394,-0.1051324126303081,0.33908233718993586,1.2192874377646068,1.4795122192009875,1.837088788030298,0.2304558944220589,-0.4470365823713255,0.08946001354201516,3.7270308526283573
2026-09-04 20:20:00,22.804477490444786,23.44804859417839,23.51937388297,22.991091719667832,24.04765604627217,0.26340474072045317,-0.17939094246801748,-0.4537950593203386,0.0950131743843036,0.7144748016800015,0.1080656536764053,1024.6488881600826,1024.9949588783436,1024.6805587199535,0.20214450970746597,0.2664143066985812,0.04798585169146463,55.88768384801597,54.8805797489368,54.87915446934565,-1.0709348442250248,-0.1051324126303081,0.1065576922214646,6.7214334147489785,6.997869429475967,7.1786065243478445,0.23668358567433442,-0.4470365823713255,0.266299487499448,11.669013156855149
2026-09-04 20:25:00,23.661057645030617,23.98508055169508,24.07598884292499,23.547543087843906,24.604434598006073,0.25584998681481924,-0.17939094246801748,-0.4541098740062395,0.09532798907020448,0.5850020107662743,0.08848265123810961,1024.8739073511526,1025.1866985639758,1024.9027538611392,0.1991310956917567,0.2664143066985812,0.01753039613799956,49.86021034794343,49.02524977185394,50.6417030552319,-1.0964425010982333,-0.10513241263030806,-1.511320870747646,5.05748884503364,4.759166125506842,5.552339903016806,0.24491715396910615,-0.4470365823713255,-0.34613719513863916,29.6952755558783
2026-09-04 20:30:00,22.660978058654752,22.842261313671116,23.251770072580108,22.723160776347797,23.78037936881242,0.2532643624530143,-0.17939094246801748,-0.454424328342355,0.09564244340632008,-1.5214212441357375,-0.2301178164409734,1024.3880434003693,1024.381983437278,1024.3376745476223,0.1874651490764368,0.2664143066985812,-0.22210541704293973,52.6769408836948,51.745489322207675,51.1135173385803,-1.1133025978809767,-0.10513241263030806,0.7371043962576849,6.57717533466367,6.669989399717168,6.943758290318156,0.22512121121058087,-0.4470365823713255,0.17326769177033707,18.17530036332204
2026-09-04 20:35:00,22.666457853781562,22.880901752460446,22.999807230636712,22.471034443833894,23.52858001743953,0.2639853383657798,-0.17939094246801748,-0.4547384235632733,0.09595653862723838,0.3998989376752,0.06048546429175161,1024.4094957660823,1024.697364925025,1024.3379438667228,0.18842010363511552,0.2664143066985812,0.09300675160375249,54.04725826640028,52.07013300793027,51.90305050222556,-1.1048114994240539,-0.10513241263030806,0.272214918335024,2.216148746322493,2.513845430923752,3.2130561324159324,0.22098682318681578,-0.4470365823713255,-0.25217411912085463,10.805554565266952
2026-09-04 20:40:00,22.770254901916488,23.06138942901168,23.156966019278364,22.628029792438856,23.685902246117873,0.2831531881912375,-0.17939094246801748,-0.45505216089654843,0.09627027596051349,0.5541376064434047,0.08381435220133326,1025.0378190485446,1025.2998981702651,1024.8546286177443,0.20563022807335946,0.2664143066985812,0.1788552458222057,52.56229218195848,52.77846643858888,52.78829387121614,-1.0745128866331959,-0.10513241263030806,0.09530498000304988,5.06547341383727,5.424575638855085,5.567344370721779,0.23048382702959447,-0.4470365823713255,0.30426785050463145,17.56473782919276
2026-09-04 20:45:00,22.46383446608618,22.526986825241092,22.785473470344613,22.256373853955395,23.31457308673383,0.29171049815419114,-0.17939094246801748,-0.4553655415627571,0.09658365662672216,-0.5229403101882859,-0.07909570263550236,1024.8813543952645,1025.1570752296657,1024.9544523815193,0.18475712514257212,0.2664143066985812,-0.06379145855225943,56.33615727831689,56.01432424991688,55.623129861462516,-1.0366667931112972,-0.10513241263030806,0.4963268010846775,2.974836757584342,3.1467731053902526,3.812823130682248,0.23322851038596012,-0.4470365823713255,-0.21901344292066982,9.225438749197481
2026-09-04 20:50:00,22.169735034928753,22.30959747618644,22.489748415995816,21.960485460497118,23.019011371494514,0.2932363462812677,-0.17939094246801748,-0.45567856677555374,0.09689668183951874,-0.005024713507673084,-0.0007599973413583427,1024.7583555849326,1025.0074014602724,1024.8269659415612,0.17515445231777327,0.2664143066985812,-0.08597878798741476,54.85209800513665,54.873267365898165,55.549525735310056,-1.0659906002521695,-0.10513241263030806,-0.5711259567815787,2.79825604216459,3.222585863413255,3.5778483892982345,0.22126335990445078,-0.4470365823713255,0.09177405648634629,3.7018987805349637
2026-09-04 20:55:00,22.100310210358465,22.05902793935593,22.231820288203146,21.70239404398851,22.761246532417783,0.3157065228358341,-0.17939094246801748,-0.45599123774172523,0.09720935280569024,0.043626524322952775,0.006598593620800841,1025.0343308377455,1025.2707673627951,1024.9571293245506,0.1685221368723713,0.2664143066985812,0.04722373154595516,56.80465716250787,55.28643724601276,55.5299528326468,-1.0955552052067739,-0.10513241263030806,-0.13838317400372802,0.5921881801717934,0.7563554391481584,1.305987484008377,0.19696213614717722,-0.4470365823713255,-0.10259546248889306,1.8534483409503182
2026-09-04 21:00:00,22.761283278851344,22.887701874916587,22.900734301077154,22.371144818493505,23.430323783660803,0.3110139757400613,-0.17939094246801748,-0.45630355566124536,0.09752167072521042,1.0998773791944991,0.1663585163074508,1024.6240612039862,1025.1931337381461,1024.9511141277594,0.16394256372741275,0.2664143066985812,-0.024394696311901498,52.67860682570556,51.96232422067149,52.76699915915105,-1.049501440806206,-0.10513241263030806,-0.699542525849246,2.055365382349771,2.252765584666445,2.5293086547638812,0.19330432869415717,-0.4470365823713255,0.17049351227388954,9.656231413585118
2026-09-04 21:05:00,21.623373556635276,21.96863261878293,22.33758701032942,21.807834339677143,22.867339680981694,0.32647776581556487,-0.17939094246801748,-0.456615521727329,0.097833636791294,-1.2532965200180577,-0.18956344907847011,1025.0848664673154,1025.2462626885192,1024.9780584828131,0.17282407169667569,0.2664143066985812,0.0017898990074627363,59.14553352604197,58.276562892763174,56.90080501251862,-1.0268654030665534,-0.10513241263030806,1.480890292874868,3.3455353758510586,3.613620008312243,4.063663387861989,0.19258847176521837,-0.4470365823713255,-0.0030067971784202285,15.07242291609121
2026-09-04 21:10:00,21.574356950354222,21.95654878405142,22.11027347956429,21.580357671097307,22.640189288031277,0.3221568238402957,-0.17939094246801748,-0.45692713712648414,0.09814525219044914,0.16969209068091473,0.025666246955147187,1025.1980199672073,1025.5092121130176,1025.1890158412532,0.17074153868593903,0.2664143066985812,0.053781965065809345,61.27945539572664,61.15789236308671,60.902320071782945,-1.0239651336011386,-0.10513241263030806,0.3607047039340756,1.9390349947440029,2.4008841256311886,2.968090377716797,0.18374924226693493,-0.4470365823713255,-0.12016966971428289,3.1211483602836836
2026-09-04 21:15:00,21.762746497776778,21.695502726987957,21.87218567692678,21.342106780852603,22.402264573000956,0.3286221682104591,-0.17939094246801748,-0.45723840303856556,0.09845651810253056,0.017903860842235275,0.002707992529195735,1025.3514240227196,1025.4565067225744,1025.2239332359734,0.17573117139458436,0.2664143066985812,-0.03384082009756639,58.961794508784365,58.88259466429135,60.06196502517347,-1.0073983499567147,-0.10513241263030806,-1.0742379482518132,11.350056351502232,11.332521042414786,11.333977164366456,0.18518009163721488,-0.4470365823713255,0.4455804604196558,34.38774003636932
2026-09-04 21:20:00,21.634412055637465,21.933888444767227,22.04038784618826,21.51014591266808,22.57062977970844,0.3269187297386023,-0.17939094246801748,-0.45754932063682674,0.09876743570079174,0.4819215686201517,0.07289154104698525,1025.123986456503,1025.410804588956,1025.178395872788,0.16822189486980305,0.2664143066985812,-0.034005590530796326,57.824956625601835,56.970955785646815,57.72301659261583,-1.008441482321515,-0.10513241263030806,-0.6469283943387012,3.3413754949702934,3.385572892324348,4.570751958135627,0.19024395910954384,-0.4470365823713255,-0.7381424834399541,80.58494689552681
2026-09-04 21:25:00,21.51795808740135,21.956721024564587,22.1359188876163,21.605513966765052,22.666323808467546,0.32608094699881013,-0.17939094246801748,-0.457859891087971,0.09907800615193599,0.001276542296107408,0.00019307941630586356,1025.3514630626669,1025.6633420332166,1025.3460634021365,0.1709809870148183,0.2664143066985812,0.050864324381564074,59.2674760243254,57.06303410043595,56.95913916045631,-0.9900810184148485,-0.10513241263030806,0.20902735260995087,2.055223418137655,2.0515053014356965,2.22163264555906,0.19695083081680617,-0.4470365823713255,0.2769092382479621,11.453889176978302
2026-09-04 21:30:00,21.15088686372532,21.438724574286947,21.710853947457622,21.180286089344055,22.24142180557119,0.320420149236877,-0.17939094246801748,-0.458170115552203,0.09938823061616806,-0.6131390467761655,-0.09273843070265642,1025.2614891452324,1025.4964676153882,1025.281166190955,0.18031455858535086,0.2664143066985812,-0.05111288226544275,60.656555414476856,61.07844157135446,60.168213567615325,-1.0018433527925494,-0.10513241263030806,1.0153604163694467,2.591411250307831,2.6651435770327336,2.9970724386753935,0.17339164156748293,-0.4470365823713255,0.11510772072866571,8.389365839717902
2026-09-04 21:35:00,20.291822680066655,20.50565791061568,20.790104870299068,20.259374124945815,21.32083561565232,0.3405929597045874,-0.17939094246801748,-0.4584799951832794,0.09969811024724448,-0.6945766255206536,-0.10505601721536806,1025.4993598363737,1025.9212738417186,1025.569058291356,0.1715269639885058,0.2664143066985812,0.08580124366403652,64.79520028956053,64.24755505642545,63.94603755500541,-0.9924351800871763,-0.10513241263030806,0.4066499140503552,5.177051192397646,5.765170260410978,6.116481822655615,0.16024879058940172,-0.4470365823713255,0.09572502012668771,4.145231684565023
2026-09-04 21:40:00,21.25748403178542,21.504650871908737,21.42564520969853,20.894751627082186,21.956538792314873,0.3295990691329594,-0.17939094246801748,-0.4587895311285587,0.1000076461925237,1.708386120858389,0.2583966046782251,1025.3864603492495,1025.4347222052218,1025.301661087488,0.180903261426184,0.2664143066985812,-0.13335318896474746,59.59694371454656,58.06488978958354,59.94234738233102,-1.0453042918501088,-0.10513241263030801,-1.7723251801171713,1.4149684374916327,1.7439885973964337,2.5088702007210344,0.15720256410585437,-0.4470365823713255,-0.31784502095327505,39.601524105245744
2026-09-04 21:45:00,20.002192054896526,20.21253496924581,20.60485884154834,20.073802471599517,21.13591521149716,0.31849558534472877,-0.17939094246801748,-0.4590987245290503,0.10031683959301538,-1.4078035679144776,-0.21293292983451195,1025.5181231125416,1025.6265717059423,1025.3198801887263,0.18153173465091482,0.2664143066985812,0.040277210517388085,66.46731735845049,65.72317432689485,64.2822837094871,-1.0693767421689988,-0.10513241263030801,1.5460230300380573,7.746320791043399,7.569918162908975,7.586907452913543,0.162924295416229,-0.4470365823713255,0.43004729236675665,43.64824527749626
2026-09-04 21:50:00,20.440009564173256,20.66297394118405,20.7148840079811,20.18366490058452,21.246103115377682,0.3503104888324054,-0.17939094246801748,-0.45940757651946496,0.10062569158343002,0.8428383141580227,0.12748087567096533,1025.487314609448,1025.7132488798884,1025.4125288328253,0.19407725753670185,0.2664143066985812,0.03430574036451617,60.15199354412794,57.850046572009255,59.70081026792594,-1.0930721333566609,-0.10513241263030801,-1.7456312832863716,9.926073411131323,9.91375595700645,10.503336501090574,0.16781663555172935,-0.4470365823713255,-0.14254396171279993,20.408519004984747
2026-09-04 21:55:00,19.877150131484136,20.27689303883533,20.492529212318228,19.961147417312773,21.023911007323683,0.3649782023022204,-0.17939094246801748,-0.4597160882282618,0.10093420329222688,-0.23963491970119577,-0.036245231014881085,1025.7903872723414,1026.1141685190996,1025.7624638793188,0.19166021873577818,0.2664143066985812,0.08529033308218459,66.57483302942116,66.31293969887909,64.5921415922337,-1.1061757845189029,-0.10513241263030801,1.8259305192757012,2.9277088260881943,3.212074328401611,4.072855885936409,0.17253533503049612,-0.4470365823713255,-0.41374497516347253,42.508254301208616
2026-09-04 22:00:00,20.01486287467556,20.805602017044475,20.882422383307446,20.35087795048624,21.413966816128653,0.32920149682182487,-0.17939094246801748,-0.46002426077769765,0.10124237584166271,0.6781441614349362,0.1025705762050464,1025.8761060039842,1026.099255586776,1025.874555701958,0.19623515459772337,0.2664143066985812,-0.04171442188044239,65.56279349886088,63.24722035500137,64.15552157776467,-1.138603748436194,-0.10513241263030801,-0.8031688101329948,4.253211668752499,4.149960490083474,4.252329370867084,0.16870115561080679,-0.4470365823713255,0.34466770158771576,21.572334914965918
2026-09-04 22:05:00,20.035505420041705,20.207488052394336,20.505105254401677,19.97339823351215,21.036812275291204,0.32072261573366884,-0.17939094246801748,-0.46033209528387364,0.1015502103478387,-0.7816515281595855,-0.11822625953932331,1025.765270698605,1026.1538824338993,1025.9199841063985,0.19574787981758102,0.2664143066985812,-0.032515979197796696,66.1549851370537,64.82103976808403,64.86276132687263,-1.1572777753400019,-0.10513241263030801,0.06341085384171663,0.8228539300014237,0.7706767389947038,1.3918522535593856,0.1654248212377072,-0.4470365823713255,-0.1741389321933563,5.9439630316064385
2026-09-04 22:10:00,19.897921034857358,20.127835283995314,20.298179546252143,19.7663099869961,20.830049105508188,0.293542775670238,-0.17939094246801748,-0.46063959285678335,0.10185770792074841,0.05981202009942166,0.009046680211188374,1025.857743426974,1025.9530832790022,1025.7571998917697,0.19459333267309406,0.2664143066985812,-0.07053091946613677,66.50269078653278,65.48797207869329,65.5750667099478,-1.2102822675239362,-0.10513241263030801,0.018037781375795703,5.564592329119619,6.126221757525353,6.204153343685303,0.15814152855348979,-0.4470365823713255,0.3691049962113748,20.00414358133726
2026-09-04 22:15:00,19.805489605622924,20.074432433016888,20.2278498994705,19.695817851504195,20.759881947436803,0.2792824152690092,-0.17939094246801748,-0.4609467546003587,0.10216486966432378,0.17172333200243273,0.025973476014407026,1025.6845983508488,1025.7112120752374,1025.4957213922514,0.19770049781180235,0.2664143066985812,-0.05092362371260606,65.403572546212,65.04356656494757,65.36643161848156,-1.1910777508501147,-0.10513241263030801,-0.2177326409036766,4.02030556378126,4.002116345073853,4.772535179294584,0.16582346983454826,-0.4470365823713255,-0.32338225184940583,15.525588971178877
2026-09-04 22:20:00,20.151583471073305,20.246317279477147,20.381169237056703,19.848974749990916,20.91336372412249,0.2322046952754986,-0.17939094246801748,-0.46125358161251684,0.1024716966764819,0.2944689761513075,0.04453898488846164,1025.9050696930906,1026.1554311310135,1025.754675467476,0.2041421874425012,0.2664143066985812,0.13434135683883142,65.43236599189451,64.32363600903,64.61713511326006,-1.1939657240120134,-0.10513241263030801,-0.18836669159975372,3.0858423270745994,3.528860953840568,3.9167894067795452,0.15661858195715248,-0.4470365823713255,0.059108129432348555,2.9020914349581157
2026-09-04 22:25:00,19.55899288596094,20.008789898275715,20.233744167286762,19.701387290686846,20.766101043886678,0.23014985161008947,-0.17939094246801748,-0.46156007498520524,0.1027781900491703,-0.30124139898502733,-0.04556332654302864,1025.9888014747557,1026.166371841838,1025.8923866864707,0.18914740849941314,0.2664143066985812,0.007570848668819963,68.10807471430789,67.36239702291375,66.8072600501123,-1.253647990284174,-0.10513241263030801,0.6602693854317607,2.6475897999531166,3.1893057027214464,3.616862911516688,0.1651189459090482,-0.4470365823713255,0.01947937357608387,2.520414815243618
2026-09-04 22:30:00,19.15356625737362,18.892409907035002,19.232221772849712,18.699702556235685,19.76474098946374,0.2130207243226698,-0.17939094246801748,-0.46186623580444763,0.1030843508684127,-1.0606210529819187,-0.16042092334669178,1026.4338638211448,1026.7216443910038,1026.3580022340839,0.20635101180522766,0.2664143066985812,0.09722785022131575,70.6223878219144,69.31698725800145,69.19846105952584,-1.2828670371533075,-0.10513241263030801,0.22365861110591823,5.6662899624607475,5.613448813400483,5.942196655076216,0.16719747829042464,-0.4470365823713255,0.1182887406955917,6.029453985982341
2026-09-04 22:35:00,19.512749002627064,19.620456471725944,19.587062086470848,19.054380579317446,20.11974359362425,0.21391930317461638,-0.17939094246801748,-0.46217206515038867,0.10339018021435373,1.4068276982863352,0.21278532772311465,1025.9163920185329,1026.0963167302216,1026.0288757629426,0.18403505531863007,0.2664143066985812,-0.19897333941958095,68.71049881807858,67.41366407013453,68.26321918385806,-1.2710859871886317,-0.10513241263030801,-0.7444227010932138,4.0350137929841745,3.934772059522905,4.563459364509061,0.1667470335058731,-0.4470365823713255,-0.18165072261483095,16.757922128252755
2026-09-04 22:40:00,19.481087865856697,19.83429309741207,19.970261685576766,19.437417937313526,20.503105433840005,0.18954248429137852,-0.17939094246801748,-0.4624775640973383,0.10369567916130337,0.2870863861356163,0.04342235430332053,1026.3432162946565,1026.4680306360647,1026.1380183403353,0.17581731000176332,0.2664143066985812,0.06359798903076808,68.05709610738519,66.8353861523517,67.17489490296855,-1.2900917553121345,-0.10513241263030801,-0.23437633798653223,2.447565034086918,2.524905337650677,2.9636833891957193,0.16017992950810844,-0.4470365823713255,0.008258530826283472,0.942252166955021
2026-09-04 22:45:00,18.394806092753033,18.526773393164266,18.9486756130243,18.415669673035616,19.481681553012983,0.19078616208895913,-0.17939094246801748,-0.46278273371381606,0.10400084877778112,-1.6033604658392413,-0.2425112773920155,1026.3114156960796,1026.4748611414736,1026.201475812914,0.17468608115258452,0.2664143066985812,0.006971021861090776,74.83835272749005,73.37262168439119,72.08948942006798,-1.3144847064169678,-0.10513241263030801,1.3882646769535256,5.94486950848594,5.76490570318032,6.000386312797886,0.1466245108964672,-0.4470365823713255,0.21155597275375904,22.51665419576845
2026-09-04 22:50:00,19.00778534959248,19.028179975739576,19.051010295461936,18.51784221308714,19.584178377836732,0.18456241791715422,-0.17939094246801748,-0.46308757506259424,0.1043056901265593,1.0350987208392155,0.1565606227456584,1026.2401115014738,1026.4240731884745,1026.1800063323753,0.1796343527816159,0.2664143066985812,-0.022347450599454532,70.0470826492843,67.38073100470692,69.04162578947253,-1.3170954501122505,-0.10513241263030801,-1.5557623721353053,5.0185064257645156,5.194964572648026,5.811186688203351,0.14014798333268674,-0.4470365823713255,-0.16918553318400065,19.170634121222403
2026-09-04 22:55:00,18.93475842492139,19.230001488204127,19.346704308717644,18.81337413325106,19.88003448418423,0.20709171239498314,-0.17939094246801748,-0.4633920892007416,0.1046102042647066,0.4144617829754793,0.06268812195450124,1026.4957111787191,1026.6485124068565,1026.3374506274208,0.19854842311451246,0.2664143066985812,0.044647472737096905,71.4836781093021,69.56394977796378,69.28611334523904,-1.305069536381013,-0.10513241263030801,0.3829688453550517,7.693460547035872,7.7686128881262935,8.085668534090685,0.1368479146464379,-0.4470365823713255,0.12998093640693398,3.8022458417071707
2026-09-04 23:00:00,18.423275964653104,18.832806677053703,19.09792269655354,18.56443047724456,19.631414915862518,0.22826206532116752,-0.17939094246801748,-0.46369627717966566,0.10491439224363067,-0.5667703412475014,-0.08572507703181742,1026.3193533842955,1026.4651325026027,1026.2541651705837,0.17624892525581118,0.2664143066985812,-0.05544697467962578,77.3249536499109,76.16543165042287,74.877187429887,-1.3553418723773836,-0.10513241263030801,1.3933766331661843,1.9443039139759326,2.1656355902724482,2.9646082674290586,0.11315767153062538,-0.4470365823713255,-0.35193609478528476,28.769944700359375
2026-09-04 23:05:00,18.98320303927698,19.26537237768631,19.367793939467305,18.834139725520465,19.901448153414144,0.24004224936632176,-0.17939094246801748,-0.46400014004515533,0.10521825510912033,0.5088821575675198,0.07696938068702508,1026.3511964574284,1026.4608140525954,1026.2027725982487,0.17015659571513464,0.2664143066985812,-0.008372852351840265,70.05658351502754,68.52119933670181,70.6331941210057,-1.3360873755347578,-0.10513241263030801,-2.006862371673577,6.825813642244019,7.356080799091144,7.332807406574947,0.11118411997727874,-0.4470365823713255,0.47030997488752213,52.891925174336606
2026-09-04 23:10:00,18.266181537253477,18.341080507947304,18.67766949369424,18.143853334269277,19.2114856531192,0.23514304265640357,-0.17939094246801748,-0.46430367883742285,0.10552179390138786,-1.0393130192179747,-0.1571980432789175,1026.3117569937685,1026.5848913556106,1026.2830554638026,0.14463459386154345,0.2664143066985812,0.03542158510936133,72.9676082869164,71.47886338077987,71.00167440114011,-1.3640976403910159,-0.10513241263030801,0.5823213922700745,5.819033129959841,6.184706317848476,6.899301478442657,0.1204276936575388,-0.4470365823713255,-0.26755857822285645,14.711013551928456
2026-09-04 23:15:00,18.272438616206294,18.62860302862195,18.70795754990386,18.17397949411578,19.24193560569194,0.264923748585308,-0.17939094246801748,-0.4646068945911451,0.10582500965511019,0.6613896252526565,0.10003642118610756,1026.5277362458382,1026.7018534540625,1026.4105463837939,0.1450140575484664,0.2664143066985812,0.024892763570051102,75.94996158113594,74.3265535263052,73.71155551856495,-1.364725119279759,-0.10513241263030801,0.7201304203705661,1.9224840075965965,2.195355812932181,2.783974007860743,0.12609987271187753,-0.4470365823713255,-0.14158161255723645,6.652773640441655
2026-09-04 23:20:00,18.051759334237836,18.21297769360059,18.429373329818453,17.895233426737605,18.963513232899302,0.24162821941771068,-0.17939094246801748,-0.46490978833550534,0.10612790339947034,-0.2446560986649864,-0.037004693749846496,1026.530680188997,1027.0174673203846,1026.6971424640922,0.1482742605624668,0.2664143066985812,0.05391054959386565,74.33772024669611,72.28087670830669,73.01751021438506,-1.3659648242039617,-0.10513241263030802,-0.6315010934480512,5.991860403914047,5.523183693978134,5.6366932049969725,0.12113781395446245,-0.4470365823713255,0.3335270713524867,18.390565950669615
2026-09-04 23:25:00,18.02882908114187,18.398441297494887,18.5189044648577,17.98460276350984,19.053206166205563,0.22057483997425573,-0.17939094246801748,-0.4652123610942329,0.10643047615819792,0.389600293889913,0.05892777510520375,1026.291863958381,1026.4833334505413,1026.375658902679,0.1673638094685218,0.2664143066985812,-0.15873975883641833,76.05937537064358,74.28048366352019,74.11918528072262,-1.3844121383423538,-0.10513241263030802,0.26643079542787973,4.198000284937772,4.4526202565071,5.08917270774733,0.12160717693861472,-0.4470365823713255,-0.18951586886890492,8.66521823215277
2026-09-04 23:30:00,17.488578412348396,18.004548282795632,18.239126630669688,17.704663180036047,18.77359008130333,0.21931809347591977,-0.17939094246801748,-0.46551461388564463,0.1067327289496097,-0.36487088349813135,-0.055187405406037726,1026.2047989620735,1026.2909817681234,1026.0702842636395,0.16881142659924325,0.2664143066985812,-0.04571680221465613,78.25472491435865,76.58901928939085,76.35055219444597,-1.4202402294569287,-0.10513241263030801,0.34359950757519186,9.366397469081923,9.999231298537682,10.169292094980866,0.11604553124439473,-0.4470365823713255,0.27697578592814054,12.108078530525226
2026-09-04 23:35:00,17.25849147383146,16.99050478780349,17.297748018051433,16.763122867068784,17.83237316903408,0.25312866510973653,-0.17939094246801748,-0.4658165477226843,0.10703466278664939,-0.84529390095976,-0.1278522877799233,1026.3866462202336,1026.9685872546156,1026.5031828166786,0.1813397281525518,0.2664143066985812,0.19899013123836085,80.30085273606784,78.87472798986116,78.82904305997539,-1.430239258640158,-0.10513241263030801,0.1508173425160777,2.1492147170754388,1.3635911007591357,2.4260812222017574,0.11753313857775169,-0.4470365823713255,-0.6154535390712961,60.30636022819225
2026-09-04 23:40:00,18.38271900033499,18.6550260764808,18.479174532769616,17.944387730330345,19.013961335208887,0.2500935815066852,-0.17939094246801748,-0.46611816361296265,0.10733627867692766,2.3486815304075748,0.35524248617920406,1026.3089078439139,1026.559297573702,1026.3881800301588,0.18834577313102052,0.2664143066985812,-0.09529676315537472,77.38893552097336,76.33028549872661,77.35131902987402,-1.3733526978225261,-0.10513241263030801,-0.9159011185170982,5.580678779388589,5.9204277590964685,5.796093045119086,0.13293421681519202,-0.4470365823713255,0.5713712963487074,65.25470878849171
2026-09-04 23:45:00,17.319567267970097,17.219765383439118,17.686836802573584,17.151888397525752,18.221785207621416,0.24734490285854596,-0.17939094246801748,-0.46641946255879574,0.10763757762276074,-1.9019960970110255,-0.28768047666644847,1026.428598802371,1026.7602403151718,1026.4677890034397,0.1831227947669585,0.2664143066985812,0.026037005033458627,81.8286245302306,80.26317297363326,79.68923661083203,-1.4210113238887532,-0.105132412630308,0.6790687754315456,3.815408841502056,3.910220473916558,4.623188774026679,0.14261920484144078,-0.4470365823713255,-0.2659317177387961,21.29063659390026
2026-09-04 23:50:00,17.178305818513074,17.892379783095897,17.937733584616034,17.402623625763447,18.47284354346862,0.22571624751686883,-0.17939094246801748,-0.4667204455572448,0.1079385606212098,0.8861849851318837,0.134037140947882,1026.6303354179145,1026.8853661312003,1026.5964918567904,0.16621526580545404,0.2664143066985812,0.022459967711256468,83.47141766016884,81.28591308739482,81.36981128607839,-1.3617803682200824,-0.105132412630308,0.021234213946740965,9.749522899208067,9.642411546199552,9.772902485611212,0.14782714789836832,-0.4470365823713255,0.3165456429596656,16.25639641184395
2026-09-04 23:55:00,16.633138713969085,16.779418998505772,17.124309177284378,16.58903771338665,17.659580641182107,0.2399051912959245,-0.17939094246801748,-0.4670211136001542,0.10823922866411925,-1.094196259574506,-0.1654992363105876,1026.3800841313084,1026.6430510790879,1026.4492953835452,0.16951529338495577,0.2664143066985812,-0.07265861115592998,82.21373983320709,79.7244035920643,80.45177573470919,-1.3708706092077612,-0.105132412630308,-0.6222397300145701,3.480418502405787,3.863655376353904,4.806151766793533,0.14289829877453114,-0.4470365823713255,-0.49545980806830414,40.50217631598371
2026-09-05 00:00:00,17.161706518052778,17.565184001528717,17.553055070759232,17.017622150531853,18.08848799098661,0.2542028351108648,-0.17939094246801748,-0.4673214676741898,0.10853958273815487,1.266231395396808,0.1915198732375032,1026.4435764928032,1026.6755346696852,1026.402999262277,0.1516100691792114,0.2664143066985812,0.006121100709606253,79.65568312850226,80.3640002847928,80.41999027103672,-1.3696326096096587,-0.105132412630308,0.049142426386382,9.953440249568493,10.616749702454673,10.524185292993634,0.15039768270397952,-0.4470365823713255,0.5396009918323639,45.44264224624246
2026-09-05 00:05:00,16.814058074828555,17.07303366604144,17.333433426644948,16.797839098759358,17.86902775453054,0.2660389631318634,-0.17939094246801748,-0.4676215087608766,0.10883962382484166,-0.5355888508757687,-0.08100881813549066,1026.4573827897925,1026.4592226591274,1026.2280659126516,0.16715255405124713,0.2664143066985812,-0.03525756022281712,78.83396343141939,76.52244391919962,77.34889645430505,-1.4076674880081241,-0.105132412630308,-0.7213201224751202,8.372935070723244,8.73903320256482,9.547364016514216,0.13352891319024898,-0.4470365823713255,-0.3612942315780714,22.13182981417703
2026-09-05 00:10:00,17.92934944352948,18.02533318042482,18.052119395901684,17.516363708985327,18.58787508281804,0.25660065303915297,-0.17939094246801748,-0.4679212378366361,0.10913935290060109,1.0089443624606638,0.15260472699115368,1026.5719843300426,1026.7923214960038,1026.4285349557508,0.16520780882680525,0.2664143066985812,0.09737223355432434,76.70626762511003,74.85670570650669,74.98276892521183,-1.434661917591836,-0.105132412630308,-0.02093080607482989,3.088022804751729,3.1076705977436108,3.7394490638415325,0.13100537837034007,-0.4470365823713255,-0.18474188372659617,8.392287365205867
2026-09-05 00:15:00,17.609004924349254,17.670594366427327,17.96590602584479,17.42998902848119,18.50182302320839,0.2460000515135579,-0.17939094246801748,-0.46822065587282335,0.10943877093678836,-0.7664084603704424,-0.1159207169494465,1026.1010940884655,1026.081914830653,1025.9740138005802,0.17954993776494224,0.2664143066985812,-0.1585132766258539,82.02982932128371,80.99116580795169,79.45063468098988,-1.4522637553431668,-0.105132412630308,1.645663539592121,7.0161236176737445,6.869925162919877,6.887980312777976,0.13684249256857958,-0.4470365823713255,0.4289814325132264,44.396571717832494
2026-09-05 00:20:00,16.865675087304474,17.40941413968211,17.650543195745783,17.114464936474604,18.18662145501696,0.22660321775748332,-0.17939094246801748,-0.468519763835764,0.109737878899729,-0.4081808138545,-0.06173811359565562,1026.3379085843587,1026.4855415234522,1026.1012070625877,0.17378736455535346,0.2664143066985812,0.11792015416585855,84.42693628356972,83.22676169189837,83.09460299535316,-1.4888630793238937,-0.105132412630308,0.23729110917552987,12.812882619739831,13.00051761458575,13.33965622518063,0.1442467047090571,-0.4470365823713255,0.10789797177644544,3.9034314355220614
2026-09-05 00:25:00,17.98112459595923,18.40017351327879,18.400797597627633,17.86455812494475,18.937037070310517,0.22786130528389734,-0.17939094246801748,-0.46881856268679045,0.11003667775075546,1.1819149855338402,0.17876685811917525,1026.4487858696848,1026.5169568251924,1026.2165485176813,0.17701357399216536,0.2664143066985812,0.03399400081252679,77.7424373859739,76.6629547321913,78.65765890887982,-1.4961752078318742,-0.105132412630308,-1.8895717640582177,2.968161313542048,3.381057650867739,4.537762633850155,0.1509455496112145,-0.4470365823713255,-0.7096684006110912,93.71836743460854
2026-09-05 00:30:00,17.415463274006346,18.015835286826576,18.312437702255743,17.776037064613302,18.848838339898183,0.21165519534471983,-0.17939094246801748,-0.4691170533822778,0.11033516844624283,-0.7749422786013369,-0.11721147296114864,1026.5826978847272,1026.8158441728847,1026.4922641131352,0.17952576028018163,0.2664143066985812,0.05716575305086735,80.76218423669671,78.89758981702586,78.47568060674107,-1.5104207640451113,-0.10513241263030801,0.5270416229151067,4.167243466668276,4.205021415301469,4.192831854760245,0.15389385650331144,-0.4470365823713255,0.45922614291254993,33.33589893385004
2026-09-05 00:35:00,16.838855278300176,17.043939893097697,17.392634055146118,16.856072300952608,17.929195809339628,0.1939939477659805,-0.17939094246801748,-0.4694152368736797,0.11063335193764476,-1.119346250342474,-0.16930321958040295,1026.3119301843794,1026.5410343523442,1026.3712169404898,0.17898523086405055,0.2664143066985812,-0.09659689484419687,83.60034209301199,82.34554512546376,81.52918014223593,-1.4456434240598606,-0.10513241263030801,0.9214973958581396,4.713168770600242,4.7779904798174755,5.209146213222939,0.1519366067124726,-0.4470365823713255,0.015880848965861283,8.471685414696616
2026-09-05 00:40:00,15.91851076491087,16.16373327617239,16.388653149328906,15.851930326949219,16.925375971708593,0.18763858701232036,-0.17939094246801748,-0.4697131141075639,0.11093122917152895,-0.3010139911962568,-0.04552893068849784,1026.084726898019,1026.330692098337,1026.12975467315,0.17379331670329146,0.2664143066985812,-0.06547688151158582,90.71672395450803,89.27934636534205,88.2532601679786,-1.4864525205586767,-0.10513241263030801,1.1312186099937662,3.251331878967302,4.255248320329559,4.770540359213312,0.1573163664107375,-0.4470365823713255,-0.06825545651242759,7.937691537885064
2026-09-05 00:45:00,17.78761859995323,17.914481531206732,17.691068729719685,17.154184887475186,18.227952571964185,0.1803012443845571,-0.17939094246801748,-0.4700106860256469,0.11122880108961189,2.6631322283029064,0.40280374395506513,1026.4371576303704,1026.6587549052078,1026.2953919500226,0.1785027889249377,0.2664143066985812,0.0969486484866593,80.90905722390367,79.17649377739816,82.09441732716851,-1.482858352472476,-0.10513241263030801,-2.8127911371400387,0.6821451734577064,1.1535285132504987,1.713600159281603,0.1477877560048745,-0.4470365823713255,-0.11303506365977878,60.691019999191894
2026-09-05 00:50:00,16.27189154017572,16.386706666004947,16.871598216274556,16.33455340244314,17.40864303010597,0.17223156645222779,-0.17939094246801748,-0.4703079535648288,0.11152606862879386,-2.0198136849822994,-0.3055006078015907,1026.2244207333974,1026.3007857618927,1026.1062130785515,0.1673888297631392,0.2664143066985812,-0.0718416233573862,84.95967804800803,83.68182210881919,82.85977641922508,-1.4741837326059122,-0.10513241263030801,0.927178102224417,2.7424384932373065,3.226818080127338,3.4431512120759753,0.139340983371942,-0.4470365823713255,0.23070345042268814,22.46003448018928
2026-09-05 00:55:00,16.12957584264891,16.10042669155827,16.292133750821446,15.754928013637619,16.82933948800527,0.1792282354048317,-0.17939094246801748,-0.47060491765722823,0.11182303272119329,-0.08142786172410865,-0.01231611679515865,1026.1143725792147,1026.2280976616275,1025.9693522900368,0.1528756058156305,0.2664143066985812,-0.007668935107858488,89.09134140088979,88.42398888648164,87.37680409428133,-1.5116449518087265,-0.10513241263030804,1.1523172048306236,3.16523833568183,2.867110894000731,3.417882236975243,0.13995833013654496,-0.4470365823713255,-0.10373476060318643,8.381474666966454
2026-09-05 01:00:00,17.160337885439294,17.35755387606125,17.26290461499336,16.72553800264829,17.80027122733843,0.1804139524370859,-0.17939094246801748,-0.4709015792302157,0.1121196942941807,1.811813591207784,0.2740402035359075,1026.1698857549475,1026.4757347076713,1026.1266791933647,0.16778952853555243,0.2664143066985812,0.08264120760804872,83.37947491917913,81.87410875096299,83.66252519846904,-1.487605989467877,-0.10513241263030804,-1.68328403487574,4.211245099039109,4.140778801814704,4.525424086775232,0.14169030656363243,-0.4470365823713255,0.062391297410797186,23.821164742281248
2026-09-05 01:05:00,17.69436656502308,17.712608858025263,17.901739027810603,17.364211588452186,18.43926646716902,0.17609161197941914,-0.17939094246801748,-0.4711979392064478,0.11241605427041282,-0.06439078716811864,-0.009739227317322019,1026.2042393024415,1026.5409333484379,1026.2563042468814,0.17651554440225764,0.2664143066985812,0.01821479485784039,80.13774503368091,78.62375987584733,79.3256557794623,-1.501547434918734,-0.10513241263030804,-0.5967634909846566,2.3825778347954834,2.528416481409741,3.0978960531987374,0.12343415477798597,-0.4470365823713255,-0.12244298941767084,4.0162604792598895
2026-09-05 01:10:00,17.242932353682082,17.510150944019014,17.819752522971427,17.282064304704356,18.3574407412385,0.17883680590409137,-0.17939094246801748,-0.4714939985039006,0.11271211356786562,-0.8608860957561362,-0.1302106364843958,1026.1073043411197,1026.1125931200313,1025.9627700805695,0.1773062437054845,0.2664143066985812,-0.11659126723679947,84.05464917817767,83.32039693335432,81.91119031988443,-1.5887810727241414,-0.10513241263030804,1.5143390261002025,7.904655813824525,7.732300165046461,7.882379706314197,0.12798561858748117,-0.4470365823713255,0.2969570411035898,27.67547530263031
2026-09-05 01:15:00,16.889164690814358,17.087130634897925,17.35772597359902,16.81987702448485,17.89557492271319,0.1639639002875219,-0.17939094246801748,-0.47178975803590284,0.1130078730998679,-0.6029967958746525,-0.09120439623307774,1025.8310519714948,1025.7987007789138,1025.591706529662,0.19728795229600987,0.2664143066985812,-0.05942005744668677,89.81473146078602,89.01813341234059,87.89954637679212,-1.5656863363004816,-0.10513241263030804,1.2237194481787839,6.076140335083271,6.691972427116735,7.409879126900328,0.1357129023666751,-0.4470365823713255,-0.27087011741226785,19.437686360689092
2026-09-05 01:20:00,16.879517482020763,17.102596970402075,17.2375192239673,16.69950959202451,17.775528855910093,0.16554307964616705,-0.17939094246801748,-0.47208521871116893,0.11330333377513394,0.29400421506662155,0.04446868890279276,1026.2581496383766,1026.3431909969672,1025.8993584630132,0.19407476607131174,0.2664143066985812,0.17741822725542988,84.49241365085199,84.1547835363787,85.87217858280658,-1.6047792672440644,-0.10513241263030808,-1.6122626337975703,1.6412716870902782,2.199305429059484,2.8080865847269036,0.13494004999201215,-0.4470365823713255,-0.16174457329609426,20.807846052767324
2026-09-05 01:25:00,16.96464847720869,17.467476582185572,17.55996572078458,17.021795453988634,18.098135987580523,0.16780211703883655,-0.17939094246801748,-0.4723803814338312,0.11359849649779621,0.5745502569286884,0.08690180386901147,1026.2744183285906,1026.6411466706065,1026.293436397555,0.2099472047111795,0.2664143066985812,0.08129596635285452,85.13626047669928,82.08982489875667,82.86032843579753,-1.641451390358933,-0.10513241263030808,-0.6653711244105409,5.63605453677848,5.634675648388115,5.721098221439053,0.15868471282485208,-0.4470365823713255,0.3606140093203871,22.365780472313507
2026-09-05 01:30:00,16.912185142609072,17.049897966804426,17.314775345538816,16.77644449182224,17.853106199255393,0.14525641414847434,-0.17939094246801748,-0.4726752471034723,0.11389336216743731,-0.5651925706259853,-0.08548643626637187,1026.1384731561914,1026.532759854449,1026.3408089527336,0.21205409373028936,0.2664143066985812,-0.07446340498313475,83.66334224272586,82.77006277180367,82.42829398562817,-1.617374817457699,-0.10513241263030808,0.44690119880580426,5.66346233762364,6.350493281367585,6.912873847324722,0.15185536176170022,-0.4470365823713255,-0.11534398358581122,4.315679891695808
2026-09-05 01:35:00,16.71009802552632,17.021635246561036,17.194228535456958,16.655737142709388,17.732719928204528,0.16019182046402977,-0.17939094246801748,-0.47296981661515747,0.11418793167912253,0.04494260685598306,0.006797653572096607,1025.8256793167482,1025.8867296194173,1025.8108903234343,0.19975708472937267,0.2664143066985812,-0.19057501071551997,87.11273146133605,85.96447002831546,85.18149442660511,-1.6295254693423447,-0.10513241263030808,0.8881080143406592,9.728324680996296,9.875293542108146,10.214028442496511,0.14824449012783153,-0.4470365823713255,0.10830168198295986,9.779346614180504
2026-09-05 01:40:00,16.631995501743255,17.189267709445996,17.323002507141858,16.784350623210113,17.861654391073603,0.14697031488562484,-0.17939094246801748,-0.47326409085946597,0.11448220592343097,0.3018550656181418,0.04565614477215618,1025.9197974601996,1026.1878274302906,1025.8246632681874,0.22193356703062286,0.2664143066985812,0.09674985540459602,87.43635352188136,85.13042815960571,85.57114731210208,-1.5974034440730422,-0.10513241263030808,-0.33558673986605925,0.30252216909057716,1.2236329053738513,2.199967277100919,0.14429382106655944,-0.4470365823713255,-0.5292977893557422,41.816955729344905
2026-09-05 01:45:00,16.561665029364917,16.97131340509765,17.18925473118079,16.650442403868933,17.728067058492645,0.14832496187372138,-0.17939094246801748,-0.4735580707225222,0.11477618578648727,-0.25487540907841577,-0.038550383615120865,1025.9009088657594,1026.4098956629205,1026.0512387857173,0.23382209719011188,0.2664143066985812,0.09224257050459528,88.72862228571464,87.37484498937845,87.25601404679571,-1.555047630735256,-0.10513241263030808,0.22396335521304422,2.9358314381686457,3.122769222279806,3.1075477621492347,0.14353194495364927,-0.4470365823713255,0.46225804250189695,31.852867184638697
2026-09-05 01:50:00,16.285203241202037,16.681628318874754,16.89633574559034,16.357363022659744,17.435308468520933,0.16579113798175044,-0.17939094246801748,-0.4738517570860278,0.11506987214999284,-0.233494521343232,-0.03531648424756639,1025.941826886164,1026.2364934525683,1026.0164028944105,0.2323698448179971,0.2664143066985812,-0.0463237485407717,87.50019873031717,86.76347600167702,87.22404161951019,-1.5776201268465364,-0.10513241263030808,-0.35543320520285704,8.916443578136345,9.229546100058858,9.473331715257014,0.14024469682398635,-0.4470365823713255,0.20325096717316882,6.914808920301169
2026-09-05 01:55:00,16.478309573374855,16.596648219618213,16.75533463106728,16.216201560236694,17.29446770189787,0.17967628934745847,-0.17939094246801748,-0.47414515082729136,0.11536326589125642,0.13688776396926983,0.02070453101894998,1025.9007148574062,1026.3550362501235,1026.0760107604297,0.2410958999324045,0.2664143066985812,0.012611182995215131,87.77734377402307,85.56416069654664,86.041529452027,-1.5498559394881104,-0.10513241263030808,-0.3722363428500586,9.021037662214203,9.567185285943008,10.289034831260974,0.12617659137793763,-0.4470365823713255,-0.2748129629466405,11.551093751518021
2026-09-05 02:00:00,15.920893485675162,16.147013386964712,16.36678548109081,15.827492110036413,16.90607885214521,0.180191290175991,-0.17939094246801748,-0.4744382528192598,0.11565636788322478,-0.26697951051970037,-0.04038115165808165,1025.637212266669,1026.0232727109058,1025.8387162595136,0.2362514587244296,0.2664143066985812,-0.08185785530645262,90.74058991322556,89.51834278890695,88.77580998896129,-1.5762970675368613,-0.10513241263030808,0.8476652125759756,6.210525933028602,6.714527046386517,7.307689471095989,0.12071110841557288,-0.4470365823713255,-0.1461258423381464,7.658430434078126
2026-09-05 02:05:00,16.569943588579765,16.481042135306534,16.563429581993937,16.023975958349403,17.10288320563847,0.17475380513275998,-0.17939094246801748,-0.474731063930548,0.11594917899451299,0.6413374745102196,0.09700349578061562,1025.70501616953,1025.8146876107407,1025.58034545559,0.2462012471451441,0.2664143066985812,-0.0320721515479363,88.22954586401825,87.42849079416584,88.12641465954708,-1.498138010437235,-0.10513241263030806,-0.5927914527509301,6.626126515162622,6.899081036461222,7.1997035719174285,0.11973490145783212,-0.4470365823713255,0.14641404691511894,5.974585004919896
2026-09-05 02:10:00,16.228751577674586,16.517500941628864,16.691602570203575,16.151988741560146,17.231216398847003,0.1889664837613935,-0.17939094246801748,-0.4750235850254696,0.11624170008943466,0.03497023676236921,0.005289313893307224,1025.7052789793588,1025.894290070196,1025.567151915697,0.2175083043617366,0.2664143066985812,0.060723847800318254,89.72848584870161,87.34927869308058,87.58540584108216,-1.5223915055958275,-0.10513241263030806,-0.13099473537127437,1.7035945508707517,1.793273077316053,2.4669814363257396,0.1320206222784521,-0.4470365823713255,-0.22667177663836102,7.833342794656766
2026-09-05 02:15:00,16.201363152931126,16.45534209688242,16.661911576368087,16.122137590274633,17.20168556246154,0.19908690842852278,-0.17939094246801748,-0.47531581696406633,0.11653393202803139,-0.17969057869011706,-0.02717853701765094,1025.7977115867377,1026.008195446839,1025.684701633682,0.20527068835740148,0.2664143066985812,0.05707950645842175,90.50484294972414,88.90453595060578,88.65520329291195,-1.4864784451622273,-0.10513241263030806,0.35446507032413876,4.671087551355756,4.979370416365873,5.067537493978077,0.15404305501218124,-0.4470365823713255,0.35886950475912105,19.463126770068076
2026-09-05 02:20:00,16.737064795838112,16.93155325399721,17.042695829463554,16.502761733426624,17.582629925500484,0.18981143312786083,-0.17939094246801748,-0.4756077606021374,0.11682587566610245,0.4512232778836278,0.06824836700167225,1025.6264382785778,1025.85908009207,1025.6256286629018,0.21702180528884504,0.2664143066985812,-0.032962877530508194,88.84085902191515,87.6246879289727,88.04238187128173,-1.4569457942563722,-0.10513241263030806,-0.3125615296787174,2.8228597328501084,2.7454022752779617,3.423211613823276,0.1673977939906878,-0.4470365823713255,-0.23077275617398874,8.714772378413901
2026-09-05 02:25:00,17.24790701563061,17.631234001702015,17.74162364165204,17.201529483135936,18.281717800168146,0.17788802842283546,-0.17939094246801748,-0.4758994167912689,0.11711753185523391,0.45620130221789523,0.06900130251799297,1025.579410776129,1025.930886057975,1025.650621669062,0.214025938830218,0.2664143066985812,0.013850082214275972,85.27262995062269,83.18984202570576,84.16631103069311,-1.4458827204825595,-0.10513241263030806,-0.8713365923570393,2.459290187905078,2.6645743072582744,3.030901979599927,0.15964400369396173,-0.4470365823713255,0.08070891002967295,5.355979682654
2026-09-05 02:30:00,17.08811393192427,16.993361668136785,17.35394941581352,16.81369524224036,17.89420358938668,0.14680270069739548,-0.17939094246801748,-0.47619078637886303,0.11740890144282803,-1.1979805522132523,-0.1811968052087174,1025.4128768333308,1025.6906959940409,1025.477250528941,0.2165164463688829,0.2664143066985812,-0.0529688415988403,84.04171267827249,81.8690383878655,81.83256010393823,-1.4693517311321433,-0.10513241263030806,0.14161069655757785,7.09122316685521,6.911116814693512,7.159236080123447,0.15268590758770006,-0.4470365823713255,0.19891731694138937,9.534702617799244
2026-09-05 02:35:00,16.12594017434331,16.60202592289803,16.837107886707283,16.29669374545706,17.377522027957507,0.14911317832264928,-0.17939094246801748,-0.47648187020816624,0.11769998527213124,-0.36820053434630395,-0.055691021341235825,1025.550178860237,1025.3101037370939,1025.1150931349805,0.20035501842349768,0.2664143066985812,-0.07140370458523648,90.12772503550813,88.54503871066782,86.83908238645988,-1.4746506433500928,-0.10513241263030806,1.8110887368382578,2.094842074124976,1.711670203913492,2.5778219021968063,0.15109262181260655,-0.4470365823713255,-0.4191151159119888,42.815648968717255
2026-09-05 02:40:00,16.395302147708605,16.723527797444035,16.823314580119487,16.282740518530126,17.363888641708847,0.1478727121473733,-0.17939094246801748,-0.4767726691182981,0.11799078418226314,0.5263019687180623,0.07960415979256652,1025.3375352687406,1025.3631386501486,1025.0371835278443,0.2225294223719229,0.2664143066985812,0.05954081560571467,87.65952677861357,86.75081232483338,87.44015600892871,-1.5500262273031522,-0.10513241263030806,-0.5842112714650227,4.373580571487723,4.557646811430699,4.65714584640154,0.1689382107011424,-0.4470365823713255,0.34753754740048404,20.053322266973137
2026-09-05 02:45:00,17.208120859700276,17.358909646536894,17.41588851315304,16.875154578520473,17.956622447785605,0.16491558276701143,-0.17939094246801748,-0.4770631839442798,0.11828129900824488,0.8093260036107033,0.12241207585187297,1025.0836203152628,1024.992328956113,1024.763604490168,0.23681577809653503,0.2664143066985812,-0.037689840753728276,84.59469174118459,83.5675074161785,84.6475262468081,-1.5421715259597735,-0.10513241263030806,-0.9748864179992864,9.18679654994015,9.732763887320974,10.062606678106329,0.16728397017932348,-0.4470365823713255,0.11719379158597043,8.587074065588775
2026-09-05 02:50:00,16.483106759597113,16.623662251202852,16.966639325914503,16.42574556549272,17.507533086336288,0.17030140916921693,-0.17939094246801748,-0.47735341551706145,0.11857153058102646,-1.0815477944763998,-0.1635861322436334,1025.3593522867998,1025.6200646283742,1025.16920260902,0.23440755547603107,0.2664143066985812,0.18444771265558302,89.14551988879899,86.92645471607612,86.23240238441423,-1.52993498937378,-0.10513241263030806,0.7991847442922051,2.4938034371355466,2.9255537248883137,3.9137413983636176,0.15400889527394918,-0.4470365823713255,-0.5411510911039783,51.68951505320442
2026-09-05 02:55:00,16.83415072124363,17.12058781137516,17.20664642579619,16.665592886797306,17.747699964795075,0.1903148470818073,-0.17939094246801748,-0.4776433646635502,0.11886147972751518,0.617065592101838,0.0933323280469871,1025.1890456322067,1025.4546699848206,1025.2295606456446,0.22955120519367114,0.2664143066985812,-0.04130496752259205,86.72460349442345,85.72107529280936,86.04299619037049,-1.525262509706632,-0.10513241263030806,-0.2167884849308166,10.74460431874527,10.869027753932007,10.670122317526939,0.14899712390441883,-0.4470365823713255,0.6459420187763936,60.88780147338068
2026-09-05 03:00:00,17.195520833004533,17.679545463080355,17.78229401284073,17.241080742435045,18.323507283246414,0.17985438366306472,-0.17939094246801748,-0.4779330322066375,0.11915114727060253,0.5067202803773938,0.07664239270764384,1024.9529667616696,1025.2373569629917,1025.052661882485,0.24190645753070747,0.2664143066985812,-0.08171922619180805,83.5518105891618,81.25373054252672,82.2798295892724,-1.6293282257018715,-0.10513241263030806,-0.9209666341153593,12.499872108320512,13.180536701695774,13.856484652716357,0.156567683922613,-0.4470365823713255,-0.22891136864925876,13.201076127863026
2026-09-05 03:05:00,16.64323103152983,16.860479213895413,17.227501373372043,16.686128418688103,17.768874328055983,0.196926638627579,-0.17939094246801748,-0.478222418965227,0.119440534029192,-1.240521590353115,-0.18763121700861163,1024.8822125297174,1025.004069392493,1024.7887509585453,0.2656961029327346,0.2664143066985812,-0.051095872750920535,90.5401486977641,87.57838735808933,86.09633735291425,-1.673625501280015,-0.10513241263030806,1.5871824178053942,4.953264774033814,4.946013443471416,5.881185826143097,0.16346708669157387,-0.4470365823713255,-0.4881358003003564,50.959313801418396
2026-09-05 03:10:00,17.13133795758252,17.349137030919373,17.427799301402146,16.88626670952681,17.96933189327748,0.18899289294100918,-0.17939094246801748,-0.4785115257542605,0.11972964081822554,0.6659664332911106,0.10072867198524449,1024.9330858264852,1025.3113486532557,1024.940846268189,0.2771412260024708,0.2664143066985812,0.10408807836802225,87.2135230223409,85.2199994798234,85.87894162635729,-1.699808685679718,-0.10513241263030806,-0.5538097339035772,2.375220508756758,1.9613356302440084,2.1639147945258106,0.1614649200266573,-0.4470365823713255,0.24445741808952337,12.383744220358471
2026-09-05 03:15:00,16.617722198308506,16.822002727701573,17.080767968249777,16.539075786228274,17.62246015027128,0.20065683386789326,-0.17939094246801748,-0.4788003533847458,0.12001846844871081,-0.524782240702919,-0.07937429808018592,1024.892389987949,1025.3030322204304,1025.0236300030142,0.30320285801123004,0.2664143066985812,0.012987910717583873,88.31369572235273,87.52247059660321,87.36328043926379,-1.6896006230181015,-0.10513241263030806,0.26432256996973535,3.3902078433842173,2.903876521886186,3.159751488795318,0.16829906676225762,-0.4470365823713255,0.1911616154621938,6.2584542981893225
2026-09-05 03:20:00,16.976429533067268,17.511609813587494,17.558360421486977,17.016508696322962,18.100212146650993,0.17877545797993286,-0.17939094246801748,-0.47908890266378235,0.12030701772774735,0.8769500161392578,0.13264033456853497,1024.7867681120836,1024.8906303940653,1024.7291839424854,0.292134642062487,0.2664143066985812,-0.10496785511872986,85.01862924614186,83.86392392653435,84.8619720998759,-1.679473761320597,-0.10513241263030806,-0.892915760711233,4.088182212636154,3.8793922751942276,4.337444827765929,0.14556734473678928,-0.4470365823713255,-0.011015970200376035,7.203532151459769
2026-09-05 03:25:00,17.414005253708456,17.522531120591477,17.732145211346772,17.1901339900024,18.274156432691143,0.18230248747042568,-0.17939094246801748,-0.47937717439458816,0.12059528945855316,-0.19981999038620657,-0.030223148287277013,1024.7381807248696,1024.8005769947488,1024.5376988612481,0.2823020000965015,0.2664143066985812,-0.003536173197971948,84.87632569853969,83.18963665860154,83.30368209144976,-1.6854315940395883,-0.10513241263030806,-0.008913020217903522,3.345902638234011,3.737495698299796,4.241749861554437,0.14660563708711627,-0.4470365823713255,-0.0572175808833153,0.5655633332914403
2026-09-05 03:30:00,16.721453014106967,16.86808366273189,17.18194302679923,16.639772356195206,17.724113697403258,0.15253216834873704,-0.17939094246801748,-0.4796651693765256,0.12088328444049065,-0.8890363920999782,-0.1344684215993226,1024.8809345033915,1025.1489494571372,1024.7630998123395,0.26803470667986135,0.2664143066985812,0.11943533809903784,88.74410864734516,86.74754626021387,85.86070881044822,-1.6631980002584499,-0.10513241263030806,0.9919698623959619,3.1565745676716657,3.121346253932252,3.5881491237787957,0.15521249130080256,-0.4470365823713255,-0.019766287475218025,8.61488354594584
2026-09-05 03:35:00,17.610809326428445,18.052021563340254,18.010038580519172,17.467708507534816,18.552368653503528,0.14852510605961072,-0.17939094246801748,-0.4799528884051275,0.12117100346909251,1.463611110350275,0.22137392528910027,1024.7213724080575,1025.263475583575,1024.9657408962241,0.27333583447565507,0.2664143066985812,0.031320380652232416,83.5716942301479,81.5607680378607,82.76795856193947,-1.6991164833940513,-0.10513241263030804,-1.1020581114484571,10.411993196497003,10.69716464760345,10.782686561607466,0.1468838585492572,-0.4470365823713255,0.3615146683673096,30.182722237305303
2026-09-05 03:40:00,17.506111219747353,17.690643802437705,17.98258192405808,17.44009249553139,18.525071352584774,0.15513041596777943,-0.17939094246801748,-0.48024033227212237,0.12145844733608738,-0.7441043547963098,-0.11254717915235801,1024.524276004458,1025.054680492861,1024.8658226763757,0.2754430770733075,0.2664143066985812,-0.07755649021328281,84.4698783235294,82.87914799002328,82.57569102159555,-1.6777582581947614,-0.10513241263030804,0.4085893810580501,2.2441442764349318,2.876549764694419,4.000434341768763,0.13852047318429433,-0.4470365823713255,-0.6768479947030182,68.2362143468858
2026-09-05 03:45:00,17.817652647039214,18.192380306747634,18.32597729025238,17.78332855298008,18.868626027524677,0.147315887699313,-0.17939094246801748,-0.4805275017654602,0.12174561682942528,0.3027662225261665,0.045793958963272985,1024.5723515066113,1024.9304818242701,1024.7060024847576,0.2736196635916437,0.2664143066985812,-0.04193496718608003,80.4015598985838,77.88566762538177,78.7583431293023,-1.6611422845253652,-0.10513241263030804,-0.7675430912902215,6.323171578471758,6.112998481355075,6.085339963778122,0.11985599165665958,-0.4470365823713255,0.47469509994827863,35.59751808140022
2026-09-05 03:50:00,17.77221985803102,17.721523169918402,18.01013647601192,17.467328476749547,18.55294447527429,0.13155932326797348,-0.17939094246801748,-0.48081439766933765,0.12203251273330265,-0.7221223759403088,-0.10922236362549853,1024.2122784646613,1024.3861097310535,1024.225686200245,0.28333076712912325,0.2664143066985812,-0.10599077589017725,82.36081147417043,80.43439772913335,79.61397511986434,-1.6479278688760384,-0.10513241263030804,0.9255550218993278,0.11141724433505323,0.3907221114785867,1.2048760588995258,0.13575494760476653,-0.4470365823713255,-0.36711736504961356,26.146715751116904
2026-09-05 03:55:00,18.317577302879236,18.420769898860943,18.479862722365716,17.936895507827657,19.022829936903776,0.14425110030741248,-0.17939094246801748,-0.4811010207642227,0.12231913582818768,0.7953496024380833,0.1202981189632446,1024.3634678154294,1024.7946129247443,1024.3786877369437,0.29811871039169924,0.2664143066985812,0.14951088110206,79.65813149167143,77.83137663861957,78.2317881933341,-1.6542992839640362,-0.10513241263030804,-0.2952791420842118,5.237411366464608,5.527653696095876,5.516458848424426,0.12855340783455085,-0.4470365823713255,0.4582314300427752,34.4309508821362
2026-09-05 04:00:00,17.914507816716267,18.354093782864023,18.578010520412008,18.034884137271565,19.12113690355245,0.14269915845970862,-0.17939094246801748,-0.48138737182687974,0.12260548689084474,-0.29438177188714576,-0.04452579507996646,1024.512505867929,1024.724452989688,1024.4377562461805,0.27981076148025713,0.2664143066985812,0.020282436808884086,83.71220941271024,81.04112659585411,80.37319247794791,-1.590223250094942,-0.10513241263030804,0.7730665305365108,8.654875540569334,8.527617984640575,9.056379102349123,0.13096384061317198,-0.4470365823713255,-0.0817245353372229,4.279650857477741
2026-09-05 04:05:00,17.788341628593525,17.788429284195065,18.081772040529344,17.5384865354188,18.625057545639887,0.13535559875424855,-0.17939094246801748,-0.481673451630394,0.122891566694359,-0.7533910807310313,-0.11395181386626163,1024.1465315136873,1024.3040525553315,1024.1356487064663,0.2726470971454438,0.2664143066985812,-0.09801045783342488,82.37282902672976,80.1291090250139,80.51290217011825,-1.5729614009977964,-0.10513241263030804,-0.27866073247403733,3.2050648079547006,3.7483310965562313,4.5554392828918395,0.13700301102800572,-0.4470365823713255,-0.36007160396428306,21.342758152586043
2026-09-05 04:10:00,18.107855041406932,18.213579271024553,18.28828340174544,17.744838821256113,18.831727982234764,0.1359840375715627,-0.17939094246801748,-0.48195926094419606,0.12317737600816112,0.692135627898157,0.10468681174713268,1023.9911048275791,1023.9519986231106,1023.7428996801365,0.2824888202749205,0.2664143066985812,-0.057315363724342205,85.3388728710691,84.06042514804653,83.54145168833908,-1.606853156211671,-0.10513241263030802,0.6241058723377648,2.4915227192399034,2.5573342930944807,2.840314635649575,0.15212369051942023,-0.4470365823713255,0.1640562398162313,7.367358907317264
2026-09-05 04:15:00,18.378189688826193,18.605060809705236,18.724619034258765,18.181015424941076,19.268222643576454,0.1755340747007465,-0.17939094246801748,-0.4822448005340858,0.12346291559805087,0.3955833126585908,0.05983271791448885,1023.960414524096,1024.2526478099167,1023.857658252885,0.27687595606861753,0.2664143066985812,0.12857525033314232,77.72148844494218,76.13093545233406,78.11375922513821,-1.5981624645609116,-0.10513241263030802,-1.8776913601738414,5.648243182741435,5.683702001247096,5.927360078686793,0.1505847127795639,-0.4470365823713255,0.2033785049316279,26.240946780715337
2026-09-05 04:20:00,18.28540553617607,18.280411250024944,18.55669585689518,18.012933265258702,19.100458448531654,0.19283661744746966,-0.17939094246801748,-0.4825300711622562,0.12374818622622127,-0.6406113256402364,-0.09689366440221647,1023.8358081654059,1024.0086255461874,1023.7622001904489,0.26729748315231966,0.2664143066985812,-0.019988950959941576,83.19797899522604,81.37914401590801,80.17314836123107,-1.571825546363314,-0.10513241263030802,1.3111280673072514,6.141520769369779,6.920195149736951,7.459063211338227,0.14519041484177972,-0.4470365823713255,-0.09183147922995083,11.07478572530354
2026-09-05 04:25:00,18.39009865858789,18.517611857333797,18.665211286616856,18.121289759130384,19.209132814103327,0.21027522247028727,-0.17939094246801748,-0.48281507358731757,0.12403318865128263,0.21018921651042177,0.03179151318495954,1023.8236896861644,1024.1176741753777,1023.8147899372794,0.2795199322841244,0.2664143066985812,0.03646993139977894,80.44435855532456,78.12280725796852,78.72722922040016,-1.5924093473256649,-0.10513241263030801,-0.49928954980133256,5.936051707288544,6.239802821326045,6.778869985107342,0.14692109132748526,-0.4470365823713255,-0.092030581409972,2.744695892897267
2026-09-05 04:30:00,18.20402659347252,18.443362347092823,18.64072284364545,18.09664242673705,19.18480326055385,0.21680841725517272,-0.17939094246801748,-0.4830998085643208,0.12431792362828578,-0.11880549604894597,-0.01796955408460832,1023.8291796765742,1023.748321953586,1023.5593980218845,0.26404593144743665,0.2664143066985812,-0.07749037499706901,84.08193221351357,83.78912725530186,82.7140128581801,-1.5542848186830764,-0.10513241263030801,1.1802468097520773,3.4111459226031693,3.8484949816017266,4.365607475853003,0.15976189409290814,-0.4470365823713255,-0.07007591187995077,8.562284402813914
2026-09-05 04:35:00,18.333534912524115,18.562176955700338,18.725361081169645,18.181121821226725,19.269600341112564,0.21930569634382993,-0.17939094246801748,-0.48338427684478014,0.1246023919087452,0.1071511804823082,0.01620681699871085,1023.6185463774706,1023.9044473521121,1023.5821802235442,0.2604269737539434,0.2664143066985812,0.05585282186927998,81.71144596663915,79.50014895591268,80.734011306574,-1.540913638983016,-0.10513241263030801,-1.1287299380310145,2.9650199990170094,3.5295480472524616,3.8811368161723085,0.1580601687789003,-0.4470365823713255,0.09544781345147868,8.22232531352523
2026-09-05 04:40:00,18.154384384829697,18.593819251015997,18.77629428220838,18.23189622557774,19.32069233883902,0.1833644620188737,-0.17939094246801748,-0.48366847917669775,0.12488659424066276,-0.020390416425026814,-0.0030840887243641646,1023.7776928273285,1023.6773953547962,1023.4407456063465,0.26437070206360114,0.2664143066985812,-0.029764558248871253,84.34166375020739,82.92003761521548,82.43505513943828,-1.6229003808013032,-0.10513241263030801,0.5901148884075127,9.717617361529463,9.670986639654759,9.83284891747557,0.14851147796305955,-0.4470365823713255,0.2851743045505142,13.49313764949679
2026-09-05 04:45:00,19.5347946774615,20.016265873249875,19.989151310182933,19.44459450317083,20.533708117195037,0.1731797568219267,-0.17939094246801748,-0.4839524163045851,0.12517053136855014,1.3653087275511702,0.2065055055349596,1023.8580697002857,1024.2787456013727,1023.8597158077708,0.25748486309667973,0.2664143066985812,0.15261548690341442,75.23517413241527,73.23246700036175,75.31295397220607,-1.6124118615944758,-0.10513241263030801,-1.9753545592140114,8.813476985632809,9.32152721462882,10.059675459444634,0.13310389987990592,-0.4470365823713255,-0.2911116624444894,39.25065150683723
2026-09-05 04:50:00,18.459708130946463,18.45446229717017,18.990687349035625,18.445971837907827,19.535402860163423,0.1659711406238896,-0.17939094246801748,-0.4842360889694868,0.12545420403345178,-2.3592045286453,-0.3568341093974361,1023.5354151156461,1023.8805815317352,1023.7256621199149,0.2668827309688378,0.2664143066985812,-0.11149489487831943,80.15543012783792,78.55783067994966,77.04695222377109,-1.6266228819989208,-0.10513241263030801,1.6160108688088854,4.299963189779217,4.27028588131377,4.933093839884062,0.12089092603385367,-0.4470365823713255,-0.21577137619896725,34.917906496358
2026-09-05 04:55:00,18.805077076648278,18.965178540144954,19.024885839612782,18.480011670594635,19.56976000863093,0.1378477596631766,-0.17939094246801748,-0.4845194979090025,0.1257376129729675,0.7912870018161087,0.11968364300019019,1023.8498534529327,1024.0681099444855,1023.7820150862664,0.2600562072664694,0.2664143066985812,0.019680551520650624,81.3983956467159,80.15666185177824,79.62851180647336,-1.60782158848996,-0.10513241263030801,0.633282457935195,7.525283104809219,7.49143092901565,7.561388273036249,0.12953484100792031,-0.4470365823713255,0.3770792383507269,23.90773615590206
2026-09-05 05:00:00,18.922501261638363,19.17783744613326,19.293816829613263,18.74878404888974,19.838849610336787,0.12048652280994511,-0.17939094246801748,-0.48480264385730976,0.12602075892127482,0.41924477843670616,0.06341155898801532,1023.6505498826791,1024.0119175028792,1023.7614897772695,0.2769596411878204,0.2664143066985812,-0.01598658108878226,79.55793798377735,76.88695864332989,77.87226290149032,-1.5747740690811465,-0.10513241263030801,-0.8801718455301142,4.267625948086698,4.31235455263911,5.033741401995625,0.1263285962448522,-0.4470365823713255,-0.2743502669851905,15.174598710781488
2026-09-05 05:05:00,19.698039903121877,20.092083372027822,20.154573425137972,19.609382078853734,20.69976477142221,0.0907739757461056,-0.17939094246801748,-0.48508552754518597,0.12630364260915103,0.7728888587513794,0.11690088935786846,1023.682128568389,1023.8108681146074,1023.5924696611471,0.2754506856178711,0.2664143066985812,-0.04801585323832569,75.85529119761311,74.28205480485914,74.9115828291938,-1.567943397431183,-0.10513241263030801,-0.5243956117043496,4.08751483886241,4.021148775524569,4.355691666997507,0.12025338714564511,-0.4470365823713255,0.11249369089838757,4.921359764405792
2026-09-05 05:10:00,19.354817651738873,19.588714829412943,19.938859947735512,19.39351008199498,20.484209813476046,0.09019911821064501,-0.17939094246801748,-0.4853681497000305,0.1265862647639955,-1.128939230729408,-0.170754175854551,1023.3841654819561,1023.6785277365567,1023.4264758561476,0.28350592725833534,0.2664143066985812,-0.014362426289494579,78.9146800634408,78.35760341338157,77.30752779209952,-1.5096595692431185,-0.10513241263030801,1.1552080339123592,2.271088192186932,2.6308288368978863,3.1150233176135,0.11309371491380568,-0.4470365823713255,-0.037157898344287954,10.16205345351162
2026-09-05 05:15:00,20.107082274104243,20.267745562196087,20.363764338800348,19.818255999667738,20.909272677932957,0.10248060777337725,-0.17939094246801748,-0.4856505110458862,0.1268686261098512,0.55121409665934,0.08337216586375717,1023.5680521272426,1023.9797264477057,1023.6152702677233,0.29245821469412914,0.2664143066985812,0.09804187328381886,73.49606439671645,73.38935160130721,74.45604395077109,-1.515914310202841,-0.10513241263030801,-0.9615599368335666,4.100483488788747,4.29459085884807,4.61243839399944,0.1139441735158075,-0.4470365823713255,0.12918904721995528,8.939276426849787
2026-09-05 05:20:00,19.476175613660175,19.728566345609444,20.02840704177009,19.482740275269492,20.57407380827069,0.11908222555274219,-0.17939094246801748,-0.4859326123034613,0.1271507273674263,-0.7963521336727446,-0.120449753692629,1023.2348902194286,1023.0556745667261,1022.9927638471438,0.28492773466120025,0.2664143066985812,-0.2035035871163018,77.08209223234005,75.48403536733998,75.01911532075371,-1.4940456863959553,-0.10513241263030801,0.5700524592165834,4.829141400354487,4.793323698547505,5.290948046676503,0.11154962257815167,-0.4470365823713255,-0.05058776575767254,8.185314419840976
2026-09-05 05:25:00,19.997091197478934,20.257148956830118,20.34251957776814,19.796694429883566,20.888344725652715,0.12530399248393082,-0.17939094246801748,-0.4862144541901511,0.12743256925411608,0.6216142529446422,0.09402032152999595,1023.4928354563244,1023.6860376984501,1023.2343274533616,0.2602858960773296,0.2664143066985812,0.18529593838991332,73.3442870846319,71.91175935408677,72.58895579557931,-1.4658726963186481,-0.10513241263030801,-0.5720640288622292,0.8297787528163203,1.140948563903726,1.7750083013665208,0.10881830114095914,-0.4470365823713255,-0.18702315509146916,11.434226064793567
2026-09-05 05:30:00,19.69354722549354,19.61885741440262,19.91369138357712,19.36770790025256,20.45967486690168,0.11085304736595228,-0.17939094246801748,-0.48649603742005865,0.1277141524840237,-0.7632502169323594,-0.11544302670648321,1023.34753603051,1023.6087543761229,1023.3266854646498,0.26461496513329563,0.2664143066985812,0.01565460477445413,75.04705001057434,75.34683662822567,74.54409114710542,-1.4692798052298939,-0.10513241263030801,0.907877893750566,4.214558710736698,4.254315519939861,4.401066442556314,0.12231154041906653,-0.4470365823713255,0.3002856597548722,18.53894816025063
2026-09-05 05:35:00,21.030143521230286,21.150575349719695,21.06855870312907,20.522416930268562,21.61470047598958,0.08187206998815288,-0.17939094246801748,-0.4867773627040166,0.12799547776798162,1.7282932087708929,0.26140758905864203,1023.3690819517101,1023.605120334347,1023.3528735269136,0.26548242529879407,0.2664143066985812,-0.01416749926522698,70.48915592987672,69.9550726507054,71.11934841509556,-1.4420227044506715,-0.10513241263030801,-1.0591433517598432,6.781550051774056,6.820820643902336,7.28637197305986,0.13769170323768287,-0.4470365823713255,-0.0185147467861988,13.064499206166037
2026-09-05 05:40:00,19.843581000267058,20.190932238601928,20.610601931064007,20.064301914531683,21.15690194759633,0.05551903949713036,-0.17939094246801748,-0.4870584307496074,0.12827654581357242,-1.5886001371350282,-0.2402787499940615,1023.0759859369352,1023.566703548499,1023.3214466501528,0.2721523376296956,0.2664143066985812,-0.02115740835233737,74.00551688921334,72.04885297480782,71.51238241630536,-1.4628362590013475,-0.10513241263030801,0.6416029711327695,5.87130659618613,6.007503248165187,6.6155673634058765,0.1215914865085929,-0.4470365823713255,-0.16102753286936444,11.972437869310461
2026-09-05 05:45:00,20.59115612229417,20.586169069393684,20.709628405874383,20.16317019149453,21.256086620254237,0.03648430083831288,-0.17939094246801748,-0.4873392422611845,0.12855735732514953,0.36979115691184816,0.05593160598731828,1023.086212374218,1023.1870612134406,1023.0087114737827,0.26943400796110156,0.2664143066985812,-0.08806456704064658,71.74234546566097,69.76953255128498,70.13282806995086,-1.47762615366709,-0.10513241263030801,-0.2581631060355676,5.52274531035559,5.786650830875478,6.2054488056745765,0.12486741382002248,-0.4470365823713255,0.028238607572226293,1.6515315937713968
2026-09-05 05:50:00,20.87134829655557,20.920389030432837,21.047186831263353,20.500570464820473,21.593803197706233,0.023151405367777763,-0.17939094246801748,-0.48761979793989285,0.12883791300385786,0.3477189390229505,0.05259314163750162,1023.2801375413343,1023.451232530393,1023.0968407616654,0.26426887557549295,0.2664143066985812,0.08797746202901635,73.29592084909298,72.53759716069393,71.94097774281848,-1.523563257828861,-0.10513241263030801,0.7017518305057706,8.525919133216528,8.759972220863562,9.060302090520777,0.11709879283380856,-0.4470365823713255,0.14670671271410995,6.756863873300112
2026-09-05 05:55:00,20.9358993854798,20.908151273472498,21.124445735441537,20.5776712626804,21.671220208202673,0.020755177897903963,-0.17939094246801748,-0.48790009848368954,0.12911821354765454,-0.24398718630564176,-0.036903519501020554,1023.0203258716379,1023.021316069399,1022.8297167619799,0.2883705517072733,0.2664143066985812,-0.07481499927951063,71.72540468395206,69.40146104115958,70.18232216256418,-1.5151139387559094,-0.10513241263030801,-0.6757287087742867,0.7419205979080383,0.7475621249273868,1.6783811293756639,0.11461628169519762,-0.4470365823713255,-0.48378242207695143,36.509414602755776
2026-09-05 06:00:00,20.850668672994388,20.393439488499013,20.673596649646797,20.126664116272508,21.220529183021085,0.005542714625999439,-0.17939094246801748,-0.48818014458736336,0.12939825965132837,-0.6662146728215212,-0.10076621867976598,1023.2060353339502,1023.7032806346105,1023.2591686373825,0.270702302969144,0.2664143066985812,0.177697690529385,70.7839451996677,70.15039647063777,70.04335723970469,-1.5037301301010073,-0.10513241263030801,0.21217164356339424,4.963099960269163,5.334942388047448,5.2320697726451755,0.11770906554646457,-0.4470365823713255,0.5499091977735979,47.973045161699496
2026-09-05 06:05:00,21.029049590111327,21.043794978589286,21.08728928013651,20.540198731814552,21.634379828458467,0.01062735303102336,-0.17939094246801748,-0.48845993694255585,0.12967805200652086,0.8984790473910031,0.13589664092079445,1022.9074145055052,1023.1499806928234,1023.0204114779353,0.27950970870951486,0.2664143066985812,-0.13684509181052817,69.84024005542392,68.645224106874,68.92961993783314,-1.4624559195507343,-0.10513241263030801,-0.17926341832882997,6.843251625989582,6.892115247042841,7.455732642428235,0.11558186637715538,-0.4470365823713255,-0.1165808130140693,6.145075361581672
2026-09-05 06:10:00,21.256414189669286,21.32391582628889,21.48215713718623,20.93490861954254,22.029405654829922,0.007143250489031268,-0.17939094246801748,-0.4887394762377806,0.12995759130174558,0.13983054104602388,0.021149631570676064,1023.2175951390511,1023.4244482922569,1023.107291456165,0.27261448641131414,0.2664143066985812,0.05074252939334656,70.0632724094878,69.04268300131118,68.92690559982637,-1.4347660193982783,-0.10513241263030801,0.22090981411511734,4.855712051006051,4.7771031696068675,5.408008470315783,0.11788646518343171,-0.4470365823713255,-0.18386871833759066,5.408960103038653
2026-09-05 06:15:00,21.33964471528954,21.24444747327851,21.489146938371462,20.941740496992466,22.03655337975046,0.007301436165146652,-0.17939094246801748,-0.48901876315844295,0.13023687822240795,-0.4317865312709728,-0.06530852262493525,1022.885321626506,1023.1460343671578,1022.9376884193559,0.26858514299842906,0.2664143066985812,-0.05806835889677586,71.21147945711097,69.56135855044599,69.47486312114185,-1.4447338638809384,-0.10513241263030801,0.19162784193444793,3.4409421867313874,3.125151859344933,3.5451131126925386,0.12461616724375088,-0.4470365823713255,0.027075329023719785,1.120291857620587
2026-09-05 06:20:00,21.945123016338,21.738600821016274,21.86418039432217,21.31661607475485,22.411744713889487,0.02440519445521472,-0.17939094246801748,-0.48929779838686005,0.1305159134508251,0.35577323601226496,0.0538113691621227,1023.1348134364707,1023.4950287197428,1023.13960415967,0.26477990900754145,0.2664143066985812,0.08901025337422652,66.19550481310843,64.20567481677367,65.38143621729395,-1.4859701529376381,-0.10513241263030801,-1.0706289878899753,2.1049453397832725,2.527460819332133,2.920512703344815,0.12756193524915407,-0.4470365823713255,0.05398469835864361,7.495445237665796
2026-09-05 06:25:00,22.606401319896808,22.436981746382685,22.551091268552835,22.0033691163048,23.09881342080087,0.006701718442209171,-0.17939094246801748,-0.4895765826022801,0.1307946976662451,0.43160734455347693,0.06528142029786821,1023.1295042318319,1023.4367474400768,1023.1868224725214,0.2551386977174864,0.2664143066985812,-0.016489339143163306,65.07594807861778,64.774721954463,64.40952569316295,-1.470820388849439,-0.10513241263030801,0.4703286739303678,8.13063504904985,8.25544564411553,8.427083839028068,0.12109357220747784,-0.4470365823713255,0.27539838745878775,12.439814878211298
2026-09-05 06:30:00,21.663235246776015,21.829055057119724,22.18442782561165,21.63654788615117,22.73230776507213,0.012982287116594696,-0.17939094246801748,-0.4898551164809014,0.13107323154486641,-1.163501778504184,-0.17598182602390722,1022.9167391347428,1023.5759151550167,1023.2966329052731,0.26199338824032126,0.2664143066985812,0.012867943044966523,69.0118073294814,67.3824734772237,66.5990390709763,-1.4319440278149267,-0.10513241263030801,0.888566818877706,4.387324124478804,4.565387408169733,5.429845589937548,0.1148015761377746,-0.4470365823713255,-0.4174215993964898,32.21366827633788
2026-09-05 06:35:00,21.50369317285146,21.910970816150293,22.076063632708383,21.528025951464457,22.62410131395231,0.012772688689453596,-0.17939094246801748,-0.49013340069589184,0.13135151575985685,0.0945318917376099,0.014298125909927961,1023.096035488467,1023.4428069831193,1023.2248293010676,0.27868111139172075,0.2664143066985812,-0.048436624646910786,67.897082904955,66.16282228996413,66.56870041176934,-1.4055125537317887,-0.10513241263030801,-0.3007457091749046,7.9791313604157015,8.39327675829715,8.51924602353747,0.10040452317159425,-0.4470365823713255,0.3210673171310052,15.456617845466454
2026-09-05 06:40:00,22.182949293090775,22.467206355746768,22.541724499758924,21.993529122121338,23.08991987739651,0.007770394474908167,-0.17939094246801748,-0.49041143591740777,0.13162955098137283,0.6933652768413019,0.10487279845586173,1023.0371286389967,1023.251663099948,1023.0348070660458,0.28432127532668067,0.2664143066985812,-0.04955827279638925,67.8990398619093,66.46737436724366,66.6300887589511,-1.3675558403617836,-0.10513241263030801,-0.0575819790771277,5.163946973635248,5.11259042435229,5.855658576032822,0.09186532019638706,-0.4470365823713255,-0.29603156930920704,13.958491717148684
2026-09-05 06:45:00,23.417981068191146,23.170161106512932,23.28174867761694,22.73339564893631,23.83010170629757,0.02104923928789757,-0.17939094246801748,-0.49068922281261274,0.1319073378765778,0.4482811944449736,0.06780337136401116,1022.9083898000388,1023.1097481486913,1022.8558585510131,0.2855618592812258,0.2664143066985812,-0.012524709020340197,59.81052419720742,58.58996992942806,60.263486645978745,-1.374971973953722,-0.10513241263030801,-1.568384303920375,5.82441271112479,5.523578940397924,5.820261118127389,0.11148600381537234,-0.4470365823713255,0.15035440464185967,16.369935299995877
2026-09-05 06:50:00,22.233571713348088,22.43873162706448,22.82005049487539,22.27153986046324,23.36856112928754,0.03423445160625268,-0.17939094246801748,-0.4909667620456962,0.1321848771096613,-1.3350441098059562,-0.20192792534288984,1022.8308743440103,1023.0456850744399,1022.7593926270077,0.2737245732920348,0.2664143066985812,0.019878140733567307,67.95635806289827,65.74039432368285,63.85527246209231,-1.3913036378398695,-0.10513241263030801,1.9902542742208524,7.024027430004759,7.148527608743745,7.530801480344975,0.1035659680744199,-0.4470365823713255,0.06476271077009521,25.31106317331228
2026-09-05 06:55:00,23.380662392540835,23.268067007045403,23.313632279562647,22.76496408469145,23.862300474433844,0.020037089666426255,-0.17939094246801748,-0.4912440542778922,0.13246216934185726,0.8847868471150342,0.13382566995077383,1022.6824535488671,1022.7371044866545,1022.5089188395347,0.2799264764819282,0.2664143066985812,-0.0382286595787491,60.35269845256568,58.48370607203217,59.88760578774843,-1.4170951851679825,-0.10513241263030801,-1.2987673030859455,5.706045365280676,5.8900660108547465,6.470582257776112,0.0916321799499817,-0.4470365823713255,-0.13347966455004023,13.267670611191509
2026-09-05 07:00:00,23.567020443485795,23.4678717118926,23.650974559703318,23.102148849606554,24.199800269800082,0.017304680908557395,-0.17939094246801748,-0.4915211001674975,0.1327392152314625,-0.024541218632908368,-0.0037119053427012716,1023.0256899209458,1023.3374722241322,1022.8981856805701,0.3058026720626798,0.2664143066985812,0.17287223686344078,60.63590590352251,58.72242868289821,58.53910230668246,-1.4190515614994583,-0.10513241263030801,0.28845878884606435,3.9184901802495182,3.9344669189698354,4.413652773947039,0.09483145856842944,-0.4470365823713255,-0.032149272605877854,3.9071744485451965
2026-09-05 07:05:00,22.846299478942097,22.775427215495156,23.111704851928998,22.56272167180121,23.660688032056786,0.021522856147318376,-0.17939094246801748,-0.4917979003698898,0.13301601543385486,-1.0372545368865502,-0.15688669396582355,1022.7365750846303,1023.1553296371388,1022.9357597452803,0.3012343365771387,0.2664143066985812,-0.046844414840052195,61.89634987026681,61.15077187459393,60.4031969531371,-1.421802239358367,-0.10513241263030798,0.8527073340871425,4.669472744172873,5.205321828571235,5.504890783492224,0.09372781097551083,-0.4470365823713255,0.1474676274503368,9.687678950617087
2026-09-05 07:10:00,23.46791230340845,23.626553448306517,23.643384171267584,23.094243566264442,24.192524776270727,0.017427754926979608,-0.17939094246801748,-0.49207445553754636,0.13329257060151137,1.0747649844517149,0.16256021950695043,1022.9852574558412,1023.1899754493726,1022.9462571662142,0.2967225336249163,0.2664143066985812,-0.022696023540220267,60.80077596048112,58.67743738372171,59.278591236734684,-1.414568522359498,-0.10513241263030798,-0.4960214403826626,7.010682967223083,6.356604875513695,6.808822733275706,0.09177187860701858,-0.4470365823713255,-0.005181275390685691,4.120992768066758
2026-09-05 07:15:00,24.06497065724382,24.283024407444923,24.394074183117112,23.844776198355454,24.94337216787877,0.02620307491129658,-0.17939094246801748,-0.49235076632006114,0.1335688813840262,0.45183682263414937,0.06834116679582891,1022.9326516643005,1023.101534119911,1022.8679913517191,0.28998946405314435,0.2664143066985812,-0.03287153850669711,58.44511868992512,55.62141047036293,56.30485021524719,-1.4190939333557406,-0.10513241263030798,-0.5783073322539494,3.761961531431396,4.203840861072471,4.802014290701372,0.10586233827113947,-0.4470365823713255,-0.15113684725757626,5.592392202006356
2026-09-05 07:20:00,23.43588110207008,23.446695842994075,23.84533047328595,23.295875153843852,24.39478579272805,0.03042095517995071,-0.17939094246801748,-0.49262683336416335,0.1338449484281284,-1.4495270703363516,-0.21924368782385883,1023.0767480827116,1023.5882563478949,1023.2105710965436,0.2841164932392113,0.2664143066985812,0.11127094465268783,60.3304896941736,57.3330431399525,56.76244618914482,-1.4237709038961777,-0.105132412630308,0.6757293634379948,3.8547956647346098,4.203495364870601,4.554638470052796,0.11135360502672312,-0.4470365823713255,0.09589347718912933,10.12317401047648
2026-09-05 07:25:00,23.68056576412534,23.722260989709024,23.8436883423753,23.294075733292125,24.393300951458478,0.0579093737852909,-0.17939094246801748,-0.4929026573137346,0.13412077237769962,0.3832255940658911,0.05796358980174077,1022.9337108235082,1022.9709112486102,1022.8674737466304,0.2511728985951427,0.2664143066985812,-0.1629768047188236,60.541625577027595,57.914366273536814,57.71961794950372,-1.4509551957502027,-0.105132412630308,0.299880736663404,1.744316874049448,1.987401783069274,2.525752264522907,0.10605367570968836,-0.4470365823713255,-0.09131389908230725,4.96754639287844
2026-09-05 07:30:00,23.704254726339858,23.83206266173336,23.97695951253616,23.427189658812605,24.526729366259712,0.03495518674634409,-0.17939094246801748,-0.4931782388098265,0.13439635387379148,0.22805728243163514,0.034494091665219884,1022.9351098668044,1022.8809704335582,1022.6344455647527,0.2560333232254112,0.2664143066985812,-0.019889437893084505,61.48934381391342,61.16057584591601,60.69786522435451,-1.4179985302759006,-0.10513241263030798,0.5678430341918101,8.626810816141498,7.727849267834539,7.829734101121266,0.10180891653377057,-0.4470365823713255,0.34515174908459834,18.825134016138914
2026-09-05 07:35:00,23.706334741090178,23.853052295895157,24.038929665371946,23.489002611970115,24.588856718773776,0.03311864690013313,-0.17939094246801748,-0.49345357849067817,0.13467169355464317,-0.04288493608321531,-0.006486427008770335,1023.1011174264868,1023.1740688320489,1022.7989930873754,0.24588669710915587,0.2664143066985812,0.10866143797488803,61.33092361449717,59.928568495987044,60.621243610163376,-1.4153203980973708,-0.10513241263030798,-0.5875427015460204,1.6992252985231997,2.181174984898994,3.1217782227853537,0.09678305139471371,-0.4470365823713255,-0.4935666555150342,37.85388822555201
2026-09-05 07:40:00,24.028135366088534,24.282871616667688,24.408598467345772,23.858514259189224,24.95868267550232,0.019491109227450263,-0.17939094246801748,-0.4937286769917336,0.13494679205569862,0.35479951339358706,0.053664091789933366,1023.0496346412287,1023.0451332733437,1022.7934295141487,0.22656353968365425,0.2664143066985812,-0.014710547503568705,59.96422031080999,58.943793644458395,59.46546140518721,-1.4214259357973555,-0.105132412630308,-0.4165353480985061,5.621631049587032,5.4192312640067835,5.492069768325582,0.10553044761051629,-0.4470365823713255,0.3741980780525269,21.199907388889432
2026-09-05 07:45:00,23.974095096277356,23.745773422234553,24.04598488001992,23.495743561993713,24.596226198046125,0.028552721059035925,-0.17939094246801748,-0.4940035349456585,0.13522165000962352,-0.7988034198055765,-0.12082051531734805,1023.055993778288,1023.3495295069841,1023.0205070203751,0.23560181908044484,0.2664143066985812,0.06260817991039858,58.930966993154094,57.912571215190084,58.163476149966534,-1.4475859596610776,-0.105132412630308,-0.14577252214613878,4.015609563798841,3.9657509415998096,4.600098941153927,0.10244897131598492,-0.4470365823713255,-0.18731141718279254,7.096481873168102
2026-09-05 07:50:00,24.65326238265624,24.6615629933254,24.684358091154547,24.133959708105305,25.234756474203788,0.004295142708352757,-0.17939094246801748,-0.49427815298235733,0.1354962680463224,1.0353315899730404,0.156595844638872,1023.0892335190532,1023.2577454496457,1023.0334014535791,0.2226176056599416,0.2664143066985812,-0.04207031063208433,57.06532656944591,55.616070785635,55.97423299132876,-1.4942029185247656,-0.105132412630308,-0.25302979306344753,3.967004043613671,4.000343680468094,4.396872709516878,0.08451743629144341,-0.4470365823713255,0.05050755332254164,3.4843140366645917
2026-09-05 07:55:00,24.507647460171523,24.303532418355015,24.58598003195405,24.035424628690023,25.13653543521808,0.009489833361726055,-0.17939094246801748,-0.4945525317289905,0.1357706467929555,-0.68135797233613,-0.10305667113101791,1022.7997796844487,1022.9853802047085,1022.8027474532425,0.2185535770133365,0.2664143066985812,-0.08378155523269015,60.41368057071635,58.905431361609764,58.04770832446856,-1.4484241717855386,-0.105132412630308,0.9628554497715172,5.867329141647177,6.07358879154687,6.423586043644798,0.08403423950409997,-0.4470365823713255,0.09703933027339673,8.013531424263025
2026-09-05 08:00:00,25.08512575625984,25.074976407338657,25.15416472245052,24.60345234374162,25.704877101159422,3.91068915009396e-05,-0.17939094246801748,-0.49482667180999007,0.13604478687395513,0.6624884953963388,0.10020262735615404,1023.1558231474113,1023.5649141596651,1023.156178426842,0.23615088570759946,0.2664143066985812,0.14232142612456755,55.45176859392051,54.858377920774096,55.761563630860586,-1.4290118170009254,-0.105132412630308,-0.7980532974561783,1.449440941569072,1.7099333337196578,2.4420230815288377,0.06866397949282067,-0.4470365823713255,-0.2850531654378543,18.18644714722883
2026-09-05 08:05:00,24.545111535532026,24.488903156895557,24.8123866590422,24.261517349620068,25.363255968464333,-0.010973321100314272,-0.17939094246801748,-0.49510057384707795,0.13631868891104296,-0.9526662681209181,-0.14409255967862578,1023.1471974937137,1023.2627375606706,1023.0764281323725,0.2192402961313053,0.2664143066985812,-0.08010487840044789,59.35415743800792,57.98510522796716,57.36262858352218,-1.4858489414908742,-0.10513241263030801,0.7276090570752913,5.265269339078574,5.623627790884733,5.709734468289608,0.0905062855103697,-0.4470365823713255,0.36092990496644983,24.219872580190984
2026-09-05 08:10:00,25.475480939222063,25.433460254288097,25.46213717935,24.911110983908063,26.01316337479194,-0.03267079415342458,-0.17939094246801748,-0.49537423845928064,0.13659235352324564,0.996443958217025,0.1507140174061128,1022.9165936228977,1023.2337061519756,1022.9936021700473,0.20084911731613214,0.2664143066985812,-0.026310324770292937,54.631369873451646,54.29150889589634,55.129998964942985,-1.4591389609660361,-0.10513241263030801,-0.7333576564163309,6.804444542136115,7.130050201531567,7.673353849332556,0.08084960637189739,-0.4470365823713255,-0.09626706542966357,6.5660235556267175
2026-09-05 08:15:00,25.851917063538167,25.65232155256962,25.851023836063586,25.2998407992571,26.40220687287007,-0.03964693334643967,-0.17939094246801748,-0.49564766626294676,0.13686578132691182,-0.12767670467254177,-0.019311341025947115,1023.0469111301142,1023.4776903415855,1023.1503454579845,0.2040807915908802,0.2664143066985812,0.06093057690236492,53.446503279959224,52.516315116183236,52.831755857119155,-1.4268521200078772,-0.10513241263030801,-0.21030832830560797,7.490648941443842,7.6457580614261,8.151117242448299,0.07923095871832009,-0.4470365823713255,-0.05832259865087419,1.1658478432125148
2026-09-05 08:20:00,24.896022448609454,24.575185064575894,24.982191093878264,24.430851260324385,25.533530927432142,-0.023379425392075787,-0.17939094246801748,-0.4959208578717629,0.13713897293572794,-1.5048744766983866,-0.2276150868343514,1023.0926221829404,1023.2421474481973,1023.0350630863722,0.2178746399590046,0.2664143066985812,-0.059329944873525164,57.89991446482438,55.98317849031221,55.0522652231927,-1.4224989557273446,-0.10513241263030798,1.0360456797498259,2.4611032349491486,2.6676930187317573,3.3506181815680716,0.08181298606533145,-0.4470365823713255,-0.23588858046498862,19.328295102747422
2026-09-05 08:25:00,26.017702291500317,25.575057530512318,25.541065347874657,24.98956876215248,26.092561933596834,-0.023757255645017978,-0.17939094246801748,-0.4961938138967692,0.13741192896073426,1.4107800286690342,0.21338312510567903,1023.0938149189228,1023.4033508866025,1023.1028295247518,0.19898253934622107,0.2664143066985812,0.0341070551521625,54.38142441913721,52.61715212566523,53.3865501860297,-1.3665650743760331,-0.10513241263030798,-0.6642656477341617,8.660958159630315,8.41265844934218,8.385284167434646,0.07892640445853916,-0.4470365823713255,0.4744108642788589,39.32754558325404
2026-09-05 08:30:00,26.533179249114927,26.49260116888506,26.55281136126199,26.00115806791261,27.104464654611373,-0.01434204937690086,-0.17939094246801748,-0.49646653494637616,0.13768465001034122,0.7879621312464593,0.1191807500910862,1023.1799223191812,1023.3475244484902,1023.092787531585,0.2038748161882672,0.2664143066985812,-0.011677389793476323,51.08815321716131,49.14720148509616,49.874561049324576,-1.3589798869017322,-0.10513241263030798,-0.6222271515981035,5.97939251752754,5.83011057592571,6.635928422528993,0.07602610044387723,-0.4470365823713255,-0.35878126423195766,21.874493937865754
2026-09-05 08:35:00,25.731673765128434,25.65610112191444,26.078776688326702,25.526966731853264,26.63058664480014,0.010627577952593264,-0.17939094246801748,-0.49673902162637984,0.13795713669034484,-1.6084734374979988,-0.24328462394424477,1023.3606902992424,1023.7101518292363,1023.3656355165955,0.2108468106678075,0.2664143066985812,0.0781020059422417,52.850433149923276,52.415902857103895,51.455485340442465,-1.4085687103799538,-0.10513241263030798,1.0655499292917412,8.527090185623475,8.87597262603141,9.093962837992539,0.08024437330548599,-0.4470365823713255,0.22904637041019704,20.26110011546593
2026-09-05 08:40:00,27.057281922072974,26.93667830083714,26.92471110785769,26.372744532725445,27.476677682989934,0.0145839117249319,-0.17939094246801748,-0.4970112745399776,0.13822938960394263,1.2651620678951687,0.19135813544746938,1023.3245845457053,1023.2749980524324,1023.1306552007984,0.18613688486349966,0.2664143066985812,-0.12207145506465622,49.789608622552606,48.06978006485291,48.89339896300618,-1.3957877953432625,-0.10513241263030798,-0.7184864855229591,4.79352137610724,5.140190755019293,5.870663484367127,0.09550653289344878,-0.4470365823713255,-0.2834361469765092,19.64996544657832
2026-09-05 08:45:00,26.727805662613683,26.998517273324012,27.23827487504334,26.686151725679707,27.790398024406976,0.006201918143996791,-0.17939094246801748,-0.49728329428778395,0.138501409351749,-0.39911345954392274,-0.06036665925131146,1022.9819165034545,1022.930808567604,1022.7463233697856,0.1957189009183863,0.2664143066985812,-0.08192910888021743,51.619477430796174,49.593482803573146,49.19677954018519,-1.387216389783317,-0.10513241263030798,0.501835676018267,5.239744320393394,5.560065769038343,5.832509199747907,0.10318162371162175,-0.4470365823713255,0.17459315166176115,6.777205151901564
2026-09-05 08:50:00,26.449279046644385,26.290602110657062,26.64286290547265,26.090583226267253,27.19514258467805,0.013210701371738638,-0.17939094246801748,-0.497555081467846,0.13877319653181105,-1.1429270010462993,-0.17286985234757068,1023.2884878666644,1023.4360358809047,1023.0086243394645,0.20623817147649245,0.2664143066985812,0.1609972347415578,52.29065666563631,51.138147319047214,50.79689935987575,-1.4083317794905523,-0.10513241263030798,0.4463803718017729,9.475153730276103,9.438795464276502,9.7235116751681,0.11796676249735717,-0.4470365823713255,0.1623203714797281,10.833446200582165
2026-09-05 08:55:00,26.879121226340917,27.167534301945704,27.176833791718344,26.624397627023075,27.729269956413614,0.005046259177024261,-0.17939094246801748,-0.4978266366756584,0.13904475173962347,1.1245576443362175,0.1700914526953774,1023.4108454812051,1023.4800035044435,1023.1868196796247,0.20249674459742015,0.2664143066985812,0.02676951812020434,50.8046953155155,49.33870441021766,49.92319543500063,-1.3882572201998424,-0.10513241263030798,-0.47935861215265874,9.137530909844484,9.518179120844014,10.140771587657115,0.10750057141642215,-0.4470365823713255,-0.17555588444177594,8.71869798246711
2026-09-05 09:00:00,27.293883125828856,27.616131793610275,27.75667771127182,27.204085105400896,28.309270317142744,-0.0025200810724332803,-0.17939094246801748,-0.498097960504179,0.13931607556814404,0.2568234258589328,0.03884502480647356,1023.285656625734,1023.4256751602645,1023.1988253688438,0.21752490094499624,0.2664143066985812,-0.0395645152779025,51.1387888001795,49.927818105723105,49.94394102926144,-1.4466255045165226,-0.10513241263030798,0.08900948909197837,4.679736018333138,4.442036880338006,5.120397990467231,0.11067419774897576,-0.4470365823713255,-0.23132452775790036,8.010094666883091
2026-09-05 09:05:00,27.268975987607515,26.85347742118292,27.224103416676904,26.671354413906915,27.776852419446893,-0.02531847306671805,-0.17939094246801748,-0.49836905354384387,0.13958716860780887,-1.264348309909149,-0.19123505302596655,1023.4071154638501,1023.6053488443199,1023.3199379694377,0.2311623678368944,0.2664143066985812,0.018996568183638374,51.790925900701495,51.890821358260546,51.581662374614965,-1.411955665556025,-0.10513241263030798,0.4142913962758925,3.4636994549580424,3.899134056186283,4.137793731385906,0.11222665826955855,-0.4470365823713255,0.20837690717170254,10.986408867702572
2026-09-05 09:10:00,27.620915670455656,27.627967351554997,27.66785417302153,27.114948817591493,28.22075952845157,-0.011424610700452165,-0.17939094246801748,-0.49863991638258187,0.13985803144654693,0.9223298596290164,0.13950412100148313,1023.5607466551708,1023.9011484678917,1023.5866115303638,0.23239978294550084,0.2664143066985812,0.048122630829311674,49.8849206123773,49.17268733193817,49.95636936588292,-1.4426899251822158,-0.10513241263030798,-0.6785496213144384,4.354728616668999,4.392204947481558,4.785641298742593,0.1157375711863259,-0.4470365823713255,0.05360023111028944,5.092772724183092
2026-09-05 09:15:00,27.202721767931784,27.105567820429393,27.388640454858784,26.835578790970192,27.941702118747376,-0.017214649335193753,-0.17939094246801748,-0.49891054960583026,0.14012866466979526,-0.685490290224589,-0.10368169196137345,1023.4274064904574,1023.5932398419342,1023.4330733347293,0.22698243826160164,0.2664143066985812,-0.10624779949375807,50.43435393116618,48.97879933504639,49.08233629127653,-1.477163039561312,-0.10513241263030798,0.0015954564001674498,4.347844491149514,4.982595503944386,5.434988050732614,0.12949989089268163,-0.4470365823713255,-0.005355964416903447,2.3993804044966773
2026-09-05 09:20:00,27.80297302222223,27.206129057630818,27.359628105028065,26.80641017684495,27.91284603321118,-0.014483175647955822,-0.17939094246801748,-0.4991809537965488,0.14039906886051387,0.17118396055052543,0.025891895070770943,1023.3255986340145,1023.4173279409716,1023.2059194565187,0.21530850355060616,0.2664143066985812,-0.05500582224567552,47.433011119926256,44.825125505969375,45.56782181826448,-1.4811469065920737,-0.10513241263030798,-0.6375638996647908,3.6355002123508458,3.3063595841259614,3.854978374840311,0.1272919993947611,-0.4470365823713255,-0.10158220834302378,3.969344157671308
2026-09-05 09:25:00,27.332561590593205,27.013610735402466,27.209853498936788,26.656479350585766,27.76322764728781,-0.030022604577055412,-0.17939094246801748,-0.49945112953523496,0.14066924459919997,-0.11141561730934413,-0.016851821066303785,1023.4586288280177,1023.6207595629421,1023.2836366831842,0.21485774143821187,0.2664143066985812,0.07070857305927802,46.79677870287015,44.930815850992694,44.591685762022244,-1.4659928541105465,-0.10513241263030798,0.4442625016007611,3.5218362532093495,4.174094432714126,4.508533299626826,0.12323696572922023,-0.4470365823713255,0.11259771545862485,3.4105051684688577
2026-09-05 09:30:00,28.014879148746434,28.146382980036808,28.136914224229734,27.58338389980006,28.690444548659407,-0.023483390131323327,-0.17939094246801748,-0.49972107739993776,0.14093919246390277,1.2486436798364764,0.18885969827509186,1023.336476244187,1023.4427993006906,1023.2004710265385,0.22169484847466203,0.2664143066985812,-0.02408603254650643,47.72214408038736,46.83072545053883,46.194853237364974,-1.4602555118847764,-0.10513241263030798,0.741004625804166,8.909718222284365,8.929855697238732,9.203170449314456,0.12857677370340687,-0.4470365823713255,0.17372183029560162,10.965563154465455
2026-09-05 09:35:00,27.857555127029556,28.226482468868458,28.47650890007948,27.922822443623105,29.030195356535856,-0.03491250870334958,-0.17939094246801748,-0.4999907979662729,0.1412089130302379,-0.46700570527568175,-0.07063548874300452,1023.330324661879,1023.4080285627117,1023.1420903688067,0.21780472614217433,0.2664143066985812,-0.0004761127936490084,46.69215060203928,44.26906918762301,44.88222640916032,-1.4862485826868097,-0.10513241263030798,-0.5080248089069954,1.7185721529922713,1.7155231226164964,2.693402276682715,0.11079474642774839,-0.4470365823713255,-0.5308425716948928,42.06225974897803
2026-09-05 09:40:00,28.083004880546454,28.226502369557426,28.4787486315162,27.924906087047813,29.03259117598459,-0.03703813952887695,-0.17939094246801748,-0.5002602918074367,0.1414784068714017,-0.48168209022600905,-0.07285531949075619,1023.2850472878436,1023.2345294798861,1022.994162149407,0.19143471407902998,0.2664143066985812,-0.02604697621950436,47.66557396713387,47.874388496319625,47.2298468690882,-1.503961707878526,-0.10513241263030798,0.7496740398617376,6.840965549291698,7.007843420923904,6.909802327172292,0.10842622593652661,-0.4470365823713255,0.5450776761229372,45.91869017584478
2026-09-05 09:45:00,29.028027236889635,29.06888298233194,29.1433705213259,28.58937193282299,29.69736910982881,-0.02387074906029006,-0.17939094246801748,-0.5005295594942204,0.1417476745581854,0.6935676215601205,0.10490340347405791,1023.5822225004306,1023.7993034986777,1023.3852727054082,0.20665928081394883,0.2664143066985812,0.14761648657088244,45.99808010549424,44.46599516556594,45.385258037909765,-1.5436181900367372,-0.10513241263030798,-0.8141304597135104,2.8195475169620776,2.7175080921655406,3.5660322784083576,0.10708424904367207,-0.4470365823713255,-0.4014876038714914,29.99866453973459
2026-09-05 09:50:00,29.124686701531573,29.108410865828553,29.35042690967532,28.796272321078224,29.904581498272417,-0.012009359376802123,-0.17939094246801748,-0.5007986015950243,0.14201671665898932,-0.4140451231781235,-0.06262510137874955,1023.2337363953991,1023.3573724988856,1023.2083732646315,0.20894195947608754,0.2664143066985812,-0.11741507244448712,44.45527547638993,42.94287220436373,43.31774054716954,-1.5514819865937826,-0.10513241263030798,-0.2697359301755,4.234628662293514,4.310810624783425,4.520325105448186,0.09788066288060282,-0.4470365823713255,0.2375221017065643,10.375144366180715
2026-09-05 09:55:00,29.08451611345496,29.408708885920024,29.593053337000878,29.038742792212833,30.147363881788923,-0.01233981046455623,-0.17939094246801748,-0.5010674186758717,0.14228553373983674,-0.03275006408950887,-0.004953508612835833,1023.5938951201708,1023.9432233965721,1023.5609524688585,0.20438646551596554,0.2664143066985812,0.11585662101492744,45.758802690857635,43.71163029240535,43.37492062529192,-1.5138562440859007,-0.10513241263030798,0.44184207974374345,1.6528459542394567,1.540009327652369,2.1627952616134656,0.10845125299416859,-0.4470365823713255,-0.175749351589771,6.909047339832758
2026-09-05 10:00:00,28.554686285674507,28.945472350110876,29.233133715454947,28.67866725834215,29.787600172567746,-0.038861775955157,-0.17939094246801748,-0.5013360113004228,0.14255412636438788,-0.7158286308415427,-0.10827042287605337,1023.445219702056,1023.4427826544241,1023.313207156381,0.214672366177045,0.2664143066985812,-0.13683880865551146,46.02373917228312,44.90712393080026,44.610400708305136,-1.5140054469034363,-0.10513241263030798,0.4018556351254361,3.702327234630313,3.5898370251572924,3.8345116498008855,0.09782884982073575,-0.4470365823713255,0.20236195772773247,9.99984100082547
2026-09-05 10:05:00,29.013778518277718,28.902440364968633,29.066847563343064,28.51222523773471,29.621469888951417,0.006030382595752615,-0.17939094246801748,-0.5016043800299885,0.14282249509395353,0.0990648483166261,0.014983744093587603,1023.1651189397512,1023.3167744358288,1023.0874318355285,0.23296802933483807,0.2664143066985812,-0.03707170639825108,44.67117572765257,42.26084833444793,42.95734674184155,-1.4839259479868554,-0.10513241263030798,-0.5913659947633079,8.032500750618187,8.275036655045456,8.600794832284194,0.09647011933709779,-0.4470365823713255,0.12127840513258725,4.072712426516074
2026-09-05 10:10:00,29.7722200410415,29.404440996129292,29.47819283688529,28.92341468657364,30.032970987196943,0.032218267149849655,-0.17939094246801748,-0.5018725254235441,0.14309064048750916,0.6984316818307086,0.1056391017120184,1023.4334276899933,1023.9047088635931,1023.4732072762113,0.19934509050098337,0.2664143066985812,0.16508728068322398,44.59187898202869,44.89080615214342,44.403838443101364,-1.4329869011664387,-0.10513241263030798,0.5921001216723667,9.827299664205873,9.656231707205144,10.2579671401158,0.09940169159032747,-0.4470365823713255,-0.1546988505393312,9.434232417658253
2026-09-05 10:15:00,29.48814486643618,29.111565763305116,29.365325969676103,28.810392038416516,29.92025990093569,0.04305838952317413,-0.17939094246801748,-0.5021404480377429,0.14335856310170794,-0.49169151594889726,-0.0743692639029696,1023.0649507294065,1023.1285655561419,1023.0451193563838,0.20455625430004823,0.2664143066985812,-0.1829681069405069,42.876144428872365,42.47645792326124,43.09123656137136,-1.4535675493327325,-0.10513241263030798,-0.5096462254798055,3.3639572467400236,3.2464351834434675,4.038629283895675,0.11293620720508865,-0.4470365823713255,-0.34515751808088213,22.649616781103642
2026-09-05 10:20:00,30.501435632897252,30.79757216412852,30.727510316745057,30.172420648256065,31.28259998523405,0.03176033279930957,-0.17939094246801748,-0.5024081484269295,0.14362626349089455,1.6492541940416139,0.24945278985148178,1023.4737851312631,1023.625741607219,1023.2378572922439,0.18743646377032405,0.2664143066985812,0.1214700082764466,42.08069529905477,41.40803484202274,41.673665862901196,-1.4600976131896701,-0.10513241263030798,-0.16049860824814743,5.336214661058195,5.0372079289905525,5.115100032032222,0.11283064285628011,-0.4470365823713255,0.36914447932965544,27.802940203426246
2026-09-05 10:25:00,29.870976754849448,29.89162149706835,30.33816497674821,29.782919614711552,30.893410338784868,0.030056450373780103,-0.17939094246801748,-0.5026756271431536,0.14389374220711867,-1.7662758660979954,-0.2671525372118424,1023.5110011776388,1023.5220503700668,1023.2649813446868,0.19342578985191133,0.2664143066985812,-0.009345281318587695,42.46668214725513,39.9702330795708,40.144811039434224,-1.3841058630524827,-0.10513241263030798,-0.06944554723311569,5.421500553664782,5.392513528473942,5.890692467779225,0.12219217879756222,-0.4470365823713255,-0.05114235693395752,7.957559667668858
2026-09-05 10:30:00,29.928047708345503,29.98660123436438,30.17403017548757,29.618629163548253,30.729431187426886,0.02190514392713235,-0.17939094246801748,-0.5029428847361829,0.14416099980014788,-0.053143133823596145,-0.008037998655172629,1023.2858001844289,1023.2784969737921,1023.0771968484967,0.1949609162804063,0.2664143066985812,-0.06511418140314618,42.3934885410166,41.22426531374962,40.816195119444444,-1.3335538436331846,-0.10513241263030797,0.5132026069354865,9.835506513587575,10.358185255275085,10.618977626592372,0.12919813277033348,-0.4470365823713255,0.18624421105403854,6.782151976395001
2026-09-05 10:35:00,29.86272618947709,29.545458973899326,29.769193733669365,29.213637115435706,30.324750351903024,0.04086298301357817,-0.17939094246801748,-0.5032099217535162,0.1444280368174812,-0.29317862794284366,-0.04434381730202119,1023.3877316896264,1023.8224179716872,1023.4225046103669,0.20258963459769289,0.2664143066985812,0.1334990546216659,43.33988297604695,42.91506409242154,42.612352194373734,-1.3920880020366169,-0.10513241263030797,0.4078443106781151,8.249135238557841,8.125787854858975,8.88758386731358,0.13043270833202492,-0.4470365823713255,-0.31475943008327967,17.18548435403467
2026-09-05 10:40:00,30.172434859205744,30.066597603024405,30.119426663665966,29.563714482709656,30.675138844622275,0.044800526376355676,-0.17939094246801748,-0.5034767387403969,0.14469485380436195,0.8367623971347875,0.12656188182645778,1023.6549102642331,1023.8771648513524,1023.6131200944808,0.19659866322375702,0.2664143066985812,-0.0023695498269944437,42.20786786475706,41.30381437326877,41.90556060199462,-1.3785378109744852,-0.10513241263030795,-0.49661381609553956,5.865408926948554,5.7654565216416716,6.223369163668936,0.11953757424929036,-0.4470365823713255,-0.010876059655939407,2.9792902052770946
2026-09-05 10:45:00,30.188113170369768,30.162055076090567,30.34146918680668,29.785601486662827,30.897336886950534,0.03303806850095818,-0.17939094246801748,-0.5037433362398258,0.14496145130379082,-0.00015317660052716064,-2.316824809511786e-05,1023.2764884495869,1023.4706600572044,1023.339304572299,0.1741197818819272,0.2664143066985812,-0.1350588217932227,42.601986303122466,40.421780808172855,40.763711461831974,-1.378518211242596,-0.10513241263030795,-0.23679824102880787,7.325935376353353,7.48930372593806,7.743556912610663,0.10519176564024688,-0.4470365823713255,0.19278339569872216,7.624094468455598
2026-09-05 10:50:00,30.65980111483988,30.72734553352678,30.85482663218005,30.298803456347226,31.410849808012873,0.02597674201408645,-0.17939094246801748,-0.504009714792574,0.14522782985653895,0.34320132348285526,0.05190984381474806,1023.1819936900541,1023.0962616183735,1022.9159516516696,0.1687153635868472,0.2664143066985812,-0.08610433999467659,40.82626633275243,38.95659897614296,39.2213024510749,-1.3495923523625393,-0.10513241263030795,-0.1595710623016231,9.578214338754936,9.573232228269516,10.005787430008093,0.10625681965443874,-0.4470365823713255,0.014481380632748397,1.2721020358708535
2026-09-05 10:55:00,30.884007287210665,30.847083443580548,31.070214193711227,30.514035585651534,31.62639280177092,0.04279456415263502,-0.17939094246801748,-0.5042758749371953,0.14549399000116028,-0.2891852252972136,-0.043739807662660724,1023.5494166106961,1023.7768253541208,1023.303294204544,0.17359753520852458,0.2664143066985812,0.20711684287812204,39.70544321025547,37.96822769062616,38.03067488429294,-1.3756666092245162,-0.10513241263030795,0.04268521896352695,0.6873999605554135,1.4566761414757212,2.3590947300743075,0.1008298509154126,-0.4470365823713255,-0.45538200622726066,34.58193911923818
2026-09-05 11:00:00,30.30895094396459,30.168281736159262,30.49623026986412,29.939896273003225,31.052564266725017,0.06679603185494219,-0.17939094246801748,-0.5045418172100397,0.14575993227400472,-0.9821867718935948,-0.1485575912368411,1023.6056962528687,1023.9650917879204,1023.6458900831667,0.18578224315262726,0.2664143066985812,0.05278739805510213,41.85918064330036,39.971377473463534,39.437581467212965,-1.4050529022459397,-0.10513241263030795,0.6389284188808801,5.066584474152983,5.127848546582332,5.055014719321299,0.11002246183222553,-0.4470365823713255,0.5198704096323574,43.30613776429896
2026-09-05 11:05:00,30.21006629766608,30.142873904452813,30.28449695723853,29.728007614965726,30.840986299511336,0.08972100530723587,-0.17939094246801748,-0.5048075421452654,0.14602565720923041,0.24970195962016817,0.03776788968229994,1023.2937569784839,1023.637898805155,1023.4968940773638,0.17172026754695696,0.2664143066985812,-0.12540957890735172,43.00089181919662,42.79519951048365,42.3638184815095,-1.428715377281216,-0.10513241263030794,0.5365134416044626,10.931570289697484,11.149616820575908,11.47851116543054,0.11748102701321131,-0.4470365823713255,0.11814223751669317,5.374459593405661
2026-09-05 11:10:00,30.124424481809836,30.467165625282327,30.553989211234864,29.997344566903116,31.11063385556661,0.10107648628304552,-0.17939094246801748,-0.5050730502748514,0.14629116533881645,0.6120079917943428,0.09256735651548098,1023.4245232672632,1023.7088182443736,1023.4520754306135,0.18404499266943317,0.2664143066985812,-0.009671492938537085,41.58163670506411,38.59609331760735,39.86882939475562,-1.448732876398161,-0.10513241263030794,-1.1676036645179622,8.26974972411833,8.668515276626968,9.511851919447702,0.11563491706884081,-0.4470365823713255,-0.39630006044940913,30.331982475957933
2026-09-05 11:15:00,31.175528046151545,31.32177208332325,31.384495658230733,30.827695755156732,31.941295561304734,0.09728711325100597,-0.17939094246801748,-0.5053383421286103,0.1465564571925753,0.7713449321274943,0.11666736756053453,1023.4512903306027,1023.458138019157,1023.2424520912826,0.17627052519367492,0.2664143066985812,-0.05072837882426029,39.6070304933172,38.71156927448442,38.78527296550512,-1.4201965305598456,-0.10513241263030794,0.031428721609607635,6.329310243301203,6.710741390889487,7.136396686937431,0.10405778782942812,-0.4470365823713255,0.021381286323380877,1.79695979960523
2026-09-05 11:20:00,30.6414321615189,30.81252792878108,31.15905741215309,30.602102293617296,31.716012530688882,0.04866440587106917,-0.17939094246801748,-0.5056034182342,0.14682153329816502,-1.1050345026648856,-0.16713854090399138,1023.1135865517838,1023.3411749881355,1023.0778419130205,0.18061992377280925,0.2664143066985812,-0.0030812315835646586,42.464595370672065,39.96921409910925,39.60592303867487,-1.4615385716200564,-0.10513241263030794,0.46842347306469634,6.240324783630734,6.419476201423448,6.776352996697388,0.10916514332550085,-0.4470365823713255,0.09015978709738537,5.243579833347506
2026-09-05 11:25:00,30.329038298514767,30.202385342567492,30.490822893681933,29.93371260292864,31.047933184435227,0.05312180622819249,-0.17939094246801748,-0.5058682791171365,0.14708639418110156,-0.7209603739577446,-0.10904660864642324,1023.1246438569287,1023.3992827973386,1023.0843587884708,0.17450119633842165,0.2664143066985812,0.04850970216921269,41.42818701893753,39.17585577085804,39.40388251204827,-1.4833300581186326,-0.10513241263030794,-0.12289432855991578,4.717123357121411,4.76777075997976,5.276160903281608,0.09898564886414934,-0.4470365823713255,-0.06135356093052291,2.13487474301644
2026-09-05 11:30:00,31.449957583842135,30.912287261607542,30.916414777693827,30.359149357931198,31.473680197456456,0.053094374845530985,-0.17939094246801748,-0.5061329253008059,0.14735104036477095,1.158752087696719,0.17526342638173276,1023.3521110408941,1023.2596317470018,1023.0031826907777,0.17668724387096688,0.2664143066985812,-0.00996525047457908,38.55818472688306,35.404452541601906,36.2543398345065,-1.545945491786183,-0.10513241263030794,-0.7447548802742858,6.211846183430853,6.910455753979471,7.194675961595237,0.0914010096348407,-0.4470365823713255,0.16281637475555844,9.893228041826745
2026-09-05 11:35:00,32.39292227924314,32.34349552415659,32.31745338892473,31.76003288332486,32.874873894524605,0.05519410629035129,-0.17939094246801748,-0.5063973573064763,0.1476154723704413,1.358218383498972,0.2054330776998725,1023.3878051622473,1023.4070029990108,1023.0940101322021,0.18738977548581018,0.2664143066985812,0.04657856011010608,38.09871204456875,36.1487721316749,35.80013928207887,-1.51069636796675,-0.10513241263030794,0.45376526222634794,7.508002713804443,7.559681483462853,8.07094029555952,0.08160685225268915,-0.4470365823713255,-0.06422222972534186,6.352762114475556
2026-09-05 11:40:00,31.49130545324161,31.37399390885236,31.8494213297337,31.29184578143265,32.406996878034754,0.056002566495849386,-0.17939094246801748,-0.5066615756533098,0.1478796907172749,-1.9572417045452575,-0.29603647841332403,1023.1845689773578,1023.4904581821777,1023.2037835059868,0.17266560655834776,0.2664143066985812,0.02026036949223453,39.447495921636396,39.189870928381104,38.429613895439374,-1.46621031448666,-0.10513241263030794,0.8653894455720419,5.375426537238288,5.323141347943032,5.9031241223258,0.08022184203328962,-0.4470365823713255,-0.13294619201144275,15.686746341777862
2026-09-05 11:45:00,31.923908245893962,32.02981933368619,32.12930702629805,31.571576478395915,32.68703757420019,0.036108634066612036,-0.17939094246801748,-0.5069255808583749,0.14814369592233992,0.5282793991652035,0.07990324985615871,1022.9307410939796,1023.2266546962778,1023.034507874643,0.16450673579738578,0.2664143066985812,-0.07426748506384229,37.68180000146566,36.416001510870586,37.21940513862013,-1.4776578845668926,-0.10513241263030794,-0.6982712151192345,8.20186410548101,8.100033174366798,8.323437893875083,0.09192376537399524,-0.4470365823713255,0.2236318628630407,10.931598297272812
2026-09-05 11:50:00,31.71274181668003,32.414356321835776,32.553604432601794,31.99571892816274,33.11148993704085,0.04446976241937982,-0.17939094246801748,-0.5071893734366575,0.1484074885006225,0.2654038609255238,0.04014283170199917,1023.3208275724735,1023.2552664042757,1022.9794037386573,0.16672628684549082,0.2664143066985812,0.009448358919826205,38.41761421060963,35.970838860674995,36.212098154286906,-1.4880861123353555,-0.10513241263030794,-0.13612688098159964,10.336852966747173,9.910685362606907,10.396272357138491,0.09187335667175996,-0.4470365823713255,-0.038550412160258674,0.48768970833413694
2026-09-05 11:55:00,31.728627125466915,31.921613336120426,32.22749311071136,31.66945269276368,32.78553352865904,0.05395300712985757,-0.17939094246801748,-0.5074529539010729,0.14867106896503798,-0.8362794298766509,-0.12648883212291295,1022.9006471977243,1023.2154457073925,1022.9411578461267,0.19554529077785504,0.2664143066985812,0.00787355456725436,37.8592466085593,37.2007414023073,36.926075998151866,-1.472223345755454,-0.10513241263030794,0.37979781678574653,3.0256422585037237,3.3595681539223556,4.182311798693489,0.087441169747483,-0.4470365823713255,-0.37570706239980733,22.58166600271331
2026-09-05 12:00:00,32.22061756001609,32.83199768075354,32.23982157362554,32.143297875617584,32.3363452716335,0.06418808886075246,0.03615942403767164,-0.23145627995614915,0.3037751280314924,0.9820203505230722,0.556016683090327,1022.8850107070629,1023.0844932311677,1022.882362159865,0.1851870142318531,0.25209332615398367,-0.04996225485126615,37.612098981794,37.176525917151736,37.61124059489515,-1.4206164754972153,-0.1695417601345211,-0.2651729176088935,5.739210585104061,5.106975086420844,5.732548000897652,0.07218502044703057,-0.5864727032732222,-0.039100211203585644,28.335708519260038
2026-09-05 12:05:00,31.81827003976797,32.010410722750215,32.10522601691618,31.661183220803355,32.549268813029,0.07838674391435325,-0.008568080155044795,-0.2502552647748978,0.2331191044648082,-0.41628822534070764,-0.08624721401091762,1022.9390839052668,1023.2659038693216,1022.9241166628412,0.20966862086381613,0.2765637015781344,0.065223504902292,38.6369646614786,37.31388674697739,37.74699125957883,-1.4063150993324782,-0.2244788060816324,-0.20862570651980406,5.378997158856791,5.454986572879643,6.190950185264799,0.077706266294329,-0.6366945327758078,-0.09926907960934805,2.247304456403982
2026-09-05 12:10:00,32.11927800201185,32.08074827308549,32.0665548730981,31.549890150486416,32.583219595709785,0.0874475185881776,-0.010191942378102356,-0.2519025177947615,0.23151863303855683,0.16069950279457146,0.02438534236549117,1023.0707760176576,1023.2093195196504,1022.9427959091629,0.23372170050791818,0.2760313081181916,-0.009507697630624534,39.45235906649612,39.64942932569909,39.46972416043223,-1.4307290673191073,-0.21998310960370157,0.399688274870563,8.035932020225275,8.044376050178903,8.601341666090464,0.06990222023504272,-0.6683283288124217,0.11136271290085986,2.597219533938864
2026-09-05 12:15:00,32.21545075710008,32.36633105013935,32.326848525578775,31.80594029636021,32.84775675479734,0.08129707741509394,-0.01815974079956255,-0.25876973284470545,0.22245025124558032,0.37578249409295594,0.057642265360136946,1022.9131418502468,1023.2424733414184,1022.9673695451802,0.2325539666994991,0.27611882922562336,-0.001015032987425002,37.38735708657483,36.55722052893589,37.50853666207388,-1.4873878573386328,-0.15971411140111028,-0.7916020217368782,4.007051665255837,4.750118619351895,5.6664465358103016,0.07107739642662368,-0.6622463320289445,-0.2540815844294624,12.71245324534091
2026-09-05 12:20:00,31.890457973523212,32.3268202181151,32.370262437363166,31.85492510805745,32.88559976666888,0.08023452469635259,-0.016727491475452494,-0.2574793159776691,0.2240243330267641,-0.17625847246327453,-0.026714727772613855,1022.7921557980561,1023.1477062506141,1022.897065856882,0.22897613638510028,0.2781364114597993,-0.02749601772779897,38.45557015796295,37.47527488726517,37.419272432104734,-1.5264172765318549,-0.17084033780142974,0.22684279296186816,7.5771527998291965,7.095192641482566,7.509704160512271,0.06753521026745728,-0.65903222762618,0.24452070859647446,8.951838289583263
2026-09-05 12:25:00,32.62186982979977,33.06938374676917,32.98900106946586,32.476992829709516,33.5010093092222,0.08160139770515325,-0.017041836361431677,-0.25815163485770687,0.2240679621348435,0.6441162097456186,0.09742451366474114,1022.7418033554701,1022.9097744691528,1022.6810301800238,0.22067135400112398,0.27975214309846186,-0.051007853969395,35.60277955587344,33.43622199436949,34.27213826252749,-1.5238545957709186,-0.16100896393386938,-0.6749073042241349,10.887214375916562,10.692800372284708,11.288020388655001,0.07591698246345166,-0.658973043531825,0.06375302716153186,4.212578305594203
2026-09-05 12:30:00,32.21882983627934,32.18697925211247,32.402700298713725,31.891226922982355,32.914173674445095,0.08321688944175253,-0.01835551198547161,-0.2598202050336233,0.2231091810626801,-1.3048383675889355,-0.1973655346157841,1022.6187458161179,1022.841261621681,1022.5527844307637,0.21985292363713194,0.27970459698459743,0.008772593932690143,36.61928553542528,35.5744132648394,34.983336342625044,-1.5467910590829463,-0.16037610744139524,0.7514530296557496,5.542998837479209,5.576514518417881,6.628241812444379,0.07434461854316614,-0.658743417152806,-0.39298387687369285,29.066798052907732
2026-09-05 12:35:00,32.046646200527135,32.19547309394832,32.18361759066106,31.671752337858894,32.69548284346322,0.09819015428132848,-0.018249533852996408,-0.26007099681477075,0.22357192910877793,0.19903732720475276,0.030105037140259583,1022.633397625458,1022.7390916714786,1022.4493667592546,0.20297229044641724,0.2797380611538646,0.009986851070038938,37.875800170482826,36.50926600319315,36.31834175980031,-1.5399671893732698,-0.15920515181431807,0.3501293952071549,11.743982604161523,11.758479157918709,11.921540212169798,0.07375535499793562,-0.6587609184693608,0.4956998642182704,35.79762365352439
2026-09-05 12:40:00,32.620017644565465,32.4420094542079,32.380641021882674,31.868399338599083,32.892882705166265,0.10784518557666584,-0.01820203956183759,-0.26038064929198784,0.22397657016831268,0.526079106824163,0.07957047188705957,1022.1052796246769,1022.5550828892183,1022.2887793252453,0.20205742223857007,0.2796906173958975,-0.01338705342288904,37.36475460899924,36.22129828119452,36.55397596872359,-1.559319529941538,-0.1595258305376891,-0.1731518569913817,16.89652128459271,16.810270733822186,17.505867712393275,0.07861282647249021,-0.6587618731630885,-0.03683510540800228,1.0374059152783763
2026-09-05 12:45:00,32.098805809079735,32.40274487118824,32.43247724836705,31.92000608311733,32.94494841361677,0.13900533717021513,-0.018199034601249716,-0.2607342867721108,0.2243362175696114,-0.0762525554461746,-0.011533342577557448,1022.3728717783173,1022.5748509729432,1022.260932597789,0.22001998552478033,0.27974907155180617,0.034169303602425316,38.15407725445788,36.01005410410798,36.327225537129486,-1.5963546550368426,-0.1595991776869088,-0.15757225533459973,2.5395664949315346,2.6149523504060066,4.138158515653174,0.09968222829512206,-0.658763004618682,-0.8644431606284857,106.89598557797659
2026-09-05 12:50:00,32.51852725291443,33.001300564594096,32.9403337873752,32.42769763931781,33.45296993543259,0.1721023718684852,-0.01821558136641396,-0.26110695412331647,0.22467579139048854,0.5235132185538731,0.07918235858530664,1022.3838603314397,1022.4582436474382,1022.1823439183545,0.21268696477505972,0.2797475570307452,-0.003847827947083715,38.91066989631463,37.37559824166412,37.28965777731605,-1.6375507621377001,-0.15961878090570117,0.24555924525377293,3.9138935158910506,3.6445913948288355,3.626928168249261,0.1085666975987076,-0.6587637806630429,0.6764270072426175,66.26147349696174
2026-09-05 12:55:00,32.54892583503201,32.730182841462906,32.84211724589583,32.3293233619534,33.35491112983826,0.1732971156076941,-0.018210352716205407,-0.2614573277163248,0.225036622283914,-0.6196554671633407,-0.09372405171671971,1022.1030005406191,1022.205424926665,1021.9665655256537,0.2097982731271911,0.27975206633620914,-0.04089266532480451,36.947456146669964,34.71109859218836,35.47620055268929,-1.5828683543096371,-0.1595347880616754,-0.6055671724392582,13.191933862935226,13.40677236316893,13.651367349143886,0.1076806365352215,-0.6587638000519949,0.41416881407703876,27.475884933830287
2026-09-05 13:00:00,33.0284832540036,33.01075372551238,33.00019210525785,32.48723407799035,33.513150132525354,0.11574728238080356,-0.018210174524896414,-0.2618122329014951,0.22539188385170228,0.19022438368804728,0.028771794779423487,1022.2593287634139,1022.4677289410212,1022.0999895763626,0.1893845874359842,0.2797375541370965,0.08800181052140488,35.2915297217815,32.02207025872047,32.599144677080886,-1.5517537830882095,-0.15950636508170016,-0.41756805327872115,13.5929371864353,13.004204200253401,14.141633726883175,0.10771261644137439,-0.6587638243118588,-0.4786657023179153,34.539137319746004
2026-09-05 13:05:00,32.82176670390275,33.02809266353098,33.0588344763106,32.54570833024308,33.57196062237812,0.13429976937271257,-0.018210315620972552,-0.26216694053759987,0.22574630929565476,-0.08285184646341293,-0.012531497158654759,1022.0942235924556,1022.401096600716,1022.1248287243508,0.1938733324935567,0.27973786588454685,-0.003469989519317096,36.53715133423481,35.84460933432329,34.870835322082215,-1.491185654774231,-0.1595222734055375,1.1332962856466082,2.448787177106427,2.54352039218138,3.6566062227818676,0.10246402183813004,-0.6587638250323767,-0.4543220055681112,36.069693439656284
2026-09-05 13:10:00,32.65582939304537,32.86551532360591,32.920998937246004,32.40770386902638,33.43429400546563,0.12619412428790674,-0.018210471884840998,-0.2625211487699778,0.22610020500029576,-0.24643093950075468,-0.037273141755250094,1022.3095692068374,1022.3062422927778,1022.0549855510786,0.1970471127129732,0.27973859015745905,-0.028481848458227432,36.64182049779284,33.96762193919343,34.47190912384993,-1.4722873732478023,-0.15952392307597424,-0.34476326158053183,0.9401606290828898,0.853017685606751,1.1024954081846339,0.0929640648029331,-0.658763825946943,0.40928610336906013,24.7503235326439
2026-09-05 13:15:00,33.0230712029245,33.15347183475487,33.1186224417299,32.6051587248669,33.6320861585929,0.11417186546044164,-0.018210460909946626,-0.26287467741917003,0.2264537555992768,0.3508046019028015,0.05305985393491852,1022.20145079755,1022.6764113390216,1022.3113706662145,0.19781154103016246,0.2797388021125025,0.08530187069447948,36.586825369305046,35.185237468581654,35.17090002475789,-1.4873370725493218,-0.15952294671458542,0.17386039053835134,3.2095271019026246,3.6018500416618853,4.050012617574457,0.08743655693226987,-0.6587638259572585,0.21060125004468677,7.592661562617491
2026-09-05 13:20:00,33.27832708220598,33.42226529340877,33.413565354349316,32.89993327321527,33.927197435483365,0.10819518633560114,-0.01821047543842118,-0.2632277214438025,0.22680677056696014,0.17791788979566547,0.0269104144978769,1021.8128338126135,1022.0543447231494,1021.9315259887478,0.19520961642749673,0.27973763610996605,-0.1569189017084227,36.40942554513759,35.234807108434644,35.44974486237109,-1.441020140262174,-0.15952308269105583,-0.05541467124539423,18.019982169427916,18.62629055791306,18.767212719774882,0.07971506729515045,-0.6587638259063406,0.5178416640445178,41.099482161884524
2026-09-05 13:25:00,32.96778735057038,33.03451992110989,33.14779955753862,32.63399923864706,33.66159987643018,0.10149554063338205,-0.018210449082703407,-0.2635802166582113,0.22715931849280446,-0.6285488169841855,-0.0950691873460272,1021.7753064918968,1022.0369714092445,1021.7497516842258,0.1916965214022273,0.2797376705674868,0.007482054451315889,34.57212763667902,33.39120052905963,33.98636873689069,-1.442177520309836,-0.15952325094436143,-0.4356449568866978,3.418772752440568,3.40570585294857,5.403244256258883,0.0862487511331093,-0.6587638259080062,-1.3387745774023068,257.67710572857305
2026-09-05 13:30:00,32.76734992985294,33.077220503283186,33.07770387932056,32.56373537561688,33.59167238302424,0.11067958778496294,-0.018210449873886425,-0.2639322332795476,0.22751133353177475,0.11720234073290925,0.017727073836510954,1021.7001554125463,1021.8832963051794,1021.5937353832252,0.19771932420663535,0.2797376856260963,0.009823236328202256,34.43971194968191,32.77880063245363,32.95053610839037,-1.4344480583496737,-0.15952324795587364,-0.012212227980860746,6.418521880579545,6.911276461876395,6.760200215728666,0.07553680255441944,-0.6587638259115034,0.8098400720592318,93.62441740180658
2026-09-05 13:35:00,32.25313502908468,32.48766856921578,32.57905350056139,32.06491685531134,33.09319014581145,0.08728805109806956,-0.01821045145441207,-0.26428374712068026,0.22786284421185612,-0.48379221546986884,-0.0731744798912004,1021.5549723421284,1021.7552347122187,1021.4646047279851,0.19737352498757188,0.27973768597497656,0.01089229825856819,37.52904117593632,36.31006344454298,35.585818791562865,-1.435946911617317,-0.1595234447351858,0.8837680977153042,10.558338395945604,10.552372419924701,11.153982993531177,0.08886890816821988,-0.6587638259115043,0.05715325230502977,5.059343396639695
2026-09-05 13:40:00,32.36258998186154,32.23709159234391,32.24004707524619,31.7257423383899,32.75435181210248,0.07112223991119554,-0.018210451201330483,-0.26463475771361156,0.22821385531095056,0.10085804396960185,0.015254968299053928,1021.5616805454368,1021.740591262194,1021.4300476389574,0.20115318744623586,0.2797376760673594,0.030805947169255887,39.122512443008496,37.96019753954437,37.95071400488596,-1.5390885592922574,-0.15952345936923387,0.1690069940276402,1.1042938635906363,0.9108452786563175,2.1874156494547083,0.09638937200440817,-0.6587638259116212,-0.6178065448867696,54.73845385118423
2026-09-05 13:45:00,32.67340887979896,32.547560377391406,32.46289448009777,31.94842170604054,32.977367254155006,0.07626961822415679,-0.018210450759927752,-0.26498526884325374,0.22856436732339824,0.6801657684247218,0.10287634805356305,1021.3266982849183,1021.6831006615294,1021.3940138978794,0.20373298125569045,0.27973767391108806,0.009349089738861949,35.038886999418345,34.143936018158,35.43732556468592,-1.4829228338619376,-0.1595234493205098,-1.1338660972074095,7.411393466947717,8.031758945901489,7.953128465667341,0.09659438929808485,-0.658763825911622,0.7373943061457702,85.32182145150252
2026-09-05 13:50:00,32.55464849848825,32.58938739376329,32.603672800482016,32.089032044616275,33.11831355634776,0.08561377868035641,-0.018210450762105018,-0.2653352832659605,0.22891438174175047,0.025950382652368376,0.003925044043377568,1021.177249602229,1021.3932744228119,1021.1660680990612,0.2172141087008396,0.2797376785392804,-0.052531354788584395,34.6196555883873,34.5406709641413,34.59668223478553,-1.4657376957534163,-0.159523448129272,0.10351217748503672,4.3843022291046605,4.6371327379375975,5.736200570463971,0.09659757541273553,-0.6587638259116183,-0.4403040066147552,28.02653399277217
2026-09-05 13:55:00,32.722706505872296,32.96531083404773,32.94676077475409,32.431952092209535,33.461569457298644,0.0952369033543966,-0.0182104507952505,-0.26568480267854894,0.22926390108804795,0.24304168125479464,0.036760510088889475,1021.3451193033724,1021.6855148740157,1021.3138055092146,0.22533803786934026,0.27973767766763896,0.09197168713342307,37.019776099143414,35.75293753171896,35.47071738417536,-1.4541938886230183,-0.15952344430322662,0.44174359184683,10.842140942918322,10.934497262017855,11.196992348680778,0.09102476231659,-0.6587638259116183,0.3962687392486952,24.494352029111734
2026-09-05 14:00:00,32.81528121589146,32.92832405784002,32.99283550264065,32.47785894824083,33.507812057040475,0.08343135917039711,-0.01821045078011716,-0.2660338290963257,0.2296129275360914,-0.3061184788596023,-0.046300994020512576,1021.249566585738,1021.4121418372222,1021.1835957728941,0.22765237998714255,0.2797376769930195,-0.0511916126649794,36.86254408284408,35.457427108055754,35.664242396584484,-1.456356050802488,-0.15952344444420966,-0.04729184408451914,4.44552690008854,4.745405749048202,5.935451910595699,0.09372560643006764,-0.6587638259116185,-0.5312823356358782,40.80515828701895
2026-09-05 14:05:00,32.995708494931726,32.935835787338604,32.97396810648026,32.458823734911775,33.48911247804874,0.0687573744314035,-0.018210450779867816,-0.26638236466227844,0.2299614631025428,-0.13171319899201706,-0.019921868361784334,1020.9365548671883,1021.2117743907901,1020.9718586744651,0.24587344435496872,0.27973767654374376,-0.03982196021877371,34.89521065942187,32.71919141005282,33.468535300117374,-1.4506360770889735,-0.15952344450992964,-0.5898204455546221,8.295348713170702,8.482219754771904,8.718692663287136,0.10460653106215353,-0.6587638259116185,0.4222909173963867,27.451667057981467
2026-09-05 14:10:00,32.74292713126216,32.85638870253191,32.88982406182877,32.37451192772498,33.405136195932556,0.061157851924584714,-0.01821045078053367,-0.26673041142767895,0.23030950986661158,-0.1006593040687207,-0.01522490851632341,1021.092300107797,1021.2226287228648,1020.9116953597828,0.25091666670364743,0.2797376766960601,0.031195686385899535,34.3210818364098,33.19829805568568,33.078044422695925,-1.471540839843592,-0.15952344465344503,0.27977707764320314,8.152267337289304,8.229076481346443,9.043209797302715,0.0975749664395954,-0.6587638259116185,-0.15536949004465406,3.9796247356514685
2026-09-05 14:15:00,32.94911064097317,32.94770448027757,32.94400916133599,32.42852931928958,33.4594890033824,0.0647559432088556,-0.018210450780055766,-0.2670779714412675,0.23065706988115597,0.1448297395616862,0.02190576972163427,1020.7628751133725,1021.211930567224,1020.9064202146344,0.2665762189691325,0.2797376767182667,0.025772675871394313,36.00108993980687,35.08503585980649,34.687219761855495,-1.4499605625128376,-0.1595234448378546,0.5573395427888457,3.850552544904458,3.5348631422624672,4.405229052460187,0.08224104555040809,-0.6587638259116185,-0.21160208428610083,8.109884135495344
2026-09-05 14:20:00,32.75977598626923,33.022911382062006,33.03127643835174,32.515628942907874,33.546923933795604,0.08703810374794384,-0.018210450780023046,-0.26742504674113166,0.23100414518108559,0.06509271018685325,0.009845394490291426,1020.7941147380595,1020.9429121822214,1020.7102110763452,0.2738595302697721,0.2797376767416247,-0.047036570865429894,36.813720467978285,35.16416891598618,35.393955259598464,-1.495709004566807,-0.1595234448308554,-0.07026289878142933,1.4475619240287063,1.455674130979302,1.9911483431011137,0.08927322809897553,-0.6587638259116185,0.12328961378980696,2.451080592500282
2026-09-05 14:25:00,31.91937534343687,32.04231357641166,32.219044723218516,31.70322962886987,32.73485981756716,0.05632654596138258,-0.01821045077973997,-0.26777163934891357,0.23135073778943366,-1.0480577223480907,-0.15852069602711794,1020.7767273867394,1020.9797369714228,1020.6698554831082,0.2517565013225936,0.27973767672539807,0.030143811589141478,36.78261107798094,35.729104471897834,35.94490033686439,-1.489196609430338,-0.1595234448310999,-0.05627242013545697,5.576923669210456,5.856417184089411,6.223206597019049,0.09251688784141354,-0.6587638259116185,0.2919744129819808,14.93965280937486
2026-09-05 14:30:00,32.30551150107291,32.295471478189484,32.20077674343978,31.684794104625382,32.71675938225418,0.053015614607007086,-0.01821045077988858,-0.26811775127360893,0.23169684971383175,0.7464713097599969,0.11290518552959128,1020.5452733318311,1020.7654437884453,1020.5105412682294,0.26741451848242553,0.27973767673192024,-0.024835156516019197,37.31955758097891,35.61600308817909,35.9277173396976,-1.4695415379603494,-0.15952344483444866,-0.15219080668406093,4.487771288231042,4.532254760352001,5.449859876759488,0.08131489982700174,-0.6587638259116185,-0.25884129049586857,11.096079351354962
2026-09-05 14:35:00,32.59141249576727,32.67074168816819,32.595072311250426,32.07892218235594,33.111222440144914,0.033025437991629034,-0.018210450779919514,-0.26846338450909407,0.23204248294925506,0.6206853796202978,0.09387982769768399,1020.5143666443225,1020.7303105695499,1020.4344013732721,0.26903663337853756,0.27973767673092226,0.016171519546901436,35.479050609365814,34.5393497733928,34.96716288943469,-1.476494957644151,-0.1595234448377801,-0.2682896712041085,9.873953979659639,10.218632694116614,10.580734727445103,0.07398098611786057,-0.6587638259116185,0.2966617925831301,13.8889343006941
2026-09-05 14:40:00,32.129101683896245,32.40035309363241,32.49053114573816,31.974213581096233,33.00684871038009,0.00824179783132669,-0.018210450779923046,-0.26880854103613117,0.23238763947628505,-0.47581295199144336,-0.0719676013258237,1020.2638306028297,1020.6406181443739,1020.3563122154125,0.26841317612772825,0.2797376767309955,0.0045682522304559825,37.71787004000797,36.984437306324104,36.590730188570696,-1.4635145849076652,-0.15952344483600828,0.5532305625894196,9.731603083741911,9.912089534279307,10.824739109684518,0.06538994337735916,-0.6587638259116185,-0.2538857494935929,11.320291785682635
2026-09-05 14:45:00,32.81302716746096,32.72184729966318,32.697518454091416,32.18103350798188,33.21400340020095,0.022746147511498938,-0.018210450779919975,-0.2691532228217914,0.23273232126195145,0.2812480588466144,0.042539296351684186,1020.2063631936967,1020.4306538852838,1020.1783487336845,0.27178935629760315,0.27973767673031014,-0.02743252513096195,35.860203936866235,35.08089494161476,35.700985882261904,-1.4982112886358638,-0.15952344483578448,-0.460567495811361,5.9842584818769,5.778962207138295,6.616006179077616,0.058144620687016674,-0.6587638259116185,-0.1782801460277028,5.90046549544739
2026-09-05 14:50:00,33.1415917510069,33.253038663465325,33.209268164609284,32.69261589125924,33.72592043795933,0.030915516128989018,-0.018210450779918397,-0.2694974318196424,0.23307653025980563,0.4097863214865214,0.06198094963595935,1020.0989910883568,1020.5757293262922,1020.2364349902806,0.26764955835411836,0.2797376767311297,0.05955665928047438,35.222258675701795,33.78451891099761,34.211156279974205,-1.5320152256172226,-0.15952344483553976,-0.26711392414105006,7.386039876002167,7.045196081799134,7.454700131465389,0.054907793146604794,-0.6587638259116185,0.24925977624536433,10.033519865801937
2026-09-05 14:55:00,32.96920894774773,32.99277389852273,33.108892518167245,32.592072971751115,33.625712064583375,0.03765701886819795,-0.018210450779918463,-0.2698411699698827,0.23342026841004582,-0.6473187099932503,-0.09790816886459908,1019.911519436461,1020.0591220782203,1019.8802777366859,0.2703739046787857,0.2797376767307304,-0.10089333519636057,35.485309843006874,33.12960519533194,33.235679139377034,-1.5237301263812988,-0.15952344483556422,0.05344950079047095,7.3529086276918925,7.357997397816639,8.052999877002309,0.05224232010379732,-0.6587638259116185,-0.03623865327405085,2.3506043488788997
2026-09-05 15:00:00,32.34493606564772,32.4818052088843,32.59191155471677,32.07492478935641,33.10889832007714,0.05147240646416285,-0.01821045077991814,-0.27018443919947427,0.233763537639638,-0.6075686322083627,-0.09189589505255213,1019.8903266717679,1020.1790046841419,1019.8399512344172,0.26327139188266857,0.27973767673071037,0.05931577299395485,37.58220130725176,35.59268997666874,35.061256633392674,-1.499980888469562,-0.15952344483563163,0.6909567881116985,10.10246378240755,9.990929631529287,10.558652267410128,0.04573438355311272,-0.6587638259116185,0.09104119003077749,4.921464128580038
2026-09-05 15:05:00,32.971429829575946,32.88479346426947,32.79182027017531,32.27466633994005,33.30897420041057,0.04427662301267081,-0.018210450779918338,-0.2705272414222746,0.2341063398624379,0.7350893639096299,0.11118364487408172,1019.5776883358183,1019.7398830964088,1019.5216951462706,0.278562658987481,0.2797376767307794,-0.06154972659260238,35.07676138628418,33.98728605897984,34.53245663207134,-1.565601186412122,-0.1595234448356433,-0.38564712825585445,5.662659783102212,5.801709071346831,6.758546328493084,0.03815274535811344,-0.6587638259116185,-0.29807343123463426,15.171525960576792
2026-09-05 15:10:00,32.37567236283856,32.435526509738104,32.5180934151353,32.00077237404208,33.035414456228516,0.037787060267667885,-0.01821045077991832,-0.2708695785391557,0.23444867697931907,-0.42549194480598374,-0.06435645461727546,1019.629349239788,1019.9696947587918,1019.5959740362999,0.2771996016240284,0.27973767673071326,0.0939830457610924,36.565590202475065,36.977309582884,36.609477686216216,-1.547330464183245,-0.15952344483562367,0.5273553415034016,4.312927321585293,4.133350925875393,4.682950249901071,0.03586490191891962,-0.6587638259116185,0.10916450188594062,4.552033988476614
2026-09-05 15:15:00,32.11870127524446,32.410838951246326,32.41096506309909,31.893476965112505,32.92845316108568,0.0705730195185065,-0.018210450779918317,-0.2712114524381304,0.23479055087829373,0.11956439468902147,0.018084338927153,1019.5533362122275,1019.8235523486923,1019.5490420769275,0.2726085955113592,0.2797376767307145,-0.005227404966035465,37.49220124970647,35.653282115784386,36.25940282100169,-1.5663425166964169,-0.15952344483563105,-0.44659726038167946,4.208068258832395,4.060992378373447,4.637792218004459,0.03754181726751523,-0.6587638259116185,0.08196398628060653,2.0211460292232024
2026-09-05 15:20:00,31.9417953273053,31.821268384760693,31.90694615853536,31.38929105756776,32.42460125950296,0.06687445370461288,-0.01821045077991832,-0.2715528649944723,0.23513196343463563,-0.446059414593428,-0.067467322994748,1019.4507905240873,1019.6890407031053,1019.431407974043,0.2615094857227279,0.27973767673071465,-0.022104947668481145,39.72246464267073,38.514044055629064,38.23102330523721,-1.5730907297521763,-0.15952344483562986,0.4425441952274838,6.632901550201041,6.983201317383381,7.516329235136159,0.03437885190386678,-0.6587638259116185,0.12563590815884051,3.794591039027962
2026-09-05 15:25:00,31.996107579201805,31.808127993937216,31.77262209109946,31.25480004101104,32.29044414118788,0.07790143540042425,-0.018210450779918317,-0.271893818070836,0.23547291651099936,0.35514504185467644,0.05371635361767346,1019.3463476785533,1019.7893537187215,1019.4711267248293,0.26473479519251164,0.27973767673071653,0.03848931716140669,37.33872137121651,35.27390546815604,36.267005040359614,-1.6199738570769526,-0.15952344483562853,-0.8335761273679481,5.830415804736247,5.920842217461896,6.758881390555007,0.0459655221372798,-0.6587638259116185,-0.17927534718149207,8.626902717193419
2026-09-05 15:30:00,31.888111713187634,31.707817758805113,31.70453795723238,31.18654901183125,32.22252690263351,0.07799715851487397,-0.018210450779918317,-0.2722343135173758,0.23581341195753916,0.14208255135061165,0.02149025235265256,1019.2669667237024,1019.4357955234381,1019.2261681082645,0.2669800803940127,0.2797376767307141,-0.07011026155714717,38.842806557099806,36.41385246121704,36.309576877890564,-1.6497804604834874,-0.1595234448356289,0.2637990281621043,5.736776760004165,5.577005039657465,6.208155511031463,0.051046399281487666,-0.6587638259116185,0.02761335453762026,1.063083811080194
2026-09-05 15:35:00,32.034215128777106,31.85035590330077,31.830169971698933,31.312014184741212,32.34832575865666,0.050273280563697745,-0.018210450779918317,-0.2725743531718628,0.23615345161202614,0.2538572317304606,0.038396382381755245,1019.242209345975,1019.6018277953758,1019.2628832173002,0.2716411757581428,0.27973767673071487,0.05920690134485085,35.962750291124635,33.80573152617282,34.37340599313956,-1.6159660740899264,-0.1595234448356287,-0.40815102213111487,2.3227046406132144,2.3631351239466207,3.140013519744916,0.0351379407129007,-0.6587638259116185,-0.11811456988667679,3.3933175019129935
2026-09-05 15:40:00,31.94935660882383,32.08802511190904,32.07760591507857,31.55928334026847,32.59592848988867,0.01960384550667872,-0.018210450779918317,-0.2729139388598004,0.23649303729996377,0.18928457935259502,0.02862964761038711,1019.1960324870553,1019.3400026532622,1019.0993770985054,0.25931415310808126,0.2797376767307148,-0.039112121973971625,36.011524952173254,32.7307315148105,32.88926151503102,-1.614815856000619,-0.1595234448356287,0.000993444615104977,8.438489744211658,8.892538335479202,9.124650871425848,0.04037521836703924,-0.6587638259116185,0.4266512899649726,26.23061634850975
2026-09-05 15:45:00,31.801870606049132,31.53161775108362,31.66269916193248,31.144209852922376,32.18118847094259,0.01091908220758015,-0.018210450779918317,-0.2732530723945391,0.23683217083470245,-0.7462450285283815,-0.1128709600689426,1018.8625480274534,1019.1195507861999,1018.8709882979947,0.24009997872234237,0.27973767673071487,-0.03117518852559442,38.19005917242703,37.64459412269277,36.55866574964678,-1.6282131000604534,-0.15952344483562858,1.245451817881623,3.6645999899604496,3.7991666546357616,4.965772766590607,0.04643065819289506,-0.6587638259116185,-0.507842286043227,46.22638291432983
2026-09-05 15:50:00,31.887435726514127,31.85461725854805,31.795564027379555,31.276908037770088,32.31422001698902,0.026760600982629987,-0.018210450779918317,-0.273591755577389,0.23717085401755236,0.5108279269050549,0.07726368194841271,1018.675381199693,1018.7436519748119,1018.5116704205307,0.2476070743524211,0.2797376767307149,-0.04775612244952754,37.820169349609934,34.4037749548757,35.39968191740296,-1.6322901924025397,-0.15952344483562864,-0.8363835176916297,3.489803540343649,3.709772091682841,4.163382600987344,0.04208330851165315,-0.6587638259116185,0.20515331660711578,10.485807426557805
2026-09-05 15:55:00,32.09744821151154,32.259691048005855,32.21321846720778,31.69439585054793,32.732041083867635,0.03858497583217004,-0.018210450779918317,-0.27392999019773173,0.23750908863789508,0.42765110455103894,0.06468303157799227,1018.5961867082272,1018.7622319129761,1018.4201935778069,0.2654227766949392,0.27973767673071487,0.062300658438402934,37.462107916495775,35.63587755363598,35.6714733945679,-1.615167778539289,-0.15952344483562864,0.12392760390370938,5.420065211260488,5.221526182940877,5.7897921320285715,0.027131332638621594,-0.6587638259116185,0.09049787682392374,2.122670549532857
2026-09-05 16:00:00,31.906101095805354,32.0417290412106,32.13639497424514,31.617405784032307,32.65538416445798,0.052296133295530546,-0.018210450779918317,-0.27426777803313057,0.23784687647329392,-0.505484524109697,-0.07645548225462306,1018.5769195618208,1018.8177046382111,1018.4756927724941,0.2531065332262604,0.27973767673071487,0.062274188986293666,36.50113002682551,33.958877239371894,34.44705189128659,-1.5997504711735722,-0.15952344483562864,-0.32865120707906925,3.7649274104157366,4.1000652237888495,4.883985839466101,0.027212000232732955,-0.6587638259116185,-0.12515678976563294,3.8406829316507443
2026-09-05 16:05:00,30.834011598764448,30.794390243383436,31.012908319720676,30.49375260940076,31.53206403004059,0.03749044061148582,-0.018210450779918317,-0.2746051208494395,0.23818421928960284,-1.3243315167796474,-0.20030762555732196,1018.4956820800387,1019.0400592837661,1018.6935946508102,0.2721798286290008,0.27973767673071487,0.06672695622523861,39.759636826198935,37.44975623772171,36.825827740369405,-1.6023764161874603,-0.15952344483562864,0.7834519421879307,6.910931297535762,7.633496889392813,8.09118221866458,0.027134913717910512,-0.6587638259116185,0.20107849663985178,13.663949680727661
2026-09-05 16:10:00,30.304737961945875,30.404651236260218,30.372833508434947,29.853511331402448,30.892155685467447,0.061728527963320526,-0.018210450779918317,-0.27494202040091104,0.23852111884107438,0.33076071602162216,0.0500281786051886,1018.3324916843609,1018.6231990262636,1018.4544556255096,0.27558676133383736,0.27973767673071487,-0.11099427597673639,43.13231504354248,42.66941032402734,41.95633020905564,-1.5641228473060769,-0.15952344483562864,0.8726035598073238,5.0123078883368954,4.790786046935618,5.725201005608901,0.015918451352578564,-0.6587638259116185,-0.27565113276166464,16.392463384650295
2026-09-05 16:15:00,31.59505852934963,31.663742723757668,31.379477405479065,30.859988815077145,31.898965995880985,0.047255128460524765,-0.018210450779918317,-0.2752784784303024,0.23885757687046574,1.999814999113596,0.30247576905852114,1018.1542295101482,1018.6779317640074,1018.3844938960403,0.2755020064792274,0.27973767673071487,0.013700191236353021,38.98688029145938,37.61757722847015,39.402414787071926,-1.5301566550143435,-0.15952344483562864,-1.6253141137661515,5.657580621558735,5.304418688437118,5.822447457721846,0.0014062591899792077,-0.6587638259116185,0.140735056626891,26.100159379807742
2026-09-05 16:20:00,30.566337519842232,30.57193682317317,30.815499997605215,30.295845047125788,31.335154948084643,0.050447494440574295,-0.018210450779918317,-0.2756144966689809,0.23919359510914426,-1.4899168890564276,-0.22535272365212577,1018.1821019712877,1018.485881887162,1018.2270850019579,0.2707314221206781,0.27973767673071487,-0.020940791526641078,39.95636302190079,37.66835746056066,37.984392540602514,-1.5156886339947797,-0.15952344483562864,-0.15651163520622902,6.409236141603559,6.462429538479548,7.082184185304748,0.0005307237254448134,-0.6587638259116185,0.039009179086418655,5.7639888947400975
2026-09-05 16:25:00,30.911722835099912,30.919848101460953,30.86870729558699,30.34888603827081,31.38852855290317,0.050292210091958243,-0.018210450779918317,-0.2759500768370278,0.23952917527719117,0.4585150198823982,0.06935125665388142,1018.1809037735102,1018.3769583427265,1018.0961967335448,0.25411720588757813,0.27973767673071487,0.0010239324509484504,40.45407402232244,38.468683094732306,38.26039935808548,-1.5137772215929273,-0.15952344483562864,0.36780718148245484,3.47011653333984,3.7309680000980996,4.5666218902415885,-0.0018000481950634058,-0.6587638259116185,-0.17689006423187026,5.6687524589741916
2026-09-05 16:30:00,30.418954109590995,30.913723699329626,30.919804968003092,30.399817457039823,31.43979247896636,0.047684102787239446,-0.018210450779918317,-0.27628522064334116,0.2398643190835045,0.08019194522246309,0.012129182106452419,1018.1474871243635,1018.6443605508323,1018.2747979629817,0.26596994807867336,0.27973767673071487,0.08982491111987656,40.91776431732689,38.81460835770948,38.81040272939472,-1.4907709832637435,-0.15952344483562864,0.16372907315039242,2.9812640552749223,2.9478744518115567,3.5213822293227808,-0.005972701848287342,-0.6587638259116185,0.08525604840039458,2.089681759351685
2026-09-05 16:35:00,30.048458027149707,30.27808319279764,30.396473236410962,29.876319524939273,30.91662694788265,0.06776298486167355,-0.018210450779918317,-0.276619929785737,0.24019902822590036,-0.6623362029193451,-0.10017959283340261,1017.8806091163094,1018.2028244313618,1018.0199334168445,0.2566626717414221,0.27973767673071487,-0.0968466622134656,42.85652021491855,41.34191205375474,41.049827524018625,-1.4797716235007021,-0.15952344483562864,0.4516079745717434,10.515660678965517,10.192891950956966,10.49303931415244,-0.006806809195752956,-0.6587638259116185,0.3586164627161441,21.505316642336528
2026-09-05 16:40:00,30.86501840568605,31.418334916247666,31.21540935887361,30.695089499981243,31.73572921776598,0.05718632705918414,-0.018210450779918317,-0.2769542059510502,0.24053330439121354,1.4620381240021239,0.22113600815397305,1017.8097803537562,1017.9606771063063,1017.7236507651883,0.2473049916325709,0.27973767673071487,-0.0427113356126938,39.007955152847636,37.703624879690295,38.82261883423807,-1.442643620987494,-0.15952344483562864,-0.9594705097121476,5.418463315503132,5.368053494035059,6.562527164197437,-0.01783457293395615,-0.6587638259116185,-0.5357098442507597,51.05582209570681
2026-09-05 16:45:00,30.82826380997214,30.76581343161154,30.939294111512584,30.41880815823644,31.459780064788728,0.03694224822350522,-0.018210450779918317,-0.2772880508152333,0.24086714925539662,-1.0265672985268353,-0.15527022912112542,1017.6418177528884,1017.9716115791497,1017.6430546475057,0.25920810735121436,0.27973767673071487,0.048819254913269106,41.64507261737206,41.75037346315325,41.08060497832449,-1.4111589728016531,-0.15952344483562864,0.829291929664393,5.214056887714346,5.371301790484965,5.829381136481746,-0.02218277906261729,-0.6587638259116185,0.2006844799148384,12.096600394216019
2026-09-05 16:50:00,30.167205817427654,30.187454678566624,30.298627918928993,29.777975924255223,30.819279913602763,0.037242180516601504,-0.01821045077991832,-0.27762146604345456,0.2412005644836179,-0.6146223928782177,-0.09296278958245097,1017.6868482254176,1017.8795713189226,1017.5794324711567,0.23661230599115363,0.27973767673071487,0.020401171035132393,39.46368594937945,36.483847477230015,37.769152959465416,-1.4467978593512736,-0.15952344483562864,-1.1257820373997731,1.3562097333014593,1.2172506564611676,2.036488353885712,-0.016849528756473813,-0.6587638259116185,-0.16047387151292591,11.147823217251723
2026-09-05 16:55:00,29.231696940613546,28.996516567060517,29.126244752580817,28.60542676944489,29.647062735716744,0.03124477950230361,-0.01821045077991832,-0.277954453290195,0.24153355173035837,-0.7372981951418467,-0.11151773474038151,1017.4767512026738,1017.3967252055112,1017.2014281684658,0.21832913226313563,0.27973767673071487,-0.0844406396853401,42.63527078145979,41.1226143593262,40.19452807573385,-1.4848065703272333,-0.15952344483562866,1.087609728427978,5.884924618376361,6.046751894142851,6.319334533576478,-0.0203492295599867,-0.6587638259116185,0.3861811864779918,29.46851693836207
2026-09-05 17:00:00,29.917072793139372,29.83706495601,29.584749978681984,29.06376605996877,30.105733897395197,0.0819055232885433,-0.01821045077991832,-0.2782870141993442,0.24186611263950755,1.7885756946937725,0.2705254281079341,1017.604202970073,1017.9627104653039,1017.5109475208073,0.21811152134103864,0.27973767673071487,0.17202526776577542,43.13773460089663,41.37593014248763,41.514219028113004,-1.5093503043813759,-0.15952344483562866,0.02123455921025652,6.341508505246483,6.6538527865405435,7.494078869536098,-0.03706895427791222,-0.6587638259116185,-0.18146225708393615,15.740554336642909
2026-09-05 17:05:00,30.156960224938274,30.62939599010592,30.51479523398331,29.99364543252717,31.03594503543945,0.09205313543514292,-0.01821045077991832,-0.2786191504042946,0.24219824884445793,0.8780797365711202,0.13281120690252735,1017.1663924739065,1017.5522635167418,1017.3530925097828,0.22163093448909688,0.27973767673071487,-0.08056666977165605,41.66675044800591,40.9488038199503,41.439589281363254,-1.4751854502290336,-0.15952344483562866,-0.3312620165773268,6.351682074052377,6.381955384728363,7.094473384895755,-0.04179587705514794,-0.6587638259116185,-0.053754174255773,3.565514150968641
2026-09-05 17:10:00,29.270613166282605,29.25211933512112,29.578902818669324,29.057587187254175,30.100218450084473,0.08591302680686355,-0.01821045077991832,-0.2789508635280357,0.24252996196819906,-2.0401269866103036,-0.30857303276828674,1017.2982366806501,1017.8013757354137,1017.468253218878,0.22744775026472397,0.27973767673071487,0.05338483980494857,44.80230635905305,43.55580458847974,43.32869203314489,-1.5303562651160272,-0.15952344483562866,0.3866360001704763,7.740897681403778,7.6800158883300735,8.261570638075058,-0.05249746169021654,-0.6587638259116185,0.07720907616663375,12.008845679965782
2026-09-05 17:15:00,29.79479309558999,30.24872070888794,30.06853495797347,29.54705354933288,30.59001636661406,0.07007135326905725,-0.01821045077991832,-0.2792821551832463,0.24286125362340963,1.3116941603307204,0.19839620169438987,1017.3171717830286,1017.6043195052018,1017.3695009985705,0.22382616834396893,0.27973767673071487,-0.04491917009943336,41.75160632609459,40.7073563360893,41.63099476215861,-1.5165397564972474,-0.1595234448356287,-0.764114981233682,3.072310712809669,3.2712877916519543,4.178375478863134,-0.04982609872559923,-0.6587638259116185,-0.24832386129956108,16.187746653571715
2026-09-05 17:20:00,29.57199095497069,29.36518552994524,29.530719219673045,29.009072086490303,30.05236635285579,0.04186702711052548,-0.01821045077991832,-0.27961302697238555,0.2431921254125489,-0.9740258662140313,-0.14732323894788735,1017.2213631733937,1017.4382452641489,1017.1947424225123,0.2541906043676692,0.27973767673071487,-0.03623483509409198,40.609248743776874,39.38146694427995,39.78051565190333,-1.5038507483089938,-0.1595234448356287,-0.2395252627877511,3.7275490319535667,3.4240810590306023,3.8841450067985175,-0.04663772469179498,-0.6587638259116185,0.1986998781437035,8.37059648380168
2026-09-05 17:25:00,29.663955163278924,29.479750097288733,29.444116469682015,28.922303664590213,29.965929274773817,0.026488740824463983,-0.01821045077991832,-0.2799434804877843,0.24352257892794762,0.35598949266647395,0.05384407838663563,1017.5215210061501,1017.8982253139194,1017.4931528270251,0.2514558936624792,0.27973767673071487,0.12533481016350834,42.86711969620013,40.65836872971832,40.30707057619604,-1.463158066254977,-0.1595234448356287,0.5108215983579072,8.872658617911771,8.52302019686124,8.9560758544667,-0.06322547094265529,-0.6587638259116185,0.22570816830615748,10.66737888529345
2026-09-05 17:30:00,29.33171691873543,29.291683541931597,29.30885612117279,28.78687769675491,29.830834545590672,0.02821286740085096,-0.01821045077991832,-0.28027351731173356,0.2438526157518969,0.006861875504117876,0.0010378715387240334,1017.095843369791,1017.4720028844262,1017.2958453930826,0.24868645983724655,0.27973767673071487,-0.10358018538715896,42.09611970282602,41.60828588793869,41.476928112333376,-1.456846212081741,-0.1595234448356287,0.29088122044094433,11.728285556711212,11.592678529995684,12.351102339025367,-0.055635341236833405,-0.6587638259116185,-0.09965998311806423,3.0478200628278094
2026-09-05 17:35:00,28.743891717333124,28.78076453017206,28.85547823957042,28.3333342483594,29.37762223078144,0.0496227971747725,-0.01821045077991832,-0.28060313901657374,0.2441822374567371,-0.37357063157706705,-0.05650325861844152,1016.8206316946605,1017.3054964919424,1017.0675816095817,0.23912261981148003,0.27973767673071487,-0.0418227943699776,45.16352171698461,44.29846709992497,44.043411793400644,-1.5038585407521774,-0.1595234448356287,0.41457875135995437,2.5995444371138814,2.385223396419922,3.5907261386101528,-0.06675720424961899,-0.6587638259116185,-0.546738916278612,44.068240187205305
2026-09-05 17:40:00,29.458637613142937,29.709703205943555,29.53602932160588,29.013719816084706,30.058338827127056,0.06644813431059128,-0.01821045077991832,-0.28093234716478116,0.2445114456049445,1.2686410308419092,0.1918843351175923,1016.8868713376269,1017.1207866957766,1016.8509557520478,0.24060950160973288,0.27973767673071487,-0.009906733001912471,42.43019745480148,41.62518532380641,42.63514919953213,-1.5374359643748616,-0.1595234448356287,-0.8504404308900888,5.610546999680677,5.318379025748738,5.435978175907618,-0.05116538134479548,-0.6587638259116185,0.5411646757527393,49.40952315079771
2026-09-05 17:45:00,28.761210055819735,28.921248696042273,29.1032596302464,28.580784662848174,29.625734597644623,0.06988455678528697,-0.01821045077991832,-0.28126114330905544,0.24484024174921878,-1.0829649747924428,-0.1638004834242075,1016.5668109106556,1016.7899631011647,1016.5405027544732,0.24798903639429418,0.27973767673071487,-0.030277330039211847,42.359467509322705,41.79190183808715,41.992048843741976,-1.5788058076412854,-0.1595234448356287,-0.040623560819199156,3.300228205310529,3.7977156038203597,4.6325799256283515,-0.05165314398980165,-0.6587638259116185,-0.17610049589637322,7.373797274454784
2026-09-05 17:50:00,28.656105095871332,28.63787908620228,28.68333609732543,28.160695720433466,29.205976474217394,0.0650370417997497,-0.01821045077991832,-0.28158952899240397,0.24516862743256732,-0.1801403141092841,-0.02724656034323303,1016.7553375249104,1016.9104378349953,1016.5482806576395,0.2624319730486957,0.27973767673071487,0.08241950062506476,45.406242865383916,44.14274909944254,43.73623385503175,-1.5976338464629454,-0.15952344483562872,0.5660386892464189,1.6631918411665139,2.250672725039608,2.9326818348302828,-0.06411707897519327,-0.6587638259116185,-0.023245283879056,2.559166202259157
2026-09-05 17:55:00,28.133986919506516,28.176392985348826,28.20918083370132,27.686375099649204,28.731986567753438,0.06906922714593201,-0.01821045077991832,-0.2819175057482271,0.24549660418839045,-0.09637829305936663,-0.0145773975725767,1016.5787840843786,1016.9039639592629,1016.5886468054583,0.24456056187541308,0.27973767673071487,0.03557947707383846,47.70123130642975,47.28198982840096,46.939004156229856,-1.6040354013227829,-0.15952344483562872,0.5025091170067313,4.167587419515936,3.985938967157141,4.493003321139172,-0.07553693968212008,-0.6587638259116185,0.15169947192958766,4.74478783711001
2026-09-05 18:00:00,28.168181546927485,28.16565862015421,28.118211614337294,27.595240575408965,28.641182653265624,0.061289657183663374,-0.01821045077991832,-0.28224507510040137,0.2458241735405647,0.4340935041332017,0.06565745659683486,1016.7795097297151,1016.7888790972955,1016.5272723802916,0.24160861781514467,0.27973767673071487,-0.01813095972681822,45.63588429207361,44.29317009476241,45.452468786224856,-1.64482585474052,-0.1595234448356287,-0.9997752466268182,2.5994286265517146,2.554888324711978,3.352716736638165,-0.07205598676424663,-0.6587638259116185,-0.13906458601456873,8.38852977940005
2026-09-05 18:05:00,27.82777879053849,27.731913160593464,27.781989950942,27.258853659371844,28.305126242512152,0.08706511712012151,-0.01821045077991832,-0.2825722385633622,0.24615133700352557,-0.2106839302682708,-0.03186633956861584,1016.5003765033271,1016.8637586704014,1016.5619871360311,0.2469690611448544,0.27973767673071487,0.022033857639485177,46.57050703396326,44.80190747847588,44.981217747155625,-1.5933526850676898,-0.1595234448356287,-0.019786823844114565,7.295932730056509,7.1636108983741416,7.563188512807029,-0.0759689856632304,-0.6587638259116185,0.2591862114787311,9.748861108112704
2026-09-05 18:10:00,27.94680480670958,27.85343948379025,27.8121114482457,27.288809956218614,28.33541294027279,0.0842272644009953,-0.01821045077991832,-0.28289899764218557,0.2464780960823489,0.39363800395248916,0.05953848632446679,1016.5080463006499,1016.8502353204898,1016.5709518540174,0.25401375155998884,0.27973767673071487,-0.0004542102583400265,47.338677124377185,45.693656462904464,45.59601747475691,-1.6397375330860253,-0.1595234448356287,0.2571624329831792,5.691511476211456,5.946825723487492,6.857045132512269,-0.07693552475941182,-0.6587638259116185,-0.25145558311315863,9.73690370064682
2026-09-05 18:15:00,28.533101619526736,28.82161059434071,28.679822041923487,28.15635540157496,29.203288682272014,0.0829321965272944,-0.01821045077991832,-0.2832253538326686,0.24680445227283196,1.0578315328622878,0.159999003197143,1016.3751237292772,1016.7169765950996,1016.4693556962037,0.2540923354536433,0.27973767673071487,-0.03211677783485811,44.04293446935126,42.431235541591526,43.24029998485542,-1.5926239132508384,-0.1595234448356287,-0.6495409984282645,2.5508320834329323,2.881718029552505,3.630490315171463,-0.060807722432441424,-0.6587638259116185,-0.0900084597073394,6.147033927383555
2026-09-05 18:20:00,27.13031896610999,26.814380840676545,27.218744577694295,26.695112841110486,27.742376314278104,0.049694860151984384,-0.01821045077991832,-0.28355130862140987,0.24713040706157322,-2.5530479224139526,-0.38615328623783185,1016.6783148585678,1016.9596500671311,1016.6177971585146,0.2606014230880285,0.27973767673071487,0.062115231885741196,48.86843127577414,46.90177501095125,45.99802966953755,-1.5511432071504614,-0.1595234448356287,1.0632687862493242,0.6195485767208018,0.01856927403917563,0.6566473069628189,-0.06780016307473218,-0.6587638259116185,0.020685792987975238,22.07453557777066
2026-09-05 18:25:00,26.862617620728233,27.232852697671387,27.084282149139128,26.560485368356947,27.60807892992131,0.04676333745414293,-0.01821045077991832,-0.28387686348588803,0.24745596192605138,1.1026706206245471,0.16678099931217716,1016.3184506757424,1016.799291269245,1016.5595989056899,0.25089385637291894,0.27973767673071487,-0.040045313175596675,47.67560961071933,47.46141807150416,47.614706765614834,-1.519702617911345,-0.1595234448356287,0.006234750724956939,8.205700122649109,8.281302828171022,8.448974269852812,-0.0672005344977751,-0.6587638259116185,0.4910923842298285,37.533347544700476
2026-09-05 18:30:00,27.923850759354522,27.91456251375769,27.758574824138336,27.23461305114552,28.282536597131152,0.059310599523617044,-0.01821045077991832,-0.28420201989454014,0.24778111833470348,1.1517089619194039,0.17419814039927317,1016.5927731400299,1016.9931608814046,1016.6757205462611,0.2695887215607392,0.27973767673071487,0.037702658412740675,47.271055290786364,45.96410713401556,46.72706505069854,-1.5439844491737313,-0.1595234448356287,-0.6034344718473506,2.792027678478872,2.346979186506483,3.633015398914795,-0.053002089624044575,-0.6587638259116185,-0.6272723864966934,61.38258291244317
2026-09-05 18:35:00,27.077448162261213,26.96624120185082,27.176867507447334,26.65274079418252,27.700994220712147,0.043294760868038865,-0.01821045077991832,-0.2845267793068388,0.24810587774700213,-1.2721551670971856,-0.19241585481659484,1016.393345530691,1016.5837842107812,1016.4041863500029,0.2815002587964924,0.27973767673071487,-0.10013981595238874,49.74300612069083,48.28679823295462,48.06788973539983,-1.5319986684025397,-0.1595234448356287,0.37843194239041367,6.0793353521431195,6.556520044636322,6.786719316087412,-0.05029695486938057,-0.6587638259116185,0.42856455446052877,31.9769523067022
2026-09-05 18:40:00,26.717875660044584,26.897861474034684,26.896981270202122,26.372689668554933,27.42127287184931,0.032033955850646674,-0.01821045077991832,-0.2848511431733687,0.24843024161353203,0.12621763903854344,0.01909065461248005,1016.2989205840653,1016.4759048519624,1016.2065700435506,0.2653611253517103,0.27973767673071487,-0.010402868319033587,48.49715782794154,47.23107057380588,47.70250134031191,-1.5767066580768114,-0.1595234448356287,-0.3119073216704038,4.007726664398644,4.073438091238803,5.001807354814362,-0.06636298222296064,-0.6587638259116185,-0.26960543766394096,10.922012955293239
2026-09-05 18:45:00,27.22440409203322,27.565372029979297,27.43447775590531,26.91002131771642,27.958934194094198,0.043924621116651644,-0.01821045077991832,-0.28517511293590225,0.2487542113760656,0.9858041393849888,0.14910472485390613,1016.2393327737907,1016.3598415905528,1016.066704508719,0.25245988877430925,0.27973767673071487,0.013399405103086792,48.94563006367946,49.78468876521855,49.50348329256369,-1.5448249118506303,-0.1595234448356287,0.4407289174904818,5.8249833460028935,5.516669392388463,6.019752006841534,-0.06130909210563927,-0.6587638259116185,0.15568121145854796,6.828225376691369
2026-09-05 18:50:00,26.38782264668692,26.63312389777159,26.828264215505126,26.303642992566353,27.3528854384439,0.021774762763880844,-0.01821045077991832,-0.28549869002747413,0.24907778846763748,-1.1697697399905138,-0.17692986695361768,1016.2024947513287,1016.525084079018,1016.1706015030858,0.23989682777302637,0.27973767673071487,0.07474489920150518,50.211398480089386,47.75860475000526,48.48298522651259,-1.5474143792043997,-0.1595234448356287,-0.5648570316716999,3.7946916831924584,3.6493561461276287,4.442747422121752,-0.07293912068347372,-0.6587638259116185,-0.1346274500825051,8.159844588794968
2026-09-05 18:55:00,27.18086800809708,27.318880195846067,27.195516588991676,26.67073063304604,27.72030254493731,0.03764177787700962,-0.01821045077991832,-0.28582187587245544,0.2494009743126188,0.9360152213967439,0.1415740576343083,1015.8156284491438,1015.9136400783815,1015.7591996065229,0.2480324674237847,0.27973767673071487,-0.12529720487214036,47.493146531888804,45.255375135800854,45.9339870326043,-1.5617405867149337,-0.1595234448356287,-0.5190884519678178,1.8443772675506553,1.6988130446746637,2.366807483229356,-0.058871045396144066,-0.6587638259116185,-0.009230612643073899,5.266752014079084
2026-09-05 19:00:00,26.54087832484535,26.78791064231413,26.898898622601433,26.373947985343246,27.42384925985962,0.029659619524413088,-0.01821045077991832,-0.2861446718866269,0.24972377032679025,-0.6133975480649987,-0.0927775295073836,1016.026210589974,1016.4213351457382,1015.9943780538706,0.2326157342267751,0.27973767673071487,0.14721941513687398,50.743232169321935,48.03420369901644,47.368806410878385,-1.604571656347903,-0.1595234448356287,0.8249207329736805,3.048330089844251,3.138764251263872,3.643034943332942,-0.06709972144612385,-0.6587638259116185,0.1544931338425486,10.228624831735814
2026-09-05 19:05:00,25.89271634960629,25.57324793039456,25.75854607201763,25.233430805092574,26.283661338942686,0.023831096217045045,-0.01821045077991832,-0.28646707947725103,0.25004617791741435,-1.1046983080841066,-0.16708769084315023,1016.1599440470196,1016.5870334854877,1016.2536181664594,0.22864344221627814,0.27973767673071487,0.05367764229754357,51.2842247062554,49.40686094500709,49.24178406553119,-1.6912843704999188,-0.1595234448356287,0.3246003243115254,2.749027910776201,3.0241970656607773,3.7520644523860742,-0.037404626368667204,-0.6587638259116185,-0.0691035608136783,4.497242009581996
2026-09-05 19:10:00,26.767987179388843,26.670593991231375,26.401192212795,25.875912367800186,26.926472057789812,0.006972920140161133,-0.01821045077991832,-0.28678910004314373,0.25036819848330705,1.9015448797948586,0.28761222921629326,1015.9927766585853,1016.095024113216,1015.9585501490925,0.23409989497327943,0.27973767673071487,-0.14326371260722226,49.769607002694215,48.23838845685993,48.85728748791146,-1.7276333004961701,-0.1595234448356287,-0.4593755862158986,4.4667606815098395,4.099567627432936,4.712343045696439,-0.02273086648539042,-0.6587638259116185,0.045988407648115626,12.424153773548484
2026-09-05 19:15:00,25.479052346536072,25.30946194857768,25.543228758751415,25.01778438723548,26.06867313026735,0.01264361404657938,-0.01821045077991833,-0.2871107349747451,0.2506898334149084,-1.4251483416731965,-0.21555635939381546,1015.7580337557887,1015.9635073793585,1015.7144845535321,0.2333059037587222,0.27973767673071487,-0.03071485090435999,52.24471293536268,50.1837695570401,50.077398209144334,-1.6886853636497183,-0.1595234448356287,0.2658947927313946,6.144019441362815,6.664948799454779,7.255841424089662,-0.030696992181670206,-0.6587638259116185,0.06787120127673507,6.040935063108281
2026-09-05 19:20:00,25.83362411791833,26.128093557983387,25.95830849765851,25.432699651121684,26.483917344195337,0.049541693822020075,-0.01821045077991833,-0.2874319856541899,0.25101108409435324,1.2429301164968898,0.18799551110479484,1015.9313555947218,1016.1702612958735,1015.8038479044252,0.23641255394727467,0.27973767673071487,0.08667571471755764,51.451731468273366,49.31716549610561,49.774234960536496,-1.7027845336463365,-0.1595234448356287,-0.2975460195952593,3.255167123607765,3.706377301822364,4.609739699271518,-0.0304968541316541,-0.6587638259116185,-0.24459857153753584,13.567597942859443
2026-09-05 19:25:00,25.47120603446612,25.455774583095273,25.581250109470894,25.055476839365067,26.10702337957672,0.06126415241392955,-0.01821045077991833,-0.2877528534553761,0.2513319518955394,-0.7091817890901382,-0.10726507559570209,1016.1668786264628,1016.5230990219443,1016.1434808283769,0.22362292141108958,0.27973767673071487,0.09988051683660615,52.2082157229545,50.61342857261164,50.583150550562834,-1.7087110436453632,-0.1595234448356287,0.18980146688443256,0.6429630156725088,0.35740553407987574,1.034000266815085,-0.022960411315319465,-0.6587638259116185,-0.017830906823590675,2.5594494659643052
2026-09-05 19:30:00,25.686226397079572,25.903607581920806,25.82969184686966,25.303754204598473,26.35562948914085,0.048299873484821516,-0.01821045077991833,-0.288073339744034,0.2516524381841973,0.6090911969892048,0.09212618583106291,1016.07192174696,1016.5440844271934,1016.2888333113356,0.23076117389185652,0.27973767673071487,-0.024486560872901464,52.79603175805254,50.708578857083516,50.929531616526916,-1.6857666411052674,-0.1595234448356287,-0.061429314607771346,4.950499155035111,4.957215886770751,5.25692716409076,-0.015123806573052389,-0.6587638259116185,0.3590525485916096,19.378991523085702
2026-09-05 19:35:00,25.60359582977047,25.776101400535392,25.823141178061192,25.297039214980103,26.34924314114228,0.06533418226719366,-0.01821045077991833,-0.28839344587779386,0.2519725443179572,-0.19060475561466816,-0.0288293267458819,1015.8507241766752,1015.821302948927,1015.7478224892513,0.22340263118214457,0.27973767673071487,-0.20625721705505384,50.38313513817706,49.00870756955213,49.5915026472344,-1.6225682303711981,-0.1595234448356287,-0.4232716328466424,5.537342868183143,6.039884987444148,6.855218467460638,-0.010700443973290417,-0.6587638259116185,-0.15656965410487178,9.247695191327008
2026-09-05 19:40:00,24.80475805586579,24.692880657711232,24.882712084866046,24.35644585228241,25.408978317449684,0.06058398907817992,-0.01821045077991833,-0.2887131732062529,0.2522922716464162,-1.1346700722021694,-0.17162097637489637,1015.9793204283067,1016.151100515767,1015.773065087979,0.21950719508936928,0.27973767673071487,0.09829775105720273,53.13275384864679,52.447948258592774,51.85058059148957,-1.5761930674481008,-0.15952344483562866,0.7568911119388346,10.329130330686121,10.700827053085737,11.217146149074136,0.001821146396370682,-0.6587638259116185,0.14244472992321988,10.031707810633407
2026-09-05 19:45:00,24.303141053788295,24.26695067559263,24.25956550757777,23.733135056750907,24.78599595840463,0.0812012637995933,-0.01821045077991833,-0.289032523071042,0.2526116215112053,0.16922513342708356,0.02559561879477812,1015.7595736503536,1015.9420311218438,1015.6686067985288,0.2223599758242411,0.27973767673071487,-0.006313353415748679,58.26054426652844,57.19194384978742,56.558974324506856,-1.6102247925816675,-0.15952344483562866,0.7924929701161929,5.325354144419949,5.224922692335607,6.322151702125325,0.0005914569300269868,-0.6587638259116185,-0.4384651838780993,30.732850772945234
2026-09-05 19:50:00,24.600718971550176,24.95278391954518,24.76522010888282,24.238625491024095,25.291814726741542,0.09330140983205874,-0.01821045077991833,-0.289351496805891,0.2529305952460543,1.3604741158098506,0.20577426144227928,1015.5382081857935,1015.5517046220431,1015.3390622181183,0.2235969144826113,0.27973767673071487,-0.06709527280600014,55.134598100316495,54.161194015466684,55.503286325520705,-1.6782147625819768,-0.15952344483562866,-1.1825688652183928,4.4665917344674675,4.707817959082096,5.151594480607937,-0.003075719755733345,-0.6587638259116185,0.21498730438577773,18.7622464899315
2026-09-05 19:55:00,23.957619453580126,23.851677210193223,24.05029732560192,23.523538591874825,24.577056059329017,0.04915428634998275,-0.01821045077991833,-0.28967009573669383,0.25324919417685715,-1.1927763815021102,-0.1804096646287796,1015.6355723013887,1015.7866904732039,1015.4118859434548,0.2238846747107984,0.27973767673071487,0.09506685301835205,56.240274781676376,55.51338124736828,55.6870079118069,-1.595628263513473,-0.15952344483562866,-0.014103219602993988,5.120747067555429,6.0133621954361915,6.5750549516289745,-0.0065443596349794506,-0.6587638259116185,0.09707106971883572,5.795790521796487
2026-09-05 20:00:00,24.84587311232341,24.904939726218164,24.710606521468538,24.183683722988746,25.23752931994833,0.03409309185565734,-0.01821045077991834,-0.289988321181573,0.25356741962173635,1.4052298854133447,0.21254365552954368,1015.9902618565064,1016.2693043510061,1015.8529172677759,0.21487715284707734,0.27973767673071487,0.13664940649948676,53.31636846927671,52.02641744026628,52.9060092360112,-1.5162135571053923,-0.15952344483562864,-0.720068350909294,8.919009284279563,8.952596651519668,9.550107933721973,0.0020393726847418216,-0.6587638259116185,0.061252543709313656,10.059654528911132
2026-09-05 20:05:00,23.90686567500359,23.79861628793649,24.01935735076775,23.49227053860321,24.546444162932286,0.04825887019818819,-0.01821045077991834,-0.290306174450943,0.2538852728911063,-1.3390287659093936,-0.2025306120513406,1015.6973656633583,1015.8668463878449,1015.7120271302454,0.21128255991268705,0.27973767673071487,-0.12491841913117696,56.384494980738424,54.74796447867357,54.13059835633742,-1.5096176812303674,-0.15952344483562864,0.7768895671717786,7.3016756801409155,7.117572387796678,7.990273311594445,0.005691183087768283,-0.6587638259116185,-0.21393709788614768,15.71041017395687
2026-09-05 20:10:00,23.51786056451038,23.50560385640757,23.525209225457115,22.997958450628122,24.052460000286107,0.050533729280363454,-0.01821045077991834,-0.29062365684757324,0.25420275528773656,-0.009222485777357292,-0.0013949182696251228,1015.6855573614895,1015.6651729492012,1015.4578410820383,0.21130876300273146,0.27973767673071487,-0.07240580956784015,56.60463290591913,54.43274567938685,54.57482156846074,-1.5540847698257312,-0.15952344483562864,0.01744755576173418,3.434980488112792,3.4953104634848824,4.233081101290651,0.008604019744670847,-0.6587638259116185,-0.07900681189414982,1.476716095943929
2026-09-05 20:15:00,23.549686822360833,23.575631823631586,23.508934048461967,22.981519361941224,24.03634873498271,0.0351773900647457,-0.01821045077991834,-0.2909407696666505,0.2545198681068138,0.5613697398986055,0.08490822594953684,1015.6615663105598,1016.287486455466,1015.8452005443824,0.19480774020472644,0.27973767673071487,0.16254823435292565,58.147887802933234,56.31457343088521,56.18721900630635,-1.5203718411394433,-0.15952344483562864,0.28687786941448934,2.862276709149509,2.952798700035947,3.4665670612237327,0.016556362237242668,-0.6587638259116185,0.14499546472383296,7.130063494102236
2026-09-05 20:20:00,22.748961054997437,22.618061300270277,22.752807322694487,22.22522877540719,23.280385869981785,0.02567354733233851,-0.01821045077991834,-0.2912575141958405,0.2548366126360038,-0.7704735649732157,-0.11653557164429174,1015.9774270243591,1016.2066110487488,1015.9554312122557,0.1892573446089659,0.27973767673071487,-0.028557840237681376,60.82183209903852,58.87873240274711,58.73595276485149,-1.5241512701498847,-0.15952344483562864,0.3023030827312496,3.0358324869563935,2.874517303415068,3.510815379700306,-0.003954161841295881,-0.6587638259116185,0.022465749626380926,2.069126874298009
2026-09-05 20:25:00,22.71141754980876,22.51640815704298,22.471089396421437,21.94334703924535,22.998831753597525,-0.0029200019690022,-0.01821045077991834,-0.29157389171534887,0.2551529901555122,0.4200226359881505,0.0635292114014625,1015.9216612875244,1016.1323249101978,1015.9074131961387,0.19390950315736005,0.27973767673071487,-0.05482596267165718,60.09702328244538,59.15425553428349,59.632756628161125,-1.528105609458616,-0.15952344483562864,-0.31897764904200443,4.608293028893097,4.739927075634818,5.320109820924209,-0.0008534736025443772,-0.6587638259116185,0.0785810806222278,2.1658844957804506
2026-09-05 20:30:00,23.392818259251722,23.44582732532531,23.261519423115637,22.733613306881153,23.78942553935012,-0.00424560128189814,-0.01821045077991834,-0.2918899034979816,0.2554690019381449,1.3389477152664568,0.20251835298959264,1015.9971493373067,1016.0110406467579,1015.7735321010331,0.17858026391121595,0.27973767673071487,-0.04222913100591086,59.01104323783448,57.7916697315599,58.52106124337206,-1.4967995499499365,-0.15952344483562864,-0.5698680669765324,6.420578121650522,6.045590019018465,6.730576526873543,0.0013322152861927803,-0.6587638259116185,-0.02622268194345967,6.3042608524626935
2026-09-05 20:35:00,22.462905470338924,22.32287273318903,22.568860954364403,22.04079112985464,23.096930778874167,0.028914744608338323,-0.01821045077991834,-0.29220555080920463,0.25578464924936795,-1.5059500571543616,-0.22777777039545555,1015.6275505248979,1015.8591156929239,1015.6032933417416,0.19245924373034684,0.27973767673071487,-0.023915325548500732,61.628243833882806,60.700553690244874,60.310271601007955,-1.485096433809371,-0.15952344483562866,0.5498055340725472,4.600336284455645,4.418696420452242,5.209114651991874,0.01802029609919983,-0.6587638259116185,-0.131654405628014,9.57864137930043
2026-09-05 20:40:00,22.1204130146514,21.99927024898099,22.03097183588522,21.502738353836065,22.559205317934378,0.040988745469323205,-0.01821045077991834,-0.29252083490720326,0.2560999333473666,-0.08919648823593107,-0.013491136124311964,1015.683241227369,1015.8663037626443,1015.5580178824938,0.20769460288154495,0.27973767673071487,0.028548203419745732,65.76588787014879,63.31101842957378,63.08631964632889,-1.5265999556948942,-0.15952344483562866,0.3842222280805174,1.4572823575027665,1.6874902066257689,2.3922698823202526,0.0027344162765631595,-0.6587638259116185,-0.046015849782865104,1.1708377641749965
2026-09-05 20:45:00,22.56793898668092,22.453973358427678,22.326157653124582,21.79776056422479,22.854554742024373,0.07384500048714955,-0.01821045077991834,-0.2928357570429403,0.2564148554831036,0.965450218067609,0.14602615608301406,1015.3992108152303,1015.308685099293,1015.130443279659,0.19275279597002393,0.27973767673071487,-0.10149585709666553,60.67214633599177,60.279579999961875,61.41241208917303,-1.5379659234227632,-0.15952344483562866,-0.9733086443755283,6.236709872567278,5.728554899704934,6.084488917554495,0.01830628260033074,-0.6587638259116185,0.3028298080620573,21.35708714058375
2026-09-05 20:50:00,22.6423284780628,22.71382782563054,22.692947238364788,22.16438659325604,23.221507883473535,0.08708095683399926,-0.01821045077991834,-0.2931503184602142,0.25672941690037754,0.2584499395041533,0.039091038045668824,1015.8362798009274,1015.8847857164918,1015.4276583553278,0.2090442315666256,0.27973767673071487,0.1773896844332512,62.2362366718773,60.37982680375227,60.591363985692134,-1.5148255709196161,-0.15952344483562866,-0.052013737104232405,7.042885095217104,7.332895746705114,8.099154430200912,0.0190603738895774,-0.6587638259116185,-0.10749485758417876,5.331310990704025
2026-09-05 20:55:00,22.27114737335328,22.56238084721754,22.64708035829711,22.118356207574095,23.175804509020125,0.10249314698428963,-0.01821045077991834,-0.2934645203957164,0.25704361883587973,-0.43959164225973524,-0.06648906029965218,1015.4277307739404,1015.7542909290936,1015.4870381155596,0.20732125250208,0.27973767673071487,-0.012484863196732476,63.435827914410574,61.058847857615405,60.94768897543769,-1.4969667431354405,-0.15952344483562866,0.27068232701333983,3.2154230876246466,2.6357789471091135,3.5828403826333046,0.023950269196177848,-0.6587638259116185,-0.28829760961257245,12.720994730211853
2026-09-05 21:00:00,22.198336119078363,22.63174617364128,22.652759799202894,22.12387219341337,23.181647404992418,0.13210432730046498,-0.01821045077991834,-0.29377836407908786,0.2573574625192512,-0.018533157188180382,-0.0028031747816967822,1015.623600198758,1016.1275462734701,1015.7832749120764,0.21234342721196467,0.27973767673071487,0.06453368466293341,61.58313434855925,59.743963973668905,60.118222302982026,-1.487796163032894,-0.15952344483562866,-0.2147348844774939,5.744850476448761,5.266162559858138,5.5966132755810865,0.04070945707227161,-0.6587638259116185,0.32831311018867027,16.08203522248077
2026-09-05 21:05:00,21.314462800305648,21.307042459297488,21.52732884825613,20.998277837901007,22.05637985861125,0.1377632761905984,-0.01821045077991834,-0.29409185073297534,0.25767094917313865,-1.3360226949338703,-0.20207593817872294,1015.4146050007016,1015.6760634260445,1015.5336901537099,0.2063836145864257,0.27973767673071487,-0.13736440439618036,65.79866949213759,66.33055592658137,65.13456664116588,-1.4551263596262387,-0.15952344483562866,1.355512730251121,4.1016786120457995,3.9983020588813614,4.818199844259773,0.04631706975232734,-0.6587638259116185,-0.1611339594667931,19.569375665478503
2026-09-05 21:10:00,20.86671372164522,21.431730746679456,21.322348935310583,20.793134570843996,21.85156329977717,0.1349548663679952,-0.01821045077991834,-0.29440498157308703,0.25798408001325035,0.8435747445495991,0.1275922621487915,1015.4788195017984,1015.8617421460556,1015.5489942753308,0.21746015251314685,0.27973767673071487,0.033010193994073234,66.19863089474617,64.42067094735307,65.3747705349386,-1.4677864541998429,-0.15952344483562866,-0.7945761427499036,8.156522127954371,8.292902033447131,8.720920810907916,0.05032075264695295,-0.6587638259116185,0.23074504845083332,12.685047730857569
2026-09-05 21:15:00,21.855302025383068,21.804805782359033,21.696758701491227,21.167381033320595,22.22613636966186,0.15044472911732537,-0.01821045077991834,-0.2947177578082473,0.25829685624841064,0.8347501894980738,0.1262575316477239,1015.4292444013263,1015.6282143857782,1015.3887633366223,0.22233328073933084,0.27973767673071487,-0.040286627574914746,63.93767804470641,62.21606785546249,63.17566017448229,-1.4615330120671755,-0.1595234448356287,-0.8000688741841699,7.512658629581302,7.962981375024494,8.81936732846808,0.05274366450497614,-0.6587638259116185,-0.19762212753196629,10.729110338950957
2026-09-05 21:20:00,20.94618014883423,21.33514218617396,21.442600830681677,20.913059909167792,21.97214175219556,0.17225233267415363,-0.01821045077991834,-0.2950301806404516,0.25860927908061493,-0.5900633859570981,-0.0892481937277978,1015.4509746561021,1015.6505561736601,1015.3488182860441,0.21256344166015959,0.27973767673071487,0.022000210885266824,69.45570383257866,67.72234180750154,66.70895806415488,-1.5796782805733915,-0.1595234448356287,1.172907188182279,4.748352172752256,4.813547884855167,5.604108307564463,0.04790888315503237,-0.6587638259116185,-0.13179659679767752,10.444513857944147
2026-09-05 21:25:00,20.796634281177376,20.817347853407757,20.902591557041372,20.37288743249846,21.432295681584286,0.1650528630334705,-0.01821045077991834,-0.29534225126491975,0.25892134970508307,-0.4431895649474704,-0.06703325285369743,1015.4481510722893,1015.8103789440928,1015.4754794550804,0.19858101766057612,0.27973767673071487,0.05516181228165351,68.70058146666324,66.98626912256017,67.49787812120684,-1.59541603735789,-0.1595234448356287,-0.3520855538110368,5.964524727774555,5.938182637411686,6.399867760585951,0.04762399190992844,-0.6587638259116185,0.19707870273735395,6.993426595173102
2026-09-05 21:30:00,21.251270754539412,21.23131542736378,21.12563294783743,20.595765670533222,21.65550022514164,0.15422932679837006,-0.01821045077991834,-0.29565397087014966,0.259233069310313,0.8191166554656206,0.12389293030626547,1015.4330882156194,1015.8635621974344,1015.5743545359857,0.18105738843806546,0.27973767673071487,0.009469984717952684,66.54578460845536,64.35192432025661,65.32131809885611,-1.5686794355577425,-0.1595234448356287,-0.8098703337638682,8.06190952590611,8.276252764550252,8.877899100901132,0.040468864248700956,-0.6587638259116185,0.05711748956073848,5.469688430301214
2026-09-05 21:35:00,20.766898587189985,20.77425952311794,20.857636015346383,20.327605635502195,21.38766639519057,0.15631216728483327,-0.018210450779918345,-0.2959653406379703,0.2595444390781336,-0.43084451864440254,-0.06516604144852423,1015.6259883173769,1016.004465511152,1015.7108448035677,0.18331268975525852,0.27973767673071487,0.013883030853548917,67.32705071801216,65.85927794267022,65.63246925163845,-1.5823432419068424,-0.1595234448356287,0.38633213586739146,4.550789473983923,4.3295430230979886,5.272750933231484,0.040023195254446135,-0.6587638259116185,-0.28444408422187717,12.78222033017382
2026-09-05 21:40:00,20.552640031611418,20.710935141970403,20.718018160142876,20.187824727933673,21.248211592352078,0.1687846502888082,-0.018210450779918345,-0.2962763617435936,0.25985546018375694,0.07356889016021384,0.011127432607445087,1015.3201753873104,1015.3504032726993,1015.2414680349402,0.19018234669661535,0.27973767673071487,-0.17080243897169112,67.24093087296788,66.5027455989096,66.43991646175161,-1.5986612006169414,-0.1595234448356287,0.22235258199361851,3.37157640812311,3.430064844210927,3.955246993992836,0.01666388828389517,-0.6587638259116185,0.13358167612970995,6.064641742420226
2026-09-05 21:45:00,21.06370530474784,21.360455754973295,21.255921514817928,20.725565080372398,21.786277949263457,0.18075601601873165,-0.018210450779918345,-0.2965870353556664,0.2601661337958297,0.8115250843331232,0.12274469093528495,1015.5030670263545,1015.6910171276492,1015.3099435174215,0.19799393484196864,0.27973767673071487,0.10133593349689818,66.09870286399044,64.71502226244434,65.28880880436712,-1.63511205392906,-0.1595234448356287,-0.4142630970871579,6.510168345047926,6.171288751620889,6.659346730322149,0.020954283959570656,-0.6587638259116185,0.17070584721035864,7.778077885026242
2026-09-05 21:50:00,19.769333111020813,20.062700220617696,20.32120697411312,19.790687587513748,20.851726360712494,0.15939350201591765,-0.018210450779918345,-0.29689736263632144,0.26047646107648476,-1.5887161867469821,-0.24029630271550673,1015.6358341608175,1015.8740410251957,1015.5209321209247,0.1965781617066801,0.27973767673071487,0.07337122754017855,73.30904632996143,70.8201198431579,69.7366766805764,-1.5999942476835398,-0.1595234448356287,1.2429666074171308,2.7419930204820937,2.786507086966452,3.72102036027261,0.0197369114217344,-0.6587638259116185,-0.27574944739453944,25.496960236163435
2026-09-05 21:55:00,20.22860377199207,20.22787436194436,20.15284545455951,19.622163165842643,20.68352774327638,0.18806759302186749,-0.018210450779918345,-0.2972073447412286,0.26078644318139194,0.6164509228160568,0.09323935816476592,1015.3582994834196,1015.5020419931323,1015.3185587417352,0.18269420423870775,0.27973767673071487,-0.09625442533365458,67.60525079770355,65.74897604064697,67.25356517515121,-1.5807980331096199,-0.1595234448356287,-1.3450656896686155,3.8574228030663553,3.8348467793666012,4.304378886609548,0.016374874055066758,-0.6587638259116185,0.1892317186686716,16.358693119746906
2026-09-05 22:00:00,19.7127654241497,19.69328368572836,19.738514749924846,19.207669609080764,20.26935989076893,0.17845011908091474,-0.018210450779918345,-0.29751698281964456,0.2610960812598079,-0.17864646865398015,-0.027020613416567585,1015.3086264730285,1015.5413144112033,1015.252656951265,0.17450930666242234,0.27973767673071487,0.00891978320760245,70.7853810772391,68.79225063497198,68.42534211816555,-1.551908522185812,-0.1595234448356287,0.5264319616420607,7.793486422643575,7.570778501103218,8.101475948145373,0.01857245489446819,-0.6587638259116185,0.12806637886946426,3.850412997750407
2026-09-05 22:05:00,19.631727660584186,19.622874066039063,19.597288034529708,19.066280091502698,20.128295977556718,0.17447414412758605,-0.018210450779918345,-0.2978262780144628,0.26140537645462614,0.28955992892626625,0.0437964822892738,1015.3615822530245,1015.6730062651048,1015.3447485059299,0.18833749032996544,0.27973767673071487,0.04852008244415629,73.10213711868845,71.53216268242195,71.17166167539801,-1.6123260108543382,-0.1595234448356287,0.5200244518595696,6.244100860753384,6.297849867379519,7.185476277273786,0.004236815664813782,-0.6587638259116185,-0.22886258398264836,9.328581634807177
2026-09-05 22:10:00,19.971918897894245,20.110582346144913,20.020338166221073,19.489167470909507,20.55150886153264,0.16093432872776875,-0.018210450779918345,-0.29813523146226273,0.26171432990242605,0.7170465187336639,0.10845463070375772,1015.5516943685349,1015.8846377788828,1015.5552577728974,0.18252194755476447,0.27973767673071487,0.049642329254652395,68.96228092796288,68.4087005028441,69.49822659008846,-1.6179417623686354,-0.1595234448356287,-0.9300026424087378,3.9554046690651044,4.026499080644024,4.7325075358256115,0.023529515631026607,-0.6587638259116185,-0.04724462926996864,6.281956084892857
2026-09-05 22:15:00,19.401887956012647,19.561266096441297,19.69354662732859,19.162213229584975,20.224880025072206,0.20140926126682507,-0.018210450779918345,-0.29844384429335846,0.2620229427335218,-0.7541729965969033,-0.11407008010737485,1015.3810734390557,1015.8181969210119,1015.5772282425604,0.1842429591229422,0.27973767673071487,-0.038768998279238076,71.99228952147865,70.24543763702206,70.10147168910119,-1.6277456476398857,-0.1595234448356287,0.30348939275650366,2.7042227571635493,3.0793608018814402,3.6696632043635553,0.02250184101615061,-0.6587638259116185,0.06846142342950357,2.686047362703885
2026-09-05 22:20:00,19.254345732408762,19.26935096131595,19.316997200207986,18.785501149839053,19.84849325057692,0.20504032132114458,-0.018210450779918345,-0.2987521176318471,0.26233121607201043,-0.19461436782380304,-0.029435788112117223,1015.2480654856564,1015.3699844732677,1015.2139565208721,0.17133515332004354,0.27973767673071487,-0.12370972433518546,73.19778651483375,71.48969696236661,71.40060836034289,-1.637565657370835,-0.1595234448356287,0.2486120468593498,3.6483182445601603,3.1876716203277526,3.798762548571256,0.021043396686428715,-0.6587638259116185,0.04767289766811533,2.4391947477794678
2026-09-05 22:25:00,19.310424573055737,19.55662100697931,19.48338466899555,18.95172601576232,20.015043322228784,0.1922756951109211,-0.018210450779918345,-0.2990600525956564,0.2626391510358197,0.6045993712474456,0.09144678876367607,1015.3746123011648,1015.3453814763044,1015.0478772169691,0.17537414986555194,0.27973767673071487,0.017766582604508585,70.85807025408073,70.62105948773531,71.10095710082417,-1.6591266214009635,-0.1595234448356287,-0.32037416825323817,3.179649763433635,3.1682245257096215,3.8360202723054453,0.011389434585099492,-0.6587638259116185,-0.009031920684205108,1.4588790667179126
2026-09-05 22:30:00,18.58002370565909,19.237772015686513,19.301548626902516,18.769727420520358,19.833369833284674,0.2052345483603578,-0.018210450779918345,-0.2993676502965919,0.2629467487367552,-0.30126013523571515,-0.04556616043608486,1015.1093899989031,1015.3330071231308,1015.0104321217713,0.169881935125403,0.27973767673071487,0.04283732462874923,75.16254448775014,74.19226901017421,73.72928938138355,-1.6712402709132639,-0.1595234448356287,0.6225030736262909,2.4205818931608025,2.204132071659351,2.9062789352982903,0.011628898409592104,-0.6587638259116185,-0.04338303772732077,2.684024185034573
2026-09-05 22:35:00,18.237159974702028,18.352988467385007,18.491386583422635,17.959402873561352,19.023370293283918,0.2167715850500083,-0.018210450779918345,-0.29967491184038436,0.2632540102805477,-0.7946193390595582,-0.12018766525770985,1015.3479905548616,1015.81300469723,1015.3970420986415,0.18244248769071217,0.27973767673071487,0.13622492185777446,78.48552706928251,77.30328939144921,77.114803301168,-1.641502703518531,-0.1595234448356287,0.3480095351168444,6.413989115573674,6.700416230338887,7.1192095474595805,0.02549849731232491,-0.6587638259116185,0.2399705087909254,12.43533393260873
2026-09-05 22:40:00,18.00408105503777,18.13133437049337,18.097104348392527,17.564958184676417,18.629250512108637,0.21395567969631002,-0.018210450779918345,-0.2999818383267354,0.26356093676689873,0.3467095713285566,0.052440472880761035,1015.2764133408699,1015.396592142042,1015.2328952282185,0.19172518016519394,0.27973767673071487,-0.11604076290723242,76.31603930812308,76.1740920994788,77.07013176035372,-1.708452500885705,-0.1595234448356287,-0.7365162160392913,2.964115980180918,3.226147259145203,4.234339537663274,0.03585765940664525,-0.6587638259116185,-0.3494284526064524,22.00124078853011
2026-09-05 22:45:00,17.48700966487157,17.825506759324504,17.814380929551348,17.282072361559273,18.346689497543423,0.22656478038806077,-0.018210450779918345,-0.300288430849364,0.26386752928952734,0.19395647476440203,0.0293362805530748,1015.1365056272826,1015.4253093826485,1015.156903460749,0.18577670880629515,0.27973767673071487,-0.011331754831303442,79.38116442296142,78.12676624279199,78.19822215382406,-1.646247184004639,-0.1595234448356287,0.08806753380355303,4.279562236280869,4.476328226719506,4.93545794011029,0.044402036918050815,-0.6587638259116185,0.19963411252083496,5.831802773980662
2026-09-05 22:50:00,18.950033065165908,19.052455207794146,18.833398085607154,18.30092716287261,19.365869008341697,0.2141854009755978,-0.018210450779918345,-0.30059469049605153,0.26417378893621485,1.5686917755408842,0.23726757296691048,1015.022602277427,1015.311220886776,1015.045360257051,0.18425674047812318,0.27973767673071487,-0.013877047005735221,73.32332269634557,70.10478823813483,72.00896127395404,-1.629312744628713,-0.15952344483562864,-1.7446495909835846,3.8402899315408083,3.679005980554693,4.41397963779669,0.04986602643472353,-0.6587638259116185,-0.07620983133037784,22.446771812587592
2026-09-05 22:55:00,17.542777599159567,17.883362122354562,18.160329109125605,17.627695881136802,18.69296233711441,0.20679162685135902,-0.01821045077991833,-0.30090061834868714,0.26447971678885046,-1.710765802511645,-0.25875653599112525,1014.979202863831,1015.1855625165304,1014.9155199223846,0.17764334559763564,0.27973767673071487,-0.009695082585039927,82.44679028292114,81.48212852824861,78.93529804535218,-1.6307943609768205,-0.15952344483562864,2.706353927732053,11.029785624360468,11.341707400401594,11.63794832411929,0.046280601159097434,-0.6587638259116185,0.36252290219392336,63.48365331236623
2026-09-05 23:00:00,17.754644301073316,17.78757413675038,17.79720797207969,17.264412488279596,18.330003455879783,0.17663837703286808,-0.01821045077991833,-0.3012062154833121,0.26478531392347543,0.0567041924486702,0.008576615450607505,1015.1542906357549,1015.3159394911506,1014.9823920483733,0.16061014723909553,0.27973767673071487,0.05380976604658372,79.67969110938816,76.80702917783947,78.11956470056208,-1.5990551658537682,-0.15952344483562864,-1.1530120778869843,3.873845228167197,3.4465849190329276,4.786802908540878,0.031778969488730414,-0.6587638259116185,-0.6814541635963316,73.42288211233507
2026-09-05 23:05:00,17.59413931065461,18.117342342939644,18.028142163331957,17.495184473118396,18.561099853545517,0.15677911076957465,-0.01821045077991833,-0.30151148297016395,0.26509058141032726,0.71014412288946,0.10741063038760501,1015.2182765623841,1015.2300830196104,1014.9592887088222,0.15032083808452892,0.27973767673071487,-0.008943365942513992,79.48118741840099,78.19292233133228,78.39462100664228,-1.6498693819346635,-0.15952344483562864,-0.04217523047437055,1.5879917199503084,1.0971670906425413,1.5226480552390207,0.029768581770064063,-0.6587638259116185,0.2332828613151391,9.00361445601273
2026-09-05 23:10:00,17.692238987970516,17.945087555343612,17.991596620323744,17.45847677304944,18.524716467598047,0.18389357285463495,-0.01821045077991833,-0.3018164218737206,0.2653955203138839,-0.1870959558442138,-0.028298614200213734,1014.8961472020458,1014.7065973371999,1014.5433113770496,0.15269944601717877,0.27973767673071487,-0.11645171658039999,80.13097536518907,77.08684659227073,77.53235117964792,-1.673133913614949,-0.15952344483562864,-0.2859811425415586,1.6873370492042081,1.3319856163583583,1.8498433290611889,0.027409867124727292,-0.6587638259116185,0.1409061132087881,4.8493306692604286
2026-09-05 23:15:00,17.76273308649962,17.847243498954747,17.883336580378312,17.350054625350978,18.416618535405647,0.20851500227046968,-0.01821045077991833,-0.3021210332527431,0.2657001316929064,-0.11823080273863695,-0.0178826306436477,1015.0162255364753,1015.0060504904716,1014.6206175868463,0.15660255999593375,0.27973767673071487,0.1056952268945679,76.33921759443024,74.28836171236169,74.94139599058381,-1.6773715537486185,-0.15952344483562864,-0.4935108333864946,5.198702166432965,5.226557534856333,5.736525812573766,0.0378978115214397,-0.6587638259116185,0.14879554819418583,5.6895439689944665
2026-09-05 23:20:00,17.650595786256034,17.742359278362382,17.765500718102704,17.232056704585094,18.298944731620313,0.2095018320002041,-0.01821045077991833,-0.30242531816031876,0.2660044166004821,-0.03260117567160137,-0.004930988960403226,1014.5880097405368,1014.6878492530091,1014.4471034160495,0.15838513483904543,0.27973767673071487,-0.03899183977114262,81.53841617591812,79.61781161144673,78.43746126814438,-1.6295769407834921,-0.15952344483562864,1.3398737881379787,5.260199757638732,5.503740793881258,6.328490784852729,0.040991715946037906,-0.6587638259116185,-0.1659861650598522,13.328667865906864
2026-09-05 23:25:00,16.946004623804853,17.0776904769713,17.18011090864162,16.64650488585161,17.71371693143163,0.23444580370805168,-0.018210450779918327,-0.3027292776439039,0.2663083760840672,-0.5567533008804944,-0.0842099808904031,1014.76480531521,1015.0841830565149,1014.6949637258183,0.1547643381915418,0.27973767673071487,0.10948165396587228,83.54867023724329,81.30137063033496,81.26672752100038,-1.6312043211229217,-0.15952344483562864,0.19416655417020934,4.051338191060005,3.2156432800822206,3.9917682050005316,0.05711483122507339,-0.6587638259116185,-0.11736109900669245,4.245053686032877
2026-09-05 23:30:00,16.988130476974742,17.49472509663344,17.386941615158758,16.8531736322694,17.920709598048116,0.23204468640892711,-0.018210450779918327,-0.30303291274536553,0.26661201118552885,0.8330074052024443,0.12599393225460176,1014.7970811454776,1014.9475730735851,1014.7025699967099,0.16596113746019364,0.27973767673071487,-0.03473459985559657,82.50240050823221,80.60786650284781,81.37366744472432,-1.6154524076314416,-0.15952344483562864,-0.6062774970408782,4.13546864731771,4.601381213507101,5.090875996460956,0.06908971662545513,-0.6587638259116185,0.16926904295776346,7.7908504083934975
2026-09-05 23:35:00,17.04672098576056,17.021364316110713,17.104115731504514,16.570185837644118,17.63804562536491,0.2283935318704085,-0.018210450779918327,-0.30333622450102304,0.26691532294118636,-0.42671183048428674,-0.06454096461388303,1014.6123113699908,1014.701181152468,1014.4947612848323,0.1667236403149249,0.27973767673071487,-0.07331780909498775,83.94864036337451,83.13860206717374,83.07391338542597,-1.6360876724892062,-0.15952344483562864,0.22421212658339584,1.2950304131378063,1.3988888325217508,2.255038934982336,0.06452476053041417,-0.6587638259116185,-0.19738627654896646,6.857333179685647
2026-09-05 23:40:00,16.71593916727414,16.81159202477963,16.83839244983503,16.304300694087225,17.372484205582836,0.22924119159739184,-0.018210450779918327,-0.30363921394168975,0.26721831238185306,-0.056792514162616214,-0.008589974275480472,1014.5530719678109,1014.59458683777,1014.3266393506165,0.17516268625207626,0.27973767673071487,-0.01179018957725475,82.92298994314562,80.73277941334264,81.5998263499481,-1.619048200075344,-0.15952344483562864,-0.7075234917698339,4.688891655720342,4.265133420007625,4.663677257530976,0.04657346856421549,-0.6587638259116185,0.26021998838826743,12.257649726689356
2026-09-05 23:45:00,17.343146259387474,17.458181515669928,17.341016831454105,16.806763262857906,17.875270400050304,0.22736736766753837,-0.018210450779918327,-0.30394188209271356,0.2675209805328769,0.8950311170847343,0.1353751349957406,1014.5359076796962,1014.7883059386382,1014.4329483019678,0.15387738466564604,0.27973767673071487,0.0756199599396723,82.69612732900634,81.57189521829353,81.57005203715127,-1.560344814321238,-0.15952344483562864,0.16136662597789098,4.610402163668037,4.701115475658542,5.460070121796511,0.0604292209036303,-0.6587638259116185,-0.1001908202263504,4.142075536719238
2026-09-05 23:50:00,16.784503767462,17.00550559692475,17.127013086920176,16.592597754470052,17.6614284193703,0.22413942281413568,-0.018210450779918327,-0.30424422997401734,0.26782332841418066,-0.6829471631072543,-0.10329703921550859,1014.6201596448892,1014.9307218015,1014.6073073761723,0.10680858164622593,0.27973767673071487,0.04367674859690851,83.86131238118827,81.56329128938978,81.65283210884387,-1.525501380112644,-0.15952344483562864,0.06998262538154165,2.213631159566262,2.6154118571057254,3.395111067290275,0.07402307313593774,-0.6587638259116185,-0.12093538427293105,3.45336054688112
2026-09-05 23:55:00,16.773130048450287,16.96019850434231,16.984326001543685,16.449748954189634,17.518903048897737,0.24129039442137898,-0.018210450779918327,-0.30454625860013945,0.26812535704030277,-0.03912048300898974,-0.005917046421458849,1014.4862080355895,1014.7559374318499,1014.5339695769677,0.1102140379802829,0.27973767673071487,-0.05776982184852386,83.68925289654611,82.00930089574753,82.06957631937668,-1.5283523396848697,-0.15952344483562864,0.09924802120647769,1.8211198948307614,2.0613131566495544,2.647491825406743,0.06036095722691548,-0.6587638259116185,0.07258515715443004,1.1780268676175316
