timestamp,temp_true_ground_truth,temp_observed_drifted,temp_true_estimated,temp_true_ci95_lower,temp_true_ci95_upper,temp_bias_ground_truth,temp_bias_estimated,temp_bias_ci95_lower,temp_bias_ci95_upper,temp_innovation,temp_post_fit_residual,pres_true_ground_truth,pres_observed_drifted,pres_true_estimated,pres_bias_ground_truth,pres_bias_estimated,pres_post_fit_residual,rh_true_ground_truth,rh_observed_drifted,rh_true_estimated,rh_bias_ground_truth,rh_bias_estimated,rh_post_fit_residual,wind_true_ground_truth,wind_observed_drifted,wind_true_estimated,wind_bias_ground_truth,wind_bias_estimated,wind_post_fit_residual,nis
2026-09-01 00:00:00,15.270482430928983,15.02158514095121,15.02158514095121,13.042328582212395,17.000841699690024,0.0,0.0,-1.9225321685765373,1.9225321685765373,0.0,0.0,1026.5494321903002,1026.5719525383936,1026.5719525383936,-0.0,0.0,0.0,88.17594074154451,87.03612821856731,87.03612821856731,0.0,0.0,0.0,6.863496708331322,7.066143962510963,7.066143962510963,0.0,0.0,0.0,0.0
2026-09-01 00:05:00,14.949580069047563,15.040414170583691,15.038891350476021,13.058902264469822,17.01888043648222,0.0008686587908269632,-0.00032004612734239487,-1.922712840836406,1.922072748581721,0.018829029632481564,0.001842866235012508,1026.6247004581942,1026.730182868794,1026.7151242982163,-0.0013898540653231413,-0.0009185804673759542,0.015977151045035498,90.30749744191692,90.14031578787713,89.47307962224612,0.0027797081306462825,-0.00031938916889227126,0.6675555547999039,0.9794183414692741,1.1531946231259338,1.2385494471145586,0.0005211952744961779,0.07751093577279836,-0.16286575976142315,8.15483075856388
2026-09-01 00:10:00,15.200387693600748,15.06061455412358,15.060209196465967,13.083119058901403,17.037299334030532,0.0017373175816539264,-0.0003831546812589472,-1.9227677978372715,1.9220014884747536,0.005938502392247358,0.000788512338871783,1026.4718729315175,1026.6238003021783,1026.6601548453227,-0.0027797081306462825,3.086587280287385e-05,-0.036385409017157144,91.36601892202934,91.12990070547094,91.18534233124801,0.005559416261292565,-6.089809972050403e-05,-0.055380727677345476,10.15220410926656,10.305222801324735,9.573859667232007,0.0010423905489923557,0.06345082205964861,0.6679123120330797,63.88205461978022
2026-09-01 00:15:00,15.49032660959441,15.385174525051548,15.340517446203311,13.365422877491952,17.31561201491467,0.0026059763724808893,-0.0011747999828101046,-1.9236016064020678,1.9212520064364478,0.30505953764748917,0.04583187883104678,1026.2436026963699,1026.297661003522,1026.3743109431466,-0.004169562195969423,0.0007542110193093107,-0.07740415064381523,90.23729633603925,91.51555594236362,91.7897049099922,0.008339124391938846,0.0006217573728670091,-0.2747707250014457,4.756161050525364,5.091310644606975,5.663330347814153,0.0015635858234885336,0.05512170745137051,-0.627141410658548,57.48427179746854
2026-09-01 00:20:00,14.730668429031683,14.590100659993633,14.740017112059519,12.765302389391625,16.714731834727413,0.0034746351633078527,-0.0015812600974085852,-1.9240529570236538,1.9208904368288366,-0.9811303256110335,-0.1483351919684779,1026.4888668213364,1026.3377667061889,1026.3026403016058,-0.005559416261292565,0.0006827258844820636,0.03444367869860798,90.34247538016518,90.67359145504265,91.06895258933568,0.01111883252258513,0.0008822953091570246,-0.39624342960217973,3.306287583535804,3.639715675785028,3.443162380653421,0.0020847810979847115,0.05523471628770002,0.14131857884390753,6.1178056502675435
2026-09-01 00:25:00,14.677338029418948,14.456550329812965,14.432468530228963,12.457730761286438,16.407206299171488,0.004343293954134816,-0.0014830310663616726,-1.9239995489509518,1.9210334868182286,0.16908693151187748,0.025564830650363746,1026.3193897817741,1026.109510628103,1026.1276448086528,-0.006949270326615706,0.0006724227995502638,-0.018806603349503348,91.23822668917815,91.38481245127032,91.2673594812078,0.013898540653231413,0.0008911411961940574,0.11656182886632394,3.6908710470421657,3.6553294443521813,3.5097060675645766,0.0026059763724808897,0.055181477821760874,0.09044189896584376,1.345562959733581
2026-09-01 00:30:00,15.352822448941637,15.349776129329666,15.16162892638499,13.186804506279229,17.13645334649075,0.005211952744961779,-0.0012300949849920547,-1.9237915553183467,1.9213313653483624,1.252117514805974,0.18937729792966707,1026.3233935390008,1026.3373715098298,1026.2551542868573,-0.008339124391938846,0.000741221246670155,0.08147600172583225,90.46850572086484,91.15477689335566,91.18970341927013,0.01667824878387769,0.0008849220902129385,-0.03581144800467939,1.4417233438535098,1.6374142339438178,1.6783224414667521,0.003127171646977067,0.05518432513215377,-0.0960925326550881,5.858350611987789
2026-09-01 00:35:00,14.981769099494782,14.692949173620923,14.846224810893455,12.871332943938041,16.82111667784887,0.006080611535788742,-0.001234275901947989,-1.9238406944732738,1.921372142669378,-1.0052201746139122,-0.15204136137058377,1026.4736701543186,1026.4382527301375,1026.4051472258045,-0.009728978457261988,0.0007562200146029452,0.03234928431834305,91.19120458143703,91.50546060782278,91.43583304142814,0.019457956914523976,0.0008911011376794992,0.06873646525696131,11.72177589701621,11.610495787589745,11.033144991646902,0.003648366921473245,0.05519793022932324,0.5221528657135206,41.48885200984085
2026-09-01 00:40:00,14.444206936320844,14.640517719949834,14.648240390188661,12.673300761978366,16.62318001839896,0.006949270326615705,-0.001233046249285462,-1.9238844216753763,1.9214183291768052,-0.0429061163718103,-0.006489623989541116,1026.5519522646405,1026.5539421464557,1026.5456616848926,-0.01111883252258513,0.0007572192410405952,0.007523242322122314,91.55376979802476,91.20986586867919,91.28634046566192,0.02223766504517026,0.0008895233277022892,-0.07736412031043471,1.1011641361425022,0.8284119794437983,1.6829173438658316,0.004169562195969423,0.055196966829691906,-0.9097023312517252,118.1229285193813
2026-09-01 00:45:00,14.809794323185116,14.828612839509233,14.7734306906883,12.798449124614505,16.748412256762098,0.007817929117442668,-0.0012381509311366146,-1.9239344824225562,1.921458180560283,0.37302222303547694,0.056420299752069525,1026.3473916499859,1026.3324748575108,1026.4093758140064,-0.012508686587908269,0.0007581285084297024,-0.0776590850039156,90.52826352182068,91.41046163920014,91.37302187514047,0.025017373175816537,0.000889333267096576,0.03655043079257325,5.67311520417934,5.59695783493861,4.8751394685704526,0.004690757470465601,0.05519619953934186,0.6666221668288159,64.42350766784662
2026-09-01 00:50:00,14.371775807623756,14.464949390112315,14.522957705982144,12.547933809415046,16.497981602549242,0.008686587908269632,-0.001237438066882249,-1.9239787246483189,1.9215038485145544,-0.3753399942160147,-0.056770877802946984,1026.366050043611,1026.7396875519828,1026.653553932008,-0.013898540653231413,0.0007548902638475032,0.08537872971101024,91.03974637474352,90.17974335373935,90.42029868935691,0.027797081306462825,0.0008910482787154311,-0.2414463838962746,4.205670057355966,4.187998564579053,4.369655838115839,0.0052119527449617795,0.0551962080271115,-0.23685348156389718,9.457573749796639
2026-09-01 00:55:00,14.338847642239537,14.255165166549391,14.267523621407301,12.292456338135597,16.242590904679005,0.009555246699096595,-0.0012375266386601448,-1.9240237672599452,1.9215487139826248,-0.07352588662628534,-0.011120928219250814,1026.5481548197733,1026.3333324867087,1026.4383310777068,-0.015288394718554553,0.0007573993955920492,-0.10575599039361805,90.11995079460712,90.40912533407108,90.27674646547437,0.030576789437109106,0.0008906183761993297,0.13148825022049948,9.48536865173711,8.99262750300317,8.692289864230188,0.0057331480194579565,0.055196220466946264,0.24514141830603542,9.923065432927439
2026-09-01 01:00:00,14.593568579073139,14.530551697720714,14.454885210733119,12.479774119577929,16.42999630188831,0.010423905489923557,-0.0012371015606669569,-1.9240682951711263,1.9215940920497925,0.5084471739997873,0.07690358854826229,1026.2996505403278,1025.9844803510707,1026.063453804257,-0.01667824878387769,0.0007580353773663672,-0.0797314885637661,91.09168898362466,89.88698964588336,89.90610310072921,0.03335649756775538,0.0008906301479364871,-0.020004084993786364,2.922578936187133,3.1869330473061033,3.5883662919962234,0.006254343293954134,0.0551962199626216,-0.45662946465274157,31.087807056559125
2026-09-01 01:05:00,13.7067848156744,13.775590160988617,13.895954276480648,11.920799345734798,15.871109207226498,0.011292564280750522,-0.0012372580171364186,-1.9241134035661318,1.9216388875318589,-0.7876058208775891,-0.11912685747489427,1026.6221705732169,1026.6539589953957,1026.4564464965654,-0.018068102849200834,0.0007579920946714071,0.19675450673571504,90.7528104898838,90.95210178159499,90.67997917172725,0.03613620569840167,0.0008907065112248484,0.27123190335650804,4.79312463594472,3.969702547732451,3.6324677722071748,0.006775538568450313,0.0551962193328583,0.2820385561924179,17.543822306270357
2026-09-01 01:10:00,13.761132038278292,13.540483134868705,13.52899105849171,11.553792338082506,15.504189778900916,0.012161223071577484,-0.0012372610433477073,-1.9241583574800578,1.9216838353933623,0.08415986504071604,0.012729337420342546,1026.2828424876452,1026.2069211475425,1026.302027866276,-0.019457956914523976,0.0007578352191562059,-0.09586455395265148,90.8933868677984,91.08669449504579,91.09950261534345,0.03891591382904795,0.0008907026177942379,-0.013698822915458209,4.463032043629298,5.284773859318141,5.188845847663024,0.00729673384294649,0.05519621933172166,0.04073179232339541,1.279056613099274
2026-09-01 01:15:00,14.20889357043662,14.150325365416357,13.999945547894031,12.0247030660369,15.975188029751163,0.013029881862404448,-0.0012373075818619599,-1.924203353855523,1.9217287386917992,1.0024148441719412,0.15161712510418823,1025.8977724661863,1025.924334835666,1025.997429156101,-0.020847810979847118,0.0007577476066479604,-0.07385206804156041,90.36505097721157,91.74791056870299,91.70557796331522,0.041695621959694236,0.0008907074468211028,0.041441897940956096,6.058927308294081,6.517308977550419,6.4784554013523605,0.007817929117442668,0.05519621933011908,-0.016342643132060353,3.086527012087322
2026-09-01 01:20:00,14.015109067556015,13.857084905433556,13.927771845334041,11.952485608004537,15.903058082663545,0.01389854065323141,-0.0012373003680577874,-1.9242482954279807,1.9217736946918653,-0.4591654771299858,-0.06944963953242755,1026.2365909520092,1026.3019357403066,1026.182894821166,-0.02223766504517026,0.0007578016822726372,0.11828311745830433,89.84391084868115,88.63640706401806,89.34203902509044,0.04447533009034052,0.0008906968998411753,-0.7065226579722292,1.459661483395235,1.3896979905354798,1.6147252415750488,0.008339124391938846,0.05519621933002867,-0.2802234703695976,15.839129424254251
2026-09-01 01:25:00,14.536111497643835,14.372764934969691,14.3062214074497,12.330891413776786,16.281551401122613,0.014767199444058373,-0.0012373004284960886,-1.9242932432240654,1.9218186423670733,0.4481321489176775,0.0677808279484875,1026.1403608301314,1026.3093490152978,1026.2928819810797,-0.0236275191104934,0.0007578024917188961,0.015709231726305006,90.96199943521546,90.52854473275339,89.98787529684479,0.0472550382209868,0.0008906895168793469,0.5397787463917183,2.5526752336950684,2.564363461530635,2.229828020035412,0.008860319666435024,0.05519621932882808,0.2793392221663953,13.144623020126103
2026-09-01 01:30:00,14.041124907110955,13.634793117220712,13.784265907302519,11.80889215666,15.759639657945037,0.015635858234885336,-0.0012373026971643775,-1.9243381921778375,1.9218635867835088,-0.9800571860530525,-0.14823548738464254,1026.2342077706028,1025.9831065243693,1026.07281146436,-0.025017373175816537,0.0007578085301668644,-0.09046274852084935,89.64454950840818,90.35273019601912,90.29141762919296,0.050034746351633075,0.0008906888432161441,0.060421877982946626,2.7029427854264587,2.8032158624435746,2.779296932157291,0.009381514940931202,0.055196219328827276,-0.031277289042543455,3.394863331690981
2026-09-01 01:35:00,13.837096971110105,14.121466806031817,14.015254309801682,12.039836802710358,15.990671816893006,0.0165045170257123,-0.001237301933543345,-1.9243831370488516,1.9219085331817647,0.7104030801815426,0.10744979816367817,1026.0973093700024,1025.9873944580827,1025.9788698631396,-0.026407227241139683,0.0007578080801889607,0.00776678686293053,90.50345724728955,90.82452550688967,90.76623134092875,0.052814454482279366,0.0008906886102359175,0.0574034773506753,6.366677847577766,6.199832441396511,6.018267787115025,0.00990271021542738,0.05519621932885095,0.12636843495263506,3.5235369110602375
2026-09-01 01:40:00,14.989733036777112,14.869798461962898,14.760090233073257,12.78462897053935,16.735551495607165,0.017373175816539264,-0.0012373018311813773,-1.9244280815307295,1.921953477868367,0.733515074978424,0.11094553072082292,1025.9292527926941,1025.9657699002198,1025.9451360914502,-0.027797081306462825,0.0007578075777169691,0.019876001191960313,91.21207382043046,91.41191202411338,91.36568514986638,0.05559416261292565,0.0008906885976903734,0.04533618564930464,2.518365008555843,2.5865746583218474,2.838215704940743,0.010423905489923559,0.05519621932885201,-0.30683726594774763,14.790481807650297
2026-09-01 01:45:00,14.318396670556712,14.569313716196788,14.69489760346498,12.719392586542316,16.670402620387645,0.018241834607366225,-0.0012373017497827859,-1.9244730249832496,1.9219984214836838,-0.8221159915793628,-0.12434658551840982,1025.7182423276006,1025.8046249315819,1025.8230963941533,-0.02918693537178596,0.0007578076655667659,-0.01922927023701959,90.79133661566769,90.08480192404443,90.44031454003584,0.05837387074357192,0.0008906883756467675,-0.35640330436706336,5.07707976495528,5.044824872409201,4.726404709267758,0.010945100764419735,0.05519621932885037,0.2632239438125925,12.215888775432003
2026-09-01 01:50:00,14.444736334150527,14.677605291827579,14.690440776900365,12.714892006590995,16.665989547209737,0.01911049339819319,-0.0012373017447056057,-1.9245179674618431,1.922043363972432,-0.07668125302783757,-0.011598183328080935,1025.820654239137,1026.119094882243,1026.029467611283,-0.030576789437109106,0.0007578078874392672,0.08886946307256949,91.67825956135039,91.26675846175145,91.00125227192858,0.06115357887421821,0.0008906884892657788,0.26461550133360845,2.7077780220139367,2.690962502883563,2.8355209929557166,0.011466296038915913,0.05519621932885051,-0.19975470940100415,6.947727218243714
2026-09-01 01:55:00,13.860631647573484,13.623410858459206,13.7869522064658,11.811359683740944,15.762544729190656,0.019979152189020154,-0.0012373017284088884,-1.924562908879043,1.9220883054222253,-1.0730712981546198,-0.1623040462781855,1025.6728857159671,1025.7842746681317,1025.8631041561657,-0.031966643502432245,0.0007578076678240126,-0.07958729570191281,91.17631725911795,92.23628335270142,92.04787735608951,0.06393328700486449,0.0008906885150623138,0.1875153080968488,7.734860871308945,7.801286681666548,7.428840274975794,0.011987491313412093,0.055196219328850285,0.31725018736190336,18.03431379984461
2026-09-01 02:00:00,14.22937370871845,14.032539272563728,13.884629038816897,11.908992764641516,15.860265312992277,0.020847810979847115,-0.0012373017253554637,-1.9246078492593857,1.9221332458086746,0.9860871812855905,0.14914753547218673,1025.660259819015,1025.6183850320642,1025.6549648427929,-0.03335649756775538,0.0007578076171494833,-0.037337618345873125,90.36230070337112,90.38780634350348,90.8737642279415,0.06671299513551077,0.0008906885153712696,-0.48684857295339157,9.285907343747871,8.904357690829581,9.018847241453777,0.012508686587908269,0.05519621932885017,-0.16968576995304652,7.8349402260660685
2026-09-01 02:05:00,14.511881904877729,15.04569896651954,14.863082978634555,12.887402953975377,16.838763003293735,0.02171646977067408,-0.0012373017208485348,-1.9246527885882478,1.922178185146551,1.2155438676444437,0.18385328960583358,1025.781003596731,1025.6126918821565,1025.5840884835948,-0.03474635163307853,0.0007578076261711222,0.027845590935612563,90.7223640906266,91.09214455080834,90.92441951032234,0.06949270326615706,0.0008906885108411512,0.16683435197516872,4.701887105374356,4.726787904476855,4.915236637315119,0.013029881862404447,0.055196219328850334,-0.24364495216711468,12.275433877705572
2026-09-01 02:10:00,14.031290078274635,14.404060395221563,14.594394164037258,12.61867038986272,16.570117938211798,0.022585128561501043,-0.0012373017223742053,-1.9246977268731893,1.922223123428441,-1.2502090741009049,-0.18909646709331973,1025.8871725943193,1025.7663929107132,1025.7021579821355,-0.03613620569840167,0.0007578076211352434,0.06347712095657698,90.65188589162143,90.63200763999706,90.66242206822567,0.07227241139680333,0.0008906885113496544,-0.03130511673995784,3.624751912264824,3.687337313386968,3.4850178609307645,0.013551077136900626,0.05519621932885044,0.1471232331273531,7.325151396611813
2026-09-01 02:15:00,14.66992649134365,14.687076576030357,14.662408496664339,12.68664097394334,16.638176019385337,0.023453787352328007,-0.0012373017223749876,-1.9247426641067265,1.9222680606619764,0.1712731231978477,0.025905381088392687,1025.6385389678892,1025.512107484682,1025.5650106220896,-0.03752605976372481,0.0007578076279928437,-0.053660945035517216,89.92847808217392,89.05706178950157,89.32444705908749,0.07505211952744963,0.0008906885125587311,-0.2682759580984708,2.8400912354756596,2.8928183942938306,2.817570191494598,0.014072272411396804,0.055196219328850424,0.020051983470382506,0.8191283459377471
2026-09-01 02:20:00,14.311131472299303,14.386928539725927,14.43596822257947,12.46015695228082,16.411779492878118,0.024322446143154968,-0.0012373017223159723,-1.9247876002903974,1.9223129968457655,-0.31604488213096893,-0.04780238113122692,1025.3413798382987,1025.4007489687467,1025.4194524755835,-0.03891591382904795,0.000757807629374519,-0.01946131446607069,90.22468760056864,91.04956776908674,90.51006718177982,0.0778318276580959,0.0008906885127981611,0.538609898794121,1.2428393244146807,1.1926835654697274,1.1837835960834253,0.01459346768589298,0.05519621932885039,-0.04629624994254833,2.0805204473047296
2026-09-01 02:25:00,14.470221949541292,14.369243773885838,14.353452420012443,12.377597403104797,16.32930743692009,0.025191104933981932,-0.0012373017223255007,-1.9248325354244042,1.9223579319797532,0.11258475672632606,0.017028655595719755,1025.5277426732557,1025.5259865221992,1025.4736408162773,-0.0403057678943711,0.0007578076283083621,0.051587898293519174,90.42546142191412,90.90865886532886,90.94607221357526,0.0806115357887422,0.0008906885127542998,-0.03830403675915761,3.075371428187763,3.431843423938964,3.204550846528885,0.015114662960389158,0.05519621932885027,0.17209635808122892,4.560785012343055
2026-09-01 02:30:00,14.3854932856065,14.498023592171378,14.462120307005549,12.486221544457457,16.43801906955364,0.026059763724808897,-0.0012373017223280078,-1.924877469508745,1.922402866064089,0.24555455455490893,0.03714058688815847,1025.5797975621383,1025.3395545045523,1025.3685009812561,-0.041695621959694236,0.0007578076282620276,-0.029704284332183306,89.68189965624039,91.60980037005353,91.57294841963575,0.08339124391938847,0.000890688512776003,0.03596126190500115,5.667931278654652,5.577471370425072,5.525921938692775,0.015635858234885336,0.05519621932885027,-0.003646787596554013,0.2528007115769055
2026-09-01 02:35:00,15.410117007496698,15.29360904986784,15.179647100686678,13.203704593466625,17.15558960790673,0.026928422515635857,-0.0012373017223218689,-1.924922402543492,1.922447799098848,0.7616384960702955,0.11519925090348337,1025.2471425528086,1025.13867185642,1025.173365903175,-0.043085476025017375,0.0007578076280590311,-0.03545185438315457,90.79392283197588,90.06762868030548,90.47415489758399,0.08617095205003475,0.0008906885127185579,-0.4074169057912229,4.803449321940817,4.887804147497155,4.964305218877844,0.016157053509381514,0.05519621932885036,-0.13169729070953995,4.871673517642664
2026-09-01 02:40:00,14.710577515605353,14.331903844052139,14.55207362475473,12.57608737383114,16.52805987567832,0.02779708130646282,-0.001237301722329647,-1.9249673345287406,1.9224927310840811,-1.4474695167173603,-0.21893247898026047,1025.2559682743458,1025.3431250772733,1025.2694122137038,-0.04447533009034052,0.0007578076283240917,0.07295505594106544,90.59782060399918,91.34482960114025,91.04786255003927,0.08895066018068104,0.0008906885127090252,0.2960763625882663,9.338897922628034,9.744765431589576,9.445246898693554,0.01667824878387769,0.05519621932885053,0.24432231356717082,14.631465944125283
2026-09-01 02:45:00,14.343389330560838,14.107743913355918,14.114584131285968,12.1385541376272,16.090614124944736,0.028665740097289786,-0.0012373017223296966,-1.9250122654645432,1.9225376620198837,-0.037043614785574164,-0.005602916207719133,1025.2149867309981,1025.2218709000886,1025.235533609571,-0.04586518415566366,0.0007578076283062406,-0.014420517110693254,89.86066288995532,88.90315808543706,89.36821184463193,0.09173036831132732,0.0008906885127309589,-0.46594444770759935,3.907091881002338,3.900478483054618,4.310493022795216,0.01719944405837387,0.055196219328850854,-0.4652107590694481,32.022509692436394
2026-09-01 02:50:00,15.149699560918299,15.183452509376533,14.957520699375442,12.981446963949795,16.933594434801087,0.029534398888116747,-0.0012373017223305037,-1.9250571953509816,1.9225825919063204,1.5019259174837245,0.22716911172342158,1025.0311120443187,1025.0691536984996,1025.101837869651,-0.0472550382209868,0.0007578076283047554,-0.03344197877981969,90.95452326698944,91.17491059756988,90.59525885254398,0.0945100764419736,0.0008906885127182363,0.5787610565131871,5.983948647131404,6.066008266704539,5.666400392211455,0.017720639332870047,0.05519621932885109,0.344411655164234,24.23039149349794
2026-09-01 02:55:00,14.390244823319808,14.194434433898234,14.403631976734372,12.42751450051008,16.379749452958666,0.03040305767894371,-0.001237301722329765,-1.9251021241881268,1.9226275207434673,-1.3749266947667955,-0.20796024111380795,1025.1816022064024,1025.1903955706246,1025.1481846629717,-0.04864489228630994,0.0007578076282946305,0.041453100024455125,91.05827347627788,91.93676853210103,91.7901779433709,0.09728978457261989,0.0008906885127175892,0.14569990021740864,4.5087170031324195,4.498043446845316,4.589163159344201,0.018241834607366225,0.055196219328851194,-0.14631593182773628,7.930163051561138
2026-09-01 03:00:00,15.0237016295583,15.041517853045363,14.89413666967966,12.91797545362489,16.87029788573443,0.03127171646977067,-0.0012373017223300288,-1.9251470519760554,1.9226724485313955,0.9825893708764717,0.14861848508803277,1025.0012811425477,1025.1952110063874,1025.184266688548,-0.050034746351633075,0.0007578076282927928,0.010186510211042332,90.8573235221259,89.29968492195198,89.98503005278589,0.10006949270326615,0.0008906885127163703,-0.6862358193466207,4.662434510961157,5.052408478912099,4.917993914432572,0.018763029881862403,0.05519621932885125,0.07921834515067516,5.663443077858572
2026-09-01 03:05:00,14.22151393970773,14.038722107081755,14.220600097995987,12.244395143078844,16.19680505291313,0.03214037526059764,-0.0012373017223300288,-1.9251919787148397,1.9227173752701798,-1.1943037976912816,-0.18064068919190213,1025.0170663414133,1025.0010482005698,1025.0471456290443,-0.05142460041695623,0.000757807628296044,-0.04685523610282871,90.526673617326,90.46557683876662,90.16661634263522,0.10284920083391245,0.0008906885127170321,0.2980698076186883,3.070490449343168,3.012457306023638,3.0652154393503506,0.019284225156358584,0.055196219328851326,-0.10795435265556375,5.81596175940364
2026-09-01 03:10:00,14.542962175857959,14.419500425408984,14.31623860932387,12.339989916512394,16.292487302135346,0.0330090340514246,-0.0012373017223300288,-1.925236904404553,1.922762300959893,0.6908946916175402,0.10449911780744436,1024.7554756680438,1024.644757793881,1024.7152075735553,-0.052814454482279366,0.0007578076282966369,-0.07120758730275156,91.00656544457578,90.66162656630625,90.53626208288378,0.10562890896455873,0.0008906885127171427,0.12447379490976118,4.284634746738021,4.689446540355338,4.473919946872034,0.01980542043085476,0.05519621932885144,0.1603303741544524,5.467767357642323
2026-09-01 03:15:00,15.225439684613724,15.429950438738613,15.261022267722222,13.284729837984388,17.237314697460054,0.03387769284225156,-0.0012373017223300288,-1.925281829045269,1.922807225600609,1.1250470269845376,0.17016547273872185,1024.7572935236103,1024.5657259588925,1024.5417385344676,-0.0542043085476025,0.0007578076282967014,0.02322961679647051,91.09769732838892,90.64454010684803,90.66810232365481,0.108408617095205,0.0008906885127171372,-0.024452905319492402,4.387471370734973,4.376721618046204,4.4054207296092995,0.020326615705350937,0.05519621932885149,-0.08389533089194678,4.130607646259187
2026-09-01 03:20:00,15.51811785878178,15.60236031994288,15.668640169226267,13.692304003529989,17.644976334922546,0.03474635163307853,-0.0012373017223300288,-1.9253267526370612,1.9228521491924013,-0.43002804025599595,-0.0650425475610561,1024.865531475913,1024.8473787320315,1024.7336005607096,-0.05559416261292565,0.0007578076282973289,0.11302036369352209,90.9312283022364,91.35058674926974,91.24793663926121,0.1111883252258513,0.0008906885127171147,0.10175942149581374,6.0907710003097275,5.85378089425517,5.726441677215367,0.020847810979847118,0.05519621932885154,0.07214299771095156,2.666974707241981
2026-09-01 03:25:00,15.370863755491294,15.40454588165253,15.517148056295204,13.540768155608328,17.49352795698208,0.03561501042390549,-0.0012373017223302266,-1.9253716751800032,1.9228970717353429,-0.7362875510117153,-0.11136487292034403,1024.6355594510394,1024.212469832145,1024.343997132224,-0.05698401667824879,0.0007578076282969618,-0.1322851077075029,90.35519630056527,91.36571289905984,91.43318010264893,0.11396803335649758,0.0008906885127171299,-0.0683578921018011,9.242839047552584,9.468020004979163,9.316196939262422,0.021369006254343292,0.05519621932885147,0.0966268463878901,4.618481127734273
2026-09-01 03:30:00,15.339161562261973,15.551438026090835,15.541431878943278,13.565008244233587,17.517855513652968,0.03648366921473245,-0.0012373017223302266,-1.9254165966741679,1.9229419932295075,0.07433593031849206,0.011243448869887374,1024.88498547489,1024.7989682538716,1024.6414915272019,-0.05837387074357192,0.0007578076282969618,0.15671891904139557,90.90364263164507,90.91376740094888,91.06477384198296,0.11674774148714384,0.0008906885127171299,-0.15189712954678214,3.4761786613049312,3.406668512707074,3.7793314948670123,0.02189020152883947,0.05519621932885117,-0.4278592014887894,28.989922990947676
2026-09-01 03:35:00,15.351571393574291,15.48504544024932,15.496576398014485,13.520109030249698,17.473043765779273,0.03735232800555942,-0.0012373017223302448,-1.9254615171196292,1.9229869136749689,-0.06805638618343579,-0.010293656042835053,1024.50069550738,1024.410055803583,1024.48953798995,-0.05976372480889507,0.0007578076282967391,-0.08023999399529202,91.363928264764,91.64784485642981,91.49440969198112,0.11952744961779015,0.0008906885127171299,0.15254447593598286,1.142051927053864,1.3506135935869485,1.1202860197592686,0.02241139680333565,0.05519621932885105,0.17513135449882888,5.22468715896502
2026-09-01 03:40:00,14.970650311988845,15.298183957035503,15.324032236886056,13.347521137033828,17.300543336738286,0.03822098679638638,-0.001237301722330201,-1.9255064365164607,1.9230318330718004,-0.16271519320992134,-0.024610978128222882,1024.5293833746312,1024.2635591677144,1024.2993282690798,-0.06115357887421821,0.0007578076282966377,-0.03652690899366462,90.4418627542184,90.65561691441424,90.86915755412419,0.12230715774843642,0.0008906885127171299,-0.2144313282226591,4.554600273784918,3.75871155038563,3.4908394364776334,0.022932592077831826,0.055196219328851194,0.21267589457914537,6.902914384220106
2026-09-01 03:45:00,15.367586918655158,15.314704711779344,15.294834578190915,13.318279747218835,17.271389409162996,0.03908964558721334,-0.0012373017223301635,-1.9255513548647354,1.923076751420075,0.1395515609685365,0.02110743531075876,1024.5710435442772,1024.3692602355393,1024.3193097484639,-0.06254343293954134,0.0007578076282965012,0.04919267944706007,91.8162488472792,91.94277851824341,91.65725546972163,0.1250868658790827,0.0008906885127171299,0.2846323600090699,4.876967184147759,4.9019825500685705,4.9118096282176005,0.023453787352328004,0.05519621932885124,-0.06502329747788149,1.3364314932037389
2026-09-01 03:50:00,15.568117221695795,15.522148530368334,15.481170486235055,13.50457192511065,17.45776904735946,0.03995830437804031,-0.0012373017223302385,-1.9255962721645268,1.9231216687198665,0.27910626394170457,0.0422153458556096,1024.1544021902505,1024.211917532768,1024.2277925175565,-0.06393328700486449,0.0007578076282965012,-0.016632792416885422,90.51811103183287,89.77450349567292,90.23274564402884,0.12786657400972898,0.0008906885127172318,-0.4591328368686334,2.362136264254547,2.2482296572541274,2.368071463553768,0.023974982626824185,0.05519621932885112,-0.17503802562849158,5.674295115937155
2026-09-01 03:55:00,16.275414135406393,16.05601924529699,15.991845353861516,14.015203063552248,17.968487644170782,0.04082696316886727,-0.0012373017223301223,-1.9256411884159086,1.9231665849712483,0.43246533629470996,0.06541119315780541,1024.0396574361403,1024.0089410574312,1024.0410107392113,-0.06532314107018763,0.0007578076282964101,-0.03282748940841884,90.84502934624243,91.86243130976112,91.36542165995162,0.13064628214037527,0.0008906885127172318,0.4961189612967871,6.574867775284536,6.280386347226473,5.9278788854143585,0.02449617790132036,0.05519621932885091,0.29731124248326424,14.45016602776706
2026-09-01 04:00:00,16.09350960878459,16.0494090872698,16.10898244626906,14.132296427742327,18.08566846479579,0.04169562195969423,-0.0012373017223301223,-1.9256861036189539,1.9232115001742935,-0.38568815840907433,-0.0583360572769287,1024.0122614682834,1023.9608167232041,1023.9444002879768,-0.06671299513551077,0.0007578076282964101,0.015658627599009378,90.48029925005899,90.84988153485708,91.06395549156002,0.13342599027102153,0.0008906885127172318,-0.21496464521565883,11.26492124850817,11.123966321132047,11.028286517644505,0.025017373175816537,0.05519621932885088,0.040483584158691244,0.8586324403836276
2026-09-01 04:05:00,15.35760637098415,15.593124630595161,15.698844364320122,13.722114618543257,17.675574110096985,0.0425642807505212,-0.0012373017223303079,-1.9257310177737368,1.923256414329076,-0.690784373614731,-0.10448243200263008,1024.3686260135103,1024.3464752943992,1024.2301695203892,-0.06810284920083391,0.0007578076282964101,0.11554796638165499,90.87823458055524,91.33034547095897,91.26503118291609,0.13620569840166782,0.0008906885127172318,0.06442359953017274,9.389722685158421,9.243150310320939,9.49589230102861,0.02553856845031272,0.05519621932885045,-0.30793821003652155,16.194508486674366
2026-09-01 04:10:00,16.30243624405484,16.605866658048612,16.423684114789836,14.44691064273011,18.400457586849562,0.04343293954134816,-0.0012373017223306338,-1.9257759308803297,1.9233013274356685,1.2126781535923215,0.1834198449811062,1024.035471194988,1023.9798726299142,1024.0710901521704,-0.06949270326615706,0.0007578076282964101,-0.09197532988457624,89.95953769772433,89.45331540103618,89.83052726492257,0.13898540653231412,0.0008906885127172318,-0.37810255239909907,2.576986994401425,2.5886510196710595,2.741503338806881,0.026059763724808893,0.0551962193288506,-0.2080485384646722,11.4123885421217
2026-09-01 04:15:00,16.131925493250048,16.368288125199555,16.45927932852087,14.482462131145487,18.436096525896254,0.044301598332175125,-0.0012373017223306338,-1.9258208429388064,1.9233462394941452,-0.5934068676155313,-0.08975390159898566,1024.4419577502351,1024.5575045773323,1024.4347623488595,-0.0708825573314802,0.0007578076282964101,0.1219844208444556,90.54611734511258,90.32050614138414,90.02603290741361,0.1417651146629604,0.0008906885127172318,0.2935825454578236,7.936695701664092,7.5530787222779106,6.973550784250572,0.026580958999305074,0.0551962193288506,0.5243317186984875,42.18138603864093
2026-09-01 04:20:00,16.131474796320735,15.817806680133849,15.935000803359824,13.958139881635924,17.911861725083725,0.045170257123002086,-0.0012373017223306338,-1.9258657539492405,1.9233911505045793,-0.7666471652070079,-0.11595682150364439,1023.9146159812086,1023.8608579470673,1024.0405565513304,-0.07227241139680333,0.0007578076282964101,-0.18045641189144135,90.27304719191991,90.2766846565449,90.2025390919594,0.14454482279360667,0.0008906885127172318,0.07325487607279513,6.072619982207524,6.194604270559239,6.412059823825067,0.027102154273801252,0.05519621932885041,-0.27265177259467865,15.686416964766524
2026-09-01 04:25:00,16.766281155497914,17.02894911394389,16.80298577583301,14.826081130727673,18.77989042093835,0.04603891591382905,-0.0012373017223306338,-1.925910663911705,1.9234360604670437,1.5021343652117558,0.22720063983321026,1023.9690866678632,1023.6766924353283,1023.713719490846,-0.07366226546212648,0.0007578076282964101,-0.0377848631459301,90.92952209932946,89.84954687549462,89.93622527462261,0.14732453092425296,0.0008906885127172318,-0.08756908764070204,4.277484488857837,4.714972273967871,4.685550347036994,0.027623349548297427,0.05519621932885043,-0.025774292397973575,5.753884899136104
2026-09-01 04:30:00,17.056410272534002,16.73561412258424,16.843367318572092,14.866418951052326,18.820315686091856,0.046907574704656015,-0.0012373017223306338,-1.9259555728262732,1.923480969381612,-0.7042285855134907,-0.10651589426552022,1024.116072384248,1024.2855397594515,1024.0926692554772,-0.07505211952744963,0.0007578076282964101,0.1921126963459301,90.3208566128396,89.12053339173636,89.24542555565232,0.15010423905489925,0.0008906885127172318,-0.12578285242867082,4.850793966793847,4.9632170607009884,4.820156755573285,0.028144544822793608,0.05519621932885049,0.08786408579885308,6.496343324671555
2026-09-01 04:35:00,17.141904582409317,17.36930428072927,17.313214753300798,15.336222664333555,19.29020684226804,0.047776233495482975,-0.0012373017223306338,-1.9260004806930189,1.9235258772483577,0.37901565849136176,0.057326829150802894,1024.1302953635711,1024.1094044300776,1024.1427770454457,-0.07644197359277277,0.0007578076282965049,-0.03413042299644076,90.79803031368287,90.47031591635756,90.12366891491983,0.15288394718554554,0.0008906885127172318,0.34575631292501896,7.570162180241361,7.841524503107354,7.670801991765784,0.028665740097289782,0.05519621932885041,0.11552629201271891,2.9961374765886117
2026-09-01 04:40:00,16.562017875736128,16.537105862708227,16.717835796867398,14.74079998741956,18.694871606315235,0.048644892286309936,-0.0012373017223309525,-1.9260453875120156,1.9235707840673535,-1.1867134339218168,-0.17949263243684044,1024.0845756137314,1023.918355726454,1023.9877508708221,-0.0778318276580959,0.0007578076282965049,-0.070152951996306,89.10218236348703,89.67586263195713,89.85935438766772,0.1556636553161918,0.0008906885127172318,-0.18438244422330285,4.448497107080851,4.806052778836776,5.014801582968862,0.02918693537178596,0.05519621932885041,-0.26394502346093685,14.071832935217708
2026-09-01 04:45:00,16.905209183583377,17.095229397447284,16.9766159231976,14.999536394235989,18.95369545215921,0.049513551077136904,-0.0012373017223311655,-1.926090293283336,1.9236156898386734,0.7923919994988644,0.1198507759720151,1023.9039830588067,1023.636751119339,1023.6973922311461,-0.07922168172341905,0.0007578076282965049,-0.06139891943530529,90.10482242053847,89.74075587204135,89.75105860367887,0.1584433634468381,0.0008906885127172318,-0.011193420150235056,3.759118332756694,4.159773317058229,4.002565442757966,0.02970813064628214,0.05519621932885048,0.10201165497141229,3.4251400686504034
2026-09-01 04:50:00,17.29541088694818,17.07930342723723,17.085620597109216,15.108497349600587,19.062743844617845,0.050382209867963865,-0.0012373017223311746,-1.9261351980070534,1.9236605945623908,-0.0335854886849738,-0.005079868149653777,1023.8251879215397,1023.8039635188946,1023.7294516312538,-0.0806115357887422,0.0007578076282965049,0.0737540800125771,84.81551026216711,84.16168917567202,85.22997418186901,0.1612230715774844,0.0008906885127172318,-1.069175694709699,4.53452417918933,5.1257951129565,4.989350183928654,0.030229325920778316,0.055196219328850424,0.081248709698996,7.4252189020452795
2026-09-01 04:55:00,17.689900949285406,17.975385344485424,17.859121513527697,15.881954548438744,19.836288478616652,0.051250868658790825,-0.0012373017223313834,-1.9261801016832414,1.9237054982385788,0.7768573604352369,0.11750113268005791,1023.7108399067666,1023.6112627161664,1023.6262228422086,-0.08200138985406533,0.0007578076282965049,-0.015717933670430284,84.30677578891502,83.819030046033,83.44141295670015,0.16400277970813065,0.0008906885127172318,0.3767264008201465,5.116569376343216,4.997559298055712,4.995507324220469,0.030750521195274494,0.055196219328850424,-0.0531442454936073,2.6203395426698295
2026-09-01 05:00:00,17.24749912846869,17.00662370669733,17.235626526808645,15.258415845105993,19.212837208511296,0.05211952744961779,-0.001237301722331788,-1.926225004311974,1.9237504008673105,-1.5058690531572765,-0.22776551838898484,1023.6906852308248,1023.8434160048103,1023.7748213301778,-0.08339124391938847,0.0007578076282965049,0.06783686700418912,89.6371355841729,89.43964413349542,87.84317124706506,0.16678248783877694,0.0008906885127172318,1.5955821979176505,2.517912855541928,2.333639376463364,2.3925836647310486,0.03127171646977067,0.05519621932885035,-0.11414050759653493,20.942267330442462
2026-09-01 05:05:00,17.507040929329634,17.426338133399444,17.33909587260505,15.361841475255265,19.316350269954835,0.052988186240444754,-0.001237301722331788,-1.926269905893323,1.9237953024486596,0.584981589721064,0.08847956251672429,1023.444863623096,1023.3081964330113,1023.4289147744088,-0.08478109798471162,0.0007578076282965049,-0.12147614902573878,85.83468862679923,85.72116365251257,86.64921626704019,0.16956219596942324,0.0008906885127172318,-0.9289433030403274,8.36235859810983,8.629191204351518,8.178175076758947,0.03179291174426685,0.05519621932885007,0.3958199082637197,29.262352220354757
2026-09-01 05:10:00,17.28349594833533,17.137733867812795,17.171349185317506,15.194051073287087,19.148647297347928,0.053856845031271715,-0.001237301722331788,-1.9263148064273627,1.9238402029826993,-0.2140668715536549,-0.0323780157823812,1023.3601108325206,1023.1483327620182,1023.1629940418039,-0.08617095205003475,0.0007578076282965049,-0.015419087413988564,88.60675414665651,90.51151321252182,89.72523686430806,0.1723419041000695,0.0008906885127172318,0.7853856597010491,5.82437152184343,6.069165494759413,6.400493314578071,0.03231410701876303,0.05519621932885007,-0.386524039147508,24.624628022752294
2026-09-01 05:15:00,17.394801126662454,17.098669659920052,17.090295950718886,15.112954124974268,19.067637776463506,0.05472550382209868,-0.001237301722331788,-1.9263597059141662,1.9238851024695027,0.0635430859842927,0.009611010923496366,1023.439367174571,1023.486175801191,1023.3572380506857,-0.0875608061153579,0.0007578076282965049,0.12817994287706824,87.10710353880933,88.12592165382989,88.86729519475197,0.1751216122307158,0.0008906885127172318,-0.7422642294347952,5.508591012248728,5.774128904426695,5.633515138570067,0.032835302293259205,0.05519621932885007,0.08541754652777822,5.713199837303584
2026-09-01 05:20:00,18.348013840289447,18.422513516420068,18.208332919636447,16.230947381144,20.185718458128896,0.05559416261292564,-0.001237301722331788,-1.9264046043538063,1.923930000909143,1.42423290913721,0.21541789850595094,1023.3731526111092,1023.422994234836,1023.4196756906362,-0.08895066018068104,0.000757807628296512,0.0025607365715814012,82.5404254591193,83.53814606930605,84.56603785812449,0.17790132036136208,0.0008906885127172318,-1.0287824773311485,1.7805133916957403,2.380654625538571,2.4450296102785885,0.03335649756775538,0.05519621932885015,-0.11957120406886768,12.388483374380662
2026-09-01 05:25:00,18.71762143761248,19.135302082583625,19.13228346160443,17.154854211330463,21.109712711878398,0.056462821403752604,-0.0012373017223317956,-1.9264495017463572,1.9239748983016938,0.028137983019504986,0.004255922701524639,1023.2913141237999,1023.2262713146954,1023.2824427645002,-0.09034051424600417,0.00075780762829667,-0.056929257433012026,78.56351022696948,79.67905554688019,80.01202417872526,0.18068102849200834,0.0008906885127172318,-0.33385932035777444,5.294818897886882,5.332107563368682,5.001634090207519,0.03387769284225156,0.055196219328850535,0.2752772538323125,11.748331800710428
2026-09-01 05:30:00,18.300780592257325,18.891493116915907,19.068061179875002,17.090588218785758,21.045534140964246,0.05733148019457957,-0.001237301722332107,-1.9264943980918918,1.9240197946472275,-1.1591972713009397,-0.17533076123676494,1023.4262182466595,1023.4359414354993,1023.3841513502051,-0.09173036831132732,0.00075780762829667,0.05103227766596774,82.54163506109914,81.92603910225455,80.737947518731,0.18346073662265464,0.0008906885127172318,1.1872008950108324,1.9748418393870102,2.1370876953976135,2.348407448937431,0.03439888811674774,0.05519621932885072,-0.26651597286866835,20.920085194473334
2026-09-01 05:35:00,18.887728302131578,18.96535959853423,18.99906291998059,17.02154624904225,20.976579590918934,0.05820013898540653,-0.0012373017223320493,-1.9265392933904826,1.9240646899458187,-0.2146487085815849,-0.03246601972402985,1023.429390049998,1023.33061675951,1023.3522904981503,-0.09312022237665046,0.00075780762829667,-0.022431546268535385,74.64271167283447,73.85106042559796,75.0782530977759,0.18624044475330093,0.0008906885127172318,-1.228083360690647,1.5746437514898528,1.3154473594360543,1.1659060119292972,0.03492008339124392,0.05519621932885066,0.09434512817790641,9.187867717551992
2026-09-01 05:40:00,18.78990422860252,19.072309281392258,19.056813361341217,17.079252981519893,21.03437374116254,0.05906879777623349,-0.0012373017223320493,-1.9265841876422038,1.92410958419754,0.11063149947527862,0.016733221773371554,1023.2655861607227,1023.2061558494321,1023.2367232760485,-0.0945100764419736,0.00075780762829667,-0.03132523424460487,80.20264853390084,79.50617245355754,77.80468135432709,0.1890201528839472,0.0008906885127172318,1.7006004107177404,4.760971653496142,5.437009269354669,5.154480252443906,0.035441278665740095,0.05519621932885066,0.22733279758191216,22.37458731315784
2026-09-01 05:45:00,18.548272582285115,18.654628966437883,18.722684232619,16.745080144880742,20.700288320357256,0.05993745656706046,-0.0012373017223319307,-1.926629080847128,1.9241544774024641,-0.4417661882498365,-0.06681796445878518,1023.4421023627178,1023.5209510645951,1023.4383935748807,-0.09589993050729674,0.00075780762829667,0.08179968208617083,79.4894718058915,80.74887657357635,80.34260560101096,0.19179986101459348,0.0008906885127172318,0.4053802840526828,3.9488276066556747,3.8838266042331777,4.083414050408138,0.03596247394023627,0.05519621932885066,-0.2547836655038114,11.32494158707759
2026-09-01 05:50:00,19.114016160650873,19.274598914962404,19.15185928781824,17.17421149312904,21.12950708250744,0.06080611535788742,-0.0012373017223317104,-1.9266739730053286,1.9241993695606652,0.8196720109612663,0.12397692886649381,1023.0192999414762,1023.0158079070069,1023.1351153303077,-0.09728978457261989,0.00075780762829667,-0.12006523092907173,81.07885601848311,80.83568215652235,81.14631819641797,0.19457956914523977,0.0008906885127172318,-0.3115267284083245,5.184900324183848,5.128919214950331,4.958773930220374,0.03648366921473245,0.05519621932885066,0.11494906540110605,5.616616211155452
2026-09-01 05:55:00,19.749806522059007,19.743051565982274,19.700622547489836,17.72293104681561,21.67831404816406,0.06167477414871438,-0.0012373017223317104,-1.926718864116879,1.9242442606722157,0.2886993638974573,0.04366632021476846,1023.1335291533795,1023.0094583489918,1022.9985822969774,-0.09867963863794302,0.00075780762829667,0.010118244386148945,77.53602372844594,76.73229805993039,77.8134756639042,0.19735927727588604,0.0008906885127172318,-1.0820682924865253,1.6813841312664028,1.6143640284531586,1.7575451436729237,0.03700486448922863,0.05519621932885066,-0.19837733454861572,11.84517728363214
2026-09-01 06:00:00,19.287320801708695,19.38887961973276,19.513400139194403,17.535664933501018,21.491135344887788,0.06254343293954134,-0.0012373017223314914,-1.9267637541818523,1.9242891507371893,-0.8150855479810843,-0.1232832177393135,1023.029031042045,1023.1318159312306,1023.068224264346,-0.10006949270326615,0.0007578076282964955,0.06283385925632956,79.14458218491242,78.9999242101431,78.35084097716286,0.2001389854065323,0.0008906885127172318,0.648192544467534,4.129929010637735,3.973986312808158,3.664703835442837,0.037526059763724806,0.05519621932885066,0.25408625803647045,13.418684341340274
2026-09-01 06:05:00,20.096421210384435,20.26732904303609,20.144895899308505,18.167116989561748,22.122674809055262,0.06341209173036831,-0.0012373017223314914,-1.9268086432003217,1.9243340397556588,0.8176456994475707,0.12367044544991401,1022.8325046839133,1022.376317031226,1022.531090222435,-0.10145934676858931,0.0007578076282964955,-0.15553099883720733,76.45685069202469,76.46888496019017,76.80053879375347,0.20291869353717862,0.0008906885127172318,-0.33254452207602014,2.4106908376991267,2.229906978083053,2.3481024483718307,0.038047255038220984,0.05519621932885066,-0.1733916896176284,9.171950923805355
2026-09-01 06:10:00,18.59335840579361,18.541947210539536,18.862034419283404,16.884211806449013,20.839857032117795,0.06428075052119528,-0.0012373017223314914,-1.9268535311723605,1.9243789277276975,-2.1080724201887513,-0.31884990702153715,1023.0779669042747,1023.2829287001541,1023.0314883121695,-0.10284920083391245,0.0007578076282971913,0.250682580356397,80.84020195598782,81.26063097661131,80.16131381232721,0.2056984016678249,0.0008906885127172318,1.0984264757713902,11.471864386826274,11.353321552272133,10.831643830634373,0.03856845031271717,0.05519621932885066,0.46648150230890906,55.00766030982578
2026-09-01 06:15:00,20.142416407397914,20.192066956731338,19.84670965294086,17.868843337984497,21.82457596789722,0.06514940931202223,-0.0012373017223308758,-1.9268984180980413,1.9244238146533796,2.291506168820657,0.3465946055128093,1023.0519379974638,1022.691805078331,1022.8179536270571,-0.10423905489923557,0.0007578076282975435,-0.12690635635442504,76.30746283681505,76.71670176318317,77.8057290489711,0.20847810979847115,0.0008906885127172318,-1.089917974300647,4.991376798439492,4.6207276656114225,5.256743072715848,0.03908964558721334,0.05519621932885066,-0.6912116264332759,88.77878802598104
2026-09-01 06:20:00,20.022504705429164,20.076836749732514,20.13896994468497,18.16105992857224,22.1168799607977,0.0660180681028492,-0.0012373017223307676,-1.926943303977438,1.9244687005327763,-0.4026124837869567,-0.0608958932301249,1023.2789859073051,1023.0792930746247,1023.0034222684901,-0.10562890896455873,0.0007578076282975435,0.07511299850636988,75.97847482399393,75.52718819082425,75.744238561656,0.21125781792911746,0.0008906885127172318,-0.2179410593444686,5.931205674485592,5.73522113926833,5.350400331136245,0.03961084086170952,0.05519621932885066,0.32962458880323453,16.768383778966164
2026-09-01 06:25:00,20.04366938064886,20.275836771008645,20.309710155112978,18.331756438809418,22.287663871416537,0.06688672689367617,-0.0012373017223308255,-1.9269881888106235,1.9245135853659618,-0.21577307584994898,-0.032636082382001774,1023.1302813444682,1023.0171249511592,1023.0365773320124,-0.10701876302988188,0.0007578076282975435,-0.020210188481428304,74.22037155303559,74.98293419310633,74.77574479766507,0.21403752605976376,0.0008906885127172318,0.2062987069285498,3.450838922929554,4.075659892500045,4.114718984913673,0.0401320361362057,0.05519621932885066,-0.09425531174247848,1.6445313601544849
2026-09-01 06:30:00,20.37704273651267,20.23159168787164,20.275276902116527,18.297279486587612,22.25327431764544,0.06775538568450312,-0.00123730172233075,-1.9270330725976712,1.9245584691530095,-0.2806438757322347,-0.042447912522558084,1022.8676268838578,1022.7372461661535,1022.8162154614762,-0.108408617095205,0.0007578076282975435,-0.07972710295098295,75.74308151557483,75.44854392276511,75.08437578088576,0.21681723419041,0.0008906885127172318,0.363277453366635,1.7351770858265467,1.996526860329659,1.9732830599050948,0.04065323141070187,0.05519621932885066,-0.03195241890428613,1.7228663785184695
2026-09-01 06:35:00,19.72377959186551,19.782095194619313,19.859028260470616,17.880987146681758,21.837069374259475,0.06862404447533009,-0.0012373017223308845,-1.927077955338654,1.9246033518939922,-0.5004616566333908,-0.07569576412897305,1023.2868453883544,1023.328008573198,1023.1828117847382,-0.10979847116052815,0.0007578076282975435,0.14443898083152362,75.54286804563237,75.6374439185894,75.51157860278914,0.2195969423210563,0.0008906885127172318,0.12497462728754272,10.614195139414413,10.933140819117925,10.391007796006344,0.04117442668519805,0.05519621932885066,0.4869368037827311,36.84355093981034
2026-09-01 06:40:00,20.6107320341236,21.062625831200297,20.83025589735368,18.85217108627023,22.808340708437132,0.06949270326615706,-0.0012373017223312995,-1.927122837033645,1.9246482335889825,1.544491497769723,0.2336072355689467,1023.1812173538256,1022.9113535358082,1023.0183369719216,-0.1111883252258513,0.0007578076282975435,-0.10774124374165694,71.75720747164704,72.52900337850143,73.16513641396124,0.2223766504517026,0.0008906885127172318,-0.6370237239725185,3.193957436780252,3.588815694965021,4.249826948385614,0.041695621959694236,0.05519621932885116,-0.7162074727494447,82.34339891313903
2026-09-01 06:45:00,21.02248596749513,21.325659360069302,21.362926928077226,19.38479842066446,23.34105543548999,0.07036136205698401,-0.0012373017223313635,-1.9271677176827173,1.9246931142380548,-0.2382136829150312,-0.036030266285592916,1023.0765307339881,1023.0030675773194,1022.9955320081298,-0.11257817929117442,0.0007578076282975435,0.006777761561352236,70.61220634020759,70.32390557563447,70.55551497254513,0.22515635858234884,0.0008906885127172318,-0.23250008542336786,4.083781154958759,4.676238341501667,4.266474882510676,0.04221681723419041,0.05519621932885165,0.3545672396621393,18.358481176336387
2026-09-01 06:50:00,21.653006225190293,21.994072055815845,21.985741991661737,20.007569788884876,23.963914194438598,0.07123002084781098,-0.0012373017223313804,-1.927212597285944,1.9247379938412814,0.06325452726764169,0.009567365876439027,1022.9481849317943,1022.7474850837049,1022.7957543726034,-0.11396803335649758,0.0007578076282975435,-0.04902709652674275,67.14094289727913,66.91339782512722,67.16325537525752,0.22793606671299516,0.0008906885127172318,-0.25074823864301266,5.634302130607105,5.145613377682638,5.08936815303167,0.042738012508686585,0.05519621932885165,0.0010490053221161588,0.6008249536934918
2026-09-01 06:55:00,21.037836127530827,21.114821175205073,21.34033747016514,19.362121572989338,23.31855336734094,0.07209867963863795,-0.0012373017223317787,-1.9272574758433987,1.9247828723987352,-1.4828179330164524,-0.2242789932377356,1022.8329315171095,1022.7618447765883,1022.7361184730362,-0.11535788742182072,0.0007578076282975435,0.02496849592387207,69.70453066128357,70.40858087588173,69.16974473951956,0.23071577484364145,0.0008906885127172318,1.2379454478494551,0.8697549170662046,0.5440491902634252,0.7265123545691807,0.04325920778318277,0.05519621932885182,-0.23765938363460726,21.32494737819536
2026-09-01 07:00:00,21.106050198022558,21.243217049189226,21.195662476824467,19.217402886214817,23.173922067434116,0.0729673384294649,-0.001237301722331952,-1.9273023533551537,1.9248277499104898,0.32258690320198724,0.04879187408709029,1022.9174113974401,1022.7909478169832,1022.7585373144333,-0.11674774148714384,0.0007578076282976314,0.03165269492171774,72.34101089398101,71.88831983567128,71.48465842449703,0.23349548297428768,0.0008906885127172318,0.40277072266154335,7.0907265827701025,6.893389887559375,6.356385755693434,0.04378040305767894,0.05519621932885182,0.4818079125370902,34.32021172651256
2026-09-01 07:05:00,21.413975435663193,21.688258666224073,21.585453120785516,19.607149837707045,23.563756403863987,0.07383599722029187,-0.0012373017223321367,-1.9273472298212826,1.9248726263766183,0.6878780635898458,0.10404284716088696,1023.1346077932902,1023.0304105456403,1022.96607435582,-0.118137595552467,0.0007578076282976314,0.06357838219207679,69.53596866387267,69.46441023609435,70.221296616483,0.236275191104934,0.0008906885127172318,-0.7577770689013619,4.82346426235603,4.726846921741325,5.038673275109067,0.04430159833217512,0.05519621932885182,-0.36702257269659366,23.767086685284585
2026-09-01 07:10:00,22.16691580969107,22.553671571608373,22.451310437577334,20.472963462995004,24.429657412159663,0.07470465601111884,-0.0012373017223317687,-1.927392105241858,1.9249175017971945,0.6849398427819615,0.10359843575336924,1023.2536437718152,1023.0516275973278,1023.062752364985,-0.11952744961779015,0.0007578076282976314,-0.011882575285540042,66.78163901349981,67.4652876551697,67.91686721567433,0.2390548992355803,0.0008906885127172318,-0.45247024901733823,3.140451831080241,3.0951038075113377,3.0342216052319713,0.0448227936066713,0.05519621932885182,0.005685982950514479,2.2077454195795516
2026-09-01 07:15:00,22.11909668915737,21.80434942138274,22.018361201849206,20.039970536727918,23.996751866970495,0.07557331480194579,-0.0012373017223313908,-1.927436979616953,1.92496237617229,-1.4067559703890957,-0.21277447874413724,1023.2036554259536,1023.0062285297561,1023.0429314377149,-0.12091730368311326,0.0007578076282977353,-0.03746071558703079,65.71691616686078,67.60202472737579,67.31076408777129,0.24183460736622653,0.0008906885127172318,0.2903699510917903,1.3869108145253017,1.2981615375646571,1.2341771128016863,0.045343988881167474,0.05519621932885182,0.008788205434119067,5.3898400691711466
2026-09-01 07:20:00,21.963216107296237,21.77656981947904,21.781270579487746,19.802836224792333,23.75970493418316,0.07644197359277276,-0.0012373017223313908,-1.9274818529466415,1.9250072495019785,-0.0228986138342826,-0.0034634582863759533,1022.9015492531279,1022.8223329724835,1022.8760041957134,-0.12230715774843642,0.0007578076282977353,-0.05442903085815942,65.27798254706617,66.00692046637324,66.07997202103952,0.24461431549687285,0.0008906885127172318,-0.07394224317899045,2.316095147062216,2.427753005157496,2.244697448914502,0.04586518415566365,0.05519621932885182,0.12785933691414186,2.6921770282942337
2026-09-01 07:25:00,22.56855150283611,22.90775095550024,22.703088499377156,20.724610456072387,24.681566542681924,0.07731063238359973,-0.0012373017223313908,-1.9275267252309962,1.9250521217863332,1.3613038338071242,0.20589975784541537,1022.8110750334384,1022.8289353474881,1022.8148595085894,-0.12369701181375957,0.0007578076282977353,0.013318031270500796,65.71780476077839,66.34331059479793,66.06762771258053,0.24739402362751914,0.0008906885127172318,0.274792193704684,8.25754520087423,8.314520197527955,8.052505788933283,0.04638637943015984,0.05519621932885182,0.20681818926581919,10.995713233682189
2026-09-01 07:30:00,22.590717711524814,22.613519131545477,22.736032052799715,20.7575103218503,24.71455378374913,0.07817929117442668,-0.001237301722331606,-1.92757159647009,1.925096993025427,-0.801812335981797,-0.12127561953190735,1023.0056599717931,1022.7908312057843,1022.778639208129,-0.1250868658790827,0.0007578076282977036,0.011434190027102886,62.22399354400105,62.898808542697395,63.453654310674736,0.2501737317581654,0.0008906885127172318,-0.5557364564900595,5.91969535794363,5.749752494094811,6.0722497214720015,0.04690757470465601,0.05519621932885182,-0.37769344670604177,23.51205313425317
2026-09-01 07:35:00,23.128421822437907,23.073125614551547,23.046732864350883,21.068167446721468,25.025298281980298,0.07904794996525365,-0.001237301722331606,-1.9276164666639959,1.925141863219333,0.1826757641905452,0.02763005192299417,1022.7260709160091,1022.4692790643787,1022.5271464216611,-0.12647671994440585,0.0007578076282977036,-0.058625164910608873,62.75783665373113,62.15223787436631,62.01477994080911,0.2529534398888117,0.0008906885127172318,0.13656724504447482,2.9493082337007297,2.3440723705836106,2.33130653971134,0.047428769979152186,0.05519621932885182,-0.042430388456581536,0.8165248582681776
2026-09-01 07:40:00,22.64957161206507,22.47865602342203,22.608394370457578,20.62978526711274,24.587003473802415,0.07991660875608061,-0.0012373017223318344,-1.9276613358127872,1.9251867323681233,-0.8495831537812641,-0.12850104531321804,1023.0478510939939,1023.0120035448349,1022.860671326841,-0.12786657400972898,0.0007578076282977036,0.15057441036560704,62.559789942049335,62.90800048101272,62.424294589182864,0.25573314801945796,0.0008906885127172318,0.4828152033171378,1.4326574741002702,1.182746827740309,1.012309827442286,0.04794996525364837,0.05519621932885182,0.11524078096917134,7.366456153669014
2026-09-01 07:45:00,22.989025625173365,22.95880755241145,22.860223690039355,20.88157090194361,24.8388764781351,0.08078526754690757,-0.0012373017223318344,-1.9277062039165362,1.9252316004718724,0.6599664555159421,0.09982116409442554,1022.9864299967658,1022.8522979847321,1022.8913383406469,-0.1292564280750521,0.0007578076282977036,-0.03979816354308241,64.71603218145835,64.95073184693933,64.43495436121445,0.2585128561501042,0.0008906885127172318,0.5148867972121707,5.957213059620569,5.840912624154941,5.530007149400266,0.04847116052814454,0.05519621932885182,0.255709255425824,11.92278808233489
2026-09-01 07:50:00,23.153130033928267,22.954310103581236,22.963942268373252,20.985245796491053,24.94263874025545,0.08165392633773454,-0.0012373017223318195,-1.9277510709753167,1.9252764675306533,-0.05550253871414057,-0.008394863069685954,1022.9489379053017,1022.9428663432593,1022.9473957445983,-0.13064628214037527,0.0007578076282976889,-0.005287208967274637,64.1279670134165,64.64652720999545,64.8859524667671,0.26129256428075054,0.0008906885127172318,-0.24031594528435107,5.069511942807532,5.044380467567857,5.235504790910737,0.04899235580264072,0.05519621932885182,-0.24632054267173142,8.964677561198659
2026-09-01 07:55:00,22.914551754793717,23.415293194468774,23.365048080169245,21.38630792546498,25.34378823487351,0.0825225851285615,-0.0012373017223318195,-1.9277959369892013,1.9253213335445378,0.3403753896438566,0.05148241602185877,1022.7909100428398,1022.5230043246285,1022.6314906601468,-0.1320361362056984,0.0007578076282979922,-0.10924414314661135,64.31358203818024,64.67086075257234,64.85108518908595,0.2640722724113968,0.0008906885127172318,-0.18111512502632365,3.9599491146965993,3.670562427980575,3.6495950943926156,0.049513551077136904,0.05519621932885182,-0.03422888574089278,1.946184066591012
2026-09-01 08:00:00,23.808408285016696,23.88731231853997,23.862158027513757,21.88337419095175,25.840941864075766,0.08339124391938846,-0.0012373017223317726,-1.9278408019582631,1.9253661985135997,0.17448770588569928,0.02639159274854208,1023.1193448613986,1022.7190030323142,1022.65481342917,-0.13342599027102153,0.0007578076282979922,0.06343179551595313,62.18052684169368,62.75113856416941,63.19096229262481,0.26685198054204307,0.0008906885127172318,-0.4407144169681203,3.6974809925691194,3.6002737989718265,3.476876751338363,0.050034746351633075,0.05519621932885172,0.06820082830461205,2.1838925022333053
2026-09-01 08:05:00,23.984319061263122,24.056988855620794,24.099720255509514,22.120892738054025,26.078547772965003,0.08425990271021543,-0.0012373017223317726,-1.9278856658825754,1.925411062437912,-0.2743377433046028,-0.04149409816638894,1022.9754220486625,1022.7606555920522,1022.7259429770928,-0.1348158443363447,0.0007578076282979922,0.03395480733115619,58.024797515921904,58.045255448675235,58.81694751008103,0.2696316886726894,0.0008906885127172318,-0.772582749918513,2.7426698157735943,2.4539295408540474,2.4449930051331314,0.05055594162612925,0.05519621932885172,-0.04625968360793564,3.683221305777701
2026-09-01 08:10:00,24.07172979063281,24.27447368716742,24.29137416282899,22.312502965444214,26.270245360213767,0.0851285615010424,-0.0012373017223318004,-1.9279305287622106,1.9254559253175472,-0.10355689077149677,-0.01566317393924166,1022.8936085668277,1022.6424499770362,1022.6681882759669,-0.13620569840166782,0.0007578076282979922,-0.02649610655896595,60.14406057362273,60.4633591043235,59.45606328391319,0.27241139680333565,0.0008906885127172318,1.0064051318975942,5.889030369481499,5.902361700917624,5.648466869743258,0.05107713690062544,0.055196219328852,0.19869861184551407,10.942430825275116
2026-09-01 08:15:00,24.165404069030505,24.443870323175688,24.453240298199763,22.474325421849834,26.432155174549692,0.08599722029186936,-0.0012373017223318004,-1.9279753905972423,1.9255007871525789,-0.05376907413887011,-0.00813267330174483,1022.652683869173,1022.5032700566939,1022.5332430588063,-0.13759555246699098,0.0007578076282979922,-0.03073080974070308,58.517196129024114,57.8101243811125,58.03915098034823,0.27519110493398197,0.0008906885127172318,-0.22991728774844944,10.602514564061027,10.332185497727364,10.233797409025918,0.051598332175121615,0.055196219328852,0.04319186937259367,0.6500801665628306
2026-09-01 08:20:00,23.882328661865472,24.158372172259096,24.229748889849912,22.2507903354989,26.208707444200925,0.08686587908269632,-0.0012373017223318004,-1.928020251387743,1.9255456479430795,-0.46372592528470236,-0.0701394158684856,1023.094391040327,1022.859878851654,1022.763315411972,-0.13898540653231412,0.0007578076282979922,0.09580563205372528,61.448978029175784,61.47102301983808,60.575837266420095,0.27797081306462823,0.0008906885127172318,0.8942950649052648,2.5020322720050268,2.2994804025435056,2.799271290327807,0.052119527449617786,0.055196219328852,-0.5549871071131536,49.60214358725803
2026-09-01 08:25:00,24.469056972009188,24.771515898664227,24.66755361284689,22.688551381458797,26.646555844234985,0.08773453787352328,-0.0012373017223318004,-1.9280651111337856,1.9255905076891222,0.6955258390356711,0.10519958753966563,1023.3798271760836,1023.3506044581864,1023.2463035522491,-0.14037526059763725,0.0007578076282979922,0.1035430983090464,59.30027827927541,60.693695639012,60.97269635912428,0.2807505211952745,0.0008906885127172318,-0.27989140862499795,5.472457181626085,5.132492665053457,4.598156682149428,0.05264072272411397,0.05519621932885233,0.4791397635751764,35.525384959714515
2026-09-01 08:30:00,24.68858428787021,24.65101837437639,24.704688271451264,22.72564236399003,26.6837341789125,0.08860319666435025,-0.0012373017223318004,-1.9281099698354434,1.92563536639078,-0.34665748914314065,-0.052432595352541966,1023.379032206378,1023.1940445523518,1023.2880334726833,-0.1417651146629604,0.0007578076282977292,-0.09474672795977312,59.11843242261638,59.6570093236449,60.04932484824134,0.2835302293259208,0.0008906885127172318,-0.3932062131091598,4.2995463407776695,4.306658050105344,4.39181077581506,0.05316191799861015,0.05519621932885243,-0.14034894503856776,4.8964202731675845
2026-09-01 08:35:00,24.692547975859686,24.72244647032349,24.734451781051412,22.755362198480917,26.713541363621907,0.0894718554551772,-0.0012373017223318004,-1.9281548274927893,1.9256802240481259,-0.07119256523256468,-0.010768009005591495,1023.0774208434798,1022.9568370495676,1023.0632255946788,-0.14315496872828354,0.0007578076282977292,-0.10714635273939166,58.489680268244605,58.75925337579471,58.91386771744568,0.2863099374565671,0.0008906885127171973,-0.15550503016369532,4.4886584634065825,4.282407245693969,4.211800529189195,0.05368311327310632,0.05519621932885244,0.015410497175921911,1.4498955997682175
2026-09-01 08:40:00,25.13608436764547,25.38023121297993,25.289755772425913,23.31062251570997,27.268889029141857,0.09034051424600417,-0.0012373017223316375,-1.928199684105896,1.9257250806612325,0.6063577197768666,0.0917127422763464,1023.0719877275001,1022.9510880884726,1022.9516014996682,-0.14454482279360667,0.0007578076282977256,-0.0012712188238310773,54.009969291907275,55.81595755849796,56.23034106531093,0.28908964558721334,0.0008906885127171973,-0.41527419532568643,3.185143549656866,3.5113831382070972,3.482890993589245,0.054204308547602505,0.055196219328852464,-0.026704074711000114,1.8778971916033882
2026-09-01 08:45:00,25.548627205881004,25.534358566589912,25.568366894759503,23.58918996486186,27.547543824657147,0.09120917303683114,-0.0012373017223316375,-1.9282445396748367,1.9257699362301732,-0.21666525695451,-0.03277102644726071,1023.2490655208804,1023.1323741078834,1023.066509769677,-0.14593467685892983,0.0007578076282975448,0.06510653057807758,53.319856083712686,52.52305745478968,52.81024727617403,0.29186935371785966,0.0008906885127171973,-0.2880805098970711,7.82955195330551,8.006032537135479,7.720617801708326,0.05472550382209868,0.05519621932885262,0.2302185160982999,8.57495888888381
2026-09-01 08:50:00,26.32707565636518,26.418132161787394,26.337809551009663,24.358588948894006,28.31703015312532,0.0920778318276581,-0.0012373017223316375,-1.928289394199684,1.9258147907550205,0.5392324048028421,0.08155991250006167,1023.0454195522402,1022.8944756547477,1022.942227207637,-0.14732453092425296,0.0007578076282975448,-0.048509360517527966,52.49630623004002,51.90339084753155,51.47512160979842,0.2946490618485059,0.0008906885127171973,0.42737854922040697,4.870062251242155,4.904353389883657,5.182834890773229,0.05524669909659485,0.05519621932885285,-0.33367772021842423,17.791376336328184
2026-09-01 08:55:00,25.827131211723483,25.99983045522693,26.155898078227356,24.17663380485731,28.1351623515974,0.09294649061848506,-0.0012373017223316375,-1.9283342476805108,1.9258596442358473,-1.0236588529827166,-0.15483032127809437,1023.2567742682477,1023.1846499868196,1023.1137450919944,-0.1487143849895761,0.0007578076282975448,0.07014708719702867,53.72483986727182,55.39243776627198,54.27833003062782,0.2974287699791522,0.0008906885127171973,1.1132170471314424,5.332776115133154,5.149298360301108,4.954537235692397,0.05576789437109104,0.05519621932885295,0.13956490527985732,12.23182724268035
2026-09-01 09:00:00,26.044041922685473,26.294894088556862,26.271102041903102,24.291794098242224,28.25040998556398,0.09381514940931203,-0.0012373017223316375,-1.9283791001173904,1.925904496672727,0.16548124319624335,0.02502934837609061,1023.3425473893883,1023.0730948802595,1023.1028325372968,-0.15010423905489925,0.0007578076282975448,-0.03049546466547781,52.29278629439135,52.629763521340294,53.257621393507364,0.3002084781097985,0.0008906885127171973,-0.6287485606797887,3.6592981366664645,3.8297433179069427,3.829739481749007,0.056289089645587216,0.05519621932885299,-0.055192383170917125,2.6360499731394955
2026-09-01 09:05:00,26.093906933638113,25.83305454936421,25.91395446748555,23.93460285449733,27.893306080473767,0.09468380820013898,-0.0012373017223316375,-1.9284239515103954,1.925949348065732,-0.5266884538858747,-0.07966261639900907,1023.4275083836549,1023.4859269795327,1023.4044635820516,-0.15149409312022238,0.0007578076282975448,0.0807055898528688,55.533297432970556,55.64221919017917,55.113106420125426,0.30298818624044477,0.0008906885127171973,0.5282220815410241,2.739491085617166,3.0035116373418407,2.9323139808668977,0.05681028492008339,0.055196219328853005,0.016001437146090147,2.86757972096742
2026-09-01 09:10:00,25.537701637616987,25.776203234585743,25.756261067988884,23.77686578663676,27.73565634934101,0.09555246699096595,-0.0012373017223316375,-1.9284688018595988,1.9259941984149354,0.14002780635884804,0.02117946831918971,1023.2438829768436,1023.0555184221528,1023.1809992333485,-0.15288394718554554,0.0007578076282975448,-0.12623861882400433,55.80659141902517,55.152995853319744,55.39278582921532,0.3057678943710911,0.0008906885127171973,-0.24068066440829483,1.8466849875255256,1.9468229913805943,1.8994504662484937,0.057331480194579565,0.05519621932885301,-0.00782369419675244,2.1299417882920277
2026-09-01 09:15:00,26.474910634044633,26.52458694825608,26.382333589483817,24.40289464073115,28.361772538236483,0.09642112578179292,-0.0012373017223313828,-1.928513651165073,1.9260390477204103,0.9486868187259141,0.14349066049459225,1023.2432989960148,1022.8922928240792,1022.9374146899106,-0.15427380125086868,0.0007578076282975448,-0.04587967345969446,51.61576600874225,52.282470624359995,52.992842335120116,0.30854760250173735,0.0008906885127171973,-0.7112623992728402,6.945872737645905,7.48483596975506,7.141405697647585,0.05785267546907575,0.05519621932885321,0.2882340527786216,16.866546239053154
2026-09-01 09:20:00,26.68861605964138,26.927397386386875,26.918740063543776,24.939257448353874,28.898222678733678,0.09728978457261987,-0.0012373017223314003,-1.9285584994268916,1.9260838959822286,0.06541819425117623,0.009894624565429666,1023.1565049566548,1023.0290523048874,1022.9645622895476,-0.1556636553161918,0.0007578076282975448,0.0637322077114959,51.682276094382615,52.42917130063697,52.223012577078435,0.3113273106323836,0.0008906885127171973,0.20526803504581892,2.9222900523012396,3.118555118467256,3.499489734668593,0.05837387074357192,0.05519621932885352,-0.4361308355301903,27.819979748341044
2026-09-01 09:25:00,27.82745142271054,28.08099620454495,27.985871125902317,26.006344845238416,29.96539740656622,0.09815844336344684,-0.0012373017223314003,-1.9286033466451273,1.9261287432004643,0.6370987474598522,0.09636238036496181,1023.177833503799,1022.8931029220504,1022.8989460118988,-0.15705350938151497,0.0007578076282975448,-0.006600897476687351,47.71415072246623,47.15266225256134,47.94498569140492,0.31410701876302993,0.0008906885127171973,-0.7932141273563005,6.815790319454831,7.14876755074331,6.734412383291883,0.0588950660180681,0.05519621932885377,0.3591589481225732,22.62625717800831
2026-09-01 09:30:00,26.941385306842633,27.36199542122074,27.604065962155623,25.6244960169809,29.583635907330347,0.09902710215427381,-0.0012373017223314003,-1.9286481928198527,1.9261735893751897,-1.5922661360989743,-0.24083323921255229,1023.2807712354372,1023.2221280521667,1023.1359511788636,-0.1584433634468381,0.000757807628297782,0.08541906567484148,49.587364001464884,49.79203025991822,48.76877659308203,0.3168867268936762,0.0008906885127171973,1.0223629783234713,4.4615353999403595,4.561021285893717,4.779896184921401,0.05941626129256428,0.05519621932885377,-0.2740711183565372,23.03778308443173
2026-09-01 09:35:00,27.313590619832087,27.684177110301427,27.65221933487582,25.672605726153385,29.631832943598255,0.09989576094510076,-0.0012373017223314003,-1.9286930379511404,1.9262184345064775,0.21946886318794867,0.03319507714793701,1023.3818440314087,1023.5534516503029,1023.4913490394277,-0.15983321751216123,0.0007578076282976117,0.06134480324692504,50.12927368773457,50.18052745713244,49.847060109647785,0.31966643502432246,0.0008906885127171973,0.3325766589719379,4.681752280579342,4.944389073123496,4.7722705155179925,0.059937456567060454,0.055196219328853685,0.11692233827665,3.0549986735603767
2026-09-01 09:40:00,27.352118898834075,27.72219765109206,27.714866479868608,25.735209208561514,29.6945237511757,0.10076441973592773,-0.0012373017223314003,-1.928737882039064,1.926263278594401,0.056650358373534715,0.008568472945782446,1023.4747971171356,1023.1955882318244,1023.3259655362908,-0.1612230715774844,0.0007578076282976117,-0.13113511209462558,50.448936222466735,50.976164082756725,50.894532791461444,0.3224461431549688,0.0008906885127171973,0.08074060278256212,5.116924103287515,4.938348385328318,4.8892761378467755,0.06045865184155663,0.05519621932885368,-0.006123971847310727,1.9631515701673252
2026-09-01 09:45:00,27.069878040560212,27.460245182920215,27.50797144482414,25.528270511895368,29.48767237775291,0.1016330785267547,-0.0012373017223314003,-1.9287827250836953,1.9263081216390323,-0.30736121492880386,-0.04648896018159476,1023.2272336540037,1023.1144765783445,1023.1565111025421,-0.16261292564280752,0.0007578076282976117,-0.04279233182592179,49.14042896894224,48.57025462645134,49.208434121390574,0.32522585128561504,0.0008906885127171973,-0.6390701834519561,4.3826069913259085,4.306067329478123,4.283367216565284,0.06097984711605282,0.0551962193288537,-0.03249610641601475,2.6821124247697488
2026-09-01 09:50:00,28.16406231564419,28.324839849924963,28.17815866436675,26.198414070779222,30.15790325795428,0.10250173731758165,-0.0012373017223311375,-1.9288275670851076,1.9263529636404455,0.9779613435831536,0.1479184872805419,1023.5804039806343,1023.1530753626205,1023.125780519698,-0.16400277970813065,0.0007578076282976117,0.026537035294268208,47.488112774027165,48.81767629705395,48.70136516605729,0.3280055594162613,0.0008906885127171973,0.11542044248393779,2.1219025074577393,2.2882126158930025,2.293141572279249,0.06150104239054899,0.05519621932885366,-0.060125175715100454,2.977296447762095
2026-09-01 09:55:00,28.175453987276793,28.28526140079257,28.34884129382592,26.36905304054249,30.32862954710935,0.10337039610840862,-0.0012373017223310267,-1.9288724080433741,1.926397804598712,-0.4121773111791356,-0.062342591311018936,1023.3233714213127,1023.2260645719555,1023.1895556552334,-0.1653926337734538,0.0007578076282976117,0.03575110909378054,47.45001613448638,48.51346042731137,48.42598507345561,0.3307852675469076,0.0008906885127171973,0.08658466534304665,3.992039546009774,4.156691628142034,3.9292903537504933,0.062022237665045166,0.05519621932885354,0.17220505506268724,4.823421116620441
2026-09-01 10:00:00,28.35693099212998,28.63573346366488,28.628747790397473,26.648915878380937,30.60857970241401,0.10423905489923559,-0.0012373017223310122,-1.9289172479585674,1.9264426445139053,0.054366102689812124,0.008222974989738674,1023.3670349893426,1023.0673954315339,1023.0997155382911,-0.16678248783877694,0.0007578076282975199,-0.033077914385444274,44.49444709306343,44.537471621754726,45.22137588844814,0.3335649756775539,0.0008906885127171973,-0.6847949552061294,6.890140288267344,7.104967268089859,7.0014185825093405,0.06254343293954134,0.055196219328853574,0.04835246625166523,2.8724868729079938
2026-09-01 10:05:00,27.840617604570756,28.092141508547424,28.215432288573346,26.235556718786434,30.19530785836026,0.10510771369006254,-0.0012373017223310122,-1.9289620868307602,1.926487483386098,-0.8069551401265755,-0.12205347830359159,1023.2629331140993,1023.00103557943,1023.0105731192862,-0.16817234190410008,0.0007578076282975199,-0.01029534748442984,47.63011858182845,47.79332829632595,46.81474057823858,0.33634468380820015,0.0008906885127171973,0.9776970295746565,6.952681067763179,7.345863563660836,7.417243108508254,0.06306462821403752,0.055196219328853664,-0.12657576417627148,8.785827694000359
2026-09-01 10:10:00,28.927289606600873,28.97145273173411,28.814318031676184,26.83439880508156,30.794237258270808,0.10597637248088951,-0.0012373017223312934,-1.9290069246600254,1.9265323212153629,1.0470746320791378,0.15837200178025768,1023.0146442570037,1022.6798890875583,1022.7360173633991,-0.16956219596942324,0.0007578076282975199,-0.05688608346906676,45.28162498184725,45.511611653564,45.86575454886935,0.33912439193884647,0.0008906885127171973,-0.35503358381806294,3.8801223319682583,3.5162168039121684,3.6402773319832384,0.0635858234885337,0.05519621932885354,-0.17925674739992337,8.246569763698417
2026-09-01 10:15:00,27.965104607125532,28.152914320158903,28.320347938308473,26.34038505586874,30.300310820748205,0.10684503127171648,-0.0012373017223312934,-1.929051761446435,1.9265771580017725,-1.0988049965890738,-0.1661963164272393,1023.5125615150084,1023.4514321488818,1023.2427805156576,-0.17095205003474637,0.0007578076282975199,0.20789382559598835,50.0969147476306,49.81617200529489,48.937855364786216,0.34190410006949273,0.0008906885127171973,0.8774259519959529,5.277617172902476,5.049388427382417,4.752100611294904,0.06410701876302988,0.05519621932885337,0.24209159675865966,20.05754903326071
2026-09-01 10:20:00,28.918064782586697,29.01875917929232,28.864894561165524,26.88488802384322,30.844901098487828,0.10771369006254343,-0.0012373017223312934,-1.9290965971900629,1.9266219937454003,1.0254545237492785,0.1551019198491268,1023.4904855133024,1023.4692392628233,1023.4803533907339,-0.1723419041000695,0.0007578076282975199,-0.01187193553880661,44.93586137012793,44.92580164374004,46.11627319412922,0.344683808200139,0.0008906885127171973,-1.1913622389019025,3.1352468358246095,3.2687468421844112,3.3530709287423677,0.06462821403752605,0.055196219328853276,-0.13952030588680975,12.631713676235183
2026-09-01 10:25:00,29.71471578949666,29.65251155665802,29.593059643795918,27.61300945255352,31.573109835038316,0.1085823488533704,-0.0012373017223312934,-1.9291414318909812,1.9266668284463186,0.4012460303452876,0.060689214584431994,1023.3360173216228,1023.1657933456561,1023.2919805071899,-0.17373175816539266,0.0007578076282978723,-0.1269449691620821,41.90659548510565,42.03784270729675,42.53613149300508,0.3474635163307853,0.0008906885127171973,-0.4991794742210516,3.305210320463104,3.153050640234088,3.0342510218032177,0.06514940931202223,0.055196219328853234,0.06360339910201684,4.043336591179626
2026-09-01 10:30:00,28.59519724557713,28.962740401496596,29.15997581799741,27.17988197379733,31.14006966219749,0.10945100764419737,-0.0012373017223316417,-1.9291862655492633,1.9267116621045999,-1.2958392368155849,-0.19599811477848306,1023.3847021853604,1023.0799165673294,1023.1158917267899,-0.1751216122307158,0.0007578076282978723,-0.03673296708871021,46.29718675140259,47.937724672429724,46.29577353900581,0.3502432244614316,0.0008906885127171973,1.6410604449111972,1.0443469018032843,2.123347978776611,2.1026591565735866,0.06567060458651841,0.05519621932885321,-0.03450739712582873,18.223114621970122
2026-09-01 10:35:00,28.915370598415556,29.0367301133566,29.020912759809928,27.04077526361451,31.001050256005346,0.11031966643502432,-0.0012373017223316417,-1.9292310981649805,1.926756494720317,0.11275665326127182,0.017054655269003405,1023.4465904178887,1023.5085074070083,1023.3893918830408,-0.17651146629603892,0.0007578076282975438,0.11835771633923287,44.18113407520181,45.291451654458236,45.867336184522095,0.35302293259207784,0.0008906885127171973,-0.5767752185765787,10.36259056972594,10.583498255337995,10.11509408472326,0.06619179986101459,0.05519621932885293,0.41320795128588195,27.663938788475953
2026-09-01 10:40:00,29.329761971306528,29.85069194807215,29.70259280791327,27.722411660684802,31.682773955141737,0.11118832522585129,-0.0012373017223316417,-1.929275929738207,1.9268013262935435,0.9873361337929936,0.14933644188121065,1023.1274047706376,1022.836941931113,1022.9924936046951,-0.17790132036136208,0.0007578076282975438,-0.1563094812104282,45.56629361833052,46.66982002492254,46.552741328022734,0.35580264072272416,0.0008906885127171973,0.1161880083870841,3.363263633043183,3.4064773734996465,4.038502248649666,0.06671299513551077,0.05519621932885293,-0.6872210944788724,72.53846705896056
2026-09-01 10:45:00,29.23399199876245,29.02095052873916,29.20535088882585,27.22512609152655,31.18557568612515,0.11205698401667825,-0.0012373017223316417,-1.9293207602690146,1.9268461568243511,-1.2109804118878067,-0.18316305836436086,1023.2729925536241,1022.7693965342083,1022.7682992421767,-0.1792911744266852,0.0007578076282975438,0.000339484403411916,44.99952768144937,45.65405052070625,45.93678393786471,0.3585823488533704,0.0008906885127171973,-0.2836241056711799,3.5315902999605466,3.444183708445396,3.0847648207989735,0.06723419041000694,0.05519621932885314,0.30422266831756906,17.16813973465286
2026-09-01 10:50:00,28.95800327107665,28.95957315931548,28.950620660369008,26.970352213961032,30.930889106776984,0.11292564280750521,-0.0012373017223316417,-1.9293655897574764,1.926890986312813,0.06736974759621361,0.010189800668801041,1023.4599695300559,1023.3480468530574,1023.1670379166263,-0.18068102849200834,0.0007578076282975438,0.18025112880286542,45.05328312889066,44.52078357872969,44.736323968081436,0.3613620569840167,0.0008906885127171973,-0.21643107786446336,4.000841862615888,3.924548563342478,3.8226500684845544,0.06775538568450312,0.05519621932885314,0.04670227552907047,4.183960133601632
2026-09-01 10:55:00,29.74592341043575,29.866245479372257,29.68871776620801,27.708405671653455,31.669029860762567,0.11379430159833218,-0.0012373017223316417,-1.929410418203665,1.9269358147590017,1.1819027990231277,0.1787650148865758,1023.1390236868514,1022.7912366032477,1022.9200204951414,-0.1820708825573315,0.0007578076282975438,-0.12954169952195116,44.236792739078304,44.56774162053106,44.41244234529979,0.364141765114663,0.0008906885127171973,0.15440858671855295,2.59207133827143,2.6693901176249826,2.703967662650042,0.0682765809589993,0.0551962193288532,-0.08977376435391271,6.52324370603295
2026-09-01 11:00:00,29.431088379491413,29.773227559406354,29.845775338452718,27.86541959671361,31.826131080191825,0.11466296038915914,-0.0012373017223316417,-1.9294552456076535,1.92698064216299,-0.4714683843616001,-0.07131047732403317,1023.355341864114,1023.3201724465163,1023.2063016676867,-0.18346073662265464,0.0007578076282975438,0.11311297120130348,43.670729107857824,44.81404134879384,44.6391709731513,0.36692147324530927,0.0008906885127171973,0.17397968712982248,7.124464852812356,7.226857208832229,6.918277144035488,0.06879777623349548,0.0551962193288532,0.25338384546788717,11.28037733688784
2026-09-01 11:05:00,30.18018067916249,30.375606172862913,30.33118722524153,28.350787837279835,32.311586613203225,0.1155316191799861,-0.0012373017223317228,-1.9295000719695141,1.9270254685248507,0.301855756991781,0.045656249343714705,1023.0897153570132,1022.8476941118242,1022.9639217503352,-0.18485059068797777,0.0007578076282975438,-0.11698544613921058,41.344193257381605,40.70728273526373,41.47867371200002,0.36970118137595553,0.0008906885127171973,-0.7722816652490039,1.9813789364302707,1.9136881645302084,2.289239390556082,0.06931897150799166,0.0551962193288532,-0.43074744535472687,31.285154280116334
2026-09-01 11:10:00,29.75487146733495,29.933366296141912,30.0610197166005,28.080576683378123,32.04146274982288,0.11640027797081307,-0.0012373017223319474,-1.9295448972893197,1.9270702938446558,-0.8357986861737139,-0.1264161187362589,1023.342768309317,1023.2470848506454,1023.1574060472462,-0.18624044475330093,0.0007578076282977905,0.0889209957708772,43.52213774666947,44.40386120167469,43.38380186230811,0.37248088950660185,0.0008906885127171973,1.0191686508538567,2.703589968309896,2.691484461136413,2.3766395990779934,0.06984016678248783,0.05519621932885338,0.25964864272956634,17.528981519543724
2026-09-01 11:15:00,30.87161871648833,30.76343489473914,30.636727164360366,28.656240486839142,32.617213841881586,0.11726893676164003,-0.0012373017223319474,-1.9295897215671425,1.9271151181224786,0.8459070789513703,0.1279450321011062,1023.2447227209284,1023.2673174740926,1023.2635877124408,-0.18763029881862406,0.0007578076282977823,0.002971954023564649,41.645932308511455,43.87928028635892,43.93522813351064,0.3752605976372481,0.0008906885127171973,-0.05683853566443986,7.27799950739966,7.751646242027023,7.492385168736543,0.07036136205698401,0.05519621932885324,0.20406485396162743,7.691077400061284
2026-09-01 11:20:00,30.064397836920534,29.951147153027108,30.123388347616913,28.14285802675862,32.10391866847521,0.11813759555246699,-0.0012373017223316436,-1.9296345448030559,1.9271599413583924,-1.1305902318311958,-0.17100389286747486,1022.9826894142788,1022.6123404317017,1022.7809249439689,-0.1890201528839472,0.0007578076282977823,-0.16934231989546333,40.81295286619214,42.040446488751826,42.52789726265148,0.3780403057678944,0.0008906885127171973,-0.48834146241237164,4.62881190653818,5.11504595266497,5.410229814784583,0.07088255733148019,0.05519621932885324,-0.3503800814484661,25.031946914580217
2026-09-01 11:25:00,30.371924585113124,30.5554317715144,30.43966199413734,28.459088030903686,32.42023595737099,0.11900625434329395,-0.0012373017223318516,-1.9296793669971322,1.9272047635524683,0.7735909309818574,0.11700707909939112,1023.3721506354025,1023.0968500588193,1022.9588108822118,-0.19041000694927035,0.0007578076282977823,0.137281368979302,38.98922075640298,40.50126407875111,40.72535147498797,0.3808200138985407,0.0008906885127171973,-0.22497808474957282,8.005325557490835,8.152339504077274,7.854339851907815,0.07140375260597637,0.05519621932885341,0.24280343284060546,12.220618220664413
2026-09-01 11:30:00,30.94614877871411,30.79320249308456,30.770708886902284,28.790091282254924,32.75132649154965,0.11987491313412092,-0.0012373017223318095,-1.9297241881494438,1.9272495847047804,0.15689661924962905,0.02373090790460708,1023.0572911274012,1022.854140605488,1022.883141762284,-0.19179986101459348,0.0007578076282977823,-0.029758964424217993,39.40065825770425,39.958928980087165,39.80462878061515,0.38359972202918696,0.0008906885127171973,0.15340951095929967,6.541515573971332,6.211062603680784,6.360817845666412,0.07192494788047255,0.055196219328853546,-0.20495146131448205,6.272771652460871
2026-09-01 11:35:00,30.245279768575312,30.259647790442394,30.38443651777122,28.403775272671734,32.36509776287071,0.12074357192494788,-0.00123730172233159,-1.9297690082600634,1.9272944048154004,-0.8168588011489213,-0.12355142560649668,1023.013515154889,1023.0509581376642,1023.0030779191061,-0.1931897150799166,0.0007578076282977823,0.04712241092988734,42.96813589609581,44.128860885267635,43.07471832284497,0.3863794301598332,0.0008906885127171973,1.053251873909943,3.9558603410771056,4.189857431223787,4.146918641911978,0.07244614315496872,0.055196219328853546,-0.012257430017044157,7.584340130565364
2026-09-01 11:40:00,30.94233365751052,31.164129354043467,31.007733734607775,29.027028850017683,32.988438619197865,0.12161223071577484,-0.00123730172233159,-1.9298138273290641,1.9273392238844012,1.0421882092145758,0.1576329211580223,1023.1302222279163,1022.8368852510799,1022.8888812666081,-0.19457956914523977,0.0007578076282977823,-0.052753823156422186,42.077066150987314,41.891942717794564,42.53281877134966,0.38915913829047954,0.0008906885127171973,-0.6417667420678157,7.490262120464078,8.029514191376851,7.708508902467361,0.0729673384294649,0.055196219328853546,0.2658090695806363,15.1366069178339
2026-09-01 11:45:00,31.484722705851123,31.410738740902367,31.420983936393093,29.440235413273854,33.40173245951233,0.12248088950660181,-0.001237301722331574,-1.9298586453565185,1.9273840419118555,-0.05955558398785499,-0.009007893768394837,1023.2350088494193,1022.9498638718163,1022.922966275513,-0.1959694232105629,0.0007578076282977823,0.026139788675095588,39.885238308372756,40.91386820466686,41.25979823442263,0.3919388464211258,0.0008906885127171973,-0.34682071826848926,2.5768051290466234,3.061227993339298,3.393740101484477,0.07348853370396108,0.055196219328853546,-0.3877083274740323,22.15116523943876
2026-09-01 11:50:00,30.426132597477274,30.870553338247063,31.018740616655336,29.03794845596834,32.99953277734233,0.12334954829742877,-0.001237301722331574,-1.9299034623424987,1.9274288588978357,-0.9715580471475249,-0.14694997668594212,1022.8703951328719,1022.7447569419294,1022.7853557224366,-0.19735927727588604,0.0007578076282978971,-0.041356588135499806,41.85331965678588,42.77154871858626,42.30298370386177,0.39471855455177207,0.0008906885127171973,0.4676743262117711,6.449173250001198,6.743510734822555,6.317488129066277,0.07400972897845726,0.055196219328853546,0.37082638642742527,23.220031741602153
2026-09-01 11:55:00,31.24693823359064,31.615943709526473,31.48831534783754,29.50747955054412,33.46915114513096,0.12421820708825573,-0.001237301722331574,-1.9299482782870774,1.9274736748424144,0.8519938220595584,0.12886566341126482,1022.9895448098733,1022.7042113696756,1022.7011375507792,-0.1987491313412092,0.0007578076282978971,0.0023160112681352985,41.31790067417839,41.94732787609094,42.118948287530664,0.3974982626824184,0.0008906885127171973,-0.17251109995244462,5.595501757119791,6.096759567958491,6.217602236172239,0.07453092425295343,0.055196219328853546,-0.17603888754260133,6.332022654154036
2026-09-01 12:00:00,31.37765079537897,31.188453661590394,31.377427412901145,31.27954712438454,31.47530770141775,0.1250868658790827,-0.0877642603573219,-0.5369994767884534,0.36147095607380964,-0.6378076584079935,-0.10120949095342979,1022.9996038492882,1022.8223437463163,1022.999057112857,-0.2001389854065323,-0.2164080763714588,0.039694709830655484,37.86582271110512,39.31890661769298,37.86855319081005,0.4002779708130646,1.1167879216410252,0.3335655052419071,4.135038651098272,4.2261060523694285,4.135270009370365,0.07505211952744961,0.14491660807747564,-0.05408056507841241,5.671516939445629
2026-09-01 12:05:00,31.68365123222261,31.62313250825612,31.545637020688787,31.07967806244745,32.011595978930124,0.12595552466990967,0.010353550988854765,-0.33990878302741384,0.36061588500512337,0.4341230821012907,0.06714193657848,1022.9916990711828,1022.5574396185657,1022.9041251101676,-0.2015288394718555,-0.28911862017231216,-0.05756687142957162,38.0017066466367,37.9737364553025,36.29261375527712,0.403057678943711,1.3641451418598793,0.31697755816550455,7.150016060858269,7.414020266610326,6.621188008917807,0.0755733148019458,0.5556491306282703,0.23718312706424882,9.064308191167703
2026-09-01 12:10:00,30.969936425975245,30.63960516053699,30.774972409328907,30.195233481833792,31.35471133682402,0.12682418346073662,0.03409121781679726,-0.31539961037696507,0.38358204601055956,-1.120150745746649,-0.1694584666087131,1022.864118187842,1022.9933489856883,1023.1595839991902,-0.20291869353717862,-0.2750642418010025,0.10882922829910058,41.05340980111135,41.309601175006776,38.920151137212294,0.40583738707435724,1.3901384629848266,0.9993115748096528,10.670200114269104,10.542061954447993,9.987146343175095,0.07609451007644197,0.5602150246631591,-0.00529941339026152,9.49163082699221
2026-09-01 12:15:00,31.026859307901503,30.99803387764344,30.881806551235055,30.29521597694959,31.46839712552052,0.12769284225156358,0.000561567780083573,-0.3447823537099888,0.34590548927015596,0.7640742497598119,0.1156657586283032,1022.7299912779014,1022.3235263457525,1022.7266047427406,-0.20430854760250172,-0.24347655175342708,-0.15960184523464704,40.905058649062845,41.39004537735448,40.07817330252225,0.40861709520500344,1.4068579870919562,-0.0949859122597232,19.511465982284093,19.675761324481744,18.880594387042116,0.07661570535093815,0.5424385313989657,0.2527284060406636,13.411171828550835
2026-09-01 12:20:00,31.850636444208728,32.1324756405656,31.957917401862737,31.38274084332809,32.53309396039739,0.12856150104239056,-0.02115435612092147,-0.3661009216178284,0.32379220937598546,1.293790881149686,0.19571259482378522,1022.6057874399046,1022.3518261326382,1022.5775541360565,-0.2056984016678249,-0.24702310952877846,0.021295106110414963,38.17635995608769,37.764067982551815,37.2240630054284,0.4113968033356498,1.51629946535046,-0.9762944882270403,7.249676202012329,7.72567337582892,8.144599221671498,0.07713690062543434,0.5066944956282955,-0.9256203414708732,131.23190806131618
2026-09-01 12:25:00,31.843927809025935,31.89057898040418,32.04734537038904,31.478638179508025,32.61605256127005,0.1294301598332175,-0.020244471896260444,-0.3654391878908196,0.3249502440982987,-0.9026126558087526,-0.13652191808859726,1022.6852316584094,1022.4732712472999,1022.653900230685,-0.20708825573314804,-0.252121951653603,0.0714929682684442,38.72837121400398,39.32409328051047,37.38203548529726,0.4141765114662961,1.5017075378820202,0.4403502573311897,5.41141676910943,5.312247841563293,4.389278272097295,0.0776580958999305,0.5078266359823155,0.4151429334836827,28.128513343938412
2026-09-01 12:30:00,31.905026739528655,32.127485006875894,32.16736989992357,31.599821510532717,32.73491828931442,0.13029881862404447,-0.020510838570849704,-0.3659459256621884,0.32492424852048896,-0.12809108979288908,-0.019374054476827496,1022.4513977640235,1022.5298228743785,1022.7519769499332,-0.20847810979847115,-0.2524916099515838,0.030337534396835508,36.74198067954631,35.78379256878017,34.82030862277292,0.4169562195969423,1.5006788066109384,-0.5371948606036838,3.8049332085887833,3.6246794709239243,3.0484379144573674,0.07817929117442668,0.5077089994355911,0.06853255703096561,2.29537414748127
2026-09-01 12:35:00,32.01949302402719,31.846193637785714,31.933743363546697,31.365630135256843,32.50185659183655,0.13116747741487145,-0.020994773551698338,-0.36667721651165397,0.32468766940825733,-0.4400270512814295,-0.06655495220928387,1022.111474125756,1021.7028792947523,1022.1499674211707,-0.20986796386379433,-0.2539465385233721,-0.1931415878950702,38.28431374139413,39.54161329666428,37.02251577655832,0.41973592772758866,1.5083650508571416,1.0107324692488149,4.116110318956062,4.224057487112094,3.6349958907198934,0.07870048644892287,0.5077005609090931,0.08136103548310736,10.820167950189429
2026-09-01 12:40:00,31.68134509480344,31.97297628192552,31.959595268434313,31.390944190920536,32.52824634594809,0.1320361362056984,-0.020952445045811768,-0.36688476237496337,0.3249798722833398,0.22699525491001538,0.034333458537016526,1022.5501976069546,1022.6364954093473,1022.6344945244817,-0.21125781792911746,-0.2519234927714821,0.25392437763707676,39.84149243653864,40.301317965649645,38.66207227454478,0.42251563585823493,1.508913896363594,0.13033179474127365,6.114467362907698,6.125690383513918,5.564691772712466,0.07922168172341904,0.5077046185969679,0.05329399220448394,7.803248387130973
2026-09-01 12:45:00,32.11502512170303,32.136908071113886,32.126551449540415,31.55763533861985,32.69546756046098,0.13290479499652535,-0.020969303327047134,-0.3671513791993204,0.32521277254522607,0.20711098442439635,0.03132592490052133,1022.5529531233407,1022.4538819745115,1022.7365625521095,-0.21264767199444057,-0.2520413229825473,-0.030639254615380196,37.46997332752982,37.47855434839569,36.78577822893887,0.42529534398888114,1.5080509944694804,-0.8152748750126548,5.130466330677002,5.404953523996044,5.016167634167905,0.07974287699791521,0.5077041613530998,-0.11891827152496148,5.641842545474067
2026-09-01 12:50:00,32.20442072817226,32.3406281184162,32.34650847392536,31.777447256446752,32.915569691403974,0.13377345378735234,-0.02097581896440541,-0.3674074787322725,0.3254558408034616,0.09980347937827361,0.015095463455239155,1021.9932221758709,1021.8417489484746,1022.2685405268444,-0.21403752605976376,-0.25219580954528403,-0.17459576882458805,38.17449185883536,37.93506802111879,36.30566869208073,0.4280750521195275,1.5080289633050048,0.12137036573305693,11.896070914165742,11.840357128654041,11.020442643826627,0.0802640722724114,0.5077031091185393,0.31221137570887514,17.40569971525146
2026-09-01 12:55:00,31.862792444395986,31.978859656695555,32.083218483569865,31.514025580958243,32.652411386181484,0.1346421125781793,-0.020966209660928912,-0.367647282705486,0.32571486338362815,-0.5513493104436904,-0.08339261721338431,1022.1241930474555,1021.7610706142777,1022.0084884237559,-0.2154273801250869,-0.25219699426409586,0.004779184785888901,39.02760194347267,39.270793480027486,37.3599893108301,0.4308547602501738,1.5079018961314286,0.40290227306595483,5.159042438392567,5.755359590620289,5.793732430487941,0.08078526754690757,0.5077031842165238,-0.5460760240841758,44.12135630851895
2026-09-01 13:00:00,32.95243273771843,32.833633804908985,32.71086625480776,32.14152968123582,33.2802028283797,0.13551077136900624,-0.020964371013050383,-0.36789467871386633,0.3259659366877656,0.9502819104814293,0.14373192111427358,1022.294253404893,1022.1631073570082,1022.2645939497095,-0.21681723419041,-0.25225288542025287,0.15076629271902675,35.670505684456124,36.65474792145488,35.696538810234934,0.43363446838082,1.5079869870626774,-0.5497778758427359,5.2136412508689105,4.908044884301998,4.179588242925976,0.08130646282140375,0.5077032170836498,0.2207534242923721,13.225308235082085
2026-09-01 13:05:00,32.44947188786426,32.35523445167614,32.49975682837291,31.93026912352002,33.0692445332258,0.13637943015983323,-0.020967244429254864,-0.36814660784497055,0.32621211898646085,-0.8168833076903255,-0.12355513226751214,1022.4335185960603,1022.1067885144415,1022.3581791108201,-0.21820708825573318,-0.25225305960596706,0.0008624632274631949,37.67041770742296,38.54502306692448,36.5699113678144,0.43641417651146636,1.5079720769360279,0.46713962217405225,5.311679970129393,5.769628064091213,5.165175596739797,0.08182765809589994,0.5077032175343906,0.0967492498170257,4.071949669223287
2026-09-01 13:10:00,31.833437941315754,32.1642449240671,32.21976602042781,31.65012562671109,32.78940641414453,0.13724808895066018,-0.02096754364266096,-0.36839578426080427,0.32646069697548236,-0.22845040848478249,-0.034553552718051606,1022.0493669082414,1022.0197691539001,1022.3121267103822,-0.2195969423210563,-0.2522507668957571,-0.04010678958638891,37.08044617511761,36.95520970193695,35.735905375562204,0.4391938846421126,1.507968936257949,-0.28866460988319886,10.293899184709417,10.146793269587382,9.495655902526085,0.0823488533703961,0.5077032165928501,0.14343415046844754,3.669313043015479
2026-09-01 13:15:00,32.618786972698636,32.83670215194046,32.72412450119932,32.15433186517579,33.29391713722285,0.13811674774148713,-0.02096748658839159,-0.3686444262594199,0.3267094530826367,0.8829321089802846,0.1335451373295271,1021.8562973975834,1021.4896512968309,1021.8693564971871,-0.2209867963863794,-0.2522514788218556,-0.12745372153437984,37.18260195147965,36.9477438061503,35.39675018890501,0.4419735927727588,1.5079694856415964,0.043024131603694116,7.854592884811802,7.398668113081487,7.20862196637198,0.08287004864489228,0.5077032166385573,-0.31765706992904974,18.10445742527444
2026-09-01 13:20:00,32.00866712545905,32.35766234030205,32.486733486588406,31.916789075185118,33.05667789799169,0.13898540653231412,-0.020967366038650726,-0.36889282699108905,0.3269580949137876,-0.7147268750589575,-0.10810378024770273,1021.8552701818155,1021.6159197571955,1021.8004890140917,-0.2223766504517026,-0.25225034827443854,0.06768109137817646,37.934947655761,38.905219921720125,36.93276500464112,0.4447533009034052,1.5079720772080285,0.46448283987097483,7.481712901778373,7.636466692602421,7.001343602590113,0.08339124391938847,0.5077032166753624,0.1274198733369456,5.1720489013339925
2026-09-01 13:25:00,32.75190026267773,32.95668597510137,32.88403952539659,32.31394351182854,33.454135538964636,0.13985406532314107,-0.020967419643124045,-0.3691412244862725,0.32720638520002443,0.6189269991104354,0.09361386934790517,1022.004163611504,1021.697106143785,1021.8838541680739,-0.22376650451702573,-0.2522496701450471,0.06550164585621587,36.761133751102406,36.63078883644444,35.67474520487621,0.44753300903405147,1.5079715925147692,-0.5519279609465428,4.894076764332936,4.901606807722655,4.5113669779829975,0.08391243919388464,0.5077032166749332,-0.1174633869352757,4.939346431015112
2026-09-01 13:30:00,32.9351697202783,33.10449057135412,33.13470934805267,32.56446176866959,33.704956927435745,0.14072272411396802,-0.02096741879027698,-0.3693893905127196,0.32745455293216563,-0.06116524429285164,-0.009251357908269142,1021.614352920519,1021.2410681175726,1021.5834984064492,-0.22515635858234884,-0.2522499809151182,-0.0901803079614183,35.29678700985401,35.79502754628231,34.43015781774103,0.4503127171646977,1.5079716721409313,-0.14310194359965323,10.024518622852101,9.776069446949572,8.93956465297603,0.08443363446838081,0.5077032166707621,0.32880157730278015,16.446555486439593
2026-09-01 13:35:00,32.174249940155,31.97063919932644,32.20383319320325,31.633434066401385,32.77423232000512,0.141591382904795,-0.02096742825847686,-0.3696373902267464,0.3277025337097927,-1.4031334491848462,-0.21222656561833375,1021.5028424625548,1021.3874942224433,1021.5819511897129,-0.22654621264767202,-0.2522499767538147,0.057793009484157665,38.13791452018174,38.69001065949651,36.434890775169684,0.45309242529534405,1.5079712938710452,0.7471485904557795,1.5203626808997752,1.1009044431280732,1.1845755823825552,0.084954829742877,0.5077032166707881,-0.5913743559252702,57.906224776970696
2026-09-01 13:40:00,32.91478068132815,33.00316738367154,32.79174561232224,32.22119496898913,33.362296255655345,0.14246004169562196,-0.020967420295216165,-0.3698851962524673,0.327950355662035,1.536438414650899,0.23238919164451488,1021.4600152695053,1021.3123980149038,1021.5539560440826,-0.22793606671299516,-0.25224998448398356,0.01069195530521938,36.6256707262368,37.331192565044184,36.17281130350082,0.4558721334259903,1.5079713627002254,-0.3495901011568634,11.002986043730766,11.085953832566702,9.769870578611615,0.08547602501737317,0.5077032166712377,0.8083800372838486,99.5961280760723
2026-09-01 13:45:00,32.717557423116986,32.85540925952269,32.91693345421948,32.34623133362329,33.48763557481568,0.1433287004864489,-0.020967420654641467,-0.3701328347193144,0.3281979934100315,-0.2681406358519425,-0.040556774042151744,1021.2974413040126,1021.2494669130695,1021.5045233029597,-0.22932592077831826,-0.25224998302892016,-0.0028064068612820847,34.32796759345364,35.47323577915578,34.41850827084161,0.4586518415566365,1.5079713718336731,-0.4532438635195106,6.5250326774313745,6.903780965210389,6.998142491559426,0.08599722029186935,0.5077032166712396,-0.6020647430202759,52.9518185228362
2026-09-01 13:50:00,32.90038468605623,33.43520348498802,33.39975204497408,32.828898488289106,33.97060560165905,0.1441973592772759,-0.020967420719283755,-0.37038029738377437,0.32844545594520685,0.3730126359489816,0.05641886073322411,1021.3652424498689,1020.8675454087941,1021.195698481191,-0.23071577484364145,-0.25224996799578614,-0.07590310440116355,37.17255087669206,36.62361207688548,34.735387323022515,0.4614315496872829,1.507971381783918,0.3802533720790464,5.486148086156698,5.748152549648997,5.137768939200606,0.08651841556636554,0.5077032166712371,0.10268039377715432,3.226221419568317
2026-09-01 13:55:00,33.34548923046169,33.627946574949526,33.67562050435674,33.10461555233624,34.246625456377245,0.14506601806810285,-0.020967420669546055,-0.3706275847988825,0.32869274345979044,-0.1765697692538879,-0.02670650873766789,1021.4954143885577,1021.422934365,1021.5170374022116,-0.23210562890896458,-0.2522499713651016,0.15814693415347847,34.72968743788801,33.664971235497546,32.63921004043725,0.46421125781792916,1.5079713722872796,-0.4822101772269818,6.384058086207014,6.4881096916996555,5.871944958956563,0.0870396108408617,0.5077032166712371,0.10846151607185561,5.736305098264224
2026-09-01 14:00:00,32.49992096495217,32.953067878153,33.12596423556422,32.55480792845932,33.69712054266912,0.1459346768589298,-0.02096742056697831,-0.3708746973975046,0.328939856263548,-1.0044763838312747,-0.1519289368442429,1021.2035990390721,1021.3459208919013,1021.613123607878,-0.23349548297428768,-0.2522499718080755,-0.01495274416868142,37.6941753403909,37.707208481356794,35.20152460822326,0.46699096594857537,1.5079713790502838,0.9977124940832525,8.078989593948382,8.31020467202906,7.76059330808137,0.08756080611535788,0.5077032166712371,0.04190814727645353,7.832549378905739
2026-09-01 14:05:00,32.30397740683321,32.57028828366192,32.61224644961554,32.040938827490166,33.183554071740915,0.14680333564975678,-0.020967420566435652,-0.37112163570450096,0.3291867945716297,-0.13878006690761424,-0.020990745387187815,1021.0193492058185,1020.7167177054023,1021.1386970558831,-0.23488533703961087,-0.25224997611279165,-0.1697293743679893,38.21573252318528,40.12672592353025,38.239319582693,0.46977067407922174,1.507971379146416,0.37943496169083346,0.8727146733676354,0.9526324350441324,0.852155007104809,0.08808200138985407,0.5077032166712371,-0.40722578873191373,27.659199280378537
2026-09-01 14:10:00,32.25315379399447,32.25856514304516,32.255367865189726,31.683908968076285,32.82682676230316,0.14767199444058374,-0.020967420564252763,-0.37136839998490817,0.32943355885640263,0.15976462015176907,0.024164698419689046,1020.9142251028453,1020.9622222035567,1021.1328332528736,-0.236275191104934,-0.2522499752167124,0.08163892589982424,36.66593170591964,38.75622136819941,37.95123208614977,0.472550382209868,1.5079713799663603,-0.7029820979167241,11.027717327824273,10.687403251579513,9.429118050110667,0.08860319666435024,0.507703216671237,0.7505819847976092,83.72984122129496
2026-09-01 14:15:00,32.28221753764892,32.454183034110294,32.38423113932364,31.812621007246367,32.955841271400914,0.1485406532314107,-0.02096742056015581,-0.37161499060585657,0.3296801494855449,0.6011119869390669,0.09091931534680953,1020.6231331514429,1020.3459939154636,1020.696749646146,-0.2376650451702571,-0.25224997540751415,-0.09850575527491401,36.38135974783995,38.32163154663318,37.129096318918265,0.4753300903405142,1.5079713802036772,-0.3154361524887648,5.9205058311048395,5.583362027476653,5.7146769936215875,0.08912439193884641,0.507703216671237,-0.6390181828161712,60.732402364742654
2026-09-01 14:20:00,32.57338162107901,32.77003566235409,32.73505433557879,32.16329300854086,33.306815662616714,0.14940931202223767,-0.020967420559771764,-0.3718614079390864,0.3299265668195429,0.3699044867314356,0.055948747335072824,1020.8886064189259,1020.443690059056,1020.622548945266,-0.2390548992355803,-0.2522499754894437,0.0733910892795393,36.24310030713625,36.56682501139886,35.36909792611249,0.4781097984711606,1.5079713802739487,-0.31024429498757655,4.984865356949399,5.013560385467338,4.334265758637634,0.0896455872133426,0.507703216671237,0.17159141015846746,5.627247413302242
2026-09-01 14:25:00,32.73246830257654,32.69491515943547,32.76328246152339,32.191369979497566,33.33519494354921,0.15027797081306463,-0.02096742055959693,-0.37210765234592275,0.33017281122672887,-0.3133837607276675,-0.047399881528320975,1020.6420002052955,1020.3557105856336,1020.5765226307545,-0.24044475330090342,-0.25224997552748735,0.031437930406468695,35.62386605819238,34.67906349920632,33.32258302843884,0.48088950660180685,1.5079713802724521,-0.15149090950497168,2.965050219174852,3.0070210157528683,2.5358328920541187,0.09016678248783877,0.507703216671237,-0.03651509297248712,0.6560036715700824
2026-09-01 14:30:00,32.69458139123632,32.76885054552163,32.797328185334614,32.22526458826094,33.369391782408286,0.15114662960389158,-0.02096742055957651,-0.37235372418986123,0.3304188830707082,-0.049653726499585105,-0.007510219253404671,1020.5232432294981,1020.4386392172833,1020.6471716661574,-0.24183460736622653,-0.25224997555329676,0.04371752667907458,38.118260670823865,36.727498604234846,34.48448573967195,0.48366921473245306,1.5079713803092278,0.7350414842536637,5.844081146690369,6.190063928004734,5.4622263074812984,0.09068797776233495,0.507703216671237,0.22013440385219862,9.90984480188425
2026-09-01 14:35:00,32.89879788289116,33.00965977255045,33.001639144661375,32.4294244724476,33.57385381687515,0.15201528839471856,-0.020967420559596234,-0.3725996238330659,0.33066478271387345,0.19165414229086508,0.028988048448667314,1020.925121642678,1020.5561707088968,1020.7773361277531,-0.24322446143154972,-0.2522499755576092,0.031084556701330257,36.27570980846824,36.27092820209181,34.77789802111486,0.48644892286309943,1.507971380308806,-0.014941199331850896,6.3554912374607975,6.673891677630053,6.284839061950514,0.09120917303683114,0.507703216671237,-0.11865060099169789,2.206461883040875
2026-09-01 14:40:00,32.553278207283235,33.0272861209818,33.06766903239074,32.495303324912854,33.640034739868625,0.15288394718554552,-0.0209674205595982,-0.3728453516364913,0.33091051051729486,-0.12836529000828278,-0.019415490849340244,1020.3861079856676,1020.0514428713199,1020.431485210348,-0.24461431549687285,-0.2522499755622146,-0.1277923634659146,35.92432959387292,36.25509932074718,34.813404340660824,0.4892286309937457,1.5079713803083232,-0.06627640022197312,5.512060937629881,5.785331210668893,5.346296405718237,0.0917303683113273,0.507703216671237,-0.06866841172058091,2.5553367883715166
2026-09-01 14:45:00,33.105790501819605,32.843395002717784,32.9080714731887,32.33555477029117,33.48058817608623,0.15375260597637247,-0.02096742055960471,-0.3730909079599125,0.3311560668407031,-0.2889818707849017,-0.04370904991130686,1020.1230645236966,1019.9660912689784,1020.2200301433973,-0.24600416956219595,-0.2522499755623095,-0.0016888988565142427,36.25188754812747,37.784396208096624,36.01278571170934,0.4920083391243919,1.507971380308032,0.26363911607924706,8.159185045070249,8.16735179473292,7.510562828365249,0.09225156358582348,0.507703216671237,0.14908574969643418,3.7310194384339987
2026-09-01 14:50:00,32.390975097636186,32.7867600465466,32.80545460823446,32.232786949730276,33.37812226673865,0.15462126476719945,-0.020967420559604592,-0.37333629316181777,0.33140145204260857,0.015026979770048854,0.0022728588717413345,1020.065916363558,1019.8189813574413,1020.0575922310804,-0.24739402362751914,-0.25224997556188755,0.013639101922763075,35.088103878550434,36.277136293439426,35.18826873403457,0.4947880472550383,1.507971380308905,-0.4191038209040485,5.652554257300235,5.331131365127512,5.050358169763898,0.09277275886031967,0.507703216671237,-0.22693002130762263,8.271854267006212
2026-09-01 14:55:00,33.553544764890475,33.521675641456625,33.41527308807274,32.84245451374342,33.988091662402056,0.1554899235580264,-0.020967420559604395,-0.3735815075994655,0.33164666648025676,0.8421050886877168,0.12736997394349459,1020.1957730448216,1020.0346826100018,1020.1956928155644,-0.24878387769284227,-0.25224997556107587,0.09123976999853767,33.796144387236026,34.47563620581501,33.328844927022224,0.49756775538568454,1.507971380309281,-0.3611801015164957,13.778210634029486,13.99512592928411,12.988136461364808,0.09329395413481584,0.507703216671237,0.4992862512480656,38.88414203833055
2026-09-01 15:00:00,32.68058015312581,32.56252289802074,32.782042163054925,32.20907271265057,33.35501161345928,0.15635858234885336,-0.02096742055960294,-0.3738265516288651,0.3318917105096592,-1.31272319074629,-0.1985518444745864,1019.9338333578158,1019.7193340571714,1020.0303741008499,-0.2501737317581654,-0.2522499755610313,-0.058790068117446026,36.122773216167886,35.911244862931305,33.90948129356547,0.5003474635163307,1.5079713803091714,0.4937921890566628,7.29172888302679,7.543094826414753,7.692145919945961,0.09381514940931202,0.507703216671237,-0.6567543102024453,67.35292089309219
2026-09-01 15:05:00,32.04850346108363,32.441719128231,32.445599234984705,31.872478948224,33.01871952174541,0.15722724113968034,-0.020967420559603003,-0.3740714256047946,0.33213658448558864,0.11297257479483847,0.01708731380589512,1019.5942393839002,1019.4146195960094,1019.7257976646966,-0.25156358582348853,-0.25224997556088263,-0.05892809312638292,36.76683794831702,36.501341473368086,34.78998449138162,0.5031271716469771,1.5079713803091854,0.20338560167728303,9.77065358087504,9.148430486815544,8.303644779874311,0.09433634468380821,0.507703216671237,0.3370824902699958,16.84316440786084
2026-09-01 15:10:00,31.92030196787132,32.2247774816487,32.22247053192297,31.649199448493267,32.79574161535268,0.1580958999305073,-0.020967420559603017,-0.37431612988079854,0.33238128876159245,0.1538782261349283,0.023274370285328416,1019.8409066420455,1019.5231080242853,1019.710424930561,-0.2529534398888117,-0.2522499755609854,0.06493306928530274,37.07723274500423,37.786441774439005,36.116722948015465,0.5059068797776234,1.5079713803091992,0.16174744611434022,2.585729881487172,2.4302859654706777,2.2614934499551067,0.09485753995830437,0.507703216671237,-0.3389107011556658,17.05068826038849
2026-09-01 15:15:00,32.49520343429475,32.90507173349233,32.78231247261268,32.208890632170004,33.35573431305536,0.15896455872133425,-0.02096742055960297,-0.37456066480919936,0.3326258236899934,0.9502472684330279,0.14372668143924727,1019.495845923402,1019.2762622707525,1019.5498860492257,-0.2543432939541348,-0.252249975560974,-0.021373802912307838,36.536702602044215,37.60302997302427,36.322914131619804,0.5086865879082696,1.5079713803091905,-0.22785553890472698,5.395954113248523,5.284016535263154,4.368700897077352,0.09537873523280055,0.507703216671237,0.4076124215145649,26.209985938966973
2026-09-01 15:20:00,32.16267340909195,32.482647016113226,32.60844885756535,32.03487629973446,33.18202141539624,0.15983321751216123,-0.020967420559602993,-0.37480503074110244,0.33287018962189646,-0.6931115440314528,-0.10483442089252293,1019.7702121533943,1019.3753730545204,1019.5794351524182,-0.25573314801945796,-0.2522499755609748,0.048187877663167455,36.196526696535436,37.02149800237082,35.75981761948249,0.5114662960389159,1.507971380309189,-0.24629099742085714,4.849884777557841,4.981289768402169,4.600738564454954,0.09589993050729674,0.507703216671237,-0.12715201272402155,4.0400023922641
2026-09-01 15:25:00,32.483818586213054,33.056489462863524,32.99626548767916,32.422542252053596,33.569988723304725,0.16070187630298818,-0.020967420559602983,-0.37504922802640117,0.3331143869071952,0.5367959605925847,0.08119139574396428,1019.5445795052912,1019.4807215465819,1019.6932972243351,-0.2571230020847811,-0.25224997556097045,0.0396742978077782,37.098525028703705,36.785092665187946,35.314072829464884,0.5142460041695622,1.5079713803091892,-0.03695154458612393,6.931460112870658,6.786873108822744,6.203509676688781,0.0964211257817929,0.507703216671237,0.07566021546272594,1.6965796003876994
2026-09-01 15:30:00,32.330018077529644,32.60333338001236,32.72679339713667,32.15291952327877,33.300667270994566,0.16157053509381514,-0.020967420559602983,-0.37529325701378363,0.33335841589457765,-0.6776285999575222,-0.10249259656470855,1019.2091330693326,1018.8554790056598,1019.254856633102,-0.2585128561501042,-0.2522499755609821,-0.14712765188119192,38.58919973493022,39.6267595502641,37.494142884555885,0.5170257123002084,1.507971380309187,0.6246452853990263,10.583408311713296,10.668910262122193,10.065377642038028,0.09694232105628908,0.507703216671237,0.09582940341292812,6.839113364903872
2026-09-01 15:35:00,32.05047153209269,32.18161525075271,32.25679811403565,31.68277364147662,32.83082258659468,0.16243919388464212,-0.020967420559602983,-0.37553711805073775,0.33360227693153177,-0.3584447636225292,-0.05421544272333989,1019.3624455725223,1019.2718699854394,1019.40158704094,-0.2599027102154274,-0.25224997556097833,0.12253292006039374,37.69190400126887,38.55243819538085,37.4228151819456,0.5198054204308548,1.5079713803091874,-0.37834836687393647,2.1460346967309794,2.1803377309558667,2.2186885535596623,0.09746351633078527,0.507703216671237,-0.5460540392750324,45.265425205477406
2026-09-01 15:40:00,31.67617344467706,31.9080665728168,31.915818542478192,31.34164351071813,32.489993574238255,0.16330785267546907,-0.020967420559602983,-0.37578081148355724,0.33384597036435126,0.08737379859732641,0.013215450898211856,1019.0750332525145,1018.7786996440863,1019.1168412114565,-0.26129256428075054,-0.2522499755609786,-0.08589159180928618,38.8223256830584,38.48837768666776,37.133417581213514,0.5225851285615011,1.5079713803091874,-0.15301127485493993,2.0569721166798662,2.1072119868238293,1.230084083724142,0.09798471160528144,0.507703216671237,0.3694246864284503,20.43407465233079
2026-09-01 15:45:00,31.340681639921023,31.75355197705651,31.742294829964372,31.167969278472302,32.316620381456445,0.16417651146629603,-0.020967420559602983,-0.3760243376573478,0.3340894965381418,0.21305235103787368,0.032224567651741864,1019.087928862749,1018.8555462960164,1019.0670949896237,-0.26268241834607364,-0.2522499755609788,0.04070128195371581,39.52807665375375,39.4259847142057,37.74169194816546,0.5253648366921473,1.5079713803091874,0.17632138573105038,10.298925455324174,10.182513074093727,9.29735826550031,0.09850590687977762,0.507703216671237,0.3774515919221795,20.782740172512625
2026-09-01 15:50:00,31.69622155442989,31.70539165963499,31.6975918696034,31.12311583781733,32.27206790138947,0.165045170257123,-0.020967420559602983,-0.376267696916032,0.33433285579682603,0.19019407538657163,0.02876721059119447,1018.9285712505955,1018.5902542955505,1018.8717058008689,-0.2640722724113968,-0.25224997556097867,-0.0292015297574153,36.71775682620921,37.79669815068126,36.652187309140395,0.5281445448227936,1.5079713803091874,-0.3634605387683223,3.6453882515101323,3.552719837444403,3.7087759407846193,0.09902710215427381,0.507703216671237,-0.6637593200114531,63.72574102565312
2026-09-01 15:55:00,32.14210873993921,32.17764485248089,32.111667978483034,31.537041505809984,32.68629445115608,0.16591382904794996,-0.020967420559602972,-0.3765108896023557,0.3345760484831497,0.5748311836169258,0.08694429455745478,1018.625539871815,1018.2076784306631,1018.5156561054592,-0.26546212647671996,-0.25224997556097856,-0.055727699235148975,39.01791962117762,39.36123784601435,37.48514075739743,0.5309242529534399,1.5079713803091874,0.36812570830772984,7.808695010105419,7.584163189599981,6.619921083502414,0.09954829742876997,0.507703216671237,0.4565388894263309,31.581985271029044
2026-09-01 16:00:00,31.806461973860205,31.9114524587794,32.008855086646406,31.434078212462456,32.58363196083035,0.16678248783877692,-0.020967420559602972,-0.37675391605789316,0.3348190749386872,-0.5053504765339909,-0.0764352073074015,1018.5534675251523,1018.0249014864695,1018.2645020421894,-0.26685198054204307,-0.25224997556097856,0.012649419841068266,37.795852804805115,39.600874607198364,38.05810909601913,0.5337039610840861,1.5079713803091874,0.03479413087004701,6.551895112660343,6.765984837535759,6.445817588138935,0.10006949270326615,0.507703216671237,-0.18753596727441213,5.660326322594518
2026-09-01 16:05:00,31.140398264325977,30.887132851202516,31.070738711668003,30.49581147531833,31.645665948017676,0.1676511466296039,-0.020967420559602972,-0.37699677662305303,0.33506193550384705,-1.0752821377017234,-0.16263843990588356,1018.7029644003484,1018.2764239419522,1018.4099639701273,-0.2682418346073662,-0.25224997556097856,0.11870994738592344,40.16448466354136,41.10187175360775,39.39910535310304,0.5364836692147325,1.5079713803091874,0.19479502019552797,9.872430388234235,10.144351864789408,9.471108385358328,0.10059068797776234,0.507703216671237,0.16554026275984413,8.473781076791655
2026-09-01 16:10:00,31.622471543540662,31.818607030644603,31.606285372915416,31.031207813714335,32.18136293211649,0.16851980542043085,-0.020967420559602972,-0.37723947163708355,0.33530463051787757,1.5423880046439464,0.23328907828879153,1018.3977747944746,1018.0795567778194,1018.352746691752,-0.2696316886726894,-0.25224997556097856,-0.020939938371611788,37.66201337300805,37.811971799802016,37.125661678599194,0.5392633773453788,1.5079713803091874,-0.8216612591063637,2.6888512766455217,2.5587777748601783,2.5246237481809057,0.1011118832522585,0.507703216671237,-0.47354918999196416,41.27263197674852
2026-09-01 16:15:00,31.618511225943895,31.41067394936495,31.50335584322652,30.928128000457523,32.07858368599551,0.16938846421125783,-0.020967420559602972,-0.3774820014380783,0.33554716031887233,-0.474139399030868,-0.07171447330196656,1018.2880997402993,1018.0488600743856,1018.3050127802445,-0.27102154273801254,-0.25224997556097856,-0.0039027302979093292,39.16843743950134,39.70231604466462,37.71944197936672,0.5420430854760251,1.5079713803091874,0.474902684988713,2.7326604601999342,3.2904855675318023,2.4213757268550253,0.1016330785267547,0.507703216671237,0.36140662400554024,20.34166236746185
2026-09-01 16:20:00,31.018751242189207,31.199620227777814,31.258763962225082,30.683385875140885,31.83414204930928,0.1702571230020848,-0.02096742055960297,-0.37772436636298173,0.33578952524377575,-0.25240225146315254,-0.03817631388766429,1018.1072517085064,1017.9863972086955,1018.2437872740687,-0.27241139680333565,-0.25224997556097856,-0.005140089812243787,39.95259906548108,40.54812857319793,38.79727718445652,0.5448227936066713,1.5079713803091874,0.24288000843222335,6.587219756088288,6.594993595656924,5.957166535597598,0.10215427380125087,0.507703216671237,0.13012384338808936,2.8762553879595387
2026-09-01 16:25:00,31.33846569276426,31.682649425784223,31.605179639794862,31.02965134761743,32.18070793197229,0.17112578179291174,-0.02096742055960297,-0.3779665667475945,0.3360317256283885,0.6508164364378501,0.09843720654896515,1018.2172296403321,1017.8765647704939,1018.1421363773499,-0.2738012508686588,-0.25224997556097856,-0.013321631294957115,39.41035606108419,39.375246312228136,38.20612936508644,0.5476025017373176,1.5079713803091874,-0.33885443316749075,12.442476974009303,13.004208130224018,12.377534973881573,0.10267546907574704,0.507703216671237,0.11896993967120828,3.6544198341966885
2026-09-01 16:30:00,31.201760200633387,31.278379349088357,31.382935487256294,30.8072570291769,31.95861394533569,0.17199444058373872,-0.02096742055960297,-0.37820860292657893,0.33627376180737295,-0.5526458259784519,-0.08358871760833253,1018.3676114423746,1017.9601262228005,1018.1770974956193,-0.27519110493398197,-0.25224997556097856,0.03527870274217548,39.447690066783146,39.268001718109005,37.80416895801697,0.5503822098679639,1.5079713803091874,-0.04413862021715431,5.305177902163266,5.215736414364028,5.336715210620623,0.10319666435024323,0.507703216671237,-0.6286820129278317,57.283408179872985
2026-09-01 16:35:00,30.619658889898357,31.127945163310297,31.163486787254207,30.587658202433456,31.73931537207496,0.17286309937456568,-0.02096742055960297,-0.37845047523346437,0.3365156341142584,-0.09635717472108496,-0.014574203384306372,1017.8040926371376,1017.311104460238,1017.7001853882814,-0.27658095899930507,-0.25224997556097856,-0.13683095248245536,39.746545907184235,40.86081974023044,38.98268177772111,0.5531619179986101,1.5079713803091874,0.37016658220014165,4.540326659017169,4.0360711856620775,3.2383344049612903,0.10371785962473941,0.507703216671237,0.2900335640295504,14.81595237293468
2026-09-01 16:40:00,31.11525252759253,30.996884105874226,31.008917581147507,30.432938908715386,31.58489625357963,0.17373175816539263,-0.02096742055960297,-0.3786921840006527,0.3367573428814467,0.05906667446605951,0.008933945286322853,1017.8753629455786,1017.6694016751995,1017.798675978485,-0.27797081306462823,-0.25224997556097856,0.12297567227551554,39.89939626234406,41.13155652610699,39.649151520075996,0.5559416261292565,1.5079713803091874,-0.025566374278191972,6.94099561691367,7.165894019286612,6.444546488532693,0.10423905489923557,0.507703216671237,0.21364431408268203,8.210023994597996
2026-09-01 16:45:00,31.08871471039765,31.501567263680236,31.42010297651735,30.84397425557326,31.996231697461436,0.1746004169562196,-0.02096742055960297,-0.3789337295594235,0.3369988884402175,0.6772260340914293,0.10243170772249144,1017.9926555825278,1017.9207740926973,1018.0808730436597,-0.2793606671299514,-0.25224997556097856,0.09215102459859281,39.899680454099745,40.94142696400201,39.61058411603105,0.5587213342599028,1.5079713803091874,-0.177128532338223,11.680369549521808,11.859693331231236,11.29814712231654,0.10476025017373176,0.507703216671237,0.05384299224346023,2.631204051515777
2026-09-01 16:50:00,31.186911311335074,31.497407798363504,31.550027492337573,30.973748761950382,32.126306222724764,0.17546907574704657,-0.02096742055960297,-0.3791751122399395,0.3372402711207335,-0.20926863440107724,-0.031652273414465526,1017.6796178922871,1017.5888169112852,1017.9354770594259,-0.2807505211952745,-0.25224997556097856,-0.09441017257972817,37.80256912547308,39.576324643322664,38.39879196398165,0.561501042390549,1.5079713803091874,-0.3304387009681733,9.591109366245892,9.706708950286394,9.508762480850514,0.10528144544822794,0.507703216671237,-0.3097567472353564,15.351126238653054
2026-09-01 16:55:00,31.061583369536685,30.89471445441242,31.03612331614079,30.459694615348862,31.61255201693272,0.17633773453787352,-0.02096742055960297,-0.3794163323712515,0.3374814912520455,-0.7962971755187489,-0.12044144116876865,1017.6718712672398,1017.4962208042012,1017.7810445995999,-0.28214037526059765,-0.25224997556097856,-0.03257381983769392,39.45463131893698,39.58549348064889,37.974795014245935,0.5642807505211953,1.5079713803091874,0.1027270860937719,16.473878522406636,16.387011419596163,15.491908391931462,0.1058026407227241,0.507703216671237,0.38739981099346465,23.121190936537893
2026-09-01 17:00:00,29.972504919667966,30.691870172804773,30.702438881312876,30.12586024912411,31.279017513501643,0.1772063933287005,-0.02096742055960297,-0.3796573902813043,0.3377225491620983,0.06875096275242853,0.01039871205150078,1017.3588747688646,1017.1711260371287,1017.4769836024423,-0.2835302293259208,-0.25224997556097856,-0.053607589752573404,42.18588151457843,44.09235858608718,41.58291719217063,0.5670604586518416,1.5079713803091874,1.00147001360736,1.0660116742050703,1.1619638425565448,1.6037493280279982,0.1063238359972203,0.5077032166712369,-0.9494887021426901,134.12160520289072
2026-09-01 17:05:00,30.02914902889436,30.194475023913093,30.23703972505545,29.660311200447318,30.813768249663582,0.17807505211952745,-0.02096742055960297,-0.37989828629694106,0.3379634451777351,-0.1427901672384735,-0.021597280582753342,1017.4985185122779,1017.468241995843,1017.6108590640182,-0.2849200833912439,-0.25224997556097856,0.1096329073857305,42.393963560337,42.24306683227617,41.38834640927226,0.5698401667824878,1.5079713803091874,-0.6532509573052749,2.4297285717567982,2.3831957656676566,1.1633715896595938,0.10684503127171648,0.5077032166712369,0.7121209593368261,75.94044765735045
2026-09-01 17:10:00,30.48825495178971,30.491701858268936,30.403892603415606,29.82701422533521,30.980770981496004,0.1789437109103544,-0.02096742055960297,-0.3801390207439091,0.3382041796247031,0.7191757135508148,0.10877667541293334,1017.3241094917673,1017.0876117735232,1017.403694287977,-0.2863099374565671,-0.25224997556097856,-0.06383253889282514,39.718705857735785,39.481177281954125,38.73943261920634,0.5726198749131342,1.5079713803091874,-0.7662267175614019,6.77434945507096,6.791010811717648,6.1086666845650495,0.10736622654621264,0.5077032166712369,0.17464091048136154,9.074633575342036
2026-09-01 17:15:00,30.363032867000733,30.26142779774511,30.30936125746476,29.732333064828847,30.886389450100676,0.1798123697011814,-0.02096742055960297,-0.38037959394686466,0.3384447528276587,-0.1782856515971396,-0.026966039160047472,1017.4198651815018,1017.2290848413836,1017.4331612229765,-0.28769979152189024,-0.25224997556097856,0.04817359396804477,42.0587246776729,41.22615715499728,39.175878736200644,0.5753995830437805,1.5079713803091874,0.5423070384874507,9.110289656459138,9.470666755009368,9.071454548968322,0.10788742182070883,0.5077032166712369,-0.10849101063019084,3.526322539921946
2026-09-01 17:20:00,30.236192692864773,30.372870115824846,30.37088925356276,29.79371128525777,30.948067221867746,0.18068102849200834,-0.02096742055960297,-0.3806200062293783,0.3386851651101723,0.15172230269406484,0.022948282821690924,1017.37189590368,1017.034688678815,1017.3144903543931,-0.28908964558721334,-0.25224997556097856,-0.027551700017170333,39.433830083544606,39.65537312365758,38.316660584094784,0.5781792911744267,1.5079713803091874,-0.1692588407463873,4.00670581323948,4.170379599193714,4.01887144425599,0.10840861709520501,0.5077032166712369,-0.356195061733513,18.390867195311145
2026-09-01 17:25:00,31.441361683796245,31.59742999660109,31.435503624878923,30.85817591976105,32.0128313299968,0.1815496872828353,-0.02096742055960299,-0.38086025791393974,0.33892541679473376,1.2092001623412365,0.18289379228177083,1017.5060005028558,1017.0112144975751,1017.2550726841139,-0.2904794996525365,-0.25224997556097856,0.008391789022198282,38.04079030831815,38.21877143815966,36.892242515465405,0.580958999305073,1.5079713803091874,-0.18144245761492783,3.595834996787795,3.887750225357089,3.1522442545008706,0.10892981236970117,0.5077032166712369,0.22780275418498164,11.12009429851078
2026-09-01 17:30:00,29.996225115214234,30.199172566995827,30.537000372631095,29.95952296952629,31.1144777757359,0.18241834607366228,-0.02096742055960299,-0.38110034932196307,0.3391655082027571,-2.094918719180555,-0.31686038507566394,1017.130318342088,1016.7358716532952,1017.0326091007881,-0.29186935371785966,-0.25224997556097856,-0.044487471931915934,40.12208842553409,41.126576957173526,38.84961579810664,0.5837387074357193,1.5079713803091874,0.7689897787576996,8.504796082905454,8.544686538561916,7.807105183330345,0.10945100764419737,0.5077032166712369,0.22987813856033412,21.420229346922866
2026-09-01 17:35:00,30.08726450001049,30.21099227363019,30.190690544106058,29.61306348181009,30.768317606402025,0.18328700486448923,-0.02096742055960299,-0.38134028077379156,0.3394054396545856,0.27285050169474445,0.04126915008373544,1017.0201093316741,1016.7254762681107,1016.9510861041393,-0.29325920778318276,-0.25224997556097856,0.026640139532332796,42.290717654512555,43.072348823375286,41.25276664971844,0.5865184155663655,1.5079713803091874,0.3116107933476613,1.638344862553927,1.645711861731188,1.6562701286489911,0.10997220291869354,0.5077032166712369,-0.5182614835890398,39.08311936626451
2026-09-01 17:40:00,29.877444054892884,30.18824478057122,30.147714811498414,29.569938128776904,30.725491494219924,0.1841556636553162,-0.02096742055960299,-0.38158005258870303,0.33964521146949705,0.40658927019516966,0.061497389632410915,1016.9303486199269,1016.6448173639536,1016.8843399658107,-0.2946490618485059,-0.25224997556097856,0.012727373703910416,41.847705720788454,41.482625147670156,40.624477435603936,0.5892981236970118,1.5079713803091874,-0.6498236682429663,4.591383243653593,4.35583188258019,3.4325458764369277,0.1104933981931897,0.5077032166712369,0.4155827894720252,27.231324776101168
2026-09-01 17:45:00,29.61690806703931,29.724406422952804,29.790316781146814,29.21239051673528,30.368243045558348,0.18502432244614317,-0.02096742055960299,-0.3818196650849144,0.3398848239657084,-0.29713970499278375,-0.04494293763440638,1016.7802729167539,1016.7731768790684,1016.9756734903814,-0.2960389159138291,-0.25224997556097856,0.049753364247976606,42.166488719963546,42.44438556105055,40.89222193350284,0.5920778318276582,1.5079713803091874,0.044192247238527216,5.643626518175105,5.643630127872331,5.17933685537097,0.1110145934676859,0.5077032166712369,-0.0434099441698752,0.7684689135778847
2026-09-01 17:50:00,29.08852357987578,28.88742373766466,28.994605129999382,28.416529322603267,29.572680937395496,0.18589298123697012,-0.02096742055960299,-0.38205911857958674,0.34012427746038076,-0.570002663108145,-0.0862139717751198,1016.8182000638242,1016.5329628689836,1016.8361767102575,-0.2974287699791522,-0.25224997556097856,-0.05096386571290168,43.18430939165049,43.48199731473864,41.80617310259186,0.5948575399583044,1.5079713803091874,0.16785283183759248,6.057401076061979,5.17260249812742,4.759745447604647,0.11153578874218208,0.5077032166712369,-0.0948461661484643,2.5041061733993697
2026-09-01 17:55:00,29.374339565264847,29.531228906162717,29.360701154288463,28.78247584258318,29.938926465993745,0.18676164002779708,-0.02096742055960299,-0.38229841338883036,0.3403635722696244,1.2660680863232407,0.19149517243385716,1016.6594322814079,1016.5374401739673,1016.7813716387722,-0.29881862404447534,-0.25224997556097856,0.008318510756112119,43.52269893156074,42.699550382080176,41.45318624620277,0.5976372480889507,1.5079713803091874,-0.2616072444317794,7.584521147433265,7.519511541558253,6.885605169937264,0.11205698401667824,0.5077032166712369,0.12620315494975198,6.511137569439002
2026-09-01 18:00:00,28.615653650730444,28.329788418874415,28.529577729342076,27.95120295197305,29.107952506711104,0.18763029881862406,-0.02096742055960299,-0.3825375498277094,0.3406027087085034,-1.1822788275605127,-0.17882188990805759,1016.6674703348215,1016.3020002704752,1016.5908559832034,-0.3002084781097985,-0.25224997556097856,-0.03660573716717863,45.66678249143851,45.48244206604741,43.47100836477161,0.600416956219597,1.5079713803091874,0.5034623209666123,4.369308680847166,4.457324606981089,4.183554870826418,0.11257817929117443,0.5077032166712369,-0.2339334805165656,12.643064926244346
2026-09-01 18:05:00,28.6820707300189,28.94132381380663,28.798500918064526,28.219976713647224,29.37702512248183,0.188498957609451,-0.020967420559602972,-0.3827765282102468,0.34084168709104085,1.0828977549812961,0.16379031630170715,1016.7804471748576,1016.4320974598177,1016.6296507607981,-0.30159833217512166,-0.25224997556097856,0.05469667458055483,44.78874554604035,44.77529130589932,43.59210558243236,0.6031966643502433,1.5079713803091874,-0.3247856568422236,6.387121599630473,6.669323070477191,5.933981621427078,0.1130993745656706,0.5077032166712369,0.22763823237887593,11.10727995997078
2026-09-01 18:10:00,28.43272199350654,28.426229563850292,28.51594058329557,27.93726699041555,29.09461417617559,0.18936761640027797,-0.020967420559602972,-0.3830153488494293,0.3410805077302233,-0.4544974976756748,-0.06874359888567483,1016.3745798032272,1015.8722404714033,1016.2330445241265,-0.30298818624044477,-0.25224997556097856,-0.10855407716223908,44.82038090061891,46.573257288956555,44.87153225716306,0.6059763724808895,1.5079713803091874,0.19375365148430745,6.113732080251857,6.146749286834537,5.750666804293712,0.11362056984016677,0.5077032166712369,-0.11162073413041185,3.7838914702407944
2026-09-01 18:15:00,28.507814215199485,28.73072256137375,28.683815370507766,28.104992427720706,29.262638313294826,0.19023627519110495,-0.020967420559602972,-0.3832540120572117,0.34131917093800573,0.4487521972764519,0.06787461142558726,1016.6414391896573,1016.22571194742,1016.3607790979601,-0.3043780403057679,-0.25224997556097856,0.1171828250209046,45.68611203459076,46.448028687968176,45.13432006850912,0.6087560806115359,1.5079713803091874,-0.19426276085012972,5.765087727050025,5.983531554838188,5.469035468453523,0.11414176511466297,0.5077032166712369,0.006792869713428296,2.2182584506054024
2026-09-01 18:20:00,29.247326984140635,29.70124691442749,29.580158205021398,29.00118595085314,30.159130459189655,0.1911049339819319,-0.020967420559602972,-0.38349251814452223,0.34155767702531625,0.9392024369610432,0.14205612996569528,1016.6150544158908,1016.3883337302242,1016.5776262307497,-0.3057678943710911,-0.25224997556097856,0.06295747503543225,41.774792224106626,42.91606301600681,42.225836868051005,0.6115357887421822,1.5079713803091874,-0.8177452323533814,6.503265002790457,5.963991364762542,5.445167767592908,0.11466296038915913,0.5077032166712369,0.011120380498397253,6.0304359759412325
2026-09-01 18:25:00,27.41923307996336,27.421456933682517,27.87959348556993,27.30047195851652,28.45871501262334,0.19197359277275886,-0.020967420559602972,-0.3837308674212669,0.3417960263020609,-2.8903385838145397,-0.4371691313278099,1016.3489268116114,1016.0429030902341,1016.3916613440896,-0.3071577484364142,-0.25224997556097856,-0.09650827829455011,49.405133084540516,48.82054018369397,45.931343052179336,0.6143154968728284,1.5079713803091874,1.3812257512054487,3.4998835508618726,3.598016650863443,3.193492202020239,0.11518415566365531,0.5077032166712369,-0.10317876782803292,32.577780576298224
2026-09-01 18:30:00,28.28367095477039,28.6887644580364,28.393863842468882,27.814593080996605,28.97313460394116,0.19284225156358584,-0.020967420559602972,-0.3839690601963342,0.3420342190771282,2.0883578157474147,0.3158680361271209,1015.9996113486567,1015.8325045391394,1016.1356402101036,-0.30854760250173735,-0.25224997556097856,-0.05088569540316712,45.79515463668449,47.367621428099156,46.29971812816395,0.6170952050034747,1.5079713803091874,-0.44006808037398315,1.8860890626138682,1.4979435756779986,0.9781344200466341,0.1157053509381515,0.5077032166712369,0.012105938960127682,11.858995257680636
2026-09-01 18:35:00,27.20553662874646,27.312569625763643,27.5233565133199,26.943936555865317,28.102776470774483,0.1937109103544128,-0.020967420559602972,-0.3842070967775999,0.3422722556583939,-1.2549891794810506,-0.18981946699665286,1016.1800494683091,1015.8973001039939,1016.1015260532283,-0.3099374565670605,-0.25224997556097856,0.04802402632651592,48.84450064283776,50.50525720639115,48.63800700791908,0.619874913134121,1.5079713803091874,0.35927881816288476,2.2442488506908482,1.9979843422056962,1.3719816250807066,0.11622654621264766,0.5077032166712369,0.11829950045375281,6.72876316898648
2026-09-01 18:40:00,27.501811659326197,28.047030188884555,27.88300424488921,27.3034351298592,28.462573359919222,0.19457956914523974,-0.020967420559602972,-0.38444497747193185,0.34251013635272587,1.2230814597975268,0.18499336455494841,1016.4211597569491,1016.0569643865712,1016.2431524899434,-0.3113273106323836,-0.25224997556097856,0.06606187218869763,46.785764295251234,45.8097429428003,45.52390113347958,0.6226546212647672,1.5079713803091874,-1.2221295709884714,3.153324901062862,3.2139229781908476,2.6764765964141084,0.11674774148714384,0.5077032166712369,0.029743165105502456,11.908075666118599
2026-09-01 18:45:00,27.964709016766946,28.08712672206337,28.100134378485045,27.52041614425684,28.67985261271325,0.19544822793606673,-0.020967420559602972,-0.3846827025851941,0.3427478614659881,0.0526258872305263,0.007959764137929426,1016.1805925923483,1016.1901199572186,1016.4131895706672,-0.3127171646977068,-0.25224997556097856,0.029180362112356306,46.562514042570136,46.62369499283287,44.85014763972854,0.6254343293954135,1.5079713803091874,0.26557597279514056,5.169281164301468,5.669429297425174,5.112884615083811,0.11726893676164003,0.5077032166712369,0.048841465670126816,0.8044184540742165
2026-09-01 18:50:00,27.392046340242533,27.42026462986809,27.572515419155245,26.992648104076466,28.152382734234024,0.19631688672689368,-0.020967420559602972,-0.38492027242225196,0.342985431303046,-0.8679784523986882,-0.13128336872755142,1015.993529821752,1015.6653372676819,1016.0597182124344,-0.31410701876302993,-0.25224997556097856,-0.14213096919149848,46.24258379684503,47.267410292783495,45.394664045212764,0.6282140375260599,1.5079713803091874,0.36477486726154495,8.347374806468146,8.5765269675453,8.050793593868224,0.1177901320361362,0.5077032166712369,0.018030157005838987,4.80478922422236
2026-09-01 18:55:00,26.771181983687356,27.105815219284132,27.134489166211928,26.554472808600636,27.71450552382322,0.19718554551772063,-0.020967420559602972,-0.3851576872869763,0.3432228461677703,-0.05095160868635773,-0.007706526368192357,1016.0290630978615,1015.8880163704889,1016.0778954133751,-0.31549687282835304,-0.25224997556097856,0.06237093267475302,49.68960578903985,50.8361102975271,48.59075020249914,0.6309937456567061,1.5079713803091874,0.7373887147187759,6.722440106546339,6.846220732998106,6.543951230412366,0.11831132731063237,0.5077032166712369,-0.2054337140854967,9.255802467049076
2026-09-01 19:00:00,26.750923355791564,26.861819614175385,26.85578458973743,26.275619227882146,27.43594995159271,0.19805420430854762,-0.020967420559602972,-0.38539494748224823,0.34346010636304225,0.1785263483648265,0.027002444997560104,1016.1941361030723,1015.8170679951969,1016.059966299103,-0.3168867268936762,-0.25224997556097856,0.009351671654826532,49.811399513912995,49.90237718331058,48.89709463339124,0.6337734537873524,1.5079713803091874,-0.5026888303898502,7.57117346374067,7.684146869485668,7.062855492743836,0.11883252258512857,0.5077032166712369,0.11358816007059502,3.2264039244679106
2026-09-01 19:05:00,27.142548152417934,27.173181112691505,27.096683234557254,26.516368906717013,27.676997562397496,0.19892286309937457,-0.020967420559602972,-0.3856320533099636,0.3436972121907576,0.6443906790541831,0.09746529869385512,1016.1151803865721,1015.9033437275206,1016.1278190874945,-0.31827658095899936,-0.25224997556097856,0.027774615587077278,46.184034307779555,46.576187899254634,45.9802801345215,0.6365531619179987,1.5079713803091874,-0.9120636155760522,3.959965329925334,3.8652303798236187,3.553550558506217,0.11935371785962473,0.5077032166712369,-0.19602339535383484,10.848358355849527
2026-09-01 19:10:00,26.411206242057123,26.515429793806565,26.642661542457105,26.06219828686148,27.22312479805273,0.19979152189020152,-0.020967420559602983,-0.38586900507103716,0.3439341639518312,-0.7025653587010758,-0.106264328090937,1015.9642714212309,1015.7838073350794,1016.0650245322798,-0.31966643502432246,-0.25224997556097856,-0.028967221639504714,49.64580172467416,49.807229745886694,47.47515611441401,0.6393328700486449,1.5079713803091874,0.8241022511634952,4.303720481038009,4.260400370160324,3.571288700894774,0.11987491313412091,0.5077032166712369,0.18140845259431337,9.473681303349803
2026-09-01 19:15:00,26.62164059608325,26.81337947032768,26.752945472528477,26.17233332737763,27.333557617679325,0.2006601806810285,-0.020967420559602983,-0.38610580306540776,0.3441709619462018,0.5381845226470467,0.08140141835880499,1015.913788571037,1015.6240060775337,1015.9116446486152,-0.3210562890896456,-0.25224997556097856,-0.0353885955204305,49.5366742774231,50.26712129315929,48.624193988794644,0.6421125781792912,1.5079713803091874,0.1349559240554612,4.194045812642504,4.44265473469236,3.937354564956556,0.1203961084086171,0.5077032166712369,-0.0024030469354325845,0.9349348590817975
2026-09-01 19:20:00,26.38413177709749,26.854096642818316,26.860816153752143,26.280055157216847,27.44157715028744,0.20152883947185546,-0.020967420559602983,-0.3863424475920418,0.3444076064728358,0.094199887363974,0.0142479096257766,1015.8804525399519,1015.2048339583924,1015.5333550322713,-0.3224461431549688,-0.25224997556097856,-0.07627109831787493,50.172716818374624,51.7753519298541,50.14239878594491,0.6448922863099376,1.5079713803091874,0.12498176359999746,2.7148993090570865,2.4202084572068516,2.0170003221868025,0.12091730368311326,0.5077032166712369,-0.1044950816511876,2.3081035821128753
2026-09-01 19:25:00,25.935331948162624,25.750911897333392,25.950718160405454,25.369808350627146,26.531627970183763,0.2023974982626824,-0.020967420559602983,-0.38657893894893847,0.3446440978297325,-1.18239090950566,-0.17883884251245874,1015.7729012713497,1015.4518031432578,1015.5996808875491,-0.3238359972202919,-0.25224997556097856,0.1043722312697355,49.64449744763498,49.6753357163626,48.820454682314235,0.6476719944405838,1.5079713803091874,-0.653090346260818,1.4664719715340786,1.7658266855765943,1.197135814839388,0.12143849895760944,0.5077032166712369,0.06098765406596929,7.319947905221442
2026-09-01 19:30:00,26.88292380317027,27.090806092013864,26.82587766885652,26.24481908394733,27.40693625376571,0.2032661570535094,-0.020967420559602983,-0.38681527743313365,0.3448804363139277,1.8901970171990037,0.285895843716947,1016.1271943430502,1015.9865374989286,1016.0846110418743,-0.32522585128561504,-0.25224997556097856,0.15417643261525882,48.78906514313369,50.240173243919656,48.63159915630296,0.6504517025712301,1.5079713803091874,0.10060270730750887,5.47134357730289,5.47675115139934,4.773819396650047,0.12195969423210563,0.5077032166712369,0.19522853807805696,16.78597878819686
2026-09-01 19:35:00,26.107675039925965,26.43679057470111,26.602052023830918,26.02084470187371,27.183259345788127,0.20413481584433635,-0.020967420559602965,-0.3870514633407046,0.34511662222149864,-0.9539982773343816,-0.14429402857020435,1015.8116767076983,1015.5641831273016,1015.947415811364,-0.3266157053509382,-0.25224997556097856,-0.13098270850139215,50.76971319240527,50.79760694522964,49.103346682213,0.6532314107018764,1.5079713803091874,0.18628888270745136,12.21552004403194,12.585668055999411,11.933586118956072,0.1224808895066018,0.5077032166712369,0.14437872037210298,7.267246415166518
2026-09-01 19:40:00,24.872281233414427,25.11597442304795,25.346771608972592,24.765415588020996,25.928127629924187,0.2050034746351633,-0.020967420559602965,-0.3872874969667738,0.3453526558475678,-1.3872870324244282,-0.20982976536503983,1016.0191768148718,1015.7580470867399,1015.997659188566,-0.3280055594162613,-0.25224997556097856,0.012637873734888672,53.765167747706236,53.743077096541256,51.67768647524922,0.6560111188325226,1.5079713803091874,0.5574192409828527,2.431628243064871,2.8429583650155936,3.0832705845644774,0.12300208478109798,0.5077032166712367,-0.7480154362201206,86.10897250062742
2026-09-01 19:45:00,25.584702996572318,26.052548163885017,25.805843597674475,25.224338915752934,26.387348279596015,0.20587213342599028,-0.020967420559602965,-0.38752337860551367,0.3455885374863077,1.7697102007596115,0.2676719867701465,1016.0427471111971,1015.4550131576218,1015.7805632914263,-0.32939541348158446,-0.25224997556097856,-0.07330015824356906,51.570122012662786,52.88378853430053,51.8164836348864,0.6587908269631689,1.5079713803091874,-0.4406664808950609,1.2340601741887163,0.8556582504925884,0.007716526060478124,0.12352328005559417,0.5077032166712367,0.3402385077608735,25.693630842710654
2026-09-01 19:50:00,25.07282460729057,25.264696333555683,25.392812179625295,24.811158874729095,25.974465484521495,0.20674079221681724,-0.020967420559602965,-0.3877591085501509,0.3458242674309449,-0.7084105584168832,-0.10714842551000814,1015.9435355585397,1015.5046820303915,1015.7315781902994,-0.3307852675469076,-0.25224997556097856,0.025353815653033962,54.52385353971474,55.92297317721465,54.03045006815272,0.6615705350938152,1.5079713803091874,0.3845517287527471,6.880989358081315,6.83055960444324,5.944447946139823,0.12404447533009033,0.5077032166712367,0.3784084416321809,22.47774618619574
2026-09-01 19:55:00,25.505648247066443,25.6763474096369,25.605184743814355,25.023382853909663,26.186986633719048,0.2076094510076442,-0.020967420559602965,-0.38799468709297036,0.3460598459737644,0.609116985436966,0.09213008638214859,1015.7094991527005,1015.4390276757609,1015.6830884829959,-0.33217512161223073,-0.25224997556097856,0.008189168325998253,54.28859146484948,55.63406965748407,54.456197075996606,0.6643502432244615,1.5079713803091874,-0.330098798821723,2.9935317551977882,2.861439119420188,2.807679555490557,0.12456567060458651,0.5077032166712367,-0.45394365274160586,30.8679818082271
2026-09-01 20:00:00,24.674603096170458,25.001547115371597,25.128666406634135,24.546715969658038,25.710616843610232,0.20847810979847117,-0.020967420559602965,-0.3882301145253194,0.34629527340611344,-0.7018218479994083,-0.1061518707029343,1015.8163880547808,1015.5443805706212,1015.7582682865677,-0.3335649756775539,-0.25224997556097856,0.03836225961447326,53.8100462488367,53.424538273617294,52.56412173613087,0.6671299513551078,1.5079713803091874,-0.647554842822764,7.316992488852854,6.898260965209994,6.05229237983751,0.1250868658790827,0.5077032166712367,0.3382653687012471,19.837521954824737
2026-09-01 20:05:00,24.772537056873738,25.001746588453308,24.98291098738895,24.40081204124949,25.565009933528412,0.20934676858929813,-0.020967420559602965,-0.38846539113761247,0.3465305500184065,0.2631572105805162,0.03980302162396043,1015.7348352846741,1015.5820804719511,1015.8246892944138,-0.33495482974287705,-0.25224997556097856,0.009641153098300492,54.68724322928746,54.984392106315575,53.06898238288811,0.6699096594857541,1.5079713803091874,0.40743834311827953,6.067928148545762,5.883776226836518,5.580549340223056,0.12560806115357886,0.5077032166712367,-0.20447633005777544,6.996821575411492
2026-09-01 20:10:00,24.847213560083087,24.97934723980712,24.969544978736906,24.38729756131312,25.551792396160693,0.21021542738012508,-0.020967420559602965,-0.38870051721933463,0.34676567610012865,0.20343338916960718,0.03076968162981686,1015.5865096792862,1015.2284349822061,1015.5703769268165,-0.33634468380820015,-0.25224997556097856,-0.0896919690494542,54.22748603762327,55.55856627884233,53.87080781352511,0.6726893676164003,1.5079713803091874,0.1797870850080301,9.38671937711495,10.245225387122629,9.51498599371631,0.12612925642807504,0.5077032166712367,0.22253617673508153,8.229000010659307
2026-09-01 20:15:00,24.818357488880356,25.132670382968584,25.119062708693324,24.536666857835275,25.701458559551373,0.21108408617095206,-0.020967420559602965,-0.38893549305904623,0.34700065193984025,0.2285928339375829,0.03457509483486376,1015.7551959322593,1015.4783350073868,1015.6596796696438,-0.3377345378735233,-0.25224997556097856,0.07090531330402428,53.921800127403536,54.6305026756017,53.38578479777897,0.6754690757470466,1.5079713803091874,-0.2632535024864566,3.9882249805373147,4.297728401103618,4.234664579187829,0.12665045170257122,0.5077032166712367,-0.44463939475544745,29.25262778122658
2026-09-01 20:20:00,23.818906258853197,23.900353345171645,24.119804851129107,23.53726060465793,24.702349097600283,0.21195274496177902,-0.020967420559602965,-0.389170318944387,0.347235477825181,-1.3122752024053383,-0.19848408539785822,1015.5149505672492,1015.1782823116,1015.4845119447203,-0.33912439193884647,-0.25224997556097856,-0.053979657559352745,57.70375466991987,57.523049176839585,55.46525456365168,0.6782487838776929,1.5079713803091874,0.5498232328787154,5.727980419950553,6.430338457509347,5.5743790192137865,0.1271716469770674,0.5077032166712367,0.34825622162432346,23.351034703028354
2026-09-01 20:25:00,23.992409171593476,24.082995144942217,23.985595661505794,23.402903057213727,24.56828826579786,0.21282140375260597,-0.02096742055960298,-0.3894049951620796,0.3474701540428736,0.7825813973353242,0.11836690399602645,1015.8559193584894,1015.3673637020099,1015.5633026727508,-0.3405142460041696,-0.25224997556097856,0.05631100482014517,57.326491299523724,58.374174142832416,56.88082343972855,0.6810284920083391,1.5079713803091874,-0.014620677205321897,4.348887009154307,4.725309383411371,4.3694201903247265,0.12769284225156358,0.5077032166712367,-0.15181402358459195,5.125172084708909
2026-09-01 20:30:00,23.763714452140402,23.87180571033071,23.868398127410554,23.285557203060975,24.451239051760133,0.21369006254343295,-0.02096742055960298,-0.3896395219979347,0.34770468087872874,0.16115504958957416,0.024375003479761403,1015.5946397076947,1014.9143669079609,1015.2594126956733,-0.34190410006949273,-0.25224997556097856,-0.09279581215139387,55.84676990990254,55.95873230284835,55.20223963868852,0.6838082001389855,1.5079713803091874,-0.7514787161493572,5.488560793245325,5.394221882468842,4.796397138861634,0.12821403752605975,0.5077032166712367,0.0901215269359712,5.083401799920655
2026-09-01 20:35:00,23.520224300536768,24.00539685390431,23.98101483466411,23.398025627991572,24.564004041336645,0.2145587213342599,-0.02096742055960298,-0.38987389973685405,0.34793905861764807,0.2998272892910627,0.04534943979980355,1015.6815812548388,1015.4029387545235,1015.5210845605508,-0.3432939541348159,-0.25224997556097856,0.1341041695336571,59.174109263470115,61.29631705045352,58.72972683614654,0.6865879082696318,1.5079713803091874,1.0586188339977909,4.250002016845879,4.264205890644221,3.829476329724857,0.12873523280055593,0.5077032166712367,-0.07297365575187253,8.740566824287228
2026-09-01 20:40:00,24.31606382077944,23.887287929707384,23.929353445005603,23.346215993715884,24.512490896295322,0.21542738012508686,-0.020967420559602983,-0.390108128662835,0.34817328754362903,-0.13948980588537552,-0.021098094738615458,1015.6813907347888,1015.3627990078506,1015.6196575669002,-0.344683808200139,-0.25224997556097856,-0.004608583488561635,56.29447357117188,58.21971435750676,57.564810348513895,0.689367616400278,1.5079713803091874,-0.853067371316321,2.5146122144347465,2.820399496581891,2.3297195466352436,0.1292564280750521,0.5077032166712367,-0.017023266724589536,3.8304100817098945
2026-09-01 20:45:00,23.6007455909936,23.8961613968621,23.91439284313647,23.331107184906582,24.497678501366355,0.21629603891591384,-0.020967420559602983,-0.3903422090589747,0.34840736793976873,0.01808886189408554,0.002735974285236864,1015.5878714515878,1015.1490715330074,1015.473543926018,-0.34607366226546216,-0.25224997556097856,-0.07222241744966595,57.40415169171357,58.579576957328946,57.12307021966267,0.6921473245309243,1.5079713803091874,-0.051464642642912395,4.631339916806983,4.892369401198442,4.227314546118638,0.1297776233495483,0.5077032166712367,0.15735163840856714,4.128584290453916
2026-09-01 20:50:00,22.763896384204084,22.987915444750872,23.143161407591958,22.559727580070213,23.726595235113702,0.2171646977067408,-0.020967420559602983,-0.3905761412074735,0.34864130008826755,-0.8877810072173453,-0.13427854228148206,1015.7027437072309,1015.1124042324227,1015.3740824805002,-0.3474635163307853,-0.25224997556097856,-0.00942827251651579,60.37936960780012,62.163102004277505,59.892823340961186,0.6949270326615706,1.5079713803091874,0.7623072830071322,4.769533199483066,4.72662941339461,4.3176399998360875,0.13029881862404447,0.5077032166712367,-0.09871380311271416,6.293865674451415
2026-09-01 20:55:00,23.465599359007136,23.34745862365708,23.2382544986688,22.654672539474834,23.82183645786277,0.21803335649756775,-0.020967420559602983,-0.3908099253896396,0.3488750842704336,0.8606276464878952,0.13017154554788135,1015.5316621581372,1015.2772697149024,1015.4746625409115,-0.3488533703961084,-0.25224997556097856,0.054857149551935436,57.98779904584402,58.73733886673494,58.12386838084061,0.6977067407922168,1.5079713803091874,-0.8945008944148611,7.094604365442188,6.772426428166967,6.173840133517889,0.13082001389854064,0.5077032166712367,0.0908830779778409,7.4181001037349725
2026-09-01 21:00:00,23.778310117984887,24.059157489100485,23.947251631306433,23.36352157803123,24.530981684581636,0.21890201528839473,-0.020967420559602983,-0.39104356188589223,0.34910872076668625,0.878490121242173,0.1328732783536566,1015.7217784588122,1015.3316472232215,1015.5684522330164,-0.3502432244614316,-0.25224997556097856,0.0154449657660507,55.54100952881173,56.853845973234606,55.73326020570236,0.7004864489228632,1.5079713803091874,-0.3873856127769386,6.342891098231584,7.4605606636212425,7.008835535714357,0.13134120917303682,0.5077032166712367,-0.055978088764351064,3.112509548796576
2026-09-01 21:05:00,23.17429571076714,23.48921678321267,23.66319332905315,23.0793152192591,24.2470714388472,0.21977067407922168,-0.020967420559602965,-0.39127705097576654,0.34934220985656056,-1.0116180370096153,-0.15300912528087807,1015.3773034278095,1015.1092015576379,1015.4251218974048,-0.35163307852675474,-0.25224997556097856,-0.06367036420590466,60.49777450909674,62.383216902391915,59.49213889804366,0.7032661570535095,1.5079713803091874,1.3831066240390655,5.742232176441479,5.83174967918617,5.429001726932594,0.131862404447533,0.5077032166712367,-0.10495526441766057,14.330559443661762
2026-09-01 21:10:00,21.986372495027133,22.324939674168665,22.525601690842578,21.941575562063505,23.10962781962165,0.22063933287004864,-0.020967420559602965,-0.39151039293791656,0.3495755518187106,-1.1880487144063814,-0.1796945961143095,1015.5861064627412,1015.5126908097109,1015.6722354320592,-0.35302293259207784,-0.25224997556097856,0.09270535321263651,63.07364262564458,63.97608743626419,62.32509487211217,0.7060458651841557,1.5079713803091874,0.14302118384283347,1.9080070110690885,1.9426689428363315,1.530556597821858,0.13238359972202918,0.5077032166712367,-0.09559087165676328,5.782532552821098
2026-09-01 21:15:00,22.23426613116645,21.925408510218336,21.88942299543847,21.305248885179658,22.47359710569728,0.22150799166087562,-0.020967420559602965,-0.39174358805011966,0.3498087469309137,0.3765436639434867,0.056952935339470656,1015.8456731158425,1015.1700456971372,1015.5109727085085,-0.354412786657401,-0.25224997556097856,-0.08867703581029218,62.79040980328192,63.2950856393853,62.41255216179909,0.708825573314802,1.5079713803091874,-0.6254379027229788,6.210786301041113,6.377691435209228,5.499899542846336,0.13290479499652535,0.5077032166712367,0.3700886756916555,22.772814446373243
2026-09-01 21:20:00,22.769670859071752,23.265325391894343,22.97007417968812,22.385752125426368,23.55439623394987,0.22237665045170257,-0.020967420559602965,-0.39197663658928017,0.3500417954700742,2.0906757813117665,0.3162186327658283,1015.3921062465126,1014.9313634844846,1015.2427003460394,-0.35580264072272416,-0.25224997556097856,-0.059086885993906435,60.818288039949415,60.16619575485317,59.539399339660825,0.7116052814454483,1.5079713803091874,-0.8811749651168412,4.581066448706461,4.641673862184174,4.4034823337512785,0.13342599027102153,0.5077032166712367,-0.2695116882383415,25.32122292111723
2026-09-01 21:25:00,21.81597099056846,21.89166895887402,22.187631386442757,21.6031614256264,22.772101347259113,0.22324530924252953,-0.020967420559602965,-0.39220953883143334,0.35027469771222736,-1.818126263171223,-0.2749950070091316,1015.4273577321828,1015.038758895398,1015.2345392991497,-0.35719249478804727,-0.25224997556097856,0.05646957180931622,63.466931484752095,64.114809653751,61.6389862653981,0.7143849895760945,1.5079713803091874,0.9678520080437067,8.241297427487924,8.412063285345086,7.676906566980412,0.1339471855455177,0.5077032166712367,0.2274535016934376,20.5505812013199
2026-09-01 21:30:00,22.113962426702972,22.475389944086967,22.37340202717787,21.788784197226825,22.958019857128917,0.2241139680333565,-0.020967420559602965,-0.39244229505174916,0.3505074539325432,0.8129177714179256,0.12295533746869935,1015.5924147123069,1015.4520562895756,1015.5831985577952,-0.3585823488533704,-0.25224997556097856,0.12110770734136622,62.866898133842156,64.24280137919875,62.72346523213393,0.7171646977067409,1.5079713803091874,0.011364766755633582,8.73810779194681,9.25866035860175,8.869306053820443,0.1344683808200139,0.5077032166712367,-0.11834891188992991,5.233078513259893
2026-09-01 21:35:00,22.08502476724741,22.45822215020805,22.47246974415427,21.887704082460058,23.057235405848484,0.22498262682418346,-0.020967420559602965,-0.39267490552453577,0.3507400644053298,0.0444280548313607,0.006719826613384328,1015.5279254979008,1014.9224928421012,1015.3147645148123,-0.3599722029186936,-0.25224997556097856,-0.14002169715013224,62.69266855108516,64.16911969897666,62.881886716013724,0.7199444058373872,1.5079713803091874,-0.22073839734625267,1.3100633970047095,1.4076884291932925,1.2898368913081573,0.13498957609451007,0.5077032166712367,-0.3898516787861015,24.126368656483677
2026-09-01 21:40:00,21.24455248109994,21.295064349591094,21.504900939895204,20.919987483821,22.08981439596941,0.22585128561501042,-0.020967420559602965,-0.392907370523244,0.350972529404038,-1.248706300345404,-0.18886916974450685,1015.5384993211608,1015.4675164180288,1015.6031711584549,-0.3613620569840167,-0.25224997556097856,0.11659523513492331,67.00868232630322,68.13489849284598,65.97611473771599,0.7227241139680334,1.5079713803091874,0.6508123748208021,7.209761634945606,6.996459274516283,5.891306089357778,0.13551077136900624,0.5077032166712367,0.5974499684872683,58.39657551172542
2026-09-01 21:45:00,21.433160780876722,21.79197271575287,21.64890708658895,21.06384587346961,22.233968299708287,0.2267199444058374,-0.020967420559602965,-0.3931396903204703,0.3512048492012643,1.084502584152407,0.16403304972352473,1015.5433638818246,1015.2009903560102,1015.5228657162041,-0.36275191104933985,-0.25224997556097856,-0.06962538463301371,61.84897637934043,62.14144092546932,62.13629135684502,0.7255038220986797,1.5079713803091874,-1.502821811684889,1.0781447133972581,1.1656835416971771,1.1465838830414032,0.13603196664350242,0.5077032166712367,-0.48860355801546285,49.05639834738592
2026-09-01 21:50:00,20.003677905505697,20.15416786051989,20.394723165193344,19.809514232335452,20.979932098051236,0.22758860319666435,-0.020967420559602965,-0.39337186518796097,0.351437024068755,-1.4518027200702335,-0.21958788411384944,1015.5483485082559,1015.1698066438811,1015.4437948636073,-0.364141765114663,-0.25224997556097856,-0.021738244165248943,70.72078434798075,69.867610623052,66.72229451423114,0.728283530229326,1.5079713803091874,1.6373447285116782,3.720345969245607,3.7175785967406325,2.8643852007957538,0.1365531619179986,0.5077032166712367,0.345490179273642,35.96151182919824
2026-09-01 21:55:00,20.73528550584817,20.54946733196803,20.387766703655828,19.80241008833772,20.973123318973936,0.2284572619874913,-0.020967420559602965,-0.39360389539661594,0.35166905427740996,1.2077076624342133,0.18266804887180754,1015.60173391439,1015.2064933307273,1015.4430042854858,-0.3655316191799861,-0.25224997556097856,0.015739020802470804,67.24140933417512,67.57630049413129,66.73835459098376,0.7310632383599722,1.5079713803091874,-0.6700254771616585,4.862265280840988,5.426509319207537,4.9374953333890295,0.13707435719249478,0.5077032166712367,-0.01868923085272911,5.914169573932302
2026-09-01 22:00:00,20.890584130986277,21.353458436870152,21.19618361598936,20.610679355461162,21.781687876517555,0.2293259207783183,-0.020967420559602965,-0.39383578121649193,0.35190094009728595,1.1784464885158066,0.17824224144039746,1015.4777871051799,1015.0454261771076,1015.3262240233602,-0.36692147324530927,-0.25224997556097856,-0.028547870691568278,67.36955407422471,67.85992112387217,66.57335816858603,0.7338429464906185,1.5079713803091874,-0.2214084250230428,2.2019727039265917,2.690903975814854,2.392843677882218,0.13759555246699096,0.5077032166712367,-0.20964291873860086,9.97461753443508
2026-09-01 22:05:00,20.340856494801358,20.416042081767255,20.646831906293034,20.0611800377767,21.232483774809367,0.23019457956914524,-0.020967420559602965,-0.39406752291680663,0.35213268179760066,-1.387238362622199,-0.20982240396617513,1015.3599722986088,1015.1488784851886,1015.3651577187263,-0.36831132731063243,-0.25224997556097856,0.03597074202320982,70.34297791203421,70.82925739290347,68.8017170903454,0.7366226546212649,1.5079713803091874,0.5195689222488795,6.4414774753384885,6.611851723209216,5.809835433110286,0.13811674774148713,0.5077032166712367,0.2943130734276931,18.54813541453133
2026-09-01 22:10:00,21.343151749073296,21.40331629488566,21.255713987675986,20.669914548365334,21.841513426986637,0.2310632383599722,-0.020967420559602965,-0.39429912076594203,0.35236427964673606,1.1144967778370258,0.16856972776927748,1015.4756216424611,1014.9456423479728,1015.2352916762155,-0.36970118137595553,-0.25224997556097856,-0.03739935268174577,64.51410353007338,65.74835097840764,65.45069036203166,0.7394023627519111,1.5079713803091874,-1.210310763933208,0.5037771927495267,0.2587943793197331,0.19463179043161105,0.1386379430159833,0.5077032166712367,-0.4435406277831147,38.759823772767255
2026-09-01 22:15:00,19.97027782148233,20.121596545025785,20.377226180020205,19.791279207080954,20.963173152959456,0.23193189715079918,-0.020967420559602965,-0.3945305750314484,0.3525957339122424,-1.5514664781666134,-0.23466221443481672,1015.6369395846469,1015.3176606764522,1015.4749251374037,-0.3710910354412787,-0.25224997556097856,0.09498551460944782,70.01505718438064,72.34578038407507,69.39584511019659,0.7421820708825574,1.5079713803091874,1.4419638935692944,2.363356512632155,2.1347479718906506,1.275420265576841,0.1391591382904795,0.5077032166712367,0.35162448964257287,35.15722248379136
2026-09-01 22:20:00,20.220463040609044,20.507710941616146,20.408811352223985,19.82271688279378,20.99490582165419,0.23280055594162613,-0.020967420559602965,-0.3947618859800474,0.35282704486084143,0.7924993302655743,0.11986700995176491,1015.30785256789,1014.8777444285273,1015.2377403069183,-0.37248088950660185,-0.25224997556097856,-0.10774590283006091,68.96578778684857,69.80957292733466,68.97432132448519,0.7449617790132037,1.5079713803091874,-0.6727197774597187,5.128287960406652,5.2725052724469945,4.693327664235881,0.13968033356497567,0.5077032166712367,0.07147439153987634,5.868237832568962
2026-09-01 22:25:00,20.304991476188818,20.527206608756853,20.513527705583,19.927285776771463,21.09976963439454,0.23366921473245308,-0.020967420559602965,-0.3949930538776362,0.35305821275843025,0.229063762965108,0.034646323733454665,1015.1558514077859,1014.6676606469368,1014.9645232563405,-0.37387074357192496,-0.25224997556097856,-0.04461263384268932,67.15833152277894,67.73268757859762,66.82142320822773,0.7477414871438499,1.5079713803091874,-0.5967070099392942,6.156855110367297,6.397953530003153,5.994451352262518,0.14020152883947185,0.5077032166712367,-0.10420103893060162,3.727772541900863
2026-09-01 22:30:00,20.68755451323641,21.031705771701123,20.98166260328051,20.395273252169257,21.56805195439176,0.23453787352328007,-0.020967420559602965,-0.39522407898929063,0.35328923787008465,0.4694856760941235,0.07101058898021861,1015.4407959217716,1015.4534316004869,1015.4891221293866,-0.3752605976372481,-0.25224997556097856,0.21655944666122195,67.98589807874315,68.52904182361438,66.69069865916418,0.7505211952744962,1.5079713803091874,0.33037178414100765,8.66947943322485,8.697815311541001,8.140845501838871,0.14072272411396802,0.5077032166712367,0.04926659303089309,6.667380341248181
2026-09-01 22:35:00,19.397252359741373,19.36476101874975,19.687055101699002,19.100518365341703,20.2735918380563,0.23540653231410702,-0.020967420559602965,-0.3954549615792688,0.3535201204600628,-1.9922176938512912,-0.30132666238964845,1015.2277294537021,1014.9139366122125,1015.3029945330641,-0.3766504517025713,-0.25224997556097856,-0.1368079452905704,72.25588592070206,73.10869463763338,70.5492446286988,0.7533009034051426,1.5079713803091874,1.0514786286253894,6.081082423893815,6.0782754680201085,5.781940874376992,0.1412439193884642,0.5077032166712367,-0.21136862302811998,23.74709346114732
2026-09-01 22:40:00,20.29968224317019,20.387480160188975,20.149639656794324,19.562955572216712,20.736323741371937,0.23627519110493397,-0.020967420559602965,-0.3956857019110149,0.3537508607918089,1.7111055534271173,0.25880792395425445,1014.8892218128125,1014.6031713387438,1014.9477444574334,-0.3780403057678944,-0.25224997556097856,-0.092323143128624,65.11912232082081,65.21256792407789,65.56287694684517,0.7560806115357888,1.5079713803091874,-1.8582804030764635,5.805220533868452,5.7691458785778185,5.160461526432169,0.14176511466296038,0.5077032166712367,0.10098113547441301,27.235744522226362
2026-09-01 22:45:00,19.703661287728718,19.91760572316017,20.00085546087815,19.414024065078067,20.587686856678232,0.23714384989576096,-0.020967420559602965,-0.3959163002471624,0.3539814591279564,-0.41177880932594135,-0.06228231715837396,1015.3097901495261,1015.1010265067931,1015.2053466061099,-0.37943015983321754,-0.25224997556097856,0.14792987624423404,69.50571723263269,70.36073639929597,67.63906334657172,0.7588603196664351,1.5079713803091874,1.2137016724150698,3.8946773391160154,4.029945460980288,3.576550008775739,0.14228630993745656,0.5077032166712367,-0.05430776446668695,10.839831425783254
2026-09-01 22:50:00,19.1745108618947,19.79210082911303,19.828499384497952,19.241520714445393,20.415478054550512,0.2380125086865879,-0.020967420559602965,-0.3961467568495377,0.35421191573033173,-0.10202276689161494,-0.015431134825320214,1015.0680909193011,1014.4740684136048,1014.8551425171245,-0.3808200138985407,-0.25224997556097856,-0.12882412795875098,71.91443666358045,73.03672656044297,70.91665330763504,0.7616400277970814,1.5079713803091874,0.6121018724987408,0.19717719448594928,0.0,-0.40343794910556285,0.14280750521195273,0.5077032166712367,-0.10426526756567389,5.351285106340203
2026-09-01 22:55:00,19.621958857681832,19.838077517476496,19.830717308933508,19.24359140157064,20.417843216296376,0.23888116747741486,-0.020967420559602965,-0.3963770719791635,0.3544422308599575,0.18728778753094488,0.028327629102591345,1015.0986250098279,1014.9792589282323,1015.1002383194278,-0.3822098679638638,-0.25224997556097856,0.13127058436543848,69.1219770996154,70.05414568640273,69.5145642838674,0.7644197359277276,1.5079713803091874,-0.9683899777738532,1.9678502236320294,1.7807809354875654,1.0152197299462893,0.1433287004864489,0.5077032166712367,0.2578579888700394,16.3117460739983
2026-09-01 23:00:00,19.389262107412392,19.84605638641296,19.857532508698682,19.27025940093989,20.444805616457476,0.23974982626824184,-0.020967420559602965,-0.39660724589626234,0.35467240477705636,0.0627516072055947,0.00949129827388262,1015.1238650848884,1014.3639217860849,1014.7474215308666,-0.38359972202918696,-0.25224997556097856,-0.13124976922074438,70.35152408350841,71.48475707477061,69.82079974930808,0.7671994440583739,1.5079713803091874,0.15598594515334696,4.80978180394191,4.765516446068649,4.20287417316028,0.1438498957609451,0.5077032166712367,0.054939056237132355,2.4851216508483702
2026-09-01 23:05:00,18.944649335269585,19.192978854085517,19.313893174613806,18.72647290334572,19.901313445881893,0.2406184850590688,-0.020967420559602965,-0.39683727886026,0.354902437741054,-0.6607977567737358,-0.09994689996868544,1015.0625044389775,1014.5621999013772,1014.7525799800416,-0.3849895760945101,-0.25224997556097856,0.061869896896610044,74.9374824280288,76.05445966769665,73.65315475103533,0.7699791521890202,1.5079713803091874,0.8933335363521309,5.831893107292049,6.338515156813066,5.90444773799553,0.14437109103544127,0.5077032166712367,-0.07363579785370078,6.357979274699957
2026-09-01 23:10:00,19.09039007608518,19.23514549244756,19.197921963171396,18.610354565252933,19.78548936108986,0.24148714384989575,-0.020967420559602965,-0.3970671711297888,0.3551323300105828,0.38472878226395935,0.05819094983576889,1015.0981611366709,1014.6429269555342,1014.8491173417558,-0.3863794301598332,-0.25224997556097856,0.046059589339392915,75.48632030256537,74.8415618170879,73.95077186446676,0.7727588603196665,1.5079713803091874,-0.6171814276880525,4.042920202379101,3.943668396110359,3.6114973888196187,0.14489228630993745,0.5077032166712367,-0.17553220938049607,6.948459865959363
2026-09-01 23:15:00,18.788769156978187,18.981780074796024,19.005821434811967,18.418106947074364,19.59353592254957,0.24235580264072273,-0.020967420559602965,-0.3972969229626912,0.3553620818434852,-0.020323314658512004,-0.0030739394563390476,1014.8821445753572,1014.5816337958777,1014.8476178550145,-0.3877692842251564,-0.25224997556097856,-0.013734083575855038,75.76064826986774,77.04568296503439,75.41861444592669,0.7755385684503128,1.5079713803091874,0.1190971387985087,6.299484358908491,6.499038283042286,5.769669421948079,0.14541348158443362,0.5077032166712367,0.22166564442297076,7.105906192369989
2026-09-01 23:20:00,18.871474652185302,19.081015171211074,19.05885291533666,18.47099137458351,19.646714456089814,0.2432244614315497,-0.020967420559602965,-0.39752653461602305,0.3555916934968171,0.2851513498358216,0.04312967643401677,1014.9780296630536,1014.6216782646843,1014.8710707955468,-0.38915913829047954,-0.25224997556097856,0.0028574446985203394,73.18254580467926,73.42405220473026,72.85787738057974,0.7783182765809591,1.5079713803091874,-0.9417965561586641,4.72442157440759,4.9383190765458185,4.605253591282338,0.1459346768589298,0.5077032166712367,-0.1746377314077563,9.107377317463769
2026-09-01 23:25:00,18.976895076018067,19.341717344032592,19.318150055207056,18.730141498214326,19.906158612199786,0.24409312022237664,-0.020967420559602965,-0.397756006346057,0.35582116522685103,0.2944407087112353,0.04453470938513959,1014.813565973171,1014.3979947697104,1014.7043371976347,-0.39054899235580265,-0.25224997556097856,-0.05409245236330662,74.69328600368571,74.59771265799415,72.74743161273224,0.7810979847116053,1.5079713803091874,0.3423096649527224,1.5268948845387103,2.062725708370365,1.620725443900281,0.14645587213342598,0.5077032166712367,-0.06570295220115296,1.7540064236687725
2026-09-01 23:30:00,19.23527942382813,19.75516345635664,19.739263884089542,19.151108347605636,20.32741942057345,0.24496177901320362,-0.020967420559602965,-0.3979853384082856,0.3560504972890796,0.2437456906268487,0.03686699282670247,1014.9125615575413,1014.518823109426,1014.7320173563105,-0.3919388464211258,-0.25224997556097856,0.03905572867643059,72.465910984242,72.36622721480026,71.13129219613816,0.7838776928422516,1.5079713803091874,-0.2730363616470868,2.5396266124636853,3.0653769019608523,2.379545685232383,0.14697706740792216,0.5077032166712367,0.1781280000572325,5.224251431834344
2026-09-01 23:35:00,17.997482604459563,18.315249211800857,18.60648219173328,18.018179712479053,19.19478467098751,0.24583043780403058,-0.020967420559602965,-0.39821453105742516,0.3562796899382192,-1.7868575755998002,-0.27026555937282026,1014.8410690051402,1014.3010368511253,1014.589974246209,-0.39332870048644897,-0.25224997556097856,-0.03668741952265009,77.61598099928196,78.74947168863288,75.79626915934219,0.7866574009728979,1.5079713803091874,1.445231148981506,7.44548543496725,7.575732807011194,6.913139100168609,0.14749826268241834,0.5077032166712367,0.15489049017134882,22.033339457098666
2026-09-01 23:40:00,19.240514459096204,19.72462909143941,19.443330157413193,18.85488077208199,20.031779542744395,0.24669909659485753,-0.020967420559603,-0.39844358454741835,0.35650874342821237,1.9984304577837726,0.3022663545858215,1014.5532321187226,1013.9339287049982,1014.2539250563178,-0.39471855455177207,-0.25224997556097856,-0.06774637575870202,69.9153414364452,70.52671860376887,70.93680678076197,0.7894371091035441,1.5079713803091874,-1.9180595573022856,6.248413809583399,6.2537878451834805,6.010775367887244,0.1480194579569145,0.5077032166712367,-0.2646907393750002,39.07851629824455
2026-09-01 23:45:00,17.504163019463586,17.558772827323335,17.941926873927965,17.353330619185655,18.530523128670275,0.2475677553856845,-0.020967420559603,-0.39867249913143804,0.35673765801223206,-2.3945926296762607,-0.3621866260450268,1014.7989719305926,1014.5118402653259,1014.5909466862491,-0.39610840861709523,-0.25224997556097856,0.17314355463770426,77.42339711816828,76.87003890821414,73.96488532614764,0.7922168172341905,1.5079713803091874,1.3971822017573174,8.252805813101569,8.202196535485273,7.555602157848993,0.1485406532314107,0.5077032166712367,0.13889116096504317,30.00176099238504
2026-09-01 23:50:00,18.125032902240598,18.290543214654303,18.083950364523893,17.495207277008912,18.672693452038875,0.24843641417651147,-0.020967420559603,-0.39890127506189027,0.3569664339426843,1.50451206040308,0.22756027069001306,1014.4959362188731,1014.202493873071,1014.5182750738801,-0.3974982626824184,-0.25224997556097856,-0.06353122524808441,76.30168508119138,77.47911185871004,75.87160732170265,0.7949965253648368,1.5079713803091874,0.09953315669820029,1.9450208880814737,2.0217637698476465,1.8598019292339663,0.14906184850590687,0.5077032166712367,-0.3457413760575565,23.034949819943762
2026-09-01 23:55:00,18.32491993857006,18.429364504695865,18.381570902168804,17.792681018492175,18.970460785845432,0.24930507296733842,-0.020967420559603,-0.39912991259041786,0.3571950714712119,0.45461269757612754,0.06876102308666532,1014.6355160580925,1014.4743020976184,1014.6791694285007,-0.3988881167477415,-0.25224997556097856,0.04738264467869158,76.46670367519047,76.1127934040469,75.20112757046,0.797776233495483,1.5079713803091874,-0.5963055467222915,11.831617323784977,11.8509903612683,10.644940978458806,0.14958304378040305,0.5077032166712367,0.6983461661382577,72.16402451227393
2026-09-02 00:00:00,18.108977253363975,18.42203990329711,18.4682072398989,17.879170596644276,19.05724388315352,0.2501737317581654,-0.020967420559603,-0.39935841196790295,0.35742357084869697,-0.16660894931987968,-0.02519991604218319,1014.5050930970102,1013.9863125616749,1014.3618255897981,-0.4002779708130646,-0.25224997556097856,-0.12326305256215164,77.1154338501673,78.027846878608,76.26011926584809,0.8005559416261292,1.5079713803091874,0.25975623245072654,2.6660629243123473,2.982255386174716,3.2848243210814587,0.15010423905489922,0.5077032166712369,-0.8102721515779794,95.78678426331788
2026-09-02 00:05:00,17.65767195819507,17.83692267170818,17.967162277844633,17.377978911568334,18.55634564412093,0.25104239054899236,-0.020967420559603,-0.39958677344447086,0.3576519323252649,-0.7224517731872453,-0.10927218557684881,1014.6591358949654,1014.3613903516322,1014.5163109386824,-0.4016678248783878,-0.25224997556097856,0.09732938851072959,77.96515499821152,78.95928978850674,77.37011800903058,0.8033356497567756,1.5079713803091874,0.08120039916697408,0.5987125481125462,0.8754309276875027,0.0947010641349193,0.1506254343293954,0.5077032166712369,0.2730266468813466,12.989106749747123
2026-09-02 00:10:00,17.73689884538864,18.1347644821353,18.068149716312913,17.47881966354395,18.657479769081878,0.25191104933981934,-0.020967420559603,-0.39981499726949316,0.3578801561502872,0.5790485979324238,0.08758218638199011,1014.2810166424241,1013.8354029542257,1014.1945031490386,-0.403057678943711,-0.25224997556097856,-0.1068502192518963,77.11674772211954,78.631324745363,77.37003730856756,0.806115357887422,1.5079713803091874,-0.24668394351374445,13.428456625669927,13.757143612617323,12.559918977794375,0.1511466296038916,0.5077032166712369,0.6895214181517115,70.23539867441329
2026-09-02 00:15:00,17.539607396235134,17.606186762039293,17.695726306996313,17.106249604236424,18.285203009756202,0.25277970813064626,-0.020967420559603,-0.4000430836915906,0.3581082425723846,-0.4533637961079364,-0.06857212439741645,1014.190995534713,1013.965119249483,1014.1663553182145,-0.404447533009034,-0.25224997556097856,0.05101390682943929,79.32370815915525,81.55795105434679,79.5811308950214,0.808895066018068,1.5079713803091874,0.4688487790161986,3.1594936002728247,3.6889465385820626,4.204783236308913,0.15166782487838776,0.5077032166712369,-1.023539914398087,151.40027997316187
2026-09-02 00:20:00,17.42102365961635,17.68327822120208,17.657121802165634,17.067498485889324,18.246745118441943,0.25364836692147325,-0.020967420559602993,-0.40027103295863636,0.3583361918394304,0.3115587127303918,0.04712383959605049,1014.1670777423168,1013.9145347717441,1014.1478168469375,-0.40583738707435724,-0.25224997556097856,0.018967900367556467,78.56665072955293,78.28658444298121,77.65413098687164,0.8116747741487145,1.5079713803091874,-0.8755179241996132,5.775468538270082,6.486518294843019,5.436083526117363,0.15218902015288394,0.5077032166712369,0.5427315520544189,46.243423487528844
2026-09-02 00:25:00,17.91991006288242,18.31179867079717,18.21752266087811,17.627752767532687,18.807292554223533,0.2545170257123002,-0.020967420559602993,-0.4004988453177594,0.35856400419855344,0.7619305888133852,0.11524343047866381,1014.0488695671247,1013.6733237358686,1013.9665989298379,-0.4072272411396804,-0.25224997556097856,-0.04102521840832196,78.2084210075387,78.98089640496762,77.32016873521962,0.8144544822793608,1.5079713803091874,0.1527562894388126,2.425076820279732,2.615186053729379,2.359738566397022,0.15271021542738014,0.5077032166712369,-0.2522557293388794,10.791971677953438
2026-09-02 00:30:00,17.649547413162928,17.491872542657934,17.686549054864095,17.09663262086969,18.2764654888585,0.25538568450312715,-0.020967420559602993,-0.4007265210153474,0.3587916798961414,-1.1484756218273269,-0.17370909164655757,1014.1364732829769,1013.676926664272,1013.9070196276805,-0.40861709520500344,-0.25224997556097856,0.022157012152433708,77.01315110818071,77.60931706255533,76.24091650014927,0.8172341904100069,1.5079713803091874,-0.13957081790312031,5.124290820430808,5.60736136255138,4.820480851086647,0.1532314107018763,0.5077032166712369,0.27917729479349607,14.46780916638553
2026-09-02 00:35:00,17.159654517695234,17.84023512245523,17.781060034657717,17.190997096407337,18.371122972908097,0.25625434329395413,-0.020967420559603003,-0.40095406029704983,0.35901921917784385,0.5298612539378098,0.08014250835711678,1013.6939761157219,1013.4281089932427,1013.7123839410468,-0.41000694927032666,-0.25224997556097856,-0.032024972243107186,79.52687201422074,80.69388566153016,78.43260532946118,0.8200138985406533,1.5079713803091874,0.7533089517597915,8.420159783773627,8.468414334599736,7.957964653923428,0.15375260597637247,0.5077032166712369,0.0027464640050709477,3.7109298929745784
2026-09-02 00:40:00,17.730171724736067,17.930664349844875,17.927862210452986,17.337652804312526,18.518071616593446,0.2571230020847811,-0.020967420559603003,-0.40118146340778105,0.35924662228857507,0.1571521668042486,0.02376955995149288,1013.6961461336871,1013.38178500884,1013.6158331812235,-0.4113968033356498,-0.25224997556097856,0.018201803177475995,76.26052962057229,77.25585824399047,76.53595632263126,0.8227936066712996,1.5079713803091874,-0.7880694589499768,3.416774854256607,3.9265507505823805,3.7553662409080966,0.15427380125086868,0.5077032166712369,-0.33651870699695285,19.446652833801043
2026-09-02 00:45:00,17.4302307382251,17.28321441636547,17.41708100921177,16.826725171520067,18.007436846903474,0.25799166087560804,-0.020967420559603003,-0.4014087305917238,0.3594738894725178,-0.7464315532751442,-0.11289917228669566,1013.6096729088476,1013.0942201911338,1013.3807542859724,-0.41278665740097287,-0.25224997556097856,-0.03428411927768593,77.07312147028658,77.61665779089923,75.99104490326675,0.8255733148019457,1.5079713803091874,0.1176415073232846,5.7931282130333575,6.266375956711476,5.454273953972148,0.15479499652536483,0.5077032166712369,0.30439878606809145,14.771595265373383
2026-09-02 00:50:00,17.57292842553073,17.863407524912525,17.753717643769175,17.163215410838028,18.344219876700322,0.258860319666435,-0.020967420559603003,-0.4016358620923314,0.3597010209731254,0.8638392176092857,0.13065730170295353,1013.825941463584,1013.2125951510958,1013.4016894022275,-0.4141765114662961,-0.25224997556097856,0.06315572442929351,79.9376131967009,80.4132444687448,78.20700442708738,0.8283530229325922,1.5079713803091874,0.698268661348223,2.5092071335521706,2.967048116334929,2.6944032689038284,0.155316191799861,0.5077032166712369,-0.23505836924013623,12.639737807151064
2026-09-02 00:55:00,17.443627300284266,17.710044972336156,17.76536737731447,17.174718785428674,18.356015969200264,0.259728978457262,-0.020967420559603003,-0.40186285815233164,0.35992801703312566,-0.22713757650303634,-0.03435498441870877,1013.8514885185044,1013.3926422178705,1013.5794874918992,-0.41556636553161924,-0.25224997556097856,0.06540470153231581,79.71818487726907,79.65615692418507,78.44173467618913,0.8311327310632385,1.5079713803091874,-0.2935491323132453,5.445510527128585,5.629568866560399,4.871901243882656,0.1558373870743572,0.5077032166712369,0.24996440600650693,9.959790284767237
2026-09-02 01:00:00,16.807713802677046,17.051932564010638,17.184656800895745,16.593861886313135,17.775451715478354,0.26059763724808893,-0.020967420559603003,-0.4020897190137294,0.36015487789452344,-0.7388788802374577,-0.11175681632550294,1013.488725550999,1013.2990814037042,1013.5814303575711,-0.4169562195969423,-0.25224997556097856,-0.030098978305886703,83.45723500024569,85.08143670536478,82.68320320449428,0.8339124391938846,1.5079713803091874,0.8902621205613173,3.5223693601318677,3.478220493283455,3.173371447044943,0.15635858234885336,0.5077032166712369,-0.2028541704327247,11.36650486603475
2026-09-02 01:05:00,16.866341877659803,17.326046396284053,17.251727017803603,16.66078581675508,17.842668218852126,0.2614662960389159,-0.020967420559603003,-0.4023164449178099,0.3603816037986039,0.6299875541467124,0.09528679904005344,1013.3866112092991,1013.1402382094467,1013.4427160150158,-0.4183460736622655,-0.25224997556097856,-0.050227830008111596,83.38287108079676,84.58692657340092,83.63720576469734,0.836692147324531,1.5079713803091874,-0.5582505716056119,2.6789739833031554,2.417495229566862,1.8711094724429733,0.15687977762334954,0.5077032166712369,0.03868254045265207,3.0566136800680104
2026-09-02 01:10:00,17.344021504673805,17.755845453788957,17.69295419839003,17.10186674707959,18.28404164970047,0.2623349548297429,-0.020967420559603003,-0.402543036105141,0.36060819498593505,0.5544306524441929,0.08385867595853114,1013.3280825835664,1012.7414975353881,1013.0757067232182,-0.41973592772758866,-0.25224997556097856,-0.08195921226911196,77.0058942910766,78.57958070476788,78.65413514699787,0.8394718554551773,1.5079713803091874,-1.582525822539182,3.3711277004285383,3.516517511070054,2.9056814959377117,0.15740097289784574,0.5077032166712369,0.10313279846110568,15.879684518231645
2026-09-02 01:15:00,17.247548302966084,17.57032715479142,17.660573262135784,17.06933959674056,18.25180692753101,0.2632036136205698,-0.020967420559603003,-0.40276949281557733,0.36083465169637136,-0.45803522504392546,-0.06927868678475946,1013.3956528641367,1012.7993634699587,1012.9948667020079,-0.4211257817929117,-0.25224997556097856,0.05674674351178055,79.38480268531742,79.97873733972283,77.87470906229069,0.8422515635858234,1.5079713803091874,0.5960568971229492,2.4413966934535023,3.059222624300599,2.622329601656536,0.1579221681723419,0.5077032166712369,-0.0708101940271737,3.4077665289613357
2026-09-02 01:20:00,16.95695937681807,17.311062776018797,17.387427873154827,16.79604802982512,17.978807716484535,0.2640722724113968,-0.020967420559603003,-0.4029958152882623,0.3610609741690563,-0.3662610888746869,-0.055397676576426136,1012.9842814486424,1012.7529683902361,1012.9707938180286,-0.42251563585823493,-0.25224997556097856,0.03442454776848081,79.82957249585552,80.14913539261643,78.21304441812491,0.8450312717164699,1.5079713803091874,0.42811959418233414,8.380838069793501,8.446327962831118,7.686494738868047,0.15844336344683807,0.5077032166712369,0.252130007291834,10.469095932096483
2026-09-02 01:25:00,16.977810013868975,17.22187925518358,17.231879312112373,16.640353326971674,17.82340529725307,0.2649409312022238,-0.020967420559603003,-0.4032220037616312,0.3612871626424252,0.07251059599880705,0.010967363630811633,1013.0594343274594,1012.4651834518222,1012.7603925056928,-0.4239054899235581,-0.25224997556097856,-0.04295907830965007,83.405330537382,83.39048946392573,81.14285336269421,0.8478109798471162,1.5079713803091874,0.7396647209223346,3.9129245775964008,4.307427111955752,4.216194903042341,0.15896455872133428,0.5077032166712369,-0.416471007757826,27.778547354214076
2026-09-02 01:30:00,17.41115705824999,18.03206481809105,17.90362583172308,17.311953740868127,18.495297922578033,0.2658095899930507,-0.020967420559603003,-0.4034480584734147,0.3615132173542087,0.9877987068763545,0.14940640692757512,1013.0686020979364,1012.7197010524939,1012.8878731971037,-0.42529534398888114,-0.25224997556097856,0.08407783095117338,76.21712715717322,77.3548519121435,77.28964903715968,0.8505906879777623,1.5079713803091874,-1.4427685053253612,2.9176322662178027,3.3303034403693124,2.69133277955019,0.15948575399583043,0.5077032166712369,0.13126744414788583,16.30459947041855
2026-09-02 01:35:00,16.636339554933304,16.607178600045632,16.89980209110658,16.307983930607367,17.49162025160579,0.2666782487838777,-0.020967420559603003,-0.40367397966064106,0.3617391385414351,-1.7960509236154536,-0.27165607050134355,1012.894549820282,1012.3754539399274,1012.6939637120838,-0.42668519805420435,-0.25224997556097856,-0.06625979659543191,83.27312002770668,83.29465584419249,80.46984979632214,0.8533703961084087,1.5079713803091874,1.3168346675611673,4.2423020912194085,4.317203174211583,3.706432223255393,0.1600069492703266,0.5077032166712369,0.10306773428495308,18.722489686596013
2026-09-02 01:40:00,17.068359230091776,17.36383647250966,17.20119122325771,16.60922702915753,17.793155417357887,0.2675469075747047,-0.020967420559603003,-0.4038997675596395,0.36196492644043354,1.2139530126970364,0.18361266981155566,1012.7433798758901,1012.5578615624488,1012.7568709912621,-0.4280750521195275,-0.25224997556097856,0.053240546747701956,81.81130450035533,84.14638505976762,82.55405707264784,0.856150104239055,1.5079713803091874,0.08435660681060142,3.4190862801088953,3.9745178759095743,3.5317482968570326,0.1605281445448228,0.5077032166712369,-0.06493363761869508,4.52045242824655
2026-09-02 01:45:00,16.748878928749612,17.0302994213529,17.091428273652898,16.499318081968383,17.683538465337413,0.2684155663655316,-0.020967420559603003,-0.40412542240604277,0.3621905812868368,-0.26552683486119477,-0.040161431740393994,1012.7592270490934,1012.2141984230378,1012.5326005091622,-0.42946490618485056,-0.25224997556097856,-0.06615211056339376,84.54987591990168,84.36269166739662,83.18378132766287,0.8589298123697011,1.5079713803091874,-0.3290610405754393,6.4239832532885925,5.71243436976376,5.117515272079133,0.16104933981931896,0.5077032166712369,0.08721588101339073,2.3001304842242987
2026-09-02 01:50:00,16.72660935275135,17.158549659120627,17.155738045595452,16.56348189231659,17.747994198874313,0.2692842251563586,-0.020967420559603003,-0.4043509444347904,0.36241610331558444,0.1572148049253279,0.023779034084778772,1012.0963630160118,1011.8370124852925,1012.1546869130041,-0.4308547602501738,-0.25224997556097856,-0.06542445215063708,79.96316833178608,81.04380594765642,80.43853896888207,0.8617095205003475,1.5079713803091874,-0.9027044015348338,10.359978926381448,10.15472437785381,9.526518668418644,0.16157053509381514,0.5077032166712369,0.12050249276392933,6.796245110044236
2026-09-02 01:55:00,17.240813334582803,17.34219544304501,17.337877236285266,16.74547515737545,17.930279315195083,0.27015288394718556,-0.020967420559603003,-0.40457633388013103,0.36264149276092505,0.16717562842346112,0.02528562731934869,1012.4950394111604,1012.0905235949539,1012.2319151388073,-0.43224461431549693,-0.25224997556097856,0.1108584317075838,79.49754832805696,81.61552132245897,79.83051794888597,0.8644892286309939,1.5079713803091874,0.2770319932638188,4.175341647923536,4.062743689384309,4.021390969772774,0.16209173036831134,0.5077032166712369,-0.4663504970597021,32.86354761889357
2026-09-02 02:00:00,17.122787785527823,17.045074807786527,17.130836895929022,16.53828892732507,17.723384864532974,0.2710215427380125,-0.020967420559603003,-0.4048015909756258,0.3628667498564198,-0.42838918468797615,-0.06479466758289121,1012.1855743408903,1011.7897691006447,1012.0746506649369,-0.43363446838082,-0.25224997556097856,-0.03263158873130578,82.9395026521947,84.28604339636739,82.02699802788192,0.86726893676164,1.5079713803091874,0.7510739881762873,7.726514756630566,7.643213175413157,6.71283705835968,0.1626129256428075,0.5077032166712369,0.42267290038224026,28.952918275471642
2026-09-02 02:05:00,17.113042814310745,17.416297619059225,17.369518321025843,16.776824498638035,17.96221214341365,0.27189020152883947,-0.020967420559603003,-0.40502671595415063,0.36309187483494465,0.4479066353138883,0.06774671859298564,1011.8983227991389,1011.1677521894901,1011.5396062391836,-0.4350243224461432,-0.25224997556097856,-0.11960407413255325,78.5559769313679,79.56656454625362,79.09787649196566,0.8700486448922864,1.5079713803091874,-1.0392833260212342,5.023988226687591,5.288001232960664,5.023742403897506,0.16313412091730367,0.5077032166712369,-0.24344438760807918,16.086585351456286
2026-09-02 02:10:00,17.308546620037795,17.637551578801183,17.640539975430276,17.047700335142387,18.233379615718164,0.27275886031966645,-0.020967420559603003,-0.40525170904789964,0.36331686792869367,0.1188681058240455,0.017979023930511318,1012.1378239301347,1011.3709727506424,1011.5138884491398,-0.43641417651146636,-0.25224997556097856,0.10933427706356724,75.35733450068926,75.45537593614269,74.60162430067875,0.8728283530229327,1.5079713803091874,-0.6542197448452498,2.2748196497493516,2.5254863068573217,2.051906093781121,0.16365531619179988,0.5077032166712369,-0.03412300359503595,3.7320137220936482
2026-09-02 02:15:00,16.797168748278136,17.36871614927816,17.465867046301565,16.872881623970905,18.058852468632224,0.2736275191104934,-0.020967420559603003,-0.4054765704883874,0.36354172936918144,-0.5036861610142687,-0.0761834764638003,1012.1545032071482,1011.6836142855313,1011.8085254977234,-0.4378040305767894,-0.25224997556097856,0.12733876336892536,76.09944019327448,75.8696329035739,73.67310517189837,0.8756080611535788,1.5079713803091874,0.6885563513663442,5.957274031193049,6.239647714311848,5.437274788978556,0.16417651146629603,0.5077032166712369,0.2946697086620551,17.24697926509098
2026-09-02 02:20:00,17.067652239395244,17.088076008031546,17.148253388778848,16.555122220236278,17.741384557321418,0.27449617790132036,-0.020967420559603003,-0.40570130050645203,0.36376645938724606,-0.25923619185124025,-0.039209960187697845,1011.8143262605178,1011.4121682853881,1011.7314902818875,-0.4391938846421126,-0.25224997556097856,-0.06707202093843989,80.36057675609926,81.85500461251756,78.72055742160121,0.8783877692842252,1.5079713803091874,1.626475810607161,4.66814827283955,5.011670427820088,4.721651173454071,0.1646977067407922,0.5077032166712369,-0.21768396230521958,21.019618378820358
2026-09-02 02:25:00,16.68055385578392,17.186857445819413,17.156775706524982,16.563498827574964,17.750052585475,0.27536483669214734,-0.020967420559603003,-0.40592589933225776,0.3639910582130518,0.33751092157234197,0.0510491598540348,1011.8636368702807,1011.2542734574126,1011.5562173571286,-0.4405837387074358,-0.25224997556097856,-0.04969392415500806,77.30571693295897,79.3918022029938,78.68154017559829,0.8811674774148716,1.5079713803091874,-0.797709352913671,5.639998730282169,5.520186261553763,4.947332138416186,0.1652189020152884,0.5077032166712369,0.06515090646634025,4.426556744805615
2026-09-02 02:30:00,16.947794417614823,17.69751078590322,17.626995963876904,17.033573410297524,18.220418517456284,0.27623349548297427,-0.020967420559603003,-0.4061503671952978,0.3642155260760918,0.6048337737773473,0.09148224258591853,1011.8476789120863,1011.242401307742,1011.481377566123,-0.4419735927727588,-0.25224997556097856,0.013273717180027234,77.79367307125383,78.32654026441682,77.34386567247417,0.8839471855455177,1.5079713803091874,-0.525296788366532,8.166041053590567,7.966328330838156,7.364814823343586,0.16574009728978456,0.5077032166712369,0.09381029082333292,3.57861083274069
2026-09-02 02:35:00,16.78320612882467,16.984755305593975,17.156812472453634,16.56324427999663,17.750380664910637,0.27710215427380125,-0.020967420559603003,-0.40637470432439704,0.36443986320519106,-0.9989280853920519,-0.15108974630005534,1011.6876727637274,1011.3285302113632,1011.5384272686425,-0.44336344683808204,-0.25224997556097856,0.042352918281608254,79.3763806393513,79.35185832693439,77.59845421482845,0.8867268936761641,1.5079713803091874,0.24543273179675396,4.190822493269296,4.475979690435936,4.232022336200391,0.16626129256428074,0.5077032166712369,-0.26374586243569187,12.849846615029044
2026-09-02 02:40:00,16.89485391883444,16.91463628800042,16.921069000781497,16.327355205172307,17.514782796390687,0.27797081306462823,-0.020967420559603003,-0.406598910947715,0.364664069828509,0.09609604998675536,0.014534707778526723,1011.6205943606028,1011.260269231768,1011.520702449677,-0.4447533009034052,-0.25224997556097856,-0.00818324234796819,80.12754004769103,79.05051110505863,77.55054927486823,0.8895066018068104,1.5079713803091874,-0.008009550118785569,8.367290136603081,8.345003002347926,7.516633347590579,0.16678248783877694,0.5077032166712369,0.3206664380861106,14.702161121336532
2026-09-02 02:45:00,17.118553999185554,17.315998597766335,17.236179740944703,16.642320377882477,17.83003910400693,0.27883947185545516,-0.020967420559603003,-0.406822987292748,0.36488814617354204,0.6663472906909895,0.10078627738123558,1011.3697482190053,1010.9029439049784,1011.2352219386471,-0.44614315496872825,-0.25224997556097856,-0.08002805810770042,78.92713543628768,79.03480987129511,77.52384083162751,0.8922863099374565,1.5079713803091874,0.0029976593584137845,6.482010772898251,6.178171942401133,5.926240292091198,0.1673036831132731,0.5077032166712369,-0.25577156636130205,11.122784819280483
2026-09-02 02:50:00,16.5812670308571,16.863776154977657,16.970135438381682,16.376130543539333,17.56414033322403,0.27970813064628214,-0.020967420559603003,-0.4070469335863324,0.36511209246712645,-0.5645672995561135,-0.08539186284442124,1011.1533393026205,1010.8228365517643,1011.0666691856052,-0.44753300903405147,-0.25224997556097856,0.008417341720132754,81.05453621794877,81.85867676201764,79.79476250958379,0.8950660180681029,1.5079713803091874,0.5559428721246604,4.504002515709227,4.963230679459441,4.425533536673797,0.16782487838776927,0.5077032166712369,0.029993926114407543,2.49586595836666
2026-09-02 02:55:00,17.777186000330804,18.170520364769295,17.97958485612615,17.385434465150368,18.57373524710193,0.2805767894371091,-0.020967420559603003,-0.407270750054647,0.36533590893544104,1.4009937308194154,0.21190292920275056,1010.7851912780458,1010.1601380705883,1010.519272991949,-0.4489228630993746,-0.25224997556097856,-0.1068849457997203,77.41116662456541,79.58831094343356,78.73715809147744,0.8978457261987492,1.5079713803091874,-0.656818528353071,5.287953799846738,5.8748304454596925,5.263051392046508,0.16834607366226548,0.5077032166712369,0.10407583674194765,9.785707469381531
2026-09-02 03:00:00,16.57309304079483,16.736259543055155,17.062361802819474,16.46806595133078,17.65665765430817,0.28144544822793605,-0.020967420559603003,-0.40749443692321574,0.36555959580400976,-2.0173954101944886,-0.3051348392047153,1010.8720067625869,1010.3683038078592,1010.5013554710059,-0.4503127171646977,-0.25224997556097856,0.11919831241425527,79.47061215068844,80.90974453880422,79.20689949161658,0.9006254343293953,1.5079713803091874,0.19487366687845054,3.4518969935120785,4.087912529358437,3.7006786025190266,0.16886726893676163,0.5077032166712369,-0.12046928983182603,13.698681005968238
2026-09-02 03:05:00,16.528666259546014,17.122020073394246,17.03875966767076,16.44431839126352,17.633200944078002,0.282314107018763,-0.020967420559603003,-0.40771799441691037,0.3657831532977044,0.6891010508864959,0.1042278262830898,1010.6659287743951,1010.4614078440326,1010.6326739062837,-0.4517025712300209,-0.25224997556097856,0.08098391330986487,80.5092269181633,81.65670038438874,80.01524431104916,0.9034051424600418,1.5079713803091874,0.13348469303039678,11.150643773156098,11.376134553809772,10.474373476663022,0.1693884642112578,0.5077032166712369,0.39405786047551317,24.128258933928716
2026-09-02 03:10:00,17.519978517386118,17.580254820194092,17.4966275438427,16.902040878085156,18.091214209600242,0.28318276580959,-0.020967420559603003,-0.4079414227599531,0.3660065816407471,0.6915266117395547,0.10459469691099699,1011.0017279880205,1010.5588838822162,1010.7806242912864,-0.45309242529534405,-0.25224997556097856,0.030509566490763973,73.91215447272033,74.49824359427012,74.48612184534092,0.9061848505906881,1.5079713803091874,-1.4958496313799827,5.770199619237584,6.127888907515208,6.167647885380969,0.169909659485754,0.5077032166712369,-0.5474621945369975,55.52462562194044
2026-09-02 03:15:00,17.419318669355164,17.355529063521022,17.447912449547466,16.853180429981787,18.042644469113146,0.28405142460041694,-0.020967420559603003,-0.4081647221759193,0.36622988105671334,-0.47216581798040025,-0.0714159654668407,1010.5336470691635,1010.0981116669908,1010.4725542264978,-0.4544822793606671,-0.25224997556097856,-0.12219258394600274,77.36151362183378,77.80394560675035,75.187266670714,0.9089645587213342,1.5079713803091874,1.1087075557271646,1.1646135730287954,1.7460048947976188,1.2125946183777048,0.17043085476025016,0.5077032166712369,0.025707059748677263,8.614617937642336
2026-09-02 03:20:00,17.401722386968004,17.907984555216714,17.859755289977745,17.264877952120038,18.45463262783545,0.2849200833912439,-0.020967420559603003,-0.4083878928877398,0.3664530517685338,0.45749307648562976,0.0691966857985733,1010.4628275405602,1010.3528473950294,1010.5363393392845,-0.4558721334259903,-0.25224997556097856,0.06875803130583336,76.66279809537552,78.69906044023388,76.70081612943585,0.9117442668519806,1.5079713803091874,0.49027293048884246,3.4586574217882804,3.4371847348159963,2.639722801087233,0.17095205003474634,0.5077032166712369,0.28975871705752665,14.248577817870189
2026-09-02 03:25:00,17.456307748977988,17.287172284918817,17.44327454966998,16.848251929010335,18.038297170329624,0.2857887421820709,-0.020967420559603003,-0.40861093511770397,0.366676093998498,-0.893442437251462,-0.1351348441915583,1010.4118604264969,1009.7446971141283,1010.1153243735642,-0.45726198749131347,-0.25224997556097856,-0.11837728387502011,76.31576181490131,77.39087662249065,76.23190372367131,0.9145239749826269,1.5079713803091874,-0.34899848148984347,5.434557991280152,5.9392345418056225,5.3997958373428885,0.17147324530924254,0.5077032166712369,0.03173548779149726,4.263134211104302
2026-09-02 03:30:00,17.25641121128477,17.502242658483127,17.46880759224715,16.873639724249664,18.063975460244635,0.2866574009728978,-0.020967420559603003,-0.40883384908746184,0.36689900796825586,0.35968140331212695,0.05440248679558124,1010.2210423564203,1009.88185506986,1010.0645912374858,-0.4586518415566365,-0.25224997556097856,0.06951380793509543,78.29473229569902,77.52995542527547,76.04611561939082,0.917303683113273,1.5079713803091874,-0.024131574424529845,1.3243724047995962,1.5789857156262976,1.3848501453421047,0.1719944405837387,0.5077032166712369,-0.3135676463870438,14.88422056234815
2026-09-02 03:35:00,16.96216322532142,17.87322551092675,17.82538861683988,17.230075536942696,18.420701696737066,0.2875260597637248,-0.02096742055960301,-0.409056635018027,0.36712179389882105,0.45489891921600645,0.0688043146464743,1010.3547962870343,1010.1443525333835,1010.2936351071475,-0.46004169562195973,-0.25224997556097856,0.10296740179705921,76.49639733180904,76.87764900473516,75.47031112931937,0.9200833912439195,1.5079713803091874,-0.10063350489339484,0.8551402259155836,1.3017693574765958,0.6137351912679749,0.17251563585823487,0.5077032166712369,0.18033094953738416,6.374504019365073
2026-09-02 03:40:00,17.414524247094974,17.70051025505754,17.78059794915785,17.18513969277318,18.376056205542522,0.2883947185545518,-0.02096742055960301,-0.4092792931297791,0.36734445201057314,-0.39087299503826145,-0.05912027354070659,1009.893947715835,1009.383787477173,1009.8095795072256,-0.4614315496872829,-0.25224997556097856,-0.17354205449169058,78.20047451998252,78.43676479393979,76.5544141275308,0.9228630993745658,1.5079713803091874,0.37437928609979565,4.252752341280321,4.481617078675833,3.810404696833309,0.17303683113273108,0.5077032166712369,0.16350916517128677,8.261255159397242
2026-09-02 03:45:00,17.17982364885991,17.244933496066036,17.346023063410072,16.750419665924234,17.94162646089591,0.2892633773453787,-0.02096742055960301,-0.409501823642466,0.36756698252326003,-0.529726633638834,-0.08012214678443286,1009.9042088406084,1009.5703320548839,1009.7538026144371,-0.46282140375260594,-0.25224997556097856,0.06877941600782833,79.33652851068379,79.82516011084704,78.1051682663929,0.9256428075052119,1.5079713803091874,0.21202046414495612,3.498020939287077,4.060455978618704,3.719883243815775,0.17355802640722723,0.5077032166712369,-0.16713048186830726,5.422916131606465
2026-09-02 03:50:00,17.910535021131142,18.18918756450999,18.02598525664033,17.43023675341378,18.621733759866878,0.2901320361362057,-0.02096742055960301,-0.40972422677520703,0.36778938565600106,1.2176359992137584,0.18416972842926427,1009.6522806255718,1009.0407664431723,1009.3669360482211,-0.46421125781792916,-0.25224997556097856,-0.07391962948781838,74.56685333687335,75.94560438073728,75.40782874509621,0.9284225156358583,1.5079713803091874,-0.9701957446681178,4.177049588497662,4.418185938941847,3.8819953384356674,0.1740792216817234,0.5077032166712369,0.028487383834942648,9.149815244613272
2026-09-02 03:55:00,17.534738657676023,17.81557919487915,17.939859284779864,17.343965711147227,18.5357528584125,0.2910006949270327,-0.02096742055960301,-0.40994650274649475,0.36801166162728877,-0.6830505014993307,-0.10331266934111127,1009.4553353259201,1008.8867243547018,1009.1215253326959,-0.4656011118832523,-0.25224997556097856,0.017448997566816615,78.54669390327913,79.39194022161024,77.08440723029989,0.9312022237665046,1.5079713803091874,0.7995616110011667,3.0362358343169333,2.7656425334329278,2.3389344183574265,0.1746004169562196,0.5077032166712369,-0.08099510159573553,5.384279576951148
2026-09-02 04:00:00,17.339674102360803,17.663673444149286,17.726027667190724,17.129989058460826,18.322066275920623,0.2918693537178596,-0.02096742055960301,-0.4101686517741981,0.3682338106549921,-0.2736283591447304,-0.041386802481834906,1009.4524060951339,1009.0431600915925,1009.1970598943698,-0.46699096594857537,-0.25224997556097856,0.09835017278373925,73.0663746214134,73.93886422770763,73.49197057864686,0.9339819318971507,1.5079713803091874,-1.0610777312484174,2.3333589318845815,2.944058533809714,2.356660309995246,0.17512161223071576,0.5077032166712369,0.07969500714323097,7.951131797743472
2026-09-02 04:05:00,17.62082651871607,18.04601712765668,17.989405696437064,17.39322208789296,18.58558930498117,0.2927380125086866,-0.02096742055960301,-0.4103906740755644,0.3684558329563584,0.512911668544529,0.07757885177921864,1009.4306832208022,1009.0820874017548,1009.2962776072321,-0.4683808200138986,-0.25224997556097856,0.038059770083691546,72.99372163532888,74.98126180441687,73.00444202209809,0.9367616400277972,1.5079713803091874,0.46884840200959843,5.9451500146656056,5.836533599879184,5.2071311611023,0.17564280750521194,0.5077032166712369,0.12169922210564721,4.040983067366922
2026-09-02 04:10:00,17.997215864610737,18.083000302236705,18.114603543344018,17.51827497024302,18.710932116445015,0.29360667129951357,-0.02096742055960301,-0.410612569867222,0.368677728748016,-0.07031860279383295,-0.010635820547708619,1009.2652322952625,1008.9636020980442,1009.2467802753489,-0.46977067407922174,-0.25224997556097856,-0.030928201743677164,71.48120506670024,71.86357754302934,70.67606839100144,0.9395413481584435,1.5079713803091874,-0.32046222828128634,4.675719740755495,5.227801206608377,4.878065545119913,0.17616400277970815,0.5077032166712369,-0.15796755518277283,4.206868465154957
2026-09-02 04:15:00,17.692326946891605,18.324311888029303,18.33095331060037,17.734479808174093,18.92742681302665,0.2944753300903405,-0.02096742055960301,-0.4108343393651831,0.3688994982459771,0.0947161676583903,0.014325997988535732,1009.1205597199892,1008.8848434798856,1009.1582082217194,-0.4711605281445448,-0.25224997556097856,-0.02111476627283082,74.35968716292031,76.79336783991928,74.00376322913075,0.9423210562890896,1.5079713803091874,1.2816332304793434,2.5992160553151913,2.748828388937299,2.3269285236004364,0.1766851980542043,0.5077032166712369,-0.08580335133437433,9.562747635146096
2026-09-02 04:20:00,17.677768132357958,18.022134978113648,18.117171207186267,17.52055281064064,18.713789603731893,0.2953439888811675,-0.02096742055960301,-0.41105598278484534,0.36912114166563936,-0.4897050586625369,-0.07406880851301523,1008.9097590804535,1008.4270917144603,1008.7720888255885,-0.472550382209868,-0.25224997556097856,-0.0927471355672651,72.92471890272456,73.33277359404742,72.62268973429964,0.945100764419736,1.5079713803091874,-0.7978875205614031,3.412921191981427,3.942930880869439,3.266632467887481,0.17720639332870047,0.5077032166712369,0.16859519631072128,8.866279807274232
2026-09-02 04:25:00,18.195990212174035,18.637561669126388,18.555648443017855,17.958885187533177,19.152411698502533,0.29621264767199446,-0.02096742055960301,-0.4112775003409952,0.3693426592217892,0.6801941886645544,0.10288064666813668,1009.0060928877481,1008.7111944147488,1008.8567377227063,-0.47394023627519116,-0.25224997556097856,0.10670666760347558,72.16327790906291,73.18251693890335,71.76069295412317,0.9478804725503823,1.5079713803091874,-0.08614739552901085,5.206200762069916,5.724358935133142,5.188716768721451,0.17772758860319668,0.5077032166712369,0.027938949740454078,2.538176870813855
2026-09-02 04:30:00,18.29133250379846,18.462783930310156,18.545201290482815,17.94829321121376,19.14210936975187,0.2970813064628214,-0.02096742055960301,-0.41149889224780994,0.36956405112860397,-0.4062755549487953,-0.06144993961305545,1008.6923476794179,1008.16567186256,1008.5090768564448,-0.4753300903405142,-0.25224997556097856,-0.09115501832388873,72.37222321639189,73.0979205207507,71.47382938638961,0.9506601806810284,1.5079713803091874,0.11611975405190833,1.5059429796939245,1.8132346558662287,1.5625194352899143,0.17824878387769283,0.5077032166712369,-0.2569879960949224,10.818221953078089
2026-09-02 04:35:00,18.08832120254715,18.6435475951999,18.65429290592554,18.057240038001208,19.251345773849874,0.29794996525364836,-0.02096742055960301,-0.41172015871886,0.369785317599654,0.06758335926273062,0.010222109833964765,1008.9332799871847,1008.591873739517,1008.71341967456,-0.4767199444058374,-0.25224997556097856,0.13070404051802598,72.29920117438424,73.35137636999667,71.69086425562651,0.9534398888116749,1.5079713803091874,0.15254073406097746,2.196745375551668,2.528075949991996,1.8166124719209567,0.178769979152189,0.5077032166712369,0.20376026139980263,7.958673709220395
2026-09-02 04:40:00,18.203306902253164,18.450715044535027,18.514238528605237,17.91704090712917,19.111436150081303,0.29881862404447534,-0.02096742055960301,-0.41194129996711126,0.3700064588479053,-0.28135891472112107,-0.042556063510605924,1008.7346430371462,1008.2876565583529,1008.5924918967562,-0.4781097984711606,-0.25224997556097856,-0.0525853628423647,71.70907372230351,73.02096691530434,71.55726716046301,0.9562195969423212,1.5079713803091874,-0.044271625467857234,1.5169105056027723,1.8229902651872272,1.368094519586477,0.1792911744266852,0.5077032166712369,-0.05280747107048667,0.907730779841261
2026-09-02 04:45:00,18.587984801130496,18.943182586664502,18.8814294610737,18.284087121123925,19.478771801023477,0.29968728283530227,-0.02096742055960301,-0.4121623162049281,0.3702274750857221,0.5469059205679585,0.08272054615040503,1008.4085070255721,1007.9958590590979,1008.3111780993983,-0.47949965253648363,-0.25224997556097856,-0.06306906473935214,67.77106503274483,69.0771325298889,68.32869961262193,0.9589993050729673,1.5079713803091874,-0.7595384630422188,7.113953270824468,6.689618213641326,5.946302057635426,0.17981236970118136,0.5077032166712369,0.2356129393346631,12.052730717157372
2026-09-02 04:50:00,18.022138852157426,18.13607357834613,18.309484651584814,17.71199762821387,18.90697167495576,0.30055594162612925,-0.02096742055960301,-0.41238320764407516,0.3704483665248692,-1.0078794215357618,-0.15244365267907867,1008.4875424960427,1008.0701791705442,1008.2723270222849,-0.48088950660180685,-0.25224997556097856,0.050102123820238376,70.0962671260072,70.45555227471435,68.36107617353065,0.9617790132036137,1.5079713803091874,0.5865047208745153,6.498333278513833,6.714165909158972,6.418404015557234,0.18033356497567754,0.5077032166712369,-0.21194132306949953,10.915107711822827
2026-09-02 04:55:00,18.147304954764802,18.249343229901335,18.21305845874975,17.615426786984713,18.810690130514786,0.30142460041695623,-0.02096742055960301,-0.4126039744957197,0.37066913337651375,0.3785221939348524,0.057252191711189226,1008.3298667178684,1007.6068816057316,1007.9307701436767,-0.48227936066713,-0.25224997556097856,-0.07163856238412336,73.55088389180086,73.61711087117706,71.26081762561893,0.96455872133426,1.5079713803091874,0.8483218652489484,6.506838630034283,6.352874137462888,5.870448928261771,0.18085476025017375,0.5077032166712369,-0.025278007470119768,4.707997753896447
2026-09-02 05:00:00,18.53448438495463,18.97441870545299,18.85371092515759,18.255934640000113,19.451487210315065,0.30229325920778316,-0.02096742055960301,-0.4128246169704343,0.37088977585122834,0.9366839286139914,0.14167520085500485,1008.4013721083836,1007.749084614822,1007.9265234214049,-0.48366921473245306,-0.25224997556097856,0.0748111689780444,69.81335216570002,72.78322802788949,71.65556817606497,0.9673384294649061,1.5079713803091874,-0.3803115284846683,6.173556512392211,6.40628861104058,5.870905032148469,0.1813759555246699,0.5077032166712369,0.02768036222087389,3.599611728574632
2026-09-02 05:05:00,18.85065086957621,19.065091421533346,19.12613331194821,18.528212448374546,19.72405417552187,0.30316191799861014,-0.02096742055960301,-0.4130451352781992,0.3711102941589932,-0.26495188737769126,-0.04007446985525931,1008.4674622312301,1007.997784378405,1008.1580974004662,-0.48505906879777627,-0.25224997556097856,0.09193695349972586,67.70867596392019,68.29160662983529,67.88974551072958,0.9701181375955525,1.5079713803091874,-1.106110261203483,5.786256183582001,5.625270570466203,5.153263967666551,0.18189715079916607,0.5077032166712369,-0.03569661387158529,7.580902158038058
2026-09-02 05:10:00,19.1770974981809,19.31036345746946,19.34763186435524,18.749566457316284,19.945697271394195,0.3040305767894371,-0.020967420559603014,-0.413265529628404,0.37133068850919804,-0.10777377988624082,-0.016300986326175604,1007.900160284069,1007.1606194992597,1007.6093512486896,-0.48644892286309943,-0.25224997556097856,-0.196481773868868,66.08524224002258,67.61751003668637,65.95935802646417,0.9728978457261989,1.5079713803091874,0.1501806299130095,4.427955543507651,4.254888307213491,3.7738858127661303,0.18241834607366228,0.5077032166712369,-0.026700722223876205,4.548257225309833
2026-09-02 05:15:00,19.762058572857054,19.938321140031913,19.90277115702516,19.304561241446464,20.500981072603857,0.30489923558026405,-0.020967420559603014,-0.41348580022985093,0.37155095911064495,0.37366415073429593,0.056517403566356705,1008.1159202321519,1007.7527631207034,1007.8415324901754,-0.4878387769284225,-0.25224997556097856,0.16348060608902415,60.54618033788409,60.23574484332238,59.727309339874466,0.975677553856845,1.5079713803091874,-0.9995358768612732,5.576467298022718,6.240887189897046,5.584358311486465,0.18293954134815843,0.5077032166712369,0.14882566173934464,11.610864346490985
2026-09-02 05:20:00,19.63657698893606,20.082135497650636,20.148118645227626,19.549764256009436,20.746473034445817,0.30576789437109103,-0.020967420559603014,-0.41370594729075644,0.37177110617155046,-0.2976209511445447,-0.0450157270173861,1007.9941072158139,1007.6356119797634,1007.889309332595,-0.4892286309937457,-0.25224997556097856,-0.001447377270551442,63.18895063568137,63.943717721745124,60.90939460082621,0.9784572619874914,1.5079713803091874,1.5263517406097264,1.0877873183870514,1.592082271446963,1.3751937093004774,0.1834607366226546,0.5077032166712369,-0.2908146545247512,24.25409296312997
2026-09-02 05:25:00,19.353487596508174,19.534316577429372,19.688949947484915,19.09045111950221,20.28744877546762,0.306636553161918,-0.020967420559603014,-0.4139259710187538,0.3719911298995478,-0.8837308572013853,-0.13366594949593846,1008.0405575632984,1007.599014661171,1007.8708721199054,-0.49061848505906885,-0.25224997556097856,-0.019607483173331275,67.33127772986253,68.21075519279471,65.47946406529726,0.9812369701181377,1.5079713803091874,1.2233197471882562,5.420905620899546,5.603644777313451,4.720450141309669,0.1839819318971508,0.5077032166712369,0.37549141933254493,29.74098391129442
2026-09-02 05:30:00,19.536095424069167,19.820069649701477,19.769040082382872,19.170396850485382,20.367683314280363,0.30750521195274494,-0.020967420559603014,-0.4141458716208952,0.37221103050168924,0.4760072408378093,0.07199698787820807,1007.895867927634,1007.2356894865959,1007.5745284140015,-0.4920083391243919,-0.25224997556097856,-0.08658895184464654,63.3561942640193,64.71846299821036,64.28011354374424,0.9840166782487838,1.5079713803091874,-1.069621925843066,6.746254292420035,6.986188014666389,6.58434603744972,0.18450312717164696,0.5077032166712369,-0.10586123945456727,8.86219922175289
2026-09-02 05:35:00,19.271153174013303,19.582532594814296,19.629633428757316,19.03084582776956,20.22842102974507,0.3083738707435719,-0.020967420559603014,-0.4143656493036544,0.3724308081844484,-0.17278075604159682,-0.026133413383416126,1007.6774570924913,1007.3910797401319,1007.5827362926718,-0.4933981931897151,-0.25224997556097856,0.06059342302103232,65.31927593564288,64.12810900922875,62.938200937626476,0.9867963863794302,1.5079713803091874,-0.31806330870691113,4.5814179888380995,4.69206750356134,4.360887559953404,0.18502432244614314,0.5077032166712369,-0.1765232730633004,5.447477879355763
2026-09-02 05:40:00,19.795380776463443,19.72115352879578,19.708021011934164,19.10908907665548,20.30695294721285,0.3092425295343989,-0.020967420559603014,-0.41458530427292845,0.37265046315372247,0.22545133627084724,0.03409993742122097,1007.671116146631,1007.4819096953337,1007.687118420805,-0.4947880472550383,-0.25224997556097856,0.0470412500897055,64.9995801283646,66.12206871333733,64.09475933441335,0.9895760945100766,1.5079713803091874,0.5193379986147875,3.658261679215751,4.0147701097302475,3.429990981402745,0.18554551772063935,0.5077032166712369,0.07707591165626582,2.6032755183523233
2026-09-02 05:45:00,19.820034701148835,19.83592060839936,19.841009135023885,19.241932900228452,20.440085369819318,0.31011118832522583,-0.020967420559603014,-0.41480483673404034,0.37286999561483436,0.10498312099359808,0.015878893935077798,1007.5306710486944,1007.056554671491,1007.4055017232204,-0.4961779013203613,-0.25224997556097856,-0.09669707616842516,62.231341312693914,62.303903951040326,61.55203781179288,0.9923558026407227,1.5079713803091874,-0.7561052410617393,3.1351758938315912,3.1184262968620855,2.613292314102074,0.1860667129951355,0.5077032166712369,-0.0025692339112253215,4.007514087944768
2026-09-02 05:50:00,20.19932060226135,20.577556027226912,20.501632541147252,19.902412041584135,21.10085304071037,0.3109798471160528,-0.020967420559603014,-0.4150242468917413,0.3730894057725353,0.6405930927228205,0.09689090663926336,1007.7449726073505,1007.3239851587325,1007.4985683657565,-0.49756775538568454,-0.25224997556097856,0.07766676853702847,62.34522215377087,63.59983423349818,61.65347422365879,0.9951355107713691,1.5079713803091874,0.43838862953020197,5.580440966297917,6.065150953427935,5.392464973852242,0.18658790826963167,0.5077032166712369,0.16498276290445624,6.536781567297998
2026-09-02 05:55:00,19.876029595146523,20.040472228822864,20.21311173039967,19.613747000792838,20.812476460006504,0.3118485059068798,-0.020967420559603014,-0.4152435349502125,0.3733086938310065,-1.0027781845437396,-0.1516720810172032,1007.5226734709878,1007.0539766597561,1007.3511300836408,-0.4989576094510077,-0.25224997556097856,-0.044903448323680095,64.16891348417283,64.33776534560431,62.52700137134162,0.9979152189020154,1.5079713803091874,0.3027925939534981,5.975187899143052,6.086370950382946,5.70821162410718,0.18710910354412788,0.5077032166712369,-0.1295438903954702,5.523863696510698
2026-09-02 06:00:00,20.55323305310056,21.077295200054348,20.943954883524654,20.34444595857301,21.543463808476297,0.3127171646977067,-0.020967420559603014,-0.415462701113068,0.373527859993862,1.0202037937483475,0.15430773708929735,1007.7429774144819,1007.3221853293154,1007.5023247732295,-0.5003474635163307,-0.25224997556097856,0.07211053164689929,60.13127318876739,60.44758195905958,59.74303743823449,1.0006949270326615,1.5079713803091874,-0.803426859484091,7.870366904064393,7.9320431041336485,7.35046363839509,0.18763029881862403,0.5077032166712369,0.07387624906732171,7.194124688809957
2026-09-02 06:05:00,21.098975138640075,21.60592238297872,21.610520336873503,21.01086725125093,22.210173422496077,0.3135858234885337,-0.020967420559603014,-0.41568174558335613,0.37374690446415015,0.10822653684190797,0.016369466664819754,1007.3894426532025,1006.8697715221269,1007.2234946520434,-0.501737317581654,-0.25224997556097856,-0.10147315435551718,61.262815504838194,62.04738805168689,60.01426317490098,1.003474635163308,1.5079713803091874,0.5251534964767188,3.5604087646069797,3.7550741642455527,3.506179560388583,0.1881514940931202,0.5077032166712369,-0.25880861281426704,12.150535268967708
2026-09-02 06:10:00,20.58450135953567,21.042789575086115,21.244770023489828,20.644972811845197,21.84456723513446,0.3144544822793607,-0.020967420559602993,-0.4159006685635626,0.37396582744435664,-1.1967655103228445,-0.18101302784410933,1007.2354442222385,1006.727132414615,1006.996573154334,-0.5031271716469771,-0.25224997556097856,-0.017190764158044658,58.78867528488658,58.953066052497974,57.8856822102026,1.0062543432939541,1.5079713803091874,-0.44058753801381556,6.6654156943827045,6.676744334772638,5.8589674899816595,0.18867268936761641,0.5077032166712369,0.31007362811974204,18.215230628947538
2026-09-02 06:15:00,20.932483872805356,21.611761371338062,21.54643160704752,20.946490304004737,22.146372910090303,0.3153231410701876,-0.020967420559602993,-0.41611947025561186,0.3741846291364059,0.5705528253776073,0.08629718485014592,1007.0602273131353,1006.6915679274977,1006.9089811843027,-0.5045170257123002,-0.25224997556097856,0.03483671875596883,59.54981609407153,60.17842258810785,58.197606838808895,1.0090340514246003,1.5079713803091874,0.4728443689897688,4.992796663478157,5.280595252969214,4.9535288293169835,0.18919388464211256,0.5077032166712369,-0.18063679301900581,6.727795009034699
2026-09-02 06:20:00,21.193244832115784,21.49281876642816,21.551143591803026,20.95105823196105,22.151228951645002,0.3161917998610146,-0.020967420559602993,-0.41633815086086984,0.37440330974166386,-0.24698804373669958,-0.03735740481526051,1006.9647994666421,1006.810736211149,1007.0002165880464,-0.5059068797776234,-0.25224997556097856,0.06276959866352172,56.961794943582184,57.01890808830278,55.99348094114409,1.0118137595552468,1.5079713803091874,-0.48254423315049877,8.053669370411871,8.08217567353446,7.402528059317407,0.18971507991660874,0.5077032166712369,0.1719443975458157,6.001809379981788
2026-09-02 06:25:00,20.903606953384802,21.350443797217412,21.405026052028262,20.804796669961146,22.00525543409538,0.31706045865184157,-0.020967420559602993,-0.41655671058014576,0.3746218694609398,-0.22224408235276627,-0.033614834251245895,1006.9480293072744,1006.2307218882712,1006.6040127543699,-0.5072967338429465,-0.25224997556097856,-0.12104089053775624,59.88646520180036,59.43452230812727,57.22450743640219,1.014593467685893,1.5079713803091874,0.7020434914158926,4.764340823568847,5.095134179605602,4.834650080775728,0.19023627519110495,0.5077032166712369,-0.24721911784136275,13.005701278624723
2026-09-02 06:30:00,21.302084703239807,21.503133625363272,21.489134683741845,20.888761313998756,22.089508053484934,0.3179291174426685,-0.020967420559602993,-0.4167751496136945,0.3748403084944885,0.231179693407217,0.034966362181030775,1007.1784736484522,1006.6542151878834,1006.7795402895911,-0.5086865879082696,-0.25224997556097856,0.12692487385334061,57.2836760738545,59.11541489161453,57.62255432003833,1.0173731758165392,1.5079713803091874,-0.015110808732991643,4.696122329273771,5.251681761412815,4.611547144378614,0.1907574704656011,0.5077032166712369,0.13243140036296452,4.42840104826895
2026-09-02 06:35:00,21.367205980895445,22.176477739702683,22.09768211321421,21.497164790319463,22.698199436108954,0.3187977762334955,-0.020967420559602993,-0.41699346816121863,0.37505862704201265,0.6595822153457434,0.09976304704807859,1007.1698221151356,1006.4826766003772,1006.7530641841886,-0.5100764419735928,-0.25224997556097856,-0.018137608250412995,55.60976935503421,55.59308328472225,54.85418155839195,1.0201528839471856,1.5079713803091874,-0.7690696539788888,5.107776093111456,5.083258252809101,4.5801748659652,0.19127866574009728,0.5077032166712369,-0.004619829827336552,4.131958981484147
2026-09-02 06:40:00,21.552252901717388,22.268646067228914,22.337359438709495,21.736698197162585,22.938020680256404,0.31966643502432246,-0.020967420559602993,-0.4172116664218705,0.37527682530266454,-0.31567179445782045,-0.047745950920976554,1006.8137711088638,1006.5411085476113,1006.7828455427515,-0.5114662960389159,-0.25224997556097856,0.010512980420799067,55.739852442833296,56.619840324824736,54.68724117056846,1.0229325920778318,1.5079713803091874,0.42462777394708695,6.469364391048959,6.621991614875001,6.045269416362743,0.19179986101459348,0.5077032166712369,0.06901898184102162,1.8597400257523817
2026-09-02 06:45:00,21.356206858682018,21.679118039400727,21.84003315985482,21.239228034130452,22.440838285579186,0.3205350938151494,-0.020967420559602993,-0.41742974459425464,0.37549490347504866,-0.9252625762769817,-0.1399476998944884,1007.1449391869345,1006.5439223414323,1006.7972754862749,-0.512856150104239,-0.25224997556097856,-0.0011031692815777205,54.54626889237436,56.17429405777786,54.54722440764682,1.025712300208478,1.5079713803091874,0.11909826982184768,10.057036320536753,10.387756590736469,9.782934621608522,0.19232105628908963,0.5077032166712369,0.09711875245671031,3.490666481576679
2026-09-02 06:50:00,21.828580140216875,22.22730113880389,22.13271863475343,21.531769659301542,22.73366761020532,0.32140375260597637,-0.020967420559602993,-0.4176477028764295,0.3757128617572235,0.763956971167989,0.11554992461006464,1006.9002210218415,1006.1694948986041,1006.5094910653509,-0.5142460041695622,-0.25224997556097856,-0.08774619118582905,55.78276845854485,56.31930518487114,54.707256867024505,1.0284920083391245,1.5079713803091874,0.10407693753744951,1.520325911277074,1.5824109563462376,1.6292651036635952,0.1928422515635858,0.5077032166712369,-0.5545573639885943,46.20709449225395
2026-09-02 06:55:00,22.172399214680617,22.76653114595038,22.715047025356764,22.113954234602563,23.316139816110965,0.32227241139680335,-0.020967420559602993,-0.4178655414659096,0.3759307003467036,0.4790125144836921,0.07245154115322094,1006.9589205044734,1006.5390126960658,1006.6851013236978,-0.5156358582348853,-0.25224997556097856,0.10616134792894627,54.41068258289685,54.781821579570185,53.5617055641105,1.0312717164697707,1.5079713803091874,-0.2878553648494986,1.2888697767266883,1.62152939181277,0.7255880558554821,0.19336344683808201,0.5077032166712369,0.3882381192860511,23.744119693456902
2026-09-02 07:00:00,22.709060697787333,23.00277386701214,23.054040781281447,22.452804209625437,23.655277352937457,0.3231410701876303,-0.020967420559602993,-0.418083260559668,0.376148419440462,-0.20032474725104166,-0.030299493709701864,1007.145138327069,1006.8897592819803,1007.0527769127777,-0.5170257123002084,-0.25224997556097856,0.08923234476355901,53.32794144526062,54.542983340794976,52.97605655487632,1.0340514246004169,1.5079713803091874,0.05895540560946699,9.159431312546713,9.519935612854814,8.647245778724155,0.19388464211257816,0.5077032166712369,0.3649866174594223,20.01040063045492
2026-09-02 07:05:00,22.668614966079886,22.8612998808984,22.964158920877253,22.36277860269526,23.565539239059245,0.32400972897845726,-0.020967420559602993,-0.41830086035413777,0.3763660192349318,-0.5414254812081474,-0.08189161941924894,1007.0063709296264,1006.587495043545,1006.9480419934378,-0.5184155663655317,-0.25224997556097856,-0.10829697433177898,53.63850907942859,55.569687270341376,53.723890429896336,1.0368311327310633,1.5079713803091874,0.33782546013585346,4.778224490334856,5.297608860610222,5.34117373766977,0.19440583738707434,0.5077032166712369,-0.5512680937307852,45.96491809835911
2026-09-02 07:10:00,23.30330305407762,23.802979392048282,23.692840398286954,23.091316367930165,24.294364428643743,0.32487838776928424,-0.020967420559602993,-0.41851834104521474,0.37658349992600876,0.8668085204149847,0.13110641432093217,1006.8021913955467,1006.3131056567081,1006.6543630654165,-0.5198054204308548,-0.25224997556097856,-0.08900743314745796,50.52968466567644,50.63384329446898,50.09402467035309,1.0396108408617095,1.5079713803091874,-0.9681527561932981,5.372742968226775,5.385872987062871,4.700289201651624,0.19492703266157055,0.5077032166712369,0.17788056874001068,12.032731914771917
2026-09-02 07:15:00,22.292954138324134,22.634389034100977,22.90242740376962,22.300759695564608,23.504095111974635,0.32574704656011116,-0.020967420559602993,-0.418735702828259,0.376800861709053,-1.633506681911772,-0.24707094910904104,1006.6814506502733,1006.2216265141934,1006.4703955676772,-0.5211952744961779,-0.25224997556097856,0.0034809220771876426,53.449166530956006,54.37143881433441,51.824924341342886,1.0423905489923557,1.5079713803091874,1.038543092682339,4.463473264493447,4.376088920360371,3.8939667250971035,0.1954482279360667,0.5077032166712369,-0.025581021407969473,12.094728046130523
2026-09-02 07:20:00,23.107343381131987,23.47055797641198,23.320684184586803,22.718872832835547,23.922495536338058,0.32661570535093815,-0.020967420559602993,-0.41895294589809723,0.37701810477889125,1.129514671728078,0.17084121238477934,1006.4669909992374,1006.1566319700997,1006.3805566442783,-0.5225851285615011,-0.25224997556097856,0.02832530138243783,50.1538761399879,49.813050721137046,49.10508055646069,1.0451702571230022,1.5079713803091874,-0.8000012156328324,1.7247385866235816,1.8284347929650213,1.3956509098811822,0.19596942321056288,0.5077032166712369,-0.07491933358739766,7.266610042580032
2026-09-02 07:25:00,22.9908516255602,23.15148172108837,23.231986087483065,22.630031126462995,23.833941048503135,0.3274843641417651,-0.020967420559602993,-0.41917007044902455,0.37723522932981857,-0.3936278190250526,-0.059536945835091615,1006.6584388194937,1006.0033339463647,1006.2564924817428,-0.5239749826268242,-0.25224997556097856,-0.0009085598171623133,51.01504127357515,51.74843043588305,49.66108276106942,1.0479499652536484,1.5079713803091874,0.5793762945044421,6.648868159980781,6.555033076601711,5.726893374769482,0.19649061848505908,0.5077032166712369,0.3204364851609922,16.75100998109521
2026-09-02 07:30:00,23.953031979086298,23.93785057234621,23.844579247087783,23.2424807110518,24.446677783123764,0.32835302293259205,-0.020967420559602993,-0.41938707667480685,0.37745223555560087,0.7552881279644836,0.11423874581803162,1006.7130414848401,1006.1708995825351,1006.3581596012992,-0.5253648366921473,-0.25224997556097856,0.06498995679680775,49.372267321938324,50.45036074295308,49.06671367819206,1.0507296733842946,1.5079713803091874,-0.12432431554816503,6.449917582871789,6.816278857845594,6.5038245149126075,0.19701181375955523,0.5077032166712369,-0.19524887373825006,7.370199954507214
2026-09-02 07:35:00,22.91380203930623,23.29025220300547,23.467063722020512,22.86482164519702,24.069305798844006,0.32922168172341904,-0.020967420559602993,-0.41960396476868234,0.37766912364947636,-1.0303614288992087,-0.15584409845543945,1006.5768167921567,1005.9821585791228,1006.2689757169392,-0.5267546907574705,-0.25224997556097856,-0.03456716225537093,52.48479292548261,52.8546025935935,50.81384808034196,1.053509381514941,1.5079713803091874,0.5327831329423489,3.3614644555464483,3.2104720745275763,2.884400575133955,0.1975330090340514,0.5077032166712369,-0.1816317172776154,8.868301637907049
2026-09-02 07:40:00,23.061575775404645,23.572658524217733,23.541234045775948,22.93884846236888,24.143619629183014,0.330090340514246,-0.020967420559603,-0.4198207349233642,0.3778858938041582,0.3463884256948546,0.052391899001388964,1006.6871010962795,1005.983776755363,1006.2319213355921,-0.5281445448227936,-0.25224997556097856,0.004105395331862383,50.0187135354319,50.7094091580173,49.7414221544101,1.0562890896455872,1.5079713803091874,-0.5399843767019874,3.3256954728240435,4.223654602608398,3.5034114128167513,0.19805420430854762,0.5077032166712369,0.21253997312040962,8.236236173985025
2026-09-02 07:45:00,23.318301076066874,23.604098725556735,23.615586585230226,23.01305752941908,24.218115641041372,0.33095899930507294,-0.020967420559603,-0.42003738733104184,0.37810254621183587,0.06267400560404113,0.009479560886113347,1006.7018533430372,1006.1230626552366,1006.3338250844791,-0.5295343988881167,-0.25224997556097856,0.041487546318421664,49.255441181820494,49.18792856495077,47.987741115831525,1.0590687977762334,1.5079713803091874,-0.3077839311899453,7.418234550774853,8.005588308830022,7.370600016117955,0.19857539958304377,0.5077032166712369,0.12728507604083106,2.999869558596705
2026-09-02 07:50:00,22.86926162680523,23.488375188812903,23.535207393161286,22.932534899101142,24.13787988722143,0.3318276580958999,-0.020967420559603,-0.42025392218338353,0.37831908106417755,-0.17100471462766365,-0.025864783788779988,1006.6416970611958,1006.2769309726398,1006.4980055412212,-0.5309242529534399,-0.25224997556097856,0.031175406979514264,50.69551374041171,51.819025135423786,49.58340414515894,1.0618485059068798,1.5079713803091874,0.7276496099556624,1.5073271174701122,1.7101964432077463,1.6543801350401743,0.19909659485753994,0.5077032166712369,-0.45188690850366475,32.03677027059413
2026-09-02 07:55:00,23.66936543225569,23.86127848405931,23.82155659240919,23.218740694230757,24.424372490587626,0.3326963168867269,-0.020967420559603,-0.4204703396715381,0.3785354985523321,0.4012466757937503,0.06068931220972118,1006.5645102751328,1006.1171864903729,1006.4274309377205,-0.532314107018763,-0.25224997556097856,-0.05799447178662831,50.243114587221285,52.15229820036533,50.592991607604986,1.064628214037526,1.5079713803091874,0.05133521245115702,8.026073275726052,8.485909413757481,7.407094033099832,0.19961779013203615,0.5077032166712369,0.5711121639864123,47.31793995998038
2026-09-02 08:00:00,23.73686514869128,23.85948923337565,23.905570704776164,23.30261143658579,24.50852997296654,0.33356497567755383,-0.020967420559603,-0.4206866399861366,0.3787517988669306,-0.16604125254884394,-0.025114050840908675,1006.6752982007949,1006.2382408147272,1006.4747902366863,-0.5337039610840861,-0.25224997556097856,0.015700553601845968,49.50995910730327,49.69965193365507,48.84447525877444,1.0674079221681723,1.5079713803091874,-0.6527947054285548,2.9953749752474987,2.7044734013607936,2.732244618126595,0.2001389854065323,0.5077032166712369,-0.535474433437038,43.196944862774835
2026-09-02 08:05:00,24.261447217713954,24.58243479074311,24.514404702094698,23.91130209797441,25.117507306214986,0.3344336344683808,-0.020967420559603,-0.420902823317295,0.378967982198089,0.5884059881950812,0.08899750920801708,1006.7056010556076,1006.1924785822063,1006.4582305335039,-0.5350938151494093,-0.25224997556097856,-0.013501975736630811,48.80609227896491,49.37814249602182,47.858919481258766,1.0701876302988187,1.5079713803091874,0.011251634453870452,5.260084135349299,6.2177563154501945,5.323029732970894,0.20066018068102848,0.5077032166712369,0.38702336580806396,22.231431133263737
2026-09-02 08:10:00,24.49860177319146,24.817385551380408,24.867822051052496,24.26457614506003,25.471067957044962,0.3353022932592078,-0.020967420559602996,-0.42111888985461554,0.37918404873540956,-0.19483447088222405,-0.02946907911248431,1006.4662949822045,1006.0083098803991,1006.3045096949735,-0.5364836692147325,-0.25224997556097856,-0.043949839013407654,46.24771548406087,47.722719819653676,46.34051149490722,1.072967338429465,1.5079713803091874,-0.1257630555627287,9.277797664248828,9.301914656544206,8.793101246999168,0.20118137595552468,0.5077032166712369,0.0011101928738010969,0.3885926779998329
2026-09-02 08:15:00,25.272733103383512,25.762897801700593,25.70327703970762,25.09988786587644,26.306666213538797,0.3361709520500348,-0.020967420559602996,-0.4213348397871887,0.37939999866798274,0.532807823653382,0.08058818255257805,1006.8331868078052,1006.175224733173,1006.3762281321899,-0.5378735232800557,-0.25224997556097856,0.051246576544031086,43.64620769119451,45.69162731321281,44.33475492048897,1.0757470465601113,1.5079713803091874,-0.15109898758534257,6.0090414766244535,6.174594823684666,5.955931456491453,0.20170257123002086,0.5077032166712369,-0.28903984947802375,13.017627841840099
2026-09-02 08:20:00,25.062472990046267,25.24452003607433,25.445734650780583,24.842202243119925,26.04926705844124,0.3370396108408617,-0.020967420559603017,-0.4215506733035955,0.37961583218438943,-1.1917022098152614,-0.18024719414664858,1006.5995085102403,1006.0138186500059,1006.294252052479,-0.5392633773453788,-0.25224997556097856,-0.028183426912164578,45.42721829617612,45.311193201099734,43.5486076351939,1.0785267546907575,1.5079713803091874,0.25461418559664395,4.163809201560238,3.809252981908224,3.2655721128938833,0.202223766504517,0.5077032166712369,0.035977652343103905,4.043171083991805
2026-09-02 08:25:00,24.611171700579497,25.222698817574166,25.262861217181737,24.65918560967662,25.866536824686854,0.3379082696316887,-0.020967420559603017,-0.4217663905919091,0.37983154947270314,-0.126907378820043,-0.019194979047966854,1006.6108404063694,1006.098987810504,1006.3270039527418,-0.5406532314107019,-0.25224997556097856,0.024233833323137333,46.50786992361643,47.45414859650508,45.27225399430595,1.0813064628214037,1.5079713803091874,0.6739232218899431,6.2073812561008825,6.556012409302164,5.812056522971421,0.20274496177901322,0.5077032166712369,0.23625266965950598,10.402409595483391
2026-09-02 08:30:00,24.641705903055435,25.3738662239796,25.350150269533607,24.746331496144876,25.95396904292234,0.33877692842251567,-0.020967420559603017,-0.42198199183969676,0.3800471507204908,0.29542360971704795,0.04468337500559727,1006.708835101561,1006.2084193949172,1006.432067408166,-0.5420430854760251,-0.25224997556097856,0.028601962312222895,45.32549282678377,46.63608365559144,45.34766061795541,1.0840861709520502,1.5079713803091874,-0.21954834267315704,3.7574809324650578,3.6288438423954346,3.3734136684603175,0.2032661570535094,0.5077032166712369,-0.2522730427361197,9.630888779804048
2026-09-02 08:35:00,25.35640502956875,25.688221811388427,25.661248082882604,25.05728617754695,26.26520998821826,0.3396455872133426,-0.020967420559603024,-0.42219747723402196,0.38026263611481587,0.3169623447001939,0.04794114906542646,1006.6329550508042,1006.1375502895011,1006.4158083296793,-0.5434329395413482,-0.25224997556097856,-0.026008064617258242,43.428952670483135,44.43417343706275,43.45897598689386,1.0868658790826964,1.5079713803091874,-0.5327739301402943,3.324757081470725,3.559041162268539,2.9342143025213807,0.20378735232800554,0.5077032166712369,0.11712364307592171,3.734511345080153
2026-09-02 08:40:00,24.789454967586806,25.37991129762784,25.47997715643936,24.875872153069356,26.084082159809366,0.3405142460041696,-0.020967420559603024,-0.42241284696144593,0.38047800584223984,-0.5229583966841389,-0.07909843825191842,1006.7369973817248,1006.1714242958157,1006.4246647543605,-0.5448227936066713,-0.25224997556097856,-0.000990482983866059,46.365243201808376,45.47345513552005,43.61315949122778,1.0896455872133426,1.5079713803091874,0.35232426398307837,14.05395402453958,14.09498024226472,13.112744567835835,0.20430854760250175,0.5077032166712369,0.47453245775764863,33.4301385051987
2026-09-02 08:45:00,26.207306544269795,26.33739003493974,26.21018866101193,25.60594059349605,26.81443672852781,0.34138290479499656,-0.020967420559603024,-0.4226281012080298,0.3806932600888237,0.9796162467453193,0.1481687944874146,1006.6337382272192,1006.0309120693777,1006.3171339150501,-0.5462126476719945,-0.25224997556097856,-0.03397187011148617,42.44763193731213,43.94092924010314,42.61738641957455,1.092425295343989,1.5079713803091874,-0.18442855978059924,6.9890649328322825,6.870571495230178,7.1502934414073,0.20482974287699793,0.5077032166712369,-0.7874251628483586,91.09690167583449
2026-09-02 08:50:00,26.102856687495763,26.660152559317968,26.69766043796094,26.0932693401636,27.30205153575828,0.3422515635858235,-0.020967420559603024,-0.42284324015933644,0.38090839904013035,-0.10935704459993545,-0.016540458083369458,1006.4959383093502,1006.4220015000695,1006.578385605222,-0.5476025017373176,-0.25224997556097856,0.09586587040848826,41.19427194969364,43.50494603404079,41.96331583049295,1.0952050034746352,1.5079713803091874,0.03365882323865321,6.07940713806085,6.043449625683559,5.269097021769221,0.20535093815149408,0.5077032166712369,0.2666493872431017,11.204295530408478
2026-09-02 08:55:00,25.598870065464144,26.15144556955269,26.328120068910223,25.7235859746718,26.932654163148648,0.34312022237665046,-0.020967420559603024,-0.42305826400043234,0.38112342288122625,-1.029455525040813,-0.15570707879793133,1006.6395579184561,1006.2265836535934,1006.5361696176684,-0.5489923558026407,-0.25224997556097856,-0.05733598851406896,44.3024993548919,45.49381346743278,43.45779068323928,1.0979847116052814,1.5079713803091874,0.5280514038843123,3.9903947900529535,4.2640033337046,3.7659676924339447,0.20587213342599028,0.5077032166712369,-0.009667575400581718,4.377299034315709
2026-09-02 09:00:00,25.255767954760017,25.77244429196547,25.842223516204424,25.23754645934128,26.446900573067566,0.34398888116747744,-0.020967420559603024,-0.4232731729158893,0.3813383317966832,-0.3227186674674343,-0.04881180367934945,1006.4115982726668,1005.9231881841916,1006.2610002600246,-0.5503822098679639,-0.25224997556097856,-0.08556210027199995,46.239911916004836,46.515791493105354,44.884239785050056,1.1007644197359279,1.5079713803091874,0.1235803277461116,1.3627172009140767,1.1846632377539157,0.7454896151309567,0.20639332870048646,0.5077032166712369,-0.06852959404827796,1.8165273113444353
2026-09-02 09:05:00,26.635994009895466,26.977738932079713,26.757763681431648,26.152943695736173,27.362583667127122,0.34485753995830437,-0.020967420559603024,-0.4234879670897864,0.38155312597058033,1.5929896444510483,0.24094267120766943,1006.5974642971013,1006.010710958437,1006.2218579643359,-0.551772063933287,-0.25224997556097856,0.041102969662119904,41.238517821244,41.93156015201915,41.54282154444388,1.103544127866574,1.5079713803091874,-1.1192327727339162,1.0862657127594146,1.068536735427324,0.429986158520125,0.2069145239749826,0.5077032166712369,0.13084736023596222,15.209581114806788
2026-09-02 09:10:00,26.20091484230928,25.955791252810005,26.196489789243508,25.59152690848414,26.801452670002874,0.34572619874913135,-0.020967420559603024,-0.423702646705712,0.3817678055865059,-1.452749695171697,-0.21973111587389837,1006.574319281009,1005.9534745389689,1006.1904453710251,-0.5531619179986101,-0.25224997556097856,0.015279143504699277,41.99872094195545,44.52097523207715,42.31569158629122,1.1063238359972203,1.5079713803091874,0.6973122654767394,5.538008322165601,5.944426055794423,5.216258803754009,0.20743571924947882,0.5077032166712369,0.22046403536917758,14.567336210974497
2026-09-02 09:15:00,26.89292653424084,27.11117596305037,26.939358542959805,26.334252800881057,27.544464285038554,0.34659485753995833,-0.020967420559603024,-0.42391721194676524,0.38198237082755915,1.2745947126076764,0.19278484065016954,1006.5462121515264,1005.9720402904035,1006.205890823673,-0.5545517720639334,-0.25224997556097856,0.018399442291411106,40.38282243948673,42.219896016303046,41.025499601688345,1.1091035441278667,1.5079713803091874,-0.3135749656944853,7.437268916438753,8.425969793425022,8.030897068692827,0.207956914523975,0.5077032166712369,-0.11263049193904173,6.284650106347939
2026-09-02 09:20:00,25.90980331406404,26.132083626857902,26.35483750532906,25.74958893565155,26.96008607500657,0.34746351633078526,-0.020967420559603024,-0.4241316629955581,0.382196821876352,-1.3341087995430705,-0.20178645791155247,1006.5561799502719,1006.0441626506806,1006.2750425595766,-0.5559416261292565,-0.25224997556097856,0.021370066664985643,42.04168741739935,43.66559196436533,41.753207049662464,1.111883252258513,1.5079713803091874,0.404413534393683,5.489516309588364,5.841271065252736,5.564105273760525,0.20847810979847115,0.5077032166712369,-0.2305374251790253,12.782057489982552
2026-09-02 09:25:00,26.456226091117106,26.608907278626624,26.5307468543072,25.92535549072768,27.13613821788672,0.34833217512161224,-0.020967420559603024,-0.4243460000342172,0.3824111589150111,0.6553825836559177,0.09912784487902826,1006.2910222091253,1005.4516253973213,1005.8422491127986,-0.5573314801945796,-0.25224997556097856,-0.1383737399163465,41.171424817699496,42.571217844916156,41.25275773392914,1.1146629603891591,1.5079713803091874,-0.18951126932216766,8.536355195102004,8.470176007521786,7.72705784556187,0.20899930507296735,0.5077032166712369,0.2354149452886798,11.265695589262478
2026-09-02 09:30:00,26.845025495528493,27.218674930350343,27.14385640089206,26.538322277083438,27.74939052470068,0.3492008339124392,-0.020967420559603014,-0.42456022324438525,0.38262538212517927,0.6332876849816671,0.0957859500178877,1006.4885417555482,1005.6944119819822,1005.8602196333878,-0.5587213342599028,-0.25224997556097856,0.08644232415531405,38.28890320316073,38.877436181927756,38.06823467642897,1.1174426685198056,1.5079713803091874,-0.6987698748104023,1.1693543221926614,1.2687405715184317,1.183689241321563,0.20952050034746353,0.5077032166712369,-0.422651886474368,29.801248299766755
2026-09-02 09:35:00,27.007145858675408,27.273422662274427,27.349696206943868,26.744019356555253,27.955373057332483,0.35006949270326615,-0.020967420559603014,-0.4247743328072236,0.3828394916880176,-0.3656557908157403,-0.05530612410983693,1006.5819448691338,1005.9263013224678,1006.0898967207512,-0.5601111883252259,-0.25224997556097856,0.0886545772775662,40.08396046414708,41.043725896272925,38.77969892266636,1.1202223766504518,1.5079713803091874,0.7560555932973756,4.316574087995849,4.536092485463582,3.5762690080429307,0.21004169562195968,0.5077032166712369,0.4521202607494148,33.303884110127065
2026-09-02 09:40:00,26.952150922038268,27.13816667157936,27.227554826092206,26.621735282748915,27.833374369435496,0.35093815149409313,-0.020967420559603014,-0.4249883289034133,0.38305348778420734,-0.45236287996207025,-0.06842073395324277,1006.5886868504275,1006.0582567235538,1006.2907174567335,-0.561501042390549,-0.25224997556097856,0.019789242381193617,38.40888698282837,39.46955087906666,38.09777356986837,1.123002084781098,1.5079713803091874,-0.13619407111089998,3.344646710641723,3.4503821163474666,3.118984968033909,0.21056289089645588,0.5077032166712369,-0.17630606835767892,5.0694225262203805
2026-09-02 09:45:00,27.52346338323043,27.663510163865784,27.60736434305789,27.00140214036149,28.21332654575429,0.3518068102849201,-0.020967420559603014,-0.42520221171315725,0.3832673705939513,0.5098332907690057,0.07711324136749909,1006.40667719379,1005.8078953252613,1006.1520425931362,-0.5628908964558722,-0.25224997556097856,-0.09189729231400179,37.900772499731964,39.46621374549527,37.88177825556984,1.1257817929117444,1.5079713803091874,0.07646410961623928,4.984199264753197,5.466200800945229,4.84083098425704,0.21108408617095206,0.5077032166712369,0.1176666000169524,3.575843865721898
2026-09-02 09:50:00,26.98767004318037,27.197242915159073,27.322715890189038,26.716611061717366,27.92882071866071,0.35267546907574704,-0.020967420559603014,-0.42541598141618164,0.38348114029697566,-0.690937247538912,-0.1045055544703608,1006.7461432111248,1006.4035806445186,1006.5343368826108,-0.5642807505211953,-0.25224997556097856,0.1214937374687679,39.38870869844346,41.72440531489937,39.703750078891446,1.1285615010423906,1.5079713803091874,0.5126838556987394,1.7859748045988992,2.0628221309486148,1.7858484638928545,0.2116052814454482,0.5077032166712369,-0.23072954961547643,11.747161377935711
2026-09-02 09:55:00,27.49633622946126,28.07418019969782,27.951256075112738,27.34500865441994,28.557503495805538,0.353544127866574,-0.020967420559603014,-0.42562963819173827,0.3836947970725323,0.951337262887666,0.14389154514468672,1006.4210682133945,1005.6330380907585,1006.0867286621024,-0.5656706045865184,-0.25224997556097856,-0.20144059578285578,37.95791523887333,39.983926957480875,38.959949720018116,1.1313412091730368,1.5079713803091874,-0.48399414284642717,11.513249379073601,11.997731571266508,10.908819172603451,0.21212647671994442,0.5077032166712369,0.5812091819918201,56.11651543335681
2026-09-02 10:00:00,27.738078426875624,27.960286202607527,28.049762765140215,27.443372785756754,28.656152744523677,0.354412786657401,-0.020967420559603014,-0.42584318221860584,0.38390834109939986,-0.4529473885482318,-0.06850914197308455,1006.6902814319743,1006.0105191528819,1006.1724608288351,-0.5670604586518416,-0.25224997556097856,0.09030829960772735,38.1387922425716,38.13740567523845,37.04156828720994,1.1341209173036833,1.5079713803091874,-0.4121339922806797,3.3174024298737907,3.4357169647789423,3.7334438788338673,0.2126476719944406,0.5077032166712367,-0.8054301307261618,94.84153955176431
2026-09-02 10:05:00,28.030438413230723,28.282732117392296,28.290675272300472,27.684142767733178,28.897207776867766,0.35528144544822793,-0.020967420559603014,-0.4260566136750917,0.3841217725558857,0.08610977958080923,0.013024265651427669,1006.6018855945259,1006.2614490429575,1006.4341545449545,-0.5684503127171647,-0.25224997556097856,0.07954447356394212,36.953807115691106,38.269903716246276,36.53104836045094,1.1369006254343295,1.5079713803091874,0.23088397548615092,10.615699965690713,11.226518898876026,10.020598626642721,0.21316886726893675,0.5077032166712367,0.6982170555620684,70.55773622112396
2026-09-02 10:10:00,28.241971212113967,28.506781793348374,28.52633653502361,27.919661538755697,29.133011531291523,0.3561501042390549,-0.020967420559603014,-0.4262699327390338,0.3843350916198278,0.009339909873393282,0.0014126788843675797,1006.4328074482961,1005.882635180215,1006.2411378972522,-0.5698401667824878,-0.25224997556097856,-0.10625274147628261,37.133681923768464,38.86277293346776,37.04584616535556,1.1396803335649757,1.5079713803091874,0.30895538780301024,4.977751771021528,5.141496158280497,5.212707696037048,0.21369006254343295,0.5077032166712367,-0.578914754427788,49.569234463001834
2026-09-02 10:15:00,27.638020545075285,28.06283801086705,28.186167098483168,27.579349643974258,28.792984552992078,0.3570187630298819,-0.020967420559603014,-0.42648313958780254,0.38454829846859656,-0.6767629610498851,-0.10236166705651328,1006.7868834682611,1006.3483798348334,1006.5028480514248,-0.571230020847811,-0.25224997556097856,0.0977817589695178,36.13805533269586,37.77560363850719,36.45327134614714,1.142460041695622,1.5079713803091874,-0.1856390879491343,13.83425015002414,13.757104447100671,12.63075561063413,0.21421125781792913,0.5077032166712367,0.6186456197953039,56.960408399396556
2026-09-02 10:20:00,27.602604614111396,28.051741933637814,28.054084494162545,27.447124614848704,28.661044373476386,0.3578874218207088,-0.020967420559603014,-0.42669623439830207,0.3847613932790961,0.12313804365242831,0.018624860034872626,1006.3312179406516,1006.066285107229,1006.3945155984904,-0.5726198749131342,-0.25224997556097856,-0.07598051570050757,38.506086288249236,39.14793902736557,37.333367773556894,1.1452397498262683,1.5079713803091874,0.30659987349948636,6.076535582049472,6.944464149454564,7.092867853812164,0.21473245309242528,0.5077032166712366,-0.6561069210288366,62.58631908399902
2026-09-02 10:25:00,28.85344674070853,28.603271513471434,28.515173864769494,27.908071594063255,29.122276135475733,0.3587560806115358,-0.020967420559603014,-0.4269092173469722,0.3849743762277662,0.7210824260980786,0.10906506926154336,1006.6365683607668,1005.9584879691031,1006.2463648655021,-0.5740097289784573,-0.25224997556097856,-0.035626920838012666,35.845444502672194,39.324751333243796,37.82849757313289,1.1480194579569145,1.5079713803091874,-0.01171762019828293,11.115289714569041,10.783050038847627,9.829881425542885,0.21525364836692149,0.5077032166712366,0.44546539663350515,29.71511242595441
2026-09-02 10:30:00,28.59911326640761,29.163065048575493,29.135915367338406,28.528670738628794,29.743159996048018,0.3596247394023628,-0.02096742055960302,-0.42712208860979023,0.38518724749058414,0.3181256541190258,0.048117101796691486,1006.6358960751664,1006.0455993414538,1006.2618377228182,-0.5753995830437805,-0.25224997556097856,0.036011594196565966,35.18572457089364,35.314856087116304,34.688341093539144,1.150799166087561,1.5079713803091874,-0.881456386732026,0.5008734059913761,0.4950266320413155,0.5814466278839703,0.21577484364141766,0.5077032166712366,-0.5941232125138916,54.747919767022275
2026-09-02 10:35:00,28.288224781959954,28.935991787001893,29.070551006300608,28.46316405295318,29.677937959648037,0.3604933981931897,-0.02096742055960302,-0.4273348483622725,0.3854000072430664,-0.7510108449408435,-0.11359179873911174,1006.3709404283509,1005.7532869561021,1006.0576356917412,-0.5767894371091036,-0.25224997556097856,-0.052098760078138184,36.24221707314666,36.52924519003203,34.533655646481414,1.1535788742182072,1.5079713803091874,0.4876181632414287,8.07655847885719,8.104746162223986,6.8271458711792885,0.2162960389159138,0.5077032166712367,0.7698970743734606,87.46551300089449
2026-09-02 10:40:00,29.327067277839816,29.4783920273515,29.441999283303183,28.834470038660037,30.04952852794633,0.3613620569840167,-0.02096742055960302,-0.42754749677947607,0.38561265566027,0.3792360554750722,0.05736016460792115,1006.6646718105139,1005.7933035686669,1006.0152824528334,-0.5781792911744267,-0.25224997556097856,0.030271091394524774,35.14757246499543,36.49080711235354,34.761189423967274,1.1563585823488534,1.5079713803091874,0.22164630807707653,10.562040205382107,11.531349321489486,11.187910640975263,0.21681723419041002,0.5077032166712367,-0.1642645361570132,4.552714025606039
2026-09-02 10:45:00,28.869355195940212,29.037126262768087,29.16356381783605,28.555892315215864,29.771235320456235,0.36223071577484367,-0.02096742055960302,-0.4277600340360006,0.3858251929167945,-0.6973145571456882,-0.10547013450835863,1006.4010432007412,1005.7749145349381,1006.007547122159,-0.5795691452397499,-0.25224997556097856,0.0196173883400661,34.66420395200593,37.5167846864565,35.762970421387124,1.1591382904794998,1.5079713803091874,0.24584288476019367,2.6964057211965184,3.455801815905378,3.4841367978710505,0.2173384294649062,0.5077032166712367,-0.5360381986369092,42.529311138153794
2026-09-02 10:50:00,29.40871240866587,29.681761105675886,29.595206403541024,28.987392676239086,30.203020130842962,0.3630993745656706,-0.02096742055960302,-0.42797246030598973,0.38603761918678364,0.7108812529684698,0.1075221226944656,1006.4630210985954,1006.0142214273975,1006.2018262168899,-0.580958999305073,-0.25224997556097856,0.06464518606856018,32.75407215560648,33.247034273653284,32.66455564347266,1.161917998610146,1.5079713803091874,-0.9254927501285621,2.220996305721728,2.8870343735537896,2.038407286508801,0.21785962473940235,0.5077032166712367,0.3409238703737518,22.67458365800942
2026-09-02 10:55:00,29.075277230528588,29.288044459993763,29.40113061067885,28.79317469196708,30.009086529390622,0.3639680333564976,-0.02096742055960302,-0.42818477576313285,0.38624993464392676,-0.6090419036792412,-0.09211873012548466,1006.4382934701632,1005.9370330480647,1006.219763689753,-0.5823488533703961,-0.25224997556097856,-0.030480666127346012,36.010137301070515,36.96217231529371,34.50603595061968,1.1646977067407922,1.5079713803091874,0.948164984364837,5.2196494559102655,5.338832677211264,4.678467502670657,0.21838082001389855,0.5077032166712367,0.15266195786937065,8.946457414932762
2026-09-02 11:00:00,29.981153419445175,30.39077548638182,30.24362967579513,29.635531598922103,30.851727752668157,0.36483669214732456,-0.02096742055960302,-0.4283969805806671,0.386462139461461,1.1114786557688348,0.16811323114629317,1006.3569343921199,1005.8660581600924,1006.1525930749498,-0.5837387074357193,-0.25224997556097856,-0.03428493929641263,33.56639678686123,35.59570914014523,34.32500063267591,1.1674774148714386,1.5079713803091874,-0.2372628728398638,11.621997792642674,12.568753209083601,11.868089997224441,0.21890201528839473,0.5077032166712367,0.19295999518792328,8.722679394980876
2026-09-02 11:05:00,29.964824360543552,29.94122465420993,30.106461096130598,29.49822089432158,30.714701297939616,0.3657053509381515,-0.02096742055960302,-0.42860907493137823,0.38667423381217214,-0.9538329424644942,-0.14426902136106534,1006.4747945874396,1005.8333396788427,1006.0939917054454,-0.5851285615010424,-0.25224997556097856,-0.008402051041798586,32.74891435857577,33.90488175766767,32.787554992823786,1.1702571230020848,1.5079713803091874,-0.3906446154653054,6.267953883619745,6.597882695334927,6.676860721987133,0.21942321056289088,0.5077032166712367,-0.5866812433234427,52.105763118802486
2026-09-02 11:10:00,29.266128038417232,29.409116526538863,29.533719578790638,28.92533728524761,30.142101872333665,0.36657400972897847,-0.02096742055960302,-0.42882105898760314,0.38688621786839705,-0.6851857632950278,-0.10363563169217116,1006.4464999557687,1005.7615669548014,1006.020724446616,-0.5865184155663655,-0.25224997556097856,-0.006907516253590984,34.61470937381888,35.52006312132738,33.55803766671291,1.173036831132731,1.5079713803091874,0.454054074305283,6.166301183686526,6.679424600614849,5.909685163936203,0.21994440583738709,0.5077032166712367,0.2620362200074098,11.998188284498372
2026-09-02 11:15:00,29.854503501529283,30.529785610084073,30.326157264711167,29.717632912612853,30.93468161680948,0.36744266851980545,-0.02096742055960302,-0.4290329329212309,0.3870980918020248,1.4849122719722487,0.2245957659325093,1006.0376681848636,1005.6401482660167,1005.9064492277157,-0.5879082696316887,-0.25224997556097856,-0.014050986138045118,32.848311265502694,34.47663412627545,33.13632303586929,1.1758165392633775,1.5079713803091874,-0.16766028990302573,2.790382930860001,3.0647571463037466,2.695660785557967,0.22046560111188326,0.5077032166712367,-0.13860685592545696,8.243807652350633
2026-09-02 11:20:00,29.82126786064984,30.003935194490868,30.15595288358347,29.54728650608536,30.76461926108158,0.3683113273106324,-0.02096742055960302,-0.4292446969037046,0.3873098557844985,-0.8664373131966485,-0.13105026853299862,1006.4661996899869,1005.8023039943362,1005.9991565629122,-0.5892981236970118,-0.25224997556097856,0.05539740698498008,34.90533619379661,36.30194683337431,34.42513767476574,1.1785962473940237,1.5079713803091874,0.3688377782993797,0.20193408810339789,0.4080809130928018,-0.13137747559473634,0.2209867963863794,0.5077032166712367,0.0317551720163014,3.001742945587083
2026-09-02 11:25:00,30.204839951731476,30.82270559345352,30.733966613068535,30.125158243302913,31.342774982834158,0.36917998610145936,-0.02096742055960302,-0.4294563511060229,0.38752150998681684,0.7253225829977517,0.10970640094458872,1005.9898701853102,1005.4432945133669,1005.770808936298,-0.590687977762335,-0.25224997556097856,-0.07526444737004567,33.186654067980946,35.19238105201505,34.00058865882763,1.18137595552467,1.5079713803091874,-0.3161789871217664,9.300950305518073,9.446924695001035,8.421150401531687,0.22150799166087562,0.5077032166712367,0.5180710767981118,40.7149339026293
2026-09-02 11:30:00,29.36266322291703,29.80377950692734,30.032904003974963,29.423953675050942,30.641854332898983,0.37004864489228634,-0.02096742055960302,-0.4296678956987419,0.38773305457953583,-1.3762280695345162,-0.20815707648801762,1006.3608852979237,1005.7933076681977,1005.9512318130145,-0.5920778318276582,-0.25224997556097856,0.09432583074419654,34.688371117818846,36.905701892726455,35.11075359863559,1.1841556636553163,1.5079713803091874,0.2869769137816789,2.193434451270648,2.3525716401802708,2.557680418242578,0.2220291869353718,0.5077032166712367,-0.7128119947335438,78.49750960845246
2026-09-02 11:35:00,30.11122325784434,30.120287018609805,30.0506861247314,29.441593869734938,30.65977837972786,0.37091730368311326,-0.02096742055960302,-0.42987933085197627,0.3879444897327702,0.5987913485477385,0.09056831443800917,1006.3398061116596,1005.9655959782052,1006.1752926430221,-0.5934676858929813,-0.25224997556097856,0.04255331074409696,32.500041760792456,33.93257958058271,33.10208058798106,1.1869353717859625,1.5079713803091874,-0.6774723877075317,7.291294857664174,7.696392734477466,6.660026393292794,0.22255038220986795,0.5077032166712367,0.528663124513435,43.3067468442448
2026-09-02 11:40:00,30.34521812111126,30.84406992262844,30.730693951523477,30.121459803517414,31.33992809952954,0.37178596247394025,-0.02096742055960302,-0.4300906567354012,0.3881558156161951,0.8882097581529393,0.1343433916645651,1005.969967669695,1005.5208219833876,1005.9030824229435,-0.5948575399583044,-0.25224997556097856,-0.13001046399494953,33.078056735714775,34.50115799593403,32.76817081310269,1.1897150799166087,1.5079713803091874,0.22501580252215092,11.45435141623556,11.78758293335254,11.308371748284868,0.22307157748436415,0.5077032166712367,-0.028492031603564172,4.16902249291655
2026-09-02 11:45:00,29.300226031250954,29.64934719207715,29.912991156441038,29.303615148465113,30.522367164416963,0.3726546212647672,-0.02096742055960302,-0.4303018735182539,0.3883670323990478,-1.6044531227853795,-0.24267654380428283,1006.03280007034,1005.2422638832163,1005.5571045827503,-0.5962473940236276,-0.25224997556097856,-0.06259072397301679,34.4222972920056,35.786080865881765,33.871244397957554,1.1924947880472552,1.5079713803091874,0.4068650876150244,3.5455414299112764,3.759692791609032,3.805728861610392,0.22359277275886033,0.5077032166712367,-0.553739286672597,51.268657171232604
2026-09-02 11:50:00,29.60907351474655,29.891503383552198,29.82601030697295,29.216492472043836,30.435528141902065,0.37352328005559415,-0.02096742055960302,-0.4305129813693351,0.388578140250129,0.5716325626587349,0.08646049713885162,1005.8873596205967,1005.1115893974915,1005.3449906778108,-0.5976372480889507,-0.25224997556097856,0.01884869524167243,33.535616153991285,35.122195095488614,33.79200763419316,1.1952744961779014,1.5079713803091874,-0.17778391901373425,7.6949497899235935,8.371920955766607,7.30422661734015,0.22411396803335648,0.5077032166712367,0.5599911217552194,45.73786519045792
2026-09-02 11:55:00,29.342075993693467,29.76545935117429,29.766025688870695,29.156366059982023,30.375685317759366,0.37439193884642114,-0.02096742055960302,-0.4307239804570108,0.38878913933780473,0.13488152004694243,0.02040108286319864,1005.97774434716,1005.465553717716,1005.5819550794499,-0.5990271021542738,-0.25224997556097856,0.13584861382707913,34.46618935917797,35.70838007378369,34.14348194812304,1.1980542043085476,1.5079713803091874,0.05692674535146125,2.1131290187006595,1.447738261386293,1.4262354543039493,0.2246351633078527,0.5077032166712367,-0.486200409588893,35.84724931000692
2026-09-02 12:00:00,30.122091713850363,30.59227900860097,30.130924150314797,30.034165679597265,30.22768262103233,0.3752605976372481,0.13360326199866576,-0.17302297677724923,0.4402295007745808,0.9278479939444786,0.3277515962875057,1005.9185134831337,1005.3084458798071,1005.9037355159808,-0.600416956219597,-0.3873978040319894,-0.20789183214174045,34.03984867581419,35.240195802395554,34.039476951942106,1.200833912439194,1.4567433220657844,-0.256024471612335,7.124929673237503,7.503052206196211,7.118779374277448,0.22515635858234886,0.21218996876338675,0.17208286315537613,50.070390290057816
2026-09-02 12:05:00,30.585608908735235,31.103256529558234,30.828960691075864,30.380054121280292,31.277867260871435,0.37612925642807504,0.19059054530343272,-0.07849837021916356,0.459679460826029,0.427625839757912,0.08370529317893727,1006.0343719792409,1005.364289401363,1005.8964336653596,-0.6018068102849201,-0.43750095543338147,-0.09464330856326342,31.082550602552704,33.24346591978434,32.69862820410457,1.2036136205698402,1.1880333663388214,-0.6431956506590524,3.1434003223452596,3.5843994881997983,4.3238958751680965,0.22567755385684501,-0.23214293359199983,-0.5073534533762984,35.68251011860119
2026-09-02 12:10:00,30.964884271486284,31.577532756214787,31.41218414300214,30.88111149774935,31.943256788254928,0.376997915218902,0.19286310495575135,-0.07608546237914401,0.4618116722906467,-0.18144149190400682,-0.02751449174310494,1006.0646451816194,1005.6137926998684,1006.0086677994364,-0.6031966643502433,-0.43459468267052725,0.0397195831026238,30.74665419869483,33.16594047167935,31.817407299122404,1.2063933287004867,1.1906325676708025,0.15790060488614444,8.598666363548087,9.16895397315598,9.163966184219326,0.2261987491313412,-0.445297751690233,0.4502855406268882,28.53506785523425
2026-09-02 12:15:00,30.4555021927134,30.9149959492788,30.8874250488613,30.351338370663992,31.423511727058607,0.377866574009729,0.22703851460615804,-0.0402220296946077,0.49429905890692377,-1.3041463078695408,-0.19946761418865577,1006.0261069919108,1005.4496393808085,1005.9238989126209,-0.6045865184155664,-0.4295645312932637,-0.04469500051902742,32.57501739531002,32.57814807643442,31.27860120815457,1.2091730368311329,1.1769768733778312,0.12256999490201537,4.474118238605695,4.681376750695524,5.5320837379056815,0.2267199444058374,-0.4286371121410361,-0.42206987506912164,29.872773097734328
2026-09-02 12:20:00,31.135769823913552,31.239378238956835,30.953669964885204,30.424532388054313,31.482807541716095,0.37873523280055593,0.22287517361705508,-0.04441000650088253,0.49016035373499267,0.41473862205543455,0.06283310045457569,1005.6790765549108,1005.0809687904633,1005.5887235255303,-0.6059763724808895,-0.4213070199282642,-0.08644771513877458,30.15469889512877,31.374668561483006,30.26927592734519,1.211952744961779,1.1824877421958329,-0.07709510805801756,5.912500870797334,6.202118030692855,6.378014045653393,0.22724113968033355,-0.42327530781489825,0.2473792928543599,10.006328621062478
2026-09-02 12:25:00,29.987243579553045,30.27211837961419,30.18531030862378,29.66025090127743,30.71036971597013,0.3796038915913829,0.2234197072686038,-0.04418758433418571,0.49102699887139334,-0.9032008760928356,-0.13661163627819306,1005.6766741155851,1005.1862821851522,1005.5534166245664,-0.6073662265462128,-0.4236322506855409,0.05649781127135611,33.046630906567856,33.710407812904094,31.922134546860843,1.2147324530924255,1.169370636617605,0.6189026294256479,7.186745088496681,7.710291938445927,8.11787295172005,0.22776233495482973,-0.42325132083102224,0.015670307556899132,4.331834622745127
2026-09-02 12:30:00,29.90935935730746,30.87844157474339,30.487377570443698,29.963001419666895,31.0117537212205,0.3804725503822099,0.22478695539572083,-0.043138554873225404,0.4927124656646671,1.099311023005125,0.16627704890397155,1005.3982263903397,1004.7332039604865,1005.2230146418212,-0.6087560806115359,-0.42316309186719114,-0.06664758946749316,33.60457371959199,34.573308707626204,33.302604380752655,1.2175121612230717,1.1694946326291267,0.1012096942444245,3.2648563604384044,3.9404898119517844,4.605674881105538,0.22828353022932593,-0.4230179986573443,-0.24216707049640984,11.840146350927341
2026-09-02 12:35:00,30.61635707836036,31.14259649960974,30.872958619562,30.34814954005881,31.397767699065188,0.3813412091730368,0.22498115987790587,-0.043265488258053625,0.49322780801386534,0.2952452980860123,0.04465672016983646,1005.4706004395875,1005.0957323527315,1005.3943767798515,-0.610145934676859,-0.42262352671182846,0.12397909959179287,33.72978843100799,35.27209326814996,34.19441524972231,1.220291869353718,1.1690500962004373,-0.09137207777278888,8.783809302767624,8.922453232717816,8.960612251488932,0.22880472550382208,-0.42304040508861396,0.38488138631749713,23.10358348736588
2026-09-02 12:40:00,30.836471534687078,31.69253886281324,31.42911007404113,30.903886333166003,31.954333814916257,0.3822098679638638,0.22500948902174933,-0.04355915488702966,0.4935781329305283,0.2540086981123224,0.03841929975036251,1005.6750308481861,1004.9452879159589,1005.3819538195675,-0.6115357887421822,-0.4226878669235306,-0.013978036684989092,30.968731545590423,32.72735382030876,32.266169087387915,1.2230715774843643,1.167148125485638,-0.7059633925647972,4.543256269874597,4.852674925591184,5.665140315090939,0.22932592077831826,-0.4230570469256984,-0.38940834257405754,24.3757952489513
2026-09-02 12:45:00,30.71041343381848,31.372578777013008,31.2683574220804,30.742895924249765,31.793818919911033,0.3830785267546908,0.2250483794005701,-0.04384190441187574,0.49393866321301594,-0.7988464240984321,-0.12082702446796034,1005.7095793582863,1005.1951930754302,1005.5654818926639,-0.6129256428075053,-0.4225717009058738,0.05228288367220557,31.48545505143052,32.62160518215645,31.387526793458466,1.2258512856150106,1.1671934162518482,0.06688497244613956,7.901910617061029,8.635329922418471,8.727720119360988,0.22984711605281447,-0.42305633327671016,0.33066613633419273,17.47334722329025
2026-09-02 12:50:00,29.933510364832877,30.365817964689548,30.305460278812077,29.779838715176076,30.83108184244808,0.3839471855455177,0.2250909059707524,-0.04412063595963653,0.4943024479011413,-1.089131725256042,-0.16473322009328228,1005.217182546154,1004.8179419750802,1005.3417858354885,-0.6143154968728284,-0.4226234458161886,-0.1012204145921487,32.49818061912621,32.19613934509362,30.91348089849981,1.2286309937456568,1.1671800056097454,0.11547844098406301,3.1540352065710255,2.7471953951346806,3.579828477951178,0.23036831132731062,-0.4230555584660499,-0.4095775243504476,28.017247156392234
2026-09-02 12:55:00,30.75815978553563,31.203257043828195,30.756011080075286,30.230238166749327,31.281783993401245,0.3848158443363447,0.22507559442034092,-0.044456826887466716,0.49460801572814855,1.4688767881982265,0.2221703693325665,1005.2467537330481,1004.4244540587191,1004.932762508742,-0.6157053509381516,-0.4226111722407929,-0.08569727778217384,31.990679434709694,32.45005367212505,31.09411543156077,1.2314107018763032,1.1671419120929878,0.18879632847129102,8.216599040609255,8.240484767266686,8.175736592149601,0.2308895066018068,-0.42305559612046956,0.48780377123755425,40.17572361749104
2026-09-02 13:00:00,30.30164188320979,30.680010378361594,30.534616526958164,30.008684528354532,31.060548525561796,0.3856845031271717,0.22507498478580132,-0.044777934660929414,0.4949279042325321,-0.5268108786926824,-0.0796811333823726,1005.2631919312498,1004.5945964498685,1004.9276315668448,-0.6170952050034747,-0.4226303618623844,0.08959524488614079,32.69967279496674,34.65106294113382,33.013738586451765,1.2341904100069494,1.1670953503410084,0.47022900434104997,2.8241633369748618,3.495324832432054,4.353379963882698,0.231410701876303,-0.4230556324733368,-0.43499949897730783,29.702323647421522
2026-09-02 13:05:00,31.117200172952607,31.156192411701305,30.84985297619487,30.32375708703517,31.375948865354573,0.3865531619179986,0.22507611510482564,-0.04509692227473558,0.49524915248438683,0.537271489584132,0.08126332040160733,1005.2389965434472,1004.7918425933112,1005.1269299188424,-0.6184850590687978,-0.4226405780028574,0.08755325247170731,31.42344531020757,30.468074290717222,30.296585063818696,1.2369701181375956,1.1671156811630667,-0.9956264542645421,5.6843014423964515,6.243994689629742,6.356182116120289,0.23193189715079915,-0.4230556316604104,0.31086820516986347,20.435899019896446
2026-09-02 13:10:00,31.01813156426595,31.409162835468422,31.168776675447987,30.642515912444622,31.69503743845135,0.3874218207088256,0.22507619439717455,-0.045416582079247564,0.49556897087359664,0.10122165813248074,0.015309965623259814,1005.0036945501926,1004.5574063192181,1005.0361449462298,-0.619874913134121,-0.4226387251710558,-0.05609990184063918,30.59556934013185,32.78526088774569,31.044838903464722,1.239749826268242,1.1671196717562702,0.573302312524703,4.075406076396141,4.464592732099445,5.069784421100783,0.23245309242529533,-0.42305563098932464,-0.1821360580120137,6.797954503428296
2026-09-02 13:15:00,30.513942922450585,31.144368312458678,31.00292188735237,30.476496564742643,31.5293472099621,0.38829047949965256,0.22507617302790958,-0.045735965041862475,0.4958883110976816,-0.5529170974133493,-0.08362974792160216,1005.1153067181424,1004.4683176108847,1004.9169699866386,-0.6212647671994441,-0.4226388091218721,-0.026013566632059337,31.60989452774686,33.26940805466138,31.919685339488417,1.2425295343988882,1.167121163492245,0.1826015516807189,8.995194609224635,9.09358983499169,9.247889673856507,0.23297428769979153,-0.4230556310110306,0.26875579214621226,11.292807596577285
2026-09-02 13:20:00,30.698975687139995,30.968206826466236,30.770137620411564,30.24354806555403,31.296727175269098,0.3891591382904795,0.2250761910402535,-0.046054932451508546,0.49620731453201555,-0.1785563644423398,-0.02700698498558296,1004.9056441122543,1004.172788826938,1004.6472259678125,-0.6226546212647672,-0.4226393090132432,-0.05179783186122222,31.612768935022277,33.91101904277583,32.71475540310203,1.2453092425295345,1.1671212675181388,0.029142372155654073,4.22607768919487,4.195027622473532,5.029898383727387,0.23349548297428768,-0.42305563107779875,-0.4118151301760564,24.578989288713085
2026-09-02 13:25:00,30.4916750744924,30.964093471386068,30.712648467572276,30.185894817639017,31.239402117505534,0.39002779708130647,0.2250761820095769,-0.04637355205899946,0.4965259160781533,0.17433715605436717,0.026368821804215514,1004.8980982324795,1004.417444130499,1004.749064094009,-0.6240444753300904,-0.4226387645932125,0.09101880108323712,33.098453344727055,34.18768694588247,33.109551677884305,1.2480889506601809,1.167121217522755,-0.08898594952459149,11.21270341107898,11.269355403555052,11.175967345947761,0.23401667824878386,-0.4230556310767394,0.5164436886840296,39.09404131570366
2026-09-02 13:30:00,30.89732443794672,31.45853910299749,31.14195786329598,30.61504016683077,31.668875559761187,0.39089645587213345,0.2250761769643637,-0.04669179415420047,0.4968441480829279,0.6049846489395136,0.09150506273714853,1004.9043453342715,1004.4564433702634,1004.8503558551598,-0.6254343293954135,-0.42263870739945586,0.02872622250299628,32.01585846853724,31.617602788109743,31.063764589060526,1.250868658790827,1.167121435843613,-0.6132832367943948,11.454903252524401,12.153843592293288,12.834724781433271,0.23453787352328007,-0.4230556310749035,-0.257825558065079,12.395435271619652
2026-09-02 13:35:00,31.307675108080474,31.517504134880937,31.320598740861342,30.793517034761052,31.847680446961633,0.3917651146629604,0.2250761762126797,-0.047009659739691595,0.49716201216505096,-0.18625079602855266,-0.028170782193086552,1004.7441633835588,1003.9426396978212,1004.4897395600001,-0.6268241834607367,-0.4226387125770799,-0.1244611496018706,29.303869446490037,30.90180792661671,29.726186995280873,1.2536483669214733,1.1671214330905766,0.00849949824526064,3.5948601489643908,3.6413864110155627,4.496307765325097,0.23505906879777622,-0.4230556310748929,-0.4318657232346421,28.422915060809277
2026-09-02 13:40:00,30.530727116954797,30.833100317539852,30.747133489664826,30.21988781888596,31.27437916044369,0.39263377345378736,0.22507617336166114,-0.047327156511342894,0.49747950323466517,-0.9197198059432949,-0.13910934548663434,1004.5972734509303,1003.7884723660593,1004.223357107888,-0.6282140375260599,-0.4226387074617936,-0.012246034366853564,33.46758068348742,35.743731257770214,33.37061561064894,1.2564280750521197,1.1671212811818814,1.2059943659393895,7.502862652977852,7.768869806322021,7.623014080527103,0.2355802640722724,-0.42305563107471533,0.5689113568696342,55.719656260940745
2026-09-02 13:45:00,31.1222052959529,31.31212543010208,30.97018833721,30.44277875210689,31.497597922313112,0.39350243224461434,0.22507617398107835,-0.04764428019480607,0.4977966281569628,0.772624594610754,0.11686091891099792,1004.5646312534778,1003.968815864184,1004.297008007422,-0.629603891591383,-0.4226387357535689,0.09444659251551002,31.427028472787068,33.426013700380565,32.92688576343299,1.259207783182766,1.1671212897937788,-0.667993352846203,2.3316312775562644,2.3416204434445094,3.169494511441288,0.2361014593467686,-0.4230556310747146,-0.404818436922064,28.114954005006982
2026-09-02 13:50:00,30.70021694810589,30.93015491780345,30.761029817444484,30.233456369578324,31.288603265310645,0.39437109103544127,0.22507617401941987,-0.047961036129491263,0.498113384168331,-0.3699198672044517,-0.05595107366045582,1004.485048707317,1003.9484590566746,1004.3477504355523,-0.6309937456567061,-0.42263873842516253,0.02334735954741518,31.563016919652718,32.2948512241757,31.534149743673172,1.2619874913134121,1.167121282989855,-0.4064198024873278,5.425900858675065,5.915355722326037,5.965355666503935,0.23662265462126475,-0.4230556310747198,0.3730556868968211,21.098475862446254
2026-09-02 13:55:00,30.583064482247156,30.72078317534281,30.512764861315308,29.985027601947998,31.040502120682618,0.39523974982626825,0.22507617403842023,-0.04827742503410104,0.4984297731109415,-0.11277784137485725,-0.0170578600109188,1004.3590025395787,1003.6817585770721,1004.1646206661553,-0.6323835997220293,-0.422638737683872,-0.060223351399372405,31.608116110270647,32.942292170084826,31.544037320182326,1.2647671994440586,1.1671212859020499,0.23113356400045149,8.606191891672001,8.681717857463829,9.125826442232032,0.23714384989576093,-0.4230556310747198,-0.021052953693484255,0.7727608187094936
2026-09-02 14:00:00,30.84145337925089,31.05747209559238,30.74911116548613,30.2212101455279,31.277012185444363,0.39610840861709523,0.22507617400479196,-0.048593448214958035,0.49874579622454196,0.5506361880411994,0.08328475610145958,1004.2909405071051,1003.759061126315,1004.1516141997399,-0.6337734537873524,-0.42263873716892864,0.030085663743989244,30.74331818860335,31.584596081154118,30.58926658989033,1.2675469075747048,1.1671212851570425,-0.17179179389325228,7.99137875837682,8.199765636500752,8.78125266390005,0.23766504517025713,-0.42305563107471983,-0.1584313963245787,4.56779320583179
2026-09-02 14:05:00,30.450378578250408,31.131246781817897,30.90541676822501,30.37735203843827,31.433481498011748,0.39697706740792216,0.2250761740047803,-0.04890910685151073,0.49906145486107134,0.004984001594294796,0.0007538395881070414,1004.4839537858707,1003.7422699869924,1004.1516031096695,-0.6351633078526755,-0.42263873697395987,0.013305614296768908,32.83214546812128,33.447058912475136,31.80182453985226,1.270326615705351,1.1671212852345396,0.478113087388337,7.622214761512467,7.3553863620443725,7.7919424929098735,0.23818624044475328,-0.42305563107471983,-0.013500499790780829,1.2204800344164515
2026-09-02 14:10:00,30.61938544602147,30.834135766402163,30.677410316914926,30.149181928015114,31.20563870581474,0.39784572619874914,0.22507617400108745,-0.04922440223946781,0.49937675024164274,-0.4519000133747362,-0.06835072451385216,1004.2419210500785,1003.2881638482995,1003.8064036840559,-0.6365531619179987,-0.4226387375802139,-0.09560109817618923,31.799043976327066,33.836461157106946,32.6343801058542,1.2731063238359974,1.167121285208452,0.03495976604429529,4.435752888600972,4.19044985345874,4.708087840109892,0.23870743571924946,-0.42305563107471983,-0.09458235557643135,2.7955332184160206
2026-09-02 14:15:00,30.33422676314784,30.75823299194955,30.53094960805862,30.00255761072931,31.05934160538793,0.3987143849895761,0.22507617400114693,-0.04953933562258256,0.4996916836248764,0.014592942295902134,0.002207209889785844,1004.026407693366,1003.3248795165327,1003.7068263608016,-0.6379430159833218,-0.4226387375346762,0.040691893265830004,32.15413716649813,32.47199734945264,31.718144961239002,1.2758860319666436,1.1671212854073698,-0.4132688971937313,5.3028044790272775,5.544335068017475,5.767997355694719,0.23922863099374567,-0.42305563107471983,0.19939334339747639,6.73560178581841
2026-09-02 14:20:00,31.56796904232953,31.86697833537574,31.451378249905012,30.92282269478964,31.979933805020384,0.39958304378040305,0.22507617400192914,-0.0498539082479052,0.5000062562517635,1.2596466058455889,0.190523911468798,1004.0876320814576,1003.4577840333859,1003.8091286744022,-0.6393328700486449,-0.4226387375806588,0.07129409656431562,30.93067054936293,31.494283144994927,30.50780414507019,1.2786657400972898,1.1671212854335469,-0.18064228550880657,2.5351982632449634,2.3774009429538765,2.9961640308247697,0.23974982626824182,-0.42305563107471983,-0.1957074567961734,10.039146957716401
2026-09-02 14:25:00,30.76106083133283,31.39728572131145,31.324492596542612,30.795773534238464,31.85321165884676,0.40045170257123003,0.22507617400226507,-0.05016812135351642,0.5003204693580465,-1.0068175937386847,-0.15228304923342506,1003.8448817899605,1003.162783071862,1003.6410013856665,-0.6407227241139681,-0.4226387375418003,-0.05557957626274401,31.80252494385467,32.200749885304695,30.734349979483575,1.2814454482279363,1.1671212854354385,0.29927862038568165,8.660955910067376,9.532752923410463,9.510608154033807,0.240271021542738,-0.42305563107471983,0.445200400451375,31.53863623975123
2026-09-02 14:30:00,30.428125823101013,31.091678643783794,30.939973330167504,30.411090811224277,31.46885584911073,0.401320361362057,0.22507617400238436,-0.05048197616904623,0.5006343241738149,-0.4850905828082759,-0.07337086038609542,1003.9823913346615,1003.1664882669334,1003.5767309722842,-0.6421125781792912,-0.42263873754602843,0.012396032195169937,30.938796964662146,31.030824102381487,30.01330231020792,1.2842251563585825,1.1671212854306499,-0.14959949325708166,6.4309183053135195,6.053253588497079,6.9376494689641675,0.2407922168172342,-0.42305563107471983,-0.46134024939236795,31.07025360218204
2026-09-02 14:35:00,30.750863445313467,31.32586646189414,31.029536037778836,30.500490112698937,31.558581962858735,0.40218902015288394,0.22507617400235536,-0.05079547391728989,0.5009478219220006,0.4710966388150375,0.07125425011294695,1003.7730358453761,1002.8571860667496,1003.3289574735044,-0.6435024322446143,-0.42263873754209025,-0.04913266921266768,32.1501030910264,33.554239388989714,31.816808627565738,1.2870048644892287,1.1671212854409518,0.5703094759830236,8.523855736739371,8.525116559231869,8.702760023619053,0.24131341209173035,-0.42305563107471983,0.24541216668753485,11.071122727741088
2026-09-02 14:40:00,30.573802997292212,31.038087586856474,30.848402751238677,30.319193470477643,31.37761203199971,0.4030576789437109,0.22507617400235322,-0.05110861581399542,0.5012609638187019,-0.23398941859191424,-0.03539133838455655,1003.6124579601317,1002.8904523531666,1003.2731649308566,-0.6448922863099376,-0.4226387375412589,0.039926159851120246,32.96616517634751,35.18515218775296,33.81884174449911,1.2897845726198751,1.16712128544188,0.199189157811972,4.101972877501056,4.348817745047548,5.045120413930123,0.24183460736622653,-0.42305563107471983,-0.2732470378078551,11.167585722835215
2026-09-02 14:45:00,30.480030629639472,30.837745060005833,30.626343712841702,30.096971126808377,31.155716298875028,0.4039263377345379,0.225076174002352,-0.05142140306822687,0.5015737510729309,-0.0904109572362728,-0.013674826838222742,1003.6065703416584,1003.0949365670307,1003.4404066052571,-0.6462821403752607,-0.4226387375387551,0.07716869931232395,33.29050414061125,34.435167016365554,33.722285564754905,1.2925642807505213,1.167121285442201,-0.45423983383155075,4.7957840889017795,4.928600010203767,5.15157278954272,0.24235580264072273,-0.42305563107471983,0.20008285173576734,7.4559571681956065
2026-09-02 14:50:00,30.760006938379984,30.9264269940671,30.658511841204106,30.128976000260725,31.188047682147488,0.4047949965253648,0.22507617400235336,-0.05173383688218941,0.5018861848868961,0.28322940623927906,0.04283897886064025,1003.2146362714686,1002.7553938929401,1003.2554067727029,-0.6476719944405838,-0.422638737540138,-0.07737414222265215,32.07472243505665,32.16546818348648,31.606639557515766,1.2953439888811675,1.1671212854430117,-0.6082926594722977,4.877800404334376,4.789433765250419,5.233846486949038,0.24287699791521888,-0.42305563107471983,-0.021357090623898678,2.8278844499940075
2026-09-02 14:55:00,30.759520466872083,31.553889898412717,31.225738603121776,30.696039557584015,31.755437648659537,0.4056636553161918,0.22507617400235344,-0.052045918451317036,0.502198266456024,0.6814799553364814,0.10307512128858676,1003.1922030092683,1002.7212981683831,1003.1464892742007,-0.649061848505907,-0.4226387375401511,-0.0025523682774064582,32.59662608459352,34.56670541339895,32.76888156863372,1.298123697011814,1.1671212854425919,0.6307025593226427,1.233303853830384,1.1893236951715187,1.7725449868237964,0.24339819318971506,-0.42305563107471983,-0.16016566057755788,6.829096070847096
2026-09-02 15:00:00,30.182768953137277,30.437366663693783,30.43559563140389,29.905733431540927,30.96545783126685,0.4065323141070188,0.2250761740023544,-0.052357648964313996,0.5025099969690228,-1.476379325080302,-0.22330514171245852,1003.0932759014096,1002.3204377685661,1002.8097649802538,-0.6504517025712301,-0.4226387375401219,-0.06668847414766788,32.39590018145503,35.04536498982547,33.753842674532784,1.3009034051424602,1.167121285442574,0.12440102985011237,4.9245247711036795,4.871247936318119,4.9729297081678006,0.24391938846421127,-0.42305563107471983,0.321373859225039,20.586938578349173
2026-09-02 15:05:00,30.099390380643868,30.639520622948282,30.332308226336497,29.802282922371095,30.8623335303019,0.4074009728978457,0.22507617400235425,-0.05266902960321779,0.5028213776079262,0.5430426723308734,0.08213622260943154,1003.205249451263,1002.3803519460819,1002.7453933995512,-0.6518415566365532,-0.4226387375402058,0.05759728407088005,32.9981600631928,33.784849317148634,33.003920634344475,1.3036831132731064,1.1671212854425572,-0.3861926026383955,9.706854113542205,9.865278188834894,10.226791217939208,0.24444058373870742,-0.42305563107471983,0.061542601970405286,2.3902282367366148
2026-09-02 15:10:00,30.150764580161646,30.770947326374998,30.485376594139552,29.955188236248116,31.01556495203099,0.4082696316886727,0.22507617400235422,-0.052980061543444396,0.5031324095481529,0.3999590621617166,0.06049455823309202,1003.3555260992098,1002.7767898807549,1003.0689632493311,-0.6532314107018764,-0.4226387375403251,0.13046536896410998,32.623332387136095,33.546951795165675,32.437818148459975,1.3064628214037528,1.1671212854425541,-0.05798763873685431,11.462747646840652,12.293288152709083,12.843382558427852,0.2449617790132036,-0.42305563107471983,-0.1270387746440491,4.604208660724057
2026-09-02 15:15:00,29.267428515435654,29.565510706534088,29.527502792145192,28.99715143045785,30.057854153832533,0.4091382904794997,0.22507617400235416,-0.05329074595384445,0.5034430939585528,-1.2367996041385148,-0.18706825961345785,1003.3426827781316,1002.783326515104,1003.2157002628885,-0.6546212647671995,-0.4226387375403221,-0.009735010244185105,34.409363200064675,36.13113423366579,34.37463842847271,1.309242529534399,1.1671212854425683,0.589374519750514,6.480300836053497,6.749164999308659,7.522949585194372,0.2454829742876998,-0.42305563107471983,-0.3507289548109922,23.04941400667189
2026-09-02 15:20:00,29.50590297100604,30.12351242573956,29.726081097835188,29.19556678243586,30.256595413234514,0.4100069492703266,0.2250761740023542,-0.05360108399675251,0.5037534320014609,1.1395240783108953,0.17235515390201783,1003.0166325022611,1002.4206468242087,1002.9621362853923,-0.6560111188325226,-0.422638737540321,-0.11885072364327698,34.62152907845463,37.23105031434772,35.98623259542711,1.3120222376650452,1.1671212854425685,0.07769643347803878,5.9000402694526395,6.500914585831092,6.683218679741889,0.24600416956219595,-0.42305563107471983,0.2407515371639235,13.018043688146623
2026-09-02 15:25:00,30.578910478675407,31.142628727404333,30.740997899775465,30.210320680701933,31.271675118848997,0.4108756080611536,0.2250761740023542,-0.05391107682803886,0.5040634248327472,1.1672890214796041,0.17655465362651412,1002.9096863158227,1001.9501758517893,1002.4773868345812,-0.6574009728978458,-0.42263873754032755,-0.1045722452516884,32.53068572748015,33.42962035669566,33.2841562943044,1.3148019457956917,1.167121285442571,-1.0216572230513137,1.3360119706525833,1.7346302392377178,2.3424306710200264,0.24652536483669213,-0.42305563107471983,-0.18474480070758892,14.74993147277949
2026-09-02 15:30:00,30.606758166979553,31.364095200907887,31.205305249115632,30.67446517635961,31.736145321871653,0.41174426685198057,0.2250761740023542,-0.05422072559715918,0.5043730736018676,-0.4382505806099424,-0.06628622221009906,1002.4788323074351,1001.6900087927395,1002.1114686863501,-0.6587908269631689,-0.4226387375403275,0.0011788439296651632,31.86601991363109,32.11764174275886,31.09700507429125,1.3175816539263379,1.1671212854425712,-0.14648461697495918,10.951111408582413,11.532316688088269,11.326288380483454,0.24704656011118833,-0.42305563107471983,0.6290839386795337,57.04292171958476
2026-09-02 15:35:00,29.762227572370186,30.080971204727653,30.140367838442604,29.609364961949815,30.671370714935392,0.4126129256428075,0.2250761740023542,-0.0545300314472042,0.5046823794519126,-1.8807886313794562,-0.28447280771730377,1002.5829155746467,1001.9182815750753,1002.2070787906302,-0.660180681028492,-0.4226387375403251,0.13384152198534593,33.203400548859335,35.028896795934244,32.92941899988135,1.320361362056984,1.1671212854425703,0.932356510610326,0.8598357395633234,0.2674142041709322,1.6107351864610422,0.24756775538568448,-0.42305563107471983,-0.9202653512153902,135.86360163267548
2026-09-02 15:40:00,30.0020296145163,30.15833839549399,29.847050047962597,29.31588441763283,30.378215678292364,0.4134815844336345,0.2250761740023542,-0.05483899551494914,0.5049913435196576,0.569990774025257,0.08621217352903798,1002.4624658171476,1001.8739780112484,1002.265032501298,-0.6615705350938152,-0.42263873754032505,0.031584247490627604,33.79786688274807,35.76026241144954,34.426856458499486,1.3231410701876305,1.1671212854425703,0.16628466750748316,12.752563011604922,12.909314555920634,12.304315243377886,0.24808895066018066,-0.42305563107471983,1.0280549436174677,151.84444846076715
2026-09-02 15:45:00,29.80200066399313,30.11525295612869,29.82609477073253,29.294766436419728,30.357423105045335,0.41435024322446146,0.2250761740023542,-0.055147618930902365,0.5052999669356107,0.42367746665321704,0.0640820113938041,1002.4049094214209,1001.8570451366521,1002.2816225532894,-0.6629603891591384,-0.42263873754032505,-0.0019386790969520007,31.54003174781374,32.87085768648019,32.489541664015334,1.3259207783182767,1.1671212854425703,-0.7858052629777106,6.125264619621385,6.766015392501276,7.981021642335293,0.24861014593467687,-0.42305563107471983,-0.7919506187592962,93.09890874961603
2026-09-02 15:50:00,30.811712270706288,31.26870188122844,30.84649505902081,30.315004070533124,31.377986047508497,0.4152189020152884,0.2250761740023542,-0.05545590281935375,0.5056082508240621,1.3033269682822954,0.19713064820527748,1002.3913985068505,1001.7486862919683,1002.2002652461236,-0.6643502432244615,-0.422638737540325,-0.028940216615069403,31.291503743441258,32.17369762216422,31.085975131523824,1.328700486448923,1.1671212854425703,-0.07939879480217371,4.820160141289562,4.897770735673935,5.171339759358238,0.24913134120917302,-0.42305563107471983,0.14948660739041664,7.425057576612948
2026-09-02 15:55:00,29.92725309586695,30.354983202090075,30.362460357074706,29.830806764174575,30.894113949974837,0.41608756080611536,0.2250761740023542,-0.05576384829842235,0.5059161963031307,-1.5375236067653155,-0.23255332898698455,1002.2656625669696,1001.6495400406606,1002.0897848083265,-0.6657400972897847,-0.422638737540325,-0.01760603012564843,33.439554441063414,35.56653762043662,33.498447163024636,1.3314801945795693,1.1671212854425703,0.9009691719694146,11.932187099193087,12.71058158513764,12.676265730758264,0.2496525364836692,-0.42305563107471983,0.4573714854540949,39.77522111804168
2026-09-02 16:00:00,29.324162992211726,29.66243163255376,29.53965874843737,29.007842600841588,30.07147489603315,0.41695621959694235,0.2250761740023542,-0.0560714564801037,0.5062238044848121,-0.6763770010715611,-0.10230328988596327,1001.9608001830303,1001.3064000504293,1001.7895114063351,-0.6671299513551078,-0.422638737540325,-0.06047261836556572,34.40098494147465,36.15767364782323,34.977245978565364,1.3342599027102156,1.1671212854425703,0.013306383815297806,1.1636713571739055,1.8590121350623994,3.110351891440999,0.2501737317581654,-0.42305563107471983,-0.8282841253038797,99.4063379219923
2026-09-02 16:05:00,28.885705927841542,28.92169131443386,28.715333555188973,28.183354902568762,29.247312207809184,0.41782487838776927,0.2250761740023542,-0.056378728470316664,0.506531076475025,-0.12375657960346942,-0.018718414757465496,1002.2925519754554,1001.7268750761676,1002.0162888677271,-0.6685198054204309,-0.422638737540325,0.13322494598082812,34.653607438479526,35.37589863579759,34.64325186176224,1.3370396108408618,1.1671212854425703,-0.4344745114072168,6.887913407880964,6.997869120075387,6.732947322056885,0.25069492703266155,-0.42305563107471983,0.6879774290932215,70.5205779444165
2026-09-02 16:10:00,28.514663863330277,29.027453999734696,28.667396202382378,28.135255094363444,29.19953731040131,0.41869353717859625,0.2250761740023542,-0.05668566536895009,0.5068380133736585,0.892429419454551,0.13498162334996522,1001.9436617183146,1001.3206819065525,1001.8226273547527,-0.6699096594857541,-0.422638737540325,-0.07930671065992101,34.691461678537976,36.07055678255402,34.8805944384286,1.3398193189715082,1.1671212854425703,0.022841058682850246,6.563026783505026,6.663293850098277,7.29612502643227,0.25121612230715773,-0.42305563107471983,-0.2097755452592729,8.910065493911146
2026-09-02 16:15:00,29.124720929427408,29.938752021213272,29.527515518595017,28.99521200475764,30.059819032432394,0.41956219596942324,0.2250761740023542,-0.056992268269908275,0.5071446162746167,1.2307968289981197,0.1861603286159017,1002.0662892152851,1001.4048503507412,1001.8024791052674,-0.6712995135510772,-0.422638737540325,0.025009983014115278,34.12833490418883,34.38956790567127,33.586429435645364,1.3425990271021544,1.1671212854425703,-0.3639828154166622,3.6469137204537887,3.594569285329102,4.165598810148719,0.2517373175816539,-0.42305563107471983,-0.1479738937448971,7.540825311921484
2026-09-02 16:20:00,28.62370717014067,29.13698827252552,29.106627445732926,28.574161575612017,29.639093315853835,0.42043085476025016,0.2250761740023542,-0.05729853826115683,0.5074508862658652,-1.2873582340817258,-0.19471534720975825,1002.2690462003486,1001.5561015128616,1001.9285259187585,-0.6726893676164003,-0.422638737540325,0.05021433164336031,35.85178968099896,37.7458807813821,35.82234281372849,1.3453787352328006,1.1671212854425703,0.7564166822110394,5.465241311033593,5.528621554330604,5.72199869713663,0.2522585128561501,-0.42305563107471983,0.22967848826869375,14.758971347818566
2026-09-02 16:25:00,28.237124507723564,28.780251125085343,28.60472283232316,28.07209465540833,29.13735100923799,0.42129951355107714,0.2250761740023542,-0.057604476424767626,0.507756824429476,-0.3275852356266533,-0.04954788124016929,1001.7493389921409,1001.0874534842155,1001.6198675293972,-0.6740792216817235,-0.422638737540325,-0.109775307641371,38.01504151871077,39.153413106567925,37.838757394236104,1.348158443363447,1.1671212854425703,0.14753442688925134,7.476184009426687,7.359186998306658,7.782399653789234,0.25277970813064626,-0.42305563107471983,-0.0001570244078559213,1.7145912264766385
2026-09-02 16:30:00,28.424090996942795,28.96074823051572,28.64753466955183,28.11474423528746,29.1803251038162,0.4221681723419041,0.2250761740023542,-0.05791008383696322,0.5080624318416715,0.5827193000516289,0.0881373869615345,1001.438873561984,1000.8360931930629,1001.2975256502868,-0.6754690757470466,-0.422638737540325,-0.038793719683667405,36.22305501155562,37.22542449714192,36.76566328899808,1.3509381514940932,1.1671212854425703,-0.7073600772987234,8.257073664731516,8.639017922266559,9.09625601354165,0.25330090340514244,-0.42305563107471983,-0.03418246020037152,3.727423040373108
2026-09-02 16:35:00,28.123761311645115,28.626207476754324,28.431386858766455,27.898434216551767,28.964339500981144,0.42303683113273105,0.2250761740023542,-0.05821536156816132,0.5083677095728697,-0.200034253694497,-0.030255556014484597,1001.708616109942,1001.0718784884643,1001.387571531569,-0.6768589298123697,-0.422638737540325,0.10694569443558066,38.115436784050765,39.44285505555356,37.924114511030716,1.3537178596247395,1.1671212854425703,0.35161925908027314,0.19323058397812187,0.010238734653830461,0.8669942115189873,0.2538220986796386,-0.4230556310747198,-0.433699845790437,28.845561744130322
2026-09-02 16:40:00,29.101915738768298,29.712154422065478,29.29934057662761,28.76622577581674,29.83245537743848,0.42390548992355803,0.2250761740023542,-0.05852031068301816,0.5086726586877266,1.2412254125478874,0.18773767143551368,1001.8517606153684,1001.2306357942425,1001.5875460460038,-0.6782487838776929,-0.422638737540325,0.06572848577900459,36.60121025051822,37.989953977737805,37.187483668666665,1.3564975677553859,1.1671212854425703,-0.3646509763714292,11.942078924050373,12.377542122861573,11.875447268453028,0.2543432939541348,-0.4230556310747197,0.9251504854832646,127.01905927968564
2026-09-02 16:45:00,28.647465187970454,29.15131407292197,29.085218121158768,28.551941211060818,29.618495031256717,0.424774148714385,0.2250761740023542,-0.058824932240472305,0.5089772802451806,-1.051095874508725,-0.1589802222391512,1001.9175352047214,1001.439304845981,1001.8290695863208,-0.679638637943016,-0.422638737540325,0.03287399720056783,36.47157646559885,38.54679779073733,37.27680229935596,1.359277275886032,1.1671212854425703,0.1028742059388037,3.0331415286730294,3.476429626971735,4.820575796632205,0.254864489228631,-0.42305563107471966,-0.9210905385857511,123.90482681764155
2026-09-02 16:50:00,28.156496866197323,28.51960423977188,28.406065763184923,27.87262679306405,28.939504733305796,0.42564280750521194,0.2250761740023542,-0.059129227293787,0.5092815752984954,-0.7374301781335504,-0.11153769741539676,1001.3786468286137,1000.7373929250174,1001.3561934982985,-0.6810284920083391,-0.422638737540325,-0.1961618357407815,37.999586884365414,39.83451629344226,38.39219867902735,1.3620569840166783,1.1671212854425703,0.27519632897234203,3.6733663281559963,3.4303906911039466,3.4976528666013245,0.25538568450312715,-0.42305563107471966,0.3557934555773419,24.05625618632171
2026-09-02 16:55:00,28.613722824077666,28.881036508371952,28.532510277299718,27.998909296375192,29.066111258224243,0.4265114662960389,0.2250761740023542,-0.05943319689059312,0.5095855448953015,0.8161886042581408,0.12345005706988132,1001.5790699131999,1000.7993017890552,1001.1942687853996,-0.6824183460736624,-0.422638737540325,0.027671741195945287,34.90737335197117,36.14708262108425,35.802264421172296,1.3648366921473247,1.1671212854425703,-0.8223030855306135,3.9203343355128237,4.641186797188949,4.972106102656395,0.25590687977762333,-0.42305563107471966,0.09213632560727358,6.383502475247106
2026-09-02 17:00:00,27.9119918533107,28.28957724734143,28.13552017974037,27.601757237186643,28.6692831222941,0.4273801250868659,0.2250761740023542,-0.05973684207293095,0.5098891900776393,-0.4695419889236767,-0.07101910640129461,1001.3785000485493,1000.8272328663095,1001.194264906602,-0.6838082001389855,-0.422638737540325,0.0556066972477538,39.72457937423596,41.70313029428913,39.286436971290094,1.367616400277971,1.1671212854425703,1.2495720375564687,1.385383888838453,1.7958947522151392,2.413045723484233,0.2564280750521195,-0.42305563107471966,-0.1940953401943739,14.27741755918553
2026-09-02 17:05:00,27.393129144481918,27.884203827649742,27.6820063775354,27.14808152248217,28.215931232588634,0.42824878387769283,0.2250761740023542,-0.06004016387729216,0.5101925118820005,-0.1512624146199677,-0.02287872388801304,1001.3784343446089,1000.4883065397543,1000.960809606566,-0.6851980542043086,-0.422638737540325,-0.049864329271485985,40.52827445847134,42.21926036983325,41.119696097525626,1.3703961084086171,1.1671212854425703,-0.06755701313494455,2.5442772829780655,3.0261359597381423,3.272930126975438,0.2569492703266157,-0.42305563107471966,0.17626146383742425,4.788937402959439
2026-09-02 17:10:00,28.2008497825677,28.566750633011626,28.17680503372492,27.642718315257202,28.71089175219264,0.4291174426685198,0.2250761740023542,-0.06034316333466061,0.510495511339369,1.0900322713621833,0.16486942528435122,1001.7393552665428,1000.8905553511623,1001.1940550524859,-0.6865879082696318,-0.422638737540325,0.11913903621677946,36.634254596190125,37.66615070370056,37.7693848089092,1.3731758165392636,1.1671212854425703,-1.2703553906512113,14.477003063864085,14.506873969002365,14.474048181232781,0.25747046560111186,-0.42305563107471966,0.455881418844303,42.40453065910293
2026-09-02 17:15:00,27.65854187998599,28.151395718071623,28.013813102505125,27.479564569663324,28.548061635346926,0.4299861014593468,0.2250761740023542,-0.060645841470553796,0.5107981894752622,-0.5784626353061633,-0.08749355843585604,1001.0680274942459,1000.430426821619,1000.9525488251571,-0.6879777623349549,-0.422638737540325,-0.09948326599783286,38.058587012798824,39.33476801087955,37.709472013038756,1.3759555246699098,1.1671212854425703,0.4581747123982254,4.27701218416805,4.721717580585594,6.08816882825106,0.25799166087560804,-0.42305563107471966,-0.9433956165907471,129.98186780995027
2026-09-02 17:20:00,26.876940072743825,27.39562485973408,27.286831427665856,26.752421129445832,27.82124172588588,0.4308547602501737,0.2250761740023542,-0.06094819930506279,0.5111005473097712,-0.7688019843101479,-0.11628274193412835,1001.2847363598413,1000.6728282436089,1001.0337229285351,-0.689367616400278,-0.422638737540325,0.06174405261413085,41.263436984616405,42.52359390634247,40.537263907057415,1.378735232800556,1.1671212854425703,0.8192087138424853,2.4200245576032033,3.016455448669927,3.096912712115162,0.2585128561501042,-0.42305563107471966,0.3425983676294848,22.051535699323193
2026-09-02 17:25:00,27.06211046833504,27.660469773630073,27.320762178653244,26.78619016400637,27.855334193300116,0.4317234190410007,0.2250761740023542,-0.06125023785289302,0.5114025858576015,0.7578842951552609,0.11463142097447587,1001.2725017905645,1000.3949866365733,1000.8691094785191,-0.6907574704656012,-0.422638737540325,-0.05148410440551743,39.224088031461754,41.00981204693232,40.35319143050665,1.3815149409312024,1.1671212854425703,-0.5105006690168992,2.313371625178635,2.5428231569018322,2.8737485237431994,0.2590340514246004,-0.42305563107471966,0.09213026423335258,4.235788178585573
2026-09-02 17:30:00,26.632017713544837,27.32116878514446,27.117662889109774,26.582929206943017,27.65239657127653,0.4325920778318277,0.2250761740023542,-0.06155195812340325,0.5117043061281117,-0.14261163976555835,-0.02157027796766542,1001.3233910581399,1000.573821111461,1000.9436407994264,-0.6921473245309243,-0.422638737540325,0.05281904957496408,42.22762338693268,43.318299944217216,41.87449301287717,1.3842946490618486,1.1671212854425703,0.27668564589748,7.710623324974888,8.570755309448492,8.724878579596261,0.2595552466990966,-0.42305563107471966,0.26893236092695005,11.073291706581236
2026-09-02 17:35:00,26.270841939677126,26.719904159995554,26.561614958862826,26.026719658038807,27.096510259686845,0.4334607366226546,0.2250761740023542,-0.06185336112064538,0.5120057091253538,-0.4415612877216333,-0.06678697286962532,1001.1359274641477,1000.3514777107185,1000.8158602945313,-0.6935371785962474,-0.422638737540325,-0.04174384627242489,41.688650852742526,42.76339786079772,41.88737278104866,1.3870743571924948,1.1671212854425703,-0.29109620569351335,9.443314939939231,9.716610772386707,10.360013740115614,0.26007644197359275,-0.42305563107471966,-0.2203473366541875,8.029349749297854
2026-09-02 17:40:00,27.033874585035242,27.20664866741919,26.844171096877893,26.309114226214955,27.37922796754083,0.4343293954134816,0.2250761740023542,-0.062154447843403515,0.5123067958481119,0.9084277215097281,0.13740139653894445,1001.1307005278777,1000.3627720467839,1000.7738534586173,-0.6949270326615706,-0.422638737540325,0.011557325706917254,42.2905906588873,45.255450571757606,43.72469739546269,1.3898540653231413,1.1671212854425703,0.3636318908523464,3.685032262283887,4.287865639667719,5.00866377201664,0.26059763724808893,-0.42305563107471966,-0.2977425012742021,15.340728578615963
2026-09-02 17:45:00,27.26442511963758,27.63060235447805,27.34232903277766,26.80711064104993,27.877547424505387,0.43519805420430857,0.2250761740023542,-0.06245521928523212,0.5126075672899405,0.417827200708043,0.06319714769803753,1000.9915849238683,1000.4368077035824,1000.8279787376508,-0.6963168867268937,-0.422638737540325,0.03146770347188976,40.95631378682357,43.10073594567504,42.56204301698456,1.3926337734537875,1.1671212854425703,-0.6284283567520887,0.9771858182457498,1.3262072929459314,1.628817413641587,0.2611188325225851,-0.42305563107471966,0.12044551037906426,4.632231914051164
2026-09-02 17:50:00,25.77636878103318,26.221248007509637,26.265456092744095,25.73007622868156,26.80083595680663,0.4360667129951355,0.2250761740023542,-0.06275567643449487,0.5129080244392032,-1.780369721261163,-0.2692842592368123,1001.0591327586156,1000.4674018373555,1000.8805142061508,-0.6977067407922168,-0.422638737540325,0.009526368745014224,43.58297602403202,44.369908974076345,42.98605361200251,1.3954134815844337,1.1671212854425703,0.2167340766312691,3.357232954507594,3.794529442161736,3.967801749707046,0.2616400277970813,-0.42305563107471966,0.2497833235294098,16.824764820628804
2026-09-02 17:55:00,26.3940735951365,26.463855215687047,26.121146941122518,25.58560565341109,26.656688228833946,0.4369353717859625,0.2250761740023542,-0.06305582027440199,0.5132081682791103,0.7777232530516116,0.11763210056217588,1000.9383202504046,1000.236355328569,1000.7181242914273,-0.69909659485754,-0.422638737540325,-0.05913022531808565,43.14609935733508,45.00104534220392,43.70515608016122,1.39819318971508,1.1671212854425703,0.1287679766001375,1.6018557488805645,1.3626172916617105,2.0078803225042554,0.26216122307157746,-0.42305563107471966,-0.2222073997678251,8.983948404101108
2026-09-02 18:00:00,25.73974297235127,26.455279906948554,26.173878921471232,25.6381762587528,26.709581584189664,0.43780403057678946,0.2250761740023542,-0.06335565178304808,0.5135079997877565,0.3723908303811747,0.05632481147496904,1001.056681393343,1000.2743006553528,1000.679820213049,-0.7004864489228632,-0.422638737540325,0.017119179844144128,44.94124017055878,46.436893120928644,45.077736325410825,1.4009728978457263,1.1671212854425703,0.19203551007525022,2.1803966810993685,2.554395220910051,2.8276287436710628,0.26268241834607364,-0.42305563107471966,0.14982210831370812,3.7606014548778086
2026-09-02 18:05:00,25.634360162673126,26.101508434542836,25.920777334052037,25.384913344924556,26.456641323179518,0.4386726893676164,0.2250761740023542,-0.06365517193344933,0.5138075199381578,-0.2931869333574326,-0.044345073511554034,1000.8842646455254,999.9799408920042,1000.451963015293,-0.7018763029881863,-0.422638737540325,-0.04938338574856971,43.95781277911299,45.67480632529744,44.84470869473066,1.4037526059763725,1.1671212854425703,-0.337023654875793,4.928538540282874,4.971249623526265,5.332284413012209,0.2632036136205698,-0.42305563107471966,0.06202084158877508,1.6123592760151055
2026-09-02 18:10:00,25.419632392398476,25.935444307472977,25.710697520843485,25.174672253861026,26.246722787825945,0.43954134815844337,0.2250761740023542,-0.06395438169358025,0.5141067296982886,-0.0021777407519820713,-0.00032938737286158926,1000.9751444750691,1000.484906058833,1000.766394249023,-0.7032661570535095,-0.422638737540325,0.1411505473502075,44.26792611756854,45.78433149132764,44.68810824578887,1.406532314107019,1.1671212854425703,-0.0708980399037955,3.3304759621741122,3.340281279335872,3.947772089339476,0.263724808895066,-0.42305563107471966,-0.18443517892888428,7.0999774786825665
2026-09-02 18:15:00,25.13661661458738,25.850131914041903,25.60628466460946,25.070098168282282,26.14247116093664,0.44041000694927035,0.2250761740023542,-0.06425328202641012,0.5144056300311185,0.12410474502280522,0.018771075430088047,1000.8956700600905,1000.2798311340144,1000.752595810291,-0.7046560111188326,-0.422638737540325,-0.05012593873630067,46.22331376006967,48.584339898695525,46.87080274771024,1.4093120222376652,1.1671212854425703,0.5464158655427127,5.513713521363249,6.301190480872605,6.524137005506316,0.2642460041695622,-0.42305563107471966,0.20010910644100832,7.565276051098042
2026-09-02 18:20:00,25.325562669889308,25.640812769600934,25.42589193150964,24.88954425430425,25.962239608715027,0.4412786657400973,0.2250761740023542,-0.06455187388993927,0.5147042218946476,-0.06714188425467071,-0.010155335911058216,1001.0530438026077,1000.2409975718126,1000.6928351494706,-0.7060458651841557,-0.422638737540325,-0.029198840117715008,46.52445986881081,48.213047874900276,47.31990667621886,1.4120917303683114,1.1671212854425703,-0.27398008676114927,3.4765404326712024,3.677176557696556,4.338620659295296,0.26476719944405835,-0.42305563107471966,-0.23838847052402068,8.600411216302751
2026-09-02 18:25:00,24.79610882715128,25.35306453785901,25.14731629825611,24.61080748859534,25.68382510791688,0.44214732453092426,0.2250761740023542,-0.064850158237235,0.5150025062419434,-0.12778641156685921,-0.019327934399456126,1000.8630862556613,1000.2635904610555,1000.6814932784938,-0.7074357192494789,-0.422638737540325,0.004735920102007185,46.39494396825953,47.760144448187056,46.88037980983417,1.4148714384989578,1.1671212854425703,-0.28735664708968045,10.728563306799176,10.692861152225081,10.700255360666041,0.26528839471855453,-0.42305563107471966,0.41566142263375916,25.11892373858605
2026-09-02 18:30:00,25.057476606403675,25.478519765105037,25.19821455183398,24.661544658097043,25.73488444557092,0.44301598332175124,0.2250761740023542,-0.06514813601646668,0.515300484021175,0.3651461452927727,0.055229039268702707,1000.5940630171342,999.8747039007332,1000.3798040526613,-0.708825573314802,-0.422638737540325,-0.08246141438780796,45.140189240027354,47.39159284824337,46.327946414430116,1.417651146629604,1.1671212854425703,-0.10347485162931491,9.750590786413944,9.908660887974333,10.666738325760623,0.2658095899930507,-0.42305563107471966,-0.3350218067115698,17.15061047041227
2026-09-02 18:35:00,24.748550900393955,25.15561816910335,24.970274024867212,24.43344309538977,25.507104954344655,0.44388464211257816,0.2250761740023542,-0.06544580817094137,0.5155981561756497,-0.2626878487457702,-0.039732029766216925,1001.0410692121123,1000.2877873590029,1000.5888868076148,-0.7102154273801251,-0.422638737540325,0.12153928892837484,45.695887222255124,47.30294610988567,46.0878063302916,1.4204308547602502,1.1671212854425703,0.04801849415149917,5.759832862560982,5.636028579151954,6.227021124436732,0.2663307852675469,-0.42305563107471966,-0.16793691421005796,5.849314056992657
2026-09-02 18:40:00,24.491044270876692,24.78135909421922,24.59050411716572,24.053512200239947,25.127496034091497,0.44475330090340515,0.2250761740023542,-0.06574317563913828,0.5158955236438467,-0.22625304221542564,-0.03422119694885595,1000.7101975604967,1000.0638740082946,1000.5264596657386,-0.7116052814454483,-0.422638737540325,-0.03994691990362753,48.0332976864667,49.55369111282084,47.88224678834257,1.4232105628908966,1.1671212854425703,0.5043230390357039,4.136134045496996,4.83315136649792,5.088009321959066,0.26685198054204307,-0.42305563107471966,0.16819767561357324,5.64539921500737
2026-09-02 18:45:00,24.040278915897076,24.819021518328615,24.54122124678373,24.004068390658386,25.078374102909077,0.44562195969423213,0.2250761740023542,-0.06604023935474362,0.516192587359452,0.34858475245295395,0.052724097542530046,1000.7447508279928,999.920530954995,1000.3801145394683,-0.7129951355107714,-0.422638737540325,-0.03694484693301092,49.41061478565004,51.08782313866047,49.76551475139532,1.4259902710215429,1.1671212854425703,0.15518710182257678,4.2999465452774634,4.358615497844048,4.761475003642139,0.26737317581653924,-0.42305563107471966,0.020196125276628507,0.628137715287261
2026-09-02 18:50:00,23.988059373072296,24.35944998354224,24.180387081224065,23.64307333410455,24.71770082834358,0.44649061848505905,0.2250761740023542,-0.0663370002466846,0.516489348251393,-0.304216206007915,-0.04601327168417768,1000.7526714519717,999.9867229844691,1000.3790677642706,-0.7143849895760945,-0.422638737540325,0.03029395773876331,50.37551116599982,51.72939392645891,50.740565104370496,1.428769979152189,1.1671212854425703,-0.17829246335415405,4.488965606588874,4.9156499578630095,5.301073019643546,0.2678943710910354,-0.42305563107471966,0.037632569294182794,0.6916740616597621
2026-09-02 18:55:00,24.335250223823166,24.922502350478194,24.57168819596265,24.034213606011072,25.10916278591423,0.44735927727588604,0.2250761740023542,-0.0666334592391633,0.5167858072438717,0.8313151832663905,0.12573798051318974,1001.0497982338027,1000.3522425497912,1000.6784017861028,-0.7157748436414177,-0.422638737540325,0.09647950122871407,47.1616081809432,48.60053946262241,48.30480559098562,1.4315496872828355,1.1671212854425703,-0.8713874138057847,6.973977579106067,7.649225159734696,7.978172905667994,0.2684155663655316,-0.42305563107471966,0.09410788514142165,7.875476294251734
2026-09-02 19:00:00,24.046728955110645,24.11995541368297,24.037189607716243,23.49955422305149,24.574824992380996,0.448227936066713,0.2250761740023542,-0.06692961725169033,0.5170819652563987,-0.9408833289782024,-0.14231036803562702,1000.5272568294206,999.735174452781,1000.3179861417129,-0.7171646977067409,-0.422638737540325,-0.16017295139158705,49.578123375442935,50.543097099846925,48.879622005803604,1.4343293954134817,1.1671212854425703,0.49635380860075173,4.704555623963092,4.8234465812387,5.492525963862041,0.2689367616400278,-0.42305563107471966,-0.24602375154862166,14.904148829753261
2026-09-02 19:05:00,23.267631568646358,23.952725869441856,23.715403840514398,23.177607709212193,24.253199971816603,0.44909659485753994,0.2250761740023542,-0.06722547519911826,0.5173778232038266,0.08096332619441426,0.012245854925104993,1001.3245619457116,1000.7063701754797,1000.9056638570012,-0.718554551772064,-0.422638737540325,0.22334505601884302,52.905293575142124,53.74146890298715,51.86121594530941,1.437109103544128,1.1671212854425703,0.7131316722351713,8.395476977422394,8.824541664018753,8.950431026408705,0.26945795691452396,-0.42305563107471966,0.2971662686847676,20.788992673135294
2026-09-02 19:10:00,23.50978260543354,24.17019009027332,23.85982499672776,23.321868166820735,24.397781826634784,0.4499652536483669,0.2250761740023542,-0.06752103399167408,0.5176733819963825,0.5638866911276459,0.08528891954320628,1001.0208650723984,1000.5812806421127,1001.0587264591967,-0.7199444058373872,-0.422638737540325,-0.054807079543707005,54.05715693234535,54.69818943483418,53.634037113962805,1.4398888116747743,1.1671212854425703,-0.10296896457119686,10.149104277033357,10.110057612751048,10.644009877236723,0.26997915218902013,-0.42305563107471966,-0.11089663341095601,2.9135187759420194
2026-09-02 19:15:00,23.58118660011889,24.051507334617543,23.840273162909696,23.302155682387443,24.37839064343195,0.4508339124391939,0.2250761740023542,-0.0678162945349925,0.5179686425397009,-0.0915162358045265,-0.013842002294506273,1000.9067096962029,1000.0722307164091,1000.6691777113863,-0.7213342599027103,-0.422638737540325,-0.17430825743690548,50.167434793089875,50.496516683457635,50.53405394389585,1.4426685198054205,1.1671212854425703,-1.2046585458807826,3.793723734573052,4.797954952770673,5.522001467307207,0.2705003474635163,-0.42305563107471966,-0.30099088346181446,23.790634852152273
2026-09-02 19:20:00,22.422719769099448,22.829033847101886,22.790113875748816,22.251835792557966,23.328391958939665,0.45170257123002083,0.2250761740023542,-0.06811125773014803,0.5182636057348564,-1.2307695502182199,-0.18615620264928268,1000.8779091591861,999.9054162507724,1000.360099818581,-0.7227241139680334,-0.422638737540325,-0.03204483026831895,54.78790987512421,55.52958421395263,53.27146828326016,1.4454482279360668,1.1671212854425703,1.0909946452499,5.3347095145206485,5.8866450976436475,6.0217141851733595,0.2710215427380125,-0.42305563107471966,0.2879865435450073,21.73069494518295
2026-09-02 19:25:00,23.117026518123495,23.649597749267055,23.198217512068517,22.659778874112792,23.736656150024242,0.4525712300208478,0.2250761740023542,-0.06840592447368682,0.5185582724783953,1.4962066592928487,0.226304063196185,1000.9439860725372,999.9196110793823,1000.2848106910824,-0.7241139680333566,-0.422638737540325,0.05743912584023292,53.09534247409193,54.404156782585105,53.543444079515154,1.4482279360667132,1.1671212854425703,-0.3064085823726188,1.8440036629870231,2.05776446937129,2.685677228402999,0.27154273801250867,-0.42305563107471966,-0.20485712795698907,12.25576773005071
2026-09-02 19:30:00,22.44326660587215,23.354464626859883,23.166891226694556,22.62829208183484,23.705490371554273,0.4534398888116748,0.2250761740023542,-0.068700295657659,0.5188526436623674,-0.2479491493189414,-0.03750277383702638,1000.9963561980466,1000.2482821547237,1000.5532821788738,-0.7255038220986797,-0.422638737540325,0.1176387133901926,55.274997899660896,56.80849960981477,55.35148439816435,1.4510076441973594,1.1671212854425703,0.2898939262078457,2.7373318748070505,2.777545688827366,3.012095757436934,0.27206393328700484,-0.42305563107471966,0.18850556246515193,7.193243183310344
2026-09-02 19:35:00,22.744705308830206,22.84636651665201,22.70481486691749,22.166055262971895,23.243574470863088,0.4543085476025017,0.2250761740023542,-0.06899437216964965,0.519146720174358,-0.5522214124607352,-0.0835245242678333,1001.0339618672314,1000.2075935025484,1000.6442358208282,-0.7268936761640028,-0.422638737540325,-0.01400358073942698,53.61748762583401,54.854237727643905,54.30093483356181,1.4537873523280056,1.1671212854425703,-0.6138183913604749,4.1922934908552945,4.430679653564908,4.80560724573887,0.272585128561501,-0.42305563107471966,0.048128038900756565,3.0264956871262028
2026-09-02 19:40:00,22.0189111654218,22.63049384932996,22.39359496695656,21.854674951700478,22.93251498221264,0.4551772063933287,0.2250761740023542,-0.06928815489281043,0.5194405028975189,0.07816569771573967,0.01182270837104582,1001.0413972856455,1000.3442928305763,1000.7632583973243,-0.728283530229326,-0.422638737540325,0.0036731707922399437,57.35640986306941,56.92841413142617,55.403758185060504,1.456567060458652,1.1671212854425703,0.3575346609231005,2.735160156957755,2.9062713640882967,3.477208927752041,0.2731063238359972,-0.42305563107471966,-0.1478819325890246,3.7936047638348724
2026-09-02 19:45:00,21.409693616915185,21.68341602166856,21.550916965381088,21.011836586547265,22.08999734421491,0.4560458651841557,0.2250761740023542,-0.06958164470589023,0.5197339927105986,-0.6120725278496728,-0.09257711771488175,1000.9941818151822,1000.2843980816914,1000.7454428115688,-0.7296733842946491,-0.422638737540325,-0.038405992337061434,55.91842114848877,58.63743700328794,57.20641963648952,1.4593467685892982,1.1671212854425703,0.26389608135585263,8.163183538014056,9.0226944233244,9.111816278153137,0.2736275191104934,-0.42305563107471966,0.3339337762459831,17.34010748731494
2026-09-02 19:50:00,21.287827298839204,21.740758143554242,21.407722955144312,20.868482260422912,21.94696364986571,0.4569145239749826,0.2250761740023542,-0.06987484248326609,0.5200271904879745,0.7137697574050001,0.1079590144075766,1000.9755658728395,1000.0040201074875,1000.5036250474168,-0.7310632383599722,-0.422638737540325,-0.07696620238903051,58.71361792004142,61.04492849507367,59.652396852173766,1.4621264767199444,1.1671212854425703,0.22541035745733495,2.3229331949495355,2.2294214926700544,3.2145356375185,0.27414871438498956,-0.42305563107471966,-0.5620585137737257,47.23029334415019
2026-09-02 19:55:00,21.765125920242898,22.173333079192975,21.828319427046868,21.288918464085533,22.367720390008202,0.4577831827658096,0.2250761740023542,-0.07016774909497336,0.5203200970996817,0.7929652298903065,0.1199374781437541,1001.0085515494231,1000.0038658825756,1000.4085062132049,-0.7324530924252954,-0.422638737540325,0.01799840691103327,57.25556062707519,59.07707469289949,58.67687811968101,1.4649061848505909,1.1671212854425703,-0.766924712224089,4.32666159703323,4.6417719336797765,4.67107410817613,0.27466990965948573,-0.42305563107471966,0.3937534565783656,26.702662733178997
2026-09-02 20:00:00,21.65676220216007,22.02975039215716,21.853511046865627,21.313949863269535,22.39307223046172,0.4586518415566366,0.2250761740023542,-0.07046036540673589,0.5206127134114442,-0.3228841201694621,-0.04883682871082229,1001.0296538424783,1000.3402008820395,1000.6575895350967,-0.7338429464906185,-0.422638737540325,0.10525008448314566,57.298025767387614,60.291704198411466,59.01140761316856,1.467685892981237,1.1671212854425703,0.11317529980033925,5.305836379116849,5.5755260640607185,6.0423380545983285,0.2751911049339819,-0.42305563107471966,-0.04375635946289069,1.825901166668665
2026-09-02 20:05:00,20.998145184048695,21.455572658585613,21.336013006677156,20.796291650009092,21.87573436334522,0.4595205003474635,0.2250761740023542,-0.07075269227999603,0.5209050402847044,-0.6976212481233617,-0.10551652209389673,1001.2580900848285,1000.5431716094805,1000.9266365412807,-0.7352328005559416,-0.422638737540325,0.03917380574011986,62.99379125736173,63.68236556448665,61.87433053746456,1.4704656011118833,1.1671212854425703,0.6409137415795243,5.967471453101306,6.207960663206323,6.661060950870949,0.2757123002084781,-0.42305563107471966,-0.03004465658990707,3.5884535060828266
2026-09-02 20:10:00,21.42240860268984,21.65596353277257,21.354413422206154,20.81453193998657,21.89429490442574,0.4603891591382905,0.2250761740023542,-0.07104473057194405,0.5211970785766524,0.50560653456008,0.07647393656406365,1001.2075926299742,1000.4070972755981,1000.9021811338115,-0.7366226546212649,-0.422638737540325,-0.07244512067313735,56.72659875856293,59.709944164306265,59.611381331758174,1.4732453092425297,1.1671212854425703,-1.0685584528944787,3.8223959024669636,4.066044401468435,4.608430959454966,0.27623349548297427,-0.42305563107471966,-0.11933092691181191,9.102945477838333
2026-09-02 20:15:00,20.309648271337064,20.976742176491772,20.83391199772685,20.293870437433927,21.373953558019775,0.46125781792911746,0.2250761740023542,-0.07133648113554747,0.5214888291402558,-0.5437684327732732,-0.08224599523743237,1000.7093465476277,999.7227625011712,1000.3275068341443,-0.738012508686588,-0.422638737540325,-0.18210559543274485,63.84008523671143,64.54393899268416,62.43189829279249,1.476025017373176,1.1671212854425703,0.9449194144491031,7.8426885296815545,8.08462197740288,8.235423654944503,0.27675469075747045,-0.42305563107471966,0.272253953533097,19.57601399446248
2026-09-02 20:20:00,20.755377605559023,20.858675380039248,20.59775722618391,20.057555635253618,21.1379588171142,0.4621264767199444,0.2250761740023542,-0.07162794481958035,0.5217802928242887,0.23696882937443675,0.03584197985298587,1001.2818561067295,1000.6131624333924,1000.7928369557321,-0.7394023627519111,-0.422638737540325,0.24296421520057265,64.13446971865905,65.80426478439595,64.55507997778601,1.4788047255038221,1.1671212854425703,0.08206352116737037,5.041039512557901,5.580235218489497,6.286280832093976,0.2772758860319666,-0.42305563107471966,-0.2829899825297595,18.17636211355374
2026-09-02 20:25:00,20.10530836604214,20.67625640411858,20.43214606927004,19.891784495096214,20.972507643443866,0.46299513551077137,0.2250761740023542,-0.07191912246865162,0.52207147047336,0.12584413116535842,0.0190341608461857,1001.2468755751755,1000.6968682901719,1001.0908028892194,-0.7407922168172343,-0.422638737540325,0.028704138492798847,63.06392242375809,63.5264369972852,63.18225335102318,1.4815844336344686,1.1671212854425703,-0.8229376391805516,4.184845578311815,4.645337993566008,5.008977283793384,0.2777970813064628,-0.42305563107471966,0.05941634084734293,4.113988873402607
2026-09-02 20:30:00,20.13732119762998,20.535877821424663,20.30119318085766,19.76067167079204,20.84171469092328,0.46386379430159835,0.2250761740023542,-0.0722100149232342,0.5223623629279426,0.06352626398562222,0.009608466564650087,1001.2500870810821,1000.5496023762324,1001.058609414127,-0.7421820708825574,-0.422638737540325,-0.08636830035425191,63.88531482867306,65.38143424687367,63.92206898777702,1.4843641417651148,1.1671212854425703,0.29224397365408095,1.4510833117936492,1.8550750717864442,2.3475491269137216,0.278318276580959,-0.42305563107471966,-0.06941842405255771,1.9676018459701803
2026-09-02 20:35:00,20.225874561572027,20.45642203590296,20.22063302400503,19.679951625357344,20.761314422652713,0.4647324530924253,0.2250761740023542,-0.07250062301969296,0.5226529710244013,0.07082780208586925,0.01071283789557853,1001.2307827347321,1000.3600897261995,1000.858651973253,-0.7435719249478805,-0.422638737540325,-0.07592350951324534,64.70160792083833,66.49768496913279,65.13802839047663,1.487143849895761,1.1671212854425703,0.19253529321358087,4.347812679577466,3.71645534278934,3.9377243682869563,0.27883947185545516,-0.42305563107471966,0.20178660557710337,6.654957057931262
2026-09-02 20:40:00,19.672210802952783,20.178288588955773,19.979835886867928,19.438994646905943,20.520677126829913,0.46560111188325226,0.2250761740023542,-0.07279094759031274,0.5229432955950211,-0.17602077227155988,-0.0266234719145082,1001.4946870093585,1000.7564080551809,1001.0810124050835,-0.7449617790132037,-0.422638737540325,0.0980343876377674,67.5539507833803,68.92012207649907,67.43963673946996,1.4899235580264074,1.1671212854425703,0.31336405158653236,7.210864583636814,7.580163713015716,7.914321993561701,0.27936066712995133,-0.42305563107471966,0.08889735052873426,2.778320077808675
2026-09-02 20:45:00,19.672699260810006,19.827778814142793,19.627398261124764,19.08639722707435,20.168399295175178,0.46646977067407924,0.2250761740023542,-0.07308098946332647,0.5232333374680349,-0.1632748084601836,-0.024695620984324762,1001.5059538393314,1000.5546850941128,1001.026329971293,-0.7463516330785268,-0.422638737540325,-0.04900613963991418,66.85050885491805,68.91431407634721,68.06831223242796,1.4927032661570536,1.1671212854425703,-0.3211194415233223,5.3700972944863485,5.153287348839772,5.861538901236194,0.2798818624044475,-0.42305563107471966,-0.28519592132170235,12.467722140301113
2026-09-02 20:50:00,20.03995055914447,20.5152317529533,20.14038492500734,19.59922414405253,20.681545705962147,0.46733842946490617,0.2250761740023542,-0.07337074946294248,0.5235230974676508,0.9902069217502714,0.14977065394360878,1001.2862950725179,1000.6972476924499,1001.0986972972521,-0.7477414871438499,-0.422638737540325,0.021189132738072658,63.14664289104378,64.72133742492129,64.62357233224805,1.4954829742876998,1.1671212854425703,-1.0693561927693338,7.34771748948725,7.822016596106942,8.02315215578366,0.2804030576789437,-0.42305563107471966,0.22192007139800207,15.32630094361726
2026-09-02 20:55:00,19.218437271767048,19.40206897846047,19.37737655520068,18.836056074483743,19.918697035917617,0.46820708825573315,0.2250761740023542,-0.07366022840937175,0.5238125764140802,-1.3248348175489362,-0.20038375074256365,1001.5022348385646,1000.7653801475349,1001.1789998609064,-0.7491313412091731,-0.422638737540325,0.0090190241687651,67.40130812656727,68.4816390262836,66.34888826089818,1.4982626824183463,1.1671212854425703,0.965629479942848,4.539555115887622,5.262828579112217,5.904421401771379,0.28092425295343987,-0.42305563107471966,-0.21853719158444296,15.862762179659299
2026-09-02 21:00:00,19.596161682136948,20.157491846047073,19.76372579334466,19.22224565996614,20.305205926723175,0.46907574704656013,0.2250761740023542,-0.07394942711885522,0.5241017751235636,1.1152911543065294,0.1686898787000608,1001.33482812498,1000.3190833929426,1000.8556038790097,-0.7505211952744962,-0.422638737540325,-0.11388174852675093,65.65568163027432,66.70327336658143,65.8238370664887,1.5010423905489925,1.1671212854425703,-0.2876849853498413,1.9529789463287819,1.9565526607801524,2.420049569184392,0.28144544822793605,-0.42305563107471966,-0.040441277329519965,5.11427070090649
2026-09-02 21:05:00,18.62370432154195,18.908777260653263,18.879676136906074,18.33803639792488,19.421315875887267,0.46994440583738706,0.2250761740023542,-0.07423834640369065,0.524390694408399,-1.2956867459902135,-0.19597505025516426,1001.3133836636325,1000.5163714602262,1000.8757907261462,-0.7519110493398193,-0.422638737540325,0.06321947162030028,70.42678156265738,72.57933467942958,70.28398333231897,1.5038220986796387,1.1671212854425703,1.1282300616680345,0.6445503281741557,0.847982754973776,1.1648305695632262,0.2819666435024322,-0.42305563107471966,0.10620781648526945,12.658861801516991
2026-09-02 21:10:00,19.10230307372878,19.482917334951132,19.096921379348466,18.555122081781906,19.638720676915025,0.47081306462821404,0.2250761740023542,-0.07452698707225902,0.5246793350769674,1.0639192484741749,0.16091978160031317,1001.4663194076252,1000.7825137307551,1001.1202373404811,-0.7533009034051426,-0.422638737540325,0.08491512781426991,69.18067264925286,70.16428083221756,69.87457242292506,1.506601806810285,1.1671212854425703,-0.8774128761500748,3.305883906804411,3.40856503406544,3.6701055666568245,0.2824878387769284,-0.42305563107471966,0.16151509848333534,11.221287242370371
2026-09-02 21:15:00,19.282975499610952,19.813447100618628,19.522269409182126,18.98031060000599,20.064228218358263,0.471681723419041,0.2250761740023542,-0.07481534992905114,0.5249676979337595,0.437029407150316,0.0661015174341486,1001.7298383803966,1000.9251904797798,1001.3307073696177,-0.7546907574704657,-0.422638737540325,0.017121847702355808,68.15119742099634,70.39290131232522,69.45974174552484,1.5093815149409313,1.1671212854425703,-0.23396171864219184,6.018157982380399,6.671796549158864,7.070207411222967,0.2830090340514246,-0.42305563107471966,0.024644769010616407,0.8628344059493067
2026-09-02 21:20:00,17.534908860272857,17.852950820114277,17.968623737532972,17.426505463681575,18.51074201138437,0.47255038220986795,0.2250761740023542,-0.07510343577469353,0.5252557837794019,-2.252858620970425,-0.34074909142104914,1001.7836535338603,1000.9861885641084,1001.4343009273277,-0.7560806115357888,-0.422638737540325,-0.0254736256790693,73.6292887682665,76.11961942560362,73.85285142332486,1.5121612230715775,1.1671212854425703,1.099646716836176,6.873649403031876,7.185687997939419,7.736471776289983,0.28353022932592076,-0.42305563107471966,-0.12772814727584514,20.896647541892058
2026-09-02 21:25:00,18.023358194264503,18.48518443533154,18.033178028847992,17.490900337214253,18.57545572048173,0.47341904100069493,0.2250761740023542,-0.07539124540597475,0.5255435934106831,1.5003465701757648,0.2269302324811946,1001.7578078980093,1000.816677101351,1001.3125625621861,-0.757470465601112,-0.422638737540325,-0.07324672329480109,74.77883131220955,74.95880115353486,74.42364087475919,1.514940931202224,1.1671212854425703,-0.6319610066668986,3.2567519696663823,4.059302208436699,4.641718929191061,0.28405142460041694,-0.42305563107471966,-0.1593610896796429,11.72147559452334
2026-09-02 21:30:00,18.392904256643934,18.564425856186485,18.26807458159694,17.72563751903243,18.810511644161455,0.4742876997915219,0.2250761740023542,-0.07567877961587072,0.5258311276205792,0.4712344914809279,0.07127510058719011,1001.8296272371317,1001.1557480655276,1001.5094804268326,-0.7588603196664351,-0.422638737540325,0.06890637623530438,72.91707056717968,75.34113231635337,74.46862403308496,1.5177206393328702,1.1671212854425703,-0.29461300217417374,4.55037367638116,4.959072557140289,5.19871742155184,0.2845726198749131,-0.42305563107471966,0.1834107666631688,6.3125022478854
2026-09-02 21:35:00,17.902303621947325,18.503635101248907,18.30159355872229,17.75899717203729,18.844189945407287,0.47515635858234884,0.2250761740023542,-0.07596603919357059,0.526118387198279,-0.15229319580741318,-0.023034631475734813,1001.8380683888548,1000.9805478351202,1001.4542400591823,-0.7602501737317582,-0.422638737540325,-0.05105348652182329,76.86572561997657,80.03456412619585,78.08310728227147,1.5205003474635164,1.1671212854425703,0.7843355584817999,4.066498502707597,4.424327372047752,4.90491921025408,0.2850938151494093,-0.42305563107471966,-0.05753620713160945,3.9802489797357303
2026-09-02 21:40:00,17.954990850993916,18.783998629477246,18.528596068199146,17.985840404162726,19.071351732235566,0.4760250173731758,0.2250761740023542,-0.07625302492450159,0.52640537292921,0.2005025537474765,0.030326387275746214,1001.7038638070943,1000.6187569727465,1001.1341795173292,-0.7616400277970814,-0.422638737540325,-0.09278380704245137,75.4108999200326,77.1357829845883,76.91600509914767,1.5232800555941628,1.1671212854425703,-0.947343400001941,3.9984629676965695,4.3045400129013265,4.716925861615898,0.28561501042390547,-0.42305563107471966,0.010669782360147373,5.684821876973855
2026-09-02 21:45:00,17.389589869287114,18.42492531903311,18.27926605598112,17.736351161321178,18.822180950641066,0.4768936761640028,0.2250761740023542,-0.07653973759035443,0.5266920855950628,-0.5250639751942643,-0.07941691095036418,1001.9038903809618,1001.0851718934988,1001.3750436536964,-0.7630298818624045,-0.422638737540325,0.13276697734272602,78.92704356977484,80.93237068173549,79.18598454238348,1.526059763724809,1.1671212854425703,0.5792648539094358,2.8212259275916933,3.3527597630672963,3.809836212199216,0.28613620569840165,-0.42305563107471966,-0.03402081805720014,4.52116398112444
2026-09-02 21:50:00,17.49218761360341,17.988183577891526,17.815619916643467,17.272545838046803,18.35869399524013,0.4777623349548297,0.2250761740023542,-0.07682617796910801,0.5269785259738164,-0.3471858621074091,-0.05251251275429425,1001.9976583382953,1001.3804110597031,1001.7283889120419,-0.7644197359277276,-0.422638737540325,0.07466088520152425,79.3518510664773,81.71029479782807,80.5970952191428,1.5288394718554552,1.1671212854425703,-0.053921706757307675,2.1059479327093995,1.8712994742086946,2.3177117824552944,0.2866574009728978,-0.42305563107471966,-0.023356677171880058,1.0057349911452613
2026-09-02 21:55:00,17.22343966390918,17.859711485814273,17.599918882731473,17.056685666843844,18.1431520986191,0.4786309937456567,0.2250761740023542,-0.07711234683505391,0.5272646948397623,0.22952726364441034,0.03471642908044714,1002.0286235351683,1001.2047745281852,1001.7109465291661,-0.7658095899930508,-0.422638737540325,-0.08353326344058587,81.30701547976709,82.61824880760996,81.57104986216775,1.5316191799861016,1.1671212854425703,-0.11992234000037172,2.5739341428102334,2.8867159257137804,3.1986982429606376,0.287178596247394,-0.42305563107471966,0.11107331382786256,2.7394337267237843
2026-09-02 22:00:00,17.582847301431208,17.706221819386194,17.46117203742253,16.917779730848707,18.00456434399635,0.4794996525364837,0.2250761740023542,-0.0773982449588212,0.5275505929635296,0.13205527474736556,0.019973607961311757,1002.1309986692355,1001.6244969729456,1001.9883727582192,-0.7671994440583739,-0.422638737540325,0.058762952266761204,77.04329810556375,78.7235211725108,78.55278813289726,1.5343988881167478,1.1671212854425703,-0.9963882458290385,1.3122099339338054,1.5788957923373061,2.1037098025538192,0.2876997915218902,-0.42305563107471966,-0.10175837914179331,7.006249840598296
2026-09-02 22:05:00,17.0494648735235,17.83038005011193,17.559461129229994,17.01590977853384,18.10301247992615,0.4803683113273106,0.2250761740023542,-0.0776838731074001,0.5278362211121085,0.3030887832625666,0.04584274687958256,1002.0953008530139,1001.3910567471725,1001.9006447714994,-0.768589298123697,-0.422638737540325,-0.08694928678664837,79.58873769023474,80.07455666278365,78.46385678048358,1.537178596247394,1.1671212854425703,0.4435785968574919,2.5844716191286765,3.090318254072393,3.3938168825516177,0.28822098679638636,-0.42305563107471966,0.11955700259549484,4.115547635780216
2026-09-02 22:10:00,16.916709975255486,17.553192646318443,17.370958296041135,16.827247947745633,17.914668644336636,0.4812369701181376,0.2250761740023542,-0.07796923204416656,0.528121580048875,-0.2832482150269371,-0.04284182372504475,1002.0772929506438,1001.358127522797,1001.8093815300999,-0.7699791521890202,-0.422638737540325,-0.028615269762667594,83.74527388860172,85.39614021580412,82.99508804326919,1.5399583043780405,1.1671212854425703,1.233930887092356,0.5287868111617194,0.7612185114703909,1.3491367517905108,0.28874218207088254,-0.42305563107471966,-0.1648626092454003,11.987806985421779
2026-09-02 22:15:00,16.452972045557264,16.838290985475982,16.70587015704714,16.16200085763448,17.2497394564598,0.4821056289089646,0.2250761740023542,-0.07825432252890563,0.528406670533614,-0.612589730419419,-0.09265534557351174,1002.2196629023246,1001.4290341561826,1001.8287582892314,-0.7713690062543433,-0.422638737540325,0.02291460449157512,83.8723555114352,85.81358312045953,84.94336399301856,1.5427380125086867,1.1671212854425703,-0.2969021580016147,5.463772811975994,5.441415859072571,5.561173456881959,0.2892633773453787,-0.42305563107471966,0.30329803326533167,14.545351117790107
2026-09-02 22:20:00,16.260886068807583,16.991296516565175,16.67067666218819,16.12664845809982,17.21470486627656,0.4829742876997915,0.2250761740023542,-0.07853914531783529,0.5286914933225437,0.6316859220770894,0.09554368037463234,1002.0886908840687,1001.3056890925844,1001.749561938785,-0.7727588603196665,-0.422638737540325,-0.021234108660223683,84.34255504203534,86.30100318101586,85.53934575664647,1.545517720639333,1.1671212854425703,-0.4054638610731871,3.3919724623665584,3.6839622374623433,4.384561142404291,0.2897845726198749,-0.42305563107471966,-0.27754327386722766,12.851907564143564
2026-09-02 22:25:00,16.12333206386207,16.55627979502362,16.36260420772156,15.818417145358243,16.906791270084877,0.4838429464906185,0.2250761740023542,-0.0788237011636298,0.5289760491683382,-0.20760461064259061,-0.03140058670029333,1001.9928031332814,1001.1791408736285,1001.6223915587141,-0.7741487143849897,-0.422638737540325,-0.02061194754526241,83.04703343428977,85.44767064193782,84.72807743426708,1.5482974287699793,1.1671212854425703,-0.44752807777183534,10.46054962370478,10.426003232938648,10.487501965108052,0.29030576789437107,-0.42305563107471966,0.36155689890531484,19.83331638208247
2026-09-02 22:30:00,16.296852239016054,16.68995880769459,16.407621924851505,15.86327605057338,16.95196779912963,0.48471160528144547,0.2250761740023542,-0.07910799081544273,0.5292603388201511,0.37857850483692346,0.05726070884073309,1002.1318513727659,1001.3109723955032,1001.685210124843,-0.7755385684503128,-0.422638737540325,0.04840100820047155,81.67354667575374,82.60478207014594,82.01567386466796,1.5510771369006255,1.1671212854425703,-0.5780130799645917,2.5521454640562853,2.265393763448907,3.3323777141412663,0.29082696316886725,-0.42305563107471966,-0.6439283196176393,61.48884870245432
2026-09-02 22:35:00,15.815750030693533,16.396397279851303,16.20510772703277,15.660603087159412,16.74961236690613,0.4855802640722724,0.2250761740023542,-0.07939201501893034,0.5295443630236387,-0.22337984964244484,-0.03378662118382181,1002.0745431392246,1001.377244791019,1001.7763372697316,-0.7769284225156359,-0.422638737540325,0.023546258827764177,87.83361941504005,88.96139085473253,86.26536802378605,1.5538568450312717,1.1671212854425703,1.5289015455038992,3.582969657725971,4.092454560614982,4.087960652879737,0.2913481584433634,-0.4230556310747197,0.42754953880996505,38.27752243079775
2026-09-02 22:40:00,15.947548635289245,16.221326658186282,16.002380678258103,15.457717319068578,16.547044037447627,0.4864489228630994,0.2250761740023542,-0.079675774516274,0.5298281225209824,-0.04052970621470209,-0.0061301940741742555,1002.1136402133957,1001.1949472523461,1001.6678417450704,-0.7783182765809591,-0.422638737540325,-0.050255755184025475,86.98568435016348,90.05872678011849,88.88101994411016,1.5566365531619182,1.1671212854425703,0.010585550565750168,3.6603712353821587,4.12595906090842,4.603290779848199,0.2918693537178596,-0.4230556310747197,-0.054276087865059885,0.7063720786067547
2026-09-02 22:45:00,16.511781204901947,17.203423739435863,16.801006078718334,16.256184046451267,17.3458281109854,0.48731758165392636,0.2250761740023542,-0.07995927004620329,0.5301116180509117,1.172491159215781,0.17734148671517502,1002.220483336032,1001.279391131077,1001.682394473974,-0.7797081306462822,-0.422638737540325,0.019635394643273685,83.00516962319148,84.44432318547308,84.87444262349779,1.5594162612925644,1.1671212854425703,-1.59724072346728,0.5066993457826555,0.9392171779730838,1.5215571349806987,0.2923905489923558,-0.4230556310747197,-0.1592843259328951,20.099957970614057
2026-09-02 22:50:00,15.882604011579655,16.15959228963904,16.15922711251216,15.614246453365785,16.704207771658535,0.4881862404447533,0.2250761740023542,-0.08024250234401775,0.5303948503487261,-1.4856741200000023,-0.2247109968754728,1002.1490858773432,1001.1995086350003,1001.634092783722,-0.7810979847116053,-0.422638737540325,-0.011945411181500276,86.65824918451062,88.3804721837837,86.3196282949548,1.5621959694232106,1.1671212854425703,0.8937226033863226,7.435469879267634,8.11926015011823,8.084388845197086,0.29291174426685196,-0.4230556310747197,0.45792693599586265,39.38294586681026
2026-09-02 22:55:00,15.258891545960209,15.53793548723115,15.378194141502759,14.833054901634982,15.923333381370535,0.48905489923558026,0.2250761740023542,-0.08052547214160988,0.5306778201463183,-0.43196045076093803,-0.06533482827396142,1002.2460271344154,1001.7703874777901,1002.0597537556716,-0.7824878387769285,-0.422638737540325,0.13327245965876955,90.99755215112381,92.5089197952975,90.45485921575624,1.564975677553857,1.1671212854425703,0.8869392940986813,0.9917930374320644,1.085716409882235,2.1285812936761737,0.29343293954134814,-0.4230556310747197,-0.6198092527192189,61.28849221116982
2026-09-02 23:00:00,15.727608246274013,16.035593846618752,15.636994246387728,15.091696471916185,16.18229202085927,0.48992355802640725,0.2250761740023542,-0.08080818016748664,0.530960528172195,1.1472480970948133,0.17352342622867134,1002.0308812056351,1001.3265549480434,1001.8815340543663,-0.7838776928422516,-0.422638737540325,-0.13234036878259303,89.47412699968088,90.38453772432136,90.0735210943765,1.5677553856845032,1.1671212854425703,-0.8561046554977167,9.230193768564066,9.094813660548533,8.873342662538168,0.2939541348158443,-0.4230556310747197,0.6445266290850853,68.17745423263894
2026-09-02 23:05:00,14.944449188060025,15.587141412380483,15.416236269433284,14.8707800064354,15.961692532431169,0.4907922168172342,0.2250761740023542,-0.08109062714679166,0.5312429751515,-0.35815113639925933,-0.05417103105515508,1002.3679974776556,1001.6284037610001,1002.0056181024661,-0.7852675469075747,-0.422638737540325,0.0454243960742815,90.3467183966725,93.2160768592011,91.77315754244873,1.5705350938151494,1.1671212854425703,0.2757980313097903,8.206458428029352,8.47992482507728,9.259490898212347,0.2944753300903405,-0.4230556310747197,-0.35651044206034754,19.066675085882135
2026-09-02 23:10:00,14.155779892584853,14.524085695888974,14.442892586949446,13.897277881462491,14.9885072924364,0.49166087560806115,0.2250761740023542,-0.08137281380132677,0.5315251618060352,-0.9512811969259118,-0.1438830650628251,1002.3555944184711,1001.4103098169542,1001.8883336837172,-0.7866574009728979,-0.422638737540325,-0.05538512922271366,90.29828535477309,91.4494390271824,90.84428270559725,1.5733148019457959,1.1671212854425703,-0.5619649638574344,4.816319896379331,5.007066331832394,5.580270984300206,0.29499652536483667,-0.4230556310747197,-0.15014902139309338,7.3715211417719955
2026-09-02 23:15:00,14.43399671870595,14.656927096231405,14.308321193888442,13.762548091909592,14.854094295867293,0.49252953439888814,0.2250761740023542,-0.08165474084957369,0.5318070888542821,0.8167153499300053,0.12352972834060871,1002.2505466698913,1001.5560007599543,1001.9457071198449,-0.788047255038221,-0.422638737540325,0.03293237764967216,91.50810944503652,92.18237553614742,90.92123710971096,1.576094510076442,1.1671212854425703,0.09401714099388414,4.871075133220476,4.913904138828788,5.1719287033446655,0.29551772063933285,-0.4230556310747197,0.16503106655884192,5.666615610134384
2026-09-02 23:20:00,13.958023297813753,14.330285491016308,14.096670867329724,13.550739414816118,14.64260231984333,0.49339819318971506,0.2250761740023542,-0.081936409006715,0.5320887570114234,0.05645185993194879,0.008538449684230898,1002.4879393362256,1001.6810165251541,1002.0729880739796,-0.7894371091035441,-0.422638737540325,0.03066718871480134,90.78425224694585,92.00253424331075,90.84701142923994,1.5788742182070883,1.1671212854425703,-0.011598471371769392,5.6643988892589245,5.936483059126415,6.305602748727794,0.296038915913829,-0.4230556310747197,0.05393594147334024,0.5283064987851885
2026-09-02 23:25:00,14.437805537983804,14.925663915828249,14.575924925538029,14.029835168406827,15.122014682669231,0.49426685198054204,0.2250761740023542,-0.08221781898465591,0.5323701669893643,0.8242067476022719,0.12466281628786646,1002.5438406509344,1001.7851390289352,1002.1985444189605,-0.7908269631688674,-0.422638737540325,0.009233347514964407,91.02159512974237,91.00188425469968,90.01977828879792,1.5816539263377347,1.1671212854425703,-0.18501531954082395,3.8479248875658736,3.9610034548928232,4.523104223615933,0.2965601111883252,-0.4230556310747197,-0.13904513764839033,4.588008881571198
2026-09-02 23:30:00,14.460864556386719,14.719805570425212,14.560419710299714,14.014171694428153,15.106667726171274,0.495135510771369,0.2250761740023542,-0.08249897149204471,0.532651319496753,-0.43431073965465394,-0.0656903138768552,1002.1744019621751,1001.2356920975615,1001.8054012247272,-0.7922168172341905,-0.422638737540325,-0.14707038962546903,90.29416005444378,91.35756371692561,90.03576398259865,1.584433634468381,1.1671212854425703,0.15467844888438265,5.614088780174874,5.360368501630646,5.636685882084796,0.2970813064628214,-0.4230556310747197,0.14673825062056878,6.062391117895666
2026-09-02 23:35:00,15.00222576088683,15.267893708642157,14.977562190864509,14.431155962089967,15.52396841963905,0.49600416956219595,0.2250761740023542,-0.08277986723429365,0.532932215239002,0.43143493993034454,0.06525534377529496,1002.31160838446,1001.5420420417731,1001.8769659117173,-0.7936066712995136,-0.422638737540325,0.08771486759610525,90.13269523547103,90.9454056997882,89.79846772659053,1.5872133425990271,1.1671212854425703,-0.020183312244910212,1.1770699426593814,1.342319437158571,1.9979251477828353,0.29760250173731756,-0.4230556310747197,-0.23255007954954454,9.026450908209915
2026-09-02 23:40:00,14.343693285801896,15.262825380974837,15.081752534688485,14.535188138808534,15.628316930568436,0.49687282835302293,0.2250761740023542,-0.08306050691360012,0.5332128549183085,-0.29092748503879484,-0.044003327716001905,1002.3192536261877,1001.4606820700919,1001.8763566204758,-0.7949965253648368,-0.422638737540325,0.006964187156427215,90.41240589419051,92.49634184966204,90.98947012736134,1.5899930507296736,1.1671212854425703,0.3397504368581252,1.296449953259967,1.2536611002606235,1.5088957921633774,0.29812369701181374,-0.4230556310747197,0.16782093917196583,4.822007765628446
2026-09-02 23:45:00,14.009720541772111,14.335348948153184,14.279704283980525,13.732981766752987,14.826426801208063,0.4977414871438499,0.2250761740023542,-0.08334089122896632,0.5334932392336746,-1.1201944398208337,-0.16943150982969435,1002.3003547135676,1001.3891266605829,1001.824403309792,-0.7963863794301599,-0.422638737540325,-0.012637911668889501,90.61206927907794,91.66611064629036,90.75364811856134,1.5927727588603198,1.1671212854425703,-0.25465875771355684,4.299404544541722,4.6675438583113085,4.928532392711803,0.2986448922863099,-0.4230556310747197,0.1620670966742246,7.135562231822963
2026-09-02 23:50:00,14.316775880748215,14.750777552928291,14.393112815078643,13.84623222222165,14.939993407935637,0.49861014593467684,0.2250761740023542,-0.08362102087622036,0.5337733688809287,0.8766077346230325,0.13258856384729434,1002.570568803998,1001.8829085208736,1002.189075619303,-0.797776233495483,-0.422638737540325,0.11647163911084135,90.16316604929604,92.46896166475008,91.2036562639549,1.595552466990966,1.1671212854425703,0.09818411535260907,4.912176574681562,5.014532234770172,5.580761708324767,0.2991660875608061,-0.4230556310747197,-0.1431738424798752,6.34596944458932
2026-09-02 23:55:00,12.991472950256485,13.417504354822132,13.37089552123915,12.823856898431202,13.917934144047098,0.4994788047255038,0.2250761740023542,-0.08390089654803573,0.5340532445527442,-1.1799347277749082,-0.17846734041937218,1002.4199624314093,1001.390140172569,1001.9503200066498,-0.7991660875608062,-0.422638737540325,-0.13754109654053082,90.59835648204668,93.31547585162375,92.03112033682689,1.5983321751216124,1.1671212854425703,0.11723422935428118,8.134850520758421,8.76802724583604,9.04765630195476,0.29968728283530227,-0.4230556310747197,0.1434265749559991,8.483487652281628
2026-09-03 00:00:00,13.864391375615241,14.280467477577483,13.82456087837197,13.277364271251992,14.37175748549195,0.5003474635163307,0.2250761740023542,-0.08418051893395179,0.5343328669386602,1.526132648608078,0.230830425203159,1002.4103227738035,1001.6944832718244,1002.0600057090891,-0.8005559416261292,-0.422638737540325,0.057116300275652065,89.81977047711428,92.04582262939661,91.23894850503974,1.6011118832522584,1.1671212854425703,-0.3602471610857094,1.8287185925523812,2.610086890842539,3.4623299475958635,0.30020847810979845,-0.4230556310747197,-0.4291874256786046,32.950042186423474
2026-09-03 00:05:00,13.976058132480787,14.601543602781765,14.326281346474872,13.778926800642267,14.873635892307476,0.5012161223071577,0.2250761740023542,-0.08445988872039323,0.5346122367251016,0.33180469447769845,0.050186082304540136,1002.1484569975642,1001.4491841219057,1001.9245800212817,-0.8019457956914524,-0.422638737540325,-0.05275716183575696,90.111728214821,91.54330917511584,90.46685796756795,1.6038915913829048,1.1671212854425703,-0.09067007789468562,7.233322674105827,7.737866759393694,7.668929354233057,0.3007296733842946,-0.4230556310747197,0.49199303623535595,35.157166742918974
2026-09-03 00:10:00,12.977233482952512,13.668946854144906,13.645542495161129,13.098030056175842,14.193054934146415,0.5020847810979847,0.2250761740023542,-0.08473900659069,0.5348913545953984,-1.3333508394008984,-0.20167181501857634,1002.5414602822395,1001.60617808115,1001.9880432030279,-0.8033356497567756,-0.422638737540325,0.04077361566237414,90.93773880181898,92.65730169869701,91.16015798197483,1.6066712995135513,1.1671212854425703,0.33002243127960185,2.670657829479932,2.506600843543727,3.369117826460622,0.3012508686587908,-0.4230556310747197,-0.43946135184217505,32.60387484257788
2026-09-03 00:15:00,13.930554757621431,14.372317311203924,13.999259653178301,13.451589366560873,14.54692993979573,0.5029534398888117,0.2250761740023542,-0.08501787322509685,0.5351702212298053,0.9783778458087546,0.14798148402326916,1002.2554514195059,1001.327676646514,1001.8078407296056,-0.8047255038220987,-0.422638737540325,-0.05752534555131206,90.97049887336904,91.35996192889799,90.44551642351284,1.6094510076441975,1.1671212854425703,-0.2526757800574302,3.89302625506566,4.646357118662658,4.764066396184212,0.301772063933287,-0.4230556310747197,0.30534635355316553,16.316974862106107
2026-09-03 00:20:00,13.516304294645076,13.772830736006245,13.6468984475503,13.099070358781919,14.19472653631868,0.5038220986796387,0.2250761740023542,-0.08529648930081207,0.5354488373055204,-0.6554886363401469,-0.09914388554640752,1002.4436148731957,1001.6040456631183,1001.9513321130247,-0.806115357887422,-0.422638737540325,0.07535228763390478,90.44393171721178,91.94913893496964,90.63142708889139,1.612230715774844,1.1671212854425703,0.15059056063567766,3.3934532101067045,4.168462604426617,4.689727358662798,0.3022932592077832,-0.4230556310747197,-0.09820912316146124,3.1653607414606495
2026-09-03 00:25:00,13.126147161779,13.885725964819246,13.620447831728727,13.072461986251295,14.16843367720616,0.5046907574704657,0.2250761740023542,-0.08557485549199761,0.535727203496706,0.26579478094561004,0.04020195908816504,1002.4676236419386,1001.7024238615553,1002.0997308018182,-0.807505211952745,-0.422638737540325,0.02533179727743118,90.10380627872631,91.03046592817833,90.01683105320079,1.61501042390549,1.1671212854425703,-0.1534864104650353,3.931959368092949,4.2404109759676105,4.6518567239616155,0.3028144544822794,-0.4230556310747197,0.011609883080714312,0.3827769212472595
2026-09-03 00:30:00,13.460270601533033,13.946761799554988,13.696219896707056,13.148076339923236,14.244363453490877,0.5055594162612925,0.2250761740023542,-0.08585297246979728,0.5360053204745057,0.16836636755155254,0.025465728845578184,1002.6196347312064,1001.7878114164162,1002.2126665989739,-0.808895066018068,-0.422638737540325,-0.002216445017438673,90.12227167468417,92.29552291163975,90.82526938939333,1.617790132036136,1.1671212854425703,0.3031322368038474,2.2212241357064246,2.9214376335638597,3.4012235121417227,0.3033356497567755,-0.4230556310747197,-0.05673024750314326,1.0005568969200795
2026-09-03 00:35:00,14.03390272488389,14.886395162907442,14.5229092636297,13.974608040902979,15.07121048635642,0.5064280750521195,0.2250761740023542,-0.08613084090235618,0.5362831889070645,0.9150942751231206,0.1384097252753893,1002.2068820704226,1001.461631519368,1001.9838139914996,-0.8102849200833913,-0.422638737540325,-0.09954373459129329,90.48911772868898,94.16788948025135,92.67000324417813,1.6205698401667825,1.1671212854425703,0.3307649506306376,4.602658634117739,4.7410129377350065,5.026581303436541,0.3038568450312717,-0.4230556310747197,0.1374872653731849,6.390252934925793
2026-09-03 00:40:00,13.120443599872177,13.17862315420209,13.294771684158926,12.746312840813669,13.843230527504183,0.5072967338429465,0.2250761740023542,-0.0864084614548391,0.5365608094595475,-2.2560031276874337,-0.34122470395919,1001.9361256625876,1001.3888978363195,1001.823349430845,-0.8116747741487145,-0.422638737540325,-0.011812856985216058,90.93454945863033,92.9577563157068,92.25010539416104,1.623349548297429,1.1671212854425703,-0.45947036389681273,6.995353057805149,6.739857317656039,7.153836095600029,0.30437804030576787,-0.4230556310747197,0.009076853130729035,13.429033188990209
2026-09-03 00:45:00,13.072690537243568,13.619936574134005,13.246185640964098,12.697569222285605,13.794802059642592,0.5081653926337735,0.2250761740023542,-0.08668583478944941,0.5368381827941577,0.9829614262931319,0.14867475916755346,1002.4006873962646,1001.5114652526781,1001.8761728766984,-0.8130646282140376,-0.422638737540325,0.05793111351999869,91.0730779819475,91.10629511921185,90.40529071381675,1.6261292564280752,1.1671212854425703,-0.46611688004747975,4.197914617686453,4.274728521680239,4.899422007630844,0.30489923558026405,-0.4230556310747197,-0.20163785487588548,9.630088949429442
2026-09-03 00:50:00,12.719025030870219,13.611780349070061,13.335348162634029,12.786574213868587,13.88412211139947,0.5090340514246005,0.2250761740023542,-0.08696296156544697,0.5371153095701553,0.33953967380331207,0.051356012433679155,1002.6254902743934,1001.5537587965085,1001.9515043738653,-0.8144544822793608,-0.422638737540325,0.024893160183523833,90.33593484167139,91.6758596518986,90.22915115714507,1.6289089645587216,1.1671212854425703,0.2795872093109608,4.517199145323149,5.341409835991336,5.60831299163205,0.3054204308547603,-0.4230556310747197,0.15615247543400557,4.228963060648143
2026-09-03 00:55:00,12.495887090038428,12.935136973166225,12.81026302001333,12.261331586368275,13.359194453658386,0.5099027102154274,0.2250761740023542,-0.08723984243916716,0.5373921904438755,-0.6624858077820797,-0.10020222084945907,1002.5218453744906,1001.8298895756005,1002.1957740641282,-0.8158443363446839,-0.422638737540325,0.05675424901266979,89.99178672902866,91.72146814201759,90.39707946445992,1.6316886726893678,1.1671212854425703,0.157267392115088,7.559124156831245,7.417741805877059,7.789171775540167,0.30594162612925646,-0.4230556310747197,0.05162566141161129,1.9284916930875553
2026-09-03 01:00:00,13.104727716305153,13.57040040064448,13.200310324183018,12.651221450826785,13.749399197539251,0.5107713690062543,0.2250761740023542,-0.08751647806403812,0.5376688260687466,0.9587577151068096,0.14501390245910883,1002.3463723179693,1001.7816353139485,1002.2431905313138,-0.8172341904100069,-0.422638737540325,-0.03891647982493396,90.74511462616975,92.44946894719797,91.10916830731985,1.6344683808200138,1.1671212854425703,0.17317935443554688,6.085826920031941,6.392146126015143,6.958386520109566,0.3064628214037526,-0.4230556310747197,-0.14318476301970406,5.472779217360622
2026-09-03 01:05:00,12.37066451942397,12.94140688553912,12.8263355988703,12.277089330932485,13.375581866808114,0.5116400277970813,0.2250761740023542,-0.08779286909059963,0.5379452170953081,-0.7272960222570362,-0.11000488733353286,1002.2184759360165,1001.4587671459989,1001.982776148832,-0.8186240444753301,-0.422638737540325,-0.10137026529287141,90.14795605273268,91.20055364119634,90.34435763883766,1.6372480889506602,1.1671212854425703,-0.310925283083904,4.516152943927038,4.833380128607351,5.280738481413681,0.30698401667824876,-0.4230556310747197,-0.024302721731610966,3.006408359897282
2026-09-03 01:10:00,12.68598656381323,13.086736086624148,12.816588113227356,12.26718449579877,13.365991730655942,0.5125086865879083,0.2250761740023542,-0.08806901616652041,0.5382213641712288,0.2979916730076937,0.04507179939443873,1002.3890172549887,1001.4058410551451,1001.8296289852352,-0.8200138985406533,-0.422638737540325,-0.001149192549860345,90.32275699240307,92.15901818359393,90.78345538875193,1.6400277970813066,1.1671212854425703,0.20844150939942097,3.0023952527486832,3.1560081915110847,3.577764409064864,0.30750521195274494,-0.4230556310747197,0.00129941352094054,0.43855302776820876
2026-09-03 01:15:00,12.41433595664559,12.86529891561378,12.658526098281625,12.108965176414344,13.208087020148906,0.5133773453787353,0.2250761740023542,-0.08834491993661575,0.5384972679413241,-0.12101242792809153,-0.018303356670198667,1002.0961292066836,1001.2561415995923,1001.6785476262883,-0.8214037526059764,-0.422638737540325,0.00023271084432963107,91.22543524310765,91.87424207878409,90.7629091620143,1.6428075052119528,1.1671212854425703,-0.05578836867277914,8.087406115428477,8.262376042704583,8.387235534758712,0.3080264072272411,-0.4230556310747197,0.2981961390205896,12.73925665227831
2026-09-03 01:20:00,12.748824296062399,13.195507281393681,12.902148909234068,12.352430727941492,13.451867090526644,0.5142460041695622,0.2250761740023542,-0.08862058104286558,0.538772929047574,0.4514469521719402,0.06828219815725944,1002.2863706200452,1001.2957984907422,1001.6755419828606,-0.8227936066712996,-0.422638737540325,0.042895245421846084,90.9998478956266,91.88950813082114,90.73818821146772,1.6455872133425993,1.1671212854425703,-0.015801366089149838,5.101769084777372,5.43199142754997,6.205485963444217,0.30854760250173735,-0.4230556310747197,-0.3504389048195282,18.22252603819459
2026-09-03 01:25:00,12.646341139262592,13.035971655337708,12.851096046724576,12.30122065098149,13.400971442467663,0.5151146629603892,0.2250761740023542,-0.08889600012443144,0.5390483481291398,-0.2657855665213944,-0.04020056538922212,1002.2620990598206,1001.5343439231783,1001.8826175597154,-0.8241834607366227,-0.422638737540325,0.07436510100319538,90.65808853358627,92.82309356834247,91.47593617009048,1.6483669214732455,1.1671212854425703,0.18003611280941811,2.7496355333604416,2.890055628556257,3.310325438679168,0.30906879777623353,-0.4230556310747197,0.002785820951809015,0.954961096545891
2026-09-03 01:30:00,12.887360857166666,13.649115488957994,13.33581113406709,12.785778568809707,13.885843699324472,0.5159833217512161,0.2250761740023542,-0.08917117781767403,0.5393235258223824,0.5833195830350881,0.08822818088855122,1002.3153429034824,1001.2870760282756,1001.7766445729542,-0.8255733148019457,-0.422638737540325,-0.0669298071383082,89.96003565887762,90.79865170377764,90.09556706939757,1.6511466296038915,1.1671212854425703,-0.46403665106251424,3.079536653744489,2.962509097644839,3.255723918433316,0.30958999305072965,-0.4230556310747197,0.12984081028624272,4.834724551972712
2026-09-03 01:35:00,12.231643909639075,12.840711496640406,12.784374649385708,12.234184959511737,13.334564339259678,0.5168519805420431,0.2250761740023542,-0.0894461147561702,0.5395984627608785,-1.1156180794931903,-0.16873932674765513,1002.5390333368023,1001.6670508499109,1002.0121722756642,-0.826963168867269,-0.422638737540325,0.07751731178700538,90.65562752507412,92.74012314720247,91.1159744464181,1.653926337734538,1.1671212854425703,0.45702741534179836,7.011642285971607,7.38626305717987,7.620034023118181,0.31011118832522583,-0.4230556310747197,0.18928466513640885,9.867297279933776
2026-09-03 01:40:00,12.294853649551408,12.862699935304938,12.602238632467428,12.051891862836118,13.152585402098737,0.51772063933287,0.2250761740023542,-0.08972081157073003,0.5398731595754385,0.23394836422888687,0.03538512883515743,1002.1515314680329,1001.1725277711562,1001.7224590099444,-0.8283530229325922,-0.422638737540325,-0.1272925012478936,91.08571300119075,91.64684802733109,90.70450857177411,1.6567060458651843,1.1671212854425703,-0.22478182988560036,1.168664444322817,1.8013068026560306,2.6701898191018447,0.310632383599722,-0.4230556310747197,-0.44582738537109434,30.55862310702414
2026-09-03 01:45:00,11.982307610124636,12.662611109626356,12.42948282793361,11.878979023365815,12.979986632501404,0.518589298123697,0.2250761740023542,-0.08999526888941378,0.5401476168941222,0.05323641554445224,0.008052107690392774,1001.982795822721,1001.1720766484933,1001.5897171312587,-0.8297428769979153,-0.422638737540325,0.00499825477493232,90.34450861234107,93.41585507337028,91.91616198424596,1.6594857539958305,1.1671212854425703,0.3325718036817449,12.09988003007735,12.671905364547595,12.378373351612536,0.3111535788742182,-0.4230556310747197,0.7165876440097776,73.84722700134537
2026-09-03 01:50:00,12.170968529210874,12.637555319484704,12.387689028407436,11.837028233685661,12.938349823129212,0.519457956914524,0.2250761740023542,-0.09026948733754853,0.540421835342257,0.16389956825468843,0.02479011707491452,1002.0207395726837,1001.1346555900499,1001.5335607245008,-0.8311327310632385,-0.422638737540325,0.02373360308934025,91.22120688581073,92.26405641001395,91.42111929243235,1.662265462126477,1.1671212854425703,-0.32418416786097737,2.0554580883733222,2.1242122223050934,3.472480010315909,0.3116747741487144,-0.4230556310747198,-0.9252121569360958,122.810001407508
2026-09-03 01:55:00,12.478347166255618,12.84383301829039,12.573692066132649,12.022874326001109,13.12450980626419,0.520326615705351,0.2250761740023542,-0.09054346753774484,0.5406958155424533,0.2979452521680681,0.04506477815538723,1001.7236938902005,1000.9176856205595,1001.3652314257283,-0.8325225851285616,-0.422638737540325,-0.024907067628532786,91.21367238297337,92.69978429578775,91.48385388309399,1.6650451702571232,1.1671212854425703,0.048809127251189466,6.9351734170017165,6.872001011811624,6.647985040739876,0.3121959694232106,-0.4230556310747198,0.6470716021464673,60.03928841266382
2026-09-03 02:00:00,12.612835272467276,13.013505686040542,12.777186542404593,12.226211901569267,13.328161183239919,0.5211952744961779,0.2250761740023542,-0.0908172101099134,0.5409695581146218,0.07433276185336979,0.011242969633595834,1001.848454693851,1001.017894837902,1001.3920140965839,-0.8339124391938846,-0.422638737540325,0.048519478858338516,91.40861573056213,93.34093121782222,92.041329642971,1.6678248783877692,1.1671212854425703,0.13248028940864742,3.897461258037136,4.124922058088409,4.84167610547432,0.3127171646977067,-0.4230556310747198,-0.29369841631119,12.673891437070305
2026-09-03 02:05:00,11.927659781575002,12.45008032308293,12.337581038075239,11.786449541203924,12.888712534946555,0.5220639332870048,0.2250761740023542,-0.09109071567128096,0.5412430636759893,-0.7443007810702333,-0.11257688899466345,1001.8540874699793,1000.8707863225615,1001.3096044990974,-0.8353022932592078,-0.422638737540325,-0.016179438995663986,90.68108227724095,91.8994069017585,91.06721647284391,1.6706045865184156,1.1671212854425703,-0.3349308565279898,4.527737763922841,5.311313576833744,5.587724728021243,0.3132383599722029,-0.4230556310747198,0.14664447988721996,5.01470894183613
2026-09-03 02:10:00,12.634727286334261,12.945817536737511,12.613525562097308,12.062237253819674,13.164813870374942,0.5229325920778318,0.2250761740023542,-0.09136398483640734,0.5415163328411157,0.7088560082842985,0.10721580063784941,1001.7989836498209,1001.0563230620256,1001.426469017479,-0.836692147324531,-0.422638737540325,0.05249278208691521,90.87198204974543,92.66009111325154,91.29208415288922,1.673384294649062,1.1671212854425703,0.2008856749197463,8.018878841821476,8.526317820756038,8.848995254366866,0.3137595552466991,-0.4230556310747198,0.10037819746389154,3.168161135268185
2026-09-03 02:15:00,12.823369869073737,13.24711891662506,12.985582281270942,12.434137206178583,13.5370273563633,0.5238012508686588,0.2250761740023542,-0.0916370182172005,0.5417893662219089,0.24105791254888054,0.036460461351765616,1001.8619552300657,1001.0165583808995,1001.4496350634572,-0.8380820013898541,-0.422638737540325,-0.010437945017429229,91.29860783975363,93.43505722214944,92.07889442763502,1.6761640027797082,1.1671212854425703,0.18904150907184203,4.013791231388907,4.5392613849483725,5.285127599590349,0.31428075052119525,-0.4230556310747198,-0.32281058356725634,15.20529678573417
2026-09-03 02:20:00,12.444585359851146,12.866031941136345,12.74377544182962,12.192173644476116,13.295377239183123,0.5246699096594858,0.2250761740023542,-0.09190981642293355,0.542062164427642,-0.6797910731834982,-0.10281967469562758,1001.6767230565204,1000.6889718498853,1001.1952010233026,-0.8394718554551773,-0.422638737540325,-0.08359043587699944,90.78862229994233,93.23605659685548,92.18361463225312,1.6789437109103547,1.1671212854425703,-0.11467932084022436,4.82966150994265,5.41142054127399,5.623068573663925,0.3148019457956915,-0.4230556310747198,0.21140759868478387,8.341767515379708
2026-09-03 02:25:00,13.031887516945057,13.982337331361173,13.583131607580754,13.031373132481715,14.134890082679792,0.5255385684503128,0.2250761740023542,-0.09218238006025992,0.5423347280649683,1.15125547583186,0.1741295497780655,1001.9287962458862,1001.4240735197966,1001.6640702310549,-0.8408617095205004,-0.422638737540325,0.18264202628199655,90.35548701445846,92.67040838227783,91.68054732534425,1.6817234190410009,1.1671212854425703,-0.1772602285089988,1.236660886311581,1.6782139961373448,2.290793630090019,0.31532314107018766,-0.4230556310747198,-0.18952400287795457,12.211902396836152
2026-09-03 02:30:00,11.977464872647584,11.94910911190194,12.105530031403411,11.55361492303654,12.657445139770283,0.5264072272411396,0.2250761740023542,-0.09245470973322922,0.5426070577379376,-2.5222635587698488,-0.38149709350382466,1001.7208939288422,1000.9501068902639,1001.498310710936,-0.8422515635858234,-0.422638737540325,-0.12556508313184622,90.30771163908531,91.85476639521482,90.82082182729306,1.6845031271716469,1.1671212854425703,-0.1331767175208114,0.2666356380752579,0.6186625387040153,0.9321284887297252,0.3158443363446838,-0.4230556310747198,0.1095896810490099,18.95775162072623
2026-09-03 02:35:00,11.798774240904345,12.290126182655186,11.906068033783308,11.353996336588445,12.458139730978171,0.5272758860319666,0.2250761740023542,-0.09272680604330336,0.5428791540480118,1.0511074620038947,0.15898197486952448,1001.6794500368239,1000.8128195361629,1001.2881468379155,-0.8436414176511466,-0.422638737540325,-0.05268856421230339,90.63861411312811,92.20859152919553,90.85967138366827,1.6872828353022933,1.1671212854425703,0.18179886008468316,2.9143383474760833,3.429395948089654,3.675627238052628,0.31636553161917996,-0.4230556310747198,0.17682434111174583,7.614305717142541
2026-09-03 02:40:00,11.598636645364191,12.471919948749939,12.140800768764759,11.588572527143945,12.693029010385573,0.5281445448227936,0.2250761740023542,-0.09299866958937125,0.5431510175940797,0.7011020901793898,0.10604300598282634,1001.5915005695769,1000.9587499768656,1001.3262995388698,-0.8450312717164699,-0.422638737540325,0.055089175536181756,89.85986209191051,93.42921148176349,91.95791631274606,1.6900625434329397,1.1671212854425703,0.30417388357484754,5.875632548870756,6.028669444499027,6.46740889395581,0.31688672689367614,-0.4230556310747198,-0.015683818382063563,2.0383271250116644
2026-09-03 02:45:00,12.925851194343668,13.47923329078378,13.105034536805519,12.552649795123042,13.657419278487996,0.5290132036136206,0.2250761740023542,-0.09327030096776484,0.5434226489724732,0.985922188314662,0.1491225799759075,1001.623757962118,1001.0536091777442,1001.437609575624,-0.846421125781793,-0.422638737540325,0.03863833966045149,90.52705947083743,92.97981297700045,91.98971104723722,1.692842251563586,1.1671212854425703,-0.17701935567934868,1.9774912076913034,1.8705602264495793,2.597206421983241,0.3174079221681723,-0.4230556310747198,-0.30359056445894206,15.830805757501185
2026-09-03 02:50:00,12.610293821206017,13.290859178294683,13.194739911743248,12.642198714325701,13.747281109160795,0.5298818624044476,0.2250761740023542,-0.09354170077227392,0.5436940487769824,-0.8525970809574428,-0.12895690745091848,1001.6840917310137,1000.8144783378194,1001.2975483828964,-0.8478109798471162,-0.422638737540325,-0.06043130753664627,91.12484443214932,92.08300746678738,91.16884259732599,1.6956219596942324,1.1671212854425703,-0.25295641598118834,1.911356395855592,2.4461845936855573,2.658421450054881,0.31792911744266855,-0.4230556310747198,0.210818774705396,8.836632840298993
2026-09-03 02:55:00,12.351216625148364,12.901932409363592,12.788491135531197,12.235793526667528,13.341188744394866,0.5307505211952745,0.2250761740023542,-0.09381286959416169,0.5439652175988701,-0.7380728330051447,-0.11163490016995858,1001.3902568559943,1000.5931656450471,1001.0624619181577,-0.8492008339124393,-0.422638737540325,-0.04665753557037533,89.4627273666674,91.24111956550472,90.18133453103081,1.6984016678248786,1.1671212854425703,-0.10733625096867172,4.0012725600334464,4.691044304475379,5.029618343097257,0.31845031271716473,-0.4230556310747198,0.0844815924528417,2.6385101460802556
2026-09-03 03:00:00,12.514111434639181,12.912263938381987,12.65814910944087,12.10529513338244,13.211003085499302,0.5316191799861014,0.2250761740023542,-0.09408380802217936,0.5442361560268878,0.19198872650650678,0.029038654938762676,1001.3818591618,1000.3830680511218,1000.8220526151265,-0.8505906879777623,-0.422638737540325,-0.016345826464430502,91.33705506575568,92.77012193068865,91.15710003545645,1.7011813759555245,1.1671212854425703,0.4459006097896179,5.618785711656157,5.602287637841008,6.093767626364972,0.31897150799166085,-0.4230556310747198,-0.06842435744924469,1.8087503031218333
2026-09-03 03:05:00,11.984352358296581,12.068457010171727,11.94245743470569,11.389447135666316,12.495467733745063,0.5324878387769284,0.2250761740023542,-0.09435451664258149,0.5445068646472899,-0.6550437690621944,-0.09907659853631579,1001.3956180911795,1000.5215586365211,1000.8668941470326,-0.8519805420430855,-0.422638737540325,0.07730322702889225,91.09365711547159,92.68935081241928,91.54583321656852,1.703961084086171,1.1671212854425703,-0.02360368959182324,6.136986662534578,6.7030558105255045,7.120882998541066,0.31949270326615703,-0.4230556310747198,0.005228443059158927,1.7111550198626293
2026-09-03 03:10:00,13.449001458158497,14.023449093133513,13.42457546627973,12.871408888435754,13.977742044123707,0.5333564975677554,0.2250761740023542,-0.09462499603914032,0.5447773440438487,2.4713574749127147,0.37379745285142896,1001.2003460841705,1000.3171163049981,1000.7593042528874,-0.8533703961084087,-0.422638737540325,-0.0195492103490551,90.40530718436102,91.12845185041137,90.35036120649495,1.7067407922168174,1.1671212854425703,-0.38903064152616196,2.4384502892301048,3.262693901787215,3.881712350797714,0.3200138985406532,-0.4230556310747198,-0.19596281793577885,21.08027870221628
2026-09-03 03:15:00,12.56224697503022,12.941350810468323,12.990372615891228,12.437049803381553,13.543695428400904,0.5342251563585824,0.2250761740023542,-0.09489524679316097,0.5450475947978694,-1.8121955758225052,-0.2740979794252585,1001.2409361910547,1000.4138999959242,1000.7998917727222,-0.8547602501737318,-0.422638737540325,0.036646960742359624,90.84489186484193,92.22487377768063,90.77053753218262,1.7095205003474636,1.1671212854425703,0.28721496005543656,1.5839049236460938,1.903766156934107,2.2340826015730806,0.3205350938151494,-0.4230556310747198,0.09273918643574608,9.748276192745045
2026-09-03 03:20:00,12.597854122495074,12.972880856411422,12.760768243874079,12.207289240800234,13.314247246947923,0.5350938151494093,0.2250761740023542,-0.09516526948349541,0.5453176174882037,-0.08570843456436528,-0.012963561465010542,1001.2546369703289,1000.4484009378854,1000.8551634845135,-0.856150104239055,-0.422638737540325,0.015876190912194943,90.57727124327899,93.73881607031223,92.24162018331766,1.71230020847811,1.1671212854425703,0.33007460155198487,9.236152374721659,9.31180800838878,9.343116632213869,0.3210562890896456,-0.42305563107471983,0.39174700724963074,22.50322118036038
2026-09-03 03:25:00,12.89159342385028,13.327758446594693,13.018223021447351,12.46458787187354,13.571858171021162,0.5359624739402363,0.2250761740023542,-0.0954350646865576,0.545587412691266,0.5584013482447592,0.0844592511449882,1001.4202188798023,1000.6466531888221,1001.0297496492651,-0.8575399583043781,-0.422638737540325,0.039542277097325496,91.21128661796881,93.38962757527797,92.44200719484822,1.7150799166087562,1.1671212854425703,-0.21950090501282205,3.0225290681694177,3.381012154591586,4.395993488823079,0.3215774843641418,-0.4230556310747199,-0.5919257031567731,51.17037899828578
2026-09-03 03:30:00,12.844505198770028,13.73030861282579,13.45758599499316,12.90379474294631,14.01137724704001,0.5368311327310632,0.2250761740023542,-0.09570463297633741,0.5458569809810458,0.3150139044948528,0.04764644383027594,1001.2922775938993,1000.4689941799745,1000.9520436780764,-0.8589298123697011,-0.422638737540325,-0.0604107605615809,91.08433611447417,90.80926661269241,90.27286713396055,1.7178596247394022,1.1671212854425703,-0.6307218067107101,7.620393604399942,7.777332093578369,7.759768834213778,0.3220986796386379,-0.4230556310747199,0.44061889043931135,30.393006856894083
2026-09-03 03:35:00,12.796063612727337,13.814730912700021,13.628841625597975,13.074894315067798,14.182788936128151,0.5376997915218902,0.2250761740023542,-0.0959739749244149,0.5461263229291233,-0.25908364308229537,-0.039186886900306916,1001.2467036326727,1000.2047725722434,1000.6976716743635,-0.8603196664350243,-0.422638737540325,-0.0702603645797808,89.88956575829813,92.58358388516655,90.90650280694987,1.7206393328700487,1.1671212854425703,0.5099597927740973,7.761371204786062,7.8989720467122755,8.48738039096469,0.3226198749131341,-0.4230556310747199,-0.16535271317769507,5.950265384136883
2026-09-03 03:40:00,12.448290408738098,13.030300446556495,12.961697945116114,12.40759462005515,13.515801270177079,0.5385684503127172,0.2250761740023542,-0.09624309109997453,0.5463954391046829,-1.0345238507196974,-0.15647367256197242,1001.3111056845753,1000.3086260982138,1000.6839647014865,-0.8617095205003475,-0.422638737540325,0.0473001342676298,90.85881715052382,93.45393980985185,92.03260941510307,1.723419041000695,1.1671212854425703,0.25420910930620266,6.692630767245412,7.145727057614506,7.624888876390719,0.3231410701876303,-0.4230556310747199,-0.056106187701493226,3.6206009284901626
2026-09-03 03:45:00,13.014565676736881,13.461049341058079,13.117528949971828,12.563269654295501,13.671788245648154,0.5394371091035441,0.2250761740023542,-0.09651198206981926,0.5466643300745276,0.7830925519089114,0.11844421708389774,1001.1297990745675,1000.1847385570823,1000.609839055038,-0.8630993745656707,-0.422638737540325,-0.0024617604154855144,90.50207941077346,91.94084991645967,91.18355668003389,1.7261987491313413,1.1671212854425703,-0.40982804901679515,2.365161614550081,2.207705037503239,2.8063064020596107,0.32366226546212645,-0.42305563107471983,-0.17554573348165192,6.744893724460049
2026-09-03 03:50:00,13.64377884920633,13.948639333610458,13.637342054682064,13.082926832268738,14.19175727709539,0.5403057678943711,0.2250761740023542,-0.09678064839838446,0.5469329964030929,0.5700498238517948,0.08622110492604129,1001.1771288491215,1000.270303531702,1000.6582792069557,-0.8644892286309939,-0.422638737540325,0.03466306228654048,90.69014222448864,92.9929315167772,91.62312533659261,1.7289784572619877,1.1671212854425703,0.20268489474202056,7.223359524713402,7.114364308702356,7.102133105797871,0.3241834607366227,-0.4230556310747198,0.4352868339792053,28.16689476979614
2026-09-03 03:55:00,13.497583349954947,14.13246580894936,13.931971625967833,13.37740052065886,14.486542731276806,0.5411744266851981,0.2250761740023542,-0.09704909064775141,0.5472014386524597,-0.16252354528938007,-0.02458199102082581,1001.0725413073586,1000.3642783682332,1000.7603947838601,-0.865879082696317,-0.422638737540325,0.02652232191337589,90.27448253844949,91.31872133518836,90.48021226052268,1.731758165392634,1.1671212854425703,-0.32861221077689606,6.660277065019493,6.990768985142794,7.630462774487711,0.32470465601111886,-0.4230556310747198,-0.2166381582701975,7.393811283767049
2026-09-03 04:00:00,13.668553207067493,14.567177412556546,14.328393735622445,13.773666791222213,14.883120680022676,0.542043085476025,0.2250761740023542,-0.09731730937766175,0.5474696573823701,0.09062699484532644,0.013707502931747939,1001.0986944369412,1000.0569846521515,1000.5589825876237,-0.86726893676164,-0.422638737540325,-0.0793591979319217,91.52451415141016,92.88284745192036,91.32306412456867,1.73453787352328,1.1671212854425703,0.39266204190910514,5.241276600885555,5.559809890497441,6.057211550590692,0.325225851285615,-0.4230556310747198,-0.07434602901853182,2.302762016238092
2026-09-03 04:05:00,12.902032242839473,13.395475909701295,13.40341025379735,12.848527514073346,13.958292993521354,0.542911744266852,0.2250761740023542,-0.09758530514553015,0.5477376531502385,-1.5405463072127095,-0.23301051809840878,1000.9438287433295,1000.0215576952769,1000.4442997734554,-0.8686587908269632,-0.422638737540325,-0.00010334063824757322,91.11705298906999,94.0532076592598,92.6620858611156,1.7373175816539264,1.1671212854425703,0.2240005127016218,3.5272330779115473,3.956046497583639,4.376500509626147,0.32574704656011116,-0.4230556310747198,0.0026016190322120103,6.002226960657175
2026-09-03 04:10:00,12.789251489941645,12.857232684848679,12.644565164478633,12.089526673161485,13.199603655795782,0.5437804030576789,0.2250761740023542,-0.09785307850645864,0.548005426511167,-0.08203966793748485,-0.012408653632308031,1000.6393440621442,999.912246841984,1000.3337291786684,-0.8700486448922864,-0.422638737540325,0.0011564008559616923,90.21923819144844,91.74195144933725,91.19374358339746,1.7400972897845728,1.1671212854425703,-0.618913419502789,3.0349877995733334,3.923823657952957,4.274809490699621,0.32626824183460734,-0.4230556310747198,0.07206979832805605,2.7259843395060064
2026-09-03 04:15:00,13.216645165454157,13.895304161665768,13.40221687342177,12.8470226742053,13.957411072638239,0.5446490618485059,0.2250761740023542,-0.09812063001324961,0.548272978017958,1.7719523380594975,0.26801111424164503,1000.960602838666,1000.0441827185339,1000.4118791640836,-0.8714384989576095,-0.422638737540325,0.05494229199052825,89.95169833718352,90.19879000553475,89.29884219117721,1.742876997915219,1.1671212854425703,-0.2671734710850444,1.982919807452258,2.341063455384108,2.8328109021985575,0.3267894371091035,-0.4230556310747198,-0.06869181573972982,8.974964308129355
2026-09-03 04:20:00,13.374363156345325,14.116960819274668,13.891400566737207,13.33605070327849,14.446750430195925,0.5455177206393329,0.2250761740023542,-0.0983879602164191,0.5485403082211275,0.0032004795566589195,0.00048407853510745724,1001.17146883616,1000.3677028306136,1000.7094519455907,-0.8728283530229327,-0.422638737540325,0.080889622563177,90.43715838812132,92.13217251594212,90.32911935163317,1.7456567060458654,1.1671212854425703,0.6359318788663728,4.643688235043016,5.150450512527054,5.383646973974677,0.32731063238359975,-0.4230556310747198,0.18985916962709748,7.950770778853163
2026-09-03 04:25:00,13.878063420984514,14.107280672337504,13.957511287254976,13.40200580317438,14.513016771335572,0.5463863794301599,0.2250761740023542,-0.09865506966421039,0.5488074176689188,-0.4978899516007491,-0.0753067889198249,1001.0761118396751,1000.1809623261478,1000.6741839683158,-0.8742182070882558,-0.422638737540325,-0.0705829046277131,90.88222119190849,92.56778689175351,91.25682651135102,1.7484364141765116,1.1671212854425703,0.14383909495991531,5.15976681217376,5.194938759147465,5.737835113010418,0.32783182765809593,-0.4230556310747198,-0.11984072278823277,3.3107023422583852
2026-09-03 04:30:00,12.854867082224551,13.43741895717813,13.346575443648327,12.790914382529575,13.902236504767078,0.5472550382209868,0.2250761740023542,-0.09892195890260658,0.549074306907315,-0.8874776601757919,-0.13423266047255034,1001.0629974564782,1000.2259068839234,1000.6637601712621,-0.8756080611535788,-0.422638737540325,-0.015214549798429289,90.71382310028947,93.42373407809539,92.21186831116226,1.7512161223071576,1.1671212854425703,0.04474448149055377,3.670007895268392,4.228742217255945,4.703285774649324,0.32835302293259205,-0.4230556310747198,-0.05148792631865895,2.3204054756582893
2026-09-03 04:35:00,14.238242350257,14.876611250496033,14.382295624934072,13.826479030324288,14.938112219543855,0.5481236970118137,0.2250761740023542,-0.09918862847534399,0.5493409764800523,1.7800734758289067,0.26923945155960816,1001.0865725695794,1000.1753037727891,1000.6141134773493,-0.876997915218902,-0.422638737540325,-0.01617096701988885,91.3164280420085,93.0818930101869,92.14888118154745,1.753995830437804,1.1671212854425703,-0.23410945680312523,4.4172950956316415,4.588252054305526,4.94751733534165,0.32887421820708823,-0.4230556310747198,0.06379035003859634,8.55966318675752
2026-09-03 04:40:00,13.660840747837428,14.19521164323828,14.147924945863988,13.591952861273748,14.703897030454227,0.5489923558026407,0.2250761740023542,-0.09945507892392502,0.5496074269286334,-1.1754530392699394,-0.17778947662806033,1000.8994418979227,1000.1211139495476,1000.55237983665,-0.8783877692842252,-0.422638737540325,-0.008627149562016712,91.0448701782389,92.46437986765511,91.50072220807569,1.7567755385684505,1.1671212854425703,-0.2034636258631508,3.6968575367100867,4.047679199965999,4.508490071169354,0.3293954134815844,-0.4230556310747198,-0.03775524012863496,3.7681514464736323
2026-09-03 04:45:00,13.653913372580835,14.045620203357231,13.861821388404934,13.305693857308318,14.41794891950155,0.5498610145934677,0.2250761740023542,-0.09972131078763086,0.5498736587923392,-0.27290477517929723,-0.04127735905005636,1000.9028212151943,999.7912851307337,1000.2781209397716,-0.8797776233495483,-0.422638737540325,-0.06419707149757414,91.13421398226825,93.7298141451523,92.27335442581509,1.7595552466990967,1.1671212854425703,0.28933843389464187,5.566830816786469,5.864092838021802,6.186355024524113,0.3299166087560806,-0.4230556310747198,0.10079344457240769,2.5193485895777967
2026-09-03 04:50:00,13.523392572837125,14.27730969093413,13.986476825333913,13.430193891168559,14.542759759499267,0.5507296733842947,0.2250761740023542,-0.09998732460353449,0.5501396726082428,0.4347495951784879,0.06575669159786379,1000.7698087667233,999.83414448805,1000.2158515034188,-0.8811674774148716,-0.422638737540325,0.04093172217153551,90.80379055730079,92.66275769813141,91.73554269350997,1.7623349548297431,1.1671212854425703,-0.2399062808211312,8.368782944520671,9.009113019025458,9.373242895606491,0.3304378040305768,-0.4230556310747198,0.058925754493685645,1.4353309430997112
2026-09-03 04:55:00,13.372751860520466,13.843674243501852,13.683031206497928,13.126592912665075,14.239469500330781,0.5515983321751217,0.2250761740023542,-0.1002531209065129,0.5504054689112212,-0.4259989294695252,-0.06443313699842967,1000.8064887372585,999.9684173072825,1000.3277109608453,-0.8825573314801947,-0.422638737540325,0.0633450839775378,89.93523314631902,91.10032966402683,90.23051715863299,1.7651146629603893,1.1671212854425703,-0.29730878004873773,2.327164911669705,2.2651309446622783,3.1263030200962554,0.330958999305073,-0.4230556310747198,-0.43811644435925734,28.728713843497328
2026-09-03 05:00:00,14.473258368602908,14.72868812702887,14.343461880220767,13.786868270085314,14.90005549035622,0.5524669909659485,0.2250761740023542,-0.10051870022925985,0.5506710482339683,1.0588303278075397,0.16015007280574878,1000.9399736339831,1000.1360807356385,1000.5163993798939,-0.8839471855455177,-0.422638737540325,0.04232009328495678,90.6082015099105,93.30009392943482,91.53337253638217,1.7678943710910353,1.1671212854425703,0.5996001076100725,3.811744676719507,3.4582532809145645,3.5322098228718852,0.3314801945795691,-0.4230556310747198,0.34909908911739906,22.149475006203737
2026-09-03 05:05:00,14.285390730186839,14.428831482809677,14.300267763951764,13.743518880842316,14.857016647061212,0.5533356497567755,0.2250761740023542,-0.1007840631022987,0.5509364111070071,-0.6380909651040128,-0.09651245514444007,1001.0242151854023,1000.3628210392046,1000.7570135228128,-0.8853370396108409,-0.422638737540325,0.02844625393208844,91.2231576584953,93.14876114933041,92.01989268170902,1.7706740792216817,1.1671212854425703,-0.0382528178211885,2.1431193370855834,2.4110909178132713,2.9162861912865763,0.3320013898540653,-0.4230556310747198,-0.08213964239858518,2.045737476411549
2026-09-03 05:10:00,13.854871512630819,14.661245725178283,14.423851489152044,13.866947376360967,14.980755601943121,0.5542043085476025,0.2250761740023542,-0.10104921005399398,0.5512015580587024,0.08144072258102852,0.01231806202388519,1000.8211037047259,999.87572311102,1000.4482164878762,-0.8867268936761641,-0.422638737540325,-0.14985463931589038,90.63760226686759,92.41339682756346,91.49966629193555,1.7734537873523282,1.1671212854425703,-0.25339074981467036,5.4466089808125675,5.919690943012666,6.157731919957737,0.3325225851285615,-0.4230556310747198,0.1850146541296489,7.732973286004249
2026-09-03 05:15:00,13.97027547572451,14.648681238357161,14.440449416977765,13.88339011776123,14.9975087161943,0.5550729673384295,0.2250761740023542,-0.1013141416105644,0.5514664896152728,-0.11136623978375937,-0.01684435262295736,1000.7752873890624,1000.1090929056,1000.480617604591,-0.8881167477414872,-0.422638737540325,0.0511140385493718,90.92289710348639,92.84145731209868,91.59322342806841,1.7762334954829744,1.1671212854425703,0.08111259858769415,6.283394951030453,6.662119544175761,7.204438181604586,0.33304378040305765,-0.4230556310747198,-0.11926300635410492,2.3845268529402315
2026-09-03 05:20:00,14.474041633888431,15.047577969443521,14.769804030058639,14.212589587636678,15.3270184724806,0.5559416261292565,0.2250761740023542,-0.10157885829609459,0.551731206300803,0.34841065768597446,0.05269776538252913,1000.8461365994546,999.8577764236488,1000.3200098126171,-0.8895066018068104,-0.422638737540325,-0.03959465142793306,90.54673050395822,91.46920901043855,90.55422546486672,1.7790132036136208,1.1671212854425703,-0.25213773987074717,9.015580560125048,9.718806807026775,10.047503225153902,0.3335649756775539,-0.4230556310747198,0.09435921294759275,2.0656126309887872
2026-09-03 05:25:00,15.398547505790946,15.867302863340868,15.552021619201103,14.994652076757657,16.10939116164455,0.5568102849200834,0.2250761740023542,-0.10184336063254734,0.5519957086372558,0.5963897631151713,0.09020507013741152,1000.9419619993446,1000.2503625052041,1000.5675389888132,-0.8908964558721335,-0.422638737540325,0.10546225393113673,90.25448225417476,91.61415214497636,90.31954873970336,1.781792911744267,1.1671212854425703,0.12748211983041813,3.144819605440718,3.6101175786466686,4.430279033510137,0.33408617095205007,-0.4230556310747197,-0.3971058237887495,24.684514919782885
2026-09-03 05:30:00,14.752156857948437,15.20403611881872,15.170143245250674,14.612618645933644,15.727667844567705,0.5576789437109103,0.2250761740023542,-0.10210764913977577,0.5522599971444841,-1.2640061482564526,-0.1911833004343073,1000.6434396649452,999.8737734240124,1000.3867948149248,-0.8922863099374565,-0.422638737540325,-0.09038265337210305,90.6635369932411,92.45097569458223,91.02330873817236,1.784572619874913,1.1671212854425703,0.2605456709672893,9.526224407597592,9.69167727426618,9.581264269659728,0.3346073662265462,-0.42305563107471966,0.5334686356811709,45.73276501084526
2026-09-03 05:35:00,14.382196970835068,14.725597243648481,14.573302072796604,14.015622459717898,15.13098168587531,0.5585476025017373,0.2250761740023542,-0.10237172433553493,0.5525240723402434,-0.4811907486139777,-0.07278100315047631,1000.5263681712289,999.4956732202813,1000.005105055829,-0.8936761640027797,-0.422638737540325,-0.08679309800731971,90.85430663125602,92.48592800324184,91.34261259246067,1.7873523280055594,1.1671212854425703,-0.023805874661405824,1.4060260158057742,1.0435285310649127,2.09927616638036,0.33512856150104237,-0.4230556310747196,-0.6326920042407276,58.520102719737
2026-09-03 05:40:00,15.014957954200321,15.48808308658091,15.079553018589507,14.521718434825093,15.637387602353922,0.5594162612925643,0.2250761740023542,-0.10263558673549389,0.5527879347402023,1.2129032682089438,0.1834538939890482,1000.8015557375682,999.9525456050878,1000.22791497254,-0.8950660180681029,-0.422638737540325,0.14726937008811092,90.41536445215658,93.22343919454606,91.98465167316525,1.7901320361362059,1.1671212854425703,0.07166623593823829,5.286452596624659,5.550908683141632,5.4152883660421285,0.33564975677553854,-0.4230556310747196,0.5586759481742227,50.538875036738744
2026-09-03 05:45:00,15.136240002226327,15.272507479285684,15.100784895551149,14.542795384141108,15.65877440696119,0.5602849200833913,0.2250761740023542,-0.10289923685324726,0.5530515848579556,-0.3527466362222924,-0.05335359026781816,1000.7169526182562,999.8128113707929,1000.2474881006535,-0.896455872133426,-0.422638737540325,-0.012037992320301782,90.6336419644865,92.60047839093495,91.65027386530546,1.792911744266852,1.1671212854425703,-0.21691675981308833,1.334016444066875,1.978575096794249,2.7329494169835122,0.3361709520500347,-0.4230556310747196,-0.33131868911454343,16.222063182223554
2026-09-03 05:50:00,14.3008541512501,14.714794999430616,14.593520454644304,14.035376058592874,15.151664850695735,0.5611535788742182,0.2250761740023542,-0.10316267520032718,0.5533150232050356,-0.6862832539769723,-0.10380162921604175,1000.8423583863367,1000.0383503491893,1000.4204511074312,-0.8978457261987492,-0.422638737540325,0.0405379792983922,90.22444709744352,92.70406168795013,91.54024962508856,1.7956914523974985,1.1671212854425703,-0.003309222581009408,8.235665816143282,8.454743628667678,8.45908537893272,0.33669214732453095,-0.4230556310747196,0.418713880809678,26.338987762256885
2026-09-03 05:55:00,15.494306263314565,15.994140997709392,15.530422919595502,14.972123681871128,16.088722157319875,0.5620222376650452,0.2250761740023542,-0.10342590228621451,0.5535782502909229,1.5777781497827998,0.23864190411153707,1000.9175391481092,999.9848128295802,1000.4391872588875,-0.8992355802640724,-0.422638737540325,-0.0317356917670395,91.33552912641042,93.14151657059925,91.86920702951583,1.7984711605281447,1.1671212854425703,0.10518825564084011,4.777776287993382,5.123485709695739,5.965455550730491,0.33721334259902713,-0.4230556310747196,-0.4189142099600325,31.233418042352938
2026-09-03 06:00:00,15.56213174051244,16.246998646406393,16.052768090562783,15.494314054098172,16.611222127027393,0.5628908964558721,0.2250761740023542,-0.10368891861835061,0.553841266623059,-0.2039354426398674,-0.030845618158743093,1000.895458348511,999.9487459803324,1000.3986088199193,-0.9006254343293953,-0.422638737540325,-0.02722410204660264,90.6332917016635,93.2795733573192,92.10666785443132,1.8012508686587907,1.1671212854425703,0.005784217445295781,5.785963081419735,6.250105695585271,6.4923960257517255,0.33773453787352326,-0.4230556310747196,0.1807653009082646,4.845858997246068
2026-09-03 06:05:00,16.073464356718645,16.62923861929067,16.434739774341857,15.876130982034024,16.99334856664969,0.5637595552466991,0.2250761740023542,-0.1039517247021487,0.5541040727068571,-0.20216165236782402,-0.03057732905353916,1001.2076692218998,1000.5110181209194,1000.8112357345619,-0.9020152883947186,-0.422638737540325,0.12242112389776594,91.54156470635819,93.66361748840616,92.46561035766672,1.8040305767894371,1.1671212854425703,0.030885845296865,7.340508513426059,7.374176534299134,7.780651641682354,0.33825573314801943,-0.4230556310747196,0.016580523691499316,1.8133212063279722
2026-09-03 06:10:00,16.67696348719716,17.400576324009798,17.12591232528979,16.567148820000103,17.684675830579476,0.564628214037526,0.2250761740023542,-0.10421432104100503,0.5543666690457134,0.3278493214595102,0.04958782471765488,1001.0677754321192,1000.1495621554908,1000.6882443650161,-0.9034051424600418,-0.422638737540325,-0.11604347198499454,91.62023033342687,93.43777700665774,92.37184768788146,1.8068102849200836,1.1671212854425703,-0.10119196666629193,2.21974190925804,2.7454896066722005,3.4285993177333847,0.3387769284225156,-0.4230556310747196,-0.26005407998646435,11.46314852540025
2026-09-03 06:15:00,16.532256469193392,17.36758036304443,17.236946727200582,16.678028551754824,17.79586490264634,0.565496872828353,0.2250761740023542,-0.10447670813631044,0.5546290561410188,-0.6244057332314732,-0.094442538158507,1001.0954033629232,1000.3145717150267,1000.7272027119856,-0.9047949965253649,-0.422638737540325,0.010007740581386315,90.80560592095127,92.60456944283479,91.6226456493152,1.8095899930507298,1.1671212854425703,-0.18519749192299173,1.091108330119301,1.9215429908168244,2.176284296777331,0.3392981236970118,-0.4230556310747196,0.16831432511421296,5.1732074244193615
2026-09-03 06:20:00,16.120100908183705,16.898100458567704,16.789566516629755,16.230493713818156,17.348639319441354,0.56636553161918,0.2250761740023542,-0.10473888648746121,0.5548912344921696,-0.7705176002626573,-0.11654223206440406,1001.1778240185586,1000.2378364452113,1000.6817187837687,-0.9061848505906881,-0.422638737540325,-0.02124360101709044,90.31411487231841,91.36293367246702,90.36722915991031,1.8123697011813762,1.1671212854425703,-0.17141677288586266,7.991072158781383,8.27904747218487,8.377691000256656,0.339819318971508,-0.4230556310747196,0.324412103002933,16.654844281173926
2026-09-03 06:25:00,15.932774010856354,16.594110170742074,16.382809174095758,15.82358178667306,16.942036561518456,0.567234190410007,0.2250761740023542,-0.1050008565918703,0.5551532045965787,-0.09107442350769546,-0.01377517735603817,1000.9504050234599,1000.292829807688,1000.7029244205833,-0.9075747046560112,-0.422638737540325,0.012544124645046395,89.76271864337173,91.98340062879281,90.52119906169852,1.8151494093120224,1.1671212854425703,0.29508028165170685,3.3825624548677315,3.3841836425640452,4.310465827263398,0.3403405142460042,-0.42305563107471955,-0.5032265536246334,36.61855336166298
2026-09-03 06:30:00,17.55408312307922,18.12455850811621,17.61066805410886,17.051286124794355,18.170049983423365,0.5681028492008339,0.2250761740023542,-0.10526261894497829,0.5554149669496866,1.909492224484385,0.28881428000499554,1001.316389877512,1000.3056751243904,1000.7242875125012,-0.9089645587213342,-0.422638737540325,0.004026349429523179,90.17847495364366,91.96424028345723,90.71037095826664,1.8179291174426684,1.1671212854425703,0.08674803974801648,2.043818697067943,2.364700098481851,2.627601574662286,0.3408617095205003,-0.42305563107471955,0.16015415489428442,12.524111773567887
2026-09-03 06:35:00,16.699332281370168,17.07214618767912,17.104080682862346,16.544544254339932,17.66361711138476,0.5689715079916609,0.2250761740023542,-0.10552417404026448,0.5556765220449729,-1.699223024605672,-0.25701066918557913,1001.1909831718194,1000.1885072293456,1000.640326470046,-0.9103544127866574,-0.422638737540325,-0.029180503160091575,90.17044131282164,91.58955657025,90.49675426803587,1.8207088255733148,1.1671212854425703,-0.07431898322845143,4.372341405823792,4.0464090780361275,4.330571993048827,0.3413829047949965,-0.42305563107471955,0.1388927160620197,9.863369766746207
2026-09-03 06:40:00,16.83359655301226,17.55142553007061,17.255442125946413,16.69575124086464,17.815133011028184,0.5698401667824878,0.2250761740023542,-0.10578552236925753,0.5559378703739659,0.4688023202143867,0.07090723012184341,1001.3472475032033,1000.6641808135187,1000.9750129234393,-0.9117442668519806,-0.422638737540325,0.11180662761967142,91.55560326191295,94.26426121226658,92.5654090324377,1.8234885337039612,1.1671212854425703,0.5317308943862997,5.252614786597264,5.695589865859741,6.128358780169108,0.3419041000694927,-0.42305563107471955,-0.009713283234647818,3.391450629138883
2026-09-03 06:45:00,16.97215163585293,17.878809937870553,17.605533272996812,17.04568797396893,18.165378572024693,0.5707088255733148,0.2250761740023542,-0.10604666442154642,0.5561990124262548,0.31867698000824163,0.04820049087138756,1001.1326944585492,1000.1528183789975,1000.7126376251372,-0.9131341209173037,-0.422638737540325,-0.13718050859938558,89.94804462791382,90.77414004903258,90.47172189523405,1.8262682418346075,1.1671212854425703,-0.864703131644049,0.9755383121227149,1.4536459207612775,2.1407412514904047,0.34242529534398886,-0.42305563107471955,-0.26403969965440766,16.133067415204906
2026-09-03 06:50:00,17.216131375405983,17.856130067700207,17.67276905997522,17.11276938957923,18.23276873037121,0.5715774843641418,0.2250761740023542,-0.10630760068479095,0.5564599486894993,-0.27579933252722455,-0.04171516627736693,1001.1096399495879,1000.4352771205298,1000.8002406469574,-0.9145239749826269,-0.422638737540325,0.057675211112723446,90.09588558668392,91.58693682030324,90.20715089588397,1.8290479499652539,1.1671212854425703,0.2126646389766904,3.1182609534537864,3.96389833222594,4.088345958027733,0.3429464906184851,-0.42305563107471955,0.2986080052729263,13.510107768425554
2026-09-03 06:55:00,17.235489546463388,18.191387519303582,17.93846626578631,17.37831226656501,18.49862026500761,0.5724461431549688,0.2250761740023542,-0.10656833164473262,0.556720679649441,0.18409741659229795,0.027845079514918325,1001.5170100464583,1000.7348723043496,1001.0828228791601,-0.91591382904795,-0.422638737540325,0.07468816272978529,88.56664517742209,91.22064783454162,89.98652025479525,1.8318276580959,1.1671212854425703,0.06700629430379479,1.0044067668383172,1.289676014961311,1.9309957099502064,0.34346768589298127,-0.42305563107471955,-0.21826406391417597,7.5242646889372615
2026-09-03 07:00:00,17.221266513479755,17.489466973813332,17.40227169198107,16.841963406442105,17.962579977520036,0.5733148019457956,0.2250761740023542,-0.1068288577852049,0.5569812057899133,-0.9115979012506124,-0.13788089217009158,1001.504758045981,1000.5642569068837,1001.0534164273779,-0.917303683113273,-0.422638737540325,-0.06652078295394404,90.08805932899404,92.17508504795678,90.751947555396,1.834607366226546,1.1671212854425703,0.2560162071182077,4.061464563171418,4.5279990457828365,4.70315018550415,0.3439888811674774,-0.42305563107471955,0.2479044913534061,11.610087066687065
2026-09-03 07:05:00,17.390567123901,17.733917907681715,17.432724047786248,16.872261518402155,17.99318657717034,0.5741834607366226,0.2250761740023542,-0.10708917958814385,0.5572415275928522,0.5032511874278889,0.07611768589311296,1001.3692572965608,1000.1785697385797,1000.712424588768,-0.9186935371785963,-0.422638737540325,-0.11121611264809417,91.34714413316965,93.14624406540464,91.83459281619582,1.8373870743571925,1.1671212854425703,0.14452996376624583,8.258700153784611,8.344823799510815,8.735251995898341,0.34451007644197357,-0.42305563107471955,0.03262743468719265,2.2506640612812294
2026-09-03 07:10:00,17.755790497171436,18.501882918248537,18.142094371177098,17.58147764038536,18.702711101968838,0.5750521195274496,0.2250761740023542,-0.10734929753359868,0.5575016455383071,0.890649274380781,0.13471237306908534,1001.4326298055903,1000.5096486687056,1000.8338552591615,-0.9200833912439195,-0.422638737540325,0.09843214708439518,88.89649949298544,90.9374691099934,90.3518643035217,1.840166782487839,1.1671212854425703,-0.5815164789708689,11.074413241355277,11.312516376914223,11.78392388228745,0.34503127171646975,-0.42305563107471955,-0.048351874298507624,5.070847508121437
2026-09-03 07:15:00,17.71202422939821,18.340803049747137,18.20639185180293,17.64562096200602,18.76716274159984,0.5759207783182766,0.2250761740023542,-0.10760921209974167,0.5577615601044501,-0.5994304257154397,-0.0906649760581466,1001.7925983042505,1000.8863695669713,1001.2054325099828,-0.9214732453092426,-0.422638737540325,0.10357579452886512,85.70858481635872,87.69506264381629,87.1077229948723,1.8429464906184851,1.1671212854425703,-0.5797816364985948,5.5369553460593455,5.424952182051651,6.236874471688168,0.3455524669909659,-0.42305563107471955,-0.38886665856179725,25.369229137317614
2026-09-03 07:20:00,17.80559849614138,18.645144368564843,18.411349976634188,17.850424970199622,18.972274983068754,0.5767894371091036,0.2250761740023542,-0.10786892376287888,0.5580212717675872,0.05764039556894929,0.008718217928301186,1001.5082048861885,1000.7604244468096,1001.2459358093738,-0.9228630993745658,-0.422638737540325,-0.06287262502394242,89.74982734463748,90.38222350635787,88.29751806027146,1.8457261987491316,1.1671212854425703,0.9175841606438411,2.3093774052490117,2.597014181129503,2.880368087736635,0.34607366226546216,-0.42305563107471955,0.13970172446758777,7.55999101597696
2026-09-03 07:25:00,18.295410664118773,18.869974431873356,18.63923968325681,18.07816060251719,19.20031876399643,0.5776580958999306,0.2250761740023542,-0.10812843299745994,0.5582807810021684,0.037411599687100505,0.005658574614191281,1001.9979176862124,1001.3119318092085,1001.6495238941128,-0.9242529534398889,-0.422638737540325,0.08504665263603783,85.88684782728507,87.45594422588648,86.71528902168103,1.8485059068797778,1.1671212854425703,-0.42646608123712326,8.454377637195424,8.709379748679813,8.72507685305995,0.34659485753995833,-0.42305563107471955,0.4073585266945834,25.42163740386959
2026-09-03 07:30:00,18.313626977586395,18.718558647771484,18.54913126688049,17.987898154133553,19.110364379627427,0.5785267546907574,0.2250761740023542,-0.1083877402760885,0.5585400882807969,-0.36792134289980893,-0.055648793111359396,1001.6833235801987,1000.6549326958219,1001.2754663747917,-0.9256428075052119,-0.422638737540325,-0.1978949414294675,85.54030009275145,88.68480303137288,87.14471165553591,1.8512856150104238,1.1671212854425703,0.37297009039438933,4.686898940430001,5.1237749230711245,5.981478017127399,0.34711605281445446,-0.42305563107471955,-0.4346474629815553,32.36317168018151
2026-09-03 07:35:00,19.18059003490023,19.717266799940806,19.344438705318353,18.78305160282702,19.905825807809688,0.5793954134815844,0.2250761740023542,-0.10864684606953207,0.5587991940742405,0.9768600900614608,0.1477519206200988,1001.9830054697202,1001.176150072748,1001.4910685657965,-0.9270326615705351,-0.422638737540325,0.10772024449181572,82.44820669490966,83.774812710229,83.4945060262699,1.8540653231410702,1.1671212854425703,-0.8868146014834792,2.247203632704892,2.4077618166940504,2.80658577294754,0.34763724808895063,-0.42305563107471955,0.024231674821229898,7.727666642965595
2026-09-03 07:40:00,17.682493489765065,17.956220767852727,18.07283773860804,17.51129668860046,18.63437878861562,0.5802640722724114,0.2250761740023542,-0.10890575084673193,0.5590580988514403,-2.2591002185317954,-0.34169314475766654,1001.9086410285237,1001.0950288362899,1001.5335477936866,-0.9284225156358583,-0.422638737540325,-0.01588021985639898,86.31941311758773,87.92161733757598,85.59916439860874,1.8568450312717166,1.1671212854425703,1.1553316535246694,8.778572622349483,9.151734671005457,9.141604562153494,0.3481584433634468,-0.42305563107471955,0.43318573992668163,46.01310284224307
2026-09-03 07:45:00,19.343804040494287,19.69921863693812,19.122154114836732,18.560459159506337,19.683849070167128,0.5811327310632384,0.2250761740023542,-0.1091644550748132,0.5593168030795216,2.3271668346613232,0.35198834809903445,1002.1208803003308,1001.3520798359912,1001.7340578183829,-0.9298123697011814,-0.422638737540325,0.04066075514856493,80.57695947721915,82.00328760597417,81.92587599222858,1.8596247394023628,1.1671212854425703,-1.089709671696994,6.546215319834457,6.7948809417901,7.62160667642528,0.348679638637943,-0.42305563107471955,-0.4036701035604606,42.643252718708226
2026-09-03 07:50:00,19.57030412867279,20.346794318110458,20.07537402347993,19.513525204985473,20.63722284197439,0.5820013898540654,0.2250761740023542,-0.10942295921909467,0.559575307223803,0.3064036099202987,0.04634412062817361,1002.0229560718585,1001.1665573349123,1001.6566596808744,-0.9312022237665046,-0.422638737540325,-0.06746360842180366,76.53479602329715,78.32758829217565,77.60570859532065,1.8624044475330093,1.1671212854425703,-0.445241588587578,6.308644269260086,6.558395286682671,6.903847625726588,0.3492008339124392,-0.42305563107471955,0.07760329203080296,2.612451981162592
2026-09-03 07:55:00,18.407449005999418,19.16487653753823,19.248641677529392,18.686639037995008,19.810644317063776,0.5828700486448923,0.2250761740023542,-0.10968126374309844,0.5598336117478069,-2.0419007247839858,-0.3088413139935149,1002.1559465011269,1000.9319797696508,1001.4216164672993,-0.9325920778318277,-0.422638737540325,-0.06699796010821046,82.18001824837071,83.57870413897493,80.73074826260677,1.8651841556636555,1.1671212854425703,1.6808345909255848,6.112312057888353,6.486142784864198,6.885034392593028,0.3497220291869354,-0.42305563107471955,0.02416402334588863,25.191633358066746
2026-09-03 08:00:00,19.264848751014544,19.921188315411477,19.5506524934695,18.988496074984734,20.112808911954264,0.5837387074357192,0.2250761740023542,-0.10993936910855967,0.560091717113268,0.9617047561226677,0.1454596479396244,1002.2638330308961,1001.3065377341197,1001.6239537176143,-0.9339819318971507,-0.422638737540325,0.10522275404571246,80.47634697785118,82.73370404337193,81.65310477846499,1.8679638637943015,1.1671212854425703,-0.0865220205356394,2.600566215714569,2.9629663228711034,3.540801163809293,0.3502432244614315,-0.42305563107471955,-0.1547792098634697,6.928931945024159
2026-09-03 08:05:00,19.418567077941233,19.658958939975687,19.47496256746296,18.91265241208284,20.03727272284308,0.5846073662265462,0.2250761740023542,-0.11019727577543625,0.5603496237801446,-0.2715986256858578,-0.04107980148962653,1002.1861480352569,1001.0774201130569,1001.54733658232,-0.935371785962474,-0.422638737540325,-0.04727773172282923,83.48240252746552,85.51099682922269,84.01822119172209,1.870743571924948,1.1671212854425703,0.32565435205802373,2.700895066365001,3.28001169781642,3.534496151271499,0.3507644197359277,-0.42305563107471955,0.16857117761964036,5.027210670915257
2026-09-03 08:10:00,19.169376627845743,19.68317193776054,19.455485621008354,18.89302177075341,20.017949471263297,0.5854760250173732,0.2250761740023542,-0.11045498420191835,0.5606073322066267,0.017256928173758013,0.0026101427498339547,1002.5277437314512,1001.5605912254856,1001.8799031853796,-0.9367616400277972,-0.422638737540325,0.10332677764631626,77.45468895440003,79.94705032654123,80.18999940131177,1.8735232800555943,1.1671212854425703,-1.410070360213112,6.041804194694887,6.35689689946636,6.653830894517716,0.3512856150104239,-0.42305563107471955,0.12612163602336324,13.677679421374409
2026-09-03 08:15:00,19.58642809307854,19.927772799154727,19.661960109116738,19.099342605973067,20.224577612260408,0.5863446838082002,0.2250761740023542,-0.1107124948444379,0.5608648428491463,0.26932899793350273,0.04073651603563633,1002.421054526188,1001.6299036675149,1002.0629819322439,-0.9381514940931203,-0.422638737540325,-0.010439527188736974,78.50072355699861,79.53627361223369,78.27965046185349,1.8763029881862405,1.1671212854425703,0.08950186493761692,2.8112334493975175,3.0580746549455364,3.7689411339571643,0.35180681028492006,-0.42305563107471955,-0.2878108479369086,12.048304077708696
2026-09-03 08:20:00,19.61835088368425,20.440870877040833,20.157021408123768,19.594250294043082,20.719792522204454,0.5872133425990271,0.2250761740023542,-0.11096980815767787,0.5611221561623863,0.3885789499225112,0.05877329491471173,1002.5463433926328,1001.6525746698557,1002.116107077181,-0.9395413481584435,-0.422638737540325,-0.04089366978507769,79.79533048018116,81.40214079019172,79.46364050041893,1.879082696316887,1.1671212854425703,0.771379004330214,4.325160185838047,4.623245957871295,4.836133199877089,0.3523280055594163,-0.42305563107471955,0.210168389068925,9.912055392061989
2026-09-03 08:25:00,20.928286369313838,21.39962394399117,21.086529124117273,20.523604441016936,21.64945380721761,0.5880820013898541,0.2250761740023542,-0.111226924594582,0.5613792725992903,0.5819342447279503,0.08801864587154284,1002.5151642384154,1001.7464466661513,1002.1791846932454,-0.9409312022237666,-0.422638737540325,-0.010099289553750168,74.13722310567638,75.8385074048342,75.66962387910705,1.8818624044475332,1.1671212854425703,-0.9982377597154226,7.08374375673998,7.222193722521594,7.589287559525117,0.35284920083391247,-0.42305563107471955,0.05596179407119717,6.398433657710202
2026-09-03 08:30:00,20.76613471450557,21.13793583252994,21.066246662607384,20.50316845237046,21.629324872844307,0.588950660180681,0.2250761740023542,-0.11148384460636379,0.5616361926110722,-1.0141163782561726,-0.15338700407979644,1002.3646409187387,1001.4735829505566,1001.976330386173,-0.9423210562890896,-0.422638737540325,-0.08010869807606014,73.42694171367819,75.67610135432724,74.2097095119605,1.8846421125781792,1.1671212854425703,0.2992705569241707,7.163596712402354,7.408993780440761,7.947425988592956,0.3533703961084086,-0.42305563107471955,-0.11537657707747595,5.563704243853699
2026-09-03 08:35:00,21.064576627982337,21.66035517997813,21.399869176898797,20.836637481374108,21.963100872423485,0.589819318971508,0.2250761740023542,-0.1117405686425158,0.5618929166472242,0.23411166958795704,0.035409829076979094,1002.805905480191,1001.6674456788862,1002.0387834009728,-0.9437109103544128,-0.422638737540325,0.051301015453759646,69.69616747304383,70.94901233598702,70.29553093714287,1.8874218207088256,1.1671212854425703,-0.5136398865984262,4.533750538642299,5.496989743947173,6.013371361703321,0.35389159138290477,-0.42305563107471955,-0.09332598668142822,3.0244533161888296
2026-09-03 08:40:00,21.008238820518333,21.470895906913746,21.314161814399565,20.750776675401724,21.877546953397406,0.590687977762335,0.2250761740023542,-0.11199709715081896,0.5621494451555273,-0.4518428701118502,-0.06834208148817211,1003.282817150287,1001.9595893348813,1002.3065687519498,-0.945100764419736,-0.422638737540325,0.07565932047180013,72.29765481446924,74.92037938671538,72.4283837429616,1.890201528839472,1.1671212854425703,1.324874358311206,7.372811115749233,7.453420274197874,7.701120137524332,0.35441278665740095,-0.42305563107471955,0.17535576774826112,14.53965494061466
2026-09-03 08:45:00,20.4310072399113,21.3193126585052,21.124996462253776,20.561457921563242,21.68853500294431,0.5915566365531619,0.2250761740023542,-0.11225343057735149,0.5624057785820599,-0.20336923208815705,-0.03075997775092887,1003.1256783993873,1002.2015090951542,1002.5943540284751,-0.9464906184850591,-0.422638737540325,0.029793804219366393,73.53731725592365,76.37943096530786,74.80267428586232,1.8929812369701182,1.1671212854425703,0.40963539400296156,8.007721624821157,8.279058706589261,8.749165397404672,0.3549339819318971,-0.42305563107471955,-0.047051059740692125,1.377191987707898
2026-09-03 08:50:00,20.835239031021015,21.280702146858165,21.04221436605776,20.47852246542088,21.60590626669464,0.5924252953439889,0.2250761740023542,-0.11250956936649809,0.5626619173712064,0.08867068102822628,0.013411606798051423,1003.0927597923269,1002.1127903498237,1002.605867932367,-0.9478804725503823,-0.422638737540325,-0.07043884500296826,69.13124106483245,70.23590413182474,70.55914685243681,1.8957609451007646,1.1671212854425703,-1.490364006054648,6.163167252534077,6.4023758307595635,6.951049034245592,0.35545517720639336,-0.42305563107471955,-0.12561757241130955,14.237718957396844
2026-09-03 08:55:00,21.402496423352016,21.715944725641904,21.40843526849971,20.84459004962877,21.972280487370647,0.5932939541348159,0.2250761740023542,-0.11276551396095885,0.5629178619656672,0.5450066845431891,0.08243328313984222,1003.1443743626671,1002.0485621751441,1002.5213308985321,-0.9492703266157054,-0.422638737540325,-0.05012998584777506,72.0496255068155,73.55546784413205,71.52487815283679,1.8985406532314109,1.1671212854425703,0.8634684058526858,3.067089162904546,3.348914051712116,3.8203027376660996,0.35597637248088954,-0.42305563107471955,-0.0483330548792642,5.1635817813878475
2026-09-03 09:00:00,20.878794633556133,21.042374543330272,20.949484717858137,20.385486222431407,21.513483213284868,0.5941626129256428,0.2250761740023542,-0.11302126480175828,0.5631736128064666,-0.873948492772147,-0.13218634853021882,1003.2757345362912,1002.0699802681626,1002.4924364589875,-0.9506601806810284,-0.422638737540325,0.00018254671533668443,74.64593377191702,76.1217089266454,74.29069938522862,1.9013203613620568,1.1671212854425703,0.6638882559742001,3.434560205861805,3.6916859809536726,3.960033246800807,0.35649756775538566,-0.42305563107471955,0.15470836522758535,7.528445089249051
2026-09-03 09:05:00,21.812863835754182,22.401737806987967,21.94186185078906,21.377710120450832,22.506013581127288,0.5950312717164697,0.2250761740023542,-0.11327682232825403,0.5634291703329624,1.5523760058096627,0.2347997821965535,1003.443285996881,1002.3810244801138,1002.7273234427081,-0.9520500347463516,-0.422638737540325,0.07633977494595001,68.33381257119859,72.34382160443329,72.17912951276332,1.9041000694927033,1.1671212854425703,-1.0024291937726133,3.7605098623332114,4.201300655729393,4.616349432975208,0.35701876302988184,-0.42305563107471955,0.008006853828904426,11.654376786036458
2026-09-03 09:10:00,21.59059287566098,22.074106783396694,21.977236012408632,21.412931088769277,22.541540936047987,0.5958999305072967,0.2250761740023542,-0.11353218697814577,0.5636845349828541,-0.8476285181897794,-0.12820540301429162,1003.2731457719825,1002.2905321604411,1002.7502428616025,-0.9534398888116749,-0.422638737540325,-0.03707196362108789,70.71374326938505,72.27670296284208,71.12088164110828,1.9068797776233497,1.1671212854425703,-0.011299963708779615,2.1715278358046435,2.016015263691483,2.563963758950068,0.357539958304378,-0.42305563107471955,-0.12489286418386492,4.118210274220607
2026-09-03 09:15:00,21.694813967168823,22.0058016351646,21.83541936325933,21.270961287895343,22.399877438623317,0.5967685892981237,0.2250761740023542,-0.113787359187484,0.5639397071921923,-0.36160809215972023,-0.054693902097081804,1003.7065610569872,1002.8516129876662,1003.1709746393443,-0.954829742876998,-0.422638737540325,0.10327708586214612,71.16100592192994,74.41276576140883,72.62864669356671,1.909659485753996,1.1671212854425703,0.6169977823995509,3.506078967885964,4.175291563224439,4.407251033789823,0.3580611535788742,-0.42305563107471955,0.19109616050933553,8.672031508476197
2026-09-03 09:20:00,22.286027576951728,23.121510117291837,22.72287396798035,22.15826278243439,23.287485153526312,0.5976372480889507,0.2250761740023542,-0.11404233939067865,0.564194687395387,1.1474897409115634,0.17355997530913214,1003.7358604790486,1002.8079355443415,1003.286159612089,-0.9562195969423212,-0.422638737540325,-0.05558533020723644,66.9639722688437,67.86310586664305,68.01212026906948,1.9124391938846423,1.1671212854425703,-1.3161356878690071,3.0317195474297867,3.5800767361758163,4.120066813638784,0.3585823488533704,-0.42305563107471955,-0.11693444638824868,14.383374628378249
2026-09-03 09:25:00,22.3350541965502,23.067009132915825,22.931592144750155,22.36682789053109,23.49635639896922,0.5985059068797777,0.2250761740023542,-0.11429712802050762,0.564449476025216,-0.5927806554640895,-0.08965918583668397,1003.8253173754025,1003.1089180114708,1003.5160308398542,-0.9576094510076443,-0.422638737540325,0.015525909156849593,67.97149129214331,69.09498942122711,67.32696264390108,1.9152189020152885,1.1671212854425703,0.6009054918834522,4.908603631403403,4.894845699712329,5.241538026836485,0.3591035441278666,-0.42305563107471955,0.07636330395056312,3.5648378656251603
2026-09-03 09:30:00,22.167394224983155,22.761125214866315,22.641166379027833,22.076249097610795,23.20608366044487,0.5993745656706045,0.2250761740023542,-0.11455172550812559,0.5647040735128339,-0.6949820482523954,-0.10511733816387192,1003.8721939998451,1002.7578540863652,1003.3035016709741,-0.9589993050729673,-0.422638737540325,-0.12300884706860415,68.00530880381774,69.3740237884851,67.77400795043921,1.9179986101459345,1.1671212854425703,0.4328945526033152,9.805850373865285,9.484751931381927,9.759927042513775,0.3596247394023627,-0.42305563107471955,0.14788051994287166,6.938593041361117
2026-09-03 09:35:00,22.928594176015736,23.801702649311338,23.407296383672588,22.842226116499013,23.972366650846162,0.6002432244614315,0.2250761740023542,-0.11480613228307252,0.564958480287781,1.1195239146254643,0.16933009163639667,1003.897897212078,1003.0696668867482,1003.4325597002014,-0.9603891591382905,-0.422638737540325,0.059745924087110325,66.57287601942095,67.8171028885403,66.86326273543283,1.920778318276581,1.1671212854425703,-0.21328113233509782,2.1213880028863725,2.188412293720811,3.136813700055912,0.3601459346768589,-0.42305563107471955,-0.5253457752603818,43.04448014883813
2026-09-03 09:40:00,22.184092127274415,22.917711217206396,22.890692772356033,22.325469560833703,23.455915983878363,0.6011118832522585,0.2250761740023542,-0.11506034877328153,0.5652126967779899,-1.309456353086901,-0.1980577291519907,1004.084018106176,1003.1293339044418,1003.539429182627,-0.9617790132036137,-0.422638737540325,0.01254345935501533,68.00214333716703,69.71138237624744,68.08545799256443,1.9235580264072274,1.1671212854425703,0.45880309824043763,7.257154426727346,7.545021618250564,7.415509949743497,0.3606671299513551,-0.42305563107471955,0.5525672995817859,48.81537526698432
2026-09-03 09:45:00,23.013045166995855,23.450454528735257,23.126930562513092,22.56155444801619,23.692306677009995,0.6019805420430855,0.2250761740023542,-0.11531437540508832,0.5654667234097968,0.6508864234764786,0.0984477922198117,1004.1595018611315,1003.3005333624803,1003.702840421764,-0.9631688672689368,-0.422638737540325,0.020331678256638952,64.40830411858647,65.76761929094714,65.41852517071833,1.9263377345378736,1.1671212854425703,-0.8180271652137634,6.979050633063462,8.114326527896546,8.729131694149766,0.36118832522585126,-0.42305563107471955,-0.19174953517850035,9.756307938033848
2026-09-03 09:50:00,23.1524885392367,23.54749370727246,23.31351445261098,22.747985476480125,23.879043428741838,0.6028492008339125,0.2250761740023542,-0.11556821260323863,0.565720560607947,0.05886261334537579,0.00890308065912393,1004.1046770262461,1003.074641075422,1003.5750415017308,-0.96455872133426,-0.422638737540325,-0.07776168876841894,62.27372056933778,63.54736473781864,62.627203630995844,1.92911744266852,1.1671212854425703,-0.24696017861977282,2.0672190799113257,2.5919056899039554,3.3042388328857717,0.3617095205003475,-0.42305563107471955,-0.28927751190709694,12.93593556367923
2026-09-03 09:55:00,22.938356399079744,23.705670567595256,23.482181850737962,22.916500054280256,24.04786364719567,0.6037178596247395,0.2250761740023542,-0.11582186079089679,0.5659742087956052,-0.010495454293810269,-0.001587457145060256,1004.1581164443604,1003.3529199250444,1003.7210536675167,-0.9659485753995831,-0.422638737540325,0.05450499506798678,64.7301710189828,67.58884576696063,65.19286582067103,1.9318971507991662,1.1671212854425703,1.228858660847024,10.489825541384358,10.309779362404765,10.141828254315683,0.36223071577484367,-0.4230556310747195,0.5910067391638005,57.93020751354396
2026-09-03 10:00:00,23.337831962964234,24.02169187267327,23.774811198537453,23.208976623026537,24.34064577404837,0.6045865184155663,0.2250761740023542,-0.11607532038965424,0.5662276683943626,0.14416019686733605,0.021804500133463023,1004.3450383607944,1003.4219836450814,1003.8362399121576,-0.9673384294649061,-0.422638737540325,0.00838247046408469,61.05672798741203,63.970439744352376,63.505165449791626,1.9346768589298122,1.1671212854425703,-0.701846990881819,6.050524034110107,6.206379293689163,7.139981375369752,0.3627519110493398,-0.4230556310747195,-0.5105464506058697,39.78176126225435
2026-09-03 10:05:00,22.850341824302856,23.489746555103384,23.382753853958402,22.816766540634493,23.94874116728231,0.6054551772063933,0.2250761740023542,-0.11632859181953731,0.5664809398242456,-0.7807074956867304,-0.11808347285737142,1004.6468572167853,1003.5762121855174,1003.9861493367572,-0.9687282835302293,-0.422638737540325,0.01270158630052265,65.25167129002865,67.94856505578937,65.96534289821415,1.9374565670604587,1.1671212854425703,0.816100872132651,4.465628082407899,4.8129374578498405,5.138497478462788,0.36327310632383597,-0.4230556310747195,0.09749561046177213,6.271817148352335
2026-09-03 10:10:00,23.86194006776025,24.29896434318369,23.928125215838644,23.361985205908578,24.49426522576871,0.6063238359972203,0.2250761740023542,-0.11658167549901549,0.5667340235037239,0.9637100562373249,0.14576295334269318,1004.3124370898497,1003.3405153479172,1003.8436761907577,-0.9701181375955525,-0.422638737540325,-0.08052210530024695,60.315217938777174,62.67465337843574,62.679481642417635,1.940236275191105,1.1671212854425703,-1.1719495494244612,7.942370943770492,8.382270311658253,8.566475609007362,0.36379430159833215,-0.4230556310747195,0.23885033372561004,18.16830591388107
2026-09-03 10:15:00,23.557973633947626,24.286755642136825,24.10165961850904,23.535366953146315,24.667952283871763,0.6071924947880473,0.2250761740023542,-0.11683457184500962,0.5669869198497179,-0.2643282952374477,-0.03998015037456781,1004.3609439342039,1003.3535025637024,1003.7791526667816,-0.9715079916608756,-0.422638737540325,-0.003011365538895916,61.2749400648864,63.292150500831795,61.84377843399868,1.9430159833217513,1.1671212854425703,0.28125078139054693,3.666872604534074,3.6367634433137757,4.430488620160832,0.3643154968728283,-0.42305563107471944,-0.3706695457723366,20.18112680665403
2026-09-03 10:20:00,23.56044442024303,24.017405797195114,23.87148244015989,23.305037160504728,24.437927719815054,0.6080611535788742,0.2250761740023542,-0.11708728127289958,0.567239629277608,-0.5233179209219188,-0.07915281696713095,1004.6874454606948,1003.7879243675643,1004.1000581478339,-0.9728978457261989,-0.422638737540325,0.11050495727067755,64.90634929005562,66.45452042897529,64.3945833389606,1.9457956914523977,1.1671212854425703,0.8928158045721091,7.353262291150987,7.6776019149051935,7.722859192388685,0.36483669214732456,-0.4230556310747194,0.3777983535912277,26.48579300729661
2026-09-03 10:25:00,24.324662060997223,24.91319454244819,24.541899685780596,23.975301832939962,25.10849753862123,0.6089298123697012,0.2250761740023542,-0.11733980419653273,0.567492152201241,0.9667231053076719,0.14621868266523919,1004.7508331983655,1003.5995789861679,1004.0844612403404,-0.974287699791522,-0.422638737540325,-0.06224351663217931,60.73534460604483,61.9213940018238,61.76839043040016,1.948575399583044,1.1671212854425703,-1.01411771401893,1.3690093553642877,1.5190755015029462,2.3761143881915743,0.36535788742182074,-0.4230556310747194,-0.4339832556139087,34.8521079358245
2026-09-03 10:30:00,23.75670396492756,24.655891265365483,24.52664100446567,23.959890619513338,25.093391389418002,0.6097984711605281,0.2250761740023542,-0.11759214102823129,0.5677444890329397,-0.6335519004470704,-0.09582591310254074,1004.8484039467265,1003.8683236375524,1004.256463910137,-0.975677553856845,-0.422638737540325,0.034498464955731833,63.865276954668,66.10702862512784,64.02825097766613,1.95135510771369,1.1671212854425703,0.91165636201913,9.249189838551906,9.28394135246753,9.109689854318596,0.36587908269631686,-0.4230556310747194,0.5973071292236529,56.282027216033185
2026-09-03 10:35:00,23.606232114639504,24.08473239742883,23.97289647724267,23.405993601219258,24.539799353266083,0.6106671299513551,0.2250761740023542,-0.11784429217880066,0.567996640183509,-0.7486866098065619,-0.11324025381619407,1004.9368590527974,1004.0190877327727,1004.4302599396382,-0.9770674079221682,-0.422638737540325,0.011466530674852038,59.98540914050211,61.000639642309004,60.894885032507254,1.9541348158443363,1.1671212854425703,-1.0613666756408193,5.302529374513944,5.7468083464944435,6.651384297816202,0.36640027797081304,-0.4230556310747194,-0.4815203202470393,40.24353096863297
2026-09-03 10:40:00,23.67586716958136,23.972805106908968,23.71536164520172,23.148306319114738,24.282416971288704,0.6115357887421821,0.2250761740023542,-0.11809625805753693,0.5682486060622454,0.213995942995183,0.0323672877048935,1004.9432396761198,1003.9697359102113,1004.4370356946324,-0.9784572619874914,-0.422638737540325,-0.044661046880833055,63.207263620013464,64.36904140064814,62.36988609831884,1.9569145239749828,1.1671212854425703,0.8320340168867375,6.957235354231016,7.556319979509172,7.766929099573326,0.3669214732453092,-0.4230556310747194,0.21244651101056533,10.330537265686049
2026-09-03 10:45:00,24.66748806132027,25.069383070479258,24.6296456057253,24.062437870549186,25.196853340901416,0.612404447533009,0.2250761740023542,-0.11834803907223462,0.568500387076943,1.419230605844298,0.21466129075160367,1005.2751770772632,1004.4973711478686,1004.8241843898351,-0.9798471160528145,-0.422638737540325,0.09582549557387665,56.36413848530481,59.24616332237428,59.023382939825815,1.959694232105629,1.1671212854425703,-0.9443409028941048,3.475624907052215,4.095379958660506,4.730149569909914,0.3674426685198054,-0.4230556310747194,-0.21171398017468857,16.87611223865935
2026-09-03 10:50:00,24.0370778003428,24.84921067200416,24.730402877890302,24.16304277456648,25.297762981214124,0.613273106323836,0.2250761740023542,-0.11859963562919457,0.568751983633903,-0.7025921471131298,-0.10626837988849758,1004.8849994814094,1004.0198659274018,1004.5913773279254,-0.9812369701181377,-0.422638737540325,-0.14887266298330815,59.35782998622301,62.84082315983695,60.70839706821706,1.9624739402362754,1.1671212854425703,0.965304806177322,7.427625379577978,7.967905148712442,8.077102679890578,0.3679638637943016,-0.4230556310747194,0.3138580998965841,22.50866012860131
2026-09-03 10:55:00,25.372871266807216,26.037959259397923,25.680659252882457,25.113146822319376,26.248171683445538,0.614141765114663,0.2250761740023542,-0.11885104813323161,0.5690033961379399,0.8741963176853709,0.13222383251311243,1005.0726978159073,1004.0889488722127,1004.5139096610441,-0.9826268241834608,-0.422638737540325,-0.0023220512911166225,54.83155200101926,57.11144175991937,56.993159339343876,1.9652536483669216,1.1671212854425703,-1.0488388648670721,8.54026828897511,8.759542488101829,9.311151997640938,0.3684850590687978,-0.4230556310747194,-0.12855387846438937,9.861056630781354
2026-09-03 11:00:00,23.95736406898047,24.54659901714821,24.65058693705265,24.082922220125823,25.21825165397948,0.6150104239054899,0.22507617400235416,-0.11910227698768175,0.5692546249923901,-2.175603396969006,-0.32906409390679414,1005.2516645807713,1004.3001512671472,1004.6591289797427,-0.9840166782487838,-0.422638737540325,0.0636610249447358,63.10268482601344,65.95588390434672,62.77275111412633,1.9680333564975676,1.1671212854425703,2.016011504777822,5.648736827750579,6.232108010532924,6.8131158333352095,0.3690062543432939,-0.4230556310747194,-0.15795219172756614,36.35166903245845
2026-09-03 11:05:00,25.58531964519181,26.09937996682581,25.583774819925758,25.015957857477808,26.151591782373707,0.6158790826963169,0.22507617400235416,-0.11935332259441025,0.5695056705991186,1.920828896431317,0.2905289728977003,1005.0891450502478,1004.148088350656,1004.6074614585048,-0.985406532314107,-0.422638737540325,-0.03673437030840887,54.93524017235926,56.709374583032286,57.64347001648192,1.970813064628214,1.1671212854425703,-2.1012167188922035,6.951828210708431,7.414071991757507,7.667568324829029,0.3695274496177901,-0.4230556310747194,0.1695592980031977,35.86982733837398
2026-09-03 11:10:00,25.105106497381072,25.818926220378856,25.689009220786357,25.121040053627066,26.256978387945647,0.6167477414871438,0.22507617400235416,-0.11960418535381886,0.5697565333585272,-0.6291437654011709,-0.09515917440985433,1005.3759567162713,1004.4496552705169,1004.8103402858993,-0.9867963863794302,-0.422638737540325,0.0619537221579094,57.52019304244121,58.42364646632992,56.78240194219858,1.9735927727588605,1.1671212854425703,0.4741232386887688,5.559755769098847,5.969986978876737,6.502705470788273,0.3700486448922863,-0.4230556310747194,-0.10966286083681709,4.256772416945153
2026-09-03 11:15:00,25.093281249248363,25.541076679328288,25.402899093046067,24.83477776195242,25.971020424139713,0.6176164002779708,0.22507617400235416,-0.11985486566485318,0.5700072136695615,-0.574528993398097,-0.08689858772013181,1005.7164624596132,1004.4544275198188,1004.8923571237547,-0.9881862404447533,-0.422638737540325,-0.015290866395616831,58.30025314382395,60.766362919608326,58.78227145985913,1.9763724808895067,1.1671212854425703,0.8169701743066256,10.719567524998778,10.906629428655021,11.056616114304038,0.37056984016678246,-0.4230556310747194,0.2730689454257025,14.894347196419819
2026-09-03 11:20:00,25.022515169378213,25.702133342175532,25.435865123618676,24.8675916693349,26.004138577902452,0.6184850590687978,0.22507617400235416,-0.12010536392501034,0.5702577119297186,0.2723407193926697,0.04119204455450287,1005.5334360764659,1004.4986310375905,1004.9369459154808,-0.9895760945100766,-0.422638737540325,-0.01567614035002407,60.201686547356886,62.636270194993095,61.160987499431016,1.979152189020153,1.1671212854425703,0.30816141011951004,5.963773764749393,6.185801961988214,7.029577145394045,0.3710910354412787,-0.4230556310747194,-0.4207195523311116,25.951092590174373
2026-09-03 11:25:00,25.505849000421996,25.978951804519028,25.704457976102002,25.13603243933961,26.272883512864396,0.6193537178596248,0.22507617400235416,-0.12035568053034609,0.5705080285350544,0.3267242424974377,0.04941765441467183,1005.6260860854197,1004.4124542766153,1004.871801147749,-0.9909659485753997,-0.422638737540325,-0.03670813359337899,54.35029970140712,56.38956644166211,56.775165792278216,1.9819318971507993,1.1671212854425703,-1.5527206360586732,9.798415052761083,10.192193364314223,10.24108052124841,0.37161223071577487,-0.4230556310747194,0.3741684741405322,32.77418912073076
2026-09-03 11:30:00,25.433995362492738,25.874685862088178,25.69096775460837,25.122390176046203,26.259545333170536,0.6202223766504517,0.22507617400235416,-0.12060581587548216,0.5707581638801905,-0.2734383716869573,-0.04135806652254459,1005.461717404397,1004.6611037438751,1005.0306235094512,-0.9923558026407227,-0.422638737540325,0.05311897196418158,57.60444164020769,59.39525287900505,57.423504366530445,1.9847116052814453,1.1671212854425703,0.8046272270320358,9.211098000083668,10.315193766169589,10.89335276343455,0.372133425990271,-0.4230556310747194,-0.15510336619024123,7.254996408523137
2026-09-03 11:35:00,25.99031652991688,26.483910078393155,26.177232214216748,25.60850263450103,26.745961793932466,0.6210910354412786,0.22507617400235416,-0.12085577035361386,0.5710081183583222,0.5395086174043939,0.08160169017405394,1005.6156031854409,1004.6127301007344,1005.0568551511772,-0.9937456567060459,-0.422638737540325,-0.021486312902425198,56.46925725284716,59.22651702912413,57.889983594765326,1.9874913134120917,1.1671212854425703,0.16941214891623702,5.28812606926464,5.751153434556825,6.394479800810881,0.37265462126476717,-0.4230556310747194,-0.22027073517933715,7.8263689801075245
2026-09-03 11:40:00,25.691675555089518,26.238553760024832,26.09930564696199,25.530424106706363,26.66818718721762,0.6219596942321056,0.22507617400235416,-0.12110554435651663,0.5712578923612249,-0.56745121814523,-0.08582806093951234,1005.7071223018489,1004.6829856486256,1005.1058578843164,-0.9951355107713691,-0.422638737540325,-0.0002334981504645839,55.11624731317278,56.31793190797354,55.738448340013456,1.9902710215427382,1.1671212854425703,-0.5876377174824867,3.733915611106332,3.923734876970509,4.2181068279167535,0.37317581653926335,-0.4230556310747194,0.12868368012847498,4.916583937038305
2026-09-03 11:45:00,25.80008790064494,26.41315028648113,26.175996536590326,25.606963076375887,26.745029996804764,0.6228283530229326,0.22507617400235416,-0.12135513827455383,0.5715074862792622,0.07985075131747976,0.012077575888451264,1005.7690971557788,1004.9070913907472,1005.2905614674808,-0.9965253648366922,-0.422638737540325,0.03916866080669479,55.41366901861544,56.7876952851763,55.35032001833451,1.9930507296733844,1.1671212854425703,0.27025398139922174,5.290336946044012,5.414317124366939,5.683568010158934,0.3736970118137595,-0.4230556310747194,0.1538047452827236,3.9371138524964877
2026-09-03 11:50:00,25.68545227066022,26.356240441496205,26.14769648801409,25.578511148389453,26.71688182763873,0.6236970118137596,0.22507617400235416,-0.12160455249668353,0.5717569005013918,-0.10930258204792764,-0.01653222052024006,1006.060345438952,1005.1257789396675,1005.5223665980886,-0.9979152189020154,-0.422638737540325,0.026051079119156384,56.23543999492981,57.4247852273255,55.94785139978119,1.9958304378040308,1.1671212854425703,0.3098125421017386,9.730221655357555,9.956909878648949,10.253327075647185,0.37421820708825576,-0.4230556310747194,0.126638434076483,2.886092573317831
2026-09-03 11:55:00,25.89595090411178,25.782843516430674,25.64524493272711,25.075907754208426,26.214582111245793,0.6245656706045866,0.22507617400235416,-0.12185378741046557,0.5720061354151739,-0.5783570621552485,-0.08747759029878921,1006.0010765585092,1004.832476308385,1005.3606490423294,-0.9993050729673385,-0.422638737540325,-0.10553399640411953,54.340326217124016,56.406914733167355,55.42769707739709,1.998610145934677,1.1671212854425703,-0.18790362967230578,3.7511261753958984,4.77905361202337,5.635785463435161,0.37473940236275194,-0.4230556310747194,-0.4336762203370714,29.067966843607227
2026-09-03 12:00:00,26.12654020128686,26.590444419132922,26.12847580677153,26.03189538893876,26.225056224604298,0.6254343293954134,0.2493686415929954,-0.028165604624752233,0.526902887810743,1.1340615261367333,0.2125999707683981,1005.7979999322209,1004.7866692008091,1005.7692701939576,-1.0006949270326615,-0.6023875474178723,-0.3802134457306465,53.05615442683755,54.187229871215465,53.057041191465615,2.001389854065323,1.2519295012771652,-0.12174082152731813,6.384234855576771,6.639718459430231,6.388300958870277,0.37526059763724806,-0.3041467827733782,0.5555642833333323,24.73430260793335
2026-09-03 12:05:00,25.400858667237614,25.948847659952644,25.944635848036324,25.499362752184236,26.38990894388841,0.6263029881862404,0.1615906167891068,-0.08728412838754232,0.4104653619657559,-0.7703311799318193,-0.15737880487278488,1006.046958218468,1004.994598391386,1005.7417873673511,-1.0020847810979847,-0.6448823201226831,-0.10230665584242615,54.394942332698946,55.85171815048272,53.267708108969956,2.0041695621959694,1.5741843394611637,1.0098257020516002,9.514652763573237,10.162495716868067,10.256873119384618,0.37578179291174424,-0.22207929687343728,0.1277018943568855,8.12044979338848
2026-09-03 12:10:00,25.623933989825574,26.552118044524306,26.29088333735272,25.770549519766856,26.811217154938586,0.6271716469770674,0.1540186642141858,-0.09483836564651912,0.40287569407489077,0.7066728142605463,0.1072160429574005,1006.1279485831442,1004.8627940146899,1005.5535964193582,-1.003474635163308,-0.6475114073242092,-0.04329099734400188,57.393543233534494,58.83588805407935,56.57452739714468,2.006949270326616,1.5831564940598333,0.6782041628748345,4.921027940524707,5.18455245506954,5.676782747069943,0.3763029881862404,-0.07291465415218001,-0.41931563784822234,28.03700528001193
2026-09-03 12:15:00,26.535532532177648,26.947572316269113,26.757448331584204,26.232664664860266,27.28223199830814,0.6280403057678944,0.14781773654538727,-0.09979495464452234,0.3954304277352969,0.27600537668157443,0.04230624813952133,1006.2654445693114,1005.1570386450971,1005.7230966534788,-1.0048644892286311,-0.6559114967965249,0.0898534884148603,51.95762051444278,53.75886282703287,53.43539989120862,2.0097289784572623,1.7070472749422323,-1.3835843391179807,7.576313964348848,8.031493510193473,7.774737252403146,0.3768241834607366,-0.08306074934234237,0.3398170071326687,27.208154352014386
2026-09-03 12:20:00,26.378291007998744,27.039759296177447,26.932441379219473,26.413582404230414,27.45130035420853,0.6289089645587214,0.1502569955881161,-0.09746763588039911,0.3979816270566313,-0.28333429673375576,-0.042939078630141125,1006.3706937372126,1005.3369083456163,1005.9495658125992,-1.0062543432939541,-0.6596471003136911,0.046989633330781544,54.06051306224265,54.88312219170737,52.94812006261385,2.0125086865879083,1.6931154947047506,0.24188663438877,3.9786376394736656,4.593506600411515,4.940933831818024,0.37734537873523283,-0.08732514187649892,-0.2601020895300099,10.389807115369042
2026-09-03 12:25:00,26.304732860284343,27.233516545581057,27.093787151132876,26.578449984714837,27.609124317550915,0.6297776233495483,0.15029310703430213,-0.0977793433878496,0.39836555745645386,-0.06984136668828711,-0.010563712586119323,1006.0185362123614,1004.9936493752783,1005.754792462683,-1.0076441973592773,-0.6560420931658738,-0.10510099423879637,52.81173118297929,54.89678357132765,53.0085625588405,2.0152883947185547,1.6897221845025259,0.19849882798462204,2.5560286355080555,2.7623243545748073,2.791702295025231,0.377866574009729,-0.08725812263339289,0.05788018218296953,1.9215053109576812
2026-09-03 12:30:00,26.450710413616587,26.818762989767507,26.759465667345943,26.244701515699468,27.274229818992417,0.6306462821403752,0.1496559063642552,-0.09876109516854462,0.39807290789705496,-0.5973866936694066,-0.0903585839426917,1006.0843747405909,1004.8530059756147,1005.5468617086626,-1.0090340514246003,-0.6558188819063008,-0.038036851141669104,50.79673297928805,53.812644002668996,52.264201995600644,2.0180681028492007,1.6895826996677181,-0.14114069259936457,9.473479771924994,9.659534044963388,9.353892435936284,0.37838776928422513,-0.08754467950374013,0.3931862885308437,23.185953761179253
2026-09-03 12:35:00,26.643976965454357,27.35428695155844,27.100075356987368,26.584908780278536,27.6152419336962,0.6315149409312022,0.1500444119513794,-0.09871927810436676,0.3988081020071256,0.6886942940558001,0.10416718261969038,1006.0506073046785,1005.2129332366457,1005.7589167369555,-1.0104239054899236,-0.6554218327849166,0.10943833247506518,53.091344206125136,55.22058511495839,53.168317806335054,2.020847810979847,1.6910004873842823,0.36126682123905596,2.4374543142195204,3.314024187114841,3.9877448435258707,0.3789089645587213,-0.08751886495897608,-0.5862017914520536,52.18499663873069
2026-09-03 12:40:00,26.3472138351269,26.819143068062026,26.76998331033332,26.25443048439434,27.2855361362723,0.6323835997220292,0.1499806547732946,-0.09913022609576772,0.39909153564235694,-0.6665760164694241,-0.10082089704458852,1006.2354456746891,1005.2083164563002,1005.8609309310569,-1.0118137595552468,-0.6554111015076896,0.0027966267508645615,52.1338999957109,55.39058443066244,53.69525590016799,2.0236275191104935,1.6910098729779932,0.004318657516456881,4.257955357903141,4.932763386205098,4.6832670291758935,0.3794301598332175,-0.0875079705659375,0.33700432759514154,17.28142441228515
2026-09-03 12:45:00,26.306506090245215,26.83883160030022,26.66662170332148,26.1508372790013,27.182406127641656,0.6332522585128562,0.14997451691026834,-0.09948309512066375,0.3994321289412004,0.1470089477075902,0.02223538006847292,1006.3699017370162,1005.3623310848947,1006.0047402042821,-1.01320361362057,-0.655387063003588,0.012977943616078846,52.53327252787845,55.62687830382113,53.990696652003535,2.02640722724114,1.690979940678099,-0.05479828886050342,10.53982973985658,11.156982790571513,11.020172292289818,0.37995135510771366,-0.08750760435542826,0.22431810263712393,7.266289737134927
2026-09-03 12:50:00,26.747385771454724,27.220884521967744,26.990740863244977,26.47479273169429,27.506688994795663,0.6341209173036831,0.14995676369117988,-0.09984710021026488,0.39976062759262465,0.5301547001499678,0.08018689503158782,1006.4755768251741,1005.5210796032392,1006.1670111228915,-1.014593467685893,-0.6553830350608821,0.009451515408613886,52.075879798348815,54.72725477151888,53.29116981600315,2.029186935371786,1.6910038211361405,-0.2549188656204109,4.955536527117631,5.572191965436716,6.193778931363758,0.3804725503822099,-0.08750684010193083,-0.5340801258251116,41.72420040145432
2026-09-03 12:55:00,26.325401941430275,26.81402005584161,26.750217720117167,26.23411350599823,27.266321934236103,0.6349895760945101,0.14996185618900634,-0.10018778361330219,0.4001114959913149,-0.5696426576998093,-0.08615952046456243,1006.3417806929193,1005.2075859330826,1005.9652328610698,-1.0159833217512162,-0.6553708237982097,-0.10227610418905897,53.260864897562236,55.35258021517418,53.50783789268556,2.0319666435024324,1.6909787944772028,0.15376352801141735,14.470216938935272,14.989083331085297,14.424411014908978,0.3809937456567061,-0.08750687818301389,0.6521791943593325,62.76253843185811
2026-09-03 13:00:00,26.92421523392295,28.104455898389585,27.74915092419863,27.232883878539965,28.265417969857296,0.635858234885337,0.14996320355602388,-0.1005317350987544,0.40045814221080217,1.3576147078746708,0.20534177063493075,1006.3291035748523,1005.3801837950057,1005.9997034130618,-1.0173731758165392,-0.655377226232011,0.035857608175888345,51.120912724967646,53.17365938719708,51.88606328799749,2.0347463516330784,1.6910110173215633,-0.4034149181219746,15.05597684842845,16.04282453331217,16.47924194950832,0.3815149409312022,-0.08750690023945909,-0.34891051595669254,22.810448777106934
2026-09-03 13:05:00,26.12048120257628,26.92609927066678,27.042974232007115,26.526540165944372,27.559408298069858,0.636726893676164,0.14996002050363888,-0.10087974166833713,0.4007997826756149,-1.7641763523559426,-0.26683498184397436,1006.4220088931849,1005.3481846664002,1006.0016007616999,-1.0187630298818624,-0.6553774170176767,0.0019613217179994535,53.870896036200385,56.51946191385472,54.02644094954872,2.037526059763725,1.69099780626838,0.8020231580376205,4.2681746069885955,4.6633832337574415,5.320860562124247,0.3820361362056984,-0.08750690136691298,-0.5699704269998929,57.191836901500366
2026-09-03 13:10:00,27.250194328650565,28.108137453474797,27.75377644715561,27.237174511042802,28.270378383268415,0.637595552466991,0.14996092839246836,-0.10122318393507715,0.4011450407200139,1.3513887175996189,0.20440007792672077,1006.2944456189589,1005.1398049039146,1005.8414269022572,-1.0201528839471856,-0.6553761437226644,-0.046245854619883175,50.19711076848904,51.92408004878019,51.21650662999967,2.0403057678943712,1.6909922844219898,-0.9834188656414682,1.5643827915433683,2.120118833183839,1.800072192401874,0.38255733148019455,-0.08750690250280828,0.4075535432847732,33.32792152822375
2026-09-03 13:15:00,27.06098665206963,27.797849560694747,27.740132743314494,27.22336322110267,28.256902265526318,0.6384642112578179,0.1499609081780198,-0.10156708288018282,0.40148889923622244,-0.6098707242935362,-0.09224409079776663,1006.7519809861853,1005.8164553721762,1006.3058753055097,-1.0215427380125088,-0.6553756972450417,0.1659557639114837,50.84222663391131,51.37929550876236,49.64889492283111,2.0430854760250177,1.6909925441174607,0.0394080418137861,8.461683222883092,8.409487871059579,8.088875312323651,0.38307852675469073,-0.08750690252774161,0.40811946126366827,27.743638936888395
2026-09-03 13:20:00,27.004156298022696,27.32223781039095,27.270219755398877,26.753282942482844,27.78715656831491,0.6393328700486449,0.14996096420041524,-0.10191043609299519,0.40183236449382564,-0.6475483953682648,-0.09794290920834214,1006.2146528614367,1005.415471348179,1006.1869007748377,-1.0229325920778318,-0.6553766309335193,-0.11605279572506788,50.24404868098476,52.6835171084228,50.417582159375954,2.0458651841556637,1.690994199626926,0.5749407494199161,5.9366848812905815,6.072796397342396,6.559738131041048,0.38359972202918696,-0.08750690257672908,-0.3994348311219227,26.979824844281076
2026-09-03 13:25:00,27.320983479634673,28.040176602538807,27.740354379946684,27.223250405550594,28.257458354342774,0.6402015288394719,0.149960920184107,-0.10225342176686186,0.4021752621350759,0.9908062430093594,0.14986130240801643,1006.4992445465468,1005.5836465064266,1006.2292104723218,-1.024322446143155,-0.6553765820040925,0.009812616108888506,49.63114154585277,50.774931534191104,49.370266646019964,2.04864489228631,1.6909940698593773,-0.28632918168823807,2.50092705660241,2.524802273955581,2.679581656625202,0.38412091730368314,-0.08750690257683345,-0.0672724800927873,3.4535065660618147
2026-09-03 13:30:00,27.616612039095788,28.472268149627556,28.28245932615937,27.765188242067204,28.799730410251534,0.6410701876302988,0.1499609182998747,-0.10259589963573398,0.40251773623548337,0.26345395760752766,0.039847905168311826,1006.7893496603444,1005.902083994907,1006.4909038238749,-1.025712300208478,-0.6553764715342227,0.06655664256629734,50.087876281015056,51.36958789887971,49.475934840500805,2.051424600416956,1.6909940116635092,0.20265904671538948,8.516652590477175,9.2835137781102,8.90145015282901,0.38464211257817926,-0.08750690257936265,0.46957052786055087,32.33459316690217
2026-09-03 13:35:00,27.37502629960277,27.846285251216074,27.860874311091358,27.343436158901756,28.37831246328096,0.6419388464211258,0.1499609145343217,-0.10293791560484716,0.40285974467349056,-1.0879202256509437,-0.1645499744096064,1006.4997152114092,1005.394518466151,1006.191139227651,-1.0271021542738012,-0.655376476432574,-0.14124428506738695,50.35486260551216,52.4092460724564,50.45378185058214,2.0542043085476025,1.6909939425619946,0.2644702793122633,1.3679957942889565,0.987397056535407,1.735698620335155,0.38516330785267544,-0.08750690257935036,-0.6607946612203975,67.75112324615198
2026-09-03 13:40:00,26.2481155661051,27.083988404749277,27.03563246381759,26.51802729215983,27.553237635475348,0.6428075052119527,0.1499609127484377,-0.10327946769228141,0.4032012931891568,-0.671760079348175,-0.10160497181674799,1006.4817576101649,1005.2136226424506,1005.9087868929367,-1.0284920083391245,-0.6553764625775718,-0.03978778790860815,51.56800658529093,53.5488906999264,51.718465742779976,2.056984016678249,1.6909939283946387,0.1394310287517868,10.9905132756171,11.255504771918455,10.544365790516693,0.3856845031271716,-0.08750690257916173,0.7986458839809227,92.37888628172257
2026-09-03 13:45:00,26.48414436239115,27.268687768364746,26.996889197033717,26.47911705924209,27.514661334825345,0.6436761640027797,0.14996091330228503,-0.10362055740438972,0.4035423840089598,0.8055282469109777,0.12183765802874547,1006.4669700209481,1005.6606087868587,1006.1711017373576,-1.0298818624044477,-0.6553764987581342,0.14488354825925853,53.22824825437365,54.158351494130045,52.53795365428518,2.0597637248088954,1.6909939291288134,-0.07059608928395278,2.9729851864745753,2.4610789040780565,3.361946527721404,0.3862056984016678,-0.0875069025791606,-0.8133607210641869,98.33044278483757
2026-09-03 13:50:00,26.753874247301354,27.768827079057694,27.500284623829476,26.982345574281982,28.01822367337697,0.6445448227936067,0.14996091323259464,-0.10396118955832068,0.40388301602350996,0.7840004739519806,0.1185815419956242,1006.5026827925084,1005.7795883094493,1006.398953082699,-1.0312717164697707,-0.6553765021933887,0.036011728943663,49.41877414112072,51.61371082536677,50.60618753033904,2.0625434329395413,1.690993919898925,-0.683470624871191,2.840694613254144,2.978035138285741,2.6852076702199614,0.38672689367616403,-0.08750690257916453,0.380334370644944,24.67271260169477
2026-09-03 13:55:00,27.01837680385214,27.580233682933848,27.498853653756843,26.980747746559427,28.01695956095426,0.6454134815844337,0.14996091329810876,-0.10430136523679337,0.4042231918330109,-0.4534217109183416,-0.06858088412110419,1006.7437337114467,1005.9424931569771,1006.5954955873659,-1.0326615705350939,-0.65537650221775,0.002374071828967317,50.070445152304536,52.908680022063564,50.86872954284218,2.0653231410701878,1.690993923445595,0.34895655577578566,3.3841553604359884,3.624118764467089,3.673829355649456,0.3872480889506602,-0.08750690257916453,0.0377963113967974,1.3277530840232512
2026-09-03 14:00:00,27.21545221664411,27.642212160564224,27.50352924220521,26.985256531146035,28.021801953264386,0.6462821403752605,0.14996091330201416,-0.10464108646578058,0.4045629130698089,-0.07456433127566342,-0.011277994943000635,1006.2130835651959,1005.1286642497486,1006.0095669170489,-1.0340514246004169,-0.6553765054356989,-0.22552616186465002,52.318503606500904,53.483933199489115,51.589656972711495,2.0681028492008338,1.6909939241567262,0.20328230262089164,13.829073646060383,14.632304258423753,14.282933105314612,0.38776928422515633,-0.08750690257916434,0.4368780556883056,33.12785796554587
2026-09-03 14:05:00,26.7148479776409,27.28967315493248,27.19717345188213,26.678733990609707,27.71561291315455,0.6471507991660875,0.14996091330277614,-0.10498035500378924,0.40490218160934155,-0.3799041175684543,-0.05746121025242701,1006.7810094958212,1005.5723730663461,1006.1028893851993,-1.03544127866574,-0.655376503910465,0.1248601850572868,50.53940628467626,53.62827550668675,51.96651346398553,2.07088255733148,1.6909939241529042,-0.029231881451686093,8.368942548892738,8.876221410158827,9.703702952381736,0.3882904794996525,-0.08750690257916431,-0.7399746396437443,80.22095040008475
2026-09-03 14:10:00,27.0729187310321,28.00805238762174,27.720583516384718,27.201977358495988,28.239189674273447,0.6480194579569145,0.14996091330914763,-0.10531917264696483,0.4052409992652601,0.9091322508826778,0.1375079579278733,1006.3426934621276,1005.1460099247236,1005.8592168446314,-1.0368311327310633,-0.6553765042161896,-0.0578304156916829,49.69085223816229,50.516377843520466,49.516223483314796,2.0736622654621266,1.6909939245687509,-0.6908395643630811,9.786697753029703,9.92556697080516,9.727332610271771,0.3888116747741487,-0.08750690257916431,0.28574126311255377,16.475537843393035
2026-09-03 14:15:00,26.685437767914053,26.9686447084934,27.013219980529772,26.49444717958335,27.531992781476195,0.6488881167477415,0.1499609133046512,-0.10565754120472134,0.4055793678140237,-1.2861737074881354,-0.1945361853410219,1006.5208306155437,1005.2300497436052,1005.8391227335338,-1.0382209867963865,-0.6553765041729921,0.04630351424430046,53.186284340859004,56.956585629948535,53.81747983460879,2.076441973592773,1.6909939240064933,1.4481118713332535,5.478763480740076,6.187885466708269,6.455282288961471,0.38933287004864486,-0.08750690257916433,-0.17988991967403756,19.635802072772897
2026-09-03 14:20:00,26.728679699880416,26.96476133233278,26.76759403659957,26.24865464610852,27.286533427090617,0.6497567755385685,0.1499609133048174,-0.10599546244261374,0.40591728905224855,0.312104443698221,0.0472063824283957,1006.500321728583,1005.4446040949598,1006.0255603608134,-1.0396108408617095,-0.6553765042130062,0.07442023835938016,49.954748152968264,51.704961490304896,51.281892658233744,2.079221681723419,1.690993924154706,-1.2679250920835514,4.924710121254316,5.319913862936384,5.292587739833941,0.3898540653231411,-0.08750690257916433,0.11483302568160791,10.995797816232916
2026-09-03 14:25:00,26.392641602293693,27.061146092409412,26.84509077138122,26.325984844807834,27.364196697954604,0.6506254343293955,0.14996091330469236,-0.10633293813493966,0.40625476474432437,0.4369824013817585,0.06609440772350084,1006.6563011244283,1005.8561521232136,1006.4260196940213,-1.0410006949270327,-0.6553765042628447,0.08550893345511668,51.98764188273216,54.18613687004774,52.03639779994329,2.0820013898540655,1.6909939241570449,0.458745145947411,3.973516436224191,4.3751617544340045,4.459204999084938,0.3903752605976373,-0.08750690257916433,0.003463657928231001,2.3601593918967616
2026-09-03 14:30:00,26.564363478180926,27.12733971274632,26.95897624522826,26.439703835982808,27.478248654473713,0.6514940931202223,0.14996091330466668,-0.10666997003901854,0.4065917966483519,0.12166827132134728,0.018402554213391653,1006.3311318389268,1005.2674918951536,1006.1045144696835,-1.0423905489923557,-0.6553765042111943,-0.18164607031872038,51.932110588459786,52.50326482845596,51.099342321138884,2.0847810979847115,1.6909939241496326,-0.28707141683255344,6.217359996943992,6.247455000484528,6.216630490149649,0.3908964558721334,-0.08750690257916433,0.11833141291404381,6.134565462379651
2026-09-03 14:35:00,26.36767515840997,27.021583488956157,26.899243996429888,26.37980515787091,27.418682834988868,0.6523627519110493,0.1499609133046763,-0.10700655990109764,0.40692838651045027,-0.18261869947937726,-0.027621420778405792,1006.6426254658624,1005.6441934978569,1006.2284106997148,-1.043780403057679,-0.6553765042159492,0.071159302358069,51.76159537512816,53.79944732806807,51.79103748755501,2.087560806115358,1.6909939241542578,0.3174159163588044,6.875246709705491,6.969660246681179,7.1087802336372246,0.3914176511466296,-0.08750690257916433,-0.05161308437688117,1.5428983101440574
2026-09-03 14:40:00,26.48904517690428,27.331338941853332,27.133897369965272,26.61429215539995,27.653502584530592,0.6532314107018763,0.14996091330467878,-0.10734270945598148,0.4072645360653391,0.3139178172796768,0.047480658583381796,1006.8791070204808,1006.0402763080034,1006.6011181009047,-1.0451702571230022,-0.6553765042143083,0.09453471131303104,52.17680959457295,54.449935850993505,52.63740523277935,2.0903405142460043,1.6909939241547145,0.12153669405943646,7.662975564487977,7.807385220925445,7.894542100072887,0.39193884642112575,-0.08750690257916433,0.0003500234317224127,1.310407671562254
2026-09-03 14:45:00,27.268263479130738,27.81184967939967,27.610254270617983,27.090482733302338,28.130025807933627,0.6541000694927033,0.14996091330468272,-0.10767842042710626,0.4076002470364717,0.34138086117769006,0.051634495477006936,1006.3729535794284,1005.2657791714653,1006.1340164235653,-1.0465601111883254,-0.6553765042200659,-0.21286074787997222,49.68474007257445,51.7089306116715,50.66643016467656,2.0931202223766507,1.6909939241550842,-0.6484934771601516,4.1748224442246515,4.581220867866531,4.844477984546318,0.39246004169562193,-0.08750690257916431,-0.17575021410062242,11.900178990749712
2026-09-03 14:50:00,26.430841623983767,26.711209186081174,26.78405998787362,26.264122181012574,27.303997794734663,0.6549687282835303,0.14996091330467673,-0.10801369452671458,0.407935521136068,-1.4731170408008332,-0.22281171509712294,1006.6077597047472,1005.8651394580014,1006.381436663548,-1.0479499652536484,-0.6553765042179936,0.13907929867139046,52.75992525568238,54.40536032454778,52.07078072377145,2.0958999305072967,1.6909939241543923,0.6435856766219388,13.178225934170072,13.594572889234394,13.144364665176662,0.39298123697011816,-0.08750690257916431,0.5377151266368969,50.79193935304465
2026-09-03 14:55:00,27.823747665646433,28.88848136416078,28.352040918064432,27.831936894811896,28.872144941316968,0.6558373870743572,0.149960913304677,-0.10834853345590925,0.4082703600652633,2.555204897677818,0.38647953279166813,1006.4818830145654,1005.731357356371,1006.4068104264112,-1.0493398193189716,-0.6553765042180797,-0.020076565822137127,48.40380470775546,49.74523273157115,48.97169683857003,2.098679638637943,1.690993924154885,-0.917458031153771,3.2939855325875684,4.150715763889396,5.043922667274824,0.39350243224461434,-0.08750690257916431,-0.8057000008062634,112.79622770630924
2026-09-03 15:00:00,26.9247337706649,27.381994159042332,27.579448681559565,27.0591784950185,28.09971886810063,0.6567060458651841,0.1499609133046783,-0.1086829389048033,0.4086047655141599,-2.296933078781038,-0.3474154358219117,1006.6470402846937,1005.5766439105074,1006.2818625098497,-1.0507296733842946,-0.6553765042180615,-0.04984209512417692,50.37573265713893,53.381613299537364,50.75437089051037,2.101459346768589,1.6909939241547778,0.9362484848722161,14.000293719451927,14.509833897352388,13.74609117590746,0.39402362751911046,-0.08750690257916431,0.8512496240240921,120.94349655598253
2026-09-03 15:05:00,26.754391565770764,27.200158846024355,27.066561481797837,26.54612518502034,27.586997778575334,0.6575747046560111,0.14996091330467834,-0.10901691255259496,0.40893873916195167,-0.10818741278713162,-0.016363549078160844,1006.5882045562877,1005.4494548892352,1006.1287836146292,-1.0521195274496178,-0.6553765042180324,-0.023952221176045896,52.050264963055625,54.17914972595322,52.2977264851031,2.1042390548992356,1.6909939241547844,0.1904293166953437,0.9312811888502853,0.5135563035422597,1.6403986388507832,0.39454482279360664,-0.08750690257916435,-1.0393354327293591,154.41116872369534
2026-09-03 15:10:00,26.286625616470406,27.165812982661766,26.94845113442147,26.42784878040886,27.469053488434085,0.6584433634468381,0.1499609133046783,-0.10935045606766564,0.40927228267702226,0.44562049071919674,0.06740093493561616,1006.4915808791897,1005.5426572046333,1006.1540576814148,-1.053509381514941,-0.6553765042180659,0.043976027436656295,52.61255008595993,55.95217075020324,54.13875911988452,2.107018763029882,1.6909939241547898,0.12241770616392955,6.15449361639549,6.628352230825099,5.862705691166891,0.3950660180681028,-0.0875069025791644,0.8531534422373728,104.63044771755578
2026-09-03 15:15:00,26.856089504986205,27.438503703015567,27.208923654661895,26.688155296364776,27.729692012959013,0.659312022237665,0.1499609133046783,-0.10968357110768157,0.4096053977170382,0.5264009774502725,0.07961913504899343,1006.6638504451695,1005.5568224682114,1006.19400120097,-1.0548992355802642,-0.6553765042180706,0.01819777145954049,51.991689335947136,53.68030192327173,52.7397092469614,2.1097984711605284,1.6909939241547751,-0.7504012478444437,4.829026873580481,4.789609180072819,5.187795829009873,0.395587213342599,-0.0875069025791644,-0.31067974635788875,17.373518531382654
2026-09-03 15:20:00,26.28821828978971,26.93572100041124,26.876976197981513,26.356041888299885,27.39791050766314,0.660180681028492,0.1499609133046783,-0.11001625931968917,0.4099380859290458,-0.6030742470919712,-0.09121611087494941,1006.8646791031058,1005.6349067309001,1006.2731660195835,-1.0562890896455872,-0.6553765042180707,0.01711721553465395,51.50902443292366,53.27376685751706,51.69591184101836,2.1125781792911744,1.6909939241547747,-0.11313890765607226,5.8432504340316544,5.949567565265289,5.940246219806024,0.39610840861709523,-0.0875069025791644,0.09682824803842927,2.3163816770554355
2026-09-03 15:25:00,26.506323797034952,27.263931161666335,27.0418767407175,26.52077653250081,27.562976948934185,0.661049339819319,0.1499609133046783,-0.11034852234020981,0.41027034894956643,0.47664538013821556,0.07209350764415845,1006.5693370623555,1005.703843916673,1006.3534614117387,-1.0576789437109104,-0.6553765042180704,0.005759009152370709,51.68826648635333,54.45609976945208,52.378081334326836,2.115357887421821,1.690993924154774,0.38702451097046975,6.942758774511196,7.095737536884889,7.171127618738044,0.3966296038915914,-0.0875069025791644,0.012116820726009614,1.3441797865732499
2026-09-03 15:30:00,27.417167961032618,28.295802580264763,27.992773030881555,27.4715069769288,28.51403908483431,0.6619179986101459,0.1499609133046783,-0.1106803617953338,0.4106021884046904,1.012011491950215,0.1530686360785296,1006.7105666293947,1005.8339649397101,1006.4754552515905,-1.0590687977762334,-0.6553765042180698,0.013886192337736247,48.18671027564932,49.00646790159894,48.35075023167931,2.118137595552467,1.6909939241547758,-1.0352762542351428,5.696772334681111,5.894921636793509,6.0895843511358,0.39715079916608753,-0.0875069025791644,-0.10715581176312661,9.646103066391493
2026-09-03 15:35:00,26.286923208320143,26.88301772708476,27.04399005990219,26.522558212961982,27.565421906842396,0.6627866574009729,0.1499609133046783,-0.11101177930081285,0.4109336059101695,-2.0557315095139757,-0.31093324612210793,1006.4140220192471,1005.3768901079701,1006.1556282237071,-1.0604586518415566,-0.6553765042180716,-0.12336161151893066,51.84264146829101,52.99278808385179,50.16489999513564,2.1209173036831133,1.6909939241547751,1.136894164561376,5.500313586174393,5.485440763002886,5.537833710999408,0.3976719944405837,-0.0875069025791644,0.0351139545826431,18.741111407895403
2026-09-03 15:40:00,26.713900863150705,27.681546580525364,27.361916785152896,26.84031919792355,27.883514372382244,0.6636553161917998,0.1499609133046783,-0.11134277646215252,0.41126460307150914,1.1217638235886334,0.16966888206778918,1006.4708312735603,1005.2195530545943,1005.8965190202211,-1.0618485059068798,-0.6553765042180716,-0.021589461408780153,50.76376135932634,53.76544634822263,51.81309461826659,2.1236970118137597,1.6909939241547751,0.2613578058012678,8.608084779638364,9.06732257038913,8.975626777230444,0.3981931897150799,-0.0875069025791644,0.17920269573785141,8.030398777086042
2026-09-03 15:45:00,25.8984309171577,26.135794922393366,26.21608953482313,25.69432625995274,26.73785280969352,0.6645239749826268,0.1499609133046783,-0.11167335487470254,0.41159518148405916,-1.5223317075141765,-0.2302555257344423,1006.6924078925254,1005.4447405948706,1006.0016386089775,-1.063238359972203,-0.6553765042180718,0.09847849011123344,53.58993495203082,54.77886452859667,53.10472255113531,2.126476719944406,1.6909939241547751,-0.016851946693414277,8.041745061455202,8.01721876091749,8.310798355138116,0.39871438498957606,-0.0875069025791644,-0.20607269164146125,12.750022437751369
2026-09-03 15:50:00,26.087917521813395,26.905267602977464,26.535679496664642,26.013750586751158,27.057608406578126,0.6653926337734538,0.1499609133046783,-0.11200351612374654,0.41192534273310316,1.4520626103637717,0.2196271930081437,1006.8524722481014,1005.8039284273268,1006.3559814451049,-1.064628214037526,-0.655376504218072,0.10332348643999012,53.18462047814965,53.85863609398266,52.60494563609606,2.129256428075052,1.6909939241547751,-0.43730346626817607,9.973187949968493,10.47942381240752,10.419043688001068,0.3992355802640723,-0.0875069025791644,0.1478870269856163,10.395751226816444
2026-09-03 15:55:00,26.729183586177278,27.227539367138025,27.010341456990485,26.488246964581805,27.532435949399165,0.6662612925642808,0.1499609133046783,-0.1123332617845908,0.4122550883939474,0.44453661594193505,0.06723699684286188,1006.6926519604903,1005.5516532372117,1006.294493040551,-1.0660180681028493,-0.6553765042180719,-0.08746329912116835,51.38886088981563,55.0157187764798,53.18078987729222,2.1320361362056985,1.6909939241547751,0.14393497503280628,3.984131957802636,5.054980056459693,5.480269814695551,0.3997567755385685,-0.08750690257916441,-0.33778285565669286,17.71739994790174
2026-09-03 16:00:00,25.685805015616864,26.62738923029357,26.61953580721099,26.097275784805028,27.141795829616953,0.6671299513551077,0.1499609133046783,-0.11266259342265211,0.41258442003200874,-0.9395420046938021,-0.14210749022209868,1006.6030412954215,1005.4844694334321,1006.1822728839986,-1.0674079221681723,-0.6553765042180719,-0.04242694634842792,54.99414221857191,56.01390394460889,54.18197482083896,2.1348158443363445,1.6909939241547751,0.1409351996151571,7.18119061143226,7.182660864565106,6.942748242974417,0.4002779708130646,-0.08750690257916442,0.3274195241698532,17.735439198203842
2026-09-03 16:05:00,26.57411855571088,27.270526061622924,27.007421951131896,26.484996451176663,27.52984745108713,0.6679986101459346,0.1499609133046783,-0.11299151259354412,0.41291333920290074,0.7480449210368008,0.11314319718634991,1006.6619043730698,1005.7464010700953,1006.3378099621048,-1.0687977762334955,-0.6553765042180719,0.0639676122086712,50.54356099160823,52.82845206273776,51.89465017973664,2.137595552466991,1.6909939241547751,-0.757192041153651,6.923598336587371,7.239044411373165,7.405485003212004,0.4007991660875608,-0.08750690257916442,-0.07893368925967437,5.645488418848182
2026-09-03 16:10:00,26.04164824641004,26.57593444894492,26.555271462279276,26.032680537172958,27.077862387385593,0.6688672689367616,0.1499609133046783,-0.11332002084316345,0.4132418474525201,-0.8548517253195413,-0.12929792663903328,1006.4878642983716,1005.5276535656861,1006.2368931049897,-1.0701876302988187,-0.6553765042180719,-0.05386303508544188,52.432729310763406,54.62837272554046,52.45105768884652,2.1403752605976374,1.6909939241547751,0.48632111253916577,4.997489854889082,4.641773007497398,4.859134232750426,0.40132036136205695,-0.08750690257916442,-0.12985432267386354,5.713191493155772
2026-09-03 16:15:00,25.439873951239253,26.24217809757117,26.113654510020655,25.5908982121117,26.63641080792961,0.6697359277275886,0.1499609133046783,-0.113648119707774,0.4135699463171306,-0.1417326277655313,-0.021437325754163794,1006.7810028595467,1005.9161467772572,1006.4870817259156,-1.071577484364142,-0.6553765042180719,0.08444155555969246,55.041140460280694,54.93579277571451,53.09475630764695,2.143154968728284,1.6909939241547751,0.15004254391278238,5.979701951305538,6.291262920051051,6.188103861974243,0.40184155663655313,-0.08750690257916444,0.19066596065597263,6.1461346710187525
2026-09-03 16:20:00,25.82108712383794,26.670329379797806,26.395337652369705,25.872416033956892,26.918259270782517,0.6706045865184156,0.1499609133046783,-0.1139758107140913,0.4138976373234479,0.8266397609754748,0.12503081412342354,1006.839139600692,1005.6175787787558,1006.3563227998436,-1.072967338429465,-0.6553765042180719,-0.08336751686965727,53.307489094566456,55.23957015289114,53.553483705216706,2.14593467685893,1.6909939241547751,-0.004907476480340733,4.48091796842542,5.076095866125914,5.285141466986184,0.40236275191104937,-0.08750690257916444,-0.12153869828110597,4.5361174354684755
2026-09-03 16:25:00,25.85740618180751,26.65725825168848,26.513833272790883,25.990746386123405,27.03692015945836,0.6714732453092426,0.1499609133046783,-0.11430309537936512,0.41422492198872174,-0.04321225366642878,-0.006535934407082777,1006.6570801713044,1005.5312442435066,1006.2158780251026,-1.0743571924947881,-0.6553765042180719,-0.029257277377837454,53.39936333271996,55.90680831729282,54.17724140827784,2.1487143849895762,1.6909939241547751,0.03857298486020966,2.845029930812278,3.464105647405004,3.5762316859610808,0.40288394718554554,-0.08750690257916444,-0.024619135976912343,0.19404688386391314
2026-09-03 16:30:00,25.614414077537035,26.080816733710492,26.037955215427118,25.51470311270466,26.561207318149577,0.6723419041000696,0.1499609133046783,-0.11462997521146118,0.4145518018208178,-0.7080863939159237,-0.10709939502130439,1006.6742046985003,1005.7123049062592,1006.3093272393714,-1.0757470465601113,-0.6553765042180719,0.058354171105861496,54.22040780475106,56.65534940308637,54.92432891997399,2.1514940931202227,1.6909939241547751,0.04002655895760654,3.553527845929044,3.9801421074743146,3.9688871242129986,0.4034051424600417,-0.08750690257916444,0.09876188584048062,2.9928635600308127
2026-09-03 16:35:00,24.632000979101257,25.208408117267737,25.15101296242237,24.627595695795183,25.67443022904956,0.6732105628908964,0.1499609133046783,-0.11495645170894281,0.41487827831829943,-0.6119974262647254,-0.09256575845931181,1006.8061935518278,1005.7962684023544,1006.4263184801969,-1.0771369006254343,-0.6553765042180719,0.025326426375613664,57.57226080105868,60.44935114935235,58.14909338459809,2.1542738012508686,1.6909939241547751,0.609263840599489,2.4095149813910544,3.080220346553285,3.229576563556435,0.40392633773453784,-0.08750690257916444,-0.06184931442398556,3.4312350533830753
2026-09-03 16:40:00,24.860783054821358,25.534047709078795,25.228848778274884,24.70526639984387,25.752431156705896,0.6740792216817234,0.1499609133046783,-0.11528252636115055,0.4152043529705072,1.0263543317665302,0.15523801749923294,1006.7242553490307,1005.8755856517281,1006.527497585547,-1.0785267546907575,-0.6553765042180719,0.0034645703991600385,56.97094218044612,58.81800263790329,57.82332867630797,2.157053509381515,1.6909939241547751,-0.6963199625594569,7.702267236776508,8.870531130568379,8.668749304529664,0.404447533009034,-0.08750690257916444,0.2892887286178798,16.983340968868532
2026-09-03 16:45:00,24.941376421489785,25.608072371432325,25.411449811542564,24.887702373359353,25.935197249725775,0.6749478804725504,0.1499609133046783,-0.11560820064828153,0.41553002725763816,0.3085029290598449,0.04666164658508265,1006.8052095918916,1005.7883734890212,1006.4843792898818,-1.0799166087560808,-0.6553765042180719,-0.040629296642464396,53.42598820041994,56.155824971605824,55.20370261333144,2.1598332175121615,1.6909939241547751,-0.7388715658803875,7.437978129853889,8.3566382643687,8.720226924567427,0.4049687282835302,-0.08750690257916441,-0.2760817576195631,14.095441225834843
2026-09-03 16:50:00,24.896609339601817,25.722374973952864,25.568545439224263,25.044632993291284,26.09245788515724,0.6758165392633774,0.1499609133046783,-0.1159334760414682,0.4158553026508248,0.02557734516565091,0.0038686214239227468,1007.1574292611076,1006.353339163902,1006.8914274284925,-1.0813064628214037,-0.6553765042180719,0.11728823962755541,56.09650200839392,57.70765167957266,55.50647231986024,2.1626129256428075,1.6909939241547751,0.5101854355576521,12.35198420746182,12.600717852196954,12.489954963291694,0.40548992355802643,-0.0875069025791644,0.19826979148442447,8.481446001523286
2026-09-03 16:55:00,25.057958621263637,25.33166357281652,25.263382299359797,24.739304897630362,25.787459701089233,0.6766851980542044,0.1499609133046783,-0.11625835400285556,0.4161801806122122,-0.5400239807590452,-0.08167963984795534,1006.8347911771347,1005.8330975305064,1006.6412992579855,-1.082696316886727,-0.6553765042180719,-0.1528252232609475,58.16909638923105,59.20611508987429,57.07420460067126,2.165392633773454,1.6909939241547751,0.44091656504825494,8.108207945737425,8.078887868629925,8.540086630483374,0.4060111188325226,-0.08750690257916438,-0.3736918592742846,24.23326913657798
2026-09-03 17:00:00,24.761442171190293,25.505861438946024,25.30825094796585,24.784008642344226,25.832493253587472,0.6775538568450313,0.1499609133046783,-0.1165828359856777,0.4165046625950343,0.3150346238757784,0.0476495776754966,1006.8495542100275,1005.9247931562137,1006.5753934831474,-1.0840861709520502,-0.6553765042180719,0.0047761772843841754,56.79068940758229,57.92067904894141,56.60494597427121,2.1681723419041004,1.6909939241547751,-0.37526084948457594,1.6311970422275797,1.9158839313624574,2.080536779982708,0.4065323141070188,-0.08750690257916438,-0.07714594604108638,1.8155662190401416
2026-09-03 17:05:00,24.03431892016297,24.6547451649115,24.62580414222306,24.101396984564552,25.15021129988157,0.6784225156358582,0.1499609133046783,-0.11690692343433406,0.4168287500436907,-0.8001215872555285,-0.12101989061623897,1006.8397702818304,1005.7057670147954,1006.3932438866465,-1.0854760250173732,-0.6553765042180719,-0.0321003676330065,58.56941260566655,59.57067629154497,57.620442383337334,2.1709520500347463,1.6909939241547751,0.2592399840528614,10.310315936985978,10.433274616682288,9.860670352775715,0.4070535093815149,-0.08750690257916438,0.6601111664857378,64.18466699768463
2026-09-03 17:10:00,24.5961128647575,25.107703915907393,24.822836482221756,24.29826452433278,25.347408440110733,0.6792911744266852,0.1499609133046783,-0.11723061778446409,0.4171524443938207,0.8919328770559041,0.13490652038095874,1007.084308975319,1005.999586178019,1006.5632974253756,-1.0868658790826964,-0.6553765042180719,0.09166525686146088,57.6676846097818,60.649085142260155,58.84003794835551,2.1737317581653928,1.6909939241547751,0.11805326974987196,9.844004630829126,10.386983599844527,10.85227226095874,0.4075747046560111,-0.08750690257916438,-0.3777817585350487,23.29739924603333
2026-09-03 17:15:00,24.561387763359374,25.093050241022965,24.93405590858198,24.409319202220136,25.45879261494382,0.6801598332175122,0.1499609133046783,-0.11755392046302165,0.4174757470723783,0.059724344658416584,0.009033419136308396,1006.9834998138404,1006.0318857412683,1006.6750364589619,-1.0882557331480196,-0.6553765042180719,0.012225786524481919,57.584102552099175,58.54895521114837,57.45579259067536,2.176511466296039,1.6909939241547751,-0.5978313036817653,5.319632881917683,5.3733707200193415,5.703908789153528,0.40809589993050727,-0.08750690257916438,-0.24303116655502155,10.28955577696041
2026-09-03 17:20:00,24.41179379762811,25.049914756732857,24.920551492462618,24.395650089336776,25.44545289558846,0.6810284920083391,0.1499609133046783,-0.11787683288834838,0.417798659497705,-0.13618111498239927,-0.02059764903443906,1006.9535437584204,1006.105844896796,1006.7639441179525,-1.0896455872133426,-0.6553765042180719,-0.0027227169383650107,59.20051185658117,61.5990341035273,59.28913364989685,2.179291174426685,1.6909939241547751,0.6189065294756801,6.491772584676334,6.878542950104235,6.661736151863622,0.4086170952050035,-0.08750690257916438,0.3043137008197778,15.227833135832
2026-09-03 17:25:00,24.48858139674162,24.45026152664888,24.395224474125076,23.87015842589545,24.9202905223547,0.6818971507991661,0.1499609133046783,-0.11819935647024593,0.41812118307960255,-0.6275879921033827,-0.09492386078087378,1007.2917089664921,1006.31005906761,1006.9408513768976,-1.0910354412786658,-0.6553765042180719,0.024584194930525882,56.07483230568383,58.044163832983216,57.14909999596521,2.1820708825573316,1.6909939241547751,-0.7959300871367674,13.287042050716547,13.94758455755694,13.78352565502992,0.4091382904794997,-0.08750690257916438,0.25156580510618554,13.305928776912134
2026-09-03 17:30:00,24.25596087418946,24.79846876962114,24.545268979477218,24.020038337755434,25.070499621199,0.6827658095899931,0.1499609133046783,-0.11852149261004857,0.4184433192194052,0.6825626232388196,0.10323887683924582,1007.3513451014774,1006.2464440403431,1006.9442074210941,-1.092425295343989,-0.6553765042180719,-0.04238687653287343,58.407128506174715,60.50986023810219,58.24745973894729,2.184850590687978,1.6909939241547751,0.5714065750001254,5.96209684816409,6.341547572072932,7.087492920047032,0.40965948575399586,-0.08750690257916438,-0.6584384453949346,64.86602235099127
2026-09-03 17:35:00,23.969983580469876,24.478455083921435,24.3681763206532,23.84278113700238,24.893571504304017,0.68363446838082,0.1499609133046783,-0.1188432427006933,0.4187650693100499,-0.26235806949746276,-0.039682150036441044,1007.0955861638644,1006.2083712688843,1006.8929829487392,-1.093815149409312,-0.6553765042180719,-0.029235175636813437,59.74873842585595,63.02725456083433,60.82689431585849,2.187630298818624,1.6909939241547751,0.5093663208210657,10.441671382930814,10.567957917134967,10.142158875030344,0.410180681028492,-0.08750690257916438,0.513305944683788,39.1905734071936
2026-09-03 17:40:00,23.620027742679277,24.41108751171545,24.256605537320752,23.73104586325559,24.782165211385912,0.684503127171647,0.1499609133046783,-0.1191646081267908,0.41908643473614743,0.029890942364971806,0.004521061090020595,1006.9552894253765,1005.5312876234598,1006.3408091906191,-1.0952050034746352,-0.6553765042180719,-0.1541450629412111,59.55096783761687,61.39063595079392,60.31218079213411,2.1904100069492705,1.6909939241547751,-0.6125387654949606,1.9909088833232078,2.7540549769019034,3.344820314719186,0.41070187630298816,-0.08750690257916438,-0.5032584352381182,40.7164455877816
2026-09-03 17:45:00,22.843422453057475,23.367688902517845,23.357292960936782,22.83156884792362,23.883017073949944,0.685371785962474,0.1499609133046783,-0.11948559026469474,0.41940741687405136,-0.9227321734646239,-0.13956497172361537,1007.4384115255028,1006.1284814927369,1006.5985572654166,-1.0965948575399584,-0.6553765042180719,0.18530073153840476,63.54277160341915,66.22524256773882,63.74328770007139,2.193189715079917,1.6909939241547751,0.7909609435126441,3.0953079032101165,2.9428366913614528,2.697677631280693,0.41122307157748433,-0.08750690257916438,0.3326659626599242,24.892821679540944
2026-09-03 17:50:00,23.537365647669716,24.18058333238892,23.81411676580205,23.288228265258947,24.340005266345155,0.6862404447533009,0.1499609133046783,-0.1198061904825703,0.4197280170919269,1.4314245870810502,0.21650565328219074,1007.2390107634111,1006.2432711853561,1006.8435361045866,-1.0979847116052814,-0.6553765042180719,0.055111584987571405,61.40575639472154,63.631776499036995,62.79032287588236,2.195969423210563,1.6909939241547751,-0.8495403010001397,5.094023939095477,5.407429689184218,5.3762567289572,0.41174426685198057,-0.08750690257916438,0.11867986280618226,11.015561983680527
2026-09-03 17:55:00,23.304373118789616,24.299937547866005,24.135138041319834,23.60908520461664,24.661190878023028,0.6871091035441279,0.1499609133046783,-0.1201264101404626,0.4200482367498192,0.09810518516059474,0.014838593241492504,1007.5171356151491,1006.4198773029165,1007.0646622732388,-1.0993745656706047,-0.6553765042180719,0.01059153389576295,63.54033837795026,65.6174723847853,63.701363432818184,2.1987491313412093,1.6909939241547751,0.22511502781233617,6.226165568033059,6.625933023145135,6.783681124651056,0.41226546212647674,-0.08750690257916438,-0.07024119892675618,1.0002010864890023
2026-09-03 18:00:00,23.18384779833268,24.070695864630718,23.99944795197793,23.47323083043638,24.525665073519484,0.6879777623349549,0.1499609133046783,-0.12044625059036385,0.42036807719972047,-0.5204100805127077,-0.07871300065189146,1007.1622832389621,1006.1523458668948,1006.912353334577,-1.1007644197359279,-0.6553765042180719,-0.10463096346404654,60.258712109003554,64.3002162479846,62.95096459307386,2.2015288394718557,1.6909939241547751,-0.34174226924405104,8.590296457574265,9.007855712495127,9.048956640454355,0.4127866574009729,-0.08750690257916438,0.046405974619936785,2.7829416723139886
2026-09-03 18:05:00,22.41664490924361,23.285945610358084,23.25810820542296,22.731726850316726,23.784489560529195,0.6888464211257818,0.1499609133046783,-0.12076571317627971,0.42068753978563633,-0.8074181430862382,-0.12212350836955466,1007.6533663244319,1006.5608731789954,1007.1396711338873,-1.1021542738012509,-0.6553765042180719,0.07657854932620012,64.81739362949806,65.86862878052827,63.865880716668805,2.2043085476025017,1.6909939241547751,0.31175413970468924,13.826608364959633,14.294065034458526,14.251706162853115,0.41330785267546905,-0.08750690257916438,0.12986577418457657,5.13711222107008
2026-09-03 18:10:00,22.34533187875964,22.93507247259408,22.763214276764785,22.236668739319565,23.289759814210004,0.6897150799166087,0.1499609133046783,-0.12108479923429577,0.4210066258436524,0.14477362655810921,0.0218972825246162,1007.4018957471686,1006.3839934734926,1007.0940098366982,-1.103544127866574,-0.6553765042180719,-0.054639858987457046,64.56150479566686,67.79989851974997,65.78387853352835,2.207088255733148,1.6909939241547751,0.3250260620668399,4.572320275263664,5.169281269156477,5.891246373552805,0.4138290479499652,-0.08750690257916441,-0.6344582018171634,58.362955396789594
2026-09-03 18:15:00,23.047780960725,23.846971155290365,23.4775669963633,22.95085732775689,24.004276664969712,0.6905837387074357,0.1499609133046783,-0.12140351009264205,0.4213253367019987,1.4508464443805131,0.21944324562238648,1007.7596895450749,1006.532595139994,1007.170101968134,-1.1049339819318973,-0.6553765042180719,0.017869676078134944,62.290835530714716,65.02582874697049,64.11524528918464,2.2098679638637946,1.6909939241547751,-0.7804104663689344,1.426663473662897,1.830391485173753,1.6643346075713072,0.4143502432244614,-0.08750690257916442,0.2535637801816102,17.43333375444488
2026-09-03 18:20:00,22.457892173695704,23.10256501110325,23.1064687166787,22.579594968041064,23.63334246531634,0.6914523974982627,0.1499609133046783,-0.1217218470717581,0.4216436736811147,-1.0172741229061906,-0.1538646188801316,1007.7211151971565,1006.7003642740711,1007.3267688506569,-1.1063238359972203,-0.6553765042180719,0.028971927632369443,65.0633417896592,66.89236946594822,64.83196376648733,2.2126476719944406,1.6909939241547751,0.36941177530610503,8.171900530920738,8.476354484776591,8.101035575082129,0.41487143849895763,-0.08750690257916442,0.4628258122736266,33.863723676613574
2026-09-03 18:25:00,22.592012740789354,23.245115154943054,23.064284127200228,22.53724634961358,23.591321904786877,0.6923210562890897,0.1499609133046783,-0.12203981148435633,0.42196163809371295,0.20409739950383,0.030870114438148022,1007.6471615793425,1006.6886100685111,1007.3681356293628,-1.1077136900625435,-0.6553765042180719,-0.02414905663351874,63.07085355711112,66.58973575118951,64.94632889939852,2.215427380125087,1.6909939241547751,-0.04758707236379678,6.1495401045875155,6.442655934963061,6.925701950063349,0.4153926337734538,-0.08750690257916441,-0.3955391125211234,22.500913863281188
2026-09-03 18:30:00,22.175017330505696,22.950144114334922,22.829024016661478,22.301822261160346,23.35622577216261,0.6931897150799167,0.1499609133046783,-0.1223574046354855,0.4222792312448421,-0.1906807142454312,-0.028840815631234307,1007.8028329864593,1006.8768120329212,1007.5106125127497,-1.1091035441278667,-0.6553765042180719,0.02157602438956019,65.83371599046436,66.57343498880927,64.9272915164246,2.2182070882557334,1.6909939241547751,-0.044850451770116706,2.9835524295144578,3.2160115179509012,3.37241881144981,0.41591382904795,-0.08750690257916441,-0.06890039091974431,0.8275802229019089
2026-09-03 18:35:00,22.01852545200603,22.593185108192586,22.470407485585813,21.943041803157126,22.9977731680145,0.6940583738707435,0.1499609133046783,-0.12267462782259325,0.4225964544319499,-0.17972200759135504,-0.027183290697905704,1008.0428043203743,1007.2343440663784,1007.8313291257699,-1.1104933981931897,-0.6553765042180719,0.058391444826611405,65.97198173567293,67.77555520622005,65.86523114562992,2.2209867963863794,1.6909939241547751,0.21933013643534593,5.20383751152042,5.856535533140925,5.669089650701735,0.4164350243224461,-0.08750690257916441,0.2749527850183551,11.492327568894094
2026-09-03 18:40:00,22.223601928145712,23.217129581695925,22.926826202373945,22.399296643957097,23.454355760790794,0.6949270326615705,0.1499609133046783,-0.12299148233558743,0.42291330894494406,0.927872567867368,0.1403424660173016,1008.0340113031162,1006.958742817383,1007.7204115649708,-1.111883252258513,-0.6553765042180719,-0.106292243369694,62.708966291328714,63.96594703243048,63.109300485802095,2.223766504517026,1.6909939241547751,-0.8343473775263988,7.280806755753726,7.503804431507715,7.634320944744713,0.4169562195969423,-0.08750690257916441,-0.04300961065783415,7.183906973794565
2026-09-03 18:45:00,21.482345865303042,22.14611552883585,22.184476231685544,21.65678284817247,22.71216961519862,0.6957956914523975,0.1499609133046783,-0.12330796945689804,0.42322979606625466,-1.245086156206991,-0.18832161615437215,1008.1863282673506,1007.1141418240538,1007.7597870325349,-1.1132731063238361,-0.6553765042180719,0.009731295737083201,66.98279538302046,69.5390083675653,66.56774477438394,2.2265462126476723,1.6909939241547751,1.2802696690265805,7.529546534797795,8.201055282371707,8.341824442225448,0.41747741487143847,-0.08750690257916441,-0.053262257274576896,12.589872189668311
2026-09-03 18:50:00,21.566575522829613,22.38691198632477,22.14555358314445,21.617696425379705,22.673410740909198,0.6966643502432245,0.1499609133046783,-0.12362409046153722,0.42354591707089384,0.6042734322274761,0.09139748987563934,1008.4779022421932,1007.1347634121779,1007.7897683833077,-1.1146629603891591,-0.6553765042180719,0.000371533088355136,67.39442473247061,68.73329937229919,67.34955499377047,2.2293259207783183,1.6909939241547751,-0.307249545626064,5.127005412719726,5.550703747543622,5.782471176885247,0.4179986101459347,-0.08750690257916441,-0.14426052676246037,4.338255362936071
2026-09-03 18:55:00,21.181547398163666,22.170200503049177,22.01931872164685,21.491297840427674,22.54733960286603,0.6975330090340515,0.1499609133046783,-0.12393984661715934,0.42386167322651597,0.006088308625898264,0.0009208680976477979,1008.03175842257,1006.8359938979447,1007.5649398894091,-1.1160528144544823,-0.6553765042180719,-0.0735694872462318,70.43677983795395,73.01533662425598,70.76860771150567,2.2321056289089647,1.6909939241547751,0.5557349885955318,3.6904744929388817,3.9526178563024734,3.9903775118442777,0.4185198054204309,-0.08750690257916441,0.04974724703736033,2.54349113259309
2026-09-03 19:00:00,21.030035452488818,21.934767875228733,21.80104311367834,21.272858559754734,22.329227667601945,0.6984016678248784,0.1499609133046783,-0.12425523918412051,0.42417706579347714,-0.10734512687467301,-0.016236151754284833,1008.596077818066,1007.4496728384452,1007.9515708547666,-1.1174426685198056,-0.6553765042180719,0.1534784878966775,70.54589912524334,72.63163532962571,71.45382684126305,2.234885337039611,1.6909939241547751,-0.5131854357921242,11.579373396581326,12.183936561999493,11.835029876193817,0.41904100069492706,-0.08750690257916442,0.43641358838484123,31.182115046096754
2026-09-03 19:05:00,20.91666743697725,21.334153943054847,21.246962991652275,20.718614815727083,21.775311167577467,0.6992703266157053,0.1499609133046783,-0.12457026941553684,0.42449209602489346,-0.4150028668290915,-0.06276996190210582,1008.4583435693355,1007.4970589795919,1008.156325809536,-1.1188325225851286,-0.6553765042180719,-0.0038903257260471946,68.31914915412409,70.17333104516949,69.30352403962291,2.237665045170257,1.6909939241547751,-0.8211869186082055,6.284491864854523,6.485817883407011,7.18964647536006,0.4195621959694232,-0.0875069025791644,-0.6163216893738852,58.08361758023417
2026-09-03 19:10:00,20.96489830057434,21.75401646498285,21.475845460807122,20.947333713536093,22.00435720807815,0.7001389854065323,0.1499609133046783,-0.124884938557343,0.42480676516669963,0.8476595118997352,0.1282100908710504,1008.3991062503517,1007.1872337050878,1007.9598694142534,-1.1202223766504518,-0.6553765042180719,-0.11725920494745878,72.77909240115038,75.33045495127793,72.55261549917392,2.2404447533009035,1.6909939241547751,1.0868455279492224,4.328700613104223,4.940239216566606,4.859320809401145,0.42008339124391936,-0.08750690257916438,0.16842530974462555,13.38894343419482
2026-09-03 19:15:00,20.5195406874451,21.390692210534592,21.29129003626439,20.762614768256253,21.819965304272525,0.7010076441973593,0.1499609133046783,-0.12519924784834935,0.42512107445770597,-0.33426851007642355,-0.05055873903447505,1008.427592706631,1007.4254314788776,1008.0384754556774,-1.121612230715775,-0.6553765042180719,0.042332527418352583,71.72374168356386,73.75206884584496,72.55689423928192,2.24322446143155,1.6909939241547751,-0.4958193175917387,3.4016637248079986,3.8860861476839497,3.926615250246476,0.42060458651841554,-0.08750690257916438,0.046977800016638316,2.0483212100519803
2026-09-03 19:20:00,21.04770583306346,21.927954740483795,21.684202259224108,21.155363521040645,22.21304099740757,0.7018763029881863,0.1499609133046783,-0.12551319852029907,0.4254350251296557,0.6201018513668686,0.09379156795500876,1008.6939090155894,1007.5706636732638,1008.1911783901215,-1.123002084781098,-0.6553765042180719,0.03486178736034162,70.7932064911218,72.16830278623677,70.9887129631874,2.246004169562196,1.6909939241547751,-0.5114041011054127,6.7410861522038505,6.9833145272691866,6.896789399373739,0.42112578179291177,-0.08750690257916438,0.17403203047461258,6.7315461151527884
2026-09-03 19:25:00,20.021373024343983,20.50145901930007,20.598146701844207,20.069144544000334,21.12714885968808,0.7027449617790132,0.1499609133046783,-0.12582679179792444,0.42574861840728107,-1.630714298285934,-0.24664859584881427,1008.9575191094199,1007.8065519533062,1008.4268669710418,-1.1243919388464212,-0.6553765042180719,0.03506148648250473,73.2635584861455,77.75344075554632,74.87915050695024,2.2487838776928424,1.6909939241547751,1.1832963244413008,3.0725733039092056,3.6528107255769813,4.025520444192305,0.42164697706740795,-0.0875069025791644,-0.2852028160361595,25.373888664749654
2026-09-03 19:30:00,20.137810889170765,20.71001746233714,20.43929758978375,19.91013206274757,20.968463116819926,0.7036136205698402,0.1499609133046783,-0.12614002889900228,0.4260618555083589,0.7983964425798504,0.1207589592487146,1008.898923367466,1007.8104756699241,1008.501345302264,-1.1257817929117444,-0.6553765042180719,-0.03549312812174321,73.7880115701241,75.64984140952427,74.64231113250062,2.251563585823489,1.6909939241547751,-0.6834636471311342,2.511865957625286,3.0980110476737814,3.0689439777989045,0.4221681723419041,-0.0875069025791644,0.11657397245404155,6.022488904777407
2026-09-03 19:35:00,19.86962375925986,20.773017685768853,20.552755345013033,20.023426499205932,21.082084190820133,0.7044822793606671,0.1499609133046783,-0.1264529110344096,0.4263747376437662,0.46479706296303647,0.07030142745114176,1009.2452319631795,1008.0593868603645,1008.6923338353488,-1.1271716469770674,-0.6553765042180719,0.022429529233818357,75.57941152665845,76.05966755649096,74.52179345732289,2.254343293954135,1.6909939241547751,-0.15311982498670318,4.986007387337025,5.7559526366964135,5.691310209994083,0.42268936761640025,-0.0875069025791644,0.15214932928149505,4.002474491905705
2026-09-03 19:40:00,20.456959233365033,21.009958097379997,20.819927855855642,20.290435741652345,21.34941997005894,0.7053509381514941,0.1499609133046783,-0.12676543940817803,0.42668726601753465,0.26491789351433326,0.04006932821967624,1008.9030303464965,1007.7101132582402,1008.4761269886544,-1.1285615010423906,-0.6553765042180719,-0.11063722619610417,73.1154334073839,74.69887745769158,73.31173631462384,2.2571230020847812,1.6909939241547751,-0.30385278108704483,3.330873499949918,4.043928166563603,4.3293508125763305,0.4232105628908964,-0.08750690257916441,-0.19791574343356277,7.597617723386508
2026-09-03 19:45:00,19.789219568813778,20.435499954423236,20.400644375625582,19.87098904335423,20.930299707896936,0.7062195969423211,0.1499609133046783,-0.12707761521754757,0.4269994418269042,-0.7610175689167455,-0.11510533450702454,1009.2226095247934,1007.8369402838172,1008.46742073505,-1.1299513551077138,-0.6553765042180719,0.024896052985241113,75.89888120437212,77.14496256388937,74.86650627982002,2.2599027102154277,1.6909939241547751,0.5874623599145679,5.619275471382377,6.190389435765654,6.1137357427945185,0.4237317581653926,-0.08750690257916442,0.1641605955503005,7.089300352001469
2026-09-03 19:50:00,19.955625308013044,20.977888725646586,20.71749901270856,20.187680512650783,21.24731751276634,0.707088255733148,0.1499609133046783,-0.12738943965302058,0.4273112662623772,0.7300987134547938,0.11042879963334684,1009.1417686122782,1007.9732342720059,1008.584371818596,-1.1313412091730368,-0.6553765042180719,0.04423895762806751,73.7481451151977,76.67174402637619,75.1356180476278,2.2626824183460736,1.6909939241547751,-0.15486794540639437,1.982374771319392,2.068350439396652,2.4232680256355037,0.42425295343988884,-0.08750690257916442,-0.267410683659687,11.8346423060676
2026-09-03 19:55:00,18.780896120634498,19.479293185081517,19.57031962823437,19.040338010625348,20.10030124584339,0.707956914523975,0.1499609133046783,-0.12770091389841443,0.42762274050777105,-1.5932850804563685,-0.24098735645753067,1009.4907835227531,1008.2860572375924,1008.8766830592149,-1.13273106323836,-0.6553765042180719,0.06475068259567252,78.31001611742464,80.83280037157462,78.4476479937764,2.26546212647672,1.6909939241547751,0.6941584536434391,5.72288337452379,6.882233619690393,6.583065435783311,0.424774148714385,-0.08750690257916442,0.38667508648624604,30.42094881866501
2026-09-03 20:00:00,19.314198860415093,19.877669606163124,19.567271630381995,19.03712694541055,20.097416315353442,0.708825573314802,0.1499609133046783,-0.12801203913091413,0.42793386574027076,1.0607277566490083,0.16043706247645062,1009.6772045672843,1008.4656865015783,1009.1158758114187,-1.1341209173036833,-0.6553765042180719,0.0051871943776404805,75.49531804478015,78.0825301208198,77.28792877616823,2.2682418346073665,1.6909939241547751,-0.8963925795032139,3.1742819691766146,3.1784924498439526,3.6309228304722074,0.4252953439888812,-0.08750690257916442,-0.3649234780490902,25.85642271067395
2026-09-03 20:05:00,19.39559806142313,19.929768822156177,19.722646657314947,19.192338955123592,20.2529543595063,0.7096942321056289,0.1499609133046783,-0.12832281652112404,0.42824464313048066,0.3779209440369584,0.05716125153655227,1009.5902244335512,1008.5172446215706,1009.21227024338,-1.1355107713690062,-0.6553765042180719,-0.03964911759123879,76.46653633057053,78.44153990063874,76.8208714400779,2.2710215427380125,1.6909939241547751,-0.07032546359393166,0.08573015468806013,0.7963256462361301,0.8395362231445113,0.4258165392633773,-0.08750690257916442,0.04429632567078323,0.8262326472665921
2026-09-03 20:10:00,18.905217626956553,19.682324383770045,19.57589680977303,19.04542614045806,20.106367479088004,0.7105628908964559,0.1499609133046783,-0.1286332472331193,0.42855507384247593,-0.2878201621899983,-0.043533339307664676,1009.3730191349325,1008.3349133024168,1009.071466580453,-1.1369006254343295,-0.6553765042180719,-0.08117677381812882,78.9365328485627,80.98685390178582,78.73835908329582,2.273801250868659,1.6909939241547751,0.5575008943352202,2.0264084149857764,2.5821312945895394,2.471492944964763,0.4263377345378735,-0.08750690257916442,0.19814525220394108,8.134151581159871
2026-09-03 20:15:00,19.131328518651134,19.576130466642976,19.433282352948734,18.902648766560276,19.96391593933719,0.7114315496872828,0.1499609133046783,-0.1289433324244969,0.4288651590338535,-0.04702619119181506,-0.0071127996104358715,1009.9048599443423,1008.801398640539,1009.3587418404705,-1.1382904794996527,-0.6553765042180719,0.09803330428655954,76.02226062958894,78.00209670570212,77.03752736181691,2.2765809589993053,1.6909939241547751,-0.7264245802695797,9.057967087460588,9.132583305528623,9.015144497328436,0.42685892981236967,-0.08750690257916442,0.2049457107793522,9.781357807701216
2026-09-03 20:20:00,18.331410042367366,18.994243058066193,18.9128873890485,18.382090935590607,19.443683842506392,0.7123002084781098,0.1499609133046783,-0.12925307324642582,0.42917489985578244,-0.4535827678693316,-0.06860524428698511,1010.0528559028552,1009.0624878478576,1009.6776160128312,-1.1396803335649757,-0.6553765042180719,0.04024833924449922,81.90240594038599,84.11681206020756,81.20141495428709,2.2793606671299513,1.6909939241547751,1.2244031817656946,7.8171161044974555,8.207205947920771,8.632729651628882,0.4273801250868659,-0.08750690257916442,-0.33801680112894594,24.68498402628733
2026-09-03 20:25:00,18.935692713058657,19.715507687325598,19.39861963743651,18.867660366867216,19.929578908005805,0.7131688672689368,0.1499609133046783,-0.12956247084369693,0.42948429745305355,1.1036368054857313,0.16692713658440894,1010.161182844214,1009.1064469454583,1009.8045555982131,-1.1410701876302989,-0.6553765042180719,-0.0427321485367429,79.89967918681725,82.85008631036972,81.71613628155364,2.2821403752605978,1.6909939241547751,-0.5570438953387082,2.8369703614383477,3.2412458159263178,3.5116178206920394,0.4279013203613621,-0.08750690257916442,-0.18286510218655705,9.517077860947364
2026-09-03 20:30:00,19.12566294407736,20.099530434246656,19.914158247249187,19.383036209480583,20.44528028501779,0.7140375260597638,0.1499609133046783,-0.12987152635477245,0.42979335296412907,0.23412122064845775,0.03541127369279096,1010.3998693182377,1009.2131508480713,1009.8931709980312,-1.142460041695622,-0.6553765042180719,-0.0246436457417758,75.59466838547992,78.14844879887544,77.69991480330044,2.284920083391244,1.6909939241547751,-1.242459928579791,6.75124618607597,7.571343516454985,7.235179123291662,0.42842251563585826,-0.08750690257916442,0.42367129574248796,33.74493935103355
2026-09-03 20:35:00,17.89572205199098,18.74413785291557,18.866383331582924,18.335098576481222,19.397668086684625,0.7149061848505907,0.1499609133046783,-0.13018024091183472,0.43010206752119134,-1.7996893675636656,-0.27220639197203056,1010.1684795681434,1008.9552012295253,1009.6999122703111,-1.143849895760945,-0.6553765042180719,-0.08933453656766233,80.91247822685143,83.60026828207002,80.57392071886454,2.28769979152189,1.6909939241547751,1.3353536390506946,5.326637554544093,5.541587995370383,5.903545464818354,0.4289437109103544,-0.08750690257916442,-0.274450566868806,28.638522220951252
2026-09-03 20:40:00,17.698096013169227,18.271057833214208,18.11700417473263,17.585556752118244,18.64845159734702,0.7157748436414176,0.1499609133046783,-0.1304886156408347,0.4304104422501913,0.02705913672948057,0.0040927451768979495,1010.5463792353601,1009.4480628210488,1009.9915608764148,-1.1452397498262683,-0.6553765042180719,0.11187844885205322,83.59594549462251,86.28607212087441,84.08666846160958,2.2904794996525366,1.6909939241547751,0.5084097351100496,10.344064262080428,10.694945666337972,10.483857211115307,0.42946490618485056,-0.08750690257916442,0.29859535780182966,15.446847856420119
2026-09-03 20:45:00,18.293857782481425,19.246185148426413,18.83414399682852,18.302533956476122,19.365754037180917,0.7166435024322446,0.1499609133046783,-0.13079665166153975,0.4307184782708964,1.7327404212951691,0.2620802382932155,1010.7389060679001,1009.6783415304938,1010.2948482098798,-1.1466296038915915,-0.6553765042180719,0.03886982483209067,80.73829790518604,83.73911106287461,83.01982004012973,2.293259207783183,1.6909939241547751,-0.9717029014098983,3.7616750089837843,3.490840228936752,4.11034858672728,0.42998610145934674,-0.08750690257916442,-0.5320014552113634,52.670245180629706
2026-09-03 20:50:00,18.181388585677514,18.83899773939109,18.779343826634978,18.24757121827359,19.311116434996368,0.7175121612230716,0.1499609133046783,-0.1311043500875811,0.4310261766969377,-0.5970636748328957,-0.09030700054856666,1010.4092984427949,1009.4709556308927,1010.2225973159059,-1.1480194579569145,-0.6553765042180719,-0.09626518079505786,79.78586139685443,82.31242034600047,81.08805856471406,2.296038915913829,1.6909939241547751,-0.4666321428683773,5.8827099765331985,6.833646111204115,6.467375688569808,0.43050729673384297,-0.08750690257916442,0.4537773252134718,32.39558054873644
2026-09-03 20:55:00,17.178401201966594,17.64964141757061,17.698764182700263,17.1668290560133,18.230699309387226,0.7183808200138986,0.1499609133046783,-0.13141171202650087,0.4313335386358575,-1.316239404732805,-0.19908367843433084,1010.8403635375803,1009.869630182299,1010.4646607265755,-1.1494093120222377,-0.6553765042180719,0.06034595994162828,87.98567408695222,90.57157116913982,87.08789410628398,2.2988186240444755,1.6909939241547751,1.792683138701051,1.4091586314415854,1.519046650543903,1.9666252576044512,0.43102849200833915,-0.08750690257916442,-0.3600717044813837,39.61259796683969
2026-09-03 21:00:00,17.058466308634234,17.743307515585865,17.476319820265424,16.944222224890783,18.008417415640064,0.7192494788047256,0.1499609133046783,-0.1317187385797987,0.43164056518915533,0.7737211965823256,0.11702678201576333,1010.8332891611552,1009.6012690440915,1010.3427509412982,-1.150799166087561,-0.6553765042180719,-0.08610539298854292,87.44699328158599,90.69963660671563,89.41958794398603,2.301598332175122,1.6909939241547751,-0.4109452614251836,3.9069000570042967,4.436523003558885,4.180021303595771,0.4315496872828353,-0.08750690257916442,0.34400860254227883,20.02865065079688
2026-09-03 21:05:00,16.953913504459333,17.961665482284026,17.709421772001203,17.177161757531323,18.241681786471084,0.7201181375955524,0.1499609133046783,-0.13202543084297746,0.4319472574523341,0.6762415124518988,0.10228279697814457,1011.0132577488652,1009.8457677866933,1010.4594632779676,-1.152189020152884,-0.6553765042180719,0.041681012943740825,87.05264836129258,88.82498966719585,88.12027592612351,2.304378040305768,1.6909939241547751,-0.9862801830824424,10.0202455438566,10.421894077497372,10.362401924305297,0.43207088255733145,-0.08750690257916442,0.14699905577123928,9.382312861749522
2026-09-03 21:10:00,16.3701036255802,17.124138431979564,17.10498806012118,16.572565676103117,17.637410444139242,0.7209867963863794,0.1499609133046783,-0.13233178990558914,0.43225361651494576,-0.8648523603748828,-0.13081054144629434,1011.194175729316,1010.1412495258355,1010.7369151692645,-1.1535788742182072,-0.6553765042180719,0.05971086078909593,88.65538127462337,90.27794495909858,88.45391930727291,2.3071577484364143,1.6909939241547751,0.13303172767088256,4.83973671081697,5.242928498613796,5.835875282128065,0.4325920778318276,-0.08750690257916442,-0.5054398809351044,38.75046007307315
2026-09-03 21:15:00,16.382928871250197,17.10728869929336,16.908259548787544,16.37567484472304,17.44084425285205,0.7218554551772064,0.1499609133046783,-0.13263781685128,0.43255964346063663,0.3244140746887929,0.049068237201137066,1011.1853448107274,1010.1905757491528,1010.8690321129066,-1.1549687282835304,-0.6553765042180719,-0.023079859535641845,87.1085299022062,88.46973007942377,87.1412420108421,2.3099374565670607,1.6909939241547751,-0.36250585557311865,3.2047030106150727,3.880774879182659,3.802901660959909,0.4331132731063238,-0.08750690257916442,0.16538012080191455,4.891909524921792
2026-09-03 21:20:00,16.192567120259422,17.242733563168027,17.027599604213034,16.494852629558576,17.56034657886749,0.7227241139680334,0.1499609133046783,-0.13294351275783517,0.4328653393671918,0.43089082684239344,0.06517304565031523,1011.2732434693229,1010.2577303072798,1010.9385374720762,-1.1563585823488534,-0.6553765042180719,-0.02543066057830856,91.08228513664909,93.541333952243,90.7559239774671,2.3127171646977067,1.6909939241547751,1.0944160506211063,1.968825863304968,2.9038390697768786,2.953849282278713,0.43363446838082004,-0.08750690257916442,0.037496690077330364,6.876957536549392
2026-09-03 21:25:00,16.132344168154074,16.569665971502047,16.519726394931222,15.986817199098127,17.052635590764318,0.7235927727588604,0.1499609133046783,-0.1332488786972229,0.43317070530657953,-0.661289894573514,-0.10002133673385316,1011.495558458313,1010.3282283469741,1010.9953466891501,-1.1577484364141766,-0.6553765042180719,-0.01174183795785666,87.04643211477212,87.87894319462517,87.54656578255765,2.315496872828353,1.6909939241547751,-1.3586165120872664,6.064491762485166,6.574095527123079,6.465632427583099,0.4341556636553162,-0.08750690257916441,0.19597000211914484,16.038764055143027
2026-09-03 21:30:00,16.27231240561074,16.739654014349874,16.51760126822323,15.984529900577702,17.05067263586876,0.7244614315496873,0.1499609133046783,-0.13355391573563863,0.43347574234499525,0.47663430707093113,0.07209183282196463,1011.4427502825586,1010.0955085942147,1010.8213555115558,-1.1591382904794998,-0.6553765042180719,-0.07047041312296187,90.39397309298592,93.08197295079265,90.30846460054644,2.3182765809589996,1.6909939241547751,1.0825144260914215,5.596049483539364,6.227249747758334,6.494154113555658,0.4346768589298124,-0.08750690257916441,-0.17939746321815964,11.717198310109294
2026-09-03 21:35:00,16.228155567273387,16.630316363420533,16.474634389917806,15.941400899781003,17.007867880054608,0.7253300903405142,0.1499609133046783,-0.13385862493354828,0.4337804515429049,0.03782472239182155,0.005721060198048633,1011.5578319188675,1010.2474633178857,1010.8628793679248,-1.1605281445448228,-0.6553765042180719,0.03996045417898131,89.92499077552478,92.15869258901397,90.742995528497,2.3210562890896456,1.6909939241547751,-0.2752968636378199,3.7638128387648124,4.297678353987234,4.461451558322326,0.4351980542043085,-0.08750690257916441,-0.07626630175592819,1.4008313413868594
2026-09-03 21:40:00,16.60458938308935,17.405317769516703,17.12989673144874,16.596501168096854,17.663292294800623,0.7261987491313412,0.1499609133046783,-0.1341630073457311,0.43408483395508773,0.8294781432351535,0.12546012476328627,1011.9368495301553,1010.8158265586931,1011.334223799813,-1.161917998610146,-0.6553765042180719,0.1369792630981692,90.91966941612282,94.15121717319995,92.26940339707252,2.323835997220292,1.6909939241547751,0.19081985197264828,9.549651751537219,10.290630428195211,10.02255520406082,0.4357192494788047,-0.0875069025791644,0.35558212671355527,21.984430735969696
2026-09-03 21:45:00,15.436678596226214,16.19704462957141,16.290770114014187,15.757212526678503,16.82432770134987,0.7270674079221682,0.1499609133046783,-0.1344670640213227,0.4343888906306793,-1.611129760285177,-0.2436863977474566,1011.7761353200999,1010.6641613043381,1011.3948437980097,-1.1633078526754692,-0.6553765042180719,-0.07530598945345446,92.23107142814203,94.02015328512097,92.5738174284136,2.3266157053509384,1.6909939241547751,-0.2446580674474177,0.8241379874123722,1.1215035183197748,1.8730639336487798,0.43624044475330087,-0.08750690257916437,-0.6640535127498406,70.14144187163028
2026-09-03 21:50:00,16.08316626032055,17.1196496004895,16.77737593583963,16.243656373706596,17.311095497972662,0.7279360667129952,0.1499609133046783,-0.13477079600385683,0.43469262261321345,1.271473499705385,0.19231275134519166,1012.1610904153424,1010.8315908025864,1011.4984378127135,-1.1646977067407922,-0.6553765042180719,-0.011470505908960149,90.26753071297723,92.4342714981248,91.21098627154713,2.3293954134815844,1.6909939241547751,-0.467708697577109,3.30919479728062,4.068573603633341,3.634850346072133,0.4367616400277971,-0.08750690257916437,0.5212301601403726,43.81630223123808
2026-09-03 21:55:00,15.459118655017756,16.236618395948934,16.235297919425275,15.701416431636574,16.769179407213976,0.7288047255038221,0.1499609133046783,-0.1350742043313073,0.4349960309406639,-0.9827345042371469,-0.1486404367810188,1012.2423064275955,1011.0829043084228,1011.7105414713888,-1.1660875608061154,-0.6553765042180719,0.027739341252186023,90.20842280080623,93.43836058905316,91.47766463805795,2.332175121612231,1.6909939241547751,0.26970202684043443,8.76415531903224,9.534588114028747,9.487450891927645,0.4372828353022933,-0.08750690257916437,0.13464412468026588,5.383502036271935
2026-09-03 22:00:00,15.38213830478571,16.0309802571845,15.875362663930257,15.34131929958287,16.409406028277644,0.7296733842946491,0.1499609133046783,-0.13537729003612942,0.43529911664548604,0.03739907313412871,0.005656679949563426,1012.0248146840408,1010.9520209227152,1011.6712844319545,-1.1674774148714386,-0.6553765042180719,-0.06388700502122902,90.9047758491004,94.34623919626581,92.42038757066393,2.3349548297428773,1.6909939241547751,0.2348577014470976,3.421685541093556,4.184250674275218,4.769604367652544,0.43780403057678946,-0.0875069025791644,-0.4978467907981612,36.1067716926089
2026-09-03 22:05:00,15.531065910821635,16.26196692848273,16.02090666836665,15.486701476512923,16.555111860220375,0.730542043085476,0.1499609133046783,-0.135680054145301,0.4356018807546576,0.6023022628554866,0.0910993468114043,1012.2917234153803,1010.9501721478174,1011.6272146520089,-1.1688672689367616,-0.6553765042180719,-0.021665999973379257,89.74108714980237,91.53469979507445,90.47842312167317,2.3377345378735233,1.6909939241547751,-0.6347172507535106,2.9653640134899315,3.2056448791402743,3.1029933294619516,0.4383252258512856,-0.0875069025791644,0.1901584522574873,8.160039377101171
2026-09-03 22:10:00,14.673339475196917,15.428291660765412,15.398718459346163,14.864351488993883,15.933085429698444,0.731410701876303,0.1499609133046783,-0.13598249768036286,0.4359043242897195,-0.7959419449921921,-0.12038771188542974,1012.6809642704188,1011.6764567276874,1012.1692232722653,-1.1702571230020848,-0.6553765042180719,0.1626099596402355,90.67382236849431,93.15976160056822,91.03369179556918,2.3405142460041697,1.6909939241547751,0.4350758808442521,4.807524609178119,5.1958697400327445,5.133271477030289,0.43884642112578176,-0.0875069025791644,0.15010516558162035,8.667769301878383
2026-09-03 22:15:00,15.13882836788325,15.536755473884746,15.312915402804773,14.77838670291722,15.847444102692325,0.73227936066713,0.1499609133046783,-0.13628462165745892,0.43620644826681554,0.48845118503469465,0.07387915777529486,1012.4618953055374,1011.233618656186,1012.0334085810467,-1.171646977067408,-0.6553765042180719,-0.14441342064264973,90.75968701611822,93.33851615240029,91.54321234704952,2.343293954134816,1.6909939241547751,0.10430988119598794,7.246958071043507,7.758165784077916,7.830320167049869,0.43936761640027794,-0.0875069025791644,0.015352519607211512,2.991233525562763
2026-09-03 22:20:00,14.918096747580385,16.193311095905322,15.908586011365497,15.373895630861531,16.443276391869464,0.7331480194579569,0.1499609133046783,-0.1365864270873765,0.43650825369673313,0.8909917373481253,0.1347641712351475,1012.6452819940539,1011.6608871298076,1012.2578977515174,-1.173036831132731,-0.6553765042180719,0.05836588250838304,91.133880457753,93.77887684451538,92.05876657702288,2.346073662265462,1.6909939241547751,0.029116343337719286,1.8146920016066534,1.843328199832726,2.308868920598613,0.43988881167477417,-0.0875069025791644,-0.3780338181867222,22.696465473812427
2026-09-03 22:25:00,14.916431156977474,15.75442203884664,15.719932205369078,15.18508019312319,16.254784217614965,0.7340166782487839,0.1499609133046783,-0.13688791497558528,0.4368097415849419,-0.7634356898103629,-0.1154710798271168,1012.8886948287787,1011.6342502767144,1012.3184987824693,-1.1744266851980543,-0.6553765042180719,-0.028872001536797143,91.22327735635653,93.36207019930015,91.84062881614281,2.3488533703961085,1.6909939241547751,-0.16955254099744366,9.309580494287747,10.22846656366282,9.686808066954441,0.44041000694927035,-0.08750690257916442,0.6291653992875439,58.13343501774654
2026-09-03 22:30:00,14.70540342780851,15.48229042645264,15.38009291416002,14.845079319002405,15.915106509317635,0.7348853370396109,0.1499609133046783,-0.1371890863222765,0.4371109129316331,-0.3157871655303168,-0.04776340101205889,1013.0398310298615,1011.7100206681655,1012.3755780132864,-1.1758165392633775,-0.6553765042180719,-0.010180840902762611,90.47021666461143,93.84695646163709,92.0883587295244,2.351633078526755,1.6909939241547751,0.06760380795790866,6.924543425426442,7.361791667599556,7.931363432297163,0.4409312022237665,-0.08750690257916442,-0.4820648621184418,33.43478913637874
2026-09-03 22:35:00,15.44455794105323,16.303344733739387,15.992330631613882,15.457155502330508,16.527505760897256,0.7357539958304378,0.1499609133046783,-0.13748994212240184,0.43741176873175847,1.0648012687477504,0.16105318882082642,1012.9859481471425,1011.7400212053376,1012.4062617509305,-1.1772063933287005,-0.6553765042180719,-0.010864041374816225,90.6972140398126,91.53986403957276,90.31844325410265,2.354412786657401,1.6909939241547751,-0.469573138684666,2.45953213553755,2.986162899317229,3.162904879733867,0.44145239749826265,-0.08750690257916442,-0.08923507783747331,5.026279971870938
2026-09-03 22:40:00,14.082525359354845,14.96103021009343,15.057691372871972,14.522354758204642,15.593027987539301,0.7366226546212647,0.1499609133046783,-0.1377904833657117,0.4377123099750683,-1.6305389631667957,-0.24662207608322007,1013.0337578895671,1011.8408894237116,1012.4856336516124,-1.1785962473940237,-0.6553765042180719,0.010632276317323885,90.2960517139201,92.31634002086727,90.32148012084039,2.3571924947880474,1.6909939241547751,0.3038659758720996,6.136438615263144,6.405310876117742,6.129454824701604,0.4419735927727588,-0.08750690257916442,0.3633629539953027,25.760391134523765
2026-09-03 22:45:00,14.002951411179465,14.71233202749107,14.533667006415149,13.998168955061574,15.069165057768723,0.7374913134120917,0.1499609133046783,-0.13809071103679305,0.43801253764614967,0.18977687183266845,0.02870410777124377,1013.4347265980002,1012.1964685105252,1012.7848849211853,-1.179986101459347,-0.6553765042180719,0.06696009355800925,90.10958062020066,92.82789740933771,90.91392088728918,2.359972202918694,1.6909939241547751,0.22298259789374697,3.8345134433071624,3.8789449635443107,4.2263017227948865,0.442494788047255,-0.08750690257916442,-0.25984985667141114,10.47683653239997
2026-09-03 22:50:00,13.846430845267468,14.458542590222246,14.25897363204012,13.723314192653978,14.794633071426263,0.7383599722029187,0.1499609133046783,-0.13839062611510722,0.43831245272446384,0.32798300680880565,0.049608044877446744,1013.5784097086689,1012.3646335399083,1013.0179117574493,-1.18137595552467,-0.6553765042180719,0.0020982866770964392,90.81772646787597,93.54625822848479,91.73974851023705,2.36275191104934,1.6909939241547751,0.11551579409295698,3.9456795270775777,4.207486544756898,4.1834757496350345,0.44301598332175124,-0.08750690257916442,0.11151769770102771,2.103868965438261
2026-09-03 22:55:00,13.756502545084281,14.615621313342366,14.385258600292724,13.84943782148373,14.921079379101718,0.7392286309937457,0.1499609133046783,-0.1386902295750272,0.4386120561843838,0.5315755559070912,0.08040179974496375,1013.5587631753948,1012.4260921382562,1013.11896705732,-1.1827658095899931,-0.6553765042180719,-0.03749841484568606,90.01975396301954,93.46749280669134,91.90538330449978,2.3655316191799862,1.6909939241547751,-0.12888442196322103,6.801335784405618,7.310634219291941,7.266247292543609,0.4435371785962474,-0.08750690257916442,0.13189382932749716,3.408079936909685
2026-09-03 23:00:00,13.609474576637028,14.42671403452789,14.299960706074925,13.7639786364089,14.83594277574095,0.7400972897845727,0.1499609133046783,-0.1389895223858742,0.4389113489952308,-0.15343667502396663,-0.023207584851713037,1013.5171906551644,1012.3073580860396,1013.0296790961465,-1.1841556636553163,-0.6553765042180719,-0.06694450588884138,90.43903053624479,93.76592217811645,92.10169160559768,2.3683113273106327,1.6909939241547751,-0.026763351636006405,9.977670367226962,10.623757384923813,10.708160792518537,0.4440583738707436,-0.08750690257916442,0.0031034949844404025,0.5614982798852404
2026-09-03 23:05:00,14.228560739445879,14.807548668203395,14.594146278660562,14.058002966659492,15.130289590661631,0.7409659485753995,0.1499609133046783,-0.13928850551195499,0.4392103321213116,0.4194425759850695,0.06344147623815566,1013.4736566543709,1012.2781942775575,1012.951579710823,-1.1855455177206393,-0.6553765042180719,-0.018008929047368838,90.19160683845828,92.33426457365378,90.97099497251516,2.3710910354412786,1.6909939241547751,-0.32772432301615595,2.024012043441252,2.5171290747673076,3.1106532859222185,0.4445795691452397,-0.08750690257916442,-0.5060173085757462,37.54920917563414
2026-09-03 23:10:00,14.212526871847976,15.238168601487656,15.048266836517676,14.511962330659786,15.584571342375567,0.7418346073662265,0.1499609133046783,-0.13958717991259734,0.43950900652195396,0.2640684722821156,0.03994085166530148,1013.5588286638043,1012.115509332138,1012.798332550693,-1.1869353717859625,-0.6553765042180719,-0.027446714336861078,90.96292928370939,94.3766970221058,92.20197799185739,2.373870743571925,1.6909939241547751,0.4837251060936296,4.0633588374297505,4.612476806722071,4.248610339456214,0.4451007644197359,-0.08750690257916444,0.4513733698450224,30.525784396734807
2026-09-03 23:15:00,13.31030041579061,14.111674089212261,14.188630383994441,13.652164732714255,14.725096035274628,0.7427032661570535,0.1499609133046783,-0.13988554654218638,0.439807373151543,-1.500260459545391,-0.22691720808685822,1013.8482204628743,1012.7186499394246,1013.2172691096193,-1.1883252258512857,-0.6553765042180719,0.1567573340233821,91.52624763282422,93.33166468950483,91.88614557618816,2.3766504517025715,1.6909939241547751,-0.24547481083810396,4.4537738528704285,4.798287900160247,4.9514103343519995,0.4456219596942321,-0.08750690257916444,-0.06561553161258793,9.109568076247752
2026-09-03 23:20:00,13.102888208658918,13.992424006060325,13.799527947318738,13.262901199007143,14.336154695630334,0.7435719249478805,0.1499609133046783,-0.14018360635020016,0.4401054329595568,0.2838652104302639,0.042935145436908684,1013.9169582296922,1012.7138626551218,1013.3905369154679,-1.1897150799166087,-0.6553765042180719,-0.021297756127978573,89.96027035471161,93.0844104207783,91.48026346865323,2.3794301598332175,1.6909939241547751,-0.08684697202971847,3.779043324775704,4.374061049618061,4.507458675194393,0.4461431549687283,-0.08750690257916444,-0.04589072299716701,0.5848081275539733
2026-09-03 23:25:00,13.524639571845489,14.54746433312018,14.241635123181661,13.70484732618598,14.778422920177341,0.7444405837387075,0.1499609133046783,-0.1404813602812447,0.4404031868906013,1.0305214148718633,0.15586829663384094,1014.1466624959293,1013.1971015090197,1013.7929664345925,-1.191104933981932,-0.6553765042180719,0.05951157864535617,89.7139402994455,93.54456815014616,91.72049084798374,2.382209867963864,1.6909939241547751,0.13308337800764036,3.6947662431398163,4.586280453298813,4.642614701445005,0.4466643502432245,-0.08750690257916444,0.031172654432972458,3.1943900331009494
2026-09-03 23:30:00,13.018490720657725,13.768177727420227,13.755525032935015,13.218576235559068,14.292473830310962,0.7453092425295345,0.1499609133046783,-0.14077880927508918,0.4407006358844458,-0.9078116781103756,-0.13730821881946653,1014.114049511566,1012.7806199484306,1013.5916930594734,-1.1924947880472552,-0.6553765042180719,-0.15569660682467656,90.54272426070126,93.89966912227975,92.13200201424522,2.3849895760945103,1.6909939241547751,0.07667318387974831,1.2743420656215159,1.9329644438709326,2.1442641101570805,0.44718554551772066,-0.08750690257916444,-0.12379276370698333,6.912928573846366
2026-09-03 23:35:00,13.39897378618526,14.208542088902446,13.960232327020345,13.423122577524513,14.497342076516176,0.7461779013203613,0.1499609133046783,-0.14107595426670022,0.44099778087605684,0.6502322587454312,0.0983488485774231,1013.8688844892857,1012.4037555478982,1013.1717715382483,-1.1938846421125782,-0.6553765042180719,-0.11263948613202501,90.63955695809452,93.11194254913897,91.62302451152522,2.3877692842251563,1.6909939241547751,-0.20207588654102437,5.915745414608832,6.606314721876931,6.373127167604095,0.4477067407922168,-0.08750690257916445,0.32069445685200026,17.321652137722193
2026-09-03 23:40:00,13.136555332359817,14.045607340172229,13.921325951614637,13.384055298215928,14.458596605013346,0.7470465601111883,0.1499609133046783,-0.14137279618627663,0.44129462279563325,-0.16977987664657412,-0.0256795247470869,1014.3277828258583,1013.2252186037699,1013.6551260715761,-1.1952744961779014,-0.6553765042180719,0.22546903641193694,90.72274471691118,92.84787069184928,91.19169700284039,2.3905489923558028,1.6909939241547751,-0.03482023514588661,4.163617234687521,4.700050090546224,5.073277059365374,0.44822793606671296,-0.08750690257916446,-0.28572006623998547,17.390022113721358
2026-09-03 23:45:00,12.361885434707041,12.964828436849047,12.980266838068207,12.442835328940323,13.517698347196092,0.7479152189020153,0.1499609133046783,-0.14166933595928288,0.4415911625686395,-1.0935356278535,-0.16539931452383883,1014.0936839600336,1012.9489986625373,1013.6686826036857,-1.1966643502432246,-0.6553765042180719,-0.06430743693033492,90.33594521759602,91.50640088107504,90.00673193407776,2.393328700486449,1.6909939241547751,-0.19132497715750674,2.5600529056106844,2.557855516072013,2.6671244155779466,0.44874913134120914,-0.08750690257916446,-0.021761996926768834,3.610494652166636
2026-09-03 23:50:00,13.503240469128237,14.262834679390279,13.824541050375673,13.286948733649071,14.362133367102276,0.7487838776928423,0.1499609133046783,-0.14196557450648306,0.4418874011158397,1.9063083677962673,0.28833271570992736,1014.256940848987,1012.9076216915988,1013.6055757925476,-1.1980542043085476,-0.6553765042180719,-0.0425775967306663,90.53864219010805,93.1831823090565,91.01338572298411,2.396108408617095,1.6909939241547751,0.4788026619176122,7.156346754756813,7.292217122183145,7.065800202613637,0.4492703266157054,-0.08750690257916446,0.31392382214867265,24.236025746820452
2026-09-03 23:55:00,13.521948066003015,14.296710319816913,14.181585621450608,13.643832545212568,14.719338697688649,0.7496525364836693,0.1499609133046783,-0.14226151274397414,0.44218333935333076,-0.2303192264390077,-0.03483621493837319,1014.4209383743839,1012.9920319727595,1013.6343496734304,-1.1994440583738708,-0.6553765042180719,0.013058803547210118,90.82401764732839,92.3307319816994,90.8060914517494,2.3988881167477416,1.6909939241547751,-0.16635339420477635,7.005377285191164,7.591631547280519,7.875324207425866,0.44979152189020155,-0.08750690257916446,-0.19618575756618206,5.781428303248704
2026-09-04 00:00:00,12.481186846126645,13.040496331064462,13.14514427257876,12.607230484873448,13.683058060284072,0.7505211952744962,0.1499609133046783,-0.14255715158321908,0.4424789781925757,-1.683343457093958,-0.25460885481897577,1014.7493501234676,1013.7791257206311,1014.2582546191389,-1.200833912439194,-0.6553765042180719,0.1762476057102731,91.0877148539672,92.85487494795444,91.0894422767257,2.401667824878388,1.6909939241547751,0.07443874707395537,4.489476622642133,4.936507624218805,5.16538214602965,0.45031271716469773,-0.08750690257916446,-0.14136761923167995,13.199526379717557
2026-09-04 00:05:00,12.497315605571396,13.712232817371495,13.38138290304744,12.843308451875972,13.919457354218908,0.7513898540653231,0.1499609133046783,-0.14285249193107952,0.44277431854043614,1.1959455084259627,0.1808890010193771,1014.9807951717512,1013.9906879638377,1014.6556395421591,-1.202223766504517,-0.6553765042180719,-0.009575074103281622,89.5911089830332,91.0429598754529,89.72932009981496,2.404447533009034,1.6909939241547751,-0.3773541485168437,3.274528587249852,3.8573153656308943,3.8659033759040096,0.45083391243919385,-0.08750690257916446,0.07891889230604932,5.091972166202293
2026-09-04 00:10:00,12.696265166065505,13.167064990223174,13.080249722566684,12.542014655887193,13.618484789246175,0.7522585128561501,0.1499609133046783,-0.14314753468984837,0.443069361299205,-0.4174866955095702,-0.06314564564818781,1014.6673391945106,1013.0906070601349,1014.041531561587,-1.2036136205698402,-0.6553765042180719,-0.2955479972340527,90.39813464821668,92.43704802323104,90.36410695201049,2.4072272411396805,1.6909939241547751,0.38194714706577315,5.544827253346538,6.49910938641345,6.418159747946158,0.45135510771369003,-0.08750690257916446,0.16845654104645735,14.955532768360492
2026-09-04 00:15:00,12.648692078015515,13.14219846892506,12.969666584399771,12.431270950127468,13.508062218672075,0.7531271716469771,0.1499609133046783,-0.1434422807572816,0.4433641073666382,0.14922771146935965,0.022570971220609692,1014.6085951203584,1013.3348581913347,1013.9367386837279,-1.2050034746351634,-0.6553765042180719,0.0534960118249046,90.6861707744403,93.07380219212104,91.22653109912375,2.410006949270327,1.6909939241547751,0.1562771688425073,3.2065097369962388,3.876196839753225,4.199311317664567,0.4518763029881862,-0.08750690257916446,-0.2356075753321778,8.41900311925646
2026-09-04 00:20:00,12.714822083418994,13.731663228997514,13.468950533521047,12.930394379528284,14.00750668751381,0.753995830437804,0.1499609133046783,-0.14373673102663076,0.4436585576359874,0.7454570852593019,0.11275178217178805,1014.7737237713014,1013.8169592508185,1014.3155171037478,-1.2063933287004867,-0.6553765042180719,0.15681865128885875,90.12491789888232,92.75659622121586,91.23137164947039,2.4127866574009733,1.6909939241547751,-0.16576935240931334,2.853635499446105,3.683698859431634,3.6699667360699326,0.4523974982626824,-0.08750690257916446,0.10123902594086598,5.689257881699661
2026-09-04 00:25:00,13.19552132154193,14.093039060929868,13.929627250338447,13.390910624454786,14.468343876222107,0.754864489228631,0.1499609133046783,-0.14403088638667383,0.44395271299603045,0.08893044963333807,0.013450897286743313,1014.8819121964193,1013.6027196299867,1014.3173405451336,-1.2077831827658096,-0.6553765042180719,-0.05924441092872712,91.48311493472961,93.41827599193006,91.66712164607658,2.4155663655316193,1.6909939241547751,0.060160421698697064,6.298019392282081,6.779342502660478,6.713429163323287,0.4529186935371786,-0.08750690257916446,0.15342024191635595,3.7874370499604635
2026-09-04 00:30:00,12.264269679475728,12.814809863999029,12.923768695851832,12.384891645864105,13.46264574583956,0.755733148019458,0.1499609133046783,-0.14432474772174708,0.4442465743311037,-1.7118448580005854,-0.2589197451574812,1014.7536398415746,1013.4708749696395,1014.1841085183896,-1.2091730368311329,-0.6553765042180719,-0.057857044532056534,90.23452419926942,93.50829723804783,91.86002692696856,2.4183460736622657,1.6909939241547751,-0.04272361307550909,1.1158474401973706,1.3271226257637134,1.7948868157170228,0.4534398888116748,-0.08750690257916445,-0.380257287374145,28.105979338825914
2026-09-04 00:35:00,11.96294482106989,12.841004430900512,12.613731428196468,12.074694001848838,13.152768854544098,0.7566018068102849,0.1499609133046783,-0.14461831591177565,0.4445401425211323,0.5111479721992147,0.07731208939936529,1015.1217796781953,1013.8688028881544,1014.4322517305471,-1.2105628908964559,-0.6553765042180719,0.09192766182536616,90.51031001790538,92.76487159330632,91.27352474609562,2.4211257817929117,1.6909939241547751,-0.1996470769440748,1.7354616620519143,2.172062898373783,1.9869735966096922,0.4539610840861709,-0.08750690257916445,0.27259620434325504,12.381786951532266
2026-09-04 00:40:00,11.681387733603719,12.732428288204293,12.528470350482225,11.989272595476256,13.067668105488194,0.7574704656011119,0.1499609133046783,-0.1449115918323048,0.4448334184416614,0.35700069355475605,0.05399702441738974,1014.9355744072059,1013.5554871161789,1014.293558456333,-1.211952744961779,-0.6553765042180719,-0.0826948359359676,90.78902638118824,92.58275392449937,90.89455445848101,2.423905489923558,1.6909939241547751,-0.0027944581364209853,0.4539189177379786,0.6669756529829043,0.8432621851527249,0.4544822793606671,-0.08750690257916445,-0.0887796295906561,2.1952424825530947
2026-09-04 00:45:00,11.895260453412888,12.647546966285429,12.481097611167966,11.941739575162684,13.020455647173248,0.7583391243919388,0.1499609133046783,-0.14520457635452988,0.4451264029638865,0.10901313963711345,0.016488441812784416,1015.0221289943062,1013.5530700336449,1014.2167834490816,-1.2133425990271023,-0.6553765042180719,-0.008336911218634668,90.23052592023527,92.83824493208422,91.02492599636307,2.4266851980542046,1.6909939241547751,0.12232501156637454,2.240786065108292,3.1632780267751897,3.0866412099839895,0.4550034746351633,-0.08750690257916444,0.16414371937036476,3.957824542354461
2026-09-04 00:50:00,12.132591138317185,13.411563501514868,13.133861094926647,12.594342825538599,13.673379364314696,0.7592077831827658,0.1499609133046783,-0.14549727034532678,0.4454190969546834,0.8445613844465445,0.12774149328354234,1015.0916320019082,1014.034781645426,1014.5688026317165,-1.2147324530924255,-0.6553765042180719,0.12135551792766819,89.61965510757689,93.6199622805968,91.75228926941904,2.429464906184851,1.6909939241547751,0.17667908702297552,1.4705201178149925,2.1631621106852927,2.401436337272582,0.45552466990965945,-0.08750690257916444,-0.15076732400812487,6.771290690385381
2026-09-04 00:55:00,12.825592299889314,13.2408563796893,13.176575892996054,12.636897437799373,13.716254348192734,0.7600764419735928,0.1499609133046783,-0.14578967466728182,0.44571150127663844,-0.566475135516864,-0.08568042661143238,1015.0971674786028,1013.6046046355079,1014.3783459045057,-1.2161223071577485,-0.6553765042180719,-0.11836476477969882,90.37734261037546,93.07771567791906,91.56167390292944,2.432244614315497,1.6909939241547751,-0.17495214916516488,12.867219931323913,13.479419545496551,13.033248391128566,0.4560458651841557,-0.08750690257916444,0.5336780569471493,43.134163471229684
2026-09-04 01:00:00,11.866393254583503,12.766103046119744,12.720482249469265,12.180643655995738,13.260320842942793,0.7609451007644198,0.1499609133046783,-0.14608179017872142,0.44600361678807804,-0.689843457357938,-0.10434011665419973,1015.1999091103735,1014.0194876669667,1014.5947641675658,-1.2175121612230717,-0.6553765042180719,0.08010000361900893,91.03884541909513,93.18358523964238,91.50630353106125,2.4350243224461434,1.6909939241547751,-0.013712215573647768,3.2108678429100665,4.03821786403715,5.033238348293121,0.45656706045865186,-0.08750690257916444,-0.907513581676807,119.38156474124843
2026-09-04 01:05:00,12.132384847894283,13.127504274693731,12.885645863093863,12.345647178832989,13.425644547354738,0.7618137595552467,0.1499609133046783,-0.14637361773374136,0.446295444343098,0.6075792320282751,0.09189749829518945,1015.0196170241915,1013.9337019328167,1014.6191826972456,-1.2189020152883947,-0.6553765042180719,-0.030104260210805478,90.37447950753152,91.59031445321334,90.20419127964875,2.4378040305767894,1.6909939241547751,-0.3048707505901973,2.2113703195533883,2.0624416509295687,1.8380019787482604,0.457088255733148,-0.08750690257916444,0.3119465747604726,15.356911352661209
2026-09-04 01:10:00,12.009515802033611,12.950467000700735,12.82430070077162,12.284141973170671,13.364459428372568,0.7626824183460736,0.1499609133046783,-0.14666515818223624,0.44658698479159287,-0.1573178072236061,-0.023794613375562434,1015.0646448841022,1013.6266690699134,1014.3705589606275,-1.220291869353718,-0.6553765042180719,-0.08851338649594709,90.11103161031254,92.37608549224231,90.40322646064642,2.440583738707436,1.6909939241547751,0.2818651074411065,2.8881472063445153,3.5221980427549573,3.422329333355238,0.45760945100764416,-0.08750690257916444,0.18737561197888386,6.350992133642979
2026-09-04 01:15:00,12.46845932654501,13.191139258352782,13.00273821627415,12.462419492738238,13.54305693981006,0.7635510771369006,0.1499609133046783,-0.14695641236992785,0.44687823897928447,0.2541464604893324,0.03844012877395464,1015.0176537630077,1013.6573317791995,1014.2917031047845,-1.2216817234190411,-0.6553765042180719,0.021005178633117794,91.02944054020392,93.66074648711249,91.64344560656087,2.4433634468380823,1.6909939241547751,0.3263069563968344,9.122104712907213,9.18704162389804,9.10573777234885,0.45813064628214034,-0.08750690257916444,0.168810754128355,4.8187886846044385
2026-09-04 01:20:00,12.984710398472627,13.691041837998124,13.48076160719447,12.940282935086609,14.021240279302331,0.7644197359277276,0.1499609133046783,-0.14724738113839425,0.4471692077477509,0.3988004601036632,0.06031931749897623,1015.2810474293077,1014.2399527300821,1014.7370665591518,-1.2230715774843643,-0.6553765042180719,0.1582626751484213,90.43741857968061,92.57349702164488,91.20224195613804,2.4461431549687287,1.6909939241547751,-0.3197388586479377,4.713031574296067,5.169506706313005,5.69087936398747,0.4586518415566365,-0.08750690257916442,-0.4338657550953009,30.560960203118896
2026-09-04 01:25:00,11.746258494305595,12.6003759232416,12.66932736664081,12.128688793281974,13.209965939999645,0.7652883947185546,0.1499609133046783,-0.147538065325098,0.4474598919344546,-1.4473364785231464,-0.2189123567038873,1015.362627103822,1014.2180994303063,1014.9038216469461,-1.2244614315496873,-0.6553765042180719,-0.030345712421649296,90.26053481808748,91.37714997059405,89.96360985663507,2.4489228630993747,1.6909939241547751,-0.2774538101958086,3.7052363922955944,4.070897151386562,4.033965033420499,0.45917303683113275,-0.08750690257916442,0.12443902054522837,7.777163420186935
2026-09-04 01:30:00,11.751344988442586,12.680652939282382,12.462432874491371,11.921634447160562,13.003231301822181,0.7661570535093816,0.1499609133046783,-0.14782846576341424,0.44775029237277086,0.4512945793774499,0.06825915148633221,1015.3433997513014,1014.0249556096545,1014.7753403485696,-1.2258512856150106,-0.6553765042180719,-0.09500823469693387,90.59070380688347,92.36195406651073,90.35152615233255,2.451702571230021,1.6909939241547751,0.31943399002339845,7.906726426210738,8.56494164194545,8.389613839965673,0.45969423210562893,-0.08750690257916442,0.26283470455894253,11.880318135329443
2026-09-04 01:35:00,12.357157292785065,13.244677692341746,12.957342906109341,12.416384672043645,13.498301140175037,0.7670257123002084,0.1499609133046783,-0.14811858328265848,0.4480404098920151,0.90824574947702,0.13737387292772674,1015.5532046684887,1014.5063008793124,1015.0695822296669,-1.2272411396803335,-0.6553765042180719,0.09209515386362455,90.94414768591868,94.56226073398955,92.3881981386679,2.454482279360667,1.6909939241547751,0.4830686711668619,3.898839553654386,4.427511167722797,4.900957043382272,0.46021542738012505,-0.08750690257916441,-0.38593897308031,25.393726225941453
2026-09-04 01:40:00,12.208488556858342,13.184394506108054,13.076605480267267,12.53548748666192,13.617723473872614,0.7678943710910354,0.1499609133046783,-0.1484084187081144,0.448330245317471,-0.27881893929461654,-0.042171887463890556,1015.3269082270232,1014.2792575917956,1015.0082384762604,-1.2286309937456568,-0.6553765042180719,-0.07360438024670657,91.73915320981148,95.34361600028716,93.69973779362546,2.4572619874913135,1.6909939241547751,-0.047115717493085185,3.513037012088475,4.3773087868266325,4.293760152936279,0.46073662265462123,-0.08750690257916441,0.17105553646951766,4.978337318699513
2026-09-04 01:45:00,12.67452837629996,13.239517414768475,13.112090423855053,12.570812717863502,13.653368129846603,0.7687630298818624,0.1499609133046783,-0.14869797286106118,0.4486197994704178,-0.1489827635686627,-0.022533922391255956,1015.4522685427515,1014.2626055988928,1014.9425860846193,-1.23002084781098,-0.6553765042180719,-0.024603981508334982,90.99469746464314,92.74542782490141,91.83449396758321,2.46004169562196,1.6909939241547751,-0.7800600668365831,2.6507968310080985,2.931485500657432,3.06478702756123,0.4612578179291174,-0.08750690257916441,-0.04579462432463366,3.5473253748223192
2026-09-04 01:50:00,12.17341048602368,12.897487978871643,12.811483774390652,12.270046403124615,13.352921145656689,0.7696316886726894,0.1499609133046783,-0.14898724655880058,0.4489090731681572,-0.42284903018067865,-0.06395670882368698,1015.2109804558598,1013.8445457198026,1014.5905486624714,-1.2314107018763032,-0.6553765042180719,-0.09062643845072671,91.12574210896523,94.12676894247737,92.12237938477323,2.4628214037526064,1.6909939241547751,0.3133956335493622,3.7885722700009374,4.463085600094536,4.427247243159722,0.4617790132036136,-0.08750690257916441,0.12334525951397879,4.023610812922041
2026-09-04 01:55:00,11.804000425841425,12.38649758688019,12.28781929042103,11.74622230095056,12.8294162798915,0.7705003474635164,0.1499609133046783,-0.14927624061468403,0.44919806722404065,-0.33905441973311135,-0.05128261684551916,1015.3380959914306,1014.0432781299683,1014.617745358487,-1.2328005559416262,-0.6553765042180719,0.08090927569935502,90.2667237610551,91.78946664512222,90.48141728963624,2.4656011118832524,1.6909939241547751,-0.38294456866880466,3.393987489205546,3.904954662753305,4.083121533302853,0.4623002084781098,-0.08750690257916441,-0.090659967970383,2.9341414431470065
2026-09-04 02:00:00,12.195743718964163,12.889890170001278,12.600189972627364,12.058433411980909,13.141946533273819,0.7713690062543433,0.1499609133046783,-0.149564955838139,0.4494867824474956,0.9238846374930247,0.1397392840692362,1015.5206449702755,1014.3294125718619,1014.8886391711552,-1.2341904100069494,-0.6553765042180719,0.09614990492480047,90.03446351271852,93.62629735832839,91.4148295645972,2.468380820013899,1.6909939241547751,0.5204738695764064,5.849281544843243,5.821515867574384,5.805197164925108,0.462821403752606,-0.08750690257916441,0.10382560522844031,6.026160383341242
2026-09-04 02:05:00,12.41861459274691,13.39389643615494,13.172428371602132,12.630512286766596,13.714344456437669,0.7722376650451702,0.1499609133046783,-0.14985339303469591,0.44977521964405254,0.47276869170378966,0.07150715124812912,1015.5626442547081,1014.2987747662637,1014.9765536132941,-1.2355802640722724,-0.6553765042180719,-0.022402342812256393,90.59426393011577,93.26161313657572,91.61079264876714,2.471160528144545,1.6909939241547751,-0.04017343634620829,3.2159847537511244,3.4037424152213167,3.6780839706166457,0.4633425990271021,-0.08750690257916441,-0.1868346528161644,5.58591231823238
2026-09-04 02:10:00,12.32286281586617,13.117565923847213,13.074193409669988,12.532117847590792,13.616268971749184,0.7731063238359972,0.1499609133046783,-0.15014155300601384,0.45006337961537046,-0.7047079505576832,-0.10658839912745321,1015.4090452458221,1014.3129187044198,1014.995382921342,-1.2369701181375956,-0.6553765042180719,-0.027087712704087608,90.60994245135663,93.84359588652505,92.09387994969951,2.473940236275191,1.6909939241547751,0.058722012670756385,5.103026221093866,5.521926605338814,5.413582970489532,0.4638637943015983,-0.08750690257916441,0.1958505374284467,6.774402656227678
2026-09-04 02:15:00,12.220998492678081,13.51634530793486,13.323644317151887,12.781409324733032,13.865879309570742,0.7739749826268242,0.1499609133046783,-0.15042943654990698,0.4503512631592636,0.282575520910024,0.042740077478294225,1015.4592459245237,1013.9914198403043,1014.7358817273804,-1.2383599722029188,-0.6553765042180719,-0.08908538285800205,90.00992226173035,91.11456752839017,90.02468058876994,2.4767199444058376,1.6909939241547751,-0.6011069845345531,1.4359465939580103,2.2340193185016233,2.55193730616394,0.4643849895760945,-0.08750690257916442,-0.23041108508315222,10.509635919597208
2026-09-04 02:20:00,12.47205477831112,13.285579693166715,13.195246854596238,12.652852478700362,13.737641230492114,0.7748436414176512,0.1499609133046783,-0.15071704446036993,0.45063887106972655,-0.39423031667258,-0.059628074734201064,1015.2582237442676,1013.7943343886394,1014.4776225290854,-1.239749826268242,-0.6553765042180719,-0.02791163622782733,90.47921000771899,93.50081934179539,91.18814459945442,2.479499652536484,1.6909939241547751,0.6216808181861921,2.5342639922378503,3.1382870943555754,3.0486333364869966,0.46490618485059065,-0.08750690257916442,0.17716066044774337,6.927353517956055
2026-09-04 02:25:00,12.54426936637097,13.331920042695398,13.173674208860275,12.63112049630872,13.71622792141183,0.7757123002084781,0.1499609133046783,-0.1510043775276037,0.45092620413696033,0.05477565490557623,0.008284920530444495,1015.4474338504889,1014.2334248368776,1014.7455059736549,-1.241139680333565,-0.6553765042180719,0.14329536744082816,90.77159219234046,93.24773230206,91.57865465649941,2.48227936066713,1.6909939241547751,-0.02191627859419043,3.9784604212382977,4.09363755419917,4.170438561704757,0.4654273801250869,-0.08750690257916442,0.010705895073577665,2.3145409222097357
2026-09-04 02:30:00,12.664442471590164,13.462260014477513,13.286800976284404,12.744087973857269,13.829513978711539,0.7765809589993051,0.1499609133046783,-0.15129143653804095,0.45121326314739757,0.16858055360887292,0.02549812488843095,1015.648886009386,1014.3326248129162,1014.9584228078185,-1.2425295343988882,-0.6553765042180719,0.02957850931579742,90.76056840238779,93.92717072781825,92.18889688539656,2.4850590687977765,1.6909939241547751,0.04727991826690925,9.143599692967609,9.567453399953044,9.464899236938816,0.46594857539958306,-0.08750690257916441,0.1900610655933921,5.332063429728102
2026-09-04 02:35:00,12.40994159984696,13.059829479065105,12.980088632931624,12.43721638736783,13.522960878495418,0.777449617790132,0.1499609133046783,-0.15157822227437073,0.45150004888372736,-0.4642591504265461,-0.07022006717119744,1015.6153002301776,1014.2773235495088,1014.9789498566869,-1.2439193884642112,-0.6553765042180719,-0.04624980296000558,90.81463190999251,94.03436492539922,92.42196606796375,2.4878387769284225,1.6909939241547751,-0.07859506671931626,3.7850763179148696,4.856888023226858,5.392705841118085,0.4664697706740792,-0.08750690257916441,-0.4483109153120619,29.46926011086857
2026-09-04 02:40:00,12.126327914715974,12.893078868821414,12.743316068269698,12.200284626267049,13.286347510272346,0.778318276580959,0.1499609133046783,-0.15186473551556384,0.45178656212492047,-0.0013098201423584754,-0.00019811275296177655,1015.6172558034107,1014.106738053005,1014.8267436957285,-1.2453092425295345,-0.6553765042180719,-0.06462913850543828,90.6879819059948,93.23122814263368,91.77395806519576,2.490618485059069,1.6909939241547751,-0.2337238467168561,5.7444458784503,6.244803844851132,6.0693981885818715,0.46699096594857537,-0.08750690257916441,0.26291255884842535,10.609157088388113
2026-09-04 02:45:00,12.298402769548462,13.303147310342577,13.055410766411716,12.512220174626957,13.598601358196476,0.779186935371786,0.1499609133046783,-0.15215097703689712,0.45207280364625374,0.6464424349846105,0.09777563062618277,1015.5622998190609,1014.3185325991857,1014.9226641447119,-1.2466990965948577,-0.6553765042180719,0.05124495869188195,90.30113008159026,92.31386456350324,90.7706829692727,2.4933981931897153,1.6909939241547751,-0.14781232992423554,2.984671903593953,3.353986392295306,3.611685024755106,0.46751216122307154,-0.08750690257916441,-0.17019172988063547,5.549193994552947
2026-09-04 02:50:00,12.772671801941456,13.575521529729624,13.401815816753627,12.858466121802508,13.945165511704747,0.7800555941626129,0.1499609133046783,-0.1524369476099785,0.4523587742193351,0.1569884645022963,0.023744799671318262,1015.5682089996035,1014.3122067827431,1014.9664093065549,-1.2480889506601809,-0.6553765042180719,0.001173980406406372,90.33101152120759,93.45094636827154,91.40377155538498,2.4961779013203618,1.6909939241547751,0.3561808887317852,2.027241987543908,2.6427972362683416,2.644787249415817,0.4680333564975677,-0.08750690257916441,0.08551688943168934,1.755211529976728
2026-09-04 02:55:00,12.017435985402372,12.639668292379119,12.676425935470649,12.132917183927974,13.219934687013323,0.7809242529534399,0.1499609133046783,-0.15272264800277052,0.45264447461212715,-1.2344875454196522,-0.18671855639620816,1015.4801522089255,1014.3286952514927,1014.9896335556447,-1.2494788047255039,-0.6553765042180719,-0.0055617999338437585,89.93533282258821,92.38616683251512,90.88019883760394,2.4989576094510078,1.6909939241547751,-0.18502592924360783,1.3508049923447107,2.0483774679913656,2.1240988152995257,0.46855455177206395,-0.08750690257916441,0.011785555271004444,3.8872180315771367
2026-09-04 03:00:00,12.549593307660412,13.146369295308952,12.86686977385357,12.323202012253272,13.410537535453866,0.7817929117442669,0.1499609133046783,-0.15300807897961488,0.4529299055889715,0.8564429883107731,0.12953860815070506,1015.695908127224,1014.4553753884013,1015.0901617097765,-1.250868658790827,-0.6553765042180719,0.020590182842965987,91.46469498313678,93.26820433789632,91.37919954168436,2.501737317581654,1.6909939241547751,0.19801087205718204,3.32028113499229,3.6525063777948326,3.6475656356361608,0.46907574704656013,-0.08750690257916441,0.0924476447378364,3.2432908916741754
2026-09-04 03:05:00,12.306452692000263,12.999073884202188,12.860778766608933,12.316952041444129,13.404605491773737,0.7826615705350938,0.1499609133046783,-0.15329324130125638,0.453215067910613,-0.07712827150721324,-0.011665795711422788,1015.666043648289,1014.3938945236968,1015.0759251596645,-1.25225851285615,-0.6553765042180719,-0.0266541317496376,90.56192671963362,92.33032196017977,90.83812468492239,2.5045170257123,1.6909939241547751,-0.19879664889739956,2.278173859424077,2.8985432340565644,3.09070381982647,0.46959694232105625,-0.08750690257916441,-0.10465368319074075,1.8594182943762243
2026-09-04 03:10:00,12.54067793881197,13.338980855020067,13.140236937309824,12.596251295032864,13.684222579586784,0.7835302293259208,0.1499609133046783,-0.153578135724866,0.45349996233422263,0.3225282614066085,0.048783004405564157,1015.6885424642086,1014.6114441928057,1015.227367320927,-1.2536483669214733,-0.6553765042180719,0.039453376096844295,90.45925450947686,91.78481971026991,90.17582755970348,2.5072967338429466,1.6909939241547751,-0.08200177358834537,2.404784381758678,2.7762356703529876,2.839164564019784,0.47011813759555243,-0.08750690257916441,0.024578008912368166,0.5459697949851638
2026-09-04 03:15:00,13.10965542205591,14.13277161726791,13.890172530021168,13.34602801704371,14.434317042998627,0.7843988881167477,0.1499609133046783,-0.15386276300406515,0.4537845896134218,0.612476200379513,0.09263817394206342,1015.5478019712433,1014.0958936547393,1014.882325848094,-1.2550382209867965,-0.6553765042180719,-0.13105568913658772,90.14714087769343,92.24898439201658,90.37225161151936,2.510076441973593,1.6909939241547751,0.18573885634243936,6.577699139290121,7.264136752709001,7.1453470779110235,0.4706393328700486,-0.08750690257916442,0.2062965773771417,9.07180611666764
2026-09-04 03:20:00,12.747485429944263,13.26465524857855,13.331238432682627,12.786935095375684,13.87554176998957,0.7852675469075747,0.1499609133046783,-0.1541471238889482,0.4540689504983048,-1.431678759972879,-0.21654409740875558,1015.3158961160763,1014.1399264238513,1014.7696856492827,-1.2564280750521197,-0.6553765042180719,0.025617278786739917,92.05402526822822,95.44903505519196,93.09772755526953,2.5128561501042395,1.6909939241547751,0.6603135757676455,0.6949361200717749,1.217004595607705,1.7689382608391124,0.4711605281445448,-0.08750690257916442,-0.46442676265224314,38.05042892200613
2026-09-04 03:25:00,12.766039870971069,13.48821082109172,13.285790077610272,12.741327962304279,13.830252192916266,0.7861362056984017,0.1499609133046783,-0.15443121912610602,0.45435304573546265,0.3468375518640592,0.05245983017676892,1015.8159802132209,1014.3074902093841,1014.8879599893636,-1.2578179291174427,-0.6553765042180719,0.07490672423864453,90.0508329797904,92.70873267778964,91.81186273835876,2.5156358582348854,1.6909939241547751,-0.7941239847238961,4.968347940537259,5.584620012072168,5.2207152830003105,0.471681723419041,-0.08750690257916442,0.4514116316510224,33.23272490392673
2026-09-04 03:30:00,12.283560726797235,13.099427595173479,12.985433481845261,12.440812634830133,13.53005432886039,0.7870048644892287,0.1499609133046783,-0.1547150494586485,0.4546368760680051,-0.23779407615665704,-0.03596679997646035,1015.5925066838882,1014.2075446187054,1014.8766296735134,-1.259207783182766,-0.6553765042180719,-0.013708550589967672,90.33916467832495,92.43376607995205,90.87017940128416,2.518415566365532,1.6909939241547751,-0.12740724548689286,3.799251896403824,4.04369975124711,4.37380973138804,0.4722029186935372,-0.08750690257916441,-0.2426030775617658,8.639196072431815
2026-09-04 03:35:00,13.209629491155697,13.630761860909866,13.365950648126649,12.821171115651836,13.910730180601462,0.7878735232800556,0.1499609133046783,-0.1549986156262277,0.4549204422355843,0.7593314078174398,0.11485029947853853,1015.5483510856137,1014.1058548784721,1014.7879500463911,-1.260597637248089,-0.6553765042180719,-0.026718663700876277,90.82643270890608,93.99151273394632,91.86613415129314,2.521195274496178,1.6909939241547751,0.43438465849840213,4.622401507972703,4.848739706718879,4.851036835177457,0.4727241139680333,-0.08750690257916441,0.08520977412058706,3.4805529121566394
2026-09-04 03:40:00,13.25650035945886,13.87852288493646,13.713693260986307,13.168755089260857,14.258631432711757,0.7887421820708825,0.1499609133046783,-0.15528191836505983,0.45520374497441646,0.09830430602375806,0.014868710645474792,1015.7958283727103,1014.6511322617146,1015.1768721558939,-1.2619874913134121,-0.6553765042180719,0.12963661003880134,90.92188934745825,92.77988303270637,91.34118596851206,2.5239749826268243,1.6909939241547751,-0.2522968599604809,5.002986008917095,5.759880509557443,5.832894563114065,0.4732453092425295,-0.08750690257916441,0.014492849022542664,2.2534417385890118
2026-09-04 03:45:00,13.954306068521262,14.607939201435734,14.39572495628346,13.850628191476078,14.940821721090844,0.7896108408617095,0.1499609133046783,-0.15556495840794793,0.45548678501730455,0.41158717328371885,0.06225333184759485,1015.6477401440133,1014.3745512635952,1015.1182202793915,-1.2633773453787354,-0.6553765042180719,-0.08829251157817453,91.14921315499186,93.75224806521555,91.87285503925483,2.5267546907574707,1.6909939241547751,0.18839910180594188,3.372340361619973,3.822287951721351,4.03844123678625,0.4737665045170257,-0.08750690257916441,-0.12864638248573446,3.822618635227526
2026-09-04 03:50:00,13.060072731539888,13.691358156422325,13.764247065302296,13.218991753541397,14.309502377063195,0.7904794996525365,0.1499609133046783,-0.1558477364843035,0.4557695630936601,-1.4733689853630487,-0.22284982218464933,1015.8810554160028,1014.6142627298699,1015.2442508740031,-1.2647671994440586,-0.6553765042180719,0.025388360084889428,91.5118778704522,93.8977079711599,92.20497362058765,2.529534398888117,1.6909939241547751,0.0017404264174700756,3.2525044144427966,3.8123025368641272,3.814831183703845,0.47428769979152186,-0.08750690257916441,0.08497825573944695,6.35567541774592
2026-09-04 03:55:00,13.368468213290837,14.198194280738532,13.943873235706244,13.398459423080018,14.48928704833247,0.7913481584433635,0.1499609133046783,-0.1561302533201691,0.45605207992952573,0.6899757867810177,0.10436013172760994,1015.8310155180692,1014.3988485164004,1015.1188721563574,-1.2661570535093816,-0.6553765042180719,-0.06464713573882364,90.88266306540382,94.03828167289326,92.38385184050006,2.532314107018763,1.6909939241547751,-0.03656409176157638,6.3238348683414,6.706725135281462,6.662156289858565,0.4748088950660181,-0.08750690257916441,0.13207574800206157,4.113765540149682
2026-09-04 04:00:00,13.481590069017926,14.241694964351758,14.080567061498753,13.534994794055223,14.626139328942283,0.7922168172341905,0.1499609133046783,-0.15641250963823972,0.45633433624759634,0.0738304204108644,0.011166989548327066,1015.8583639397103,1014.5458630077458,1015.1705521053746,-1.2675469075747048,-0.6553765042180719,0.030687406589322563,90.10944091306193,91.38275203147575,90.25825517215424,2.5350938151494096,1.6909939241547751,-0.5664970648332712,7.874979011467176,8.619927134011784,8.755346871824853,0.47533009034051427,-0.08750690257916441,-0.047912835233905327,2.094830847901558
2026-09-04 04:05:00,14.117209532198764,14.799237787703575,14.582224619623563,14.036493943370637,15.12795529587649,0.7930854760250173,0.1499609133046783,-0.15669450615788416,0.4566163327672408,0.443315195929479,0.06705225477533361,1015.5693488429281,1014.1858922857917,1014.919171194362,-1.2689367616400278,-0.6553765042180719,-0.07790240435213036,90.5530354765543,92.41075080318262,90.33728972339202,2.5378735232800556,1.6909939241547751,0.38246715563582256,2.5437920483324308,2.837300339938544,3.2672483583364267,0.4758512856150104,-0.08750690257916441,-0.34244111581871817,18.63593765865754
2026-09-04 04:10:00,13.555821826438319,14.435368486564691,14.395916494770148,13.850027455675685,14.941805533864612,0.7939541348158443,0.1499609133046783,-0.15697624359516676,0.4568980702045234,-0.730628438303361,-0.11050892151013514,1015.9755805216255,1014.7627721581482,1015.2690072016869,-1.270326615705351,-0.6553765042180719,0.14914146067940237,90.79653294620914,92.02658965034422,90.26962661139106,2.540653231410702,1.6909939241547751,0.06596911479837786,1.7627323077117367,2.1984244166309783,2.0553849541783507,0.47637248088950657,-0.08750690257916441,0.23054636503179204,11.377232070426004
2026-09-04 04:15:00,13.816536194234162,14.955973931370083,14.732718283164585,14.186670927156449,15.278765639172722,0.7948227936066713,0.1499609133046783,-0.15725772266286864,0.45717954927222526,0.4845872800553348,0.07329473490081995,1015.8537372830938,1014.4333571430234,1015.1709334826882,-1.2717164697706742,-0.6553765042180719,-0.08219983544665865,91.69482097631078,94.03057653840472,91.90951567218927,2.5434329395413484,1.6909939241547751,0.4300669420606624,8.306242995688521,9.018934515663464,8.766816912546219,0.47689367616400274,-0.08750690257916441,0.3396245056964098,18.729929244009643
2026-09-04 04:20:00,14.062303457977404,15.185846213723252,15.02975539658108,14.4835497695472,15.575961023614962,0.7956914523974983,0.1499609133046783,-0.15753894407050828,0.4574607706798649,0.040527787318298536,0.0061299038374933446,1015.781211465861,1014.7075742968058,1015.318112809657,-1.2731063238359974,-0.6553765042180719,0.04483799136687594,89.97881208471378,93.49416673529171,92.05114382975609,2.546212647671995,1.6909939241547751,-0.24797101861915394,3.609199169058692,4.438504350246471,5.038610975521529,0.4774148714384989,-0.08750690257916444,-0.5125997226958932,38.036108766998765
2026-09-04 04:25:00,14.011187990082211,14.42319374685807,14.431647573260776,13.885283721049197,14.978011425472355,0.7965601111883253,0.1499609133046783,-0.15781990852436306,0.4577417351337197,-1.0473571933830232,-0.15841473970738384,1015.8815330481814,1014.3556998028364,1015.1019271820627,-1.2744961779013204,-0.6553765042180719,-0.09085087500818645,91.27546969265843,93.42010428073824,91.87229461376715,2.548992355802641,1.6909939241547751,-0.143184257183691,4.9237735143115335,5.244581793716524,5.106324066452021,0.47793606671299516,-0.08750690257916445,0.22576462984366774,10.952598592983477
2026-09-04 04:30:00,13.8785036023039,14.79134680905008,14.543441874809224,13.996919843228175,15.089963906390272,0.7974287699791522,0.1499609133046783,-0.15810061672748932,0.45802244333684594,0.6475557455439311,0.09794402093617727,1015.6184527046948,1014.2215886978597,1014.9012976685393,-1.2758860319666436,-0.6553765042180719,-0.024332466461487456,90.75495753411825,92.89818244749502,91.33239177166877,2.5517720639332873,1.6909939241547751,-0.1252032483285319,3.671321151599895,4.737683608174151,4.862318611240185,0.47845726198749133,-0.08750690257916445,-0.03712810048686954,1.3580206338138998
2026-09-04 04:35:00,14.258328513306164,15.021021284063377,14.823426936613389,14.276746771431338,15.37010710179544,0.7982974287699791,0.1499609133046783,-0.15838106937974322,0.45830289598909985,0.3149278911153015,0.047633434145309295,1015.9725607207466,1014.9468649112096,1015.4059932062639,-1.2772758860319666,-0.6553765042180719,0.1962482091637412,89.97376912541313,93.22570043682437,91.41700976993427,2.5545517720639332,1.6909939241547751,0.11769674273531905,2.016699101395587,2.5896500667656595,2.758591133245398,0.47897845726198746,-0.08750690257916445,-0.08143416390057379,5.549730192264423
2026-09-04 04:40:00,14.736791544853595,15.566988700987473,15.36230286077949,14.815464607725193,15.909141113833787,0.7991660875608061,0.1499609133046783,-0.15866126717780116,0.4585830937871578,0.3618132123021436,0.05472492690330455,1015.7848105360812,1014.4408739837896,1015.2306342139873,-1.2786657400972898,-0.6553765042180719,-0.1343837259795464,86.04006492015614,89.45223604711495,88.46398270513316,2.5573314801945797,1.6909939241547751,-0.7027405821729928,5.188600167208746,5.355221341202609,5.225128082427551,0.47949965253648363,-0.08750690257916445,0.21760016135422244,11.623404598177835
2026-09-04 04:45:00,14.026356598981236,14.74673473862436,14.785692269728756,14.238695974491323,15.332688564966189,0.8000347463516331,0.1499609133046783,-0.15894121081517965,0.45886303742453627,-1.249032079212208,-0.18891844440907413,1015.7659116899328,1014.2886242961094,1015.0020413023702,-1.280055594162613,-0.6553765042180719,-0.058040502042672415,89.2389408847413,91.72819521925149,89.30647370551631,2.560111188325226,1.6909939241547751,0.7307275895803969,4.746398185057492,5.337134647445462,5.54500014866999,0.4800208478109798,-0.08750690257916445,-0.12035859864536302,8.961779842688781
2026-09-04 04:50:00,14.6226973010627,15.4471184321826,15.161496601252292,14.614342309481245,15.70865089302334,0.8009034051424601,0.1499609133046783,-0.1592209009822556,0.45914272759161223,0.8969205655900314,0.13566091762563026,1015.7717573581737,1014.5231726443263,1015.1019655210278,-1.2814454482279363,-0.6553765042180719,0.07658362751669756,87.19355983158826,90.30422261128405,88.75602899058089,2.5628908964558725,1.6909939241547751,-0.1428003034516223,2.6198279899616086,2.985470268702047,3.183621246619749,0.480542043085476,-0.08750690257916445,-0.11064407533853737,4.452064377257289
2026-09-04 04:55:00,14.424874585839898,15.256928128987589,15.151294080756172,14.603981838061495,15.698606323450848,0.801772063933287,0.1499609133046783,-0.1595003383662863,0.4594221649756429,-0.2930665484812529,-0.04432686507326089,1016.2000736075904,1014.845929468965,1015.4152901645808,-1.2828353022932593,-0.6553765042180719,0.08601580860226932,90.57288535803777,92.27699232992192,90.15326809797831,2.5656706045865185,1.6909939241547751,0.43273030778883026,4.264685427068207,4.875969211583132,4.771373166174215,0.4810632383599722,-0.08750690257916445,0.19210294798808114,7.260336648853653
2026-09-04 05:00:00,15.321164402077555,16.008014773331887,15.756395871878198,15.2089257238304,16.303866019925994,0.802640722724114,0.1499609133046783,-0.15977952365142872,0.45970135026078535,0.6721105962070428,0.10165798814901095,1015.9736535900427,1014.5640478953413,1015.31247068534,-1.2842251563585825,-0.6553765042180719,-0.09304628578058782,83.8263017128347,87.4971314926922,86.8315737533229,2.568450312717165,1.6909939241547751,-1.0254361847854767,6.944587436055902,7.413314995392269,7.469403212731556,0.4815844336344684,-0.08750690257916445,0.031418685239877675,7.602461096424445
2026-09-04 05:05:00,14.374844464740116,14.999080336690021,15.06231145277919,14.514683444909362,15.609939460649016,0.8035093815149409,0.1499609133046783,-0.1600584575187593,0.4599802841281159,-1.4095166016118021,-0.21319202939384674,1016.3348384925331,1014.8848428604894,1015.4889716363473,-1.2856150104239055,-0.6553765042180719,0.0512477283601811,90.69262423852913,94.98281929452658,91.60725743979748,2.571230020847811,1.6909939241547751,1.6845679305743175,5.196373499975177,5.700761235941186,5.9831261922370444,0.4821056289089645,-0.08750690257916445,-0.19485805371669418,25.10106857211322
2026-09-04 05:10:00,14.904214596838218,15.618853500620089,15.335042347544587,14.787256525344453,15.88282816974472,0.8043780403057679,0.1499609133046783,-0.16033714064629334,0.46025896725564996,0.8849492901920897,0.13385023977082433,1016.0630549371384,1015.1913061134932,1015.7934190920296,-1.2870048644892287,-0.6553765042180719,0.05326352568170023,86.68660660283507,89.6775889647645,89.2607638227781,2.5740097289784574,1.6909939241547751,-1.2741687821683882,1.7560525554885955,1.9652013666962125,2.140910407955488,0.4826268241834607,-0.08750690257916445,-0.08820213868011084,11.664264897810652
2026-09-04 05:15:00,15.42496156790954,16.277060119897488,16.0280653749465,15.48012178386848,16.57600896602452,0.8052466990965949,0.1499609133046783,-0.1606155737090042,0.4605374003183608,0.6547610162705801,0.09903383164630952,1015.9279191080542,1014.601791604472,1015.4326394350499,-1.288394718554552,-0.6553765042180719,-0.1754713263596841,79.9967547738741,80.90607891390896,80.98544799199388,2.576789437109104,1.6909939241547751,-1.770363002239705,4.9012396371532345,5.681406025826099,5.433164499225982,0.4831480194579569,-0.08750690257916445,0.33574842917928205,36.65953069477378
2026-09-04 05:20:00,16.049146798337468,16.97506142456174,16.79421207713207,16.246110762589332,17.342313391674807,0.8061153578874218,0.1499609133046783,-0.16089375737884237,0.460815583988199,0.20421851989849316,0.03088843412499287,1016.0591319089726,1014.4805122323029,1015.1647198695459,-1.2897845726198751,-0.6553765042180719,-0.028831133024937117,82.04635938445581,84.17934431977733,80.9635927556799,2.5795691452397502,1.6909939241547751,1.5247576399426492,6.0578508585888144,6.1946818631759575,6.421699114490634,0.48366921473245306,-0.08750690257916445,-0.13951034873551205,14.917750007947218
2026-09-04 05:25:00,15.548000654122854,16.52565446626913,16.55014913999643,16.001890147362953,17.09840813262991,0.8069840166782488,0.1499609133046783,-0.16117169232475442,0.46109351893411105,-1.1534110673117013,-0.1744555870319786,1016.4565945093743,1015.38947654654,1015.7944227834769,-1.291174426685198,-0.6553765042180719,0.2504302672812173,84.67540333871266,87.7480124494185,84.73596573585023,2.582348853370396,1.6909939241547751,1.3210527894134856,6.899387062601107,7.050948003986558,7.136858683740276,0.4841904100069493,-0.08750690257916445,0.0015962228254462474,19.177546844382423
2026-09-04 05:30:00,15.50602287243377,16.215037543289462,16.12822893852397,15.57981231313459,16.67664556391335,0.8078526754690758,0.1499609133046783,-0.16144937921270158,0.4613712058220582,-0.4175307471352703,-0.06315230853918763,1016.2945048568174,1015.0936012118335,1015.8387789020298,-1.2925642807505213,-0.6553765042180719,-0.08980118597821729,81.16620122997476,83.4141433937427,82.76142006951086,2.5851285615010426,1.6909939241547751,-1.0382705999229387,5.4775973977629455,6.072517107788637,6.234291752923603,0.48471160528144547,-0.08750690257916445,-0.0742677425558016,7.647286298761022
2026-09-04 05:35:00,16.636739801162477,17.50223004888293,17.112979539945073,16.56440532709555,17.661553752794596,0.8087213342599027,0.1499609133046783,-0.16172681870567868,0.4616486453150353,1.5820603546807472,0.23928959563317775,1016.2843939961864,1014.8754698967176,1015.6319759892609,-1.2939541348158443,-0.6553765042180719,-0.10112958832519325,77.75227137136048,81.35793848439224,80.10661259489672,2.5879082696316886,1.6909939241547751,-0.4396680346592632,2.2385140673273876,3.20460014203672,3.3742599584387225,0.4852328005559416,-0.08750690257916445,-0.08215291382283807,9.153317037982386
2026-09-04 05:40:00,15.463550976965644,16.465641488407034,16.54859738196081,15.999865626907875,17.097329137013748,0.8095899930507297,0.1499609133046783,-0.16200401146373233,0.46192583807308896,-1.5399267364489688,-0.23291680685845506,1016.4414898896677,1015.0061780374836,1015.6334242343758,-1.2953439888811675,-0.6553765042180719,0.028130307325909598,81.68539921766227,84.74661300697329,82.05901650909064,2.590687977762335,1.6909939241547751,0.9966025737278699,6.120766142253976,6.500742208965091,6.314242763445214,0.48575399583043777,-0.08750690257916445,0.274006348099042,21.64372981521943
2026-09-04 05:45:00,15.323950825795317,16.3675284566657,16.217918790543713,15.669029538505129,16.766808042582298,0.8104586518415566,0.1499609133046783,-0.16228095814397941,0.46220278475333604,-0.0023222666282762816,-0.0003512471826923047,1016.545724815913,1015.3500118923902,1015.9153509806506,-1.2967338429464907,-0.6553765042180719,0.09003741595768133,83.39399931517438,85.42228660045473,83.57297309918233,2.5934676858929815,1.6909939241547751,0.15831957711760936,5.849585144433183,6.5461520323493065,6.77496211147014,0.48627519110493395,-0.08750690257916445,-0.14130317654166902,3.881272046546267
2026-09-04 05:50:00,16.542363559936963,17.34192429974304,16.994675313312857,16.445628609467477,17.543722017158238,0.8113273106323836,0.1499609133046783,-0.16255765940062528,0.4624794860099819,1.304367781295813,0.197288073125506,1016.6931710104045,1015.3580095642693,1016.0324724805038,-1.298123697011814,-0.6553765042180719,-0.01908641201634964,75.28209105310454,77.90415029574515,77.90617418715101,2.596247394023628,1.6909939241547751,-1.693017815560637,0.8649205693988695,1.6737190088373635,1.9873454993024353,0.4867963863794301,-0.08750690257916445,-0.22611958788590747,26.182855387691966
2026-09-04 05:55:00,16.330518345560854,17.09852796999614,17.042833393197554,16.493629282685372,17.592037503709737,0.8121959694232106,0.1499609133046783,-0.16283411588498148,0.4627559424943381,-0.6232407780733524,-0.09426633650609162,1016.8000824290003,1015.2116722051564,1015.9351266082328,-1.299513551077137,-0.6553765042180719,-0.06807789885829152,75.27693584034094,77.16089636598394,75.20280184243657,2.599027102154274,1.6909939241547751,0.2671005993925917,4.006323553227846,4.738046466069992,4.469642411283636,0.48731758165392636,-0.08750690257916444,0.3559109573655208,19.8976206532291
2026-09-04 06:00:00,16.289855655795044,17.14114513077636,17.020707029195805,16.471345557118013,17.570068501273596,0.8130646282140376,0.1499609133046783,-0.16311032824548405,0.46303215485484067,-0.19518972341381513,-0.02952281172412441,1016.5882358915127,1015.555418481061,1016.1438796932945,-1.3009034051424602,-0.6553765042180719,0.06691529198462831,77.90047048844946,80.35620939600443,77.4083177544512,2.6018068102849203,1.6909939241547751,1.256897717398445,3.4997059831561637,3.894182273332482,4.146235415414692,0.48783877692842254,-0.08750690257916444,-0.16454623950304548,12.572724872698782
2026-09-04 06:05:00,17.15065446680785,17.734646259233234,17.500554165383427,16.951035376802476,18.050072953964378,0.8139332870048644,0.1499609133046783,-0.16338629712771108,0.4633081237370677,0.5562323133220275,0.08413118054512836,1016.5048353400165,1015.1374435114764,1015.9019235062609,-1.3022932592077832,-0.6553765042180719,-0.10910349056644009,73.88345568257073,76.04436760864026,75.10863417321748,2.6045865184155663,1.6909939241547751,-0.7552604887320058,5.786466817865173,5.947512774909869,5.922197018214847,0.48835997220291866,-0.08750690257916444,0.11282265927418678,6.8228910143317325
2026-09-04 06:10:00,17.13567659440611,17.9117566379947,17.781984562929516,17.23230850286916,18.331660622989872,0.8148019457956914,0.1499609133046783,-0.1636620231744002,0.46358384978375683,-0.13347826720695366,-0.0201888382394948,1016.7054077131364,1015.6260603603357,1016.1688877485706,-1.3036831132731064,-0.6553765042180719,0.11254911598325634,73.03617078703849,76.58334645377114,74.6482161286391,2.6073662265462128,1.6909939241547751,0.2441364009772542,2.7141232441973644,2.5407401419733726,2.8612390613888756,0.48888116747741484,-0.08750690257916444,-0.2329920168363384,9.506943374232334
2026-09-04 06:15:00,16.985176677669315,17.94976456195046,17.84276510877985,17.29293182222521,18.392598395334492,0.8156706045865184,0.1499609133046783,-0.16393750702546622,0.46385933363482285,-0.28403918974188613,-0.04296146013406954,1016.872289936663,1015.7589822130194,1016.3914750080646,-1.3050729673384296,-0.6553765042180719,0.022883709172901945,74.3488174673681,78.65177304750975,76.36902233021546,2.610145934676859,1.6909939241547751,0.5917567931395098,5.199542529128855,5.610092742042048,5.416736194274166,0.489402362751911,-0.08750690257916444,0.28086345034704685,13.308802672405427
2026-09-04 06:20:00,16.873070837214215,17.8179995264803,17.71023443384805,17.16024396574567,18.26022490195043,0.8165392633773454,0.1499609133046783,-0.1642127493180185,0.4641345759273751,-0.2789771734221276,-0.04219582067242911,1016.7566271357587,1015.3000128826825,1016.0975076276214,-1.3064628214037528,-0.6553765042180719,-0.14211824072083346,75.56555460752902,77.03352958374794,75.75078210788713,2.6129256428075056,1.6909939241547751,-0.4082464482939798,8.59869610238298,9.44204587097804,9.488518428952196,0.4899235580264072,-0.08750690257916444,0.04103434460500921,3.5360727198613375
2026-09-04 06:25:00,17.910217082558734,18.67357148385413,18.38699815477444,17.836850550032334,18.937145759516543,0.8174079221681724,0.1499609133046783,-0.16448775068637783,0.46440957729573445,0.9032113844436722,0.13661241577501215,1016.8276672469526,1015.674793051138,1016.2470215679804,-1.3078526754690758,-0.6553765042180719,0.08314798737569618,70.65696178806708,71.73409411003743,71.12068507706039,2.6157053509381516,1.6909939241547751,-1.077584891177736,6.953770096845711,7.106965054718034,7.477281015164019,0.4904447533009034,-0.08750690257916442,-0.2828090578668201,20.12404376943626
2026-09-04 06:30:00,17.998936939303526,18.86075716047996,18.74327542388619,18.192970727373904,19.293580120398474,0.8182765809589994,0.1499609133046783,-0.16476251176209378,0.4646843383714504,-0.21473569584600583,-0.03247917671090761,1017.0949415483384,1015.6879826363245,1016.3348198363684,-1.309242529534399,-0.6553765042180719,0.008539304174178142,70.28464927287078,72.70699639445847,70.36548753626252,2.618485059068798,1.6909939241547751,0.6505149340411691,8.772661044950596,9.473689947781624,9.354451499789493,0.4909659485753996,-0.08750690257916442,0.20674535057129617,8.393230398589306
2026-09-04 06:35:00,17.878312144562017,18.532527316253706,18.49598262570233,17.945520882251,19.046444369153658,0.8191452397498262,0.1499609133046783,-0.16503703317396162,0.46495885978331825,-0.7498500263701402,-0.1134162227533011,1017.1102681038175,1015.5196306321972,1016.2284483643763,-1.310632383599722,-0.6553765042180719,-0.05344122796100237,71.14251819224302,72.54905040037951,70.47631976741552,2.621264767199444,1.6909939241547751,0.38173670880921406,10.777726680620006,10.98416806545434,11.09868828334223,0.4914871438498957,-0.08750690257916442,-0.02701331530872686,2.5319763512165236
2026-09-04 06:40:00,18.837189262989632,19.797901591175293,19.453658890541313,18.903040144943713,20.004277636138912,0.8200138985406532,0.1499609133046783,-0.16531131554803896,0.4652331421573956,1.2844917580176975,0.19428178732930235,1017.198707545257,1015.8229955826887,1016.4116042047068,-1.3120222376650452,-0.6553765042180719,0.06676788219999708,66.21321337741162,68.87422713567845,67.76410987520214,2.6240444753300904,1.6909939241547751,-0.5808766636784668,0.5696540140814781,1.0934841261219215,1.6891966410258021,0.4920083391243919,-0.08750690257916442,-0.5082056123247163,43.0756671391953
2026-09-04 06:45:00,17.85240007394898,18.657718344053166,18.765943717159942,18.215168014170533,19.31671942014935,0.8208825573314802,0.1499609133046783,-0.1655853595076623,0.4655071861170189,-1.7069956041046481,-0.2581862864114548,1017.1582313819448,1015.9044649154808,1016.5512387150184,-1.3134120917303684,-0.6553765042180719,0.008602704680583884,71.90324037450804,75.12921344901352,71.93030010011418,2.626824183460737,1.6909939241547751,1.507919424744557,5.430324827756388,6.1351918464017805,5.562782955599262,0.4925295343988881,-0.08750690257916442,0.6599157933816828,80.88284143926418
2026-09-04 06:50:00,17.853391936732905,18.619952862515987,18.450250532588267,17.89931791692327,19.001183148253265,0.8217512161223072,0.1499609133046783,-0.1658591656734641,0.4657809922828207,0.13052014443797688,0.01974141662304163,1017.3176210243871,1015.933408581392,1016.6095675171265,-1.3148019457956917,-0.6553765042180719,-0.020782431516408906,69.52275219416546,73.34766960357031,72.19863170967048,2.6296038915913833,1.6909939241547751,-0.5419560302549513,4.013330433793957,4.308532532415813,4.680679274828003,0.49305072967338426,-0.08750690257916442,-0.28463983983302477,13.15914121943746
2026-09-04 06:55:00,18.371195693546255,19.12147080124071,18.841897966436246,18.290808482773677,19.392987450098815,0.8226198749131342,0.1499609133046783,-0.16613273466338846,0.4660545612727451,0.856927698658275,0.12961192149978729,1017.2956374760564,1015.9333884250566,1016.6116312037154,-1.3161917998610146,-0.6553765042180719,-0.022866274440730194,68.65918195863077,71.45268120532502,70.40387042613224,2.6323835997220293,1.6909939241547751,-0.6421831449620043,7.709960424782428,8.254677753939383,8.11561873185804,0.4935719249478805,-0.08750690257916441,0.22656592466050718,11.278987413508892
2026-09-04 07:00:00,18.81519015953845,19.62609991986244,19.4196101068258,18.86836379980554,19.97085641384606,0.8234885337039611,0.1499609133046783,-0.16640606709270783,0.46632789370206446,0.37374015749833944,0.05652889973196196,1017.6517635597553,1016.5057168125683,1017.0439314943891,-1.3175816539263379,-0.6553765042180719,0.11716182239729278,67.23690582044611,69.71754494841913,68.27705947522743,2.6351633078526757,1.6909939241547751,-0.25050845096308194,2.9623747846555633,3.3319405038603414,3.797534268825876,0.49409312022237667,-0.08750690257916442,-0.37808686238637,22.587361669611493
2026-09-04 07:05:00,19.117254046205186,19.852035709713583,19.738080190120495,19.18667710434433,20.28948327589666,0.824357192494788,0.1499609133046783,-0.1666791635740391,0.46660099018339574,-0.23804923818376977,-0.03600539371159073,1017.7593028980109,1016.4563054870628,1017.1646161025723,-1.3189715079916609,-0.6553765042180719,-0.05293411129139258,66.02841397422347,67.08364905694833,65.59358013051275,2.6379430159833217,1.6909939241547751,-0.20092499771919847,10.951589122903105,11.657748036081431,11.171395813731438,0.4946143154968728,-0.08750690257916445,0.5738591249291574,47.64558444508141
2026-09-04 07:10:00,19.110864456484904,20.06771891497103,19.94426095667296,19.39270113670465,20.49582077664127,0.825225851285615,0.1499609133046783,-0.1669520247173597,0.4668738513267163,-0.17522397614860807,-0.026502955006606044,1017.4146359216381,1015.9677798128885,1016.7847165349441,-1.320361362056984,-0.6553765042180719,-0.1615602178375184,65.40380835239348,68.0654791958561,65.74322830010884,2.640722724113968,1.6909939241547751,0.6312569715924781,5.3640133863783355,5.929744047695095,6.6215404710277905,0.49513551077136897,-0.08750690257916445,-0.6042895207535306,57.135289199480376
2026-09-04 07:15:00,19.536486988721013,20.283524789194217,20.140172766440323,19.588456256805642,20.691889276075003,0.826094510076442,0.1499609133046783,-0.1672246511300231,0.46714647773937973,-0.04369460235473355,-0.006608890550783286,1017.6413958701867,1016.4249492026145,1016.9685674106576,-1.3217512161223073,-0.6553765042180719,0.11175829617502586,63.901293815852185,66.60182605653637,64.96712725935124,2.6435024322446146,1.6909939241547751,-0.05629512696965833,6.908218962172711,7.420827970547356,7.211718395690984,0.49565670604586515,-0.08750690257916445,0.29661647743553665,13.96665163202872
2026-09-04 07:20:00,19.084138379011375,20.22969436708412,20.119518484433826,19.567645329620625,20.671391639247027,0.826963168867269,0.1499609133046783,-0.16749704341677496,0.4674188700261316,-0.26303826349619186,-0.039785030654382325,1017.6472506388142,1016.3537609036697,1017.0137673508614,-1.3231410701876305,-0.6553765042180719,-0.0046299429735654485,65.75775994192283,68.91520753366828,66.64598037233493,2.646282140375261,1.6909939241547751,0.5782332371785657,1.6452878147139867,2.6089707040769414,2.9488111062452065,0.4961779013203613,-0.08750690257916445,-0.25233349958910045,10.973158757126628
2026-09-04 07:25:00,20.35205035260408,21.472924280958452,21.143904882800456,20.591875127258714,21.695934638342198,0.8278318276580959,0.1499609133046783,-0.16776920217976882,0.46769102878912544,1.1838430722658622,0.17905848485331788,1017.8667189841146,1016.1639473396424,1016.8742195565802,-1.3245309242529535,-0.6553765042180719,-0.05489571271971272,58.73053413459833,60.812805501880966,60.78922506123734,2.649061848505907,1.6909939241547751,-1.6674134835111474,2.476080133535686,3.171471072841034,3.0342477766123768,0.49669909659485756,-0.08750690257916445,0.22473019880782186,25.220840444750177
2026-09-04 07:30:00,19.932092805017056,20.582484593495078,20.66765818640265,20.11547187454453,21.219844498260773,0.8287004864489229,0.1499609133046783,-0.16804112801858123,0.46796295462793785,-1.554589029713167,-0.23513450621225118,1018.0457170090195,1016.784049167767,1017.2948507416392,-1.3259207783182767,-0.6553765042180719,0.14457493034592517,60.204091547527575,62.50789102397544,60.02788194522271,2.6518415566365534,1.6909939241547751,0.7890151545979549,6.555130222489388,6.845244954520855,6.787478364671989,0.49722029186935374,-0.08750690257916445,0.14527349242803123,14.388536783633015
2026-09-04 07:35:00,20.602815859718113,21.446325858843718,21.165224289038044,20.612881465237937,21.71756711283815,0.8295691452397498,0.1499609133046783,-0.16831282153022775,0.4682346481395844,0.867034912186817,0.13114065650099604,1017.9362429975383,1016.6677066713121,1017.3755162804284,-1.3273106323835997,-0.6553765042180719,-0.05243310489822761,58.958998420033176,60.43121788055703,58.67414406665872,2.6546212647671994,1.6909939241547751,0.06607988974353418,0.8200687738634406,1.2920510907679619,1.7948961323317558,0.49774148714384986,-0.08750690257916445,-0.41533813898462957,26.762341759830854
2026-09-04 07:40:00,20.48438424581476,21.184690725578097,21.10965502917255,20.557155737767143,21.662154320577958,0.8304378040305768,0.1499609133046783,-0.16858428330917757,0.4685061099185342,-0.49536719266174245,-0.0749252168991319,1018.11224112344,1016.7865588064282,1017.4580379339892,-1.328700486448923,-0.6553765042180719,-0.01610262334293111,60.14630198552072,60.97066871291132,58.88429103705524,2.657400972897846,1.6909939241547751,0.3953837517013028,7.1660643862663,7.641557433160748,7.210254012950676,0.49826268241834604,-0.08750690257916445,0.5188103227892364,39.83217434167522
2026-09-04 07:45:00,20.721760949983434,21.487737900167115,21.306334917635287,20.753679202923607,21.858990632346966,0.8313064628214037,0.1499609133046783,-0.1688555139473692,0.4687773405567258,0.20787887188231835,0.031442069227150427,1018.1980534039733,1017.0017181506195,1017.6349177117563,-1.3300903405142461,-0.6553765042180719,0.022176943081262834,58.31535130234123,60.08873431073229,58.44887985190906,2.6601806810284923,1.6909939241547751,-0.0511394653315449,0.6518653397753439,1.1747450892557498,1.810200084066027,0.4987838776928422,-0.08750690257916445,-0.5479480922311128,43.0140422299084
2026-09-04 07:50:00,20.959017590370188,22.191678205511376,21.95542555090863,21.4026134571521,22.508237644665158,0.8321751216122307,0.1499609133046783,-0.16912651403422535,0.469048340643582,0.5705168353969015,0.08629174129806927,1018.4790811937004,1017.0467419614719,1017.7212622341522,-1.3314801945795693,-0.6553765042180719,-0.019143768462186017,56.13612297859172,57.54282271634845,56.28340316591952,2.6629603891591387,1.6909939241547751,-0.4315743737258515,5.690231426125429,6.946889282075016,6.516003084173451,0.4993050729673384,-0.08750690257916445,0.5183931004807301,40.13001389698369
2026-09-04 07:55:00,21.102446945217622,21.87397644219752,21.843986580948215,21.29101815237071,22.39695500952572,0.8330437804030577,0.1499609133046783,-0.16939728415666777,0.4693191107660244,-0.7931872034131509,-0.11997105205537295,1018.5588719282666,1017.2764768479449,1017.9086951911218,-1.3328700486448923,-0.6553765042180719,0.02315816104123769,56.758225556554,59.693335490180274,57.33860397977409,2.6657400972897847,1.6909939241547751,0.6637375862514077,3.7070089636241916,4.318090799679326,4.754329636047007,0.4998262682418346,-0.08750690257916444,-0.34873193378851663,21.198866899097478
2026-09-04 08:00:00,21.372823580714304,22.278781227323673,22.08724402139863,21.534119302186518,22.64036874061074,0.8339124391938847,0.1499609133046783,-0.1696678248991323,0.4695896515084889,0.27488117097294307,0.04157629262036622,1018.5417393669994,1016.9724355586142,1017.7271625507332,-1.3342599027102156,-0.6553765042180719,-0.0993504879008924,55.090345624459104,57.344358184546046,56.04490519517839,2.668519805420431,1.6909939241547751,-0.39154093478711616,5.34788070355746,5.237457396042358,5.18905613198562,0.5003474635163307,-0.08750690257916444,0.135908166635903,4.706284502953607
2026-09-04 08:05:00,21.839800801750567,22.782846158536934,22.580786181735473,22.027505216037685,23.13406714743326,0.8347810979847116,0.1499609133046783,-0.1699381368435835,0.4698599634529401,0.3444523471910834,0.05209906349678306,1018.7790165008845,1017.5044303016188,1018.0464927604762,-1.3356497567755385,-0.6553765042180719,0.11331404536065293,54.038982027467334,56.27969183695858,54.70393851034386,2.671299513551077,1.6909939241547751,-0.11524059754005833,6.05425809956491,6.392287066840647,6.455450860752473,0.5008686587908269,-0.08750690257916444,0.02434310866733913,1.87095046820624
2026-09-04 08:10:00,21.579104171297793,22.214628053576682,22.20940690784362,21.65596973977169,22.762844075915545,0.8356497567755385,0.1499609133046783,-0.170208220569529,0.4701300471788856,-0.956945275513732,-0.14473976757161466,1018.7738593153132,1017.7297786588033,1018.3529253285346,-1.3370396108408618,-0.6553765042180719,0.032229834486770415,56.89566839051822,58.782217175259774,56.39031944820818,2.6740792216817235,1.6909939241547751,0.7009038028968178,3.623457445736732,3.545135673553313,3.814114895781271,0.5013898540653231,-0.08750690257916444,-0.1814723196487935,9.555383096063329
2026-09-04 08:15:00,21.976320002602,22.641819323286526,22.415116647546316,21.86152332117444,22.96870997391819,0.8365184155663655,0.1499609133046783,-0.17047807665403453,0.47039990326339115,0.5073772621677186,0.07674176243553177,1018.9192645449317,1017.4316066271554,1018.2074426347207,-1.338429464906185,-0.6553765042180719,-0.12045950334720601,52.797561076402594,52.88836766020501,52.38640099703629,2.67685892981237,1.6909939241547751,-1.1890272609860517,1.9076592206371368,2.310630792863204,2.326902609001965,0.5019110493398193,-0.08750690257916444,0.07123508644040388,10.229355383793898
2026-09-04 08:20:00,21.84883025983736,22.44501285991293,22.332581173168425,21.778831732533515,22.886330613803334,0.8373870743571925,0.1499609133046783,-0.17074770567173786,0.4706695322810945,-0.24812404118774012,-0.03752922656017432,1019.3158727394801,1017.8620831007105,1018.4449356803946,-1.3398193189715082,-0.6553765042180719,0.072523924534039,56.88493731665521,60.77122455359627,57.25238458067737,2.6796386379430164,1.6909939241547751,1.8278460487641226,1.529268379454602,1.4355075551509886,1.4999768733625507,0.5024322446143155,-0.08750690257916444,0.023037584367602282,17.979652461954394
2026-09-04 08:25:00,22.652477180229926,23.31353876659839,23.031147976839513,22.47724246594124,23.585053487737785,0.8382557331480195,0.1499609133046783,-0.17101710819486315,0.4709389348042198,0.8755585747849821,0.1324298764542,1019.3713622760306,1017.92365078656,1018.5843695157616,-1.3412091730368312,-0.6553765042180719,-0.005342224983564847,52.75560417640342,54.63780610425565,54.3412379513331,2.6824183460736624,1.6909939241547751,-1.3944257712322212,5.411616925585895,5.653093224154177,5.520859132520613,0.5029534398888117,-0.08750690257916444,0.21974099421272886,18.740102455321566
2026-09-04 08:30:00,21.99719548162914,22.266313851704552,22.340109513376426,21.786047976177283,22.89417105057557,0.8391243919388465,0.1499609133046783,-0.1712862847932352,0.47120811140259183,-1.4793639708105673,-0.22375657497655155,1019.0812941681422,1017.7581948749103,1018.4844766063329,-1.3425990271021544,-0.6553765042180719,-0.07090522720454828,54.326707075362485,56.681969073686865,54.59582080715884,2.685198054204309,1.6909939241547751,0.3951543423732531,4.962586120810509,5.009844297083581,5.313290683956792,0.5034746351633078,-0.08750690257916444,-0.2159394842940463,13.312452619328159
2026-09-04 08:35:00,23.178983865405968,24.12789339629437,23.65993213995912,23.10571462038447,24.21414965953377,0.8399930507296733,0.1499609133046783,-0.17155523603429362,0.47147706264365025,2.102455537827769,0.3180003430305689,1019.5070321581159,1018.0035878360204,1018.614870178961,-1.3439888811674774,-0.6553765042180719,0.044094161277485,50.23537264111732,51.759436671220826,50.91461971135276,2.687977762334955,1.6909939241547751,-0.8461769642867125,6.793259391058464,7.412503274886511,7.374237808161352,0.5039958304378039,-0.08750690257916444,0.12577236930432356,16.850548646064595
2026-09-04 08:40:00,22.632850048006823,23.884550525778536,23.874255537748486,23.319882079686614,24.428628995810357,0.8408617095205003,0.1499609133046783,-0.1718239624831065,0.4717457890924631,-0.9233996266829543,-0.1396659252746275,1019.6109269701353,1018.3287353417062,1018.9196800610639,-1.3453787352328006,-0.6553765042180719,0.06443178486040324,51.20533802396025,54.67363976917836,52.044559105558946,2.690757470465601,1.6909939241547751,0.9380867394646373,4.966082266702642,5.470761101203606,5.740257263973971,0.5045170257123002,-0.08750690257916445,-0.18198926019120076,11.77409996643858
2026-09-04 08:45:00,22.266276309054888,23.137570825173523,23.175508395422337,22.620979042724507,23.730037748120168,0.8417303683113273,0.1499609133046783,-0.17209246470238454,0.47201429131174116,-1.2422886199795826,-0.18789848355349292,1019.42382804292,1018.2040854454423,1018.9254833164382,-1.3467685892981238,-0.6553765042180719,-0.066021366777818,51.77366253265814,54.58194286088425,52.745791750480045,2.6935371785962476,1.6909939241547751,0.14515718624942764,4.3930239931942,4.988950906430616,5.016350070957097,0.5050382209867964,-0.08750690257916445,0.060107738052683324,4.844370079276335
2026-09-04 08:50:00,23.078786476065996,23.638131731300028,23.363949720698454,22.809264517178946,23.91863492421796,0.8425990271021543,0.1499609133046783,-0.1723607432524945,0.47228256986185113,0.821286327674791,0.12422109729689623,1019.8258389484225,1018.5578325870772,1019.1662209543136,-1.348158443363447,-0.6553765042180719,0.046988136981667594,50.49157097922689,52.52679563774109,51.312943824241025,2.696316886726894,1.6909939241547751,-0.4771421106547109,4.257962094437668,4.7321560941284035,4.802386308972592,0.5055594162612925,-0.08750690257916445,0.01727668773497637,3.090911015655209
2026-09-04 08:55:00,22.94328565127236,23.658198060585352,23.495904371872697,22.94106336130888,24.050745382436514,0.8434676858929813,0.1499609133046783,-0.17262879869147335,0.47255062530083,0.08153799994735067,0.012332775407976726,1020.0406708684097,1018.4258602571352,1019.1427350179257,-1.34954829742877,-0.6553765042180719,-0.06149825657234942,51.33151696294246,53.71682986872477,51.71017427571311,2.69909659485754,1.6909939241547751,0.3156616688568903,0.9860462734526259,1.0738375599270893,1.313130339359473,0.5060806115357888,-0.08750690257916444,-0.15178587685321943,4.236982327198943
2026-09-04 09:00:00,23.739246978546714,24.49180795422552,24.231967572637025,23.676970798769396,24.786964346504654,0.8443363446838082,0.1499609133046783,-0.17289663157504115,0.47281845818439777,0.7264668156810039,0.10987946828381823,1019.7484610752986,1018.5467980735782,1019.1987113760234,-1.3509381514940932,-0.6553765042180719,0.003463201772888169,48.70413791437991,52.748558155068,51.19445024417565,2.7018763029881865,1.6909939241547751,-0.13688601326242633,3.880652774043604,4.54131099163031,4.316056885898274,0.5066018068102849,-0.08750690257916442,0.3127610083111998,15.332321980374015
2026-09-04 09:05:00,23.328263678712673,23.969951726744632,23.976817757024246,23.42166526355648,24.531970250492012,0.8452050034746351,0.1499609133046783,-0.17316424245661505,0.47308606906597167,-1.036859497939922,-0.15682694358429217,1019.8858807652899,1018.6741578718685,1019.3118925307383,-1.3523280055594162,-0.6553765042180719,0.017641845348293828,47.85915643264231,50.50543689825612,49.206463855900786,2.7046560111188325,1.6909939241547751,-0.3920208817994393,11.81208908444815,12.895879454613766,12.765539037174438,0.507123002084781,-0.08750690257916442,0.2178473200184925,10.197673732767598
2026-09-04 09:10:00,23.596123369711787,24.614233559656277,24.37595351505223,23.820645345651243,24.93126168445322,0.8460736622654621,0.1499609133046783,-0.17343163188732225,0.47335345849667887,0.5839209006093675,0.08831913129936808,1020.2825192230154,1019.0533255692425,1019.6407368069171,-1.3537178596247395,-0.6553765042180719,0.0679652665435242,48.88184077299322,51.44388966214998,49.343419345504024,2.707435719249479,1.6909939241547751,0.40947639249117884,8.860545111777256,9.490953082718496,10.109249985127791,0.5076441973592772,-0.08750690257916442,-0.5307899998301302,42.40179607317938
2026-09-04 09:15:00,23.202943484678034,24.21193781460939,24.15631988426651,23.600856082562494,24.711783685970524,0.8469423210562891,0.1499609133046783,-0.17369880041601338,0.47362062702537,-0.623747525216217,-0.09434298296179833,1020.2765574778347,1018.977376101443,1019.6915785529006,-1.3551077136900627,-0.6553765042180719,-0.05882594723948387,49.47880244168796,51.435912680156676,49.60599190270627,2.7102154273801253,1.6909939241547751,0.13892685329562937,3.923546854679464,4.303934867517968,4.474177533267254,0.5081653926337735,-0.08750690257916442,-0.08273576317012221,2.4031100469329587
2026-09-04 09:20:00,23.960800189307527,24.57752081039111,24.36775284522678,23.812133454813274,24.923372235640283,0.8478109798471161,0.1499609133046783,-0.17396574858927588,0.4738875751986325,0.3954136218381201,0.059807051859653626,1020.4240164906987,1019.1005473200742,1019.7673753110392,-1.3564975677553859,-0.6553765042180719,-0.011451486746977935,46.21354684908173,47.41087706421466,46.49754383351662,2.7129951355107718,1.6909939241547751,-0.7776606934567383,5.8860560704554175,5.9663225055320535,5.729801202577586,0.5086865879082696,-0.08750690257916444,0.3240282055336321,18.481961347199025
2026-09-04 09:25:00,23.353854758182823,24.347550605710268,24.246153785991208,23.69037885042513,24.801928721557285,0.848679638637943,0.1499609133046783,-0.17423247695144656,0.4741543035608032,-0.3210809350883501,-0.048564093585618195,1020.4972438899614,1019.2942148778596,1019.9285386505125,-1.3578874218207089,-0.6553765042180719,0.021052731565305294,50.16917620530917,52.756920110087115,49.738097446344014,2.7157748436414177,1.6909939241547751,1.3278287395883268,8.632807688640282,8.86959538059506,8.902095260078386,0.5092077831827658,-0.08750690257916444,0.05500702309583794,9.790937115350875
2026-09-04 09:30:00,23.870171508037686,25.025082338181907,24.769029185458987,24.213098748260702,25.32495962265727,0.84954829742877,0.1499609133046783,-0.1744989860446251,0.4744208126539817,0.7014275964601495,0.10609223941824197,1020.6089196046759,1019.5381693519304,1020.1650696255812,-1.359277275886032,-0.6553765042180719,0.02847623056732118,47.35127518342286,50.33021782505462,49.200104375255464,2.718554551772064,1.6909939241547751,-0.5608804743556206,4.838571885885157,5.484212761314037,5.861874843698935,0.509728978457262,-0.08750690257916444,-0.29015517980573335,14.910401426965446
2026-09-04 09:35:00,24.98678922609046,26.21771782335597,25.93417114528943,25.37808524994279,26.49025704063607,0.8504169562195969,0.1499609133046783,-0.1747652764086864,0.474687103018043,0.8832007167726026,0.13358576476186101,1020.4547049656007,1018.9510817661446,1019.7778122265211,-1.360667129951355,-0.6553765042180719,-0.1713539561583275,44.541486595489275,48.14248842685412,47.00145887318833,2.72133425990271,1.6909939241547751,-0.5499643704889792,0.8596539316048752,1.6918395133764457,1.7969228813220095,0.5102501737317581,-0.08750690257916444,-0.017576465366399452,6.758489013359432
2026-09-04 09:40:00,25.174321624385133,26.598649644012752,26.526652557884475,25.97041124783687,27.08289386793208,0.8512856150104239,0.1499609133046783,-0.1750313485812935,0.4749531751906501,-0.515456928867259,-0.07796382717640071,1020.913237608347,1019.7128994336995,1020.191137202002,-1.3620569840166783,-0.6553765042180719,0.17713873591560514,43.56245704638417,44.4877737868178,43.30460129280931,2.7241139680333566,1.6909939241547751,-0.5078214301462864,1.789189239635339,2.3782204610581865,2.2566769337893122,0.5107713690062543,-0.08750690257916444,0.2090504298480389,11.700969389737804
2026-09-04 09:45:00,25.205973876551788,25.8777296204644,25.950147109258033,25.393750427920452,26.506543790595614,0.8521542738012509,0.1499609133046783,-0.17529720309791064,0.47521902970726726,-1.4702521969919324,-0.22237840209831106,1021.0330502716115,1019.6566708688283,1020.33403653395,-1.3634468380820015,-0.6553765042180719,-0.021989160903558513,43.119741151087986,44.946557765633564,42.65415056592497,2.726893676164003,1.6909939241547751,0.6014132755538171,5.470199868357944,6.221458619550489,6.171834510590514,0.5112925642807505,-0.08750690257916444,0.13713101153913954,9.827015939312318
2026-09-04 09:50:00,24.82312516673017,26.24099218460129,26.016558144217015,25.460006134964082,26.573110153469948,0.8530229325920778,0.1499609133046783,-0.17556284049181514,0.47548466710117177,0.4923782061228579,0.07447312707959597,1020.9235881815724,1019.5393005316207,1020.2634052197715,-1.3648366921473247,-0.6553765042180719,-0.06872818393264879,45.377100463139136,47.64218097498863,45.05457319157802,2.7296733842946495,1.6909939241547751,0.8966138592558295,12.169193101554503,12.893310334317924,12.867331494888631,0.5118137595552467,-0.08750690257916444,0.11348574200845718,7.0819456299171
2026-09-04 09:55:00,25.363216523265255,26.146266836946403,25.998016333166476,25.441309039336517,26.554723626996434,0.8538915913829048,0.1499609133046783,-0.1758282612941105,0.4757500879034671,-0.011308352509928454,-0.0017104095247510998,1021.0506806886652,1019.4539745388953,1020.1449822574117,-1.3662265462126477,-0.6553765042180719,-0.035631214298291525,43.603987819231214,46.33365623279795,44.99846102312925,2.7324530924252954,1.6909939241547751,-0.35579871448607747,7.128800833484353,7.79309610572987,8.40329387787054,0.5123349548297429,-0.08750690257916444,-0.5226908695615053,39.77510881530279
2026-09-04 10:00:00,25.55143218583525,26.28769934493288,26.11406248424388,25.557199949138962,26.6709250193488,0.8547602501737318,0.1499609133046783,-0.17609346603373832,0.47601529264309494,0.15653324841444416,0.02367594738431933,1020.9254710227214,1019.515136211016,1020.1469925233761,-1.367616400277971,-0.6553765042180719,0.02352019185809695,42.56780765335945,45.18701350069266,43.85345749829153,2.735232800555942,1.6909939241547751,-0.3574379217536503,1.7900038426229719,2.1053179141488343,2.2187404608292085,0.512856150104239,-0.08750690257916444,-0.02591564410120961,0.8733211131213743
2026-09-04 10:05:00,25.258213050909017,26.179256434849144,26.05604545007219,25.499027716958174,26.613063183186206,0.8556289089645587,0.1499609133046783,-0.17635845523749094,0.47628028184684756,-0.17685683868650415,-0.02674992852772462,1021.32885083319,1019.8102548351515,1020.3888165783842,-1.369006254343294,-0.6553765042180719,0.07681476098537132,43.667735781839546,46.30839734197632,44.322257229374735,2.738012508686588,1.6909939241547751,0.2951461884468074,3.0429359221461527,3.6084903211174337,3.3578842459980303,0.5133773453787351,-0.08750690257916444,0.3381129776985681,17.49292525979354
2026-09-04 10:10:00,26.48964536255123,27.229730663488013,26.92024822667061,26.363075338777204,27.477421114564013,0.8564975677553857,0.1499609133046783,-0.1766232294300235,0.47654505603938013,1.0546746815295478,0.1595215235127263,1021.4326505187269,1019.9926762458923,1020.6252382576638,-1.3703961084086171,-0.6553765042180719,0.02281449244662781,40.850427294673935,43.91769635834712,42.66269273411176,2.7407922168172343,1.6909939241547751,-0.4359902999194105,8.116557750176533,8.375942949665124,8.322431416232845,0.5138985406532314,-0.08750690257916444,0.14101843601144282,6.56421117952997
2026-09-04 10:15:00,26.40392820372693,27.34110325840245,27.256467783475905,26.699139783996717,27.813795782955093,0.8573662265462126,0.1499609133046783,-0.176887789133866,0.4768096157432226,-0.43189836957481376,-0.0653254383781352,1021.4311119427015,1019.8945980226608,1020.6142747475085,-1.3717859624739404,-0.6553765042180719,-0.06430022062954777,41.77880882363938,43.799746259963975,41.98670799379611,2.7435719249478807,1.6909939241547751,0.12204434201309056,9.12252463056376,9.642173052378919,9.899144592478793,0.5144197359277276,-0.08750690257916445,-0.16946463752070962,5.08646344985302
2026-09-04 10:20:00,26.127194707334045,26.721414155123625,26.73591439761307,26.178431329705642,27.293397465520496,0.8582348853370396,0.1499609133046783,-0.17715213486943548,0.4770739614787921,-1.087333002416507,-0.1644611557941218,1021.7010798018132,1020.260567727177,1020.8616435483259,-1.3731758165392636,-0.6553765042180719,0.05430068306918656,41.24618367425946,44.73984846112494,42.6845522640138,2.746351633078527,1.6909939241547751,0.3643022729563654,6.630546959630145,7.244746950152442,7.497353797418496,0.5149409312022237,-0.08750690257916445,-0.16509994468688927,7.761146449919121
2026-09-04 10:25:00,26.38676236508369,27.19811538879887,26.947362485935784,26.389724392721668,27.5050005791499,0.8591035441278666,0.1499609133046783,-0.17741626715504782,0.47733809376440445,0.6663850566833531,0.10079198955840596,1021.5726096789053,1020.1371274547472,1020.850135436644,-1.3745656706045866,-0.6553765042180719,-0.05763147767868304,41.18841170011771,44.284304994686465,42.6690668156833,2.749131341209173,1.6909939241547751,-0.07575574515161065,6.915576435253631,7.934673703946408,7.878010832877555,0.51546212647672,-0.08750690257916445,0.14416977364801742,4.440046952807939
2026-09-04 10:30:00,26.61755112693886,27.73463977672989,27.504840005148697,26.947046929713483,28.06263308058391,0.8599722029186936,0.1499609133046783,-0.17768018650692974,0.47760201311628636,0.5278536749916789,0.07983885827651349,1021.7959384362716,1020.4344961493675,1021.0477006715889,-1.3759555246699098,-0.6553765042180719,0.04217198199671657,39.07123098425952,41.567276222296876,40.43292038574387,2.7519110493398196,1.6909939241547751,-0.5566380876017689,1.159589086244368,1.2826528156852945,1.6858440216201505,0.5159833217512161,-0.08750690257916444,-0.31568430335569153,16.684378771850945
2026-09-04 10:35:00,25.87338918175494,26.72281778517823,26.78592183235562,26.227973817748993,27.343869846962246,0.8608408617095205,0.1499609133046783,-0.17794389343923034,0.47786572004858696,-1.408676486992082,-0.21306496048206824,1021.644982497828,1020.0254246397491,1020.7970389504792,-1.3773453787352328,-0.6553765042180719,-0.11623780651200377,42.851542484382605,46.8869596353642,43.95280375185133,2.7546907574704655,1.6909939241547751,1.2431619593580976,9.132088147878324,9.793044954201427,9.219823819571356,0.5165045170257122,-0.08750690257916441,0.6607280372092355,76.54121735112314
2026-09-04 10:40:00,26.744726384696627,27.63475506254495,27.30295872118589,26.74485581042169,27.861061631950093,0.8617095205003474,0.1499609133046783,-0.17820738846403317,0.4781292150733898,1.2022027996663773,0.1818354280543808,1021.8791718253501,1020.2836088703878,1020.8795298535323,-1.378735232800556,-0.6553765042180719,0.059455521073573436,38.71788115133582,42.72048444539434,42.01784385247492,2.757470465601112,1.6909939241547751,-0.9883533312353521,8.61487621542925,9.576272905216538,10.038279600447979,0.5170257123002084,-0.08750690257916441,-0.3744997926522764,28.923183271951203
2026-09-04 10:45:00,26.721881996242576,27.679511896477212,27.54565268803781,26.98739492409406,28.10391045198156,0.8625781792911744,0.1499609133046783,-0.1784706720913674,0.47839249870072403,-0.10645623284503358,-0.016101704865274513,1021.9393447000823,1020.6135067538261,1021.1854133698523,-1.3801250868658792,-0.6553765042180719,0.08346988819187118,38.96421156960942,42.47077802749622,40.85523846187382,2.7602501737317584,1.6909939241547751,-0.07545435853236881,3.8057229485736253,4.5509241858999685,4.874565956403301,0.5175469075747047,-0.08750690257916442,-0.23613486792416793,8.789330542445374
2026-09-04 10:50:00,26.742606428724343,27.840185592669876,27.707530060991008,27.149117486809985,28.26594263517203,0.8634468380820014,0.1499609133046783,-0.17873374482921967,0.4786555714385763,-0.11441432762829251,-0.017305381625810412,1022.0800440403963,1020.5789133819046,1021.2713939426426,-1.3815149409312024,-0.6553765042180719,-0.03710405651986548,39.05696285316718,39.40514731857535,38.11527759425748,2.763029881862405,1.6909939241547751,-0.4011241998369002,7.758635002966663,8.526586738663376,8.201259659526755,0.5180681028492008,-0.08750690257916442,0.4128339817157851,25.330277200013192
2026-09-04 10:55:00,27.17683085706016,27.7101014114951,27.60956616500405,27.050998823492325,28.168133506515776,0.8643154968728284,0.1499609133046783,-0.17899660718354538,0.478918433792902,-0.3267772163791527,-0.049425666813629476,1022.0694652362786,1020.8477399098165,1021.4795575904933,-1.3829047949965254,-0.6553765042180719,0.02355882354129335,39.74690103868701,43.77586670285444,40.86486247026745,2.765809589993051,1.6909939241547751,1.2200103084322151,3.453225975045748,4.148123743729788,4.595002272074641,0.518589298123697,-0.08750690257916441,-0.3593716257656885,26.39662261986505
2026-09-04 11:00:00,28.15173857947292,29.13382754550406,28.768748124988385,28.210026059016872,29.327470190959897,0.8651841556636554,0.1499609133046783,-0.17925925965827988,0.4791810862676365,1.4222534871024664,0.2151185072109989,1022.1816593763914,1020.8311551856318,1021.5258626277049,-1.3842946490618486,-0.6553765042180719,-0.039330937854970216,36.72427754034188,40.12867365644313,39.1845313538646,2.7685892981236973,1.6909939241547751,-0.7468516215762477,1.4315459250958038,2.340156765426622,2.329858396326836,0.5191104933981932,-0.08750690257916441,0.09780527167895059,9.29891445205637
2026-09-04 11:05:00,27.82971046222978,28.64213544883591,28.67641293217653,28.117536184580537,29.23528967977252,0.8660528144544822,0.1499609133046783,-0.17952170275535012,0.47944352936470674,-1.2180899983185824,-0.1842383966452985,1022.3995597288782,1021.104889548282,1021.7277541317653,-1.3856845031271716,-0.6553765042180719,0.032511920734805244,37.54409670134384,41.920592617768534,39.85873457780106,2.7713690062543432,1.6909939241547751,0.37086411581270085,3.3594527651738653,3.552841003412844,3.4931917316571153,0.5196316886726893,-0.08750690257916441,0.14715617433489347,7.505163370027551
2026-09-04 11:10:00,27.482868607833318,28.383117660140993,28.314430551579093,27.75539916515837,28.873461937999817,0.8669214732453092,0.1499609133046783,-0.17978393697468553,0.47970576358404216,-0.5373408067215841,-0.08127380474277857,1022.2821474056165,1021.106676896487,1021.7916440147707,-1.3870743571924948,-0.6553765042180719,-0.029590614065568843,36.99585094628117,40.759971334053,39.27466186756539,2.7741487143849897,1.6909939241547751,-0.20568445766716792,3.1593178674289484,3.2636927515850602,3.4226166059926113,0.5201528839471855,-0.08750690257916441,-0.07141695182838648,1.741490346717515
2026-09-04 11:15:00,28.075540230662707,29.15532039665132,28.858543037379796,28.299357054898586,29.417729019861007,0.8677901320361362,0.1499609133046783,-0.18004596281422935,0.479967789423586,0.9706752103645151,0.14681644596684507,1022.176376332067,1020.7414554990382,1021.5070104681,-1.388464211257818,-0.6553765042180719,-0.11017846484367055,37.05538940907022,41.09499197358369,39.30909483583045,2.776928422515636,1.6909939241547751,0.09490321359846376,4.592592792514927,5.111366629597033,5.111066807764449,0.5206740792216817,-0.0875069025791644,0.08780672441174797,4.779495831471709
2026-09-04 11:20:00,28.538560062604134,29.168381523148728,29.054067671925292,28.49472713611238,29.613408207738203,0.8686587908269632,0.1499609133046783,-0.18030778076994947,0.4802296073793061,-0.23568013281291655,-0.03564706208124235,1022.7471512219618,1021.2711241508262,1021.7956754453552,-1.3898540653231413,-0.6553765042180719,0.1308252096890783,36.26762987862917,39.75026188941976,38.28891644256884,2.7797081306462825,1.6909939241547751,-0.2296484773038543,5.290143276353184,5.162989919777849,5.326844775693528,0.5211952744961779,-0.0875069025791644,-0.07634795333651478,3.144638879902066
2026-09-04 11:25:00,28.478071175812154,29.145069737141327,29.03905545140673,28.47956040495549,29.598550497857968,0.8695274496177902,0.1499609133046783,-0.18056939133584943,0.48049121794520605,-0.2905526126891189,-0.0439466275700795,1022.7568948100838,1021.4964062785352,1022.1044505025269,-1.3912439193884643,-0.6553765042180719,0.04733228022644198,35.58960327867853,39.45104567637187,37.71348576120794,2.7824878387769285,1.6909939241547751,0.04656599100915315,6.08169015659096,6.972600367615038,6.986249545889545,0.5217164697706741,-0.0875069025791644,0.07385772430465742,1.243479016378764
2026-09-04 11:30:00,28.258505287468974,28.74181540393483,28.663949559812675,28.10430004538112,29.22359907424423,0.8703961084086171,0.1499609133046783,-0.18083079500397942,0.48075262161333604,-0.47665570423081505,-0.07209506918252373,1022.4183792115555,1021.1021724726911,1021.8929768558975,-1.3926337734537875,-0.6553765042180719,-0.13542787898825281,35.755401211830446,40.13596775132557,38.18070410511465,2.785267546907575,1.6909939241547751,0.26426972205614874,5.831080969887988,6.719533193581791,6.894723060136186,0.5222376650451702,-0.0875069025791644,-0.08768296397523034,4.049798331115568
2026-09-04 11:35:00,28.09929747790343,28.860730456750122,28.65798608947862,28.09818214968945,29.21779002926779,0.871264767199444,0.1499609133046783,-0.18109199226444678,0.4810138188738034,0.34897718675593126,0.05278345396682482,1022.7757662467392,1021.3536430727469,1021.9688890379207,-1.3940236275191105,-0.6553765042180719,0.04013053904429853,36.32225915344283,39.283550199183615,37.74149272750162,2.788047255038221,1.6909939241547751,-0.14893645247278187,4.0867371784478195,4.4794908722421285,4.656463168789297,0.5227588603196663,-0.0875069025791644,-0.08946539396800368,1.7302681460062275
2026-09-04 11:40:00,28.757713604543156,29.89593349940919,29.572432478316383,29.012474155757037,30.13239080087573,0.872133425990271,0.1499609133046783,-0.1813529836054273,0.4812748102147839,1.1473583870294988,0.17354010778812778,1022.6544797574192,1021.4677849708781,1022.095705463065,-1.3954134815844337,-0.6553765042180719,0.027456012031279897,35.52728603279103,37.0603285606974,35.777290832254316,2.7908269631688674,1.6909939241547751,-0.40795619571169084,1.2564041650174036,1.6684530416134133,1.7763099480414954,0.5232800555941626,-0.0875069025791644,-0.02035000384891772,4.184143814455094
2026-09-04 11:45:00,28.753054453296354,29.601939100382758,29.581949804572634,29.021837141795334,30.142062467349934,0.873002084781098,0.1499609133046783,-0.1816137695131751,0.4815355961225317,-0.8593058245084713,-0.12997161749455444,1022.8245685360636,1021.3959285539378,1022.0829532879005,-1.396803335649757,-0.6553765042180719,-0.03164822974463277,35.85406610021178,38.40170405149918,36.23395788770701,2.793606671299514,1.6909939241547751,0.4767522396373991,7.06473758682592,7.566834595149378,7.268743371074763,0.5238012508686588,-0.0875069025791644,0.3855981266537798,24.282074029626756
2026-09-04 11:50:00,29.06780991072793,29.6736556751689,29.55383667045005,28.993569709971855,30.114103630928245,0.873870743571925,0.1499609133046783,-0.18187435047203376,0.4817961770813904,-0.19928287505301157,-0.030141908585829214,1022.8817855739024,1021.4885084298207,1022.1351469329093,-1.39819318971508,-0.6553765042180719,0.008738001129586337,33.09460149808675,36.20294435702366,34.83410437826112,2.79638637943016,1.6909939241547751,-0.3221539453922304,5.220609254558878,5.760537895833918,6.188171309294121,0.5243224461431549,-0.0875069025791644,-0.3401265108810376,17.144773173005067
2026-09-04 11:55:00,29.07466385088026,29.852267504328005,29.680211072702804,29.11978985700565,30.240632288399958,0.8747394023627519,0.1499609133046783,-0.18213472696444666,0.4820565535738033,0.14608426019745835,0.0220955183205227,1022.8525720600459,1021.4561724138906,1022.1263993075194,-1.399583043780403,-0.6553765042180719,-0.014850389410639764,34.82042522047327,37.67950137553132,35.5602499172799,2.799166087560806,1.6909939241547751,0.4282575340966517,4.396258827174276,4.959254644350213,5.016511485576036,0.5248436414176512,-0.0875069025791644,0.03025006135334163,1.149264626725139
2026-09-04 12:00:00,29.348024316403244,29.926060036858697,29.360755686712018,29.26421975782849,29.457291615595548,0.8756080611535789,0.2963907427771979,0.02660589512939343,0.5661755904250023,-0.008129217954781609,0.26891360736948045,1022.8177165244006,1021.2765545423201,1022.7735044533266,-1.4009728978457263,-0.902921027941463,-0.5940288830649934,34.61120751636727,36.41590373913118,34.61201408247164,2.8019457956914526,1.7564520000540391,0.04743765660550281,10.516931173635843,11.209765642391481,10.522269256907242,0.5253648366921473,0.03731761853168475,0.6501787669525552,33.5243560542057
2026-09-04 12:05:00,28.818419796211934,29.469859295810107,29.193651201146423,28.74933995267658,29.637962449616268,0.8764767199444058,0.2894249595125559,0.046153040212525004,0.5326968788125869,-0.06398762070594799,-0.013216864848871523,1022.8767116745487,1021.4859867310606,1022.6912399482559,-1.4023627519110493,-0.9868952797903177,-0.21835793740490317,35.06882732119606,36.56869872486217,34.500362606913065,2.8047255038220986,1.8247713978157487,0.24356472013335662,8.705816046017091,9.17991417208119,9.744058532008328,0.5258860319666434,-0.17586806088676393,-0.3882762990403741,22.473213796375944
2026-09-04 12:10:00,29.66044323546575,30.615552396253722,30.141323082791057,29.62385630418825,30.658789861393863,0.8773453787352328,0.2760539749383539,0.03276762575111336,0.5193403241255944,1.3060240743511216,0.19817533852431168,1022.8853396183964,1021.6911010390298,1022.6542843930578,-1.4037526059763725,-0.9856140325478031,0.022430678519867797,33.859355771205934,36.07393084825082,34.29087823823697,2.807505211952745,1.8242819867514724,-0.0412293767376255,10.406090169424097,11.215455387708575,11.263655583270332,0.5264072272411396,-0.2323972629846552,0.18419706742289854,8.873237019243192
2026-09-04 12:15:00,29.31011837343117,29.953557745696024,29.83455842429063,29.312802437543873,30.35631441103739,0.8782140375260598,0.30163106432879816,0.05947638849956127,0.543785740158035,-1.190805978145363,-0.18263174292340523,1022.9379399157704,1021.5995427030351,1022.5872076842471,-1.4051424600416957,-0.9854162581627617,-0.0022487230492060917,34.62421994976253,38.08069651463324,35.867575515970614,2.8102849200833915,1.790310058834981,0.4228109398276416,6.176807354449927,6.837520110103154,7.328145739819924,0.5269284225156359,-0.22555078140625334,-0.2650748483105163,14.404563047808262
2026-09-04 12:20:00,30.155358720557523,31.256968277915067,30.78070438965599,30.264596811364857,31.296811967947125,0.8790826963168867,0.29160216972433645,0.049312207910497396,0.5338921315381755,1.2183902434918927,0.18466171853474123,1023.0900601048243,1021.6881873046771,1022.6420533897876,-1.406532314107019,-0.9879681848245134,0.03410209971389122,32.336451734508366,36.413788179380774,35.055267558547015,2.813064628214038,1.8138681896976476,-0.4553475688638926,2.8072852457938082,3.15264582982215,3.3530890337457464,0.527449617790132,-0.22519966187403184,0.02475645795043535,4.872983734637152
2026-09-04 12:25:00,29.140301350873948,30.006028647815594,29.988284816991552,29.475548573201728,30.501021060781376,0.8799513551077137,0.29250018542341,0.04985453915662308,0.5351458316901969,-1.8165349790093153,-0.27475635459936854,1023.0276890220745,1021.5955017617273,1022.5995104532402,-1.407922168172342,-0.987432782248173,-0.016575909264702204,34.006647023965975,37.55574545133282,35.55372351241515,2.815844336344684,1.8109326056975577,0.19108933322011268,8.201476574421234,9.129981187827092,8.920134085035217,0.5279708130646282,-0.22476432410782501,0.4346114268996999,35.155392632620064
2026-09-04 12:30:00,30.19759536418537,31.095534318872815,30.60076603073747,30.0885730122023,31.112959049272643,0.8808200138985407,0.29385482530839935,0.050856614011654394,0.5368530366051443,1.3282951905582507,0.2009134628269429,1023.2697876737778,1021.9101057058011,1022.8257260234798,-1.4093120222376652,-0.9878318571323371,0.07221153945374681,32.00943211158424,35.67399798575087,34.24811406981922,2.8186240444753303,1.810590930165911,-0.3847070142342588,3.618477577567755,3.7394924900701327,4.466945761836639,0.5284920083391244,-0.22444719121979614,-0.5030060805467103,41.713459329758756
2026-09-04 12:35:00,29.666085429743458,30.492099508911245,30.321661425071927,29.809074218114226,30.834248632029627,0.8816886726893676,0.2934162914913262,0.05006358264838501,0.5367690003342673,-0.8130618187528817,-0.1229782076520074,1023.4205266555342,1022.1222897735047,1023.0791038491042,-1.4107018763029882,-0.9877262382997071,0.03091216270024688,34.08925791651835,36.84600921059348,34.70907416326542,2.8214037526059763,1.811737865641646,0.32519718168641276,5.760215036791087,6.261578497158264,6.153874720518148,0.5290132036136205,-0.22445984513698583,0.33216362177710135,17.992722870971427
2026-09-04 12:40:00,29.406511421823577,30.443638321012514,30.152693239908633,29.639727451173904,30.66565902864336,0.8825573314801946,0.2934147982345929,0.049707187304636025,0.5371224091645497,-0.016328501707082665,-0.002469717130711757,1023.137951200459,1021.8172452947242,1022.9161172994225,-1.4120917303683114,-0.9881264417282491,-0.11074556297000981,34.87472386025028,36.30524135482213,34.55605377339269,2.8241834607366227,1.8116159372521992,-0.062428355822760295,1.9618145438480643,2.7814241630588215,3.249815275877082,0.5295343988881167,-0.2244666666149498,-0.24392444620331055,9.877253156406809
2026-09-04 12:45:00,29.55009804405069,30.590156011877113,30.24978707181018,29.73659133792636,30.762982805693998,0.8834259902710215,0.2934024025669932,0.04934038361368534,0.537464421520301,0.3105186967910143,0.04696653749994084,1023.2859796183534,1021.8227183046465,1022.8250942459549,-1.4134815844336346,-0.9881512548967599,-0.014224686411694165,33.97860950259889,36.44139620676,34.59894847155769,2.826963168867269,1.81163106481713,0.030816670385178213,10.016584718249451,10.32971838093842,10.083426028615545,0.5300555941626129,-0.22446600177040824,0.4707583540932827,31.882020972226616
2026-09-04 12:50:00,29.68847517344264,30.639780692886923,30.33926605456765,29.825905618114927,30.85262649102037,0.8842946490618485,0.2934008967210456,0.048984981796707266,0.5378168116453839,0.04703241767387212,0.007113741598228529,1023.3477565784974,1021.981602379115,1022.9203622609626,-1.4148714384989578,-0.9881314397755835,0.04937155792788417,33.74865703812264,36.37138838562265,34.56915218361685,2.8297428769979156,1.8116318558197484,-0.00939565381394658,2.787681982387166,3.41112546585442,4.262905292817452,0.5305767894371091,-0.22446522521579237,-0.6273146017472397,56.427980685012464
2026-09-04 12:55:00,30.05560359240327,31.053724721437472,30.709085872734192,30.1955680634226,31.222603682045786,0.8851633078526755,0.29339800102729524,0.04862869871933412,0.5381673033352563,0.3387782626095941,0.05124084767598447,1023.3640029683446,1022.0197326369525,1022.9974585238341,-1.4162612925642808,-0.9881326099172956,0.010406723035771392,33.57101597088723,36.00589656654724,34.26341569681722,2.8325225851285616,1.811641972119438,-0.06916110238941542,11.629475228711447,12.323575092522768,11.869473144310254,0.5310979847116053,-0.2244652594918458,0.6785672077043596,66.0148944200543
2026-09-04 13:00:00,30.160731086286017,31.004345118945434,30.758759365164053,30.245077700698324,31.272441029629782,0.8860319666435025,0.2933977010738977,0.04827552061913598,0.5385198815286594,-0.31610812868550653,-0.04781194729251581,1023.3227014644764,1021.7539710697177,1022.8141039100312,-1.417651146629604,-0.9881205009036751,-0.0720123394098664,31.859846441734444,34.73890462729335,33.14253718087374,2.835302293259208,1.8116574262998382,-0.21528997988022525,10.774793369255308,11.048255388847037,11.697711774335644,0.5316191799861014,-0.22446528273295702,-0.42499110275564966,26.82962505699451
2026-09-04 13:05:00,29.78409002897427,30.779431255790406,30.54211491892523,30.02826537706036,31.055964460790097,0.8869006254343293,0.2933970614519143,0.04792251013106413,0.5388716127727644,-0.3707770527493608,-0.05608072458673519,1023.4385694630807,1022.0447630435633,1022.9604140059546,-1.419041000694927,-0.9881271403254163,0.07247617793416339,33.59682598229218,36.7880437915964,34.4473867285855,2.838082001389854,1.8116495952033218,0.5290074678075811,6.0361351995357975,6.546532258918185,6.9381480517944425,0.5321403752605975,-0.22446528301898583,-0.1671505098572723,6.342756587597949
2026-09-04 13:10:00,30.06209344829805,30.882287177428445,30.55762991839578,30.043611685631767,31.071648151159792,0.8877692842251563,0.2933971942067147,0.04757077710408156,0.5392236113093478,0.20667555191612053,0.03126006482595045,1023.4131671710147,1021.6685407333091,1022.7397786412207,-1.4204308547602502,-0.9881249852481158,-0.08311292266353121,33.19664088228849,36.719914742403795,34.959526260661185,2.8408617095205004,1.8116493365358186,-0.05126085479320608,8.932013044800346,9.417723466272676,9.299089992942314,0.5326615705350938,-0.2244652838462198,0.3430987571765822,17.68333404755916
2026-09-04 13:15:00,30.98328121202944,31.872365479477903,31.42205147629263,30.90786482842503,31.93623812416023,0.8886379430159833,0.29339722708441746,0.04721944712546955,0.5395750070433654,1.0374534245694207,0.1569167761008572,1023.166701091877,1021.8172604395247,1022.7616359405979,-1.4218207088255734,-0.988124874402821,0.04374937332966056,30.39943601990303,33.02058154606111,32.049408351295355,2.843641417651147,1.811644359020796,-0.8404711642550424,7.526906490112545,7.894567900372447,8.307339667526861,0.53318276580959,-0.22446528383626774,-0.18830648331814714,11.507570235126138
2026-09-04 13:20:00,30.868182831925395,31.702760683858948,31.518012899626083,31.003658123441173,32.032367675810995,0.8895066018068103,0.2933972865033931,0.046868644464571785,0.5399259285422144,-0.7183349098113965,-0.10864950227052717,1023.492160058829,1022.1680009541225,1023.0617681400855,-1.4232105628908966,-0.9881241594811458,0.09435697351807448,32.32574632916059,33.649159930426706,31.49193067401882,2.8464211257817933,1.8116452532985963,0.3455840031092876,9.772812831428064,10.997019248127383,11.032174373973797,0.5337039610840861,-0.22446528381618291,0.18931015796976958,7.968371752827299
2026-09-04 13:25:00,30.39872619995951,31.197657752693306,31.028234008228672,30.513711230832257,31.542756785625087,0.8903752605976373,0.2933973213180394,0.04651831584065494,0.5402763267954239,-0.8196498491659945,-0.12397357685340538,1023.5022931608231,1022.1898246627348,1023.1959856075338,-1.4246004169562196,-0.9881242441805753,-0.018036700618381474,32.96948221892868,35.432380877408214,33.02418527444558,2.8492008339124393,1.8116454962713961,0.5965501066912395,5.770057226117654,6.075350476442593,6.644778140990183,0.5342251563585824,-0.22446528381664593,-0.34496238073094343,20.47039855698665
2026-09-04 13:30:00,30.282653710567686,31.036075270411793,30.730762122708054,30.216071396789182,31.245452848626925,0.8912439193884643,0.2933973207793209,0.046168448384727084,0.5406261931739147,0.07878134993908859,0.011915826924418838,1023.2601606621499,1021.774913363303,1022.8947023389406,-1.4259902710215429,-0.9881244499871691,-0.13166452565053532,33.28793709916091,36.17488595879758,34.273439077072155,2.8519805420430857,1.8116454730964067,0.08980140862902175,9.534829784761166,10.37105522461461,10.196907826077378,0.5347463516330785,-0.22446528381850325,0.39861268235573455,24.660255175417003
2026-09-04 13:35:00,30.35493239388864,31.340582992839707,30.952509203448244,30.43765057190549,31.467367834991,0.8921125781792912,0.2933973228508056,0.04581907795537396,0.5409755677462372,0.625952347986118,0.09467646654065831,1023.3839071305076,1022.0028840306744,1022.934232960856,-1.427380125086866,-0.9881244481328767,0.05677551795133695,30.445209065388703,34.278215653269164,33.04211094244036,2.854760250173732,1.811645608240517,-0.5755408974117131,6.056331135139523,6.4737583769827545,7.045640407371551,0.5352675469075747,-0.22446528381849767,-0.34741674657029886,20.231697157627703
2026-09-04 13:40:00,30.587995887768585,31.7430983073014,31.39354991178443,30.878523424268856,31.908576399300003,0.8929812369701181,0.2933973237944429,0.04547019872438868,0.541324448864497,0.37124215204586264,0.05615107172252465,1023.4824582776602,1022.2672813753392,1023.178252992382,-1.428769979152189,-0.9881244734344127,0.07715285639153535,31.389326789648155,33.79262047420524,32.07076687110178,2.857539958304378,1.8116456164398274,-0.08979201333636411,12.938494355427176,13.148292240943663,12.923961910720447,0.5357887421820708,-0.224465283818406,0.4487956140416216,29.777933288307107
2026-09-04 13:45:00,29.965332936489624,31.09340322658448,30.94789526922677,30.432700979907153,31.463089558546386,0.8938498957609451,0.29339732315167494,0.04512180815774264,0.5416728381456073,-0.9777688072162327,-0.14788936579396506,1023.3485576326174,1022.1304632466436,1023.1677174748589,-1.4301598332175123,-0.988124461880236,-0.049129766335113345,32.72849869597829,35.99885326513284,33.60550332200425,2.8603196664350246,1.8116456110031787,0.5817043321254047,6.281243133205154,6.848397343608242,7.630069536822543,0.5363099374565671,-0.22446528381840533,-0.5572069093958953,48.62273362754591
2026-09-04 13:50:00,30.299545982615747,30.942951469978432,30.64990609226295,30.13454405630761,31.165268128218287,0.8947185545517721,0.2933973231518727,0.0447739064238776,0.5420207398798679,-0.002326883124414536,-0.00035194543638894515,1023.5392270032096,1022.1033014110427,1023.1182698032741,-1.4315496872828355,-0.9881244594686699,-0.02684393276274477,31.978202507938086,35.073372202212106,33.50305608764526,2.863099374565671,1.811645608074328,-0.2413294935074859,6.066460132112764,6.7980192801600765,6.763291123613343,0.5368311327310632,-0.22446528381840763,0.2591934403651406,9.96546141334904
2026-09-04 13:55:00,29.759289725786378,30.91271754941035,30.578928836715114,30.063399109027607,31.094458564402622,0.895587213342599,0.29339732311498096,0.0444264907962085,0.5423681554337534,0.2670471984220626,0.0403913895802539,1023.7295957401644,1022.3175541434258,1023.2591556423669,-1.4329395413481585,-0.9881244599182544,0.046522960977199546,33.94398529533461,36.84498480452964,34.76714913779299,2.865879082696317,1.8116456105057004,0.26619005623094694,9.546889906086522,10.360395106611785,10.404582686279689,0.5373523280055594,-0.2244652838184076,0.18027770415050348,5.415239817629327
2026-09-04 14:00:00,30.606816047570636,31.439640219380475,31.043518529457653,30.527821164632833,31.559215894282474,0.896455872133426,0.2933973230809702,0.04407955928243479,0.5427150868795056,0.6791609464262152,0.10272436684185138,1023.2523421785996,1021.9846494548964,1023.0571650765758,-1.4343293954134817,-0.9881244610522653,-0.08439116062709218,32.753666824536054,36.366752270822694,34.78551434378242,2.8686587908269634,1.8116456097813356,-0.23040768274105972,10.10902387937028,11.115576935846857,11.47600986283491,0.5378735232800556,-0.22446528381840766,-0.13596764316964638,4.820670959674132
2026-09-04 14:05:00,30.722583678153423,31.740054812106795,31.44023081050123,30.92436586299642,31.95609575800604,0.897324530924253,0.29339732308088873,0.043733109895453814,0.5430615362663236,0.04248990968146771,0.006426678524675822,1023.156883270996,1021.4960437192279,1022.5881647354108,-1.435719249478805,-0.9881244622486463,-0.1039965539342802,31.87950608548988,34.22227162704542,32.92555631037653,2.87143849895761,1.8116456097208284,-0.5149302930519326,6.923253455164606,8.345222060699689,8.730764077634287,0.5383947185545518,-0.22446528381840766,-0.1610767331161913,6.274392925683351
2026-09-04 14:10:00,30.283184469633532,31.00013459293917,30.87669946357565,30.360666987795298,31.392731939356004,0.8981931897150799,0.2933973230733591,0.043387140589720374,0.5434075055569978,-1.1237030500695369,-0.16996219370984278,1023.4020734846312,1021.9165030196855,1022.7540347671638,-1.437109103544128,-0.9881244614988969,0.15059271402049035,31.42595603196461,33.840025079338055,31.950990471922772,2.874218207088256,1.811645609678964,0.07738899773632113,3.4271195497366707,4.041189724692398,4.325401210621573,0.5389159138290479,-0.22446528381840766,-0.059746202110767754,6.123376613268477
2026-09-04 14:15:00,31.114984761139052,32.04244259241976,31.557877634648563,31.04167768495696,32.074077584340166,0.8990618485059069,0.29339732307758376,0.043041649394117365,0.5437529967610502,1.2639025743956154,0.1911676346936133,1023.4559448723747,1022.2177814830958,1023.1046813408859,-1.4384989576094511,-0.9881244614099625,0.10122460361981211,31.53630810717057,34.40378536391409,32.26119604871507,2.8769979152189022,1.8116456095634863,0.33094370563553355,6.111132948018654,6.451642404974582,6.374394392573735,0.5394371091035441,-0.22446528381840766,0.3017132962192548,18.559536251062013
2026-09-04 14:20:00,30.00019585253382,30.962870996409936,30.87761909845426,30.361251729168618,31.393986467739904,0.8999305072967339,0.29339732307688304,0.04269663431535947,0.5440980118384067,-1.3761510366595182,-0.20814542512120582,1023.3031294671239,1022.0095207367018,1023.0753936663895,-1.4398888116747743,-0.9881244613705936,-0.07774846831705418,32.3399935507193,34.707653969993885,32.76216460050284,2.8797776233495487,1.8116456095494258,0.13384375994161957,14.274733162185928,14.950553764602436,14.908479481585442,0.5399583043780403,-0.22446528381840766,0.2665395668354016,15.485708920983322
2026-09-04 14:25:00,29.906050908931785,30.509929116635416,30.245487252193442,29.72895251757887,30.762021986808016,0.9007991660875608,0.29339732307693545,0.04235209339610224,0.5444425527577686,-0.19143867511980162,-0.028955458634960962,1023.5447283048844,1022.1588392057918,1023.1434781197161,-1.4412786657400973,-0.9881244613725069,0.003485547448235593,33.31961720496569,36.60858436928956,34.46987821988123,2.8825573314801947,1.8116456095509244,0.32706053985740624,9.089803149929855,9.550418764460444,10.399353855667384,0.5404794996525365,-0.22446528381840766,-0.6244698073885324,56.282125438310494
2026-09-04 14:30:00,30.579074439903216,31.60239569805044,31.056960618236552,30.54025857250486,31.573662663968243,0.9016678248783878,0.29339732307659944,0.04200802468563308,0.5447866214675658,1.6663446722856676,0.25203775673728757,1023.113952199264,1021.4454088186588,1022.6072001855864,-1.4426685198054205,-0.9881244613260016,-0.17366690560152165,31.861403349716376,34.176186545834305,33.03671085453618,2.885337039610841,1.8116456095353268,-0.6721699182372021,9.916960877082696,10.735751410965397,10.677707934955821,0.5410006949270326,-0.22446528381840766,0.2825087598279836,23.79079167224537
2026-09-04 14:35:00,30.90182922222215,32.07355270745903,31.754935142758292,31.238065840068295,32.27180444544829,0.9025364836692148,0.293397323076591,0.041664426248420594,0.5451302199047614,0.16674333166659494,0.025220241624147377,1023.4058033503597,1021.9542584415328,1022.7896495084801,-1.4440583738707438,-0.9881244613356128,0.15273339438829225,31.408650761131284,34.477810875068876,32.60292711841658,2.8881167477414875,1.8116456095361548,0.06323814711613807,1.4020501411493065,1.5544227424411188,2.20820861136332,0.5415218902015289,-0.22446528381840766,-0.42932058510379356,28.98710476478544
2026-09-04 14:40:00,31.146471530279005,32.01494708360272,31.828309543475687,31.31127303793356,32.34534604901781,0.9034051424600417,0.2933973230765857,0.04132129616108887,0.5454733499920825,-0.7058410526871555,-0.10675978294955257,1023.1973232215544,1021.6633876841809,1022.6858283287452,-1.4454482279360668,-0.9881244613361738,-0.03431618322815666,32.297788928460136,35.10854716930286,33.06393585323473,2.8908964558721335,1.8116456095369418,0.2329657065311892,6.089249262057262,7.341792710253418,6.919032862889097,0.542043085476025,-0.22446528381840766,0.6472251311827284,61.387257901775854
2026-09-04 14:45:00,30.275484483447308,31.45179191086378,31.28715730514389,30.769953650803345,31.804360959484434,0.9042738012508686,0.2933973230765763,0.04097863251365008,0.5458160136395025,-0.8513131954272346,-0.1287627173566861,1023.5317567444724,1022.1345744978936,1023.0098600435001,-1.44683808200139,-0.9881244613332995,0.1128389157267975,32.97133817724937,36.03695511307351,34.0392675036341,2.89367616400278,1.8116456095368465,0.18604199990256376,7.810185892490515,8.60956460167369,9.019127198340904,0.5425642807505212,-0.22446528381840766,-0.18509731284880715,8.239369844818246
2026-09-04 14:50:00,30.87289004336847,31.740093804719685,31.36042178838398,30.843051039246365,31.877792537521596,0.9051424600416956,0.2933973230765785,0.04063643340908607,0.546158212744071,0.570404122487389,0.08627469325912429,1023.5577833912909,1021.9881534525049,1023.0287202999091,-1.4482279360667132,-0.9881244613340353,-0.052442386070197244,31.49756407980852,34.026226835891514,32.71973145156466,2.8964558721334264,1.8116456095373346,-0.5051502252104854,10.18097947160745,10.21886374229362,10.455022355316151,0.5430854760250173,-0.22446528381840766,-0.01169332920412458,2.4246969769005347
2026-09-04 14:55:00,30.404652012520113,31.48058003756196,31.211263125529015,30.693725335543377,31.728800915514654,0.9060111188325226,0.2933973230765785,0.04029469696317306,0.546499949189984,-0.15920735515367213,-0.024080411043634342,1023.1284699119046,1021.5249936125264,1022.6459160735467,-1.4496177901320362,-0.9881244613345712,-0.13279799968574935,31.075019021749405,33.70298396639201,31.903641119984698,2.8992355802640724,1.8116456095373406,-0.012302763130030314,1.7166845277178502,2.0475825283228724,2.69224502136875,0.5436066712995136,-0.22446528381840766,-0.42019720922746995,27.221108963617414
2026-09-04 15:00:00,30.32591849220516,30.78908427663829,30.585043995827373,30.067339218890538,31.10274877276421,0.9068797776233496,0.29339732307657884,0.03995342130440699,0.5468412248487506,-0.5907830367883804,-0.08935704226566088,1023.1452017772442,1021.3844643413943,1022.380720759645,-1.4510076441973594,-0.9881244613345684,-0.0081319569161451,32.46143013628429,35.440252839076656,33.136747316557376,2.902015288394719,1.81164560953729,0.49185991298199383,10.547696795314467,11.336648975122658,10.7919460296209,0.5441278665740097,-0.22446528381840763,0.7691682293201652,86.51138159235062
2026-09-04 15:05:00,30.71964363442917,32.111147626706035,31.55025979034835,31.032388080305005,32.068131500391694,0.9077484364141766,0.2933973230765784,0.0396126045738634,0.5471820415792934,1.7685103909155195,0.26749051328110696,1023.3404436663218,1022.0713168708056,1022.8497070624696,-1.4523974982626826,-0.9881244613348084,0.20973426967077557,31.052917900138123,34.11937250159254,32.60397436424236,2.904794996525365,1.8116456095372804,-0.2962474721871047,6.786999511602154,7.684551790302097,8.4645160732598,0.5446490618485059,-0.22446528381840763,-0.5554989991392958,56.952524518659935
2026-09-04 15:10:00,30.594636958754325,31.80234570300792,31.620250029908334,31.102211440551113,32.13828861926555,0.9086170952050034,0.29339732307657845,0.039272244925085686,0.5475224012280713,-0.7358695532633455,-0.1113016499769941,1023.1371077706501,1021.6233548416056,1022.7184911408974,-1.4537873523280056,-0.9881244613347315,-0.10701183795708857,33.560559472841135,36.464772645184226,34.213952603860676,2.907574704656011,1.8116456095372977,0.43917443178624893,3.562172989136905,3.725671958090318,3.9921736463634776,0.545170257123002,-0.22446528381840763,-0.042036404454751874,3.8299964739740755
2026-09-04 15:15:00,29.667020399394065,30.51958105253916,30.464658934774015,29.946453519843587,30.982864349704442,0.9094857539958304,0.2933973230765784,0.038932340523964104,0.5478623056291927,-1.5766760226212853,-0.23847520531143473,1023.1719376997793,1021.7403323609414,1022.7231293970343,-1.4551772063933288,-0.9881244613347329,0.00532742524171681,34.208739945152814,38.48338424314994,36.41296691817784,2.9103544127866576,1.8116456095373021,0.25877171543480415,4.684667601487657,5.444266809015041,5.395328005332766,0.5456914523974983,-0.22446528381840763,0.27340408750068157,17.029027021067048
2026-09-04 15:20:00,30.848429299248505,31.364365906706396,30.840974687412164,30.322602500597306,31.359346874227022,0.9103544127866574,0.2933973230765784,0.03859288954862283,0.548201756604534,1.5206019470328336,0.22999389621765332,1023.1661277996358,1021.7092250217061,1022.7028613892253,-1.456567060458652,-0.9881244613347329,-0.005511906184551663,30.856452236213695,32.97699682213797,32.55919591520182,2.913134120917304,1.8116456095372981,-1.3938447026011502,4.354911641109573,4.31692232698299,4.666711593730391,0.5462126476719944,-0.22446528381840763,-0.12532398292899405,17.82371985146435
2026-09-04 15:25:00,30.76647889319906,31.735307638437643,31.372737245065192,30.854198340002885,31.8912761501275,0.9112230715774844,0.2933973230765784,0.03825389018930553,0.5485407559638513,0.4573369428665295,0.0691730702958715,1022.858034308538,1021.23996230407,1022.331396962472,-1.457956914523975,-0.988124461334738,-0.10331019706723055,32.90726518154966,35.771815974635444,33.235268005463105,2.91591382904795,1.8116456095372968,0.7249023596350455,6.568654724038335,7.088587807343512,7.153094191694919,0.5467338429464906,-0.22446528381840763,0.15995889946700004,8.046904566195522
2026-09-04 15:30:00,29.917268314794047,30.540574935747607,30.487264266786013,29.968558697061514,31.005969836510513,0.9120917303683114,0.2933973230765784,0.03791534064826252,0.5488793055048943,-1.587330097483779,-0.24008665411498598,1023.1277676622818,1021.4795611569754,1022.3792189226147,-1.4593467685892982,-0.9881244613347347,0.0884666956953879,33.450125122988354,35.109915442473365,33.26276424566105,2.9186935371785965,1.8116456095372968,0.03550558727501851,1.7352526454350279,2.616121736286977,3.153873783765164,0.5472550382209868,-0.22446528381840763,-0.31328676365977914,20.980751369327614
2026-09-04 15:35:00,30.27531795109612,31.277249047766755,30.811556007896975,30.29268382704391,31.33042818875004,0.9129603891591384,0.2933973230765784,0.037577239139639784,0.549217407013517,1.139131110563138,0.17229571679320088,1023.0105302704735,1021.3989963789193,1022.3742986725897,-1.4607366226546215,-0.9881244613347345,0.012822167664239714,33.40380737590237,36.62294580414552,34.507724763666864,2.921473245309243,1.8116456095372966,0.30357543094136474,3.1216829118737177,3.504004426338307,3.497808402411504,0.547776233495483,-0.22446528381840763,0.23066130774521065,11.223764943757697
2026-09-04 15:40:00,30.260595775235313,31.256737967018132,30.96306406087791,30.444025322378348,31.482102799377476,0.9138290479499652,0.2933973230765784,0.03723958388936921,0.5495550622637876,0.0018286256809645351,0.00027658306364131136,1023.0245498527246,1021.4539481101802,1022.4226097699611,-1.4621264767199444,-0.9881244613347345,0.01946280155380009,33.04326374274058,35.07531946707902,33.68320232871227,2.924252953439889,1.8116456095372966,-0.41952847117054404,9.69872890425587,9.794949643284445,9.771140241770311,0.5482974287699791,-0.22446528381840763,0.24827468533254127,9.74191205257081
2026-09-04 15:45:00,30.109757972865616,30.836175045806,30.629220367701855,30.110015124986397,31.148425610417313,0.9146977067407922,0.2933973230765784,0.03690237313505945,0.5498922730180973,-0.5715145332698697,-0.0864426449724327,1023.3000680016855,1021.8915426079523,1022.7831875517093,-1.4635163307852677,-0.9881244613347347,0.09647951757767714,33.78791779056959,36.492302247438865,34.41569517413451,2.9270326615705353,1.8116456095372966,0.2649614637670581,2.818660849909408,3.411343912867151,4.20336357319192,0.5488186240444753,-0.22446528381840763,-0.5675543765063611,48.150511391285264
2026-09-04 15:50:00,29.72442399939309,30.864183769647582,30.54235962010028,30.02298792654814,31.061731313652423,0.9155663655316192,0.2933973230765784,0.036565605125889356,0.5502290410272674,0.18794362976674606,0.028426826470720812,1022.8806200580423,1021.2963562236636,1022.4534831902902,-1.4649061848505909,-0.9881244613347344,-0.16900250529192817,34.344941228965,36.97710213840112,35.10551152463853,2.9298123697011818,1.8116456095372966,0.05994500422529825,3.841534274125018,4.209458433453346,4.125019459252412,0.5493398193189715,-0.22446528381840763,0.3089042580193415,16.902563824948157
2026-09-04 15:55:00,29.611543989063733,30.689093953947413,30.400391313047383,29.88085322198647,30.919929404108295,0.9164350243224462,0.2933973230765784,0.036229278122501096,0.5505653680306557,-0.03103883614200953,-0.004694682176548781,1023.177307952624,1021.9729855084472,1022.8148842066435,-1.4662960389159139,-0.9881244613347345,0.14622576313843183,34.96903358337534,38.12633856248811,36.200823264180976,2.9325920778318277,1.8116456095372966,0.11386968876983872,5.77339669884566,6.512125223258879,6.648659422444184,0.5498610145934677,-0.22446528381840763,0.08793108463310251,3.555209288930482
2026-09-04 16:00:00,29.80224712511164,30.91471547568263,30.567148068068693,30.047443632775693,31.086852503361694,0.9173036831132731,0.2933973230765784,0.03589339039689621,0.5509012557562606,0.35814487850793597,0.05417008453735761,1023.0004604058635,1021.6868471682662,1022.7514297765657,-1.467685892981237,-0.9881244613347345,-0.07645814696479647,36.116999917750135,38.61013896967646,36.8710162175997,2.935371785962474,1.8116456095372966,-0.07252285746053388,6.318332279197355,6.603116559399901,6.9387952208291495,0.5503822098679638,-0.22446528381840763,-0.11121337761084149,2.75376300619993
2026-09-04 16:05:00,30.210503971600136,31.130447854238014,30.813159211956467,30.29328848565692,31.333029938256015,0.9181723419041001,0.2933973230765784,0.035557940232331164,0.5512367059208256,0.15795717668036957,0.023891319204967232,1022.9881514776554,1021.6403296630587,1022.6606266054075,-1.4690757470465603,-0.9881244613347345,-0.032172481014185905,31.231121214541,33.69302815047894,32.9982674516037,2.9381514940931206,1.8116456095372966,-1.1168849106620584,8.863958890627762,9.183071228874292,9.301346142326622,0.5509034051424601,-0.22446528381840763,0.10619037036607715,8.194994229530119
2026-09-04 16:10:00,29.884505851140865,30.52044203845305,30.349248886435817,29.82921192230421,30.869285850567422,0.919041000694927,0.2933973230765784,0.03522292592321563,0.5515717202299412,-0.807951443513609,-0.12220417105934445,1023.1373991649897,1021.6489847285069,1022.6299354305283,-1.4704656011118833,-0.9881244613347345,0.0071737593132183974,33.944415548964365,38.03403192245685,35.07986175646297,2.9409312022237666,1.8116456095372966,1.1425245564565856,5.664175989241217,5.6092998933953,6.099414783620249,0.5514246004169562,-0.22446528381840763,-0.26564960640654167,18.36279937668119
2026-09-04 16:15:00,29.441226469422855,30.556710583350835,30.224846337645744,29.704643188805584,30.745049486485904,0.919909659485754,0.2933973230765784,0.03488834577501099,0.5519063003781458,0.25432360774445684,0.038466922628511924,1023.0595780788959,1021.8148647340768,1022.7555199307719,-1.4718554551772065,-0.9881244613347345,0.04746926463951695,33.97091748545606,37.14228182819009,35.442917140338025,2.943710910354413,1.8116456095372966,-0.11228092168522608,9.154218932058656,9.757148141065553,9.645604523335365,0.5519457956914524,-0.22446528381840763,0.3360089015485954,16.58203570328701
2026-09-04 16:20:00,29.817355789326324,30.684059827775748,30.340879296942628,29.820510016466525,30.86124857741873,0.920778318276581,0.2933973230765784,0.03455419810413046,0.5522404480490264,0.32914109412927317,0.04978320775654055,1023.0849678864491,1021.5790217325384,1022.6258872467755,-1.4732453092425297,-0.9881244613347345,-0.0587410529024055,34.0179650509273,36.51561498779454,34.94239664266208,2.9464906184850594,1.8116456095372966,-0.23842726440483375,7.166670758553476,7.670866268036445,8.15984532509803,0.5524669909659485,-0.22446528381840763,-0.26451377324317704,10.922279320643161
2026-09-04 16:25:00,28.285307259989246,28.92899820841812,28.903458688029808,28.382923328939555,29.42399404712006,0.921646977067408,0.2933973230765784,0.03422048123784022,0.5525741649153166,-1.7709387205226896,-0.267857802688269,1023.1365645199235,1021.6572401444924,1022.6263763986387,-1.4746351633078527,-0.9881244613347345,0.018988207188385786,37.84831051384841,40.59691390301513,37.99096613224819,2.9492703266157054,1.8116456095372966,0.7943021612296448,2.5200880574097653,2.716560842428189,3.078945152506625,0.5529881862404448,-0.22446528381840763,-0.1379190262600285,13.586205368669422
2026-09-04 16:30:00,29.797170188344225,30.990093697397327,30.249046936789448,29.72834555205611,30.769748321522787,0.9225156358582349,0.2933973230765784,0.033887193514161695,0.5529074526389951,2.959629005345743,0.44764943753130026,1022.9348307772789,1021.484301940868,1022.5023955476207,-1.476025017373176,-0.9881244613347345,-0.02996914541802198,33.2944110371559,37.56274503371885,36.61059491467389,2.952050034746352,1.8116456095372966,-0.8594954904923355,2.9873066081700705,3.5989556038151393,3.5549091426904447,0.5535093815149409,-0.22446528381840763,0.2685117449431025,35.381786554417914
2026-09-04 16:35:00,28.55165875273771,29.89492455148727,29.834479054456025,29.313611697000006,30.355346411912045,0.9233842946490619,0.2933973230765784,0.03355433328177504,0.5532403128713818,-1.5401582653922645,-0.23295182604533338,1022.8871821382556,1021.5150407228986,1022.4825587586815,-1.4774148714384991,-0.9881244613347345,0.020606425551704888,35.87695885428689,38.643656694563006,36.703856625746475,2.9548297428769983,1.8116456095372966,0.1281544592792372,5.469399975444909,6.331551642427589,6.471394325117207,0.5540305767894371,-0.22446528381840763,0.08462260112878894,6.894019971582455
2026-09-04 16:40:00,29.009439598367578,29.925442926011627,29.63561145498801,29.114578177679142,30.156644732296876,0.9242529534398888,0.2933973230765784,0.03322189889992355,0.5535727472532332,-0.0235755890210001,-0.00356585205296156,1022.8121040874122,1021.4288355737589,1022.4221527352523,-1.4788047255038221,-0.9881244613347345,-0.005192700158772823,35.927882134614755,38.33407028710049,36.5485114377268,2.9576094510076443,1.8116456095372966,-0.02608676016360789,5.1094221082649875,5.599303497303236,5.988074238107526,0.5545517720639332,-0.22446528381840763,-0.16430545698588261,3.859852634366836
2026-09-04 16:45:00,28.610463095737042,29.967408938888415,29.63867014981666,29.117471005474293,30.15986929415903,0.9251216122307158,0.2933973230765784,0.03288988873831944,0.5539047574148374,0.23365968787448566,0.03534146599517385,1022.8483573172159,1021.2968939458801,1022.3035080728305,-1.4801945795691454,-0.9881244613347345,-0.01848966561567522,37.3425703524548,39.754962591491974,37.647230094174475,2.9603891591382907,1.8116456095372966,0.29608688778020564,8.345432521268807,8.980955573553828,9.027422822359126,0.5550729673384295,-0.22446528381840763,0.1779980350131094,5.14150941669123
2026-09-04 16:50:00,28.44147031306038,29.385723529804192,29.170015631752978,28.648650673146037,29.69138059035992,0.9259902710215427,0.2933973230765784,0.032558301177050664,0.5542363449761061,-0.5136427222643967,-0.07768942502536547,1023.4133199897213,1021.851786498173,1022.6975243063908,-1.4815844336344686,-0.9881244613347345,0.14238665311688692,38.12872291791924,40.65259060039652,38.75922716635046,2.963168867268937,1.8116456095372966,0.08171782450876464,6.640132371409702,7.2777199088981765,7.719349970902468,0.5555941626129256,-0.22446528381840763,-0.2171647781858841,9.661487115567377
2026-09-04 16:55:00,29.321837006343955,30.172604755323054,29.712945769046637,29.191415048893724,30.23447648919955,0.9268589298123697,0.2933973230765784,0.03222713460648846,0.5545675115466684,1.0992370360095798,0.16626166319983682,1023.1579974374451,1021.7710085933181,1022.7986477859595,-1.4829742876997916,-0.9881244613347345,-0.03951473130666727,34.7864375225559,37.2767879200141,36.30511035742945,2.965948575399583,1.8116456095372966,-0.8399680469526416,4.968717931273782,5.163534341007516,5.411805973269393,0.5561153578874218,-0.22446528381840763,-0.02380634844347007,6.804701537560507
2026-09-04 17:00:00,28.565796842066806,29.367432739832907,29.227345869011952,28.70564943998141,29.749042298042493,0.9277275886031967,0.2933973230765784,0.03189638742719625,0.5548982587259605,-1.0136102567685903,-0.15331045225562434,1022.7705812589196,1021.3935026047382,1022.5075823415766,-1.4843641417651148,-0.9881244613347345,-0.12595527550377028,35.98674236384761,37.93175236869845,35.85792106767099,2.9687282835302296,1.8116456095372966,0.2621856914901599,3.053109480847961,4.2267217802221575,4.389884821315748,0.556636553161918,-0.22446528381840763,0.06130224272481666,5.143927687868712
2026-09-04 17:05:00,28.784114965203756,30.040127694196325,29.61818764513314,29.096325559843148,30.140049730423133,0.9285962473940237,0.2933973230765784,0.031566058049839696,0.5552285881033171,0.8498587250644469,0.12854272598660543,1022.7784787091065,1021.2337220445526,1022.2516560442222,-1.485753995830438,-0.9881244613347345,-0.029809538334916397,34.42566492333094,36.49781283743424,34.771175047241975,2.971507991660876,1.8116456095372966,-0.0850078193450301,3.56131260283494,3.9772154022346693,4.171094318535974,0.5571577484364142,-0.22446528381840763,0.03058636751710342,2.0175469605131533
2026-09-04 17:10:00,28.51670502823662,29.290141158143914,29.130181399185165,28.60815371020381,29.652209088166522,0.9294649061848506,0.2933973230765784,0.03123614489509724,0.5555585012580595,-0.8822208899529684,-0.13343756411783048,1023.0544374558796,1021.329215395532,1022.2525352564022,-1.487143849895761,-0.9881244613347345,0.06480460046441294,37.05372181005303,39.36455321035545,36.818259279479136,2.974287699791522,1.8116456095372966,0.7346483213390229,6.466934149606138,7.22144795387513,7.295844961603594,0.5576789437109103,-0.22446528381840763,0.15006827608994389,8.338396265962722
2026-09-04 17:15:00,28.613633148785066,29.69102057575574,29.303781959475483,28.781588719320826,29.82597519963014,0.9303335649756775,0.2933973230765784,0.030906646393572546,0.5558879997595843,0.6204306092651848,0.09384129320367762,1023.0713057980744,1021.551674679712,1022.4596060448919,-1.4885337039610842,-0.9881244613347345,0.08019309615485781,36.330483151158184,39.78080737384283,37.98666808798516,2.9770674079221684,1.8116456095372966,-0.01750632367961913,5.157830328682261,5.946795050836382,6.37191355766097,0.5582001389854065,-0.22446528381840763,-0.2006532230061806,7.394655646837075
2026-09-04 17:20:00,28.338334022740508,29.157703479495172,28.942673378785827,28.42031463992601,29.465032117645645,0.9312022237665045,0.2933973230765784,0.03057756098570691,0.5562170851674499,-0.5181239714396604,-0.07836722236723404,1023.0803948747944,1021.6840001865919,1022.6511623388619,-1.4899235580264074,-0.9881244613347345,0.020962309064657347,39.17519997869257,41.85005726492709,39.8702541286139,2.979847116052815,1.8116456095372966,0.16815752677589302,5.880903519566022,6.397746315691199,6.551359911794313,0.5587213342599027,-0.22446528381840763,0.07085168771529382,1.560225561923608
2026-09-04 17:25:00,27.676704091453665,28.516713621496123,28.28949558921482,27.766971404068123,28.812019774361517,0.9320708825573315,0.2933973230765784,0.030248887121693213,0.5565457590314635,-0.43754360481513643,-0.06617929079527585,1022.9704881343713,1021.7499872492425,1022.7564167157481,-1.4913134120917304,-0.9881244613347345,-0.0183050051708733,39.507032528489006,42.32393000139724,40.71797867314736,2.982626824183461,1.8116456095372966,-0.20569428128741407,2.975030423369166,3.716311460421455,4.069843003370396,0.5592425295343989,-0.22446528381840763,-0.12906625913053338,3.094953078695707
2026-09-04 17:30:00,28.46827423280784,29.607263712949912,29.070262278621644,28.547572699556575,29.592951857686714,0.9329395413481585,0.2933973230765784,0.029920623261391166,0.5568740228917657,1.610585724083613,0.24360411125168824,1023.0024367685068,1021.3300398079987,1022.4445878324088,-1.4927032661570536,-0.9881244613347345,-0.12642356307549107,36.13763606947379,40.13911302199182,39.00155274648216,2.9854065323141072,1.8116456095372966,-0.6740853340276374,7.131872700952333,7.765382192306145,7.6969559276189,0.559763724808895,-0.22446528381840763,0.29289154850565247,22.634253522876467
2026-09-04 17:35:00,27.749766883527563,28.60756771440868,28.509341295955757,27.986486375291125,29.032196216620388,0.9338082001389855,0.2933973230765784,0.029592767874242476,0.5572018782789143,-1.2903701465800488,-0.19517090462365516,1023.0848415204089,1021.5267627122619,1022.4602897913297,-1.4940931202223768,-0.9881244613347345,0.054597382266820205,38.834779333976044,42.858971294371536,40.45916135318568,2.9881862404447537,1.8116456095372966,0.5881643316485636,9.409308062446632,9.544301055361803,9.865236044666625,0.5602849200833913,-0.22446528381840763,-0.09646970548641498,7.467291111340273
2026-09-04 17:40:00,27.1998400407363,28.053557823782054,27.818504637753854,27.29548442775885,28.341524847748857,0.9346768589298123,0.2933973230765784,0.029265319439188253,0.5575293267139685,-0.38574157772325535,-0.05834413704837971,1023.0648523967628,1021.5109588882464,1022.4804638683999,-1.4954829742876998,-0.9881244613347345,0.018619481181190167,40.257941926157045,43.023207920222255,41.22318803719509,2.9909659485753997,1.8116456095372966,-0.01162572651012539,3.6932709343035373,4.154395239286399,4.704816578710388,0.5608061153578874,-0.22446528381840763,-0.32595605560558205,15.559488032504403
2026-09-04 17:45:00,27.524198148054435,28.686304605210037,28.210466610590988,27.687281163485263,28.733652057696712,0.9355455177206393,0.2933973230765784,0.028938276444586075,0.5578563697085708,1.2062043598884102,0.18244067154246935,1022.7373050678092,1021.4438030403709,1022.4427570387531,-1.496872828353023,-0.9881244613347345,-0.010829537047584381,39.67306722161157,42.16212206977089,40.67146699499049,2.993745656706046,1.8116456095372966,-0.3209905347568949,5.528285167146462,5.905847207072627,5.810290539264124,0.5613273106323836,-0.22446528381840763,0.3200219516269103,18.676618353485196
2026-09-04 17:50:00,28.166555568250416,29.422449203406206,29.021477901290062,28.498127269243803,29.54482853333632,0.9364141765114663,0.2933973230765784,0.028611637388129052,0.5581830087650277,0.711224100585838,0.10757397903956445,1023.0558990625649,1021.5523951550778,1022.5127973670234,-1.4982626824183463,-0.9881244613347345,0.02772224938905765,37.973825220994215,40.278806334892074,38.85730231073844,2.9965253648366925,1.8116456095372966,-0.3901415853836596,12.870898733006493,13.294223726509536,13.260434927793062,0.5618485059068797,-0.22446528381840763,0.25825408253488114,11.608474566851188
2026-09-04 17:55:00,27.775052722886358,28.841273518845497,28.725712905575055,28.202197140709067,29.249228670441042,0.9372828353022933,0.2933973230765784,0.028285400776765002,0.5585092453763918,-1.1757653208727632,-0.17783670980613664,1022.9847742113352,1021.3490226909456,1022.3854355371981,-1.4996525364836693,-0.9881244613347345,-0.04828838491778242,39.293061727423925,42.84658741615785,40.34145810860672,2.9993050729673385,1.8116456095372966,0.6934836980138357,4.228207890316988,4.3993766381473725,5.353470223827754,0.562369701181376,-0.22446528381840763,-0.7296283018619745,82.03694497175296
2026-09-04 18:00:00,27.162190363589527,27.969387902557855,27.817244654569535,27.29356380895532,28.34092550018375,0.9381514940931203,0.2933973230765784,0.027959565126617014,0.5588350810265398,-0.9338996605469063,-0.14125407508825916,1023.1628361029717,1021.745598004861,1022.6389131751712,-1.5010423905489925,-0.9881244613347345,0.09480929102448954,39.287719385182946,42.1260383794631,40.46037622052959,3.002084781097985,1.8116456095372966,-0.14598345060378648,6.2751481455457965,7.175969157025477,6.893821310991871,0.5628908964558721,-0.2244652838184076,0.5066131298520133,39.84345742147053
2026-09-04 18:05:00,27.026680969041667,27.8635794220661,27.49176115590885,26.96791528156868,28.015607030249022,0.9390201528839472,0.2933973230765784,0.027634128962904514,0.5591605171902523,0.5184791453063902,0.07842094308066905,1023.610366922662,1022.0472389000416,1022.9799540563524,-1.5024322446143157,-0.9881244613347345,0.05540930502388619,42.17092259994657,44.86659117691697,42.60436199163217,3.0048644892286314,1.8116456095372966,0.4505835757475083,2.0163137159091047,3.060323604023497,3.559370049132885,0.5634120917303683,-0.2244652838184076,-0.2745811612909801,12.7938500509449
2026-09-04 18:10:00,26.900580238703093,27.856452103125875,27.491039741185617,26.96702889009261,28.015050592278623,0.9398888116747741,0.2933973230765784,0.027309090819865656,0.5594855553332911,0.4761265847165035,0.07201503886367888,1023.2456755584174,1021.558195368734,1022.7064528220337,-1.5038220986796387,-0.9881244613347345,-0.1601329919650425,41.47896116464836,43.8356737018976,42.457952608049915,3.0076441973592773,1.8116456095372966,-0.4339245156896112,6.288526385522248,7.145860565326635,7.030768541244553,0.5639332870048644,-0.2244652838184076,0.3395573079004892,20.825684208580764
2026-09-04 18:15:00,27.720973642576183,28.725917125426918,28.278988684241934,27.754812908320137,28.80316446016373,0.9407574704656011,0.2933973230765784,0.026984449240680053,0.5598101969124767,1.0150691864658512,0.15353111810840403,1023.1734433976337,1021.5343154487973,1022.5417844114126,-1.505211952744962,-0.9881244613347345,-0.01934450128055687,39.92157752206886,42.31626830034967,40.9489157101862,3.010423905489924,1.8116456095372966,-0.4442930193738235,1.9836036728235478,2.9292169223470514,3.50842269551855,0.5644544822793607,-0.2244652838184076,-0.35474048935309055,21.505381483280132
2026-09-04 18:20:00,26.902352246877708,27.64640519410618,27.58874614007649,27.064405491200954,28.113086788952028,0.9416261292564281,0.2933973230765784,0.026660202777392672,0.5601344433757641,-1.5585808006123045,-0.235738269046891,1023.3905953530755,1022.1440998394286,1022.9676027834041,-1.506601806810285,-0.9881244613347345,0.16462151735913721,40.336789103092286,43.60603926990745,41.43108942849975,3.01320361362057,1.8116456095372966,0.3633042318704014,11.501800587026407,11.963385813477817,11.619055960603802,0.5649756775538568,-0.2244652838184076,0.5687951366924224,55.74031940448264
2026-09-04 18:25:00,26.77923601745142,27.86633839341465,27.507009164877193,26.98250369487405,28.031514634880335,0.9424947880472551,0.2933973230765784,0.026336349990838503,0.5604582961623183,0.43590801957857295,0.06593190546087868,1023.3584974517938,1021.9081371741656,1022.9672596693591,-1.507991660875608,-0.9881244613347345,-0.07099803385881387,41.898954064659534,43.86258677370094,41.94656272154898,3.015983321751216,1.8116456095372966,0.10437844261466722,7.161467585418554,7.536087407751096,8.33987236082536,0.565496872828353,-0.22446528381840763,-0.5793196692558569,48.964818075137906
2026-09-04 18:30:00,26.87538672535264,27.83585283811864,27.514640918755376,26.989970679401914,28.039311158108838,0.943363446838082,0.2933973230765784,0.026012889450568122,0.5607817567025887,0.1838958770864103,0.027814596286685145,1023.3847743031088,1021.8915567964857,1022.9167264092671,-1.5093815149409313,-0.9881244613347345,-0.03704515144670495,40.89551039509976,44.71016838001197,42.79129202334534,3.0187630298818626,1.8116456095372966,0.10723074712933567,7.900502567506467,8.232944521565802,8.252563331271253,0.5660180681028492,-0.22446528381840763,0.20484647411295676,6.281297143901764
2026-09-04 18:35:00,26.413331433855703,27.014421875756987,26.83795801183385,26.313123054858597,27.362792968809106,0.944232105628909,0.2933973230765784,0.025689819734773855,0.5611048264183829,-0.7731041935727738,-0.11693345915344366,1023.4503259201813,1021.9020704908032,1022.8939299559861,-1.5107713690062545,-0.9881244613347345,-0.003735003848191809,41.614606700641566,44.20907372360214,42.615557267260826,3.021542738012509,1.8116456095372966,-0.21812915319598147,6.949244136348807,7.70900287661332,7.963444437000646,0.5665392633773454,-0.22446528381840763,-0.029976276568919324,1.8207019213166715
2026-09-04 18:40:00,26.06730622414102,26.82662169206861,26.494862160630095,25.96986253771288,27.01986178354731,0.9451007644197359,0.2933973230765784,0.025367139430216845,0.56142750672294,0.2536312905992659,0.038362208361935046,1023.7071618392124,1022.2388229424587,1023.1480518360675,-1.5121612230715775,-0.9881244613347345,0.07889556772590822,45.17726626070412,48.08187995144584,45.571422863592105,3.024322446143155,1.8116456095372966,0.6988114783164434,5.901649863608963,6.536829238204049,6.798386519017651,0.5670604586518415,-0.22446528381840763,-0.037091996995194165,3.5551615165127712
2026-09-04 18:45:00,25.94413244410702,26.78927613258725,26.43796009157242,25.912795854344466,26.963124328800376,0.9459694232105629,0.2933973230765784,0.0250448471321551,0.5617497990210016,0.38292892426675706,0.0579187179382501,1023.2702400778837,1021.7987243926473,1022.90545557549,-1.5135510771369007,-0.9881244613347345,-0.1186067215080584,45.577325890001674,47.53484567776303,46.119636517465445,3.0271021542738015,1.8116456095372966,-0.3964364492397081,4.798739890384289,5.343155030831099,5.566909004606195,0.5675816539263377,-0.22446528381840763,0.000711310043310931,2.730374339329108
2026-09-04 18:50:00,25.844500895596425,26.7767674398296,26.45903118212819,25.933702382172182,26.984359982084197,0.9468380820013899,0.2933973230765784,0.02472294144427184,0.562071704708885,0.1609165807783164,0.02433893462483283,1023.5538854765556,1022.0827698695845,1023.008561436632,-1.514940931202224,-0.9881244613347345,0.06233289428712396,43.593653378204955,46.61364249001551,45.24975229431047,3.029881862404448,1.8116456095372966,-0.4477554138322546,8.614196994341643,9.57084440680108,9.556223197570171,0.5681028492008339,-0.22446528381840763,0.2390864930493155,9.682231963938008
2026-09-04 18:55:00,25.70751954473222,27.03308204462524,26.696697492428648,26.17120418127881,27.222190803578485,0.9477067407922168,0.2933973230765784,0.02440142097860537,0.5623932251745514,0.28420956109016515,0.04298722912001196,1023.3885843110481,1021.8894802893223,1022.914765051831,-1.516330785267547,-0.9881244613347345,-0.037160301174026245,43.39238215932758,46.162386975710234,44.452031025028994,3.032661570535094,1.8116456095372966,-0.10128965885605368,10.841641529481532,11.531747980101464,11.857726808981896,0.5686240444753301,-0.22446528381840763,-0.10151354506202459,1.872483675236022
2026-09-04 19:00:00,25.86160417827496,26.857813839085928,26.613792854183306,26.08813508332548,27.139450625041132,0.9485753995830438,0.2933973230765784,0.02408028435547871,0.5627143617976781,-0.3264510806565717,-0.049376338173956924,1023.6572579663512,1022.2698570777641,1023.1690996388802,-1.5177206393328702,-0.9881244613347345,0.0888819002185528,44.17655794257147,47.17193474215204,45.04993829303179,3.0354412786657403,1.8116456095372966,0.3103508395829522,5.046084028456476,5.363631976950127,5.953709052406023,0.5691452397498262,-0.22446528381840763,-0.36561179163748925,20.706497023887554
2026-09-04 19:05:00,25.4384308846387,26.219720565032844,26.025321517476698,25.499499338348414,26.55114369660498,0.9494440583738708,0.2933973230765784,0.02375953020343108,0.5630351159497258,-0.6545259373614023,-0.09899827552043305,1023.4841578876635,1021.9685130461654,1023.0394686687641,-1.5191104933981934,-0.9881244613347345,-0.08283116126403911,45.94911882437499,50.16470692986089,47.760350983756595,3.0382209867963867,1.8116456095372966,0.5927103365670021,9.862563230753924,10.227957017037538,9.961377387583212,0.5696664350243225,-0.22446528381840763,0.4910449132727326,38.011984981844634
2026-09-04 19:10:00,25.55684481650611,26.551283694532238,26.148854073829842,25.622867537820394,26.67484060983929,0.9503127171646977,0.2933973230765784,0.023439157159149127,0.5633554889940077,0.7208657568128771,0.10903229762581645,1023.6089735206273,1021.9417823478308,1022.9457946318828,-1.5205003474635164,-0.9881244613347345,-0.0158878227173318,45.12847809533727,48.3116372268965,47.14612236127068,3.0410006949270327,1.8116456095372966,-0.6461307439114705,5.591686378360381,6.366471998435443,6.9616351892974535,0.5701876302988186,-0.22446528381840763,-0.3706979070436027,23.03859712900642
2026-09-04 19:15:00,25.076754765508113,25.95751859197286,25.73943594544769,25.213285103898215,26.26558678699716,0.9511813759555247,0.2933973230765784,0.023119163867399428,0.5636754822857574,-0.4979421005844422,-0.07531467655140744,1023.678464637082,1022.064711001918,1023.0117227161352,-1.5218902015288396,-0.9881244613347345,0.04111274711749502,47.0278351536829,49.435888209423936,47.54965872232865,3.043780403057679,1.8116456095372966,0.07458387755799123,5.2130515392291725,6.096280220598867,6.181548929169133,0.5707088255733148,-0.22446528381840763,0.13919657524814166,3.5816509424914624
2026-09-04 19:20:00,24.984945107600378,26.001946790253438,25.66282220862933,25.136507112832888,26.18913730442577,0.9520500347463516,0.2933973230765784,0.022799548980961926,0.5639950971721949,0.30232523350986185,0.04572725854752946,1023.9217225851377,1022.1015897255201,1023.0768878850574,-1.5232800555941628,-0.9881244613347345,0.01282630179730404,47.11687442310997,49.594378605861046,47.7999767994104,3.0465601111883256,1.8116456095372966,-0.01724380308665019,4.579000719454319,5.31573480997892,5.547593473792051,0.5712300208478109,-0.22446528381840763,-0.007393379994723226,0.24885463518768333
2026-09-04 19:25:00,23.99793843481659,25.06697066576089,24.88948770566311,24.363008406864747,25.415967004461475,0.9529186935371786,0.2933973230765784,0.022480311160563315,0.5643143349925934,-0.7663664511680288,-0.11591436297879909,1023.9671495969387,1022.7465022546857,1023.5985452788651,-1.5246699096594858,-0.9881244613347345,0.13608143715521237,50.19591660720366,53.72136137525364,51.16235853224502,3.0493398193189716,1.8116456095372966,0.7473572334713268,2.8273855336783726,3.968203374162304,4.223533312229184,0.5717512161223072,-0.22446528381840763,-0.030864654248471624,6.491317775240282
2026-09-04 19:30:00,25.006836837187414,26.20247031896021,25.655630364856652,25.128986914253478,26.182273815459826,0.9537873523280056,0.2933973230765784,0.022161449074811657,0.5646331970783451,1.6756329821728748,0.25344263102697795,1023.6978982848958,1022.3012517099639,1023.442246661617,-1.526059763724809,-0.9881244613347345,-0.15287049031837796,47.13004364016452,51.221117800408884,50.24529477475807,3.052119527449618,1.8116456095372966,-0.8358225838864826,0.3532819636176367,1.4160565247338655,1.6926799473883527,0.5722724113968033,-0.22446528381840763,-0.05215813883607967,13.377454658672
2026-09-04 19:35:00,24.621429214215386,25.571227926200212,25.412066488425264,24.885258937166537,25.93887403968399,0.9546560111188326,0.2933973230765784,0.021842961400131977,0.5649516847530248,-0.8874989810954297,-0.13423588530163144,1023.9496440890335,1022.297683896974,1023.3234701799096,-1.5274496177901322,-0.9881244613347345,-0.03766182160086373,46.46871868724735,49.749152339428456,48.38663677792203,3.0548992355802644,1.8116456095372966,-0.44913004803086665,3.017587502606522,3.7226918597330503,3.7325010926988025,0.5727936066712995,-0.22446528381840763,0.2146560508526556,9.675408026917214
2026-09-04 19:40:00,24.724088777522404,26.00740555295203,25.652043307983227,25.125071707170413,26.17901490879604,0.9555246699096595,0.2933973230765784,0.021524846820701604,0.5652697993324551,0.40968035424681304,0.06196492189222269,1023.8928161427948,1022.3216999435298,1023.2955126458919,-1.5288394718554552,-0.9881244613347345,0.014311758972553434,49.11325544891299,52.72190458826771,50.15338644629911,3.0576789437109104,1.8116456095372966,0.7568725324313093,4.805344829611657,5.1270854337130025,5.39075428931663,0.5733148019457956,-0.22446528381840763,-0.039203571785219715,3.5920740911123814
2026-09-04 19:45:00,23.008038400217284,24.146036261425007,24.15161588727873,23.624480287965596,24.678751486591864,0.9563933287004864,0.2933973230765784,0.021207104028387214,0.5655875421247696,-1.97668259087677,-0.2989769489303029,1023.8694521207836,1022.2436913237319,1023.2363097381627,-1.5302293259207784,-0.9881244613347345,-0.004493953096130099,54.20622294854615,57.75447177905707,54.99837838005587,3.060458651841557,1.8116456095372966,0.9444477894639078,3.9019272693827753,4.082767013083537,4.423534581433105,0.5738359972202919,-0.22446528381840763,-0.11630228453116054,15.971669231286102
2026-09-04 19:50:00,24.843233374938794,25.65900745346767,25.000805010484825,24.473505463677494,25.528104557292156,0.9572619874913134,0.2933973230765784,0.020889731722681826,0.565904914430475,2.411904771125105,0.36480511990626496,1024.0856973593084,1022.7854602610283,1023.6408910427668,-1.5316191799861016,-0.9881244613347345,0.13269367959617284,51.06604642536265,55.26453631602087,54.494778079022105,3.0632383599722033,1.8116456095372966,-1.0418873725385254,4.316829671531542,4.7749723405219155,4.920590405723004,0.574357192494788,-0.22446528381840763,0.07884721861731858,22.50571599474448
2026-09-04 19:55:00,23.79316004333747,25.1932618227693,24.98774261859289,24.460279175249923,25.515206061935856,0.9581306462821404,0.2933973230765784,0.020572728610642688,0.566221917542514,-0.5810051523050888,-0.08787811890016783,1024.1329659797277,1022.3869753710356,1023.4928117538615,-1.5330090340514246,-0.9881244613347345,-0.11771192149114995,49.580747906946684,51.0870938368687,50.4156279914052,3.0660180681028493,1.8116456095372966,-1.1401797640737925,11.019395836287776,11.820238257981906,11.762053304063098,0.5748783877692842,-0.22446528381840763,0.2826502377372151,20.441021167289755
2026-09-04 20:00:00,24.133233300885873,25.157631508612862,24.89438846328893,24.366761174321407,25.422015752256453,0.9589993050729674,0.2933973230765784,0.020256093406829934,0.5665385527463269,-0.1993646536543352,-0.03015427775264712,1024.605117388421,1023.0878899091271,1023.9409515614635,-1.5343988881167478,-0.9881244613347345,0.13506280899821377,49.91687618852275,53.519449116199866,50.90604264846697,3.0687977762334957,1.8116456095372966,0.8017608581955997,3.6116286603443557,4.735022367181718,5.584480517152027,0.5753995830437804,-0.22446528381840763,-0.624992866151902,61.16819840358097
2026-09-04 20:05:00,23.114896420987975,23.90773948405732,23.79844646660755,23.270655382879134,24.326237550335968,0.9598679638637944,0.2933973230765784,0.019939824833245745,0.566854821319911,-1.2172034571227286,-0.18410430562681057,1024.3687227317414,1022.8166548131746,1023.9026032297586,-1.535788742182071,-0.9881244613347345,-0.09782395524928233,51.187807925349475,55.046374244836464,52.70578048622378,3.071577484364142,1.8116456095372966,0.52894814907539,4.266716516385248,4.967871405026765,4.878439358368315,0.5759207783182766,-0.22446528381840763,0.3138973304768573,20.14887558392698
2026-09-04 20:10:00,23.616883772155475,24.90820300505618,24.35374236218926,23.825787534516266,24.88169718986225,0.9607366226546212,0.2933973230765784,0.019623921619274176,0.5671707245338826,1.7260170765417726,0.2610633197903418,1024.1605144250773,1022.7473616234363,1023.788451343437,-1.537178596247394,-0.9881244613347345,-0.052965258666063164,52.50973983425196,54.51311806183829,52.939577166900406,3.074357192494788,1.8116456095372966,-0.23810471459940885,2.08210501621657,3.0091638280787136,3.305126005534831,0.5764419735927727,-0.22446528381840763,-0.07149689363770939,8.54297004746686
2026-09-04 20:15:00,22.79142262942881,24.168583427913944,23.991604339657897,23.46348581880939,24.519722860506405,0.9616052814454482,0.2933973230765784,0.019308382501621424,0.5674862636515354,-0.7696977939392653,-0.11641823482053226,1024.3464388188706,1022.7922689843992,1023.7696326894396,-1.5385684503127173,-0.9881244613347345,0.010760756294303064,53.58002855434177,55.94863090776207,54.00031649159746,3.0771369006254345,1.8116456095372966,0.13666880662731984,1.2192874377646068,1.722658360775535,1.9307735904345529,0.576963168867269,-0.22446528381840763,0.016350054159389726,1.580742299950096
2026-09-04 20:20:00,22.804477490444786,23.76034637793715,23.50934705960759,22.981064896305423,24.03762922290976,0.9624739402362752,0.2933973230765784,0.01899320622425732,0.5678014399288995,-0.28031391105970016,-0.042398004747020934,1024.6488881600826,1022.8451985242062,1023.8121659964252,-1.5399583043780405,-0.9881244613347345,0.021156989115752367,55.88768384801597,58.286974257869524,56.17092576687285,3.079916608756081,1.8116456095372966,0.30440288145938155,6.7214334147489785,7.485748516459008,7.398443327139046,0.5774843641417651,-0.22446528381840763,0.3117704731383695,14.58545380458557
2026-09-04 20:25:00,23.661057645030617,24.5236701919826,24.054777876433935,23.52633212135285,24.58322363151502,0.9633425990271022,0.2933973230765784,0.01867839153835643,0.5681162546148004,1.1602830841868332,0.17549499247208544,1024.8739073511526,1023.2948915175128,1024.1817294387356,-1.5413481584433635,-0.9881244613347345,0.10128654011191429,49.86021034794343,52.35987450772825,51.99979156985247,3.082696316886727,1.8116456095372966,-1.451562671661513,5.05748884503364,5.882501453293052,6.433203831742688,0.5780055594162613,-0.22446528381840763,-0.3262370946312281,30.415120674571813
2026-09-04 20:30:00,22.660978058654752,23.59071432498195,23.4675235815632,22.93891428533089,23.99613287779551,0.9642112578179292,0.2933973230765784,0.018363937202240832,0.568430708950916,-1.125318804898054,-0.1702065796578296,1024.3880434003693,1022.699481055169,1023.8564123310708,-1.5427380125086867,-0.9881244613347345,-0.16880681456711955,52.6769408836948,55.37704326796375,52.75902566277949,3.0854760250173734,1.8116456095372966,0.8063719956469626,6.57717533466367,6.561823806598668,6.696972628424677,0.5785267546907574,-0.22446528381840763,0.08931646199239829,10.720109820144552
2026-09-04 20:35:00,22.666457853781562,23.774484115893856,23.41626089722698,22.88748811042416,23.9450336840298,0.9650799166087561,0.2933973230765784,0.018049841981322534,0.5687448041718343,0.4285956482926139,0.06482589559029606,1024.4094957660823,1022.8773048314916,1023.8319859642222,-1.54412786657401,-0.9881244613347345,0.03344332860410759,54.04725826640028,57.32959624999225,54.956605649343224,3.08825573314802,1.8116456095372966,0.5613449911117314,2.216148746322493,2.671165055574794,3.0823350107525274,0.5790479499652537,-0.22446528381840763,-0.18670467135932567,7.162322513681783
2026-09-04 20:40:00,22.770254901916488,23.991774808322173,23.638032113289704,23.109095886450195,24.166968340129213,0.965948575399583,0.2933973230765784,0.017736104648047424,0.5690585415051094,0.398972718839925,0.06034537195588996,1025.0378190485446,1023.7074278833834,1024.4881284231076,-1.545517720639333,-0.9881244613347345,0.20742392161048429,52.56229218195848,56.34586734417104,54.924184756784975,3.091035441278666,1.8116456095372966,-0.38996302215122824,5.06547341383727,5.92995267436038,5.843456210542382,0.5795691452397498,-0.22446528381840763,0.31096174763640505,19.759148400901047
2026-09-04 20:45:00,22.46383446608618,23.544749166449307,23.334145851471572,22.805046235082354,23.86324546786079,0.96681723419041,0.2933973230765784,0.01742272398183875,0.569371922171318,-0.5473916133783554,-0.08279400809884407,1024.8813543952645,1023.073533033925,1024.2534463563893,-1.5469075747046561,-0.9881244613347345,-0.1917888611296803,56.33615727831689,60.295025993941024,57.86773470603423,3.0938151494093122,1.8116456095372966,0.6156456783695035,2.974836757584342,3.6372675987895575,4.099573019632469,0.580090340514246,-0.22446528381840763,-0.23784013702450402,14.843754402083807
2026-09-04 20:50:00,22.169735034928753,23.157765569604344,22.902130644006114,22.372867688507416,23.431393599504812,0.967685892981237,0.2933973230765784,0.01710969876904217,0.5696849473841146,-0.2496656479781798,-0.03776239747834964,1024.7583555849326,1023.0900247458527,1024.1120387881851,-1.5482974287699793,-0.9881244613347345,-0.033889580997765734,54.85209800513665,57.27843441374238,56.37534692455047,3.0965948575399587,1.8116456095372966,-0.9085581203453827,2.79825604216459,3.019913063508052,3.1824353437360884,0.5806115357887421,-0.22446528381840763,0.061943003590371415,5.068267885661242
2026-09-04 20:55:00,22.100310210358465,23.368467116191415,22.98934857241559,22.459922328200953,23.518774816630227,0.968554551772064,0.2933973230765784,0.01679702780287068,0.5699976183502862,0.5667448451499268,0.08572122069924504,1025.0343308377455,1023.4017396118427,1024.3041654087124,-1.5496872828353023,-0.9881244613347345,0.08569866446498509,56.80465716250787,59.2282693292161,57.11760451414818,3.0993745656706047,1.8116456095372966,0.29901920553062666,0.5921881801717934,0.444284198516825,0.7446763752336902,0.5811327310632384,-0.22446528381840763,-0.07592689289845767,2.8778706629062167
2026-09-04 21:00:00,22.761283278851344,23.66813919480393,23.316523278366258,22.78693379578261,23.846112760949907,0.9694232105628909,0.2933973230765784,0.01648470988335049,0.5703099362698063,0.3849115471073752,0.058218593361093696,1024.6240612039862,1023.0157394027736,1024.0932281679752,-1.5510771369006255,-0.9881244613347345,-0.08936430386688698,52.67860682570556,56.83341857151979,55.51020465539417,3.102154273801251,1.8116456095372966,-0.4884316934116697,2.055365382349771,2.5272850850969033,2.5497087407888204,0.5816539263377345,-0.22446528381840763,0.20204162812649074,8.299091947330894
2026-09-04 21:05:00,21.623373556635276,22.799849293662376,22.669552630699872,22.139799960047597,23.199305301352148,0.9702918693537179,0.2933973230765784,0.01617274381726691,0.5706219023358898,-1.0783381011863824,-0.16310066011407542,1025.0848664673154,1023.6434183259652,1024.4854709899903,-1.5524669909659488,-0.9881244613347345,0.14607179730955977,59.14553352604197,62.767862656308786,59.687937826104644,3.1049339819318975,1.8116456095372966,1.268279220666848,3.3455353758510586,3.9062347895951257,4.1600656643070435,0.5821751216122307,-0.22446528381840763,-0.029365590893509985,13.580960764218137
2026-09-04 21:10:00,21.574356950354222,22.48790491882851,22.19346489408128,21.663549085614296,22.723380702548265,0.9711605281445448,0.2933973230765784,0.01586112841811177,0.570933517735045,0.0068938098646889046,0.0010427016706486825,1025.1980199672073,1023.6181314595418,1024.6311915125152,-1.5538568450312717,-0.9881244613347345,-0.024935591638723054,61.27945539572664,64.45346095928439,62.609125712894425,3.1077136900625435,1.8116456095372966,0.032689636852666126,1.9390349947440029,2.256554426682226,2.6222614039285146,0.5826963168867269,-0.22446528381840763,-0.14124169342788084,2.921387887832605
2026-09-04 21:15:00,21.762746497776778,22.82098027631433,22.404878229264693,21.874799333190516,22.93495712533887,0.9720291869353718,0.2933973230765784,0.015549862506030354,0.5712447836471264,0.8112608432311887,0.1227047239730581,1025.3514240227196,1023.858547732481,1024.8371619573538,-1.555246699096595,-0.9881244613347345,0.009510236461892418,58.961794508784365,62.45095724742153,61.58411502894772,3.11049339819319,1.8116456095372966,-0.9448033910634877,11.350056351502232,11.976199344771853,11.700080646689333,0.5832175121612231,-0.22446528381840766,0.5005839819009275,41.9449517003074
2026-09-04 21:20:00,21.634412055637465,22.584597388405573,22.32159169876177,21.79134976524159,22.851833632281952,0.9728978457261988,0.2933973230765784,0.01523894490776917,0.5715557012453876,-0.20093392794936094,-0.030391633432778065,1025.123986456503,1023.4734839467814,1024.589712875179,-1.5566365531619182,-0.9881244613347345,-0.12810446706293988,57.824956625601835,60.914386706444525,59.58791812027988,3.1132731063238364,1.8116456095372966,-0.4851770233726498,3.3413754949702934,4.077030226575881,5.071643000817339,0.5837387074357192,-0.22446528381840766,-0.7701474904230503,87.76757235881426
2026-09-04 21:25:00,21.51795808740135,22.480554155387814,22.199544332483192,21.669139411631946,22.72994925333444,0.9737665045170257,0.2933973230765784,0.014928374456624927,0.5718662716965319,-0.08189981208250074,-0.012387500171957555,1025.3514630626669,1023.8279253072524,1024.7413057990113,-1.5580264072272412,-0.9881244613347345,0.07474396957570661,59.2674760243254,62.803196585217975,60.43356051065173,3.1160528144544823,1.8116456095372966,0.5579904650289507,2.055223418137655,2.84068947206574,2.788173552207734,0.5842599027102154,-0.22446528381840766,0.27698120367641366,13.185544435639693
2026-09-04 21:30:00,21.15088686372532,22.05004472354073,21.807072315800063,21.276504457686496,22.33764017391363,0.9746351633078527,0.2933973230765784,0.01461814999239286,0.5721764961607639,-0.33338373626313,-0.05042491533591331,1025.2614891452324,1023.8187425285715,1024.8077664172174,-1.5594162612925644,-0.9881244613347345,-0.0008994273111966322,60.656555414476856,63.506534579857394,61.49483366512259,3.1188325225851288,1.8116456095372966,0.20005530519750891,2.591411250307831,2.4694166708128455,2.6247950517037726,0.5847810979847116,-0.22446528381840766,0.06908690292748076,1.1557709392031177
2026-09-04 21:35:00,20.291822680066655,21.536297308401476,21.2765871463071,20.745856400953848,21.807317891660354,0.9755038220986797,0.2933973230765784,0.014308270361316433,0.5724863757918404,-0.22272226968610553,-0.033687160982204034,1025.4993598363737,1023.8287087885553,1024.8299290325415,-1.5608061153578876,-0.9881244613347345,-0.013095782651475929,64.79520028956053,68.13185646782767,65.54499629313713,3.121612230715775,1.8116456095372966,0.7752145651532487,5.177051192397646,5.368067956314418,5.462068779652085,0.5853022932592078,-0.22446528381840766,0.13046446048074056,5.65600636060631
2026-09-04 21:40:00,21.25748403178542,22.087271305053218,21.640552076166916,21.10965849355057,22.171445658783263,0.9763724808895066,0.2933973230765784,0.013998734416037217,0.5727959117371195,1.0136859818071713,0.15332190580972238,1025.3864603492495,1023.9414680977973,1024.9154314645036,-1.5621959694232106,-0.9881244613347345,0.014161094628320825,59.59694371454656,61.51289881309739,61.46104516086092,3.124391938846421,1.8116456095372966,-1.759791957300827,1.4149684374916327,1.9094051315189162,2.41655776496229,0.5858234885337039,-0.22446528381840766,-0.282687349624966,29.82554968932945
2026-09-04 21:45:00,20.002192054896526,20.831386744067117,20.736339666082344,20.205283296133523,21.267396036031165,0.9772411396803335,0.2933973230765784,0.013689541015545537,0.5731051051376113,-1.3113903187918048,-0.198350245091806,1025.5181231125416,1023.9623932043622,1024.958340979784,-1.5635858234885338,-0.9881244613347345,-0.007823314087090694,66.46731735845049,69.0442615695672,65.69055756289877,3.1271716469770676,1.8116456095372966,1.5420583971311288,7.746320791043399,8.504317414162838,8.291535797681611,0.5863446838082002,-0.22446528381840766,0.437246900299634,43.667862025494145
2026-09-04 21:50:00,20.440009564173256,21.842318075813438,21.319608578956057,20.788389471559476,21.850827686352638,0.9781097984711605,0.2933973230765784,0.013380689025130899,0.5734139571280259,1.5160947471381334,0.2293121737808015,1025.487314609448,1024.0791579679665,1025.054396149904,-1.564975677553857,-0.9881244613347345,0.012886279397207545,60.15199354412794,62.74033595780338,62.34908612433511,3.129951355107714,1.8116456095372966,-1.4203957760690287,9.926073411131323,10.65970949427903,11.070262318235294,0.5868658790826963,-0.22446528381840766,-0.18608754013785678,20.889673878823324
2026-09-04 21:55:00,19.877150131484136,21.05169810167699,20.89632559276565,20.364943797760194,21.427707387771104,0.9789784572619875,0.2933973230765784,0.013072177316334033,0.5737224688368228,-0.9125494398333416,-0.13802481416523804,1025.7903872723414,1024.1938087557107,1025.1716992270688,-1.56636553161918,-0.9881244613347345,0.010233989976768498,66.57483302942116,69.40805206609397,66.22837191480183,3.13273106323836,1.8116456095372966,1.3680345417548523,2.9277088260881943,3.6566568848083896,4.299729690298456,0.5873870743571925,-0.22446528381840763,-0.41860752167165893,36.64752667230684
2026-09-04 22:00:00,20.01486287467556,20.517687250989766,20.283037930924,19.751493498102793,20.814582363745206,0.9798471160528145,0.2933973230765784,0.012764004766898207,0.5740306413862586,-0.3884117327965555,-0.05874800301081251,1025.8761060039842,1024.365537316574,1025.3366383915181,-1.5677553856845032,-0.9881244613347345,0.017023386390746964,65.56279349886088,67.9570936664061,66.6243360885099,3.1355107713690065,1.8116456095372966,-0.47888803164110527,4.253211668752499,4.726094555793508,4.584977239983352,0.5879082696316886,-0.22446528381840763,0.36558259962856354,20.646028427519127
2026-09-04 22:05:00,20.035505420041705,20.903169447043265,20.476583010047452,19.944875989157925,21.00829003093698,0.9807157748436415,0.2933973230765784,0.01245617026072221,0.5743384758924346,0.8805782643792419,0.13318911391923294,1025.765270698605,1024.1900345241036,1025.2465166834438,-1.5691452397498264,-0.9881244613347345,-0.06835769800545677,66.1549851370537,68.8664407158949,67.15035268096054,3.138290479499653,1.8116456095372966,-0.09555757460293535,0.8228539300014237,1.3129933637146203,1.7188198774211223,0.5884294649061849,-0.22446528381840763,-0.18136122988809444,7.137467097594698
2026-09-04 22:10:00,19.897921034857358,20.517107600979415,20.270848183962162,19.738978624706117,20.802717743218206,0.9815844336344683,0.2933973230765784,0.0121486726878125,0.5746459734653443,-0.3116517129873415,-0.04713790605932644,1025.857743426974,1024.2727764938527,1025.2542854072385,-1.5705350938151494,-0.9881244613347345,0.006615547948968015,66.50269078653278,68.43222972424459,66.8464460009967,3.141070187630299,1.8116456095372966,-0.22586188628940818,5.564592329119619,5.935044208773778,5.821901868024909,0.588950660180681,-0.22446528381840763,0.33760762456727633,16.765326953032904
2026-09-04 22:15:00,19.805489605622924,20.59780455936517,20.275427702062633,19.74339565409633,20.807459750028936,0.9824530924252953,0.2933973230765784,0.011841510944237132,0.5749531352089197,0.19159785060728396,0.028979534225957337,1025.6845983508488,1024.151512967202,1025.1654690516955,-1.5719249478804727,-0.9881244613347345,-0.02583162315863774,65.403572546212,68.98638282308887,67.09994663211867,3.1438498957609453,1.8116456095372966,0.07479058143290729,4.02030556378126,4.840235657668192,5.310263740544032,0.5894718554551772,-0.22446528381840763,-0.24556279905743317,8.796102073078355
2026-09-04 22:20:00,20.151583471073305,20.507202289042617,20.21938307414453,19.687188587078744,20.75157756121032,0.9833217512161223,0.2933973230765784,0.011534683932079015,0.5752599622210778,-0.036879596791340674,-0.005578108178493579,1025.9050696930906,1024.4122760115285,1025.334137157536,-1.5733148019457959,-0.9881244613347345,0.06626331532743279,65.43236599189451,68.51298478065699,66.81226670377323,3.1466296038915917,1.8116456095372966,-0.11092753265353394,3.0858423270745994,3.399688741482399,3.6518348781337266,0.5899930507296733,-0.22446528381840763,-0.02768085283291999,0.6652102104304066
2026-09-04 22:25:00,19.55899288596094,20.5157853804291,20.214310381811472,19.681953505211556,20.74666725841139,0.9841904100069493,0.2933973230765784,0.011228190559390616,0.5755664555937662,0.05340545708915556,0.00807767554104899,1025.9888014747557,1024.226662081956,1025.2630826015416,-1.5747046560111189,-0.9881244613347345,-0.048296058250798524,68.10807471430789,69.89331794010931,67.80235433516258,3.1494093120222377,1.8116456095372966,0.2793179954094427,2.6475897999531166,3.4931149645141573,3.6393786726486406,0.5905142460041696,-0.22446528381840763,0.0782015756839245,1.5403762855923824
2026-09-04 22:30:00,19.15356625737362,19.910236962339134,19.705204725851125,19.1726855092371,20.237723942465152,0.9850590687977763,0.2933973230765784,0.01092202974014822,0.5758726164130086,-0.5842247334648754,-0.08836508658857056,1026.4338638211448,1025.0728143523909,1025.8779162047604,-1.576094510076442,-0.9881244613347345,0.18302260896530242,70.6223878219144,73.10671291362995,70.74840818228574,3.152189020152884,1.8116456095372966,0.5466591218069112,5.6662899624607475,6.319681375180707,6.4239332356684296,0.5910354412786657,-0.22446528381840763,0.12021342333068485,8.156910728657177
2026-09-04 22:35:00,19.512749002627064,20.510657781574956,20.076331517149953,19.543650009996554,20.60901302430335,0.9859277275886033,0.2933973230765784,0.010616200394207187,0.5761784457589496,0.9317500426397736,0.14092894134842382,1025.9163920185329,1024.0599581983085,1025.327092807969,-1.5774843641417653,-0.9881244613347345,-0.2790101483255967,68.71049881807858,72.13474868841185,70.8624231723626,3.1549687282835306,1.8116456095372966,-0.539320093488044,4.0350137929841745,4.61305708600079,5.040614147057155,0.5915566365531619,-0.22446528381840763,-0.20309177723795724,18.156929464589027
2026-09-04 22:40:00,19.481087865856697,20.142860000459624,19.918342488664344,19.385498740401104,20.451186236927583,0.9867963863794301,0.2933973230765784,0.010310701447257542,0.5764839447058993,-0.4553980643315825,-0.06887981128129894,1026.3432162946565,1024.6616202599885,1025.5224906207848,-1.5788742182070883,-0.9881244613347345,0.12725410053849373,68.05709610738519,70.78042698669074,69.47464552788074,3.1577484364141766,1.8116456095372966,-0.505864150727291,2.447565034086918,2.842629745981636,3.0732934603192295,0.592077831827658,-0.22446528381840763,-0.00619843051918556,3.627140673301737
2026-09-04 22:45:00,18.394806092753033,19.399053508557696,19.2152219301989,18.682215990210217,19.748227870187584,0.9876650451702571,0.2933973230765784,0.01000553183077979,0.576789114322377,-0.7243926360041222,-0.10956574471778424,1026.3114156960796,1024.7170112631925,1025.6766715932017,-1.5802640722724115,-0.9881244613347345,0.028464131325563358,74.83835272749005,77.4413277039244,74.2698885349968,3.160528144544823,1.8116456095372966,1.3597935593903117,5.94486950848594,6.130805977238857,6.1247399749455225,0.5925990271021543,-0.22446528381840763,0.23053128611174145,18.445007254660144
2026-09-04 22:50:00,19.00778534959248,19.913335797929502,19.469144275652358,18.93597619327756,20.002312358027154,0.9885337039610841,0.2933973230765784,0.009700690482001617,0.5770939556711552,0.9969740792105277,0.1507941992005648,1026.2401115014738,1024.720310970499,1025.7288889204895,-1.5816539263377347,-0.9881244613347345,-0.020453488655675756,70.0470826492843,73.15071636035331,72.55216070342854,3.1633078526754694,1.8116456095372966,-1.2130899526125205,5.0185064257645156,5.417330821227752,5.818919690758285,0.5931202223766504,-0.22446528381840763,-0.17712358571212583,14.49064988261367
2026-09-04 22:55:00,18.93475842492139,20.22455138071102,19.876602487261007,19.343272311794422,20.40993266272759,0.9894023627519111,0.2933973230765784,0.009396176343854312,0.5773984698093024,0.36066706763834944,0.05455157037343383,1026.4957111787191,1025.1490932774773,1026.062370826663,-1.5830437804030577,-0.9881244613347345,0.0748469121490416,71.4836781093021,74.92464369825079,72.92865611170855,3.1660875608061154,1.8116456095372966,0.18434197700494792,7.693460547035872,8.188099904099552,8.268421169247583,0.5936414176511466,-0.22446528381840763,0.14414401867037618,4.078440867089805
2026-09-04 23:00:00,18.423275964653104,19.69581835854497,19.527421966927612,18.993929747618633,20.06091418623659,0.990271021542738,0.2933973230765784,0.009091988364930248,0.5777026577882265,-0.8264421920916227,-0.12500093145922264,1026.3193533842955,1024.4561760265935,1025.6393252153564,-1.584433634468381,-0.9881244613347345,-0.19502472742806276,77.3249536499109,79.34473895321634,76.67097207177295,3.168867268936762,1.8116456095372966,0.8621212719060907,1.9443039139759326,1.8277592334272,2.4457513712159713,0.5941626129256428,-0.22446528381840763,-0.3935268539703636,31.80816541751212
2026-09-04 23:05:00,18.98320303927698,20.1314118402126,19.757353086219272,19.223698872272433,20.29100730016611,0.991139680333565,0.2933973230765784,0.00878812549944058,0.5780065206537162,0.5332921043538938,0.0806614309167486,1026.3511964574284,1024.6892188496363,1025.6219261999422,-1.5858234885337041,-0.9881244613347345,0.05541711102887348,70.05658351502754,73.66833327706925,73.33768162542263,3.1716469770674083,1.8116456095372966,-1.480993957890675,6.825813642244019,7.361290903843758,7.067483035166429,0.594683808200139,-0.22446528381840766,0.5182731524957367,50.628215583496164
2026-09-04 23:10:00,18.266181537253477,19.192867120245626,19.051659121219316,18.517842961794354,19.58547528064428,0.9920083391243919,0.2933973230765784,0.008484586707173059,0.5783100594459838,-1.00619793078965,-0.1521893240502692,1026.3117569937685,1024.4055186279998,1025.427306462524,-1.5872133425990271,-0.9881244613347345,-0.033663373189483536,72.9676082869164,75.50180034682856,73.28918621857888,3.1744266851980543,1.8116456095372966,0.40096851871238925,5.819033129959841,6.691545343842278,7.1752426266291645,0.5952050034746351,-0.22446528381840766,-0.25923199896847926,12.991316975504464
2026-09-04 23:15:00,18.272438616206294,19.66239169317357,19.23755075197725,18.70357269618917,19.77152880776533,0.9928769979152189,0.2933973230765784,0.008181370953450728,0.5786132751997061,0.8690379393754633,0.13144361811974292,1026.5277362458382,1024.9438763452606,1025.7834195830378,-1.5886031966643503,-0.9881244613347345,0.14858122355758496,75.94996158113594,79.1128255998648,76.42538257828303,3.1772063933287007,1.8116456095372966,0.8757974120444771,1.9224840075965965,2.6883755779758896,3.079177535581747,0.5957261987491314,-0.22446528381840766,-0.16633667378744965,12.1774554912283
2026-09-04 23:20:00,18.051759334237836,18.73489793537592,18.56990465693748,18.035764753856633,19.10404456001833,0.9937456567060459,0.2933973230765784,0.007878477209090573,0.5789161689440663,-0.8489418349558093,-0.1284040446381418,1026.530680188997,1024.9814396759423,1025.9711162675355,-1.5899930507296736,-0.9881244613347345,-0.0015521302584602381,74.33772024669611,77.48937023560225,76.2464858235987,3.179986101459347,1.8116456095372966,-0.5687611975337461,5.991860403914047,6.439246035215222,6.311186458441199,0.5962473940236275,-0.22446528381840766,0.35252486059243004,21.138918101023613
2026-09-04 23:25:00,18.02882908114187,18.74273167072601,18.38623941412781,17.85193771277995,18.92054111547567,0.9946143154968728,0.2933973230765784,0.007575904450362991,0.5792187417027939,0.4171514128796119,0.06309493352161866,1026.291863958381,1024.9391004149118,1025.9795560031152,-1.5913829047949966,-0.9881244613347345,-0.0523311268686939,76.05937537064358,78.82048828564176,76.94713893248368,3.182765809589993,1.8116456095372966,0.06170374362078235,4.198000284937772,4.808849763760465,5.264972979057568,0.5967685892981237,-0.22446528381840766,-0.2316579314786953,8.403225478939738
2026-09-04 23:30:00,17.488578412348396,18.467304766658284,18.168587119272868,17.634123668639226,18.70305056990651,0.9954829742876998,0.2933973230765784,0.007273651658951219,0.5795209944942056,0.035175261760898024,0.005320324308836888,1026.2047989620735,1024.6301214173473,1025.7140687112712,-1.5927727588603198,-0.9881244613347345,-0.09582283258919233,78.25472491435865,80.62134263517471,78.57041406540718,3.1855455177206395,1.8116456095372966,0.23928296023024132,9.366397469081923,9.796837882827942,9.74472017833138,0.5972897845726198,-0.22446528381840766,0.27658298831496886,12.235807291914208
2026-09-04 23:35:00,17.25849147383146,18.70565072869421,18.34166386811982,17.80703871713717,18.87628901910247,0.9963516330785268,0.2933973230765784,0.006971717821911527,0.5798229283312453,0.46670189915709415,0.07058953749780983,1026.3866462202336,1024.9490873767243,1025.8511915896654,-1.594162612925643,-0.9881244613347345,0.08602024839365185,80.30085273606784,83.26062872344531,81.1536033389678,3.188325225851286,1.8116456095372966,0.2953797749402156,2.1492147170754388,2.7916539169232637,3.533836474490643,0.5978109798471161,-0.22446528381840766,-0.5177172737489717,40.044564059070815
2026-09-04 23:40:00,18.38271900033499,19.33947151083033,18.954905773446733,18.42011897100746,19.489692575886004,0.9972202918693537,0.2933973230765784,0.006670101931633254,0.5801245442215235,0.6027589017925585,0.09116841430701683,1026.3089078439139,1024.8009309391537,1025.8125778408805,-1.595552466990966,-0.9881244613347345,-0.023522440392071076,77.38893552097336,81.88030470221545,80.71939389264966,3.191104933981932,1.8116456095372966,-0.6507347999715023,5.580678779388589,6.6410433016334105,6.397421712320101,0.5983321751216122,-0.22446528381840766,0.4680868731317167,34.38032197738873
2026-09-04 23:45:00,17.319567267970097,18.28100716998842,18.212716495437437,17.677768090389606,18.74766490048527,0.9980889506601807,0.2933973230765784,0.0063688029858001705,0.5804258431673566,-1.4882899662438334,-0.22510664852559614,1026.428598802371,1024.766369251764,1025.7646515094712,-1.5969423210562892,-0.9881244613347345,-0.010157796372368466,81.8286245302306,83.93316914797228,81.90314307303686,3.1938846421125784,1.8116456095372966,0.21838046539812694,3.815408841502056,4.704811852685627,5.1643148872045925,0.5988533703961084,-0.22446528381840766,-0.23503775070055788,13.499345310173082
2026-09-04 23:50:00,17.178305818513074,17.88888135674172,17.611035016059336,17.07592505720675,18.146144974911923,0.9989576094510076,0.2933973230765784,0.00606781998735112,0.5807268261658056,-0.10281513768742911,-0.0155509823941955,1026.6303354179145,1024.820659130774,1025.7906337950376,-1.5983321751216124,-0.9881244613347345,0.018149797071146168,83.47141766016884,88.02193242569597,85.55584025040481,3.196664350243225,1.8116456095372966,0.6544465657538581,9.749522899208067,10.505135756586498,10.409070469009365,0.5993745656706045,-0.22446528381840766,0.3205305713955404,16.922822158541642
2026-09-04 23:55:00,16.633138713969085,17.822150899264997,17.45257331087473,16.917301846977,17.98784477477246,0.9998262682418346,0.2933973230765784,0.005767151944441662,0.5810274942087151,0.5036649305329703,0.07618026531368827,1026.3800841313084,1024.8216124468652,1025.8068122802129,-1.5997220291869354,-0.9881244613347345,0.0029246279871131264,82.21373983320709,85.20540695471973,84.38554933981531,3.199444058373871,1.8116456095372966,-0.9917879946328725,3.480418502405787,3.932448789635772,4.691524028540881,0.5998957609451008,-0.22446528381840766,-0.5346099550867018,46.45049773924824
2026-09-05 00:00:00,17.161706518052778,18.35303669595131,17.932193026929188,17.39676010670181,18.467625947156566,1.0006949270326615,0.2933973230765784,0.005466797870406048,0.5813278482827507,0.8426100212834093,0.12744634594554327,1026.4435764928032,1024.618649306979,1025.6545549111543,-1.6011118832522584,-0.9881244613347345,-0.04778114284044932,79.65568312850226,82.8862040286777,81.70294067667179,3.202223766504517,1.8116456095372966,-0.6283822575313849,9.953440249568493,10.77883872367154,10.424656067243346,0.6004169562195969,-0.22446528381840766,0.5786479402466025,51.77797572298355
2026-09-05 00:05:00,16.814058074828555,17.973436700932027,17.7712167354575,17.23562240757191,18.30681106334309,1.0015635858234886,0.2933973230765784,0.005166756783719251,0.5816278893694375,-0.6028180302827977,-0.09117735760205292,1026.4573827897925,1025.0491621133754,1025.9290414113862,-1.6025017373175818,-0.9881244613347345,0.1082451633239998,78.83396343141939,81.16959825694677,79.42644786728192,3.2050034746351637,1.8116456095372966,-0.068495219872446,8.372935070723244,8.467810136805422,9.075279400484067,0.6009381514940931,-0.22446528381840766,-0.3830039798602378,23.140355703180962
2026-09-05 00:10:00,17.92934944352948,18.80593755357432,18.39001972700165,17.854264040085294,18.925775413918007,1.0024322446143155,0.2933973230765784,0.004867027707959826,0.5819276184451969,0.8100428717086103,0.12252050349609078,1026.5719843300426,1024.943783423354,1025.9661912225415,-1.6038915913829048,-0.9881244613347345,-0.03428333785268478,76.70626762511003,79.29703527453385,77.43474208025295,3.2077831827658096,1.8116456095372966,0.05064758474361497,3.088022804751729,3.613776106923051,3.9714657205086206,0.6014593467685893,-0.22446528381840766,-0.1332243297671618,4.2646267946117655
2026-09-05 00:15:00,17.609004924349254,18.470964474079796,18.284545242646523,17.748628245282923,18.820462240010123,1.0033009034051426,0.2933973230765784,0.0045676096717725545,0.5822270364813842,-0.707284398055176,-0.10697809164330607,1026.1010940884655,1024.6750892547439,1025.7479490894268,-1.6052814454482283,-0.9881244613347345,-0.08473537334816683,82.02982932128371,84.83806449214975,81.53988337226414,3.2105628908964565,1.8116456095372966,1.4865355103483182,7.0161236176737445,7.7932175856640145,7.6039978456296495,0.6019805420430855,-0.22446528381840766,0.4136850238527723,37.7851306677581
2026-09-05 00:20:00,16.865675087304474,17.61122019941945,17.464460452464344,16.928382193193166,18.000538711735523,1.0041695621959694,0.2933973230765784,0.004268501708831918,0.5825261444443248,-0.9694926144799645,-0.1466375761214742,1026.3379085843587,1024.6592051197251,1025.6418032681265,-1.6066712995135513,-0.9881244613347345,0.005526312933398003,84.42693628356972,86.80372290589449,84.80167911245661,3.2133425990271025,1.8116456095372966,0.19039818390058372,12.812882619739831,13.637510721271738,13.787008714721008,0.6025017373175816,-0.22446528381840766,0.07496729036913763,3.2662280855140717
2026-09-05 00:25:00,17.98112459595923,19.002937317298215,18.419621830441663,17.88338235775878,18.955861303124546,1.0050382209867963,0.2933973230765784,0.003969702857805457,0.5828249432953514,1.9167905391141957,0.2899181637799728,1026.4487858696848,1024.8810523340662,1025.7930025075163,-1.6080611535788742,-0.9881244613347345,0.07617428788466896,77.7424373859739,80.79142532723495,80.70679749284514,3.2161223071577485,1.8116456095372966,-1.7270177751474876,2.968161313542048,3.7721495931988485,4.703541822695607,0.6030229325920777,-0.22446528381840766,-0.7069269456783513,96.17190386869143
2026-09-05 00:30:00,17.415463274006346,18.205288687928267,18.08878663350889,17.552385995866448,18.62518727115133,1.0059068797776234,0.2933973230765784,0.0036712121623180827,0.5831234339908387,-1.1695409937596004,-0.1768952686572014,1026.5826978847272,1025.0046492056833,1025.963127171017,-1.6094510076441975,-0.9881244613347345,0.02964649600107805,80.76218423669671,83.65547353853968,81.19452061183779,3.218902015288395,1.8116456095372966,0.6493073171645989,4.167243466668276,4.859236801297758,4.600762176853589,0.603544127866574,-0.22446528381840766,0.48293990826257627,38.85355110599723
2026-09-05 00:35:00,16.838855278300176,17.61014751581877,17.41055524247935,16.87399348828584,17.94711699667286,1.0067755385684503,0.2933973230765784,0.003373028670916156,0.5834216174822406,-0.6201909860114192,-0.09380504973715986,1026.3119301843794,1024.6943327049682,1025.7762801452902,-1.6108408617095205,-0.9881244613347345,-0.09382297898719116,83.60034209301199,88.30264873037962,85.41655833947438,3.221681723419041,1.8116456095372966,1.0744447813679443,4.713168770600242,5.258516600016147,5.486571931310573,0.6040653231410701,-0.22446528381840766,-0.003590047476018654,7.846093651621471
2026-09-05 00:40:00,15.91851076491087,16.84141681888801,16.59025205579547,16.053529233415784,17.126974878175158,1.0076441973592773,0.2933973230765784,0.0030751514370319644,0.5837194947161248,-0.2792200749498903,-0.04223255998403985,1026.084726898019,1024.4075972552348,1025.4622698004187,-1.612230715774844,-0.9881244613347345,-0.06654808384905664,90.71672395450803,93.00840603751334,90.6640870803102,3.224461431549688,1.8116456095372966,0.532673347665849,3.251331878967302,4.017311188330815,4.334754504149887,0.6045865184155664,-0.22446528381840766,-0.09297803200066479,3.3738378115601257
2026-09-05 00:45:00,17.78761859995323,18.698300221066493,18.01282454566067,17.47594070341617,18.54970838790517,1.0085128561501042,0.2933973230765784,0.002777579518949025,0.5840170666342077,2.592221427376767,0.3920783523292428,1026.4371576303704,1024.8824054633008,1025.7248940779223,-1.6136205698401669,-0.9881244613347345,0.1456358467132759,80.90905722390367,84.21845077698288,84.92107247930768,3.2272411396803338,1.8116456095372966,-2.514267311862099,0.6821451734577064,1.001394574971879,1.302586663140945,0.6051077136900626,-0.22446528381840766,-0.0767268043506586,51.950424549066
2026-09-05 00:50:00,16.27189154017572,17.173677349352257,17.206741525823244,16.66969671199183,17.74378633965466,1.0093815149409313,0.2933973230765784,0.002480311979767058,0.5843143341733897,-2.158396374891204,-0.3264614995475661,1026.2244207333974,1024.4704858199696,1025.5414035424571,-1.61501042390549,-0.9881244613347345,-0.08279326115280128,84.95967804800803,88.38797592134047,85.67357446536344,3.23002084781098,1.8116456095372966,0.9027558464397316,2.7424384932373065,3.09466422321389,3.0905592246408116,0.6056289089645588,-0.22446528381840766,0.22857028239148613,23.680590623899636
2026-09-05 00:55:00,16.12957584264891,17.233114935748723,16.908146469752392,16.370940732568567,17.445352206936217,1.0102501737317582,0.2933973230765784,0.002183347887367626,0.5846112982657892,0.20873224108692412,0.03157114291975205,1026.1143725792147,1024.3165570019,1025.3370025118886,-1.616400277970813,-0.9881244613347345,-0.0323210486537846,89.09134140088979,91.46788551790993,88.8348625621519,3.232800555941626,1.8116456095372966,0.8213773462207428,3.16523833568183,3.789908842858974,4.074345554709047,0.6061501042390549,-0.22446528381840766,-0.05997142803166522,4.201973397730072
2026-09-05 01:00:00,17.160337885439294,18.187266278391935,17.694781784756728,17.157415172411657,18.2321483971018,1.011118832522585,0.2933973230765784,0.0018866863143802148,0.5849079598387765,1.3162624928716298,0.19908717055862724,1026.1698857549475,1024.7385196569103,1025.6013466042516,-1.617790132036136,-0.9881244613347345,0.12529751399347333,83.37947491917913,87.16451717961367,86.4702361350656,3.235580264072272,1.8116456095372966,-1.1173645649892308,4.211245099039109,4.8698756913652845,5.086951347854459,0.606671299513551,-0.22446528381840766,0.007389627329232873,12.366079697218709
2026-09-05 01:05:00,17.69436656502308,18.64872285023427,18.343928270636393,17.806400831277976,18.88145570999481,1.0119874913134121,0.2933973230765784,0.0015903263381480959,0.5852043198150088,0.07535282780165531,0.01139725652129897,1026.2042393024415,1024.6941345146738,1025.6925626164698,-1.6191799861014595,-0.9881244613347345,-0.010303640461188479,80.13774503368091,83.05744339557853,82.04093641196832,3.238359972202919,1.8116456095372966,-0.7951386259270805,2.3825778347954834,2.442085776014137,2.8176398011082298,0.6071924947880473,-0.22446528381840766,-0.15108874127568495,6.531757311502662
2026-09-05 01:10:00,17.242932353682082,18.292391089448618,18.147606113215513,17.609917894948442,18.685294331482584,1.012856150104239,0.2933973230765784,0.001294267040695296,0.5855003791124616,-0.9825487879445838,-0.1486123468434748,1026.1073043411197,1024.4966182422434,1025.55435776972,-1.6205698401667825,-0.9881244613347345,-0.0696150661417505,84.05464917817767,85.30187713724477,82.51607033803501,3.241139680333565,1.8116456095372966,0.974161189672472,7.904655813824525,8.648913418171924,8.494100948407262,0.6077136900625434,-0.22446528381840766,0.3792777535830698,28.2787418772975
2026-09-05 01:15:00,16.889164690814358,17.7045840914885,17.51562151961832,16.97777257050415,18.053470468732492,1.013724808895066,0.2933973230765784,0.000998507508693014,0.5857961386444638,-0.6904691325897581,-0.10443475120640144,1025.8310519714948,1024.4588636346443,1025.4572076476152,-1.621959694232106,-0.9881244613347345,-0.010219551636055257,89.81473146078602,93.58653053893389,89.85754904270763,3.243919388464212,1.8116456095372966,1.91733588668896,6.076140335083271,6.916193733796129,7.485288734411399,0.6082348853370396,-0.2244652838184077,-0.34462971679686305,37.00323727170174
2026-09-05 01:20:00,16.879517482020763,17.91516667448859,17.52610841682462,16.988098784881828,18.064118048767412,1.014593467685893,0.2933973230765784,0.000703046833426979,0.5860915993197298,0.6324611469293373,0.09566093458738933,1026.2581496383766,1024.5946352622705,1025.5353195554085,-1.623349548297429,-0.9881244613347345,0.04744016819677199,84.49241365085199,86.84556004016495,86.99177247882704,3.246699096594858,1.8116456095372966,-1.957858048199384,1.6412716870902782,2.2268421964619254,2.594268539586339,0.6087560806115357,-0.2244652838184077,-0.142961059306006,23.83303777699181
2026-09-05 01:25:00,16.96464847720869,18.010231102254338,17.67493216307858,17.136761896282636,18.213102429874525,1.0154621264767199,0.2933973230765784,0.0004078841107647002,0.5863867620423922,0.2770320433370834,0.041901616099178085,1026.2744183285906,1024.8480844092262,1025.7745583573621,-1.624739402362752,-0.9881244613347345,0.06165051319885606,85.13626047669928,87.5475193245135,85.84070868070685,3.249478804725504,1.8116456095372966,-0.10483496573064599,5.63605453677848,6.95767169764971,6.753104975226989,0.6092772758860319,-0.2244652838184077,0.4290320062411279,26.92988871487026
2026-09-05 01:30:00,16.912185142609072,17.627906556005122,17.40209597270208,16.863765118985505,17.94042682641866,1.016330785267547,0.2933973230765784,0.00011301844112360238,0.5866816277120332,-0.44684893722564567,-0.0675867397735388,1026.1384731561914,1024.538680012502,1025.6208691845163,-1.6261292564280752,-0.9881244613347345,-0.09406471067950406,83.66334224272586,87.46592242189593,85.48894863670992,3.2522585128561503,1.8116456095372966,0.16532817564871038,5.66346233762364,6.068380276889612,6.53669117308036,0.6097984711605281,-0.2244652838184077,-0.2438456123723407,10.094039350033228
2026-09-05 01:35:00,16.71009802552632,17.92643622045877,17.567185020360267,17.028693627612697,18.105676413107837,1.0171994440583738,0.2933973230765784,-0.00018155107056161413,0.5869761972237184,0.4353921354696837,0.06585387702192236,1025.8256793167482,1024.0444475937431,1025.153216745376,-1.6275191104933981,-0.9881244613347345,-0.12064469029814973,87.11273146133605,90.09004049638808,87.63181190086902,3.2550382209867963,1.8116456095372966,0.646582985981766,9.728324680996296,10.23031819841526,10.250084975161439,0.6103196664350242,-0.2244652838184077,0.20469850707222825,10.208060071528362
2026-09-05 01:40:00,16.631995501743255,17.47377686354706,17.253776165906885,16.71512428197514,17.79242804983863,1.018068102849201,0.2933973230765784,-0.00047582531487005975,0.5872704714680268,-0.4852609281361957,-0.07339662543640557,1025.9197974601996,1024.5680945244064,1025.3906144746356,-1.6289089645587216,-0.9881244613347345,0.1656045111055846,87.43635352188136,91.42838917143999,89.50939411451836,3.257817929117443,1.8116456095372966,0.10734944738433683,0.30252216909057716,0.7948429589619349,1.606102120528755,0.6108408617095206,-0.2244652838184077,-0.5867938777484122,52.81639738011271
2026-09-05 01:45:00,16.561665029364917,17.59866375084623,17.26130757175325,16.722495244441394,17.800119899065105,1.0189367616400278,0.2933973230765784,-0.0007698051779263526,0.5875644513310831,0.29063346091855635,0.04395885601640259,1025.9009088657594,1024.419216674129,1025.4160762399329,-1.6302988186240446,-0.9881244613347345,-0.008735104468996724,88.72862228571464,92.95735279925498,91.16973263971487,3.260597637248089,1.8116456095372966,-0.02402544999718259,2.9358314381686457,3.5243372117653573,3.219535240312167,0.6113620569840167,-0.2244652838184077,0.529267255271598,40.1857755340352
2026-09-05 01:50:00,16.285203241202037,17.537891009739948,17.241448374405746,16.70247565147515,17.78042109733634,1.0198054204308549,0.2933973230765784,-0.0010634915414319268,0.5878581376945887,0.020134046270005257,0.003045312257622612,1025.941826886164,1024.2919850588235,1025.318470840064,-1.6316886726893678,-0.9881244613347345,-0.03836131990578906,87.50019873031717,90.24763330743806,89.2962031486955,3.2633773453787356,1.8116456095372966,-0.8602154507947262,8.916443578136345,9.429709386504971,9.494213169050314,0.6118832522585129,-0.2244652838184077,0.15996150127306485,7.618545266346933
2026-09-05 01:55:00,16.478309573374855,17.68411900413931,17.364674009751567,16.82554093892098,17.903807080582155,1.0206740792216817,0.2933973230765784,-0.001356885282695508,0.5881515314358523,0.17221387333663074,0.02604767131116148,1025.9007148574062,1024.3767120195816,1025.341984377271,-1.6330785267546908,-0.9881244613347345,0.022852103645391253,87.77734377402307,91.67811082429648,89.57461126611123,3.2661570535093816,1.8116456095372966,0.29185394864795455,9.021037662214203,9.211398946365751,9.728745370043573,0.612404447533009,-0.2244652838184077,-0.2928811398594142,12.807244965407337
2026-09-05 02:00:00,15.920893485675162,16.94930290140144,16.7777598346109,16.238466463556502,17.3170532056653,1.0215427380125086,0.2933973230765784,-0.0016499872746638666,0.5884446334278206,-0.8056379860943963,-0.12185425628604207,1025.637212266669,1023.9421883707492,1025.0223068240928,-1.6344683808200138,-0.9881244613347345,-0.09199399200872449,90.74058991322556,93.40515803375128,91.19248640175952,3.2689367616400276,1.8116456095372966,0.4010260224544595,6.210525933028602,6.6594870869651634,6.990491115510847,0.6129256428075052,-0.2244652838184077,-0.10653874472727587,4.9599034138337785
2026-09-05 02:05:00,16.569943588579765,17.519855184806687,17.088468481547046,16.549014857902513,17.62792210519158,1.0224113968033357,0.2933973230765784,-0.0019427983859520714,0.5887374445391089,0.9123151684758035,0.13798938018306117,1025.70501616953,1024.1935302899035,1025.096846545605,-1.6358582348853372,-0.9881244613347345,0.08480820563318048,88.22954586401825,93.28775506749467,91.65011148823471,3.2717164697706744,1.8116456095372966,-0.17400203027733596,6.626126515162622,7.210287144512401,7.285040844279192,0.6134468380820014,-0.2244652838184077,0.14971158405161678,6.16952800083253
2026-09-05 02:10:00,16.228751577674586,17.441534014983862,17.16498875779884,16.625374929155413,17.70460258644227,1.0232800555941626,0.2933973230765784,-0.002235319480873743,0.5890299656340305,-0.1114172359686556,-0.016852065891558965,1025.7052789793588,1023.7093691056156,1024.7829192525603,-1.6372480889506602,-0.9881244613347345,-0.08542568561006192,89.72848584870161,92.44861642297796,90.96033996574657,3.2744961779013204,1.8116456095372966,-0.3233691523059008,1.7035945508707517,2.6861342088458486,3.1296000954931156,0.6139680333564975,-0.2244652838184077,-0.21900060282885914,8.22412482844778
2026-09-05 02:15:00,16.201363152931126,17.36045086287784,17.096019346586843,16.55624536049339,17.635793332680297,1.0241487143849897,0.2933973230765784,-0.002527551419470475,0.5893221975726273,-0.1915070917962538,-0.028965806785581805,1025.7977115867377,1024.0061034436676,1024.8974370742876,-1.6386379430159836,-0.9881244613347345,0.09679083071466721,90.50484294972414,94.60298878852412,92.36986069853738,3.2772758860319673,1.8116456095372966,0.42148248044944125,4.671087551355756,5.946249761998624,5.834295978727795,0.6144892286309938,-0.2244652838184077,0.33641906708923663,18.194699350236384
2026-09-05 02:20:00,16.737064795838112,17.638409165005104,17.301352513297456,16.761418417260526,17.841286609334386,1.0250173731758165,0.2933973230765784,-0.0028194950575415323,0.5896141412106983,0.2886531391238343,0.04365932863106892,1025.6264382785778,1024.1332994431395,1025.0730422260724,-1.6400277970813066,-0.9881244613347345,0.04838167840193819,88.84085902191515,92.79594663678303,91.43821028088107,3.2800555941626133,1.8116456095372966,-0.45390925363533086,2.8228597328501084,3.8385123261107945,4.2915935305366375,0.6150104239054899,-0.2244652838184077,-0.22861592060743563,8.978822082574757
2026-09-05 02:25:00,17.24790701563061,18.114814318196913,17.767131550783027,17.227037392266922,18.307225709299132,1.0258860319666434,0.2933973230765784,-0.003111151246672994,0.5899057973998298,0.35890757847214516,0.05428544433730664,1025.579410776129,1023.9005447942495,1024.9575087347143,-1.6414176511466296,-0.9881244613347345,-0.06883947913013344,85.27262995062269,88.8083355106031,87.7766432194252,3.2828353022932593,1.8116456095372966,-0.7799533183593894,2.459290187905078,2.842208098183282,3.030630045416405,0.615531619179986,-0.2244652838184077,0.0360433365852848,4.151301768247716
2026-09-05 02:30:00,17.08811393192427,17.70039758634254,17.52361275643198,16.98335858285882,18.06386693000514,1.0267546907574705,0.2933973230765784,-0.00340252083426712,0.590197166987424,-0.7709821307118432,-0.11661249316601996,1025.4128768333308,1023.8012006723521,1024.8180809042672,-1.6428075052119528,-0.9881244613347345,-0.028755770580346507,84.04171267827249,86.79089315956305,84.97764564447733,3.2856150104239057,1.8116456095372966,0.00160190554842643,7.09122316685521,7.498533098121842,7.465716644450846,0.6160528144544822,-0.2244652838184077,0.25728173748940364,10.975644000398562
2026-09-05 02:35:00,16.12594017434331,17.18436989222832,16.967674603460576,16.427260462210352,17.5080887447108,1.0276233495482974,0.2933973230765784,-0.003693604663570327,0.5904882508167271,-0.5071146001240621,-0.07670203430883404,1025.550178860237,1023.7039636516424,1024.6961529097127,-1.6441973592772758,-0.9881244613347345,-0.004064796735633536,90.12772503550813,93.29500176050956,89.67232635546566,3.2883947185545517,1.8116456095372966,1.811029795506613,2.094842074124976,2.663617510601149,3.3077586510098502,0.6165740097289784,-0.2244652838184077,-0.4196758565902936,42.60954060612503
2026-09-05 02:40:00,16.395302147708605,17.40725460704405,17.01939887959174,16.47882481800238,17.5599729411811,1.0284920083391245,0.2933973230765784,-0.003984403573702222,0.590779049726859,0.6245106325405203,0.09445840437572883,1025.3375352687406,1023.9691281047533,1024.8723336834105,-1.6455872133425993,-0.9881244613347345,0.08491888267747072,87.65952677861357,89.22783071494312,88.38204930438941,3.2911744266851986,1.8116456095372966,-0.9658641989835814,4.373580571487723,5.526043443147274,5.420769321445883,0.6170952050034747,-0.2244652838184077,0.3297394055197982,22.055487324206936
2026-09-05 02:45:00,17.208120859700276,18.464719801758736,17.990459096051094,17.449725161418527,18.53119303068366,1.0293606671299513,0.2933973230765784,-0.004274918399683969,0.5910695645528408,1.1957761327521297,0.18086338263106327,1025.0836203152628,1023.6152226944126,1024.6823020126562,-1.6469770674079223,-0.9881244613347345,-0.07895485690892201,84.59469174118459,88.06818190670624,86.62534021498018,3.2939541348158445,1.8116456095372966,-0.3688039178112348,9.18679654994015,9.754785734563553,9.904043423184646,0.6176164002779708,-0.2244652838184077,0.07520759519731435,5.661133749296312
2026-09-05 02:50:00,16.483106759597113,17.585147104213966,17.5166257290731,16.975731968651314,18.057519489494883,1.0302293259207784,0.2933973230765784,-0.004565149972465543,0.5913597961256223,-1.4867646919998947,-0.2248759479357112,1025.3593522867998,1023.6808825825702,1024.6487975329692,-1.6483669214732455,-0.9881244613347345,0.02020951093572876,89.14551988879899,92.7219459965682,89.81335799219642,3.296733842946491,1.8116456095372966,1.0969423948344854,2.4938034371355466,2.713688785526785,3.446932010023655,0.6181375955524671,-0.2244652838184077,-0.5087779406784625,48.513428684732325
2026-09-05 02:55:00,16.83415072124363,18.132094544789773,17.752730747206318,17.211677208207433,18.293784286205202,1.0310979847116053,0.2933973230765784,-0.004855099118954265,0.591649745272111,0.5683663378222761,0.08596647450687556,1025.1890456322067,1023.4785844781386,1024.4950640680793,-1.6497567755385685,-0.9881244613347345,-0.02835512860599465,86.72460349442345,90.13091658074968,88.9961437644885,3.299513551077137,1.8116456095372966,-0.6768727932761038,10.74460431874527,11.212909968486324,10.755303135398611,0.6186587908269632,-0.2244652838184077,0.6820721169061201,69.60669256889524
2026-09-05 03:00:00,17.195520833004533,18.08801463092373,17.810836670152213,17.26962339974653,18.352049940557897,1.0319666435024322,0.2933973230765784,-0.005144766662041611,0.5919394128151985,-0.10723412362807849,-0.016219362305061935,1024.9529667616696,1023.4562607862787,1024.4282482551992,-1.6511466296038915,-0.9881244613347345,0.016136992414203633,83.5518105891618,84.47545891133555,83.88160130063497,3.302293259207783,1.8116456095372966,-1.2177879988367124,12.499872108320512,13.346168894967796,13.833445580978708,0.6191799861014593,-0.2244652838184077,-0.2628114021925043,17.533018787212047
2026-09-05 03:05:00,16.64323103152983,17.90369640001661,17.651901649243275,17.110528694559335,18.193274603927215,1.0328353022932593,0.2933973230765784,-0.005434153420631083,0.5922287995737878,-0.275054918788026,-0.041602572303244045,1024.8822125297174,1023.5270466135736,1024.4767126734569,-1.652536483669215,-0.9881244613347345,0.03845840145140755,90.5401486977641,92.83271250903069,88.89651615768165,3.30507296733843,1.8116456095372966,2.1245507418117455,4.953264774033814,5.7799480384785955,6.45673995424567,0.6197011813759555,-0.2244652838184077,-0.45232663194866696,52.7364474837387
2026-09-05 03:10:00,17.13133795758252,18.059258642845677,17.73095245698973,17.189419865114395,18.272485048865065,1.0337039610840861,0.2933973230765784,-0.005723260209664627,0.5925179063628214,0.23079953678758613,0.034908862779367666,1024.9330858264852,1023.4222235271224,1024.4266391735134,-1.653926337734538,-0.9881244613347345,-0.016291185056388713,87.2135230223409,89.92290291153104,88.78625158172919,3.307852675469076,1.8116456095372966,-0.6749942797354436,2.375220508756758,2.935377885459713,2.9373652994121713,0.6202223766504517,-0.2244652838184077,0.22247786986594953,9.56227159466524
2026-09-05 03:15:00,16.617722198308506,17.807814030541877,17.553782181063024,17.01208999904152,18.095474363084527,1.0345726198749132,0.2933973230765784,-0.006012087840149893,0.5928067339933067,-0.2602643669374842,-0.039365473597726464,1024.892389987949,1023.5628441962585,1024.5158573949288,-1.6553161917998613,-0.9881244613347345,0.03511126266437259,88.31369572235273,91.85765525250369,89.92355473325404,3.3106323835997227,1.8116456095372966,0.12245490971235995,3.3902078433842173,4.215975817377174,4.241975862893695,0.6207435719249479,-0.2244652838184077,0.19846523830188634,5.998579473034283
2026-09-05 03:20:00,16.976429533067268,17.72011913322687,17.42516719244165,16.883315467277633,17.967018917605664,1.03544127866574,0.2933973230765784,-0.006300637119186436,0.5930952832723433,0.010278336745141559,0.0015546177086420698,1024.7867681120836,1022.991709366859,1024.1114429934698,-1.6567060458651843,-0.9881244613347345,-0.13160916527613153,85.01862924614186,88.56351246238661,87.56424138073216,3.3134120917303687,1.8116456095372966,-0.812374527882838,4.088182212636154,4.027495319071548,4.3278741944281816,0.621264767199444,-0.2244652838184077,-0.0759135915382263,6.144299158065803
2026-09-05 03:25:00,17.414005253708456,18.497342251038262,18.066462153783277,17.524450932438906,18.608473375127648,1.036309937456567,0.2933973230765784,-0.006588908849992248,0.593383555003149,0.9089657488184777,0.13748277417840526,1024.7381807248696,1022.9571768003643,1023.9242495560579,-1.6580958999305073,-0.9881244613347345,0.02105170564107084,84.87632569853969,88.05633846482377,86.21584442745294,3.3161917998610146,1.8116456095372966,0.02884842783353747,3.345902638234011,3.9988373712177605,4.224299328887799,0.6217859624739401,-0.2244652838184077,-0.0009966738516307139,2.0532841145990157
2026-09-05 03:30:00,16.721453014106967,17.36169402206518,17.29522742298834,16.753056752384314,17.837398093592366,1.037178596247394,0.2933973230765784,-0.006876903831929737,0.5936715499850865,-1.5003498198448533,-0.22693072399973957,1024.8809345033915,1023.0431075816877,1023.9600614200083,-1.6594857539958305,-0.9881244613347345,0.07117062301404076,88.74410864734516,92.57127658461998,89.60685664147168,3.318971507991661,1.8116456095372966,1.1527743336110063,3.1565745676716657,4.037087351830691,4.255287584455636,0.6223071577484364,-0.2244652838184077,0.006265051193462767,12.846582620860094
2026-09-05 03:35:00,17.610809326428445,18.595429084278315,18.067830114165954,17.525500041181598,18.61016018715031,1.038047255038221,0.2933973230765784,-0.0071646228605316,0.5939592690136883,1.5484214422103086,0.23420164703578195,1024.7213724080575,1023.1267608974438,1024.0706696634588,-1.6608756080611535,-0.9881244613347345,0.04421569531962177,83.5716942301479,86.07245154602789,85.7148465353836,3.321751216122307,1.8116456095372966,-1.4540405988930019,10.411993196497003,10.784962566973574,10.715544484363317,0.6228283530229325,-0.2244652838184077,0.2938833664286644,29.2082032906174
2026-09-05 03:40:00,17.506111219747353,18.633097932351983,18.37959443444037,17.837105005913678,18.922083862967064,1.038915913829048,0.2933973230765784,-0.007452066727526463,0.5942467128806832,-0.26375755712677673,-0.039893825164966756,1024.524276004458,1022.8883510748021,1023.9339636722291,-1.662265462126477,-0.9881244613347345,-0.057488136092274544,84.4698783235294,88.28259725233755,85.87695427262925,3.324530924252954,1.8116456095372966,0.5939973701710102,2.2441442764349318,2.6165922637834744,3.4973924032061845,0.6233495482974288,-0.2244652838184077,-0.6563348556043023,63.81565588690543
2026-09-05 03:45:00,17.817652647039214,18.753243509412872,18.50096835624586,17.95831961897356,19.043617093518158,1.039784572619875,0.2933973230765784,-0.007739236220864365,0.5945338823740212,-0.2718787439972985,-0.041122169909566963,1024.5723515066113,1022.8859035218987,1023.8709583654982,-1.6636553161918,-0.9881244613347345,0.0030696177352638188,80.4015598985838,84.10866421483931,82.89836410631571,3.3273106323836,1.8116456095372966,-0.6013455010136965,6.323171578471758,6.387107876214641,6.095477851218261,0.623870743571925,-0.2244652838184077,0.516095308814787,40.043372430053644
2026-09-05 03:50:00,17.77221985803102,18.602785563690524,18.363016574682096,17.820208575419723,18.905824573944468,1.040653231410702,0.2933973230765784,-0.008026132124741736,0.5948207782778985,-0.354563101635474,-0.05362833406815071,1024.2122784646613,1022.6686220886227,1023.6899090688903,-1.6650451702571232,-0.9881244613347345,-0.0331625189329543,82.36081147417043,85.99294560095501,83.4804328918103,3.3300903405142463,1.8116456095372966,0.7008670996074216,0.11141724433505323,1.2127778616246827,1.8050306325379122,0.6243919388464212,-0.2244652838184077,-0.3677874870948217,22.251907132924472
2026-09-05 03:55:00,18.317577302879236,19.528322886939954,19.090389654852054,18.547422440313994,19.633356869390113,1.0415218902015289,0.2933973230765784,-0.008312755219626766,0.5951074013727835,0.9555974670335772,0.14453590901132074,1024.3634678154294,1022.8818820818891,1023.7971585796437,-1.6664350243224462,-0.9881244613347345,0.07284796358010226,79.65813149167143,82.84536919544779,81.47344545172771,3.3328700486448923,1.8116456095372966,-0.4397218658172193,5.237411366464608,5.646278307479055,5.469132679400528,0.6249131341209173,-0.2244652838184077,0.40161091189693465,26.809038527177243
2026-09-05 04:00:00,17.914507816716267,18.93620580773924,18.798402348972573,18.25527596583213,19.341528732113016,1.0423905489923557,0.2933973230765784,-0.00859910628228383,0.5953937524354407,-1.0287070087812893,-0.15559386430991395,1024.512505867929,1022.615831628148,1023.6534202671496,-1.6678248783877692,-0.9881244613347345,-0.049464177666891374,83.71220941271024,88.51245422935078,85.38691659980472,3.3356497567755383,1.8116456095372966,1.3138920200087654,8.654875540569334,9.35262285332338,9.596511221425814,0.6254343293954134,-0.2244652838184077,-0.019423084284026615,11.75860364735048
2026-09-05 04:05:00,17.788341628593525,18.733686706970573,18.47410352304551,17.930818017934968,19.017389028156053,1.0432592077831828,0.2933973230765784,-0.00888518608579808,0.5956798322389549,-0.22356178436308483,-0.03381413915151654,1024.1465315136873,1022.3877709770491,1023.4180820438959,-1.6692147324530926,-0.9881244613347345,-0.042186605512142705,82.37282902672976,86.10581504242785,84.98778315163625,3.338429464906185,1.8116456095372966,-0.693613718745695,3.2050648079547006,4.012195445069622,4.650343743902486,0.6259555246699097,-0.2244652838184077,-0.41368301501445615,27.210024174962925
2026-09-05 04:10:00,18.107855041406932,19.160362092211795,18.763667971326885,18.22022339083756,19.30711255181621,1.0441278665740097,0.2933973230765784,-0.009170995399600201,0.595965641552757,0.6829455670465272,0.1032967978083299,1023.9911048275791,1022.4435217801791,1023.3861979142808,-1.6706045865184156,-0.9881244613347345,0.045448327232975316,85.3388728710691,87.90541335350308,85.94899971721264,3.341209173036831,1.8116456095372966,0.14476802675314104,2.4915227192399034,3.571619823926745,3.576816869362615,0.6264767199444058,-0.2244652838184077,0.21926823838253817,8.326801360743609
2026-09-05 04:15:00,18.378189688826193,19.95052004258015,19.54997435555944,19.00637074624175,20.093577964877127,1.0449965253648368,0.2933973230765784,-0.00945653498948995,0.5962511811426467,0.7084101513747925,0.10714836394413041,1023.960414524096,1022.2182592809335,1023.2283793832871,-1.671994440583739,-0.9881244613347345,-0.02199564101897522,77.72148844494218,81.26412170669845,80.87282919655279,3.343988881167478,1.8116456095372966,-1.4203530993916331,5.648243182741435,6.229071765764647,6.301726202977569,0.626997915218902,-0.2244652838184077,0.1518108466054846,14.923799562530586
2026-09-05 04:20:00,18.28540553617607,19.561971290288042,19.413668341201852,18.869905749565376,19.957430932838328,1.0458651841556637,0.2933973230765784,-0.00974180561766036,0.5965364517708172,-0.9592897516919408,-0.14509437399038916,1023.8358081654059,1022.042692959303,1023.0451469639544,-1.673384294649062,-0.9881244613347345,-0.014329543316648596,83.19797899522604,87.14673428618353,83.78224628855287,3.346768589298124,1.8116456095372966,1.5528423880933673,6.141520769369779,6.607210941729652,6.942511649736589,0.6275191104933981,-0.2244652838184077,-0.11083542418852943,16.393933336175106
2026-09-05 04:25:00,18.39009865858789,19.669347235171948,19.383243993498418,18.839322466011946,19.92716552098489,1.0467338429464905,0.2933973230765784,-0.010026808042721713,0.5968214541958785,-0.04822473363726587,-0.007294081403049546,1023.8236896861644,1022.3016961515975,1023.1973615176029,-1.674774148714385,-0.9881244613347345,0.09245909532933183,80.44435855532456,83.32341997361388,82.18815454514822,3.34954829742877,1.8116456095372966,-0.6763801810716359,5.936051707288544,6.616012307627604,6.862288987190291,0.6280403057678943,-0.2244652838184077,-0.021811395744279594,3.377193621260096
2026-09-05 04:30:00,18.20402659347252,19.33873835900831,19.092964058420932,18.548883641512532,19.637044475329333,1.0476025017373176,0.2933973230765784,-0.010311543019724867,0.5971061891728817,-0.3148590545730734,-0.04762302248920136,1023.8291796765742,1021.9595906633359,1023.0150995530084,-1.6761640027797082,-0.9881244613347345,-0.06738442833784575,84.08193221351357,88.30567801661786,85.49034992375792,3.3523280055594165,1.8116456095372966,1.003682483322649,3.4111459226031693,4.424931506608246,4.740701918980309,0.6285615010423905,-0.2244652838184077,-0.09130512855365591,7.112178489652668
2026-09-05 04:35:00,18.333534912524115,19.41530312756769,19.080911283746147,18.536672023803227,19.625150543689067,1.0484711605281445,0.2933973230765784,-0.010596011300184283,0.5973906574533411,0.27103479304285116,0.040994520744963125,1023.6185463774706,1021.8957555494568,1022.8890176482778,-1.6775538568450312,-0.9881244613347345,-0.005137637486313906,81.71144596663915,85.37218064490202,84.36433530550336,3.3551077136900624,1.8116456095372966,-0.8038002701386375,2.9650199990170094,3.543050935913661,3.708377750466033,0.6290826963168866,-0.2244652838184077,0.05913846926603572,3.9998758150592444
2026-09-05 04:40:00,18.154384384829697,18.724507746482587,18.521297104175094,17.976899047544453,19.065695160805735,1.0493398193189716,0.2933973230765784,-0.010880213632101843,0.5976748597852586,-0.5962681820221967,-0.09018668076908654,1023.7776928273285,1022.1480457202888,1023.0537121690961,-1.6789437109103547,-0.9881244613347345,0.08245801252735419,84.34166375020739,85.82556850189582,84.0346491705446,3.3578874218207093,1.8116456095372966,-0.020726278186074865,9.717617361529463,10.060760528645623,9.957649398459864,0.629603891591383,-0.22446528381840766,0.3275764140041666,16.931558926671826
2026-09-05 04:45:00,19.5347946774615,20.44920708627867,19.8377463795089,19.293189572496797,20.382303186521003,1.0502084781097984,0.2933973230765784,-0.011164150759989222,0.597958796913146,2.1028723304292356,0.31806338369318965,1023.8580697002857,1022.0916631482236,1023.0905843700253,-1.6803335649756777,-0.9881244613347345,-0.010796760467087552,75.23517413241527,78.83557884423696,78.3284817901421,3.3606671299513553,1.8116456095372966,-1.3045485554424374,8.813476985632809,8.98137473000408,9.544203990149837,0.6301250868658791,-0.22446528381840763,-0.3383639763273507,35.79614320867078
2026-09-05 04:50:00,18.459708130946463,19.414670385206595,19.380079129440965,18.835363618313167,19.924794640568763,1.0510771369006255,0.2933973230765784,-0.011447823424890868,0.5982424695780477,-1.7110932782516635,-0.2588060673109496,1023.5354151156461,1021.9711650450071,1022.9996698973968,-1.6817234190410009,-0.9881244613347345,-0.04038039105500957,80.15543012783792,83.19405364238975,79.95629823787971,3.3634468380820017,1.8116456095372966,1.4261097949727457,4.299963189779217,4.564220256538025,4.946134081305967,0.6306462821403753,-0.22446528381840763,-0.15744854094953453,21.25556807644556
2026-09-05 04:55:00,18.805077076648278,19.482044459530222,19.187986940642247,18.6431127716241,19.732861109660394,1.0519457956914524,0.2933973230765784,-0.011731232364406596,0.5985258785175633,0.0043648768630006884,0.0006601958113954254,1023.8498534529327,1022.0814086335469,1023.0434079979202,-1.6831132731063239,-0.9881244613347345,0.026125096961322924,81.3983956467159,85.19436604456193,82.72815663154988,3.3662265462126477,1.8116456095372966,0.6545638034747583,7.525283104809219,8.41576803144609,8.261780385362586,0.6311674774148714,-0.22446528381840763,0.37845292990191126,22.71434460996819
2026-09-05 05:00:00,18.922501261638363,19.743832558077557,19.381584096313716,18.836551315590192,19.92661687703724,1.0528144544822793,0.2933973230765784,-0.012014378312713903,0.5988090244658707,0.45520849581242473,0.06885113868726123,1023.6505498826791,1022.1773396795244,1023.1414651671902,-1.6845031271716469,-0.9881244613347345,0.023998973668881263,79.55793798377735,83.68231611032209,82.43715047277259,3.3690062543432937,1.8116456095372966,-0.5664799719877891,4.267625948086698,4.803127277884022,5.351114324794429,0.6316886726893676,-0.22446528381840763,-0.32352176309199887,17.14915790617583
2026-09-05 05:05:00,19.698039903121877,20.355555722210458,19.97796502638128,19.432773680097043,20.523156372665518,1.0536831132731064,0.2933973230765784,-0.012297262000590115,0.5990919081537469,0.5566434963722067,0.08419337275259764,1023.682128568389,1021.9773736425276,1023.0210587252288,-1.6858929812369703,-0.9881244613347345,-0.05556062136656692,75.85529119761311,79.3832067978005,78.58274706282423,3.3717859624739406,1.8116456095372966,-1.011185874561022,4.08751483886241,4.537468433850061,4.628939259836866,0.6322098679638638,-0.22446528381840763,0.1329944578316029,8.872041920918932
2026-09-05 05:10:00,19.354817651738873,20.401704656663334,20.16591136600054,19.620561500260006,20.711261231741073,1.0545517720639332,0.2933973230765784,-0.012579884155434595,0.5993745303085913,-0.38084838461301374,-0.05760403241378498,1023.3841654819561,1021.7975731671596,1022.8251606304932,-1.6872828353022933,-0.9881244613347345,-0.03946300199891084,78.9146800634408,83.62144752120113,80.64770315830032,3.3745656706045866,1.8116456095372966,1.162098753363523,2.271088192186932,2.689029088470109,2.969872100762042,0.6327310632383599,-0.22446528381840763,-0.05637772847352496,7.917872904421112
2026-09-05 05:15:00,20.107082274104243,21.326255899128768,20.938974299169754,20.393465960037144,21.484482638302364,1.0554204308547603,0.2933973230765784,-0.012862245501290281,0.5996568916544471,0.6207147953530807,0.09388427688243439,1023.5680521272426,1021.9912830308224,1022.9105783407745,-1.6886726893676167,-0.9881244613347345,0.0688291513826016,73.49606439671645,76.73044426780088,76.1873016443839,3.3773453787352334,1.8116456095372966,-1.2685029861203105,4.100483488788747,4.759249505361658,4.817377005372169,0.6332522585128562,-0.22446528381840763,0.16633778380789632,13.67707443451174
2026-09-05 05:20:00,19.476175613660175,20.75381960703063,20.63536308648078,20.08969631998018,21.18102985298138,1.0562890896455872,0.2933973230765784,-0.013144346758865388,0.5999389929120222,-1.1566190638637117,-0.17494080252673072,1023.2348902194286,1021.450696675584,1022.5468617999812,-1.6900625434329397,-0.9881244613347345,-0.1080406630625248,77.08209223234005,80.96207157764901,77.97671323385327,3.3801250868658794,1.8116456095372966,1.1737127342584444,4.829141400354487,5.391078326012164,5.677603984768906,0.6337734537873523,-0.22446528381840763,-0.062060374938334384,12.167098897564207
2026-09-05 05:25:00,19.997091197478934,21.137205838331194,20.793132405280765,20.24730725739619,21.33895755316534,1.057157748436414,0.2933973230765784,-0.01342618864555517,0.6002208347987119,0.3350445066653407,0.05067610997384975,1023.4928354563244,1021.4933600765278,1022.4411572879932,-1.6914523974982627,-0.9881244613347345,0.0403272498692786,73.3442870846319,77.3711459385383,76.12745019009148,3.3829047949965254,1.8116456095372966,-0.5679498610904687,0.8297787528163203,1.382133758762393,1.8165926999680932,0.6342946490618484,-0.22446528381840763,-0.2099936573872927,8.402601952699758
2026-09-05 05:30:00,19.69354722549354,20.558894364481066,20.361410175036127,19.81542669171157,20.907393658360686,1.0580264072272412,0.2933973230765784,-0.013707771875462793,0.6005024180286196,-0.6341285579521241,-0.09591313363164033,1023.34753603051,1021.708807142146,1022.6059189665499,-1.692842251563586,-0.9881244613347345,0.09101263693082728,75.04705001057434,78.35485773858731,76.2237304173654,3.385684503127172,1.8116456095372966,0.3194817116846167,4.214558710736698,5.254171733416264,5.128788121796299,0.6348158443363446,-0.22446528381840766,0.34984889543837205,19.884825689118557
2026-09-05 05:35:00,21.030143521230286,21.702625555544362,21.20012379669137,20.65398202383086,21.746265569551877,1.058895066018068,0.2933973230765784,-0.013989097159420705,0.6007837433125776,1.3824915243572988,0.20910443577641402,1023.3690819517101,1021.68569309815,1022.673141956062,-1.694232105628909,-0.9881244613347345,0.0006756034226782504,70.48915592987672,74.50063958751676,73.32735871737282,3.388464211257818,1.8116456095372966,-0.6383647393933529,6.781550051774056,7.878291975943387,8.151428108672265,0.6353370396108408,-0.22446528381840766,-0.048670848910470355,7.057513693854398
2026-09-05 05:40:00,19.843581000267058,20.551970985195652,20.49583998101802,19.949539964485695,21.042139997550343,1.0597637248088951,0.2933973230765784,-0.014270165205011509,0.6010648113581682,-1.5686834842852662,-0.23726631889894634,1023.0759859369352,1021.4637378813773,1022.5164119669375,-1.6956219596942324,-0.9881244613347345,-0.06454962422560584,74.00551688921334,76.92102241887206,74.33529415089406,3.3912439193884647,1.8116456095372966,0.7740826584407046,5.87130659618613,6.024158329198769,6.45965950509663,0.6358582348853371,-0.22446528381840766,-0.21103589207945372,15.853382965094067
2026-09-05 05:45:00,20.59115612229417,21.39799199044299,20.942307015768048,20.395848801388194,21.4887652301479,1.060632383599722,0.2933973230765784,-0.014550976716588615,0.6013456228697454,1.0729629049212654,0.162287651598362,1023.086212374218,1021.355221439601,1022.362899842694,-1.6970118137595553,-0.9881244613347345,-0.019553941758317706,71.74234546566097,74.79831435796311,73.27994200180248,3.3940236275191107,1.8116456095372966,-0.2932732533766682,5.52274531035559,6.25740255985831,6.386369206909108,0.6363794301598332,-0.22446528381840766,0.09549863676760939,4.571952579688445
2026-09-05 05:50:00,20.87134829655557,21.755077399338987,21.425815958499317,20.879199592056437,21.972432324942197,1.061501042390549,0.2933973230765784,-0.014831532395296942,0.6016261785484538,0.23711519390739966,0.035864117763090064,1023.2801375413343,1021.5171717186893,1022.4437323764732,-1.6984016678248786,-0.9881244613347345,0.06156380355071178,73.29592084909298,75.64273323247367,73.58109539333286,3.396803335649757,1.8116456095372966,0.24999222960352085,8.525919133216528,8.929761129064438,9.039019204810193,0.6369006254343295,-0.22446528381840766,0.11520720807265228,2.7734567173165816
2026-09-05 05:55:00,20.9358993854798,21.966319387062857,21.703189694110147,21.15641522134901,22.249964166871283,1.062369701181376,0.2933973230765784,-0.015111832939093628,0.6019064790922504,-0.20011408152705812,-0.030267630123869793,1023.0203258716379,1021.6218053013948,1022.5756265064051,-1.6997915218902016,-0.9881244613347345,0.03430325632439235,71.72540468395206,75.31811502082851,73.52620796179927,3.399583043780403,1.8116456095372966,-0.019738550508051844,0.7419205979080383,1.304867084458536,1.9856151810562004,0.6374218207088256,-0.22446528381840766,-0.45628281277925686,29.93653369915208
2026-09-05 06:00:00,20.850668672994388,21.711074189341197,21.507446755254005,20.960514221879716,22.054379288628294,1.0632383599722028,0.2933973230765784,-0.015391879042767453,0.6021865251959242,-0.5935125680596478,-0.08976988898938743,1023.2060353339502,1021.2840008487681,1022.3613476559616,-1.7011813759555245,-0.9881244613347345,-0.08922234585884325,70.7839451996677,74.44650929226223,72.80185274144974,3.402362751911049,1.8116456095372966,-0.16698905872479486,4.963099960269163,5.693826491790493,5.392920334657745,0.6379430159833217,-0.22446528381840766,0.5253714409511554,41.266616210652494
2026-09-05 06:05:00,21.029049590111327,22.16095178760801,21.797219640110335,21.250129091788377,22.344310188432292,1.06410701876303,0.2933973230765784,-0.01567167139795994,0.6024663175511167,0.46501786663814926,0.07033482442109573,1022.9074145055052,1021.3149358472391,1022.2900317282013,-1.702571230020848,-0.9881244613347345,0.013028580372520082,69.84024005542392,74.18879304232901,72.3544976374993,3.405142460041696,1.8116456095372966,0.02264979529240918,6.843251625989582,7.417899862168125,7.7439236236709785,0.6384642112578179,-0.22446528381840766,-0.10155847768444648,2.016551745032321
2026-09-05 06:10:00,21.256414189669286,22.274935166663248,21.986723828632943,21.439475310989252,22.533972346276634,1.0649756775538568,0.2933973230765784,-0.01595121069318467,0.6027458568463415,-0.03428707930225272,-0.005185985046274766,1023.2175951390511,1021.4274437762375,1022.3682038574082,-1.703961084086171,-0.9881244613347345,0.04736438016402644,70.0632724094878,74.10410658114485,72.21264131659748,3.407922168172342,1.8116456095372966,0.07981965501006982,4.855712051006051,5.5638354217266555,5.967112853728189,0.6389854065323141,-0.22446528381840766,-0.17881214818312596,4.847836983924242
2026-09-05 06:15:00,21.33964471528954,22.40759819398243,22.124376270391416,21.57696982901242,22.671782711770412,1.065844336344684,0.2933973230765784,-0.01623049761384704,0.6030251437670038,-0.06727453434218944,-0.010175399485564895,1022.885321626506,1021.1296038956934,1022.179790303157,-1.7053509381514944,-0.9881244613347345,-0.06206194612889249,71.21147945711097,74.39434488809601,72.46603512242478,3.410701876302989,1.8116456095372966,0.1166641561339361,3.4409421867313874,4.282339850347773,4.475637467374493,0.6395066018068103,-0.22446528381840766,0.031167666791687587,0.6487719092612744
2026-09-05 06:20:00,21.945123016338,23.239886122007753,22.844520198050866,22.296955878483548,23.392084517618184,1.0667129951355108,0.2933973230765784,-0.016509532842264196,0.603304178995421,0.6741642086365509,0.10196860088030846,1023.1348134364707,1021.3805072193678,1022.2992842506267,-1.7067407922168174,-0.9881244613347345,0.06934743007582256,66.19550481310843,68.66644264767464,67.97113451668838,3.413481584433635,1.8116456095372966,-1.1163374785510314,2.1049453397832725,2.8333461770266752,3.0576016203164977,0.6400277970813064,-0.22446528381840766,0.00020984052858530333,8.03985573521246
2026-09-05 06:25:00,22.606401319896808,23.43793662698307,23.192478418430856,22.64475626618282,23.74020057067889,1.0675816539263376,0.2933973230765784,-0.016788317057684188,0.6035829632108409,-0.3169488933558142,-0.04793911452436461,1023.1295042318319,1021.3008584444241,1022.3010276352286,-1.7081306462821404,-0.9881244613347345,-0.012044729469835147,65.07594807861778,68.83848969319806,66.574301081302,3.416261292564281,1.8116456095372966,0.452543002358766,8.13063504904985,8.577133150155365,8.487905099288005,0.6405489923558025,-0.22446528381840766,0.31369333468576777,15.352524920614613
2026-09-05 06:30:00,21.663235246776015,22.815426475151654,22.68340192714204,22.13552198768156,23.23128186660252,1.0684503127171647,0.2933973230765784,-0.0170668509363055,0.6038614970894622,-1.0669142094653736,-0.16137277506696535,1022.9167391347428,1021.2929022659307,1022.2888692553594,-1.7095205003474636,-0.9881244613347345,-0.007842528093988221,69.0118073294814,73.31945086810805,70.17928328440921,3.4190410006949272,1.8116456095372966,1.3285219741615464,4.387324124478804,4.839634430018005,5.482287106600568,0.6410701876302988,-0.22446528381840766,-0.41818739276415506,36.78448367162483
2026-09-05 06:35:00,21.50369317285146,22.57021749866424,22.286014583427836,21.73797690218391,22.83405226467176,1.0693189715079916,0.2933973230765784,-0.017345135151295932,0.6041397813044527,-0.060788719585648465,-0.009194407840176666,1023.096035488467,1021.5937216734467,1022.5153297341124,-1.7109103544127866,-0.9881244613347345,0.066516400669002,67.897082904955,71.92305159282373,70.54242495523145,3.421820708825573,1.8116456095372966,-0.43101897194502214,7.9791313604157015,8.188811154335085,8.1127702278937,0.6415913829047949,-0.22446528381840766,0.3005062102597922,14.341870907358341
2026-09-05 06:40:00,22.182949293090775,23.186439667195653,22.74252981314528,22.19433443550769,23.290725190782865,1.0701876302988187,0.2933973230765784,-0.017623170372811914,0.6044178165259687,0.9951118330331781,0.15051253097379558,1023.0371286389967,1021.3953304797055,1022.447461871579,-1.71230020847811,-0.9881244613347345,-0.06400693053876694,67.8990398619093,72.19122229875136,70.57398128279029,3.42460041695622,1.8116456095372966,-0.1944045935762233,5.163946973635248,5.5498834625583235,6.021079030471832,0.6421125781792912,-0.22446528381840766,-0.24673028409510067,11.733395640001962
2026-09-05 06:45:00,23.417981068191146,24.666088621453984,24.172140253101702,23.623787224421072,24.720493281782332,1.0710562890896456,0.2933973230765784,-0.01790095726801688,0.6046956034211737,1.3259408833924269,0.20055104527570222,1022.9083898000388,1021.2102070369272,1022.2547475920194,-1.713690062543433,-0.9881244613347345,-0.05641609375754797,59.81052419720742,63.06839269733569,63.117529790006486,3.427380125086866,1.8116456095372966,-1.8607827022080912,5.82441271112479,7.055666993148136,7.109485191805733,0.6426337734537874,-0.22446528381840766,0.17064708516080973,26.557567574306873
2026-09-05 06:50:00,22.233571713348088,23.48129949213996,23.52230840650982,22.97379777209767,24.07081904092197,1.0719249478804727,0.2933973230765784,-0.018178496501100372,0.6049731426542572,-2.210922916318445,-0.33440623744643716,1022.8308743440103,1020.9678283525367,1021.9936357775582,-1.7150799166087562,-0.9881244613347345,-0.03768296368684787,67.95635806289827,71.01322272157527,66.96399293226588,3.4301598332175125,1.8116456095372966,2.2375841797720994,7.024027430004759,7.4295813265044695,7.694382216933516,0.6431549687282836,-0.22446528381840766,-0.04033560661063884,37.9486544874877
2026-09-05 06:55:00,23.380662392540835,24.264157840014448,23.8558214509854,23.3071532561142,24.404489645856597,1.0727936066712995,0.2933973230765784,-0.01845578873329634,0.6052504348864531,0.7599182863186122,0.11493906595246983,1022.6824535488671,1021.0435075680667,1021.973813128047,-1.7164697706740792,-0.9881244613347345,0.057818901354380614,60.35269845256568,63.196116912128396,62.74090593944865,3.4329395413481585,1.8116456095372966,-1.35643463685755,5.706045365280676,5.99170788555031,6.302638622720021,0.6436761640027797,-0.22446528381840766,-0.08646545335130362,12.291751246645921
2026-09-05 07:00:00,23.567020443485795,24.604250592176335,24.274882738682138,23.726057028585373,24.823708448778902,1.0736622654621264,0.2933973230765784,-0.018732834622901595,0.6055274807760584,0.23781873992460234,0.03597053041761811,1023.0256899209458,1021.6312827409657,1022.4559105100778,-1.7178596247394022,-0.9881244613347345,0.1634966922225658,60.63590590352251,64.02690797971044,61.785420354792905,3.4357192494788045,1.8116456095372966,0.42984201538024536,3.9184901802495182,4.658665898080226,4.875979824442911,0.6441973592772758,-0.22446528381840766,0.0071513574557222626,4.072807522398409
2026-09-05 07:05:00,22.846299478942097,23.977072739711865,23.830975410470735,23.281992230342947,24.379958590598523,1.0745309242529535,0.2933973230765784,-0.019009634825293942,0.6058042809784507,-0.9738721814258078,-0.14729999383544978,1022.7365750846303,1020.9602214122564,1022.1300972920294,-1.7192494788047257,-0.9881244613347345,-0.18175141843835263,61.89634987026681,65.2719761911012,62.85666187456819,3.4384989576094513,1.8116456095372966,0.6036687069957196,4.669472744172873,5.281081870937087,5.416171736067008,0.6447185545517721,-0.22446528381840766,0.08937541868848697,8.98922572789201
2026-09-05 07:10:00,23.46791230340845,24.488710536847712,24.09560781448842,23.54646720948528,24.644748419491563,1.0753995830437804,0.2933973230765784,-0.019286189992950453,0.6060808361461072,0.6592010778212192,0.09970539928271194,1022.9852574558412,1021.2082205860684,1022.1531390486914,-1.7206393328700487,-0.9881244613347345,0.04320599871164177,60.80077596048112,64.40739672905251,62.726068618521175,3.4412786657400973,1.8116456095372966,-0.13031749900596878,7.010682967223083,7.597244745994583,7.7486526149273285,0.6452397498262682,-0.22446528381840766,0.0730574148856622,2.1085068837142966
2026-09-05 07:15:00,24.06497065724382,25.258243165535987,24.858138921831497,24.30884093706984,25.407436906593155,1.0762682418346075,0.2933973230765784,-0.019562500775465286,0.6063571469286221,0.7054915540676951,0.10670692062791076,1022.9326516643005,1021.1264591077179,1022.1177652962971,-1.722029186935372,-0.9881244613347345,-0.0031817272445096023,58.44511868992512,61.785739098167454,60.512042316549625,3.444058373870744,1.8116456095372966,-0.5379488279194646,3.761961531431396,4.830436266455788,5.282132115655455,0.6457609451007644,-0.22446528381840766,-0.22723056538125963,10.060161458801419
2026-09-05 07:20:00,23.43588110207008,24.569256406277567,24.462933542785404,23.913478223343304,25.012388862227503,1.0771369006254343,0.2933973230765784,-0.0198385678195675,0.6066332139727243,-1.2368405951737813,-0.18707445958441582,1023.0767480827116,1021.2799169065366,1022.2271802375118,-1.723419041000695,-0.9881244613347345,0.04086113035953076,60.3304896941736,63.67042559239358,61.28074169529892,3.44683808200139,1.8116456095372966,0.5780382875573622,3.8547956647346098,4.66581580777738,4.777416086256149,0.6462821403752605,-0.22446528381840766,0.11286500533963828,7.4228022115187215
2026-09-05 07:25:00,23.68056576412534,25.125083571612805,24.74476654079926,24.195153931716085,25.294379149882438,1.0780055594162612,0.2933973230765784,-0.020114391769138706,0.6069090379222954,0.574668628141648,0.08691970773696411,1022.9337108235082,1020.7971069953915,1021.8988531603071,-1.724808895066018,-0.9881244613347345,-0.11362170358097501,60.541625577027595,63.369888124781916,61.53038476314677,3.449617790132036,1.8116456095372966,0.027857752097851574,1.744316874049448,2.232122330188162,2.5470597801721855,0.6468033356497567,-0.22446528381840766,-0.0904721661656156,3.4099102262782166
2026-09-05 07:30:00,23.704254726339858,24.477073117360987,24.297867162419905,23.74809730869635,24.84763701614346,1.0788742182070883,0.2933973230765784,-0.020389973265230565,0.6071846194183874,-0.754974890972143,-0.11419136813549713,1022.9351098668044,1021.2696664255515,1022.1315950005636,-1.7261987491313413,-0.9881244613347345,0.12619588632253453,61.48934381391342,65.6950365230173,63.46812914005008,3.4523974982626826,1.8116456095372966,0.41526177342991843,8.626810816141498,9.146792571788218,8.965892155463882,0.6473245309242529,-0.22446528381840766,0.40536570014274353,27.48684700741566
2026-09-05 07:35:00,23.706334741090178,24.761590420138614,24.39231276922315,23.84238571582132,24.94223982262498,1.0797428769979152,0.2933973230765784,-0.02066531294608226,0.6074599590992391,0.5016818974365478,0.07588032783888465,1023.1011174264868,1021.2466959968369,1022.2328088492964,-1.7275886031966643,-0.9881244613347345,0.0020116088752502037,61.33092361449717,64.84731527068547,63.40822680651289,3.4551772063933286,1.8116456095372966,-0.3725571453647234,1.6992252985231997,2.196295070550243,3.027840306052129,0.647845726198749,-0.22446528381840766,-0.607079951683478,53.90934243750024
2026-09-05 07:40:00,24.028135366088534,24.927046399574838,24.599818650330594,24.049734442174046,25.149902858487142,1.0806115357887423,0.2933973230765784,-0.020940411447137708,0.6077350576002944,0.2236694657792917,0.03383042616766474,1023.0496346412287,1021.079116716148,1022.1265895317034,-1.7289784572619877,-0.9881244613347345,-0.05934835422078777,59.96422031080999,63.28262207790574,61.91586913312926,3.4579569145239755,1.8116456095372966,-0.4448926647608147,5.621631049587032,6.532419857534355,6.274695239266492,0.6483669214732454,-0.22446528381840766,0.48218990208626966,34.70636081884201
2026-09-05 07:45:00,23.974095096277356,25.176396781944735,24.866375983522182,24.316134665495976,25.41661730154839,1.0814801945795691,0.2933973230765784,-0.02121526940106261,0.6080099155542193,0.10990591225786517,0.016623475345973304,1023.055993778288,1021.4386039594206,1022.3501846664875,-1.7303683113273107,-0.9881244613347345,0.07654375426773186,58.930966993154094,61.79376021320935,60.16302029528613,3.4607366226546215,1.8116456095372966,-0.18090569161407188,4.015609563798841,4.572053391710641,5.050148737554614,0.6488881167477415,-0.22446528381840766,-0.2536300620255654,10.029152866195483
2026-09-05 07:50:00,24.65326238265624,25.412176858017528,25.11837621899087,24.56797783594163,25.668774602040113,1.0823488533703962,0.2933973230765784,-0.02148988743776148,0.6082845335909183,0.0026665186730667756,0.00040331595007714327,1023.0892335190532,1021.1951726859043,1022.252046944065,-1.731758165392634,-0.9881244613347345,-0.06874979682606863,57.06532656944591,59.46331241191831,57.83790492403588,3.463516330785268,1.8116456095372966,-0.18623812165486697,3.967004043613671,4.078467304899664,4.257479996289739,0.6494093120222377,-0.22446528381840766,0.04545259242833222,0.9998055206765772
2026-09-05 07:55:00,24.507647460171523,25.660127514377724,25.36721997086949,24.816664567605457,25.91777537413352,1.083217512161223,0.2933973230765784,-0.021764266184394587,0.6085589123375514,-0.003238171871021933,-0.000489779568344062,1022.7997796844487,1021.0158313069081,1022.0545162203904,-1.733148019457957,-0.9881244613347345,-0.05056045214757887,60.41368057071635,64.92634796367174,61.6751496545998,3.466296038915914,1.8116456095372966,1.4395526995346515,5.867329141647177,6.502763745323608,6.588726125223024,0.6499305072967339,-0.22446528381840766,0.13850290391899112,13.671228814880786
2026-09-05 08:00:00,25.08512575625984,26.04320224094222,25.72965126848699,25.178938889778088,26.28036364719589,1.08408617095205,0.2933973230765784,-0.022038406265394217,0.608833052418551,0.1332456164662439,0.020153649378652716,1023.1558231474113,1021.6412516325663,1022.4685619655073,-1.73453787352328,-0.9881244613347345,0.1608141283936675,55.45176859392051,59.364555307472514,58.794390546830385,3.46907574704656,1.8116456095372966,-1.241480848895165,1.449440941569072,1.6387848438019232,2.1857541961177445,0.65045170257123,-0.22446528381840763,-0.32250406849741364,25.686104656898696
2026-09-05 08:05:00,24.545111535532026,25.4832339920507,25.32321868353699,24.772349374114857,25.874087992959122,1.084954829742877,0.2933973230765784,-0.022312308302482042,0.6091069544556389,-0.8818536247219413,-0.13338201456286924,1023.1471974937137,1021.1998873964214,1022.304235367615,-1.7359277275886034,-0.9881244613347345,-0.11622350985885532,59.35415743800792,61.52687861912915,59.24057264419079,3.4718554551772067,1.8116456095372966,0.47466036540106415,5.265269339078574,6.571511417450771,6.369968354815511,0.6509728978457262,-0.22446528381840763,0.42600834645366703,30.440394308495755
2026-09-05 08:10:00,25.475480939222063,26.27200478704763,25.83841813826748,25.28739194282554,26.389444333709417,1.085823488533704,0.2933973230765784,-0.022585972914684727,0.6093806190678415,0.9268600824795037,0.14018932570357379,1022.9165936228977,1020.9493863060542,1022.0115214981255,-1.7373175816539264,-0.9881244613347345,-0.07401073073663156,54.631369873451646,58.716518877327225,57.34485747337254,3.4746351633078527,1.8116456095372966,-0.4399842055826113,6.804444542136115,7.166238261102167,7.570497154735115,0.6514940931202223,-0.22446528381840763,-0.1797936098145403,8.296691079667726
2026-09-05 08:15:00,25.851917063538167,26.845594021622496,26.500706279816985,25.9495232430105,27.05188931662347,1.086692147324531,0.2933973230765784,-0.02285940071835091,0.6096540468715077,0.34042829944779385,0.051490418728931786,1023.0469111301142,1021.3485996228293,1022.2163335772909,-1.7387074357192498,-0.9881244613347345,0.12039050687303643,53.446503279959224,57.66190308758421,55.86616285825736,3.4774148714384996,1.8116456095372966,-0.015905380210448072,7.490648941443842,8.094104800231241,8.320989622949051,0.6520152883947186,-0.22446528381840763,-0.002419538899403051,1.8979326482054164
2026-09-05 08:20:00,24.896022448609454,26.200483360782997,26.089164301999606,25.537824468445727,26.640504135553485,1.0875608061153579,0.2933973230765784,-0.023132592327167023,0.6099272384803238,-1.203808308610796,-0.18207826429318885,1023.0926221829404,1021.5249479977574,1022.4628165101394,-1.7400972897845728,-0.9881244613347345,0.050255948952667495,57.89991446482438,61.47960994223426,58.64378133232632,3.4801945795691456,1.8116456095372966,1.0241830003706482,2.4611032349491486,3.191100539028704,3.6630739283603413,0.6525364836692147,-0.22446528381840763,-0.24750810551322955,17.919811296865227
2026-09-05 08:25:00,26.017702291500317,27.101094019700607,26.664636582419824,26.113139996697647,27.216133168142,1.0884294649061848,0.2933973230765784,-0.023405548352173344,0.6102001945053301,0.9458402669772887,0.14306011420420361,1023.0938149189228,1021.1161765174131,1022.2276412250582,-1.7414871438498958,-0.9881244613347345,-0.123340246310363,54.38142441913721,59.14288742343841,57.90846063025138,3.4829742876997916,1.8116456095372966,-0.5772188163502676,8.660958159630315,9.227418390370257,8.97034089191012,0.6530576789437108,-0.22446528381840763,0.4815427822785452,38.65923818440426
2026-09-05 08:30:00,26.533179249114927,27.748013456386836,27.400277196466536,26.848623903117154,27.95193048981592,1.0892981236970118,0.2933973230765784,-0.023678269401780305,0.6104729155549371,0.35926124355083644,0.054338936843720376,1023.1799223191812,1021.4981987817915,1022.4059041840015,-1.742876997915219,-0.9881244613347345,0.08041905912466518,51.08815321716131,54.747282926690055,53.883520994549656,3.485753995830438,1.8116456095372966,-0.947883677396895,5.97939251752754,6.545962271305888,7.145859563986827,0.653578874218207,-0.22446528381840766,-0.37543200886253114,25.76176804304815
2026-09-05 08:35:00,25.731673765128434,27.154768912009526,27.045832916186736,26.4940229597133,27.597642872660174,1.0901667824878387,0.2933973230765784,-0.02395075608178393,0.6107454022349408,-1.2195639014216724,-0.18446132725378916,1023.3606902992424,1021.703573378256,1022.6477810200321,-1.744266851980542,-0.9881244613347345,0.04391681955860349,52.850433149923276,55.20550803152501,52.90832783938685,3.488533703961084,1.8116456095372966,0.485534582600863,8.527090185623475,9.30773844096444,9.311428307043698,0.6541000694927032,-0.22446528381840766,0.22077541773914966,11.980577941027114
2026-09-05 08:40:00,27.057281922072974,28.201068480316156,27.7519366092937,27.199970034161456,28.303903184425945,1.0910354412786658,0.2933973230765784,-0.024223008995381712,0.6110176551485385,1.029637136990246,0.15573454794587605,1023.3245845457053,1021.2700537671055,1022.3890190753938,-1.7456567060458654,-0.9881244613347345,-0.13084084695356069,49.789608622552606,53.57305723548299,51.69113911418751,3.491313412091731,1.8116456095372966,0.0702725117581906,4.79352137610724,5.906007428513323,6.386027868287817,0.6546212647671995,-0.22446528381840766,-0.25555515595608647,13.817552853331872
2026-09-05 08:45:00,26.727805662613683,27.707949848270708,27.548547968655008,26.996424819291374,28.100671118018642,1.0919041000694927,0.2933973230765784,-0.024495028743188096,0.6112896748963449,-0.8859093026856684,-0.13399544346087922,1022.9819165034545,1021.3546451440293,1022.3273072110762,-1.7470465601111884,-0.9881244613347345,0.01546239428773788,51.619477430796174,55.30948839238873,52.89438884630814,3.494093120222377,1.8116456095372966,0.6034539365432963,5.239744320393394,6.12513950498028,6.198330167987113,0.6551424600416956,-0.22446528381840766,0.1512746208115745,7.062527952376504
2026-09-05 08:50:00,26.449279046644385,27.635502248541265,27.36307393755476,26.81079425834936,27.915353616760157,1.0927727588603198,0.2933973230765784,-0.02476681592325014,0.6115614620764069,-0.13863637746866075,-0.020969012090073846,1023.2884878666644,1021.6715423344642,1022.5674638065886,-1.7484364141765116,-0.9881244613347345,0.09220298921025005,52.29065666563631,55.30489201496682,53.48198831905225,3.4968728283530233,1.8116456095372966,0.011258086377274878,9.475153730276103,10.574371549164358,10.60374160014758,0.6556636553161919,-0.22446528381840766,0.19509523283518426,6.425596383889829
2026-09-05 08:55:00,26.879121226340917,27.863903414729204,27.514287449064803,26.961851284369533,28.06672361376007,1.0936414176511466,0.2933973230765784,-0.025038371131062553,0.6118330172842193,0.37168889602916977,0.05621864258782239,1023.4108454812051,1021.614251376975,1022.625718986073,-1.7498262682418346,-0.9881244613347345,-0.02334314776339852,50.8046953155155,54.76319492150111,53.16671432787666,3.4996525364836693,1.8116456095372966,-0.2151650159128451,9.137530909844484,9.47973002800712,9.955444617772258,0.656184850590688,-0.22446528381840766,-0.25124930594673067,9.640226149428958
2026-09-05 09:00:00,27.293883125828856,28.287508665611398,27.935804551659956,27.383211945789032,28.48839715753088,1.0945100764419735,0.2933973230765784,-0.02530969495958313,0.6121043411127399,0.38549466393510556,0.05830679087486246,1023.285656625734,1021.7222924577716,1022.7102315019866,-1.7512161223071576,-0.9881244613347345,0.00018541711961006513,51.1387888001795,53.30708883184112,51.80526917439794,3.5024322446143152,1.8116456095372966,-0.30982595209411556,4.679736018333138,5.43165085417493,5.791725761262726,0.6567060458651841,-0.22446528381840766,-0.13560962326938863,3.4769171913331345
2026-09-05 09:05:00,27.268975987607515,28.06037616291652,27.84734586741012,27.29459686464013,28.40009487018011,1.0953787352328006,0.2933973230765784,-0.025580787999247956,0.6123754341524048,-0.5313456600813673,-0.08036702757017977,1023.4071154638501,1021.8249778236263,1022.8089385783053,-1.752605976372481,-0.9881244613347345,0.004163706655731403,51.790925900701495,56.08859131540069,53.597189452385365,3.505211952744962,1.8116456095372966,0.6797562534780326,3.4636994549580424,4.167500511715207,4.257774703000266,0.6572272411396803,-0.22446528381840766,0.1341910925333476,5.629030606999061
2026-09-05 09:10:00,27.620915670455656,28.902414562696162,28.492733063252757,27.93982770782272,29.045638418682795,1.0962473940236275,0.2933973230765784,-0.025851650837986018,0.6126462969911428,0.7688114680450795,0.11628417636682542,1023.5607466551708,1021.8222185135905,1022.8311446486948,-1.753995830437804,-0.9881244613347345,-0.020801673769597073,49.8849206123773,52.690414910368546,51.61131022911152,3.507991660875608,1.8116456095372966,-0.7325409282802653,4.354728616668999,5.117804440586196,5.240561721022849,0.6577484364141765,-0.22446528381840766,0.10170800338175479,5.712205628338953
2026-09-05 09:15:00,27.202721767931784,28.22263730561635,28.09428894412252,27.54122728023393,28.647350608011113,1.0971160528144546,0.2933973230765784,-0.026122284061234347,0.6129169302143911,-1.091219273493106,-0.16504896158275173,1023.4274064904574,1021.6043039974055,1022.6560781843973,-1.7553856845031275,-0.9881244613347345,-0.06364972565711469,50.43435393116618,53.15716840007881,51.167234275872794,3.510771369006255,1.8116456095372966,0.1782885146687221,4.347844491149514,5.418983714028859,5.67869248952232,0.6582696316886727,-0.22446528381840766,-0.03524349167505392,3.673764614961409
2026-09-05 09:20:00,27.80297302222223,28.937377382990682,28.525832370554102,27.972614442370986,29.07905029873722,1.0979847116052814,0.2933973230765784,-0.026392688251952956,0.6131873344051098,0.7811320623405997,0.11814768936000064,1023.3255986340145,1021.4228989115585,1022.442390892501,-1.7567755385684505,-0.9881244613347345,-0.031367519607783834,47.433011119926256,50.85550237921718,49.33257242842077,3.513551077136901,1.8116456095372966,-0.2887156587408839,3.6355002123508458,4.228054294376398,4.5220093385011975,0.6587908269631688,-0.22446528381840766,-0.06948976030639198,2.70364034089847
2026-09-05 09:25:00,27.332561590593205,28.224222575267984,28.068011302796098,27.514637154445076,28.62138545114712,1.0988533703961083,0.2933973230765784,-0.026662863990639052,0.6134575101437958,-0.9070039643914214,-0.13718605060469358,1023.4586288280177,1021.6948289089789,1022.5887790005269,-1.7581653926337735,-0.9881244613347345,0.09417436978674232,46.79677870287015,50.65948783057261,48.64680421652794,3.516330785267547,1.8116456095372966,0.20103800450737452,3.5218362532093495,4.059497265480789,4.236999448026842,0.6593120222376649,-0.22446528381840766,0.046963101272353924,3.501668041887698
2026-09-05 09:30:00,28.014879148746434,29.201790703876465,28.73303304755172,28.17950272312205,29.286563371981394,1.0997220291869354,0.2933973230765784,-0.026932811855341854,0.6137274580084986,1.159392786307425,0.17536033324816458,1023.336476244187,1021.6623848354436,1022.646317557676,-1.7595552466990967,-0.9881244613347345,0.004191739102338943,47.72214408038736,51.3723938246603,49.20651246032675,3.5191104933981934,1.8116456095372966,0.3542357547962567,8.909718222284365,9.729745679022127,9.695844481156849,0.6598332175121612,-0.22446528381840766,0.2583664816836855,13.424557059834438
2026-09-05 09:35:00,27.857555127029556,28.805757567380304,28.61948558223508,28.065799125778703,29.173172038691455,1.1005906879777623,0.2933973230765784,-0.027202532421676973,0.6139971785748337,-0.7082579151614254,-0.10712533793135393,1023.330324661879,1021.5207530319585,1022.5515826042628,-1.7609451007644197,-0.9881244613347345,-0.042705110969563975,46.69215060203928,49.619913470950216,48.11363391392951,3.5218902015288394,1.8116456095372966,-0.30536605251658955,1.7185721529922713,1.8454657475091742,2.6680765715120174,0.6603544127866573,-0.22446528381840766,-0.5981455401844353,52.94649977719518
2026-09-05 09:40:00,28.083004880546454,29.156122482974677,28.82515520430121,28.271312659832823,29.3789977487696,1.1014593467685894,0.2933973230765784,-0.027472026262840787,0.6142666724159975,0.24839332073620213,0.03756995559688647,1023.2850472878436,1021.1930871822245,1022.2535536413018,-1.7623349548297431,-0.9881244613347345,-0.07234199774256922,47.66557396713387,50.78537244383984,48.65889365043222,3.5246699096594862,1.8116456095372966,0.3148331838703271,6.840965549291698,7.4307855426161975,7.0710844523226175,0.6608756080611536,-0.22446528381840766,0.5841663741119874,49.93374631937458
2026-09-05 09:45:00,29.028027236889635,30.305920448696877,29.858289608355786,29.304291019852876,30.412288196858697,1.1023280055594162,0.2933973230765784,-0.02774129394962449,0.6145359401027812,1.0197130902473788,0.15423351726451173,1023.5822225004306,1022.008804775722,1022.7811325339269,-1.763724808895066,-0.9881244613347345,0.2157967031297403,45.99808010549424,48.619095845382404,47.20661142123923,3.527449617790132,1.8116456095372966,-0.3991611853941208,2.8195475169620776,3.4406850135120917,4.063731311916181,0.6613968033356498,-0.22446528381840766,-0.3985810145856812,31.193303589651986
2026-09-05 09:50:00,29.124686701531573,30.38603522832832,30.189851484033344,29.635696895436247,30.74400607263044,1.1031966643502433,0.2933973230765784,-0.028010336050428408,0.6148049822035853,-0.6427264358069777,-0.0972135787816022,1023.2337363953991,1021.4971552157155,1022.6168687502194,-1.7651146629603893,-0.9881244613347345,-0.13158907316926616,44.45527547638993,47.80576088100681,46.0326970750379,3.5302293259207786,1.8116456095372966,-0.03858180356838403,4.234628662293514,4.620439076011582,4.6403864436672,0.661917998610146,-0.22446528381840766,0.20451791616278925,8.905414416846119
2026-09-05 09:55:00,29.08451611345496,30.184175422092643,30.00104069601409,29.446730151226046,30.555351240802135,1.1040653231410702,0.2933973230765784,-0.028279153131275825,0.6150737992844326,-0.7289998666809332,-0.11026259699802665,1023.5938951201708,1021.7704469286435,1022.7223299040766,-1.7665045170257123,-0.9881244613347345,0.036241485901655324,45.758802690857635,50.15182869651779,47.67094519856648,3.5330090340514246,1.8116456095372966,0.6692378884140169,1.6528459542394567,2.6324028515310722,2.9800409166096715,0.6624391938846421,-0.22446528381840766,-0.12317278126019149,5.898807969479515
2026-09-05 10:00:00,28.554686285674507,29.30599406106506,29.15041764303075,28.59595118591795,29.70488410014355,1.104933981931897,0.2933973230765784,-0.02854774575582697,0.6153423919089838,-0.911201297058664,-0.1378209050422683,1023.445219702056,1021.8058990892284,1022.7926769862921,-1.7678943710910353,-0.9881244613347345,0.0013465642709888925,46.02373917228312,49.55611756435009,47.906044381464355,3.5357887421820706,1.8116456095372966,-0.1615724266515599,3.702327234630313,4.046615528586465,4.129883547396081,0.6629603891591382,-0.22446528381840766,0.14119726500879226,4.988367911157766
2026-09-05 10:05:00,29.013778518277718,30.718143273012572,30.12443555867579,29.569813233067435,30.67905788428414,1.1058026407227242,0.2933973230765784,-0.02881611448539262,0.6156107606385495,1.985498629199732,0.3003103912602043,1023.1651189397512,1021.6245305040673,1022.6684854484208,-1.7692842251563587,-0.9881244613347345,-0.05583048301889448,44.67117572765257,48.897275581772845,47.325536993703125,3.5385684503127175,1.8116456095372966,-0.23990702146757314,8.032500750618187,8.655220420542683,8.735663140438655,0.6634815844336345,-0.22446528381840766,0.1440225639224355,13.143085740555154
2026-09-05 10:10:00,29.7722200410415,31.228063134609677,30.91347868168854,30.35870053137689,31.468256832000193,1.106671299513551,0.2933973230765784,-0.02908425987894825,0.615878906032105,0.14007846044392736,0.02118712984455584,1023.4334276899933,1021.2424668753486,1022.3147032301275,-1.7706740792216817,-0.9881244613347345,-0.08411189344428749,44.59187898202869,49.297548210653005,47.392963391092486,3.5413481584433635,1.8116456095372966,0.09293921002322492,9.827299664205873,10.579249611510894,10.928810684381903,0.6640027797081306,-0.22446528381840766,-0.125095789052601,3.1132527329315605
2026-09-05 10:15:00,29.48814486643618,30.740219789718218,30.63350681034174,30.078572879082152,31.188440741601326,1.1075399583043781,0.2933973230765784,-0.029352182493147028,0.6161468286463039,-1.2342613485806524,-0.1866843437001009,1023.0649507294065,1021.3580263436079,1022.2804422797373,-1.7720639332870052,-0.9881244613347345,0.06570852520530934,42.876144428872365,45.9498574802168,44.76485677339816,3.5441278665740104,1.8116456095372966,-0.6266449027186525,3.3639572467400236,4.434516690165486,5.017574129547532,0.6645239749826268,-0.22446528381840766,-0.3585921555636382,24.53360469901026
2026-09-05 10:20:00,30.501435632897252,31.459203493674263,31.071519304401615,30.516429635912623,31.626608972890608,1.108408617095205,0.2933973230765784,-0.029619882882333637,0.6164145290354904,0.6233765098778328,0.09428686619606808,1023.4737851312631,1021.4863339622892,1022.4070773138625,-1.7734537873523282,-0.9881244613347345,0.06738110976141343,42.08069529905477,45.47834427131513,43.50279694093168,3.5469075747046563,1.8116456095372966,0.16390172084615529,5.336214661058195,5.998092900851062,5.8761493568733165,0.665045170257123,-0.22446528381840766,0.3464088277961528,18.706720468742525
2026-09-05 10:25:00,29.870976754849448,30.957535598395086,30.777575712085728,30.22233035004907,31.332821074122386,1.1092772758860319,0.2933973230765784,-0.02988736159855776,0.6166820077517146,-0.7499902825743412,-0.11343743676722085,1023.5110011776388,1021.8110241122411,1022.7230203306923,-1.7748436414176512,-0.9881244613347345,0.076128242883442,42.46668214725513,47.75332371894042,45.186475891037226,3.5496872828353023,1.8116456095372966,0.755202218365902,5.421500553664782,6.367912997434864,6.632136228738449,0.6655663655316191,-0.22446528381840766,-0.03975794748517725,5.163479464143279
2026-09-05 10:30:00,29.928047708345503,30.929509557067057,30.63041010533891,30.075009093399593,31.185811117278227,1.110145934676859,0.2933973230765784,-0.030154619191586962,0.6169492653447437,0.03769955669432079,0.005702128651567051,1023.2858001844289,1021.5287557693022,1022.6152524811571,-1.7762334954829744,-0.9881244613347345,-0.09837225052024223,42.3934885410166,47.101430261566506,45.43604397816731,3.5524669909659488,1.8116456095372966,-0.14625932613810022,9.835506513587575,10.711772693576828,10.776974840544566,0.6660875608061153,-0.22446528381840766,0.15926313685066873,4.8110830978140235
2026-09-05 10:35:00,29.86272618947709,31.226511970764054,30.864198274638255,30.308641656404596,31.419754892871914,1.1110145934676858,0.2933973230765784,-0.03042165620892029,0.6172163023620771,0.45563979203130955,0.06891637304921971,1023.3877316896264,1021.7054673190441,1022.6760600938093,-1.7776233495482974,-0.9881244613347345,0.01753168656955495,43.33988297604695,45.55720605449366,44.15432752806524,3.5552466990965947,1.8116456095372966,-0.4087670831088701,8.249135238557841,8.952781261489195,9.444284191603138,0.6666087560806114,-0.22446528381840766,-0.2670376462955364,11.570158803930184
2026-09-05 10:40:00,30.172434859205744,31.336818689634622,31.041127287226196,30.485415106269887,31.596839468182505,1.111883252258513,0.2933973230765784,-0.030688473195801036,0.6174831193489578,0.015167278593125388,0.0022940793318468877,1023.6549102642331,1021.8010099184452,1022.7730945089063,-1.7790132036136208,-0.9881244613347345,0.01603987087355563,42.20786786475706,46.075612924833024,44.08050603136026,3.5580264072272416,1.8116456095372966,0.1834612839354719,5.865408926948554,6.205684855821625,6.477959359088345,0.6671299513551078,-0.22446528381840766,-0.047809219448312845,0.52833275454339
2026-09-05 10:45:00,30.188113170369768,31.144032309747143,30.905857057188296,30.349989357044443,31.46172475733215,1.1127519110493398,0.2933973230765784,-0.030955070695229903,0.6177497168483868,-0.3651000714774817,-0.055222070517732647,1023.2764884495869,1021.215099375135,1022.3488733722683,-1.7804030576789438,-0.9881244613347345,-0.1456495357986114,42.601986303122466,46.16324041235211,44.2452960046952,3.5608061153578876,1.8116456095372966,0.10629879811961729,7.325935376353353,7.563212264711653,7.595750328894723,0.6676511466296039,-0.22446528381840766,0.1919272196353372,8.000927234576213
2026-09-05 10:50:00,30.65980111483988,31.67927066485509,31.301261438758583,30.74523826292576,31.857284614591407,1.1136205698401669,0.2933973230765784,-0.03122144924797804,0.6180160954011349,0.5594106043253291,0.08461190301992616,1023.1819936900541,1021.3326455496214,1022.2677671911988,-1.781792911744267,-0.9881244613347345,0.053002819757239195,40.82626633275243,45.051014644927974,43.44448855364159,3.563585823488534,1.8116456095372966,-0.20511951825091046,9.578214338754936,10.278338301084792,10.443003024329418,0.6681723419041001,-0.22446528381840766,0.059800560573782136,1.7968909285683416
2026-09-05 10:55:00,30.884007287210665,32.22273414435564,31.881195659721726,31.325017051662034,32.43737426778142,1.1144892286309938,0.2933973230765784,-0.03148760939259937,0.6182822555457561,0.31828472494431637,0.048141161557339274,1023.5494166106961,1021.8272609901575,1022.6613049713441,-1.78318276580959,-0.9881244613347345,0.15408048014808173,39.70544321025547,42.675825727886604,41.25427424314604,3.56636553161918,1.8116456095372966,-0.39009412479673244,0.6873999605554135,1.1932844355632257,1.9435800680812267,0.6686935371785963,-0.22446528381840766,-0.5258303486995934,43.12551883053756
2026-09-05 11:00:00,30.30895094396459,31.744328400750504,31.596357886540016,31.04002388967912,32.15269188340091,1.1153578874218206,0.2933973230765784,-0.0317535516654438,0.6185481978186006,-0.9614876409731892,-0.14542680886609105,1023.6056962528687,1021.9734324822952,1022.9445541633349,-1.784572619874913,-0.9881244613347345,0.017002780294887998,41.85918064330036,44.756639185417654,42.27307504753329,3.569145239749826,1.8116456095372966,0.6719185283470708,5.066584474152983,6.011577534110463,5.62484263680207,0.6692147324530924,-0.22446528381840766,0.6112001811268009,57.89224039339584
2026-09-05 11:05:00,30.21006629766608,31.631959156575977,31.356728237916766,30.80023889564396,31.91321758018957,1.1162265462126477,0.2933973230765784,-0.0320192766006695,0.6188139227538263,-0.12010696971493218,-0.018166404417367943,1023.2937569784839,1021.3320198094727,1022.519561901664,-1.7859624739402364,-0.9881244613347345,-0.19941763085660114,43.00089181919662,46.031960194842206,43.896147861585064,3.571924947880473,1.8116456095372966,0.32416672371984845,10.931570289697484,11.825063172854646,11.988507526700637,0.6697359277275886,-0.22446528381840766,0.06102092997241648,5.538274559938657
2026-09-05 11:10:00,30.124424481809836,31.39292609982411,31.104966479904125,30.548321835572377,31.661611124235872,1.1170952050034746,0.2933973230765784,-0.032284784730255534,0.6190794308834123,-0.035951310636008316,-0.005437703156594864,1023.4245232672632,1021.7912300032887,1022.6748343413424,-1.7873523280055594,-0.9881244613347345,0.10452012328096316,41.58163670506411,44.69879852411649,43.330122588593504,3.574704656011119,1.8116456095372966,-0.4429696740143072,8.26974972411833,8.8846235487893,9.519862479237391,0.6702571230020847,-0.22446528381840763,-0.41077364662968385,26.305201083423178
2026-09-05 11:15:00,31.175528046151545,32.242966936185326,31.784574568110923,31.22777466503692,32.34137447118493,1.1179638637943017,0.2933973230765784,-0.032550076584014376,0.6193447227371711,1.090862804624301,0.16499504499782347,1023.4512903306027,1021.5653673050848,1022.5898125161732,-1.7887421820708829,-0.9881244613347345,-0.036320749753713244,39.6070304933172,43.836774190906176,42.26353081921575,3.5774843641417657,1.8116456095372966,-0.23840223784686998,6.329310243301203,6.6527746843954025,6.845108990739609,0.670778318276581,-0.22446528381840763,0.032130977474200684,3.4661900341060776
2026-09-05 11:20:00,30.6414321615189,31.111961919038205,31.04221612226535,30.48526100372956,31.599171240801144,1.1188325225851286,0.2933973230765784,-0.03281515268960411,0.6196097988427609,-1.4786694427423832,-0.2236515263037262,1023.1135865517838,1021.3778219978867,1022.4060322178404,-1.7901320361362059,-0.9881244613347345,-0.04008575861905683,42.464595370672065,45.099898504425376,42.93219777044274,3.5802640722724117,1.8116456095372966,0.3560551244453407,6.240324783630734,7.064844962063994,7.155802189411858,0.6712995135510771,-0.22446528381840763,0.13350805647054287,8.665162113663223
2026-09-05 11:25:00,30.329038298514767,31.508171484652365,31.11061956668785,30.553509275934555,31.66772985744114,1.1197011813759556,0.2933973230765784,-0.033080013572540645,0.6198746597256974,0.6886168823764471,0.10415459488793744,1023.1246438569287,1021.2566378737973,1022.2495803555848,-1.791521890201529,-0.9881244613347345,-0.004818020452830751,41.42818701893753,44.51313967937313,42.80047245418766,3.583043780403058,1.8116456095372966,-0.09897838435182393,4.717123357121411,5.083559232106439,5.415490455052068,0.6718207088255733,-0.22446528381840763,-0.10746593912722169,2.8483682325413247
2026-09-05 11:30:00,31.449957583842135,32.5701616722401,32.0947888099287,31.537523390166072,32.65205422969133,1.1205698401667825,0.2933973230765784,-0.03334465975621004,0.6201393059093668,1.2031291430923226,0.1819755392348199,1023.3521110408941,1021.5865248907841,1022.4678222184352,-1.792911744266852,-0.9881244613347345,0.1068271336835096,38.55818472688306,40.71279830301562,39.65546073088416,3.585823488533704,1.8116456095372966,-0.7543080374058349,6.211846183430853,6.656648910651663,6.730287037276421,0.6723419041000694,-0.22446528381840763,0.1508271571936497,10.944720166940664
2026-09-05 11:35:00,32.39292227924314,33.542357197465016,33.195396747468365,32.63797624186849,33.75281725306824,1.1214384989576094,0.2933973230765784,-0.03360909176188037,0.6204037379150371,0.35413198534085666,0.05356312692007492,1023.3878051622473,1021.7272852091007,1022.6825304780893,-1.794301598332175,-0.9881244613347345,0.03287919234605852,38.09871204456875,42.493009499963,40.030795973149594,3.58860319666435,1.8116456095372966,0.6505679172761134,7.508002713804443,7.887041091714463,8.12319282626186,0.6728630993745656,-0.22446528381840763,-0.011686450728990216,2.618389442047504
2026-09-05 11:40:00,31.49130545324161,32.62439208039669,32.62000874708049,32.06243319877944,33.17758429538154,1.1223071577484365,0.2933973230765784,-0.03387331010871397,0.6206679562618708,-1.9108126031895196,-0.2890139897603774,1023.1845689773578,1021.2048254133671,1022.3428400578496,-1.7956914523974985,-0.9881244613347345,-0.14989018314781788,39.447495921636396,44.055702905976304,41.747464753334334,3.591382904794997,1.8116456095372966,0.4965925431046756,5.375426537238288,6.007260525305363,6.374458028408549,0.6733842946490619,-0.22446528381840763,-0.14273221928477842,15.514092046637051
2026-09-05 11:45:00,31.923908245893962,32.7818316300434,32.465538162574795,31.90780761467266,33.023268710476934,1.1231758165392633,0.2933973230765784,-0.034137315313779004,0.6209319614669357,0.15137759007793505,0.02289614439202836,1022.9307410939796,1021.0316739030047,1022.0529606356133,-1.7970813064628215,-0.9881244613347345,-0.03316227127390903,37.68180000146566,41.01430386970028,39.925886282048516,3.594162612925643,1.8116456095372966,-0.7232280218855323,8.20186410548101,9.226827295625736,9.226108895898664,0.673905489923558,-0.22446528381840763,0.22518368354547924,10.101202866471871
2026-09-05 11:50:00,31.71274181668003,32.948268003380356,32.599365727965264,32.04148022352621,33.15725123240432,1.1240444753300904,0.2933973230765784,-0.03440110789206158,0.6211957540452184,0.3669703413174261,0.05550495233851649,1023.3208275724735,1021.5501008000466,1022.3725107647576,-1.7984711605281447,-0.9881244613347345,0.16571449662365012,38.41761421060963,41.77619703981534,39.75700065340622,3.5969423210562894,1.8116456095372966,0.20755077687181966,10.336852966747173,11.009767390878167,11.292972706233433,0.6744266851980543,-0.22446528381840763,-0.058740031536858694,4.100138005193613
2026-09-05 11:55:00,31.728627125466915,32.9799835223942,32.68514098046983,32.12710056252215,33.24318139841751,1.1249131341209173,0.2933973230765784,-0.03466468835647707,0.6214593345096339,0.00955504745985536,0.001445218847791807,1022.9006471977243,1021.4610237322854,1022.4628453919329,-1.7998610145934677,-0.9881244613347345,-0.01369719831279781,37.8592466085593,41.821546159572556,39.883497399710535,3.5997220291869354,1.8116456095372966,0.1264031503247267,3.0256422585037237,3.5676245312479655,4.205494891248113,0.6749478804725504,-0.22446528381840766,-0.41340507618174005,24.488896742703083
2026-09-05 12:00:00,32.22061756001609,33.482867109339765,32.2476882685235,32.15116457051554,32.344211966531454,1.1257817929117442,0.597245323760639,0.3296296197668182,0.8648610277544597,0.4200158838017458,0.6379335170556288,1022.8850107070629,1020.954281381579,1022.8423800033357,-1.8012508686587907,-1.2186332773236368,-0.6694653444330925,37.612098981794,42.39418632501418,37.61921113878392,3.6025017373175814,2.3453086834770684,2.429666502753193,5.739210585104061,5.956995181837534,5.739273668442639,0.6754690757470465,-0.22314506095109346,0.4408665743459892,61.51083607347746
2026-09-05 12:05:00,31.81827003976797,33.13423589218522,32.41614298398019,31.972100187867365,32.86018578009301,1.1266504517025713,0.638514439770589,0.39682725515073597,0.880201624390442,0.3841002840475838,0.07957846843444116,1022.9390839052668,1021.4424632654421,1022.8059064869312,-1.8026407227241141,-1.2581404731990251,-0.10530274829011432,38.6369646614786,42.56913470497796,38.68097183353218,3.6052814454482283,2.666901361580437,1.221261509865343,5.378997158856791,6.220624805297287,6.580890762198061,0.6759902710215427,-0.26921115485965574,-0.0910548020411186,7.083576707386078
2026-09-05 12:10:00,32.11927800201185,33.367607441489575,32.71411736899336,32.19745264638167,33.23078209160504,1.1275191104933981,0.637446039820438,0.3957354644037788,0.8791566152370972,0.10573023889411814,0.016044032675779363,1023.0707760176576,1021.5674089364195,1022.8087084865704,-1.8040305767894371,-1.2572474536826361,0.01594790353180997,39.45235906649612,42.50238666609491,39.88851096110907,3.6080611535788742,2.666311562690597,-0.05243585770475789,8.035932020225275,8.478322104742727,8.69194171678769,0.6765114662960389,-0.2912680395625416,0.07764842751757861,0.897864619214182
2026-09-05 12:15:00,32.21545075710008,33.26183264407652,32.67327640866619,32.15236817944763,33.19418463788475,1.1283877692842252,0.645287978152363,0.40467798610722017,0.8858979701975059,-0.36984659864850045,-0.05673174274203063,1022.9131418502468,1021.0931247467869,1022.4427134815868,-1.8054204308547606,-1.2485340222325862,-0.1010547125673611,37.38735708657483,39.7031398906952,37.79157833768324,3.610840861709521,2.728510349717743,-0.8169487967057876,4.007051665255837,4.7193396125738,5.264456098846042,0.6770326615705351,-0.2850426040647094,-0.26007388220753214,14.471365659745505
2026-09-05 12:20:00,31.890457973523212,33.005547032015045,32.40860387470244,31.893266545396727,32.92394120400816,1.129256428075052,0.6480267063634045,0.40727488186118793,0.8887785308656211,-0.33703911940764186,-0.05108354905080148,1022.7921557980561,1020.9406226342061,1022.1908188322664,-1.8068102849200836,-1.2484023981216397,-0.0017937999386958836,38.45557015796295,41.17708971767233,38.11412787914217,3.613620569840167,2.7112600149670776,0.35170182356309,7.5771527998291965,8.148441071899237,8.115460163873497,0.6775538568450312,-0.28091657608334664,0.3138974841090869,14.964425808696815
2026-09-05 12:25:00,32.62186982979977,33.77021989011633,32.982869569428125,32.470861329671784,33.494877809184466,1.1301250868658792,0.6475757168716767,0.4064659183754015,0.8886855153679518,0.9241112389722872,0.13977460381652662,1022.7418033554701,1020.829793436685,1022.0483512802659,-1.8082001389854068,-1.2493786831796108,0.030820839598732164,35.60277955587344,39.27775539409422,36.848862190314236,3.6164002779708135,2.715434055195962,-0.2865408514159782,10.887214375916562,11.81674259391592,12.078648028685938,0.6780750521195275,-0.28089894376565794,0.01899350899564034,2.6454841949720804
2026-09-05 12:30:00,32.21882983627934,33.37136347175737,32.82907556091908,32.31760218518771,33.34054893665045,1.130993745656706,0.6468795492951711,0.4054148562470194,0.8883442423433228,-0.6914843721484161,-0.10459163845688124,1022.6187458161179,1020.7989254435173,1022.0087892319947,-1.8095899930507298,-1.2495940149143894,0.03973022643697277,36.61928553542528,39.7142035029661,36.78507017115293,3.6191799861014595,2.7156138763801314,0.21351945543303685,5.542998837479209,6.174424167264667,6.876827059805041,0.6785962473940236,-0.2806525086847456,-0.42175038385562846,26.9474975197305
2026-09-05 12:35:00,32.046646200527135,33.378152136169014,32.73873200826632,32.22686675546416,33.25059726106848,1.131862404447533,0.646853382165686,0.4050319192039117,0.8886748451274603,-0.04914443566521243,-0.007433254262991795,1022.633397625458,1020.611409863458,1021.8755028936894,-1.8109798471160528,-1.2496424362954728,-0.014450593935862344,37.875800170482826,41.65373402950754,38.45954648053265,3.6219596942321055,2.7172090599134386,0.4769784890614517,11.743982604161523,12.405422140473128,12.162979735817967,0.6791174426685197,-0.2806709778705624,0.5231133825257235,40.244010010285194
2026-09-05 12:40:00,32.620017644565465,33.88148245840832,33.1470404402494,32.63479875696581,33.65928212353299,1.13273106323836,0.6469056311790652,0.4047270214489149,0.8890842409092155,0.578745647535456,0.08753638697985622,1022.1052796246769,1020.2814740708974,1021.5821974954288,-1.8123697011813762,-1.2498228281635082,-0.05090059636791011,37.36475460899924,40.547154798373,38.17741212581193,3.6247394023627524,2.7165667387699135,-0.3468240662088391,16.89652128459271,17.72188406677236,18.028936716033044,0.679638637943016,-0.28067166161405,-0.026380987646632548,1.8167503751461453
2026-09-05 12:45:00,32.098805809079735,33.64787421902292,33.07141240581729,32.55894124056757,33.58388357106701,1.133599722029187,0.6469239897825771,0.404388737611716,0.8894592419534383,-0.46585983119452123,-0.07046217657695308,1022.3728717783173,1020.7836442641482,1021.8786704765035,-1.8137595552466992,-1.2495584665427892,0.15453225418741567,38.15407725445788,40.93507921991575,38.229557030620626,3.6275191104933984,2.7165616001158335,-0.011039410820707474,2.5395664949315346,3.8518083828280023,4.99556774298949,0.6801598332175122,-0.28067279129402256,-0.8630865688674652,109.4770724164258
2026-09-05 12:50:00,32.51852725291443,34.09428942971138,33.38986147531606,32.87722532725867,33.90249762337345,1.134468380820014,0.6469119706473395,0.404020597890437,0.889803343404242,0.380266239957443,0.05751598374798306,1022.3838603314397,1020.4770481627562,1021.7892656383576,-1.8151494093120224,-1.2495831196854135,-0.06263435591597499,38.91066989631463,41.59934340977622,38.768177907640094,3.630298818624045,2.7165524504512533,0.11461305168487002,3.9138935158910506,4.861108623490626,4.480962788684105,0.6806810284920084,-0.280673549432227,0.6608193842387484,63.16333627710101
2026-09-05 12:55:00,32.54892583503201,33.700192791165634,33.14354603845502,32.63075215451259,33.65633992239745,1.1353370396108409,0.6469170066180778,0.40367003161795845,0.8901639816181972,-0.5968207235112999,-0.09027025390746246,1022.1030005406191,1020.2503526316434,1021.5601881024652,-1.8165392633773454,-1.2495764748209186,-0.06025899600081175,36.947456146669964,41.83041828092323,39.126930309586626,3.633078526754691,2.7165542627604857,-0.013066291423875498,13.191933862935226,13.846554254797148,13.74610726376279,0.6812022237665045,-0.28067356727405374,0.38112055830841207,21.99319599437104
2026-09-05 13:00:00,33.0284832540036,33.3973578427134,32.78645925383224,32.27350122656473,33.29941728109975,1.1362056984016677,0.6469167835479043,0.4033147251713056,0.8905188419245029,-0.23813387154206112,-0.036018194666745273,1022.2593287634139,1020.1862285748311,1021.4271565642729,-1.8179291174426684,-1.249577901260237,0.008649911818451983,35.2915297217815,39.63857815601375,37.4236661780326,3.6358582348853368,2.716588410821126,-0.5016764328399717,13.5929371864353,14.275620002660888,14.963522357530456,0.6817234190410006,-0.2806735879133317,-0.40722876695623533,25.101350438237848
2026-09-05 13:05:00,32.82176670390275,34.206207554320706,33.39389893539451,32.88077278932699,33.90702508146203,1.1370743571924948,0.6469186457257395,0.40296202080911225,0.8908752706423668,1.0934738677039135,0.16538997320045468,1022.0942235924556,1020.3310139341672,1021.5142089552543,-1.8193189715079918,-1.249583865702759,0.06638884461574435,36.53715133423481,41.56020363871316,38.342991342923106,3.6386379430159836,2.7165813833572763,0.5006309124327828,2.448787177106427,2.9735739533245935,3.7810579931623973,0.6822446143154969,-0.28067358874881054,-0.526810451088993,44.27242215762539
2026-09-05 13:10:00,32.65582939304537,33.68569714123129,33.15905657257,32.645761504350375,33.67235164078963,1.1379430159833217,0.646918141474208,0.40260746458907126,0.8912288183593448,-0.7952137617962194,-0.12027757281292395,1022.3095692068374,1020.5285326340068,1021.7221028060299,-1.8207088255733148,-1.2495852901269067,0.05601511810380089,36.64182049779284,40.715198869543556,38.137617859767,3.6414176511466296,2.716580718252448,-0.13899970847589316,0.9401606290828898,1.3379277276169743,1.1725232945855737,0.682765809589993,-0.2806735897455899,0.4460780227769905,30.371883390086133
2026-09-05 13:15:00,33.0230712029245,34.00158609333244,33.30796853781733,32.79450482095433,33.82143225468033,1.1388116747741488,0.6469181511335077,0.40225393462428427,0.8915823676427311,0.3087525642886533,0.0466994043816058,1022.20145079755,1020.3889074718762,1021.6900931003281,-1.8220986796386383,-1.249585418341267,-0.051600210110677835,36.586825369305046,39.88702960169045,37.34837892246155,3.6441973592772765,2.7165797190424277,-0.17792903981352737,3.2095271019026246,3.7269888706472174,3.812385006283544,0.6832870048644892,-0.2806735897551548,0.19527745411882824,6.131232825979001
2026-09-05 13:20:00,33.27832708220598,34.33831836077309,33.64878168451104,33.135149603376995,34.16241376564509,1.1396803335649757,0.6469181281244792,0.4019008821190979,0.8919353741298606,0.28177203109929394,0.04261854813756827,1021.8128338126135,1019.9568212213761,1021.3204279334504,-1.8234885337039612,-1.2495862655822836,-0.1140204464920771,36.40942554513759,41.11507535053746,38.07855584417839,3.6469770674079225,2.7165805041084634,0.31993900225060656,18.019982169427916,18.47214568045332,18.23292315157078,0.6838082001389854,-0.28067358970403494,0.5198961185865727,40.7340856583741
2026-09-05 13:25:00,32.96778735057038,34.019007733563264,33.458965942540424,32.94516562364886,33.972766261431985,1.1405489923558028,0.6469181522089268,0.4015483846334189,0.8922879197844347,-0.5743820429289244,-0.08687636118608566,1021.7753064918968,1019.9065144163116,1021.1381068901826,-1.8248783877692845,-1.2495861827148573,0.017993708843846434,34.57212763667902,38.195430011128174,36.058516678952714,3.649756775538569,2.7165802802314767,-0.5796669480560155,3.418772752440568,4.299112662992815,5.859789979667749,0.6843293954134816,-0.28067358970562734,-1.2800037269693059,236.3401222436405
2026-09-05 13:30:00,32.76734992985294,34.03122154302065,33.38018205382163,32.86621355011795,33.89415055752531,1.1414176511466296,0.646918152024986,0.40119636861932484,0.8926399354306472,0.027248172383174563,0.004121337174034068,1021.7001554125463,1019.9491722057669,1021.1398262179994,-1.8262682418346075,-1.2495860923744488,0.05893208014197171,34.43971194968191,38.26892184958341,35.38153736086592,3.652536483669215,2.7165802384335005,0.17080425028398594,6.418521880579545,6.782014013906827,6.344156803495473,0.6848505906879777,-0.28067358970873024,0.7185308001200843,74.20589865223651
2026-09-05 13:35:00,32.25313502908468,33.08353418319689,32.566785212843584,32.05264856759352,33.080921858093646,1.1422863099374565,0.6469181492134085,0.4008448535471403,0.8929914448796767,-0.8606119991594099,-0.1301691788601005,1021.5549723421284,1019.7229917559902,1020.9959734554647,-1.8276580958999304,-1.24958609312381,-0.023395606350618436,37.52904117593632,41.15009786447577,37.6713890902009,3.655316191799861,2.7165800687383475,0.7621287055365258,10.558338395945604,11.643673350322091,11.770672084059683,0.6853717859624738,-0.2806735897087325,0.15367485597113983,8.207888175785172
2026-09-05 13:40:00,32.36258998186154,33.2902008014315,32.528605917093905,32.01430118023762,33.042910653950194,1.1431549687282836,0.646918151115908,0.4004938446036269,0.8933424576281891,0.7581838765462194,0.11467673322169247,1021.5616805454368,1019.7798783762049,1020.9954423679482,-1.8290479499652539,-1.2495861040657903,0.03402211232253194,39.122512443008496,40.42308496751179,37.98251591872203,3.6580958999305078,2.716580092637707,-0.2760110438479444,1.1042938635906363,2.0158007599132555,2.964031639416236,0.6858929812369702,-0.28067358970885886,-0.6675572897941215,65.49740146784177
2026-09-05 13:45:00,32.67340887979896,33.88606421815756,33.10835040656918,32.59387763251195,33.62282318062641,1.1440236275191105,0.6469181516771018,0.40014333359377574,0.8936929697604278,0.8647539712806989,0.1307956599112785,1021.3266982849183,1019.5285079035059,1020.8183548565909,-1.8304378040305769,-1.2495860947800377,-0.040260858304918656,35.038886999418345,39.98355061731538,37.52570429535155,3.6608756080611538,2.7165800949306975,-0.2587337729668704,7.411393466947717,8.103958162269485,7.696844428537416,0.6864141765114663,-0.28067358970885964,0.6877873234409293,69.83240823940532
2026-09-05 13:50:00,32.55464849848825,33.82412959088085,33.234466195834194,32.71982543996845,33.749106951699936,1.1448922863099376,0.6469181517088616,0.3997933192050061,0.8940429842127171,-0.37853915207836764,-0.057254756662203476,1021.177249602229,1019.5139360371975,1020.7460089377429,-1.8318276580959,-1.2495860963230103,0.017513195777610235,34.6196555883873,38.67611406134531,36.23066875767815,3.6636553161918,2.716580091810427,-0.2711347881432715,4.3843022291046605,5.071333184330143,5.728583179411865,0.6869353717859625,-0.28067358970885653,-0.37657640537286596,20.99306919796914
2026-09-05 13:55:00,32.722706505872296,33.99677577996026,33.360242131384375,32.84543344883982,33.87505081392893,1.1457609451007644,0.6469181517182249,0.3994437998349264,0.8943925036015233,-0.06865702071615942,-0.010384503142340407,1021.3451193033724,1019.6134509058174,1020.8162462339753,-1.833217512161223,-1.2495860967664596,0.04679076860861642,37.019776099143414,40.950069572160665,37.64963258701715,3.666435024322446,2.716580096867349,0.5838568882761663,10.842140942918322,11.362413117094414,11.261361085796157,0.6874565670604587,-0.2806735897088565,0.3817256210071136,22.79864822220845
2026-09-05 14:00:00,32.81528121589146,33.80450356399639,33.20885073989242,32.6938741854926,33.72382729429224,1.1466296038915913,0.6469181517349808,0.39909477341877225,0.8947415300511894,-0.3389401122942033,-0.05126532763100755,1021.249566585738,1019.443888495984,1020.7252517253177,-1.834607366226546,-1.2495860971852288,-0.031777132148476994,36.86254408284408,40.482337965480724,37.89460191144786,3.669214732453092,2.716580096483248,-0.12884404245038183,4.44552690008854,5.214529985827824,6.027063696208268,0.6879777623349548,-0.2806735897088567,-0.5318601206715874,40.838334788211185
2026-09-05 14:05:00,32.995708494931726,33.9475536277609,33.271700416178355,32.75655604460987,33.78684478774684,1.1474982626824184,0.6469181517346186,0.398746237852208,0.8950900656170293,0.19130380877861342,0.02893505984792455,1020.9365548671883,1019.3283209514942,1020.59836956386,-1.8359972202918695,-1.2495860974160893,-0.020462514949713295,34.89521065942187,38.697947356314515,36.42886742372476,3.671994440583739,2.7165800964333857,-0.44750016384362823,8.295348713170702,9.31027540974273,9.154098756796657,0.688498957609451,-0.2806735897088567,0.4368502426549288,28.394330454710346
2026-09-05 14:10:00,32.74292713126216,33.78996708597782,33.16758554312132,32.65227340901753,33.68289767722511,1.1483669214732453,0.6469181517335455,0.39839819108640023,0.8954381123806907,-0.16222350177810085,-0.024536608877042454,1021.092300107797,1019.3179533127983,1020.5510303854962,-1.8373870743571925,-1.2495860973354822,0.0165090246375712,34.3210818364098,37.51803283644719,34.92848267649793,3.674774148714385,2.7165800964985474,-0.12702993654928463,8.152267337289304,8.630340551496507,9.100908290706005,0.6890201528839471,-0.2806735897088567,-0.18989414950064187,5.322229538818318
2026-09-05 14:15:00,32.94911064097317,34.14632077169418,33.43722224450892,32.92174240246251,33.952702086555334,1.1492355802640724,0.6469181517349021,0.3980506310736903,0.8957856723961138,0.4111048229191283,0.062180375450353154,1020.7628751133725,1019.1198425882686,1020.3954821519923,-1.838776928422516,-1.2495860973579307,-0.02605346636573813,36.00108993980687,40.17190727849771,36.69876027166016,3.677553856845032,2.7165800962482187,0.7565669105893278,3.850552544904458,4.080076266387282,4.54767339150465,0.6895413481584434,-0.2806735897088567,-0.1869235354085106,8.41157602246905
2026-09-05 14:20:00,32.75977598626923,34.20697569917864,33.57274528009071,33.05709778464684,34.08839277553457,1.1501042390548992,0.6469181517348599,0.39770355577375127,0.8961327476959685,-0.08388479556904116,-0.012687732646924132,1020.7941147380595,1019.0449893468298,1020.2887317436969,-1.840166782487839,-1.2495860973608326,0.005843700493755932,36.813720467978285,39.44837535743466,36.908290375697874,3.680333564975678,2.7165800962658,-0.17649511452901834,1.4475619240287063,2.348589943918669,2.495763027492964,0.6900625434329395,-0.2806735897088567,0.13350050613456155,2.7239240999521286
2026-09-05 14:25:00,31.91937534343687,32.66086080412845,32.2721543516881,31.756339257339455,32.78796944603675,1.1509728978457263,0.646918151735321,0.3973569631661473,0.8964793403044946,-1.7071636210859253,-0.258211699294975,1020.7767273867394,1018.6588828883465,1019.9683838719151,-1.8415566365531622,-1.24958609732858,-0.0599148862399943,36.78261107798094,40.6145790970637,37.78386886858739,3.6831132731063243,2.7165800962662963,0.11413013221000767,5.576923669210456,6.364817200191032,6.386763834580222,0.6905837387074357,-0.2806735897088567,0.25872695531966716,17.071354149161017
2026-09-05 14:30:00,32.30551150107291,33.41320730631779,32.5343509443216,32.0183683055072,33.050333583136,1.1518415566365532,0.6469181517350157,0.3970108512412953,0.896825452228736,1.5334567565248776,0.23193821026116979,1020.5452733318311,1018.8980520557105,1020.050317688554,-1.8429464906184851,-1.2495860973541382,0.09732046451074439,37.31955758097891,41.454709338672764,38.69844444854755,3.6858929812369703,2.7165800962671693,0.03968479385804358,4.487771288231042,4.84281658178062,5.374297002637251,0.6911049339819318,-0.2806735897088567,-0.2508068311477736,15.729899673220093
2026-09-05 14:35:00,32.59141249576727,33.47758702298962,32.79001149942466,32.27386137053017,33.306161628319146,1.15271021542738,0.6469181517350022,0.39666521800582766,0.8971710854641768,0.26880573694601395,0.04065737182995832,1020.5143666443225,1018.6903067358401,1019.9590857472257,-1.8443363446838081,-1.2495860973529538,-0.019192914032714725,35.479050609365814,39.008787991675106,36.92995990977538,3.6886726893676163,2.7165800962592503,-0.6377520143595206,9.873953979659639,10.345562697641832,10.327569565591975,0.691626129256428,-0.2806735897088567,0.29866672175871223,15.033892184966188
2026-09-05 14:40:00,32.129101683896245,32.95223202264375,32.411072119616875,31.89475455497495,32.927389684258806,1.1535788742182072,0.646918151734997,0.3963200614787889,0.897516241991205,-0.6992194207978812,-0.10575824870812056,1020.2638306028297,1018.4103111884453,1019.7112699042314,-1.8457261987491316,-1.2495860973537773,-0.05137261843219676,37.71787004000797,41.706016671483056,38.38071569123105,3.691452397498263,2.7165800962612,0.6087208839908058,9.731603083741911,10.166019126057794,10.687342398093827,0.6921473245309243,-0.2806735897088567,-0.24064968232717732,11.644728522565849
2026-09-05 14:45:00,32.81302716746096,34.16086602953896,33.30600608990242,32.78952114379288,33.822491036011954,1.154447533009034,0.646918151735012,0.39597537969314056,0.8978609237768834,1.3748046915702545,0.2079417879015253,1020.2063631936967,1018.4014493930056,1019.6216037032538,-1.8471160528144546,-1.2495860973530422,0.029431787104840623,35.860203936866235,38.76136852870774,36.65167644564672,3.694232105628909,2.7165800962614948,-0.606888013200475,5.9842584818769,6.459567320972045,6.905603722782772,0.6926685198054204,-0.2806735897088567,-0.16536281210186932,10.465029277106153
2026-09-05 14:50:00,33.1415917510069,34.40583285770663,33.793947891641544,33.2772956182915,34.31060016499159,1.1553161917998611,0.6469181517350111,0.3956311706952871,0.8982051327747351,-0.23162149612026184,-0.035033185669924194,1020.0989910883568,1018.1987377071836,1019.459834839932,-1.8485059068797778,-1.2495860973532005,-0.011511035395187719,35.222258675701795,38.14660907274458,35.4608966250672,3.6970118137595556,2.716580096261523,-0.030867648584141705,7.386039876002167,7.982124764869728,8.021698583768844,0.6931897150799167,-0.2806735897088567,0.24109977080974154,8.443733054286946
2026-09-05 14:55:00,32.96920894774773,34.21528050152787,33.681646272901055,33.164826726484925,34.198465819317185,1.156184850590688,0.646918151735011,0.3952874325450467,0.8985488709249753,-0.7489753288183749,-0.11328392310819169,1019.911519436461,1018.0956780045743,1019.3375103257594,-1.8498957609451008,-1.2495860973531698,0.007753776168101467,35.485309843006874,39.374475061718194,36.19982754058068,3.6997915218902016,2.7165800962613136,0.4580674248762051,7.3529086276918925,7.9666553467620815,8.309665175448096,0.6937109103544128,-0.2806735897088567,-0.06233623897715823,2.996948877112206
2026-09-05 15:00:00,32.34493606564772,33.68619474297543,33.13678766027978,32.619800894919415,33.653774425640144,1.1570535093815149,0.6469181517350113,0.3949441633154552,0.8988921401545675,-0.6446932891565993,-0.09751106903935636,1019.8903266717679,1017.950259646806,1019.201378112466,-1.8512856150104238,-1.2495860973531694,-0.0015323683069254912,37.58220130725176,41.827612260969445,38.590485846282355,3.7025712300208475,2.716580096261263,0.5205463184258292,10.10246378240755,10.601457791515921,10.776032565812038,0.6942321056289089,-0.2806735897088567,0.10609881541273936,4.004758244788609
2026-09-05 15:05:00,32.971429829575946,34.03340821839506,33.28123458226844,32.76408065203318,33.7983885125037,1.157922168172342,0.6469181517350111,0.39460136109265487,0.8992349423773673,0.6958954004166387,0.1052554843916127,1019.5776883358183,1017.9161537055527,1019.1435745562136,-1.8526754690757472,-1.2495860973531943,0.02216524669233877,35.07676138628418,37.28221980003431,35.702924322343705,3.7053509381514944,2.7165800962612288,-1.137284618570618,5.662659783102212,6.129963938155639,6.720152015082485,0.6947533009034051,-0.2806735897088567,-0.3095144872179896,21.542529032180887
2026-09-05 15:10:00,32.37567236283856,33.44793568653502,32.87939054538506,32.36206950429184,33.396711586478276,1.1587908269631688,0.6469181517350111,0.3942590239757737,0.8995772794942485,-0.5181622401738153,-0.07837301058504664,1019.629349239788,1017.7582456996038,1019.0198586750972,-1.8540653231410702,-1.2495860973531858,-0.012026878140318331,36.565590202475065,40.69133735684582,37.213619728152,3.7081306462821404,2.716580096261257,0.7611375324325707,4.312927321585293,4.939566514587379,5.078330258202106,0.6952744961779013,-0.2806735897088567,0.14190984609412993,6.516403821902528
2026-09-05 15:15:00,32.11870127524446,33.71550688434297,32.99118690698085,32.473698808994264,33.50867500496744,1.159659485753996,0.6469181517350111,0.39391715007679906,0.8999191533932231,0.5117412622163755,0.0774018256271134,1019.5533362122275,1017.6404934586127,1018.8944001685516,-1.8554551772063936,-1.2495860973531847,-0.004320612585729577,37.49220124970647,40.76855040381819,38.02026119507679,3.7109103544127873,2.7165800962612576,0.031709112480136525,4.208068258832395,4.954171410742661,5.1698066618825775,0.6957956914523975,-0.2806735897088567,0.06503833856894037,1.2445645614163352
2026-09-05 15:20:00,31.9417953273053,33.0530092609982,32.499651568894485,31.981996467926887,33.01730666986209,1.1605281445448228,0.6469181517350111,0.39357573752045716,0.900260565949565,-0.6185738813955055,-0.09356045963129134,1019.4507905240873,1017.4552066204577,1018.720245951313,-1.8568450312717166,-1.2495860973531847,-0.015453233502171315,39.72246464267073,43.28190983536823,40.220261691317205,3.7136900625434333,2.7165800962612585,0.3450680477897663,6.632901550201041,7.234329476018481,7.422578825459485,0.6963168867268936,-0.2806735897088567,0.09242424026785301,2.7833452039453173
2026-09-05 15:25:00,31.996107579201805,33.304530805148275,32.573693849245736,32.055871799157316,33.091515899334155,1.1613968033356499,0.6469181517350111,0.39323478444409343,0.9006015190259288,0.5548281893927296,0.08391880416753139,1019.3463476785533,1017.5284291615885,1018.7297949131294,-1.8582348853370398,-1.2495860973531823,0.04822034581229673,37.33872137121651,39.98357680303856,38.19612551558625,3.7164697706740797,2.71658009626126,-0.9291288088089544,5.830415804736247,6.874853993740028,7.274845817906929,0.6968380820013899,-0.2806735897088567,-0.1193182344580439,7.471715611382942
2026-09-05 15:30:00,31.888111713187634,33.051653483506776,32.42864649558957,31.91065755018844,32.9466354409907,1.1622654621264767,0.6469181517350111,0.39289428899755363,0.9009420144724686,-0.15808837910530826,-0.02391116381780023,1019.2669667237024,1017.4354080493188,1018.6853158093719,-1.8596247394023628,-1.2495860973531823,-0.0003216627000028893,38.842806557099806,41.880762243755164,38.78032679638532,3.7192494788047257,2.7165800962612594,0.38385535110858626,5.736776760004165,6.586562351606288,6.867072426729908,0.697359277275886,-0.2806735897088567,0.0001635145852372233,0.8176683274864082
2026-09-05 15:35:00,32.034215128777106,32.82769754367873,32.19999050165641,31.681834714698688,32.71814628861413,1.1631341209173036,0.6469181517350111,0.39255424934306665,0.9012820541269555,-0.12701402652064075,-0.01921110971268547,1019.242209345975,1017.4394584445589,1018.6783099030142,-1.8610145934676858,-1.249586097353182,0.010734638897815785,35.962750291124635,40.45767973848426,37.97504205677846,3.7220291869353717,2.7165800962612594,-0.2339424145554645,2.3227046406132144,2.5433313561059876,2.9832550820175183,0.6978804725503821,-0.2806735897088567,-0.15925013620267414,3.9517402349521804
2026-09-05 15:40:00,31.94935660882383,32.70443358777171,32.047420529611266,31.529097954801163,32.565743104421365,1.1640027797081307,0.6469181517350111,0.392214663655129,0.9016216398148932,0.06674235541933626,0.010094906425436534,1019.1960324870553,1017.1795402563965,1018.4808083945007,-1.8624044475330093,-1.249586097353182,-0.051682040751074965,36.011524952173254,39.762624546423446,37.12007907153886,3.7248088950660185,2.7165800962612594,-0.0740346213766756,8.438489744211658,9.294009741660693,9.100432244800048,0.6984016678248784,-0.2806735897088567,0.47425108656950066,32.42883861560249
2026-09-05 15:45:00,31.801870606049132,32.85094520056011,32.155718572693345,31.637229263683242,32.67420788170345,1.1648714384989576,0.6469181517350111,0.39187553012039034,0.9019607733496319,0.31939092329049146,0.04830847613175848,1018.8625480274534,1016.7585765460333,1018.0826040845797,-1.8637943015983323,-1.2495860973531818,-0.07444144119324392,38.19005917242703,41.611425054256046,38.398912786358274,3.7275886031966645,2.7165800962612594,0.49593217163651104,3.6645999899604496,4.545186047835499,5.326936843733117,0.6989228630993746,-0.2806735897088567,-0.5010772061887607,37.953839176378985
2026-09-05 15:50:00,31.887435726514127,33.264396074137906,32.55662297600652,32.03796698639706,33.075278965615986,1.1657400972897847,0.6469181517350111,0.39153684693754043,0.9022994565324818,0.40234176427593127,0.06085494639637545,1018.675381199693,1016.9040357394053,1018.0666919777922,-1.8651841556636555,-1.249586097353182,0.08692985896630034,37.820169349609934,41.45734697883242,38.817192113184454,3.730368311327311,2.7165800962612594,-0.07642523061329598,3.489803540343649,4.058827108280263,4.168974345525406,0.6994440583738708,-0.2806735897088567,0.1705263524637135,5.41318361333661
2026-09-05 15:55:00,32.09744821151154,33.42171529891935,32.793122030582204,32.27429941392235,33.31194464724206,1.1666087560806115,0.6469181517350111,0.3911986123171977,0.9026376911528244,-0.12115475163553668,-0.018324883397859537,1018.5961867082272,1016.9523089777796,1018.1465988322294,-1.8665740097289785,-1.249586097353182,0.055296242903295934,37.462107916495775,41.586625395685175,38.957478091273856,3.733148019457957,2.7165800962612594,-0.0874327918499418,5.420065211260488,5.671471188717908,5.8398185965873415,0.6999652536483669,-0.2806735897088567,0.11232618183942389,2.215882357063036
2026-09-05 16:00:00,31.906101095805354,33.2563939435216,32.6758280454612,32.15683885524837,33.19481723567404,1.1674774148714384,0.6469181517350111,0.3908608244817989,0.9029754789882234,-0.43868714686298915,-0.06635225367460862,1018.5769195618208,1016.555002654668,1017.885620052396,-1.8679638637943015,-1.249586097353182,-0.08103130037488881,36.50113002682551,40.58945335134478,38.12990783739044,3.735927727588603,2.7165800962612594,-0.2570345823069218,3.7649274104157366,4.467833887161941,4.880366374143247,0.700486448922863,-0.2806735897088567,-0.1318588972724486,4.0178715218552
2026-09-05 16:05:00,30.834011598764448,31.80494843663945,31.38001383723353,30.860858126913616,31.899169547553445,1.1683460736622655,0.6469181517350111,0.39052348166548995,0.9033128218045323,-1.467641652374283,-0.2219835523290925,1018.4956820800387,1016.8647445547133,1018.0244317884302,-1.869353717859625,-1.249586097353182,0.0898988636362219,39.759636826198935,43.43832266160074,40.111221199543515,3.73870743571925,2.7165800962612594,0.610521365795968,6.910931297535762,7.609626346288448,7.703671316917209,0.7010076441973593,-0.2806735897088567,0.18662861908009631,12.998602945487896
2026-09-05 16:10:00,30.304737961945875,31.79712719242343,31.02294608602002,30.50362390898752,31.54226826305252,1.1692147324530924,0.6469181517350111,0.3901865821140184,0.9036497213560037,0.8413975320057538,0.12726295466839943,1018.3324916843609,1016.5043347712464,1017.8236093071375,-1.870743571924948,-1.249586097353182,-0.06968843853803719,43.13231504354248,47.74816947610971,44.32927044050656,3.741487143849896,2.7165800962612594,0.702318939341886,5.0123078883368954,5.377342856848792,5.8893486975466205,0.7015288394718554,-0.2806735897088567,-0.23133225098897103,12.425033450468948
2026-09-05 16:15:00,31.59505852934963,32.57216326055627,31.715286852905173,31.195798262503253,32.23477544330709,1.1700833912439195,0.6469181517350111,0.38985012408462705,0.9039861793853952,1.3881365461955184,0.20995825591609218,1018.1542295101482,1016.2810366484754,1017.5684511361146,-1.8721334259902713,-1.249586097353182,-0.037828390286108515,38.98688029145938,43.50751725296525,42.150336476721705,3.7442668519805427,2.7165800962612594,-1.3593993200177152,5.657580621558735,5.924264891427106,6.089256777053643,0.7020500347463516,-0.2806735897088567,0.11568170408231992,16.22843742869153
2026-09-05 16:20:00,30.566337519842232,31.779854449610973,31.29360316697522,30.773948216495796,31.813258117454644,1.1709520500347463,0.6469181517350111,0.38951410584594853,0.9043221976240736,-1.0622471204400767,-0.1606668690992592,1018.1821019712877,1016.2489463867503,1017.466291989112,-1.8735232800555943,-1.249586097353182,0.03224049499135617,39.95636302190079,44.034107205316296,41.345882721419365,3.7470465601111886,2.7165800962612594,-0.028355612364329374,6.409236141603559,7.085541307688374,7.3302324156376475,0.7025712300208478,-0.2806735897088567,0.03598248175958396,3.035406513185165
2026-09-05 16:25:00,30.911722835099912,32.08147308594394,31.374044162423655,30.854222905107473,31.893865419739836,1.1718207088255734,0.6469181517350111,0.3891785256779016,0.9046577777921205,0.4000662578717886,0.06051077178527464,1018.1809037735102,1016.0983129364755,1017.3436042503345,-1.8749131341209175,-1.249586097353182,0.004294783494174226,40.45407402232244,44.24758971689233,41.34449368902194,3.749826268241835,2.7165800962612594,0.18651593160912938,3.47011653333984,4.103285801019937,4.5708527085156385,0.703092425295344,-0.2806735897088567,-0.18689331778684437,5.552070390052575
2026-09-05 16:30:00,30.418954109590995,31.55686871314448,30.98305170685864,30.46306419589537,31.503039217821907,1.1726893676164003,0.6469181517350111,0.3888433818715883,0.9049929215984339,-0.4833073656665441,-0.07310114544917212,1018.1474871243635,1016.4193434135659,1017.5673755460527,-1.8763029881862405,-1.249586097353182,0.10155396486629797,40.91776431732689,45.196227169795,42.21864503851857,3.752605976372481,2.7165800962612594,0.26100203501517427,2.9812640552749223,3.5596980662480444,3.733415055125567,0.7036136205698401,-0.2806735897088567,0.10695660083133385,3.697044659574613
2026-09-05 16:35:00,30.048458027149707,31.489734481216058,30.816076449730186,30.295922738258497,31.336230161201875,1.1735580264072272,0.6469181517350111,0.38850867272919243,0.9053276307408298,0.17679040131613277,0.026739879750859785,1017.8806091163094,1015.8865753198422,1017.2580870878114,-1.8776928422515635,-1.249586097353182,-0.12192567061606496,42.85652021491855,46.863319836862615,43.88590432510413,3.755385684503127,2.7165800962612594,0.2608354154972261,10.515660678965517,11.194772274385885,11.10999570499528,0.7041348158443362,-0.2806735897088567,0.36545015909946166,21.138377859582345
2026-09-05 16:40:00,30.86501840568605,31.898422986850917,31.15629781034361,30.635977951451242,31.676617669235977,1.1744266851980543,0.6469181517350111,0.38817439656387925,0.9056619069061429,0.6294601275111695,0.09520702477229648,1017.8097803537562,1015.8137266560786,1017.0676384652061,-1.879082696316887,-1.249586097353182,-0.004325711774299634,39.007955152847636,43.61476060292617,41.74833254968618,3.758165392633774,2.7165800962612594,-0.850152043021275,5.418463315503132,5.7922864144758694,6.652070717868721,0.7046560111188326,-0.2806735897088567,-0.5791107136839946,52.527702531313494
2026-09-05 16:45:00,30.82826380997214,31.733638102818635,31.134132108992933,30.61364615571679,31.654618062269076,1.1752953439888811,0.6469181517350111,0.38784055169969617,0.9059957517703261,-0.3134649258765272,-0.04741215790931008,1017.6418177528884,1015.9101341489892,1017.0974087936619,-1.88047255038221,-1.249586097353182,0.06231145268043292,41.64507261737206,46.12566681952712,42.85149250032832,3.76094510076442,2.7165800962612594,0.5575942229375386,5.214056887714346,5.788787910247841,5.843671688040555,0.7051772063933287,-0.2806735897088567,0.225789811916143,9.542528383077087
2026-09-05 16:50:00,30.167205817427654,31.347368917448645,30.769949364214728,30.249297369540958,31.290601358888498,1.1761640027797082,0.6469181517350111,0.3875071364714749,0.9063291669985474,-0.4594891687769369,-0.06949859850109519,1017.6868482254176,1015.5225383039693,1016.8364305366356,-1.8818624044475332,-1.249586097353182,-0.06430613531313156,39.46368594937945,42.41280763714033,40.405834584738635,3.7637248088950663,2.7165800962612594,-0.7096070438595632,1.3562097333014593,2.2219056441535887,2.6353673251528495,0.7056984016678249,-0.2806735897088567,-0.13278809129040425,6.075349480841001
2026-09-05 16:55:00,29.231696940613546,30.328764255326774,29.80197669423706,29.28115871110113,30.322794677372986,1.177032661570535,0.6469181517350111,0.3871741492247344,0.9066621542452877,-0.7942419909290628,-0.12013059064529585,1017.4767512026738,1015.3649592725608,1016.621605690894,-1.8832522585128562,-1.249586097353182,-0.007060320980031065,42.63527078145979,45.53300476189214,42.02294530764275,3.7665045170257123,2.7165800962612594,0.7934793579881259,5.884924618376361,6.486153191213296,6.4324778665711,0.7062195969423211,-0.2806735897088567,0.33434891435105296,20.718388362128803
2026-09-05 17:00:00,29.917072793139372,31.770450697317262,30.795622176063958,30.274638257350745,31.31660609477717,1.177901320361362,0.6469181517350111,0.38684158831558524,0.906994715154437,2.1679755617075287,0.32791036951829255,1017.604202970073,1015.7168407209685,1016.8426268856803,-1.8846421125781792,-1.249586097353182,0.12379993264141831,43.13773460089663,46.34601919052973,43.46205149184713,3.7692842251563583,2.7165800962612594,0.16738760242134276,6.341508505246483,6.546657555925535,7.008713685862012,0.7067407922168172,-0.2806735897088567,-0.18138254022762013,17.920864497865516
2026-09-05 17:05:00,30.156960224938274,31.471031699378457,30.91991061993781,30.39876081848167,31.44106042139395,1.178769979152189,0.6469181517350111,0.38650945211063487,0.9073268513593873,-0.6333612197821239,-0.09579707229436352,1017.1663924739065,1015.3243531716138,1016.6533145963947,-1.8860319666435026,-1.249586097353182,-0.0793753274277833,41.66675044800591,46.21972533334645,43.7394502651463,3.772063933287005,2.7165800962612594,-0.23630502806111053,6.351682074052377,6.917136378226619,7.197214735171078,0.7072619874913134,-0.2806735897088567,0.0005952327643985456,1.9599680945935496
2026-09-05 17:10:00,29.270613166282605,30.368383689181893,29.93619250907036,29.41487687765521,30.45750814048551,1.179638637943016,0.6469181517350111,0.3861777389868937,0.9076585644831285,-1.4196648541582633,-0.21472697162347743,1017.2982366806501,1015.4835250571366,1016.6922845383442,-1.8874218207088256,-1.249586097353182,0.040826616145523076,44.80230635905305,47.3161028030537,44.53659970778602,3.774843641417651,2.7165800962612594,0.06292299900642462,7.740897681403778,8.127633325117529,8.363572653780679,0.7077831827658095,-0.2806735897088567,0.04473426104570599,5.369094612749208
2026-09-05 17:15:00,29.79479309558999,30.764078078486417,29.973861457455726,29.452380048815137,30.495342866096316,1.180507296733843,0.6469181517350111,0.38584644733168316,0.907989856138339,0.947416148868701,0.14329846929567935,1017.3171717830286,1015.383090334245,1016.6447392769464,-1.888811674774149,-1.249586097353182,-0.01206284534828228,41.75160632609459,45.845035586929285,43.54416593045037,3.777623349548298,2.7165800962612594,-0.41571043978234457,3.072310712809669,3.860755979788494,4.381787457406534,0.7083043780403058,-0.2806735897088567,-0.240357887909183,11.319760009442838
2026-09-05 17:20:00,29.57199095497069,30.377309228381602,29.75098313902218,29.229336005839436,30.27263027220492,1.18137595552467,0.6469181517350111,0.3855155755425439,0.9083207279274783,-0.1361441788529305,-0.02059206237558797,1017.2213631733937,1015.7107170948505,1016.8818211482331,-1.890201528839472,-1.249586097353182,0.07848204397043901,40.609248743776874,44.67968627433019,42.166430432144594,3.780403057678944,2.7165800962612594,-0.20332425407566745,3.7275490319535667,4.532025826282496,4.596153011822439,0.7088255733148019,-0.2806735897088567,0.21654640416891358,7.634667655652171
2026-09-05 17:25:00,29.663955163278924,30.641155960446934,29.92688578544053,29.405072980348727,30.44869859053233,1.182244614315497,0.6469181517350111,0.38518512202714517,0.908651181442877,0.44529711182492093,0.06735202327139334,1017.5215210061501,1015.5957457394304,1016.8873793189373,-1.8915913829047952,-1.249586097353182,-0.042047482153748206,42.86711969620013,47.58042090895867,44.114242611478396,3.7831827658095905,2.7165800962612594,0.7495982012190154,8.872658617911771,9.08437299897526,9.18650343547285,0.7093467685892981,-0.2806735897088567,0.17854315321126535,8.112882084740454
2026-09-05 17:30:00,29.33171691873543,30.53781854619358,29.912641120227367,29.390662695809485,30.434619544645248,1.1831132731063239,0.6469181517350111,0.3848550852031959,0.9089812182668263,-0.14373855340342345,-0.021740725768797375,1017.095843369791,1015.1682442100055,1016.5347551244963,-1.8929812369701182,-1.249586097353182,-0.11692481713771485,42.09611970282602,46.02635312929737,43.68528206148982,3.7859624739402364,2.7165800962612594,-0.37550902845371326,11.728285556711212,12.665857411749663,13.000179136197517,0.7098679638637942,-0.2806735897088567,-0.053648134738997655,2.7089452591114327
2026-09-05 17:35:00,28.743891717333124,30.21333937954923,29.619960363455714,29.097816372244694,30.142104354666735,1.1839819318971507,0.6469181517350111,0.3845254634983557,0.9093108399716665,-0.35397336728393825,-0.05353913564149693,1016.8206316946605,1014.806712603303,1016.1133070888786,-1.8943710910354412,-1.249586097353182,-0.057008388222470785,45.16352171698461,47.877696386588376,44.87063782048163,3.7887421820708824,2.7165800962612594,0.29047846984548187,2.5995444371138814,2.976277705868604,3.8455834490138514,0.7103891591382904,-0.2806735897088567,-0.5886321534363907,50.538163131737356
2026-09-05 17:40:00,29.458637613142937,30.8678260323085,30.093938703523,29.571629198001826,30.616248209044176,1.1848505906879778,0.6469181517350111,0.3841962553501483,0.9096400481198739,0.8394552247309015,0.12696917705048705,1016.8868713376269,1015.0096964150043,1016.1460331398918,-1.8957609451007646,-1.249586097353182,0.11324937246570244,42.43019745480148,45.45423537648451,43.32136696125401,3.7915218902015293,2.7165800962612594,-0.5837116810307563,5.610546999680677,6.789212041238169,6.470697787097507,0.7109103544127867,-0.2806735897088567,0.5991878438495197,56.113802098313194
2026-09-05 17:45:00,28.761210055819735,29.992748271627814,29.511241349988538,28.988766382590313,30.033716317386762,1.1857192494788047,0.6469181517350111,0.383867459205874,0.9099688442641483,-1.0936144075173324,-0.1654112300957351,1016.5668109106556,1014.7619042962965,1016.0211341833651,-1.8971507991660876,-1.249586097353182,-0.009643789715482853,42.359467509322705,45.20817269013662,42.476235373686826,3.7943015983321753,2.7165800962612594,0.015357220188533915,3.300228205310529,3.997026875647627,4.54672983804872,0.7114315496872828,-0.2806735897088567,-0.26902937269223637,13.23310809158203
2026-09-05 17:50:00,28.656105095871332,29.778059471000468,29.125813079850932,28.603172702958968,29.648453456742896,1.1865879082696318,0.6469181517350111,0.3835390735225255,0.9102972299474967,0.03522759238929751,0.005328239414524205,1016.7553375249104,1015.037333579859,1016.2016565679398,-1.8985406532314109,-1.249586097353182,0.08526310927231862,45.406242865383916,48.77296899878023,45.191952806704066,3.7970813064628217,2.7165800962612594,0.8644360958149022,1.6631918411665139,2.0012265365665445,2.2707960163123495,0.7119527449617791,-0.2806735897088567,0.011104109963051556,4.670757621358475
2026-09-05 17:55:00,28.133986919506516,29.375205957849406,28.729302052309137,28.20649631825702,29.252107786361254,1.1874565670604587,0.6469181517350111,0.38321109676670234,0.9106252067033198,-0.006705676819507289,-0.0010142461947424408,1016.5787840843786,1014.4554609374159,1015.8359506770516,-1.8999305072967339,-1.249586097353182,-0.13090364228264662,47.70123130642975,51.35477106708407,48.311425295405215,3.7998610145934677,2.7165800962612594,0.3267656754175974,4.167587419515936,4.537465538544407,4.6079429844198625,0.7124739402362752,-0.2806735897088567,0.2101961438334019,8.762814375296378
2026-09-05 18:00:00,28.168181546927485,29.25277917328186,28.564713895422663,28.041742856494334,29.087684934350992,1.1883252258512855,0.6469181517350111,0.3828835274145281,0.9109527760554941,0.27204374171751766,0.041147126124183586,1016.7795097297151,1014.8412900675996,1015.9838813730046,-1.9013203613620568,-1.249586097353182,0.10699479194818196,45.63588429207361,48.50617179382088,46.817601375656004,3.8026407227241137,2.7165800962612594,-1.0280096780963817,2.5994286265517146,3.4168523495986896,3.8601179821047054,0.7129951355107713,-0.2806735897088567,-0.16259204279715922,10.657721017879307
2026-09-05 18:05:00,27.82777879053849,29.360645474333374,28.659997226521686,28.13686093495153,29.18313351809184,1.1891938846421126,0.6469181517350111,0.3825563639515672,0.911279939518455,0.3552358999611762,0.053730096076677114,1016.5003765033271,1014.664671829521,1015.9367211783937,-1.9027102154273803,-1.249586097353182,-0.02246325151952533,46.57050703396326,51.55245705733985,48.371965015115116,3.8054204308547606,2.7165800962612594,0.4639119459634742,7.295932730056509,7.892059093872263,7.935339248927618,0.7135163307852675,-0.2806735897088567,0.2373934346535016,9.508753668557416
2026-09-05 18:10:00,27.94680480670958,29.099029313887502,28.489743101392666,27.966441609365578,29.013044593419753,1.1900625434329395,0.6469181517350111,0.3822296048727439,0.9116066985972784,-0.24880312486675038,-0.03763193924017472,1016.5080463006499,1014.6920048613463,1015.9354493078177,-1.9041000694927033,-1.249586097353182,0.006141650881659189,47.338677124377185,50.086652165800636,47.76844528583125,3.8082001389854065,2.7165800962612594,-0.3983732162918727,5.691511476211456,6.376552829385778,6.914688025372919,0.7140375260597637,-0.2806735897088567,-0.25746160627828374,10.42772627585439
2026-09-05 18:15:00,28.533101619526736,29.706765250101157,28.953625838510792,28.430159198162265,29.47709247885932,1.1909312022237666,0.6469181517350111,0.38190324868226083,0.9119330547877613,0.7022806135666926,0.10622125985535291,1016.3751237292772,1014.4706161043899,1015.7666885801976,-1.9054899235580267,-1.249586097353182,-0.04648637845457415,44.04293446935126,48.93079705555729,46.484299662972596,3.8109798471160534,2.7165800962612594,-0.2700827036765645,2.5508320834329323,3.749224874576304,4.086636842950147,0.7145587213342599,-0.2806735897088567,-0.056738378664986655,2.268583371137541
2026-09-05 18:20:00,27.13031896610999,27.87895434212045,27.546336596080174,27.022704859496365,28.069968332663983,1.1917998610145935,0.6469181517350111,0.3815772938935196,0.9122590095765026,-2.0779934455318596,-0.31430040569473405,1016.6783148585678,1014.8527986763743,1016.0006697523598,-1.9068797776233497,-1.249586097353182,0.10171502136756772,48.86843127577414,53.630321256172316,49.859560572112336,3.8137595552466994,2.7165800962612594,1.0541805877987187,0.6195485767208018,1.1248552740608353,1.393601695751061,0.715079916608756,-0.2806735897088567,0.011927168018630807,17.33387520123087
2026-09-05 18:25:00,26.862617620728233,28.0161991712291,27.23130726131876,26.70751048053658,27.755104042100943,1.1926685198054205,0.6469181517350111,0.3812517390290414,0.9125845644409808,0.9122118837549316,0.13797375817532753,1016.3184506757424,1014.2888364601149,1015.6695600602087,-1.908269631688673,-1.249586097353182,-0.13113750274067115,47.67560961071933,52.2107909138479,49.99700182632836,3.816539263377346,2.7165800962612594,-0.5027910087417169,8.205700122649109,8.939290091841073,8.76034391133311,0.7156011118832523,-0.2806735897088567,0.4596197702168201,35.37203209391555
2026-09-05 18:30:00,27.923850759354522,29.28468476554376,28.35627234128528,27.832310568292463,28.880234114278096,1.1935371785962474,0.6469181517350111,0.3809265826203893,0.9129097208496328,1.8610960808833852,0.28149427252346726,1016.5927731400299,1014.9167994691236,1016.0129466482132,-1.909659485753996,-1.249586097353182,0.1534389182635323,47.271055290786364,50.53536097629696,48.3767815349881,3.819318971507992,2.7165800962612594,-0.5580006549524015,2.792027678478872,3.934103331848536,4.781042248551268,0.7161223071577484,-0.28067358970885664,-0.5662653269938747,58.35949708416747
2026-09-05 18:35:00,27.077448162261213,28.058309484240578,27.681378784308652,27.15725207104384,28.205505497573466,1.1944058373870743,0.6469181517350111,0.38060182320809066,0.9132344802619315,-1.7850188706646897,-0.26998745180308603,1016.393345530691,1014.6311904063186,1015.9496813735607,-1.911049339819319,-1.249586097353182,-0.06890486988891098,49.74300612069083,53.83906550367099,50.39204590364465,3.822098679638638,2.7165800962612594,0.7304395037650764,6.0793353521431195,6.877132897215284,6.8245971458322865,0.7166435024322445,-0.28067358970885664,0.3332093410918544,26.824085714022306
2026-09-05 18:40:00,26.717875660044584,27.763006089323923,27.140829937798692,26.616538336151503,27.66512153944588,1.1952744961779014,0.6469181517350111,0.38027745934156076,0.9135588441284614,-0.16358144416524922,-0.024742000209780457,1016.2989205840653,1014.1847422221208,1015.5527006967004,-1.9124391938846423,-1.249586097353182,-0.11837237722647842,48.49715782794154,51.30013930887033,49.17166667671049,3.8248783877692847,2.7165800962612594,-0.5881074641014195,4.007726664398644,4.242910541497983,4.746131784034343,0.7171646977067409,-0.28067358970885664,-0.22254765282750366,10.470639907222361
2026-09-05 18:45:00,27.22440409203322,28.579089450548683,27.734506990271242,27.210050552082354,28.25896342846013,1.1961431549687283,0.6469181517350111,0.3799534895790272,0.913882813890995,1.3068552573415886,0.19766430854242856,1016.2393327737907,1014.1642382686232,1015.3850657275691,-1.9138290479499653,-1.249586097353182,0.02875863840722559,48.94563006367946,53.50201378760639,50.35950631426418,3.8276580958999307,2.7165800962612594,0.42592737708094575,5.8249833460028935,6.694285942503772,6.764753610703128,0.717685892981237,-0.28067358970885664,0.2102059215095009,11.462340826842457
2026-09-05 18:50:00,26.38782264668692,27.289503015742866,26.867283816288587,26.342662593349814,27.39190503922736,1.1970118137595553,0.6469181517350111,0.3796299124874553,0.9142063909825668,-1.4855944873031568,-0.22469895228073256,1016.2024947513287,1014.1302375867973,1015.3363170457573,-1.9152189020152885,-1.249586097353182,0.043506638393182584,50.211398480089386,53.98264845889095,51.229844641903206,3.830437804030577,2.7165800962612594,0.03622372072648261,3.7946916831924584,4.163997914113158,4.655058952026308,0.7182070882557332,-0.28067358970885664,-0.21038744820429311,11.874397731513923
2026-09-05 18:55:00,27.18086800809708,28.590308682155843,27.68384678058134,27.159060824635706,28.208632736526976,1.1978804725503822,0.6469181517350111,0.379306726642474,0.9145295768275482,1.7159704576361747,0.2595437498394908,1015.8156284491438,1014.0007151886977,1015.2479513490249,-1.9166087560806115,-1.249586097353182,0.002349937025883264,47.493146531888804,50.99890787238068,49.01754305506318,3.833217512161223,2.7165800962612594,-0.7352152789437625,1.8443772675506553,2.9851478097007744,3.2139039872754798,0.7187282835302293,-0.28067358970885664,0.05191741213415124,10.288844316997176
2026-09-05 19:00:00,26.54087832484535,27.633198678151942,27.17557412723504,26.650623489976855,27.700524764493228,1.198749131341209,0.6469181517350111,0.37898393062830255,0.9148523728417197,-1.251512421410002,-0.18929360081811097,1016.026210589974,1013.9155028148655,1015.1632759807502,-1.9179986101459345,-1.249586097353182,0.0018129314684074416,50.743232169321935,53.60023351228879,50.247009079333445,3.835997220291869,2.7165800962612594,0.6366443366940828,3.048330089844251,3.520719287149583,3.7175577489075673,0.7192494788047255,-0.28067358970885664,0.08383512795087222,6.8764925310625
2026-09-05 19:05:00,25.89271634960629,27.014620495640088,26.44198728291771,25.916872015992652,26.96710254984277,1.1996177901320362,0.6469181517350111,0.3786615230376784,0.9151747804323438,-0.49113400292558396,-0.07428493901263522,1016.1599440470196,1014.1909019326772,1015.3588643959013,-1.919388464211258,-1.249586097353182,0.08162363412907325,51.2842247062554,53.14099673977471,50.49318594139281,3.838776928422516,2.7165800962612594,-0.06876929787936348,2.749027910776201,4.359651437179123,4.630079817977465,0.7197706740792217,-0.28067358970885664,0.010245208910514947,1.3655449342355992
2026-09-05 19:10:00,26.767987179388843,27.743697947286588,26.898153583641125,26.372873738646312,27.42343342863594,1.200486448922863,0.6469181517350111,0.3783395024717857,0.9154968009982365,1.313214870176207,0.19862621191045093,1015.9927766585853,1014.1402039997712,1015.4066342675593,-1.920778318276581,-1.249586097353182,-0.016844170434978878,49.769607002694215,52.78033095361877,50.2099105401212,3.841556636553162,2.7165800962612594,-0.14615968276368818,4.4667606815098395,5.627265347361861,5.892927781459962,0.7202918693537178,-0.28067358970885664,0.015011155610755722,4.3469734815770655
2026-09-05 19:15:00,25.479052346536072,26.75601670633534,26.26704231902792,25.741597947511984,26.792486690543853,1.2013551077136901,0.6469181517350111,0.37801786754018435,0.9158184359298378,-1.0442433458451568,-0.15794376442758917,1015.7580337557887,1013.8259406932648,1015.1646616274949,-1.9221681723419044,-1.249586097353182,-0.08913483687695134,52.24471293536268,56.97928783653681,53.45012550116207,3.844336344683809,2.7165800962612594,0.8125822391134818,6.144019441362815,6.625848735102635,6.918892869806952,0.720813064628214,-0.28067358970885664,-0.012370544995460087,6.939290318512958
2026-09-05 19:20:00,25.83362411791833,27.527822281428723,26.716771761548195,26.19116291501137,27.24238060808502,1.202223766504517,0.6469181517350111,0.3776966168607395,0.9161396866092827,1.0851592267344046,0.16413236814551624,1015.9313555947218,1014.0466306956715,1015.2343696622366,-1.9235580264072274,-1.249586097353182,0.06184713078800996,51.451731468273366,54.97658077830798,52.94860754135997,3.847116052814455,2.7165800962612594,-0.6886068593132535,3.255167123607765,3.9825055250109584,4.4232480583984115,0.7213342599027102,-0.28067358970885664,-0.16006894367859603,9.368680614389955
2026-09-05 19:25:00,25.47120603446612,26.830597907653594,26.307214078038193,25.781440807932366,26.83298734814402,1.203092425295344,0.6469181517350111,0.37737574905955334,0.9164605544104689,-0.816745721645983,-0.12353432211961035,1016.1668786264628,1014.0820603392879,1015.3102380656746,-1.9249478804725506,-1.249586097353182,0.021408370966355506,52.2082157229545,55.92264839820756,53.205429052038454,3.849895760945101,2.7165800962612594,0.0006392499078486935,0.6429630156725088,1.5909117553397543,1.8585487867695512,0.7218554551772064,-0.28067358970885664,0.013036558279059696,1.6896694015543001
2026-09-05 19:30:00,25.686226397079572,26.717330428777636,26.063188655272786,25.537251013001597,26.589126297543974,1.203961084086171,0.6469181517350111,0.37705526277089546,0.9167810406991268,0.0477588905987858,0.007223621769838928,1016.07192174696,1014.2348121684316,1015.4570799127752,-1.9263377345378736,-1.249586097353182,0.027318353009604834,52.79603175805254,57.17315071375906,54.26294032602784,3.852675469075747,2.7165800962612594,0.19363029146995814,4.950499155035111,5.907973947754826,5.887900973318114,0.7223766504517025,-0.28067358970885664,0.30074656414556866,13.187140249693579
2026-09-05 19:35:00,25.60359582977047,27.035549689745764,26.301392866056236,25.775290902975147,26.827494829137326,1.2048297428769978,0.6469181517350111,0.3767351566371356,0.9171011468328867,0.5767774563245709,0.08723867195451618,1015.8507241766752,1013.8310148042007,1015.1912658047228,-1.9277275886031966,-1.249586097353182,-0.11066490316898125,50.38313513817706,55.68312541787647,53.38326208893353,3.855455177206393,2.7165800962612594,-0.4167167673183201,5.537342868183143,6.3929415919022015,6.844798045777914,0.7228978457261986,-0.28067358970885664,-0.17118286416685535,7.243555708330085
2026-09-05 19:40:00,24.80475805586579,25.947120548346764,25.47431192215784,24.9480456895742,26.000578154741476,1.205698401667825,0.6469181517350111,0.37641542930867655,0.9174208741613457,-1.1511230858570016,-0.17410952554608627,1015.9793204283067,1014.0015100344785,1015.205289862424,-1.92911744266852,-1.249586097353182,0.04580626940764887,53.13275384864679,58.050992457940346,54.872528804439895,3.85823488533704,2.7165800962612594,0.46188355723919017,10.329130330686121,11.428197082776649,11.521161527068166,0.723419041000695,-0.28067358970885664,0.18770914541733852,9.564395562359891
2026-09-05 19:45:00,24.303141053788295,25.78460511053246,25.090150768402836,24.563720317575974,25.616581219229698,1.2065670604586518,0.6469181517350111,0.37609607944388745,0.9177402240261348,0.3142849651982438,0.04753619039461299,1015.7595736503536,1013.8647261128057,1015.1265902017335,-1.930507296733843,-1.249586097353182,-0.012277991574705993,58.26054426652844,61.34369085694318,58.08764368050934,3.861014593467686,2.7165800962612594,0.539467080172578,5.325354144419949,6.012403696704829,6.745080151879918,0.7239402362751911,-0.28067358970885664,-0.45200286546623225,30.90314273375491
2026-09-05 19:50:00,24.600718971550176,25.969489971232527,25.222037536504153,24.69544291864543,25.748632154362877,1.207435719249479,0.6469181517350111,0.37577710570903844,0.9180591977609838,0.6646812327514446,0.10053428299336176,1015.5382081857935,1013.6217727682239,1014.9139801966729,-1.9318971507991662,-1.249586097353182,-0.04262133109591559,55.134598100316495,57.4443359447649,55.892038007918856,3.8637943015983325,2.7165800962612594,-1.1642821594152153,4.4665917344674675,5.081037865444345,5.16936132251851,0.7244614315496873,-0.28067358970885664,0.19235013263469192,13.516701347514111
2026-09-05 19:55:00,23.957619453580126,24.577295518526086,24.13030547009439,23.603546736367296,24.657064203821488,1.2083043780403058,0.6469181517350111,0.3754585067782356,0.9183777966917865,-1.3218223098490611,-0.19992810330331778,1015.6355723013887,1013.7058822993765,1014.9089615804395,-1.9332870048644892,-1.249586097353182,0.04650681629016162,56.240274781676376,61.994540198685435,58.44044134779085,3.8665740097289785,2.7165800962612594,0.8375187546333223,5.120747067555429,5.74167049800223,5.934575528726009,0.7249826268241835,-0.28067358970885664,0.0877685589850774,9.173050241132756
2026-09-05 20:00:00,24.84587311232341,25.854230222563537,24.909883822170755,24.382961023690964,25.436806620650547,1.2091730368311326,0.6469181517350111,0.3751402813333564,0.9186960221366658,1.966443377191041,0.29742824865776996,1015.9902618565064,1013.9429909742801,1015.116383558941,-1.9346768589298122,-1.249586097353182,0.07619351269215713,53.31636846927671,59.000915476463895,57.02096999358887,3.8693537178596245,2.7165800962612594,-0.7366346133862365,8.919009284279563,9.90202507596988,10.038632759706932,0.7255038220986796,-0.28067358970885664,0.1440659059718037,15.754938366485181
2026-09-05 20:05:00,23.90686567500359,25.30578441519263,24.76922659769238,24.242139785527844,25.296313409856918,1.2100416956219597,0.6469181517350111,0.37482242806398647,0.9190138754060357,-0.7296460552751434,-0.11036033423476255,1015.6973656633583,1013.7163665386832,1015.0274692520776,-1.9360667129951357,-1.249586097353182,-0.061516616041217276,56.384494980738424,60.40739128387212,57.44154688759779,3.8721334259902713,2.7165800962612594,0.2492643000130741,7.3016756801409155,8.137255009604885,8.682628044019559,0.7260250173731758,-0.28067358970885664,-0.2646994447058173,12.02687122658907
2026-09-05 20:10:00,23.51786056451038,24.759102373352167,24.207178290646304,23.67992751581731,24.734429065475297,1.2109103544127866,0.6469181517350111,0.3745049456673562,0.9193313578026661,-0.6280521731133,-0.09499406902914842,1015.6855573614895,1013.7484283330546,1014.9998195643999,-1.9374565670604587,-1.249586097353182,-0.00180513399220672,56.60463290591913,59.46315544357459,56.910427736518166,3.8749131341209173,2.7165800962612594,-0.16385238920483403,3.434980488112792,4.248911800467541,4.626486511287771,0.7265462126476719,-0.28067358970885664,-0.09690112111137328,2.432708207402578
2026-09-05 20:15:00,23.549686822360833,24.556714646022876,23.88430333949652,23.356888652975776,24.41171802601726,1.2117790132036137,0.6469181517350111,0.37418783284827895,0.9196484706217433,0.16854769387028412,0.025493154791345063,1015.6615663105598,1013.516457104459,1014.8127251923738,-1.938846421125782,-1.249586097353182,-0.046681990561637576,58.147887802933234,62.79616187229995,59.39450393588273,3.877692842251564,2.7165800962612594,0.6850778401559552,2.862276709149509,3.827914391848832,3.9442273677428914,0.7270674079221682,-0.28067358970885664,0.16436061381479705,6.578000448018208
2026-09-05 20:20:00,22.748961054997437,23.834890823893115,23.240557007697866,22.712978460410568,23.768135554985165,1.2126476719944406,0.6469181517350111,0.37387108831908894,0.9199652151509332,-0.3476607176110491,-0.052584335539762606,1015.9774270243591,1013.967810804221,1015.096145135792,-1.940236275191105,-1.249586097353182,0.12125176578217634,60.82183209903852,64.61591770061064,61.748994553098065,3.88047255038221,2.7165800962612594,0.15034305125131198,3.0358324869563935,3.148105367796901,3.4373778484690183,0.7275886031966643,-0.28067358970885664,-0.008598890963260608,2.057737395443225
2026-09-05 20:25:00,22.71141754980876,23.54368655657615,22.85944688586998,22.33170452869389,23.387189243046066,1.2135163307852677,0.6469181517350111,0.3735547107995806,0.9202815926704416,0.24675078489936908,0.03732151897116154,1015.9216612875244,1014.038187140123,1015.2785164279748,-1.9416261292564283,-1.249586097353182,0.009256809501380303,60.09702328244538,63.88989064247294,61.71141293204434,3.8832522585128566,2.7165800962612594,-0.5381023858326515,4.608293028893097,5.429423474526803,5.587513370772504,0.7281097984711605,-0.28067358970885664,0.1225836934631559,3.788964362214837
2026-09-05 20:30:00,23.392818259251722,24.589528591322537,23.715424513057947,23.187518396823464,24.24333062929243,1.2143849895760945,0.6469181517350111,0.37323869901694784,0.9205976044530744,1.502037088377385,0.2271859265295788,1015.9971493373067,1013.8625178634081,1015.1880633072007,-1.9430159833217513,-1.249586097353182,-0.07595934643939017,59.01104323783448,63.612642278962085,61.16233126754995,3.8860319666435026,2.7165800962612594,-0.26626908484912803,6.420578121650522,7.214779782058294,7.517924828149584,0.7286309937456567,-0.28067358970885664,-0.02247145638243353,6.539298154795986
2026-09-05 20:35:00,22.462905470338924,24.120297063909,23.60468783107907,23.076618006569305,24.132757655588833,1.2152536483669214,0.6469181517350111,0.3729230517057248,0.9209132517642974,-0.8681473770977242,-0.13130891890508067,1015.6275505248979,1013.8566319352499,1015.1229852465655,-1.9444058373870743,-1.249586097353182,-0.016767213962452843,61.628243833882806,65.7845553061556,62.64715166896773,3.8888116747741486,2.7165800962612594,0.42082354092660523,4.600336284455645,5.83013089786601,6.2548215020034235,0.7291521890201528,-0.28067358970885664,-0.14401701442855686,5.724744873054709
2026-09-05 20:40:00,22.1204130146514,23.497521999955616,22.968007208942502,22.43977372689335,23.496240690991655,1.2161223071577485,0.6469181517350111,0.3726077676077262,0.921228535862296,-0.7762109422807129,-0.11740336072189805,1015.683241227369,1013.9278875253066,1015.1547802881543,-1.9457956914523977,-1.249586097353182,0.022693334505447638,65.76588787014879,68.70882732424162,65.54036926190655,3.8915913829047954,2.7165800962612594,0.45187796607382325,1.4572823575027665,1.7283793471183158,2.125763705069923,0.7296733842946491,-0.28067358970885664,-0.11671076824275062,4.508366506251048
2026-09-05 20:45:00,22.56793898668092,24.22301335286718,23.40578934418172,22.87739225528193,23.93418643308151,1.2169909659485754,0.6469181517350111,0.37229284547198915,0.921543457998033,1.1259751755536769,0.1703058569504492,1015.3992108152303,1013.2652526833185,1014.6599342818936,-1.9471855455177207,-1.249586097353182,-0.14509550122193104,60.67214633599177,64.30672387896163,62.82536952400388,3.8943710910354414,2.7165800962612594,-1.235225741303509,6.236709872567278,7.434060441849451,7.27776746752807,0.7301945795691452,-0.28067358970885664,0.4369665640302376,40.49965499305942
2026-09-05 20:50:00,22.6423284780628,24.0366675207602,23.43232674166955,22.9037660965608,23.960887386778296,1.2178596247394025,0.6469181517350111,0.3719782840547152,0.921858019415307,-0.28149979980896944,-0.04257737264435946,1015.8362798009274,1014.0913473463019,1015.1128884257585,-1.948575399583044,-1.249586097353182,0.22804501789653386,62.2362366718773,66.66230981397247,63.46316417950741,3.897150799166088,2.7165800962612594,0.48256553820380077,7.042885095217104,7.796223608738145,8.3098495247303,0.7307157748436415,-0.28067358970885664,-0.2329523262832991,14.92745397740972
2026-09-05 20:55:00,22.27114737335328,23.695371525554048,23.11704492894586,22.588320778222844,23.645769079668874,1.2187282835302293,0.6469181517350111,0.37166408211921304,0.9221722213508092,-0.4534922621474884,-0.06859155512682236,1015.4277307739404,1013.4562282819853,1014.8425976064295,-1.949965253648367,-1.249586097353182,-0.1367832270910867,63.435827914410574,67.74396019963133,64.74404377077614,3.899930507296734,2.7165800962612594,0.2833363325939331,3.2154230876246466,4.093356916940798,4.569092716169052,0.7312369701181376,-0.28067358970885664,-0.19506220951939746,8.424529771522485
2026-09-05 21:00:00,22.198336119078363,23.812748798948427,23.121262188976825,22.5923745831873,23.65014979476635,1.2195969423210562,0.6469181517350111,0.3713502384358416,0.9224860650341806,0.29466383884673775,0.04456845823658995,1015.623600198758,1013.7350222749179,1014.9257927308607,-1.95135510771369,-1.249586097353182,0.058815641410319586,61.58313434855925,65.69545782347342,63.51112676298821,3.90271021542738,2.7165800962612594,-0.5322490357760472,5.744850476448761,6.979384278124208,6.959456870624365,0.7317581653926337,-0.28067358970885664,0.3006009972086998,14.944705852494426
2026-09-05 21:05:00,21.314462800305648,22.610381053285977,22.132399205239082,21.60334819488396,22.661450215594204,1.2204656011118833,0.6469181517350111,0.3710367517819541,0.922799551688068,-1.116920390224518,-0.16893630368811685,1015.4146050007016,1013.3873623811033,1014.7059250808311,-1.9527449617790134,-1.249586097353182,-0.06897660237461878,65.79866949213759,70.4508977792763,66.7862299569785,3.9054899235580267,2.7165800962612594,0.9480877260365475,4.1016786120457995,5.002186353114602,5.490092181606284,0.73227936066713,-0.28067358970885664,-0.20723223878282582,14.296055127393743
2026-09-05 21:10:00,20.86671372164522,22.050602517246553,21.390190943333092,20.860976578866506,21.91940530779968,1.2213342599027102,0.6469181517350111,0.3707236209418424,0.9231126825281798,0.08921160245604653,0.013493422178449066,1015.4788195017984,1013.6631414100381,1014.8339975455024,-1.9541348158443363,-1.249586097353182,0.07872996188882553,66.19863089474617,69.81752693618103,67.47456385255626,3.9082696316886727,2.7165800962612594,-0.37361701263648683,8.156522127954371,9.009433170734766,9.039241344796716,0.7328005559416261,-0.28067358970885664,0.25086541564690634,10.407144798493464
2026-09-05 21:15:00,21.855302025383068,23.284036447401007,22.33419273348084,21.80481506531021,22.863570401651472,1.2222029186935373,0.6469181517350111,0.3704108447066821,0.9234254587633401,2.002788801094294,0.30292556218515543,1015.4292444013263,1013.5346338342439,1014.8047345514016,-1.9555246699096598,-1.249586097353182,-0.020514619804544054,63.93767804470641,67.99166320470098,65.91683800054248,3.9110493398193196,2.7165800962612594,-0.6417548921027532,7.512658629581302,8.318667736538119,8.798347806377796,0.7333217512161223,-0.28067358970885664,-0.19900648013082112,17.521333874944517
2026-09-05 21:20:00,20.94618014883423,22.46001977374297,21.988339117109884,21.458798195596,22.51788003862377,1.2230715774843641,0.6469181517350111,0.37009842187447783,0.9237378815955444,-1.1585806433444326,-0.17523749510192488,1015.4509746561021,1013.3719371436374,1014.661106271532,-1.9569145239749828,-1.249586097353182,-0.03958303054150747,69.45570383257866,70.66906960038655,67.39027326834602,3.9138290479499656,2.7165800962612594,0.5622162357792746,4.748352172752256,5.337151678744561,5.727329481364984,0.7338429464906184,-0.28067358970885664,-0.10950421291156598,6.758326903485942
2026-09-05 21:25:00,20.796634281177376,21.924581588910126,21.359662282470854,20.82995815792794,21.889366407013767,1.2239402362751912,0.6469181517350111,0.3697863512500097,0.9240499522200125,-0.5421344038328222,-0.08199884529573964,1015.4481510722893,1013.3150663942541,1014.5638141967244,-1.958304378040306,-1.249586097353182,0.0008382948828966619,68.70058146666324,72.25747006766959,69.28904546077658,3.916608756080612,2.7165800962612594,0.2518445106317557,5.964524727774555,6.690342132186552,6.771424658052929,0.7343641417651147,-0.28067358970885664,0.1995910638424796,6.7214228512096845
2026-09-05 21:30:00,21.251270754539412,22.331765833137425,21.553123556542232,21.023256279238023,22.08299083384644,1.224808895066018,0.6469181517350111,0.3694746316447798,0.9243616718252424,0.8708925063995459,0.13172412486018104,1015.4330882156194,1013.2543486182323,1014.4953360947762,-1.959694232105629,-1.249586097353182,0.008598620809152635,66.54578460845536,71.07629539952713,68.85627809674732,3.919388464211258,2.7165800962612594,-0.49656279348144494,8.06190952590611,8.582141033108895,8.836255608896229,0.7348853370396108,-0.28067358970885664,0.02655901392152238,3.21145966641002
2026-09-05 21:35:00,20.766898587189985,22.020347347533004,21.40971026619295,20.87967988634876,21.939740646037137,1.225677553856845,0.6469181517350111,0.36916326187695914,0.9246730415930631,-0.23987187134216015,-0.036281070394956316,1015.6259883173769,1013.6930954976709,1014.824857155135,-1.961084086170952,-1.249586097353182,0.11782443988909108,67.32705071801216,70.93690331666035,68.36590814650599,3.922168172341904,2.7165800962612594,-0.145584926106892,4.550789473983923,5.272825936470386,5.790306423185736,0.7354065323141069,-0.28067358970885664,-0.2368068970064936,9.796874791627433
2026-09-05 21:40:00,20.552640031611418,21.945486017645422,21.299239387192642,20.76904595498344,21.829432819401845,1.226546212647672,0.6469181517350111,0.3688522407713358,0.9249840626986864,-0.0044397550805861385,-0.0006715212822321348,1015.3201753873104,1013.4435721588411,1014.7676139833476,-1.9624739402362754,-1.249586097353182,-0.07445572715334947,67.24093087296788,70.79289684006673,68.0683362077725,3.924947880472551,2.7165800962612594,0.007980536032974328,3.37157640812311,3.4067249265951847,3.6231747249777575,0.7359277275886033,-0.28067358970885664,0.06422379132628375,1.206751577644205
2026-09-05 21:45:00,21.06370530474784,22.45073838591865,21.71089527861045,21.18053884416492,22.24125171305598,1.227414871438499,0.6469181517350111,0.36854156715926306,0.9252947363107591,0.6143722537697691,0.09292495557318858,1015.5030670263545,1013.6368480838698,1014.865268207447,-1.9638637943015984,-1.249586097353182,0.02116597377596463,66.09870286399044,69.19326809117378,66.72680975105214,3.927727588603197,2.7165800962612594,-0.2501217561396203,6.510168345047926,7.37532913818129,7.390645210410808,0.7364489228630994,-0.28067358970885664,0.2653575174793392,11.33207867328376
2026-09-05 21:50:00,19.769333111020813,20.71278312121262,20.362721125869363,19.83220173926999,20.893240512468736,1.228283530229326,0.6469181517350111,0.368231239878608,0.9256050635914141,-1.9626609958848746,-0.29685615639175467,1015.6358341608175,1013.6528833482595,1014.9108198548378,-1.9652536483669216,-1.249586097353182,-0.008350409225158728,73.30904632996143,78.0422463408786,73.4446922332439,3.9305072967338432,2.7165800962612594,1.8809740113734534,2.7419930204820937,3.442441962484602,4.0744651136336625,0.7369701181375956,-0.28067358970885664,-0.351349561440204,45.125265506565896
2026-09-05 21:55:00,20.22860377199207,21.840077174424884,20.909071539922298,20.37838925120543,21.439753828639166,1.2291521890201529,0.6469181517350111,0.3679212577737008,0.9259150456963214,1.8782410599941564,0.2840874827675748,1015.3582994834196,1013.2181065126377,1014.5793669405657,-1.9666435024322446,-1.249586097353182,-0.11167433057482867,67.60525079770355,71.9773084214005,70.98052114244373,3.9332870048644892,2.7165800962612594,-1.7197928173044943,3.8574228030663553,4.494052995478418,4.564796152708347,0.7374913134120917,-0.28067358970885664,0.20993043247892818,31.414444211606252
2026-09-05 22:00:00,19.7127654241497,20.81455328608131,20.318937783059965,19.788092642215883,20.849782923904048,1.2300208478109798,0.6469181517350111,0.3676116196952849,0.9262246837747373,-1.0003356872023232,-0.15130264871366705,1015.3086264730285,1013.2382818968274,1014.4615320011228,-1.9680333564975676,-1.249586097353182,0.026335993057728047,70.7853810772391,75.38177946849271,72.22511212877262,3.936066712995135,2.7165800962612594,0.44008724345883365,7.793486422643575,8.597426356512205,8.730960366309315,0.7380125086865879,-0.28067358970885664,0.1471395799117463,6.583386129049974
2026-09-05 22:05:00,19.631727660584186,20.809604167808274,20.120216321256606,19.5892083782296,20.651224264283613,1.2308895066018068,0.6469181517350111,0.3673023245004666,0.9265339789695556,0.2807878891141691,0.0424696948166563,1015.3615822530245,1013.5650113383059,1014.7024838041876,-1.969423210562891,-1.249586097353182,0.11211363147140219,73.10213711868845,75.66001237024793,72.95186006748764,3.938846421125782,2.7165800962612594,-0.008427793500970893,6.244100860753384,6.552565387824836,7.113090296334046,0.7385337039610841,-0.28067358970885664,-0.2798513188003531,12.766771832924077
2026-09-05 22:10:00,19.971918897894245,21.023146191289314,20.300949115380902,19.769778420069336,20.83211981069247,1.2317581653926337,0.6469181517350111,0.3669933710526667,0.9268429324173555,0.4977057241566065,0.07527892417339999,1015.5516943685349,1013.5081870192166,1014.7718224906914,-1.970813064628214,-1.249586097353182,-0.014049374121668734,68.96228092796288,72.7755470226068,70.76514559569436,3.941626129256428,2.7165800962612594,-0.7061786693488159,3.9554046690651044,5.273240567287069,5.524261314161556,0.7390548992355802,-0.28067358970885664,0.029652842834369864,3.309574141502271
2026-09-05 22:15:00,19.401887956012647,21.174180547383525,20.508847369851246,19.97751397210763,21.040180767594862,1.2326268241834608,0.6469181517350111,0.366684758221571,0.9271515452484512,0.12175072705182899,0.018415025797267504,1015.3810734390557,1013.4303831649645,1014.7195856723129,-1.9722029186935375,-1.249586097353182,-0.03961640999523297,71.99228952147865,75.71260655266573,72.28717635040805,3.944405837387075,2.7165800962612594,0.7088501059964329,2.7042227571635493,3.412968613227346,3.7071027511912185,0.7395760945100764,-0.28067358970885664,-0.013460548255015858,2.8187112728495594
2026-09-05 22:20:00,19.254345732408762,20.536255349440644,20.01166598819626,19.480169937827327,20.543162038565193,1.2334954829742877,0.6469181517350111,0.36637648488308233,0.9274598185869398,-0.8087753634217592,-0.12232879049062717,1015.2480654856564,1013.1131251403614,1014.440798466136,-1.9735927727588605,-1.249586097353182,-0.07808722842150928,73.19778651483375,76.92051469507264,73.97574057118939,3.947185545517721,2.7165800962612594,0.2281940276219956,3.6483182445601603,4.344662204453076,4.5042166866695075,0.7400972897845726,-0.28067358970885664,0.12111910749242583,4.623337699922487
2026-09-05 22:25:00,19.310424573055737,20.374593698684542,19.71415154899444,19.182492895761207,20.245810202227673,1.2343641417651148,0.6469181517350111,0.36606854991927307,0.9277677535507491,0.08941375384464934,0.013523997955090294,1015.3746123011648,1013.4501171311595,1014.5983118755033,-1.9749826268241837,-1.249586097353182,0.10139135300926228,70.85807025408073,74.31521347275473,72.34107672346744,3.9499652536483674,2.7165800962612594,-0.7424433469739569,3.179649763433635,3.630649385452827,3.9839295331254014,0.7406184850590688,-0.28067358970885664,-0.07260655796371784,4.749878754879823
2026-09-05 22:30:00,18.58002370565909,19.98804121620752,19.35047495592861,18.818653749546453,19.88229616231077,1.2352328005559416,0.6469181517350111,0.36576095221833754,0.9280753512516846,-0.06182992066508319,-0.00935189145610238,1015.1093899989031,1013.0643648337617,1014.388112273923,-1.9763724808895067,-1.249586097353182,-0.07416134280811093,75.16254448775014,78.83840603210514,75.22654601334224,3.9527449617790134,2.7165800962612594,0.8952799225016435,2.4205818931608025,3.168905488229146,3.443168764830337,0.7411396803335649,-0.28067358970885664,0.0064103131076658215,4.746935837043404
2026-09-05 22:35:00,18.237159974702028,19.627088589910805,18.982604163178962,18.45062045331768,19.514587873040245,1.2361014593467685,0.6469181517350111,0.3654536906745451,0.9283826127954771,-0.016090544311055055,-0.0024337250031685187,1015.3479905548616,1013.5272351269731,1014.6607315807876,-1.9777623349548297,-1.249586097353182,0.11608964353865758,78.48552706928251,83.1207675653575,79.76693891293358,3.9555246699096593,2.7165800962612594,0.6372485561626604,6.413989115573674,7.57173795826372,7.636210253894063,0.741660875608061,-0.28067358970885664,0.2162012940785134,10.258987864159739
2026-09-05 22:40:00,18.00408105503777,19.203505768459387,18.56575473492798,18.03360857121187,19.09790089864409,1.2369701181375956,0.6469181517350111,0.36514676418819403,0.9286895392818282,-0.060608294473581736,-0.009167118203606606,1015.2764133408699,1013.4132948077807,1014.6949752774133,-1.979152189020153,-1.249586097353182,-0.032094372279402705,76.31603930812308,78.74406260348513,77.50264426789882,3.958304378040306,2.7165800962612594,-1.4751617606749363,2.964115980180918,4.017072913893085,4.648566241290166,0.7421820708825574,-0.28067358970885664,-0.35081973768822383,28.867246563183752
2026-09-05 22:45:00,17.48700966487157,18.892969784356673,18.2327610293968,17.700452461404726,18.765069597388877,1.2378387769284225,0.6469181517350111,0.3648401716655654,0.9289961318044568,0.08787066732343263,0.013290603224859865,1015.1365056272826,1013.0816076922109,1014.4283777828596,-1.980542043085476,-1.249586097353182,-0.0971839932955163,79.38116442296142,84.76408432355674,81.03748115228271,3.961084086170952,2.7165800962612594,1.010023075012782,4.279562236280869,5.278596827780089,5.354564021298479,0.7427032661570535,-0.28067358970885664,0.20470639619046693,12.292832593322856
2026-09-05 22:50:00,18.950033065165908,20.023682108718983,19.151331416121664,18.61886049338712,19.683802338856207,1.2387074357192496,0.6469181517350111,0.3645339120188779,0.9293023914511442,1.4904445996052935,0.22543254086230746,1015.022602277427,1013.021670776174,1014.2706221958395,-1.9819318971507993,-1.249586097353182,0.0006346776876853255,73.32332269634557,77.67425939066834,76.61298098154853,3.9638637943015986,2.7165800962612594,-1.6553016871414457,3.8402899315408083,4.74743407847254,5.093141504095192,0.7432244614315497,-0.28067358970885664,-0.06503383591379563,20.059790767410753
2026-09-05 22:55:00,17.542777599159567,18.683770038679793,18.309853688851014,17.77722046086221,18.842486916839817,1.2395760945100764,0.6469181517350111,0.3642279841662423,0.9296083193037799,-1.8049482110135564,-0.2730018019062328,1014.979202863831,1012.9132136766088,1014.1514427030721,-1.9833217512161223,-1.249586097353182,0.011357070889857823,82.44679028292114,86.37956826882522,81.78356198440395,3.9666435024322446,2.7165800962612594,1.879426188160025,11.029785624360468,11.665968522797732,11.628698490855818,0.7437456567060459,-0.28067358970885664,0.3179436216507696,40.47373983411404
2026-09-05 23:00:00,17.754644301073316,18.593045723461007,17.915647684760817,17.382852200960723,18.44844316856091,1.2404447533009033,0.6469181517350111,0.36392238703161733,0.9299139164384049,0.2015174151436092,0.030479886965178338,1015.1542906357549,1012.9566640509918,1014.1644263373205,-1.9847116052814453,-1.249586097353182,0.04182381102441468,79.67969110938816,84.37458163704939,82.2872598443954,3.9694232105628906,2.7165800962612594,-0.6292583036072585,3.873845228167197,4.183063130036729,5.094619417053808,0.744266851980542,-0.28067358970885664,-0.6308826973082224,59.11908722774175
2026-09-05 23:05:00,17.59413931065461,18.57066250590243,17.858230595326937,17.325272905113376,18.391188285540498,1.2413134120917304,0.6469181517350111,0.3636171195447655,0.9302191839252567,0.43314344810263705,0.06551375884048127,1015.2182765623841,1013.1035587386052,1014.303429265604,-1.9861014593467687,-1.249586097353182,0.04971557035435126,79.48118741840099,82.29192254095979,80.33548121128618,3.9722029186935375,2.7165800962612594,-0.7601387665876445,1.5879917199503084,2.272468135645356,2.317204427140152,0.7447880472550382,-0.28067358970885664,0.23593729821406084,11.64157595171678
2026-09-05 23:10:00,17.692238987970516,19.29594721998721,18.510708469444758,17.977588622170458,19.043828316719058,1.2421820708825573,0.6469181517350111,0.36331218064120885,0.9305241228288134,0.9145050165257196,0.1383205988074394,1014.8961472020458,1012.9383884877918,1014.2328157089145,-1.9874913134120917,-1.249586097353182,-0.044841123769515434,80.13097536518907,83.57419726789244,80.53852915835473,3.9749826268241835,2.7165800962612594,0.3190880132764562,1.6873370492042081,2.3618848523736395,2.529482206262949,0.7453092425295343,-0.28067358970885664,0.11307623581954696,4.595651008641766
2026-09-05 23:15:00,17.76273308649962,19.33406954171747,18.737983607923177,18.204701652895842,19.27126556295051,1.2430507296733844,0.6469181517350111,0.36300756926218636,0.9308287342078359,-0.3360766126571768,-0.05083221794071946,1015.0162255364753,1013.0761332937324,1014.300077813999,-1.9888811674774152,-1.249586097353182,0.025641577086503275,76.33921759443024,80.22011958347262,78.06551493995688,3.9777623349548303,2.7165800962612594,-0.5619754527455143,5.198702166432965,6.259170936138368,6.384422284409749,0.7458304378040306,-0.28067358970885664,0.15542224143747596,5.416267073399739
2026-09-05 23:20:00,17.650595786256034,18.907672904450035,18.375091804199567,17.841647790681957,18.908535817717176,1.2439193884642112,0.6469181517350111,0.3627032843546107,0.9311330191154115,-0.7559380747255133,-0.11433705148454365,1014.5880097405368,1012.6200209045329,1013.9749448583838,-1.9902710215427382,-1.249586097353182,-0.10533785649772653,81.53841617591812,86.61140651534933,82.39921562010036,3.9805420430854763,2.7165800962612594,1.4956107989877125,5.260199757638732,6.0993685234552055,6.564129890329847,0.7463516330785267,-0.28067358970885664,-0.18408777716578406,18.949631055930396
2026-09-05 23:25:00,16.946004623804853,18.52337896049786,17.914490070147675,17.380884047357664,18.448096092937686,1.2447880472550383,0.6469181517350111,0.36239932487102555,0.9314369785989967,-0.2514300155655711,-0.03802926138482832,1014.76480531521,1012.7278844815081,1013.9299011798265,-1.9916608756080614,-1.249586097353182,0.04756939903472812,83.54867023724329,87.49479472355816,84.83919854445962,3.9833217512161228,2.7165800962612594,-0.060983917162715784,4.051338191060005,5.281904477784092,5.596505335235095,0.7468728283530229,-0.28067358970885664,-0.03392726774214605,0.5885325999048451
2026-09-05 23:30:00,16.988130476974742,18.201772285698944,17.545402969526275,17.011634986636917,18.079170952415634,1.2456567060458652,0.6469181517350111,0.3620956897695639,0.9317406137004582,0.06248626281816527,0.0094511644376567,1014.7970811454776,1012.9439904066624,1014.1126160507971,-1.9930507296733844,-1.249586097353182,0.08096045321838119,82.50240050823221,86.8485457045271,84.75743452766238,3.9861014593467687,2.7165800962612594,-0.625468919396539,4.13546864731771,5.242109232956682,5.4803446133573575,0.747394023627519,-0.28067358970885664,0.04243820930818121,3.0072801098673816
2026-09-05 23:35:00,17.04672098576056,18.244564290083673,17.532472712962676,16.99854281910228,18.066402606823072,1.246525364836692,0.6469181517350111,0.3617923780139064,0.9320439254561158,0.4308933374603292,0.0651734253859857,1014.6123113699908,1012.6274020719363,1013.9509002380078,-1.9944405837387074,-1.249586097353182,-0.07391206871830036,83.94864036337451,87.46585833410302,84.86852796244695,3.9888811674774147,2.7165800962612594,-0.1192497246051829,1.2950304131378063,1.9059969491885926,2.3299598450945798,0.7479152189020152,-0.28067358970885664,-0.14328930619713054,4.060863570700352
2026-09-05 23:40:00,16.71593916727414,17.974635320594768,17.34675678464635,16.812665028898543,17.880848540394155,1.2473940236275192,0.6469181517350111,0.3614893885732397,0.9323469148967825,-0.1258801964398657,-0.019039615786592634,1014.5530719678109,1012.6627296042212,1013.9028894497785,-1.9958304378040308,-1.249586097353182,0.00942625179584411,82.92298994314562,87.30412447392767,84.68930890784884,3.9916608756080616,2.7165800962612594,-0.10176453018242171,4.688891655720342,4.898789310910893,4.902787433575941,0.7484364141765115,-0.28067358970885664,0.27667546704380896,11.024021684680006
2026-09-05 23:45:00,17.343146259387474,18.566424622741106,17.807700999071134,17.273447430474935,18.341954567667333,1.248262682418346,0.6469181517350111,0.3611867204222159,0.9326495830478063,0.7392005662286536,0.11180547193496082,1014.5359076796962,1012.2726211179964,1013.5945105922758,-1.9972202918693538,-1.249586097353182,-0.07230337692624289,82.69612732900634,88.03235958712462,85.18072562489498,3.9944405837387076,2.7165800962612594,0.13505386596838775,4.610402163668037,5.775032343301489,6.1446758217333315,0.7489576094510076,-0.28067358970885664,-0.0889698887229855,3.128164565587702
2026-09-05 23:50:00,16.784503767462,17.990595843959134,17.46646975025814,16.932054417808015,18.000885082708262,1.2491313412091731,0.6469181517350111,0.3608843725409121,0.9329519309291101,-0.8118382513507783,-0.12279205803401538,1014.6201596448892,1012.0331894612118,1013.301326550882,-1.998610145934677,-1.249586097353182,-0.01855099231704571,83.86131238118827,88.65495402639692,85.8577237094692,3.997220291869354,2.7165800962612594,0.08065022066647032,2.213631159566262,3.370925531260989,3.8065894155794306,0.7494788047255039,-0.28067358970885664,-0.1549902946095849,5.094389822683722
2026-09-05 23:55:00,16.773130048450287,18.2518096698802,17.551135531157218,17.016558483803166,18.08571257851127,1.25,0.6469181517350111,0.36058234391479,0.9332539595552323,0.355407077417496,0.05375598698796935,1014.4862080355895,1012.5287762397652,1013.6101557232874,-2.0,-1.249586097353182,0.16820661383087554,83.68925289654611,87.62408810632381,85.20693884871048,4.0,2.7165800962612594,-0.29943083864792186,1.8211198948307614,2.1612564175600935,2.384292848363866,0.75,-0.28067358970885664,0.05763715890508392,4.39372641326389
