timestamp,temperature,pressure,humidity,wind_speed
2026-09-01 00:00:00,15.270482430928983,1026.4103227738035,89.40702316575548,4.859412627597085
2026-09-01 00:05:00,14.949580069047563,1026.1481000249103,88.66870065478699,1.7012663216137964
2026-09-01 00:10:00,15.200387693600748,1026.5400324022432,91.44446794207276,5.862453463585882
2026-09-01 00:15:00,15.49032660959441,1026.2522387293352,91.2856541532258,6.250026832573804
2026-09-01 00:20:00,14.730668429031683,1026.4379035231136,90.54216917632995,10.071626577317435
2026-09-01 00:25:00,14.677338029418948,1026.4586998565367,91.14727624370227,3.0207079965668657
2026-09-01 00:30:00,15.352822448941637,1026.606784830639,90.93688110970278,0.7506817777605612
2026-09-01 00:35:00,14.981769099494782,1026.1893924916376,91.49107534727173,4.8847804652144795
2026-09-01 00:40:00,14.444206936320844,1025.9132829805521,90.7413066034338,6.092023857701803
2026-09-01 00:45:00,14.809794323185116,1026.3717783451887,91.24197709222778,6.875197985163658
2026-09-01 00:50:00,14.371775807623756,1026.5898017689478,92.02007116670217,2.552306301306053
2026-09-01 00:55:00,14.338847642239537,1026.4786645310191,90.99584651280078,3.0298792880500534
2026-09-01 01:00:00,14.593568579073139,1026.2949864756956,90.73898641748818,4.662532408369094
2026-09-01 01:05:00,13.7067848156744,1026.158172678245,91.01432198950091,3.4844776769323724
2026-09-01 01:10:00,13.761132038278292,1026.319084430296,90.47422729761635,7.719173137243849
2026-09-01 01:15:00,14.20889357043662,1026.015854950104,91.88182086599164,4.406863420595637
2026-09-01 01:20:00,14.015109067556015,1026.195043374247,90.76448807531273,6.972935809974978
2026-09-01 01:25:00,14.536111497643835,1026.1590075962738,90.57390674272794,5.127042290681855
2026-09-01 01:30:00,14.041124907110955,1026.1997763436152,90.25840658213788,6.69827394259267
2026-09-01 01:35:00,13.837096971110105,1026.4102811731486,91.21074258921402,3.497909534834889
2026-09-01 01:40:00,14.989733036777112,1026.0088835853685,91.17507659363434,7.338584740509524
2026-09-01 01:45:00,14.318396670556712,1025.8255425191878,90.44671056202412,3.1160977401624455
2026-09-01 01:50:00,14.444736334150527,1025.8481715809012,90.99231391151669,4.888122465516764
2026-09-01 01:55:00,13.860631647573484,1025.5351023983653,89.90948469872065,2.698967946662355
2026-09-01 02:00:00,14.22937370871845,1025.6431313668222,90.78173518507049,4.418388014134312
2026-09-01 02:05:00,14.511881904877729,1025.6313244703508,90.93508557673923,3.4037071594617188
2026-09-01 02:10:00,14.031290078274635,1025.5580736589764,91.52923614767326,3.0632830644573086
2026-09-01 02:15:00,14.66992649134365,1025.6021914692208,90.33415706248265,10.157584018707364
2026-09-01 02:20:00,14.311131472299303,1025.3973993077468,90.05571074440965,2.297141431994008
2026-09-01 02:25:00,14.470221949541292,1025.6292068731213,90.25812789494152,6.843012468591424
2026-09-01 02:30:00,14.3854932856065,1025.4003338988791,90.0317256575109,11.198316110887218
2026-09-01 02:35:00,15.410117007496698,1025.3372149402858,91.43850477672954,0.7798019707710075
2026-09-01 02:40:00,14.710577515605353,1025.22688664187,91.49667617383771,6.026795738343634
2026-09-01 02:45:00,14.343389330560838,1025.2360621043676,90.85721812958552,2.969857587160365
2026-09-01 02:50:00,15.149699560918299,1025.272611530981,91.36306430719334,1.1181416676499194
2026-09-01 02:55:00,14.390244823319808,1024.9542906089691,90.76731629422251,3.949494903190926
2026-09-01 03:00:00,15.0237016295583,1024.9207058914774,90.69625045884307,9.098676716531775
2026-09-01 03:05:00,14.22151393970773,1024.9085775705107,90.5221888954036,0.5983345513885998
2026-09-01 03:10:00,14.542962175857959,1024.686718856193,90.55564887301107,5.1783442595659475
2026-09-01 03:15:00,15.225439684613724,1024.7000235897008,89.98368636999606,4.588279347568562
2026-09-01 03:20:00,15.51811785878178,1024.6857411412072,90.90965389918023,7.906616230563327
2026-09-01 03:25:00,15.370863755491294,1024.82264280096,90.74733547067564,1.629158917426193
2026-09-01 03:30:00,15.339161562261973,1024.6653250965553,91.13802261092842,5.883238024030803
2026-09-01 03:35:00,15.351571393574291,1024.5896794219273,90.81294968757057,5.871819034534403
2026-09-01 03:40:00,14.970650311988845,1024.6233153600936,90.65882543273973,5.78384214319355
2026-09-01 03:45:00,15.367586918655158,1024.4105491512364,90.33168266270917,9.29011073837708
2026-09-01 03:50:00,15.568117221695795,1024.4257267776798,90.81700311723644,7.238510242600948
2026-09-01 03:55:00,16.275414135406393,1024.2882954949976,91.19794445498044,1.1388989051924963
2026-09-01 04:00:00,16.09350960878459,1024.2809142678789,90.24487255252023,4.389411712131863
2026-09-01 04:05:00,15.35760637098415,1024.0918245993544,90.81033603943548,3.917837499653678
2026-09-01 04:10:00,16.30243624405484,1023.7524273431305,90.9471700198067,3.3512880074218883
2026-09-01 04:15:00,16.131925493250048,1024.038085983057,89.58834922039603,4.261241443882531
2026-09-01 04:20:00,16.131474796320735,1024.2126653414223,90.5251796396402,3.8296101515112584
2026-09-01 04:25:00,16.766281155497914,1024.0803362827198,89.58168781036656,4.1386244117622795
2026-09-01 04:30:00,17.056410272534002,1024.0295655140515,89.22844565458388,10.827851875184141
2026-09-01 04:35:00,17.141904582409317,1024.0148010386183,88.25476552607282,1.6755565729885076
2026-09-01 04:40:00,16.562017875736128,1023.7886487158802,90.40045358494275,8.789699881718827
2026-09-01 04:45:00,16.905209183583377,1023.7523254803285,89.34421196782488,4.449162744294609
2026-09-01 04:50:00,17.29541088694818,1023.5789307583528,86.72759128895868,5.437719725049644
2026-09-01 04:55:00,17.689900949285406,1023.5745499359824,87.27489377468366,7.323542127721841
2026-09-01 05:00:00,17.24749912846869,1023.6662967418655,87.93082287702319,3.6772378407314426
2026-09-01 05:05:00,17.507040929329634,1023.7081241461207,86.52872204720997,4.1263175230680895
2026-09-01 05:10:00,17.28349594833533,1023.4619237236817,90.48327583722671,3.9920185908280037
2026-09-01 05:15:00,17.394801126662454,1023.3723449534549,84.97362032900999,3.7688982575759846
2026-09-01 05:20:00,18.348013840289447,1023.3987594983164,83.51854029363803,8.86396253146531
2026-09-01 05:25:00,18.71762143761248,1023.4494793435383,79.18219883358523,7.30834282568764
2026-09-01 05:30:00,18.300780592257325,1023.1051819071209,82.43480742002329,1.8684694041004384
2026-09-01 05:35:00,18.887728302131578,1022.9416671257418,79.44130553487524,1.8604919149856505
2026-09-01 05:40:00,18.78990422860252,1023.1697446003552,78.53514361954349,4.10989572010411
2026-09-01 05:45:00,18.548272582285115,1023.0373659866724,80.09190791951127,1.7725862928929967
2026-09-01 05:50:00,19.114016160650873,1023.1143322789492,81.32287109115998,5.403453378835194
2026-09-01 05:55:00,19.749806522059007,1023.1404110244488,77.11544045680391,2.1662229915050317
2026-09-01 06:00:00,19.287320801708695,1023.068567128782,78.1246553981765,4.727843439632075
2026-09-01 06:05:00,20.096421210384435,1023.3303553066448,74.93627420674525,0.4681833433149916
2026-09-01 06:10:00,18.59335840579361,1023.1393807218415,81.06087467149587,3.3934135145185094
2026-09-01 06:15:00,20.142416407397914,1023.1152712776629,76.51656021366452,5.848374268055356
2026-09-01 06:20:00,20.022504705429164,1023.1452995174253,75.54746040829757,4.474053023004888
2026-09-01 06:25:00,20.04366938064886,1022.8648346241179,74.9898249383183,10.762360075193683
2026-09-01 06:30:00,20.37704273651267,1023.1771216756202,75.80398400339894,7.91751217663908
2026-09-01 06:35:00,19.72377959186551,1022.997366860424,76.2981517401675,3.668282499813628
2026-09-01 06:40:00,20.6107320341236,1023.0986343920829,74.4577118997402,1.1866947623495527
2026-09-01 06:45:00,21.02248596749513,1022.8284374935117,68.11400003191238,7.517876332538985
2026-09-01 06:50:00,21.653006225190293,1022.7490937317194,70.59269296132499,8.559094064338833
2026-09-01 06:55:00,21.037836127530827,1023.0995308513218,70.1785680918864,7.209595937270858
2026-09-01 07:00:00,21.106050198022558,1023.0297038427655,71.32786220081395,2.035062799508456
2026-09-01 07:05:00,21.413975435663193,1022.835987767181,66.99075474301789,13.665093833818622
2026-09-01 07:10:00,22.16691580969107,1022.8405063637338,65.4086420861138,3.0084231122810703
2026-09-01 07:15:00,22.11909668915737,1023.140984114375,64.74257478300052,6.242190167182923
2026-09-01 07:20:00,21.963216107296237,1022.7964648824658,67.09032203724003,8.496291096617169
2026-09-01 07:25:00,22.56855150283611,1023.2254185914202,64.48508813749906,2.8514094115803745
2026-09-01 07:30:00,22.590717711524814,1022.8494339245592,66.13157155475342,8.500625054682317
2026-09-01 07:35:00,23.128421822437907,1023.0870956096849,63.600405926877364,3.3469324802397042
2026-09-01 07:40:00,22.64957161206507,1022.9500831655038,64.91421528500165,10.646541085383825
2026-09-01 07:45:00,22.989025625173365,1023.0990484993729,62.152273446144484,3.160732946342047
2026-09-01 07:50:00,23.153130033928267,1022.9372262802649,61.85265202371068,9.631949185150116
2026-09-01 07:55:00,22.914551754793717,1023.005696567019,66.46193092903415,1.290233465948115
2026-09-01 08:00:00,23.808408285016696,1023.0484427217226,60.009043469905414,6.113089047955089
2026-09-01 08:05:00,23.984319061263122,1022.9049990562445,61.79176151582345,4.835114596760546
2026-09-01 08:10:00,24.07172979063281,1023.1802197439972,59.4473258035952,4.511096480091177
2026-09-01 08:15:00,24.165404069030505,1023.0065411661946,59.214795316855266,2.838551453718902
2026-09-01 08:20:00,23.882328661865472,1023.0642282887835,60.971990024314245,6.2939494677866925
2026-09-01 08:25:00,24.469056972009188,1022.9648370303918,59.97157777755083,2.640927435557267
2026-09-01 08:30:00,24.68858428787021,1022.7454932753766,58.49813349066667,5.191834608652125
2026-09-01 08:35:00,24.692547975859686,1023.1173311175777,56.825695532112775,3.152983314064568
2026-09-01 08:40:00,25.13608436764547,1023.5242118497963,55.77467190960144,10.381396704766455
2026-09-01 08:45:00,25.548627205881004,1023.2964400256539,54.81129846679511,1.0105598995587677
2026-09-01 08:50:00,26.32707565636518,1023.1922883111583,53.71075397209053,2.820877247203499
2026-09-01 08:55:00,25.827131211723483,1023.1720718588936,54.27869833397345,3.17265982982848
2026-09-01 09:00:00,26.044041922685473,1023.2310052315523,53.94666955881348,4.43752248645997
2026-09-01 09:05:00,26.093906933638113,1023.3255362673484,54.497946023671425,3.1477160054256768
2026-09-01 09:10:00,25.537701637616987,1023.0817841660192,55.52447140539074,5.065955586121031
2026-09-01 09:15:00,26.474910634044633,1023.4409983127417,51.65593384397618,8.907594842480457
2026-09-01 09:20:00,26.68861605964138,1023.3955095419844,50.0877777670155,6.976492486304328
2026-09-01 09:25:00,27.82745142271054,1023.4095934157612,46.24762498773063,5.865040291623927
2026-09-01 09:30:00,26.941385306842633,1023.380514430044,50.53789867446039,1.936263960182148
2026-09-01 09:35:00,27.313590619832087,1023.3296817040404,48.85080845679824,6.949189420468942
2026-09-01 09:40:00,27.352118898834075,1023.4386886085956,49.91827180891162,2.743170683850757
2026-09-01 09:45:00,27.069878040560212,1023.436482616667,50.3965391609317,8.041941839046613
2026-09-01 09:50:00,28.16406231564419,1023.3033945886492,47.867178850768276,3.4952994741112944
2026-09-01 09:55:00,28.175453987276793,1023.2779996955345,48.29749516926119,4.817700374517789
2026-09-01 10:00:00,28.35693099212998,1023.3855185277841,46.856590870495744,4.3354845192822395
2026-09-01 10:05:00,27.840617604570756,1023.6073678886958,47.841449935753545,9.292308917848539
2026-09-01 10:10:00,28.927289606600873,1023.1924142346966,45.79084853889148,2.4578539924451763
2026-09-01 10:15:00,27.965104607125532,1023.1598259156914,47.858476016449295,6.138610427735418
2026-09-01 10:20:00,28.918064782586697,1023.4046730549239,45.68711244396352,2.6468459309171393
2026-09-01 10:25:00,29.71471578949666,1023.3858496104689,42.330024695835135,7.512090000934654
2026-09-01 10:30:00,28.59519724557713,1023.4006548274323,45.89800695865932,10.494891939950312
2026-09-01 10:35:00,28.915370598415556,1023.4057925149193,45.40422300168515,5.193116896481007
2026-09-01 10:40:00,29.329761971306528,1023.3283063109753,44.328298614051256,5.657817822065419
2026-09-01 10:45:00,29.23399199876245,1023.5758299710164,44.46026262448318,11.257129974601773
2026-09-01 10:50:00,28.95800327107665,1023.1006942313412,45.944662987241166,5.993725797026248
2026-09-01 10:55:00,29.74592341043575,1023.2028925466097,42.305726039863515,5.741397901080682
2026-09-01 11:00:00,29.431088379491413,1023.2958199602666,44.291093323489406,6.5565420288584075
2026-09-01 11:05:00,30.18018067916249,1023.0467243060335,42.811566004869285,7.6638861420520135
2026-09-01 11:10:00,29.75487146733495,1023.2464256512872,42.25993223145246,2.3945010229406303
2026-09-01 11:15:00,30.87161871648833,1023.4992894681322,41.46930363477214,9.38513742287515
2026-09-01 11:20:00,30.064397836920534,1023.228092159909,43.39893738815254,5.43345263031548
2026-09-01 11:25:00,30.371924585113124,1023.2320448680916,40.93317556448648,1.9774193818319596
2026-09-01 11:30:00,30.94614877871411,1022.978455149145,39.550934038678776,8.998960575281206
2026-09-01 11:35:00,30.245279768575312,1023.0425988092352,42.64266776733892,5.0034949843299845
2026-09-01 11:40:00,30.94233365751052,1023.043857391283,40.154305814250094,2.3748100440090876
2026-09-01 11:45:00,31.484722705851123,1023.0150559824915,39.225325413489806,7.345772727521316
2026-09-01 11:50:00,30.426132597477274,1023.2150149749691,42.16128344403331,10.713144614540582
2026-09-01 11:55:00,31.24693823359064,1023.0639464915049,39.685301341428506,10.915256583486217
2026-09-01 12:00:00,31.37765079537897,1022.768562680698,39.207256891471616,13.168254743302882
2026-09-01 12:05:00,31.68365123222261,1022.9247089468581,39.57650621660608,10.565424836476422
2026-09-01 12:10:00,30.969936425975245,1022.912385216825,40.55285803905157,0.3449626494759292
2026-09-01 12:15:00,31.026859307901503,1022.9560678095421,40.00833207045264,5.169027285500121
2026-09-01 12:20:00,31.850636444208728,1022.9670070759871,37.987699284842606,9.79015393469095
2026-09-01 12:25:00,31.843927809025935,1022.5200459471782,37.89670046361885,5.074410975156176
2026-09-01 12:30:00,31.905026739528655,1022.4905899891398,37.60523908048726,7.225619303819005
2026-09-01 12:35:00,32.01949302402719,1022.3610400194431,37.51631713317719,7.2900017312482746
2026-09-01 12:40:00,31.68134509480344,1022.449610657465,38.22363580581103,5.09978185531187
2026-09-01 12:45:00,32.11502512170303,1022.4873166533447,37.619186157102455,11.620829612572956
2026-09-01 12:50:00,32.20442072817226,1022.4957622186905,40.58698948571782,6.355387312528993
2026-09-01 12:55:00,31.862792444395986,1022.2642599996155,38.84926927216251,6.018311551789341
2026-09-01 13:00:00,32.95243273771843,1022.1534031372539,35.26906614308932,18.67274525033309
2026-09-01 13:05:00,32.44947188786426,1022.1476579744409,37.9165883949085,6.298665101940408
2026-09-01 13:10:00,31.833437941315754,1021.9209764168456,38.57548126519158,3.3901596237383567
2026-09-01 13:15:00,32.618786972698636,1022.278928647022,37.052136901089625,6.496144346060553
2026-09-01 13:20:00,32.00866712545905,1021.6415554939135,39.00053969213064,9.943224105811039
2026-09-01 13:25:00,-999.0,1021.8256432354663,34.51424210557803,9.39904273967256
2026-09-01 13:30:00,-999.0,1022.014788480272,34.99516649055105,9.575065882052343
2026-09-01 13:35:00,-999.0,1021.6237412402363,37.404825150629904,8.528963173507167
2026-09-01 13:40:00,32.91478068132815,1021.5039209425823,36.67367024659348,4.165723116928904
2026-09-01 13:45:00,32.717557423116986,1021.3868237818299,34.80215259498516,10.831270089130104
2026-09-01 13:50:00,32.90038468605623,1021.3197831502054,33.67104796754386,11.518803625721603
2026-09-01 13:55:00,33.34548923046169,1021.4576398909888,34.81252813103918,3.577241761640846
2026-09-01 14:00:00,32.49992096495217,1020.8233578614053,37.130127767607945,2.878872604905497
2026-09-01 14:05:00,32.30397740683321,1021.2872172863318,35.97662616572107,14.83698463004855
2026-09-01 14:10:00,32.25315379399447,1020.7444032203151,36.607272936389926,10.960830694991643
2026-09-01 14:15:00,32.28221753764892,1020.8176139233622,37.36126030520304,11.509889402416585
2026-09-01 14:20:00,32.57338162107901,1020.691753289309,37.41825132041375,11.34316721413665
2026-09-01 14:25:00,32.73246830257654,1020.741958775313,35.945668939923394,6.789788768734673
2026-09-01 14:30:00,32.69458139123632,1020.3105965637541,36.76201456965721,7.8317663334928485
2026-09-01 14:35:00,32.89879788289116,1020.5154814074136,35.0387706586139,6.813616947320509
2026-09-01 14:40:00,32.553278207283235,1020.6449414929058,36.37755710527556,1.7577029078059956
2026-09-01 14:45:00,33.105790501819605,1020.031357080522,34.64847579344751,8.958122773165943
2026-09-01 14:50:00,32.390975097636186,1020.1583259281304,36.123540846398605,6.41630795773909
2026-09-01 14:55:00,33.553544764890475,1019.9242088617726,34.496241834152464,7.800532848308385
2026-09-01 15:00:00,32.68058015312581,1019.9807258771641,37.35538282144106,6.372454429059684
2026-09-01 15:05:00,32.04850346108363,1019.8128532472603,36.043533953304284,6.26279350185385
2026-09-01 15:10:00,31.92030196787132,1019.6067992655027,38.11570962477151,3.2987594854379214
2026-09-01 15:15:00,32.49520343429475,1019.6692483789635,36.91484235061466,4.334534450424566
2026-09-01 15:20:00,32.16267340909195,1019.7598697034296,38.63750951225673,3.147392474049225
2026-09-01 15:25:00,32.483818586213054,1019.3539367266749,35.09995349418778,3.5232308736326514
2026-09-01 15:30:00,32.330018077529644,1019.3841950450036,37.09951173238582,14.313959096442753
2026-09-01 15:35:00,32.05047153209269,1018.9763021745814,36.749766000346916,3.0630460351827358
2026-09-01 15:40:00,31.67617344467706,1018.9213894694127,36.28643572000059,4.197319344846615
2026-09-01 15:45:00,31.340681639921023,1019.0308737531627,39.70458741864105,7.06214723835195
2026-09-01 15:50:00,31.69622155442989,1019.0784787322817,37.85128412924958,7.23236031160954
2026-09-01 15:55:00,32.14210873993921,1018.8058353723816,38.28509306637804,3.037691541715634
2026-09-01 16:00:00,31.806461973860205,1018.6030412954215,36.845038950854324,9.30386733845885
2026-09-01 16:05:00,31.140398264325977,1018.5483639885247,39.30606728006637,9.153572274436666
2026-09-01 16:10:00,31.622471543540662,1018.260429934195,40.3495703093663,3.8284714233967447
2026-09-01 16:15:00,31.618511225943895,1018.439324308739,39.041582712976,4.277495335741075
2026-09-01 16:20:00,31.018751242189207,1018.3828700547573,39.47642022393863,12.17602231952338
2026-09-01 16:25:00,31.33846569276426,1018.0858762305681,39.07907726317453,9.614068319020515
2026-09-01 16:30:00,31.201760200633387,1017.9877263823241,38.20126413280432,7.925848104600468
2026-09-01 16:35:00,30.619658889898357,1018.0041043087235,41.77353314766181,2.1137575738224195
2026-09-01 16:40:00,31.11525252759253,1017.8062220666716,37.92338091997383,5.288587500005818
2026-09-01 16:45:00,31.08871471039765,1017.7709026070216,40.14210571878087,6.475875934094053
2026-09-01 16:50:00,31.186911311335074,1018.0065223693489,37.56357572845597,3.244465990697067
2026-09-01 16:55:00,31.061583369536685,1017.5669616426904,38.19209097692991,5.466586475811313
2026-09-01 17:00:00,29.972504919667966,1017.4644827752834,44.22977063983943,6.763328337168771
2026-09-01 17:05:00,30.02914902889436,1017.3371411768514,41.44739566355458,4.42159672883641
2026-09-01 17:10:00,30.48825495178971,1017.463809927243,41.40831231302819,8.6088423198708
2026-09-01 17:15:00,30.363032867000733,1017.2448220561671,39.54842120572864,9.416394703313138
2026-09-01 17:20:00,30.236192692864773,1017.0963820401971,40.238617936350956,4.323321905201857
2026-09-01 17:25:00,31.441361683796245,1017.315761561394,38.198770505279384,9.288382030150075
2026-09-01 17:30:00,29.996225115214234,1017.256313816783,40.49645890198687,2.2615404877922574
2026-09-01 17:35:00,30.08726450001049,1016.881176349326,41.60343902537143,9.171078758714582
2026-09-01 17:40:00,29.877444054892884,1016.6212099819862,42.40141964777193,2.7530020768290577
2026-09-01 17:45:00,29.61690806703931,1016.9843749141511,41.41074073043036,1.9778555413702532
2026-09-01 17:50:00,29.08852357987578,1016.6647330134409,43.590702040608335,6.770331194873825
2026-09-01 17:55:00,29.374339565264847,1016.8223363328032,44.77315507556437,5.306978852910436
2026-09-01 18:00:00,28.615653650730444,1016.3466856157243,44.78025803897591,10.192200056067774
2026-09-01 18:05:00,28.6820707300189,1016.7166971452613,44.459194547042664,4.405623224592213
2026-09-01 18:10:00,28.43272199350654,1016.3438853986271,46.0201134427808,3.7908984456195856
2026-09-01 18:15:00,28.507814215199485,1016.5800720233478,45.46664626665916,5.394870236367297
2026-09-01 18:20:00,29.247326984140635,1016.4196281159652,43.53223992168015,5.016478590314919
2026-09-01 18:25:00,27.41923307996336,1016.2235461777504,46.895707093292174,4.149685802374689
2026-09-01 18:30:00,28.28367095477039,1016.256834136569,45.27039646860714,6.89877009586183
2026-09-01 18:35:00,27.20553662874646,1016.3741705349167,49.48103201874892,7.518145891819475
2026-09-01 18:40:00,27.501811659326197,1016.2424947429323,46.45897759291676,8.657352242705974
2026-09-01 18:45:00,27.964709016766946,1016.271684748764,46.685384398523915,11.788097060219542
2026-09-01 18:50:00,27.392046340242533,1016.4398912442736,47.177726791700884,3.431385520770326
2026-09-01 18:55:00,26.771181983687356,1015.870143094289,48.37979420810076,6.862346538481705
2026-09-01 19:00:00,26.750923355791564,1016.3106249853419,50.58641500519494,4.297297341846547
2026-09-01 19:05:00,27.142548152417934,1016.0488237419704,47.64686187662374,6.403450680140419
2026-09-01 19:10:00,26.411206242057123,1015.8652936288579,50.19363498529859,4.804142060161806
2026-09-01 19:15:00,26.62164059608325,1015.7692651889483,49.13719795069998,13.362258141907061
2026-09-01 19:20:00,26.38413177709749,1015.9108482036919,50.02497759728138,6.720135282236101
2026-09-01 19:25:00,25.935331948162624,1016.0495103158131,51.8966933747565,10.184539662362077
2026-09-01 19:30:00,26.88292380317027,1015.8657556215732,49.196422517787674,7.767791216501189
2026-09-01 19:35:00,26.107675039925965,1016.0866980176172,49.26373924539777,8.764782363815593
2026-09-01 19:40:00,24.872281233414427,1015.6189266832403,53.0068708128825,7.386699859015641
2026-09-01 19:45:00,25.584702996572318,1015.8127363612318,52.78128438405614,4.424714395838665
2026-09-01 19:50:00,25.07282460729057,1015.6059299071555,53.038546787309905,3.01387932249696
2026-09-01 19:55:00,25.505648247066443,1015.8287869820018,52.08917993267077,3.7732216564836545
2026-09-01 20:00:00,24.674603096170458,1015.8888616497449,54.15677072863107,0.7863998030382492
2026-09-01 20:05:00,24.772537056873738,1015.6753503565806,53.1851830201129,4.738699493672741
2026-09-01 20:10:00,24.847213560083087,1015.3314328799017,51.95894290246252,4.612510955704782
2026-09-01 20:15:00,24.818357488880356,1015.7363842620206,54.813350049767415,4.747133790929033
2026-09-01 20:20:00,23.818906258853197,1015.7573173186832,57.05396002034189,10.508973679691849
2026-09-01 20:25:00,23.992409171593476,1015.7384116634644,55.96019345633544,8.56347196480822
2026-09-01 20:30:00,23.763714452140402,1015.8496996310628,56.83820878043835,2.3099639262756195
2026-09-01 20:35:00,23.520224300536768,1015.4907492545104,59.036959064277646,3.7313487482403445
2026-09-01 20:40:00,24.31606382077944,1015.7409299698745,57.31259907246957,4.084732451672005
2026-09-01 20:45:00,23.6007455909936,1015.8055833245152,55.61861619653098,3.677687322595594
2026-09-01 20:50:00,22.763896384204084,1015.3479514994086,61.98587588779031,6.961240007938483
2026-09-01 20:55:00,23.465599359007136,1015.6508454805185,58.99132533299534,4.738997903497438
2026-09-01 21:00:00,23.778310117984887,1015.5154568895424,56.05409012989986,5.06736382813092
2026-09-01 21:05:00,23.17429571076714,1015.5669719788813,58.57146945525306,7.615891396792517
2026-09-01 21:10:00,21.986372495027133,1015.61930099834,63.31754831032498,7.042420540488101
2026-09-01 21:15:00,22.23426613116645,1015.4817494813667,63.15266308172441,2.0711519350593086
2026-09-01 21:20:00,22.769670859071752,1015.4407997333293,61.097791526603785,6.152788951764973
2026-09-01 21:25:00,21.81597099056846,1015.5341423403848,65.04915759977946,4.158602902783618
2026-09-01 21:30:00,22.113962426702972,1015.3522416440287,62.787776921258306,3.2494695884758555
2026-09-01 21:35:00,22.08502476724741,1015.3381144612771,62.50923635139397,1.2458817994932456
2026-09-01 21:40:00,21.24455248109994,1015.5878107987132,63.913189128870634,4.495105365140933
2026-09-01 21:45:00,21.433160780876722,1015.2976667070286,64.72397260742481,3.644895338615628
2026-09-01 21:50:00,20.003677905505697,1015.5530871631081,72.44158341759001,2.960315906222619
2026-09-01 21:55:00,20.73528550584817,1015.5046676320247,66.26532405614606,5.990628138107163
2026-09-01 22:00:00,20.890584130986277,1015.1574432973221,64.92475754745172,6.662588907066548
2026-09-01 22:05:00,20.340856494801358,1015.2945262489512,69.58723585081648,2.914267192925235
2026-09-01 22:10:00,21.343151749073296,1015.5538519977379,64.21036230746468,1.2385606528476245
2026-09-01 22:15:00,19.97027782148233,1015.2047824647417,69.80525005101654,7.558927230468772
2026-09-01 22:20:00,20.220463040609044,1015.258086990501,69.93885858032287,0.5502658945556441
2026-09-01 22:25:00,20.304991476188818,1015.3713399374743,66.81887689250779,9.147886911022285
2026-09-01 22:30:00,20.68755451323641,1015.392242397771,66.4057671016661,5.466458002645793
2026-09-01 22:35:00,19.397252359741373,1015.2080557953885,73.62230545998464,3.4276157747506617
2026-09-01 22:40:00,20.29968224317019,1015.1254957155109,67.5186322687687,2.9258601408622043
2026-09-01 22:45:00,19.703661287728718,1015.3960323772083,68.92715525573816,0.5231208525024803
2026-09-01 22:50:00,19.1745108618947,1015.4092250967637,72.29854008341324,2.849912272571175
2026-09-01 22:55:00,19.621958857681832,1015.2590337097907,72.94270474568638,2.1172132843485287
2026-09-01 23:00:00,19.389262107412392,1015.0868657566879,71.68638289160364,5.3527700923016654
2026-09-01 23:05:00,18.944649335269585,1014.9126896287645,72.7611561959818,2.347516193391178
2026-09-01 23:10:00,19.09039007608518,1014.8671767031166,73.16437845768108,4.769840194223473
2026-09-01 23:15:00,18.788769156978187,1015.0258446467325,72.46388366975016,5.194173083897368
2026-09-01 23:20:00,18.871474652185302,1014.9638235264604,75.57270369776543,3.2718356623266205
2026-09-01 23:25:00,18.976895076018067,1015.0627377637505,74.17569796483079,1.0391141221600229
2026-09-01 23:30:00,19.23527942382813,1014.8993074992886,72.3769448633197,1.071661091913517
2026-09-01 23:35:00,17.997482604459563,1014.5233018372743,78.86822312222786,0.8987182237502366
2026-09-01 23:40:00,19.240514459096204,1014.8513400666877,70.27671569423417,6.375524079515094
2026-09-01 23:45:00,17.504163019463586,1014.4863655190693,81.87862397224758,3.402628468989896
2026-09-01 23:50:00,18.125032902240598,1014.5187350448474,77.23173864871156,6.937651838203718
2026-09-01 23:55:00,18.32491993857006,1014.5518374192882,75.5337079491478,4.134754963293536
2026-09-02 00:00:00,18.108977253363975,1014.7493501234676,77.23251962960768,4.2719920281877
2026-09-02 00:05:00,17.65767195819507,1014.8498961268469,78.63504179181234,4.664473839656428
2026-09-02 00:10:00,17.73689884538864,1014.4055449986503,80.47221862396073,6.145207552886122
2026-09-02 00:15:00,17.539607396235134,1014.2159135613226,77.71616467224437,3.1089391125868033
2026-09-02 00:20:00,17.42102365961635,1014.250166530472,78.23040579297817,1.9802964172367081
2026-09-02 00:25:00,17.91991006288242,1014.2274948484309,78.80584420032142,4.956290014781599
2026-09-02 00:30:00,17.649547413162928,1013.968381853852,77.52706730973694,3.460967378324274
2026-09-02 00:35:00,17.159654517695234,1014.2057044103741,82.20758530993997,4.204091476867301
2026-09-02 00:40:00,17.730171724736067,1013.8887091104377,80.5207376630679,5.611984678632043
2026-09-02 00:45:00,17.4302307382251,1013.8445048104481,78.6824534978967,4.540306268399631
2026-09-02 00:50:00,17.57292842553073,1013.783283962596,79.27370573479824,5.412173338850161
2026-09-02 00:55:00,17.443627300284266,1013.6581345042092,77.85025994074574,4.8751882318464395
2026-09-02 01:00:00,16.807713802677046,1013.63023400885,82.73569295394927,6.381637390313639
2026-09-02 01:05:00,16.866341877659803,1013.3193464897955,81.64177621579923,6.0847997874319955
2026-09-02 01:10:00,17.344021504673805,1013.2338294960074,118.5,4.807318476754157
2026-09-02 01:15:00,17.247548302966084,1013.0563479837997,77.99552022625114,5.8621127245034685
2026-09-02 01:20:00,16.95695937681807,1013.189309603364,77.61285461522338,7.90926819897041
2026-09-02 01:25:00,16.977810013868975,1013.1405194555759,81.81839658861432,4.138221321958241
2026-09-02 01:30:00,17.41115705824999,1012.9909883833918,74.2228286560733,4.012840543641284
2026-09-02 01:35:00,16.636339554933304,1013.0705595597931,81.56829848209816,6.611367836020695
2026-09-02 01:40:00,17.068359230091776,1012.714103230576,82.41260644833906,5.140660535733567
2026-09-02 01:45:00,16.748878928749612,1012.7093813835472,80.91527873799028,1.4926582387771754
2026-09-02 01:50:00,16.72660935275135,1012.3380927285408,83.54451977319066,8.207101718387754
2026-09-02 01:55:00,17.240813334582803,1012.3352931578596,79.50569678328552,0.9725339978786949
2026-09-02 02:00:00,17.122787785527823,1012.3880163569943,78.58986857082313,6.460803604937435
2026-09-02 02:05:00,17.113042814310745,1012.3002830502788,79.6915707155482,6.558861337607767
2026-09-02 02:10:00,17.308546620037795,1012.0170484980564,77.67898145025119,9.62102973909506
2026-09-02 02:15:00,16.797168748278136,1011.937714537595,78.35303951857496,1.2975198356265065
2026-09-02 02:20:00,17.067652239395244,1011.6072624757097,78.24506644743354,5.242234616765061
2026-09-02 02:25:00,16.68055385578392,1011.6671513080793,80.85729119736146,4.10970954128013
2026-09-02 02:30:00,16.947794417614823,1011.7393946479159,76.14816607150074,3.4846861173286614
2026-09-02 02:35:00,16.78320612882467,1011.5767163481057,79.0282179966091,1.6921848044463297
2026-09-02 02:40:00,16.89485391883444,1011.4496995394043,78.63541374666393,5.001768186416584
2026-09-02 02:45:00,17.118553999185554,1011.2658951484216,75.47136260158543,4.441342489507615
2026-09-02 02:50:00,16.5812670308571,1011.1430837305795,81.32727944486533,1.8277375746258753
2026-09-02 02:55:00,17.777186000330804,1010.9264379789093,75.78362294041911,5.355125922974208
2026-09-02 03:00:00,16.57309304079483,1011.0137403988368,81.5623268749405,6.364885214367163
2026-09-02 03:05:00,16.528666259546014,1010.8555617053509,80.89179008905205,6.640921391201396
2026-09-02 03:10:00,17.519978517386118,1010.7498894075949,76.54369240305397,8.445347016698497
2026-09-02 03:15:00,17.419318669355164,1010.4811247146282,77.70140082934296,3.991712279263907
2026-09-02 03:20:00,17.401722386968004,1010.1213453815618,76.75622929883514,9.619745508871024
2026-09-02 03:25:00,17.456307748977988,1010.4937105268539,74.57447216590796,7.789185261499274
2026-09-02 03:30:00,17.25641121128477,1010.1426763710632,77.49294457681177,3.2616884395088923
2026-09-02 03:35:00,16.96216322532142,1009.9711222663633,79.84786013285881,2.290934696332983
2026-09-02 03:40:00,17.414524247094974,1010.0913669568822,75.81643858072435,4.1583018420217766
2026-09-02 03:45:00,17.17982364885991,1009.816215826335,79.1974777147871,3.94314004687447
2026-09-02 03:50:00,17.910535021131142,1009.9226416710336,72.14461276337087,5.09265557626799
2026-09-02 03:55:00,17.534738657676023,1009.7458895950398,74.79802216161252,5.146529900404623
2026-09-02 04:00:00,17.339674102360803,1009.6467068572498,74.87523288384077,6.475633526910599
2026-09-02 04:05:00,17.62082651871607,1009.2313453836794,75.1843992710045,4.644571116614991
2026-09-02 04:10:00,17.997215864610737,1009.5114192267481,69.94569843371369,1.8302146779106778
2026-09-02 04:15:00,17.692326946891605,1009.2636104466553,72.21307876079885,7.688169816617921
2026-09-02 04:20:00,17.677768132357958,1009.0653151291173,72.54538383342181,3.3487844530043818
2026-09-02 04:25:00,18.195990212174035,1009.0400669937437,71.80543861228944,10.36391733320141
2026-09-02 04:30:00,18.29133250379846,1008.6516204505878,71.15097402540354,1.9476883774220854
2026-09-02 04:35:00,18.08832120254715,1008.8805695143534,72.46301920100134,9.801864013620904
2026-09-02 04:40:00,18.203306902253164,1008.5678713479787,66.92013136127576,1.6989852872228663
2026-09-02 04:45:00,18.587984801130496,1008.4242392076154,71.67349734645903,2.8190453962822644
2026-09-02 04:50:00,18.022138852157426,1008.3055699796674,71.56473955554162,1.201214330821307
2026-09-02 04:55:00,18.147304954764802,1008.6095934349555,70.2861218380439,6.07784478333966
2026-09-02 05:00:00,18.53448438495463,1008.2591064227668,69.4470831019877,7.579458082389787
2026-09-02 05:05:00,18.85065086957621,1008.4964538208142,67.3349889376419,4.1498103024252435
2026-09-02 05:10:00,19.1770974981809,1008.101065935058,65.87770244846935,8.933677306621766
2026-09-02 05:15:00,19.762058572857054,1007.8425626266409,63.393164630144504,5.195470798694861
2026-09-02 05:20:00,19.63657698893606,1007.8506484691566,63.69119175715673,5.484224160739871
2026-09-02 05:25:00,19.353487596508174,1008.1252282948319,64.43597229575448,7.515178652461754
2026-09-02 05:30:00,19.536095424069167,1007.8405037067078,63.50358879769453,3.263656734758431
2026-09-02 05:35:00,19.271153174013303,1007.7080093977785,63.98330639089854,3.6373558518008555
2026-09-02 05:40:00,19.795380776463443,1007.7429769708589,63.8287082181079,8.456326694788176
2026-09-02 05:45:00,19.820034701148835,1007.7253423376401,64.62286234208008,8.363376697863433
2026-09-02 05:50:00,20.19932060226135,1007.751181358946,62.27662186527053,10.65073572621916
2026-09-02 05:55:00,19.876029595146523,1007.736751608171,64.04824382193466,8.379407178240337
2026-09-02 06:00:00,20.55323305310056,1007.4038335147505,60.39883422549197,2.030133162048159
2026-09-02 06:05:00,21.098975138640075,1007.1996346223624,57.6665152753759,7.246040649803875
2026-09-02 06:10:00,20.58450135953567,1007.2796854631066,61.21453581365124,3.9940718774720083
2026-09-02 06:15:00,20.932483872805356,1007.3263265480148,57.066439353201474,11.909372382049716
2026-09-02 06:20:00,21.193244832115784,1007.0907065791489,55.75942752830131,4.397219099170172
2026-09-02 06:25:00,20.903606953384802,1007.042077061491,57.7172467300353,4.941035641490181
2026-09-02 06:30:00,21.302084703239807,1007.1899728330329,58.59300240719654,4.777546421020731
2026-09-02 06:35:00,21.367205980895445,1007.0862155089156,57.626730205507826,3.426902565204859
2026-09-02 06:40:00,21.552252901717388,1007.0558692634803,56.10727953226069,1.5359228511165757
2026-09-02 06:45:00,21.356206858682018,1006.8969091396181,58.78453683251027,8.268343075138697
2026-09-02 06:50:00,21.828580140216875,1006.9381200724631,54.462108837395625,7.006635801390878
2026-09-02 06:55:00,22.172399214680617,1006.7982665810354,54.22854371146094,2.132076868610653
2026-09-02 07:00:00,22.709060697787333,1007.0368349944994,51.49453041859032,6.735074860766733
2026-09-02 07:05:00,22.668614966079886,1007.0271324324551,52.74286798405761,5.4532980707480885
2026-09-02 07:10:00,23.30330305407762,1006.5655428133969,50.79696986248196,3.989614425125918
2026-09-02 07:15:00,22.292954138324134,1006.6757028550567,53.05715418723922,2.9774158900836274
2026-09-02 07:20:00,23.107343381131987,1006.5652839211733,51.0429120041225,7.708201376440322
2026-09-02 07:25:00,22.9908516255602,1006.668808227219,52.23621024831421,6.036486238007523
2026-09-02 07:30:00,23.953031979086298,1006.7321953251957,47.13163485913307,4.899317274291005
2026-09-02 07:35:00,22.91380203930623,1006.5074469382746,51.938004682771016,5.333873878185247
2026-09-02 07:40:00,23.061575775404645,1006.5685106693746,50.37952513900682,1.6995177549967024
2026-09-02 07:45:00,23.318301076066874,1006.5397319547811,47.2916013544203,4.407904416554965
2026-09-02 07:50:00,22.86926162680523,1006.706515557877,51.158987783840786,2.5520222868377083
2026-09-02 07:55:00,23.66936543225569,1006.6724123128117,48.09355588011253,2.658716427934899
2026-09-02 08:00:00,23.73686514869128,1006.5417393669994,48.090722737025715,5.722781630175661
2026-09-02 08:05:00,24.261447217713954,1006.6658330889932,44.58887912879285,8.634218978340678
2026-09-02 08:10:00,24.49860177319146,1006.5478528311329,46.08911274104382,4.024062632524627
2026-09-02 08:15:00,25.272733103383512,1006.5807986842943,42.15494664431067,2.7235912992766846
2026-09-02 08:20:00,25.062472990046267,1006.8653145436277,45.29629524841224,5.821871894170886
2026-09-02 08:25:00,24.611171700579497,1006.8090821206963,44.82153841060195,8.216508687478052
2026-09-02 08:30:00,24.641705903055435,1006.4076657525334,47.22522375825327,6.7973660318183375
2026-09-02 08:35:00,25.35640502956875,1006.7224324937965,44.97345130109635,8.314573601351556
2026-09-02 08:40:00,24.789454967586806,1006.7157363698116,43.61468325053657,5.158328381925304
2026-09-02 08:45:00,26.207306544269795,1006.418430109126,40.68493765544461,7.000040326916219
2026-09-02 08:50:00,26.102856687495763,1006.7106205621095,41.50499325012951,2.3214771992917957
2026-09-02 08:55:00,25.598870065464144,1006.8160221774372,42.88924132836435,3.940897516181241
2026-09-02 09:00:00,25.255767954760017,1006.4147754828282,44.499256892311905,4.263976308383004
2026-09-02 09:05:00,26.635994009895466,1006.4435549180827,39.7047552605963,5.174836101896454
2026-09-02 09:10:00,26.20091484230928,1006.7319529996322,39.74878514631189,10.02299519738866
2026-09-02 09:15:00,26.89292653424084,1006.6181539767412,37.9339235503277,8.938815489919582
2026-09-02 09:20:00,25.90980331406404,1006.6581820182737,41.31515302427066,2.376565176342251
2026-09-02 09:25:00,26.456226091117106,1006.6243879484101,40.60474830340189,2.742762265525805
2026-09-02 09:30:00,26.845025495528493,1006.6294548798486,39.37205308129123,4.219188123157575
2026-09-02 09:35:00,27.007145858675408,1006.369047314716,40.57778490537588,3.742997720364471
2026-09-02 09:40:00,26.952150922038268,1006.721806047621,40.03607596109525,6.279862185274689
2026-09-02 09:45:00,27.52346338323043,1006.736266963793,37.816715781129695,9.882224324025264
2026-09-02 09:50:00,26.98767004318037,1006.5218784233849,38.522005857508915,11.796870003989984
2026-09-02 09:55:00,27.49633622946126,1006.5444728981546,38.24099366386249,6.752594945216626
2026-09-02 10:00:00,27.738078426875624,1006.315196726512,36.2159489550886,8.906680196648207
2026-09-02 10:05:00,28.030438413230723,1006.6149446536479,37.81728540278238,5.731817095238714
2026-09-02 10:10:00,28.241971212113967,1006.6155501610299,36.73977230721188,3.2296320063110215
2026-09-02 10:15:00,27.638020545075285,1006.5112581818197,38.56700824510822,5.797470882691203
2026-09-02 10:20:00,27.602604614111396,1006.6789164693957,36.434859111080556,6.0851803262232105
2026-09-02 10:25:00,28.85344674070853,1006.4485836500783,34.20817023066306,7.921116819962614
2026-09-02 10:30:00,28.59911326640761,1006.570499616344,35.18511763391934,3.408068911798698
2026-09-02 10:35:00,28.288224781959954,1006.3185838089086,36.90437062710303,4.6609693472223315
2026-09-02 10:40:00,29.327067277839816,1006.4522691928732,34.110960821175986,4.6515205436516895
2026-09-02 10:45:00,28.869355195940212,1006.4123970392457,36.76443440838977,12.443179127741159
2026-09-02 10:50:00,29.40871240866587,1006.4535132425095,33.4506306279982,5.352106524834776
2026-09-02 10:55:00,29.075277230528588,1006.3438161550225,34.28458930634771,8.32813850628434
2026-09-02 11:00:00,29.981153419445175,1006.3573598139898,34.10977843830683,8.317109792759005
2026-09-02 11:05:00,29.964824360543552,1006.477080422182,32.972925362756285,3.938339350630664
2026-09-02 11:10:00,29.266128038417232,1006.2619620121001,35.358216147241436,6.55970642014407
2026-09-02 11:15:00,29.854503501529283,1006.0589614157385,33.34377202099706,10.724339105083363
2026-09-02 11:20:00,29.82126786064984,1006.5329862391859,32.67874188963623,5.769457189930412
2026-09-02 11:25:00,30.204839951731476,1006.4464620953192,30.59716396672539,12.293396738026873
2026-09-02 11:30:00,29.36266322291703,1006.0121639630065,32.305367886487026,3.5596978052047086
2026-09-02 11:35:00,30.11122325784434,1006.2742565119223,33.54769554952026,2.0191954950585584
2026-09-02 11:40:00,30.34521812111126,1006.0581664186446,33.654797278474284,10.881356677250698
2026-09-02 11:45:00,29.300226031250954,1006.1339452958329,35.195751054391955,10.054093320937998
2026-09-02 11:50:00,29.60907351474655,1006.0973489402217,34.20964525358586,16.29015981547663
2026-09-02 11:55:00,29.342075993693467,1005.9748213316558,35.232179347211236,7.872039678233938
2026-09-02 12:00:00,30.122091713850363,1005.8471537759235,32.75339246547069,12.301820140783173
2026-09-02 12:05:00,30.585608908735235,1005.813841741553,30.18442245372429,9.839076222759882
2026-09-02 12:10:00,30.964884271486284,1005.7306700823793,31.322515077526695,10.16412428025649
2026-09-02 12:15:00,30.4555021927134,1005.6919810890577,32.26203289594225,6.857277737983735
2026-09-02 12:20:00,31.135769823913552,1005.7533250153901,31.353640796551108,5.201943565259814
2026-09-02 12:25:00,29.987243579553045,1005.6006933982802,34.54562619384104,12.406894443951797
2026-09-02 12:30:00,29.90935935730746,1005.7530499290298,33.29245759759563,5.666149733478801
2026-09-02 12:35:00,30.61635707836036,1005.8145678728623,31.99145408778732,6.6425028981991705
2026-09-02 12:40:00,30.836471534687078,1005.443295117016,32.497789126968534,5.816496025182002
2026-09-02 12:45:00,30.71041343381848,1005.5031526098344,32.71682585307484,6.916950202146396
2026-09-02 12:50:00,29.933510364832877,1005.4772876434815,33.776964254003154,6.05871484967695
2026-09-02 12:55:00,30.75815978553563,1005.4064237125589,31.506513850130784,1.6876953180633103
2026-09-02 13:00:00,30.30164188320979,1005.278546084981,32.66519458881172,11.147895343164349
2026-09-02 13:05:00,31.117200172952607,1005.3083747323783,31.804797658240933,5.854587363653886
2026-09-02 13:10:00,31.01813156426595,1005.1974724210829,29.82608959206326,7.211015165374031
2026-09-02 13:15:00,30.513942922450585,1004.8660481981237,32.97424608888767,2.9646279044778434
2026-09-02 13:20:00,30.698975687139995,1005.1070934239734,31.53366353708564,0.44661346619065084
2026-09-02 13:25:00,30.4916750744924,1005.0333596987012,32.93858199698584,4.071205840854593
2026-09-02 13:30:00,30.89732443794672,1004.7079097814442,30.881358360091973,8.481974833806277
2026-09-02 13:35:00,31.307675108080474,1004.7488907184043,30.87584560990243,2.484505495977879
2026-09-02 13:40:00,30.530727116954797,1004.765230683431,32.713411351797255,11.905039668931929
2026-09-02 13:45:00,31.1222052959529,1004.5496756511299,29.492401301351727,3.786366465833473
2026-09-02 13:50:00,30.70021694810589,1004.6592498583627,32.31677491798943,3.6829643415160342
2026-09-02 13:55:00,30.583064482247156,1004.769085068254,31.007925190319934,3.4458198901061645
2026-09-02 14:00:00,30.84145337925089,1004.2118620116099,32.68543785396918,0.9136879138256105
2026-09-02 14:05:00,30.450378578250408,1004.0370000198219,32.19778446683625,9.359082784151257
2026-09-02 14:10:00,30.61938544602147,1004.2033559222281,32.91248961390319,11.101324972306157
2026-09-02 14:15:00,30.33422676314784,1004.1789641168392,32.20279996995053,7.509670308379864
2026-09-02 14:20:00,31.56796904232953,1003.9484589647043,29.401501885647882,3.51214650982102
2026-09-02 14:25:00,30.76106083133283,1004.112943812922,32.23415990700948,4.454846790615222
2026-09-02 14:30:00,30.428125823101013,1003.6056317690651,33.76474614060418,6.174271305464266
2026-09-02 14:35:00,30.750863445313467,1003.8215273100011,33.369256854429935,13.483069536597421
2026-09-02 14:40:00,30.573802997292212,1003.5376741586185,31.30767851869442,4.086773076907969
2026-09-02 14:45:00,30.480030629639472,1003.7973194887179,32.92901351962698,8.782875838511506
2026-09-02 14:50:00,30.760006938379984,1003.7491449972541,30.619584087024112,5.818570774179942
2026-09-02 14:55:00,30.759520466872083,1003.2462196414372,30.809030551692576,4.541287017752232
2026-09-02 15:00:00,30.182768953137277,1003.1899310819831,33.22256559743056,5.948757964478423
2026-09-02 15:05:00,30.099390380643868,1003.3127461700954,32.369410539246466,2.068885165433375
2026-09-02 15:10:00,30.150764580161646,1003.0375792518187,30.7216221455219,9.61971319484166
2026-09-02 15:15:00,29.267428515435654,1003.0011760735127,35.29799441119032,4.004003969534148
2026-09-02 15:20:00,29.50590297100604,1002.9247331001264,34.06781432570923,8.603098442328111
2026-09-02 15:25:00,30.578910478675407,1002.5466086711513,32.554891060396486,2.008983212306169
2026-09-02 15:30:00,30.606758166979553,1002.7469153056439,32.57684103649362,13.269422146599233
2026-09-02 15:35:00,29.762227572370186,1002.5608574784972,34.52815361045483,3.4794949167337164
2026-09-02 15:40:00,30.0020296145163,1002.5066649565739,34.50008537469971,10.97124929878623
2026-09-02 15:45:00,29.80200066399313,1002.7145813616789,34.0084748524235,9.622530683527119
2026-09-02 15:50:00,30.811712270706288,1002.2281440454963,31.113772642102976,13.815614088709502
2026-09-02 15:55:00,29.92725309586695,1002.4584569316364,34.40592224259249,5.988728178520358
2026-09-02 16:00:00,29.324162992211726,1002.2158507150369,34.5403503241223,8.442445865375841
2026-09-02 16:05:00,28.885705927841542,1002.1384014117633,34.8009415330321,5.023093392479007
2026-09-02 16:10:00,28.514663863330277,1002.2231289565833,36.82774738731113,3.320502342873929
2026-09-02 16:15:00,29.124720929427408,1002.0814098798538,35.01552765240945,5.607348949351417
2026-09-02 16:20:00,28.62370717014067,1002.043525749469,36.961213910306085,3.108522867668899
2026-09-02 16:25:00,28.237124507723564,1002.0324743799588,38.23136030774178,14.584438070884648
2026-09-02 16:30:00,28.424090996942795,1001.7687204329184,36.886211695467885,2.3048799525382075
2026-09-02 16:35:00,28.123761311645115,1001.6596812330479,37.4057045162605,6.806086957541426
2026-09-02 16:40:00,29.101915738768298,1001.523844091135,34.789004476811996,7.130265020684709
2026-09-02 16:45:00,28.647465187970454,1001.4999715070915,37.7168164625028,6.287274681882024
2026-09-02 16:50:00,28.156496866197323,1002.0054434315779,37.7908270383576,7.4194102267130795
2026-09-02 16:55:00,28.613722824077666,1001.691266966825,37.73831997067618,2.491354670757825
2026-09-02 17:00:00,27.9119918533107,1001.2456354621352,39.32581934664359,6.348984080343234
2026-09-02 17:05:00,27.393129144481918,1001.195957904243,39.06355127732468,4.085496575967525
2026-09-02 17:10:00,28.2008497825677,1001.414983673748,35.81839132898951,11.724393953519156
2026-09-02 17:15:00,27.65854187998599,1001.3755627631118,39.463162355735875,8.328459158915532
2026-09-02 17:20:00,26.876940072743825,1001.3290079859148,40.826272123022406,13.107882869267213
2026-09-02 17:25:00,27.06211046833504,1001.1641044457667,39.80164712018938,1.3455008410978213
2026-09-02 17:30:00,26.632017713544837,1001.1417049703986,40.84625050718615,3.9624083676458195
2026-09-02 17:35:00,26.270841939677126,1001.1704119197509,42.82065056673476,3.171268430279297
2026-09-02 17:40:00,27.033874585035242,1001.0973768978961,41.20350135944764,0.7161602517869761
2026-09-02 17:45:00,27.26442511963758,1000.7174371530695,39.70107551914756,3.5411782032699732
2026-09-02 17:50:00,25.77636878103318,1000.9842937728426,44.45865742760063,7.120757032226935
2026-09-02 17:55:00,26.3940735951365,1000.8620881265902,42.34109121538188,3.4044682434811824
2026-09-02 18:00:00,25.73974297235127,,44.39218700022865,5.566418904408534
2026-09-02 18:05:00,25.634360162673126,,43.68909786653192,9.69996859555519
2026-09-02 18:10:00,25.419632392398476,,44.60898552326162,7.088149572434554
2026-09-02 18:15:00,25.13661661458738,,45.74688368371951,4.585878829148605
2026-09-02 18:20:00,25.325562669889308,,44.316701255148054,4.38904542632685
2026-09-02 18:25:00,24.79610882715128,1000.943198497281,49.16903512759366,4.980787923899369
2026-09-02 18:30:00,25.057476606403675,1000.923032060933,44.83348748856792,2.799427382671736
2026-09-02 18:35:00,24.748550900393955,1000.9428085759876,47.177499331731745,6.31347704830772
2026-09-02 18:40:00,24.491044270876692,1001.1545389403506,48.00656317840214,4.207281933999975
2026-09-02 18:45:00,24.040278915897076,1000.6731825134913,50.41466808156229,8.585242438032257
2026-09-02 18:50:00,23.988059373072296,1000.9130654575998,49.18916056186297,7.323841046908434
2026-09-02 18:55:00,24.335250223823166,1000.7046753503298,49.0996105622709,5.938535927880472
2026-09-02 19:00:00,24.046728955110645,1000.9309348584687,49.70859174869064,4.08446273931791
2026-09-02 19:05:00,23.267631568646358,1000.7160966889396,51.86985486763016,2.923662007333875
2026-09-02 19:10:00,23.50978260543354,1000.7998515289977,53.209930133149214,7.31143794735241
2026-09-02 19:15:00,23.58118660011889,1000.8289603719478,51.64582788855588,4.839941541618406
2026-09-02 19:20:00,22.422719769099448,1001.0325157671801,55.714632444903565,2.9677707795997423
2026-09-02 19:25:00,23.117026518123495,1001.0389211278999,52.12468061314126,2.7187937338417134
2026-09-02 19:30:00,22.44326660587215,1000.7313302273227,54.570048135395574,2.460758997354203
2026-09-02 19:35:00,22.744705308830206,1000.9454196459889,52.81566107793378,7.032492851926301
2026-09-02 19:40:00,22.0189111654218,1000.8516196375326,56.259575285888246,2.902511311641699
2026-09-02 19:45:00,21.409693616915185,1000.7919689763926,58.67749454282824,4.880914375434574
2026-09-02 19:50:00,21.287827298839204,1000.972614078322,58.4678428821571,4.336970431522635
2026-09-02 19:55:00,21.765125920242898,1000.9849701237029,58.69817965227688,5.164625721655105
2026-09-02 20:00:00,21.65676220216007,1001.422897557483,56.323566343831125,7.964241323793903
2026-09-02 20:05:00,20.998145184048695,1001.1529685441026,61.84968151840221,7.8228514353545595
2026-09-02 20:10:00,21.42240860268984,1000.911916496519,57.913932959262006,4.2595552814091455
2026-09-02 20:15:00,20.309648271337064,1001.0656887422017,62.43750921376942,0.6844248951848656
2026-09-02 20:20:00,20.755377605559023,1001.3366784845645,62.244907800383075,4.100726242123181
2026-09-02 20:25:00,20.10530836604214,1001.5309315618981,63.436188681865545,5.309410983213146
2026-09-02 20:30:00,20.13732119762998,1001.0149958977133,64.92321420575604,4.968035618556215
2026-09-02 20:35:00,20.225874561572027,1001.0070718449246,61.42272910886544,5.645601647225506
2026-09-02 20:40:00,19.672210802952783,1001.6067148776663,68.72243394103107,2.24979879335831
2026-09-02 20:45:00,19.672699260810006,1001.4222669966186,66.17657196659913,5.608843500165386
2026-09-02 20:50:00,20.03995055914447,1001.27198281291,64.66503009705008,2.4700441813640857
2026-09-02 20:55:00,19.218437271767048,1001.5213713584144,67.65095830580258,6.480653718851585
2026-09-02 21:00:00,19.596161682136948,1001.0852144743087,67.30629993056048,3.539428390611621
2026-09-02 21:05:00,18.62370432154195,1001.5208327143405,70.27380410382784,6.118397981089505
2026-09-02 21:10:00,19.10230307372878,1001.6095001672402,67.8344002438624,1.2180864358520287
2026-09-02 21:15:00,19.282975499610952,1001.7391198804698,67.38129233836327,3.9813778922418543
2026-09-02 21:20:00,17.534908860272857,1001.4886003842099,75.27389575393136,6.077181325407273
2026-09-02 21:25:00,18.023358194264503,1001.6936981592053,76.43411912648077,2.789908471149241
2026-09-02 21:30:00,18.392904256643934,1001.5820491751956,70.74355067584254,6.926826951249797
2026-09-02 21:35:00,17.902303621947325,1001.7989492091388,76.72301228305334,5.489986064125025
2026-09-02 21:40:00,17.954990850993916,1001.6657840980232,74.74047132525851,5.176048904462913
2026-09-02 21:45:00,17.389589869287114,1001.7778868733867,75.71956857222209,3.6327391783501
2026-09-02 21:50:00,17.49218761360341,1001.7282246002926,76.21555333886877,4.463655724990684
2026-09-02 21:55:00,17.22343966390918,1002.0131502719698,80.61830006470024,5.245759887929911
2026-09-02 22:00:00,17.582847301431208,1002.0814293310128,75.95012395249073,4.398399876775992
2026-09-02 22:05:00,17.0494648735235,1001.9538621904402,81.52948489030143,6.020845494970313
2026-09-02 22:10:00,16.916709975255486,1002.0303114187566,82.48384279343065,4.147400773835351
2026-09-02 22:15:00,16.452972045557264,1001.8418516543821,84.63961603260891,2.614606942322174
2026-09-02 22:20:00,16.260886068807583,1002.047717575755,83.28419548951567,2.698445087473846
2026-09-02 22:25:00,16.12333206386207,1002.1175536384093,82.29938799754736,0.4196134575948881
2026-09-02 22:30:00,16.296852239016054,1002.549430381012,82.69947612047667,3.291022999904794
2026-09-02 22:35:00,15.815750030693533,1002.0194834820794,87.27933408051099,6.465657090324835
2026-09-02 22:40:00,15.947548635289245,1002.4345435404547,86.77304864936316,6.914856863895559
2026-09-02 22:45:00,16.511781204901947,1002.3916899526591,79.94748853835087,2.616016160871863
2026-09-02 22:50:00,15.882604011579655,1002.3100443261667,87.17236312267075,9.831404818597084
2026-09-02 22:55:00,15.258891545960209,1002.5560144364905,91.24112078867785,4.594934344717883
2026-09-02 23:00:00,15.727608246274013,1002.3707392265691,86.86945064687026,8.676515700906297
2026-09-02 23:05:00,14.944449188060025,1002.3943773008998,91.83670723807045,6.091810291055797
2026-09-02 23:10:00,14.155779892584853,1002.3474454992142,91.06791100574658,6.2266569955657065
2026-09-02 23:15:00,14.43399671870595,1002.5566452969143,90.70249203531401,1.6396909386063903
2026-09-02 23:20:00,13.958023297813753,1002.5535228710323,91.21527260061815,2.74146165459206
2026-09-02 23:25:00,14.437805537983804,1002.309353537166,91.88631514038649,0.5175238075754448
2026-09-02 23:30:00,14.460864556386719,1002.2176488626407,89.98583800982931,6.171849402686826
2026-09-02 23:35:00,15.00222576088683,1002.3955700056356,90.62970614748646,3.573996472726241
2026-09-02 23:40:00,14.343693285801896,1002.3146191939961,89.50791495149991,6.836022245705252
2026-09-02 23:45:00,14.009720541772111,1002.4318114925416,90.77040573909696,3.538449497179586
2026-09-02 23:50:00,14.316775880748215,1002.6317632979108,90.87797317366729,7.1945043281398435
2026-09-02 23:55:00,12.991472950256485,1002.3804411039622,90.58369782865049,2.058389090510974
2026-09-03 00:00:00,13.864391375615241,1002.4435764928033,90.33675628564937,2.3999286594073355
2026-09-03 00:05:00,13.976058132480787,1002.4577397624465,89.64699466796176,3.5509919194852513
2026-09-03 00:10:00,12.977233482952512,1002.573412210039,90.78905001938644,3.9854029062825354
2026-09-03 00:15:00,13.930554757621431,1002.1043067786362,91.39632085518775,3.601509986483173
2026-09-03 00:20:00,13.516304294645076,1002.343619934441,90.3443608720385,6.60556403596499
2026-09-03 00:25:00,13.126147161779,1002.4577096550869,90.83271839777636,1.7563774287091078
2026-09-03 00:30:00,13.460270601533033,1002.5955477852946,89.85190129373716,3.617716755448989
2026-09-03 00:35:00,14.03390272488389,1002.3294197631645,90.9043583835059,7.410683249496404
2026-09-03 00:40:00,13.120443599872177,1002.1075695800545,90.41559906393535,1.4461194135851156
2026-09-03 00:45:00,13.072690537243568,1002.4660666814465,90.22774616097388,9.290365212162726
2026-09-03 00:50:00,12.719025030870219,1002.260109238843,90.20401888880431,11.39388363781177
2026-09-03 00:55:00,12.495887090038428,1002.1575534226861,90.37172715100455,1.6749146366806267
2026-09-03 01:00:00,13.104727716305153,1002.2212715972211,90.80240946508286,3.227165491079807
2026-09-03 01:05:00,12.37066451942397,1002.2645425602128,89.90364193744784,3.7539396519936497
2026-09-03 01:10:00,12.68598656381323,1002.1772371658125,90.38332564604976,6.73128535909787
2026-09-03 01:15:00,12.41433595664559,1001.9113262280745,90.54206130888957,5.235581877295262
2026-09-03 01:20:00,12.748824296062399,1002.3494768841749,90.03677056907779,5.592319091553732
2026-09-03 01:25:00,12.646341139262592,1002.3775097921374,91.47743397829805,6.546603760406269
2026-09-03 01:30:00,12.887360857166666,1002.2540397160584,90.1692474194033,1.9487347808707063
2026-09-03 01:35:00,12.231643909639075,1001.9544314804019,90.21521078452204,7.36058752578735
2026-09-03 01:40:00,12.294853649551408,1002.062445342864,90.06523038088575,6.082122632084851
2026-09-03 01:45:00,11.982307610124636,1002.0581621692927,91.43156548879291,5.104021595205655
2026-09-03 01:50:00,12.170968529210874,1002.1143948779468,90.82210245511712,8.166845817617139
2026-09-03 01:55:00,12.478347166255618,1002.0893063492416,90.09900373509245,6.037473295788343
2026-09-03 02:00:00,12.612835272467276,1001.8425355936974,91.12986509392039,2.610448363207122
2026-09-03 02:05:00,11.927659781575002,1001.9277791691583,90.62881006111971,4.121964048886885
2026-09-03 02:10:00,12.634727286334261,1001.9461889702034,90.70691291039817,4.539760538736291
2026-09-03 02:15:00,12.823369869073737,1002.0574753475827,90.41927559121186,1.3108090226039841
2026-09-03 02:20:00,12.444585359851146,1001.9057620273514,90.19021733792937,9.67291897407699
2026-09-03 02:25:00,13.031887516945057,1001.879000148894,90.77498711788087,2.0404041599985154
2026-09-03 02:30:00,11.977464872647584,1001.733436863294,90.25943944235144,6.013756356582638
2026-09-03 02:35:00,11.798774240904345,1001.8924139567753,91.4277144510288,4.620286631423615
2026-09-03 02:40:00,11.598636645364191,1001.7021491964477,89.87049725026208,0.8862764875162809
2026-09-03 02:45:00,12.925851194343668,1001.4713161730131,91.366767314947,8.846123525912098
2026-09-03 02:50:00,12.610293821206017,1001.7708324868323,90.52091144863529,7.600038771572514
2026-09-03 02:55:00,12.351216625148364,1001.6250118792318,90.70789715926058,4.740474972821707
2026-09-03 03:00:00,12.514111434639181,1001.414120031992,90.98639289817314,2.8044182187731552
2026-09-03 03:05:00,11.984352358296581,1001.3692530503861,90.21734535861779,1.9806054275236356
2026-09-03 03:10:00,13.449001458158497,1001.4467130544626,91.06731368462557,3.6960734576490504
2026-09-03 03:15:00,12.56224697503022,1001.4333025893031,89.21942452321544,2.9869917172210574
2026-09-03 03:20:00,12.597854122495074,1001.3556639412052,90.21570261321486,4.623337863537863
2026-09-03 03:25:00,12.89159342385028,1001.3357568037119,90.13426003007893,10.131809024017436
2026-09-03 03:30:00,12.844505198770028,1001.5078870007354,89.96624153690333,5.087296907255694
2026-09-03 03:35:00,12.796063612727337,1001.3783966188029,90.48212370085017,8.170135398688162
2026-09-03 03:40:00,12.448290408738098,1001.2120663289398,90.75806092788258,5.642089281244997
2026-09-03 03:45:00,13.014565676736881,1001.2916014299425,90.95622333684474,4.416560619881687
2026-09-03 03:50:00,13.64377884920633,1000.963680536103,90.76916431782979,7.63751540346101
2026-09-03 03:55:00,13.497583349954947,1001.1477136277905,90.30572175648763,4.391270229793771
2026-09-03 04:00:00,13.668553207067493,1001.3302860369912,90.83495383576232,7.835760230934041
2026-09-03 04:05:00,12.902032242839473,1000.9985356576624,90.65916492654412,3.2291772666323824
2026-09-03 04:10:00,12.789251489941645,1000.8780215465928,91.05715185740293,2.042409386301471
2026-09-03 04:15:00,13.216645165454157,1000.8829313797049,91.0074719921044,7.647161335709712
2026-09-03 04:20:00,13.374363156345325,1000.7946116601437,90.64523291057056,5.175010268812479
2026-09-03 04:25:00,13.878063420984514,1000.8194652431197,90.2163433657822,8.156071339167623
2026-09-03 04:30:00,12.854867082224551,1000.8626116190011,90.26724510040032,9.166765680329554
2026-09-03 04:35:00,14.238242350257,1000.6903179084318,90.41496694980536,1.2912702825805906
2026-09-03 04:40:00,13.660840747837428,1000.8884860093709,90.49227715019035,4.585455472524944
2026-09-03 04:45:00,13.653913372580835,1001.0085654351515,90.78345468318666,3.770397062452566
2026-09-03 04:50:00,13.523392572837125,1000.7262931240165,90.9979500520596,5.453385031969342
2026-09-03 04:55:00,13.372751860520466,1001.0817922542088,90.60432316491682,6.908789478728283
2026-09-03 05:00:00,14.473258368602908,1000.9242267747965,90.71411316943419,3.156272400085356
2026-09-03 05:05:00,14.285390730186839,1000.9982196076706,90.76476594104096,4.961385650218749
2026-09-03 05:10:00,13.854871512630819,1000.7433454630003,90.40541107456373,6.108466818713475
2026-09-03 05:15:00,13.97027547572451,1000.9709945628501,90.20865579035303,2.08977043867502
2026-09-03 05:20:00,14.474041633888431,1000.6822673205668,89.82838571292592,7.133837920552148
2026-09-03 05:25:00,15.398547505790946,1000.9853181121307,90.42181349940725,5.308803826009902
2026-09-03 05:30:00,14.752156857948437,1000.8857937883342,90.96178175189804,9.504858614665352
2026-09-03 05:35:00,14.382196970835068,1000.9537829971972,90.34832719071991,3.5422815635016547
2026-09-03 05:40:00,15.014957954200321,1000.7077970741482,90.62430479317433,1.860697815681315
2026-09-03 05:45:00,15.136240002226327,1000.7657990058018,90.984713230621,4.622077923203591
2026-09-03 05:50:00,14.3008541512501,1001.0081636487218,90.95452346664784,1.647410179167868
2026-09-03 05:55:00,15.494306263314565,1000.7974539952983,90.23614024154536,10.276170608465604
2026-09-03 06:00:00,15.56213174051244,1001.0329265536793,91.27904925868432,1.0924541987547922
2026-09-03 06:05:00,16.073464356718645,1000.7847284207602,91.37886197847283,6.508638538622134
2026-09-03 06:10:00,16.67696348719716,1001.1459898493289,90.29093147954714,4.746140138576712
2026-09-03 06:15:00,16.532256469193392,1000.8654537117662,90.43421046849156,3.7296668050382307
2026-09-03 06:20:00,16.120100908183705,1001.167337937604,91.41388458016519,1.4353826859120207
2026-09-03 06:25:00,15.932774010856354,1001.2150746311739,90.73224082161074,5.426085980886257
2026-09-03 06:30:00,17.55408312307922,1001.0560073366346,85.32216724774753,5.159480242371659
2026-09-03 06:35:00,16.699332281370168,1001.2896517998624,90.15751797290463,3.158224270627332
2026-09-03 06:40:00,16.83359655301226,1001.2857417501172,89.38171683453047,8.539025875350925
2026-09-03 06:45:00,16.97215163585293,1001.2126467650762,89.88100002463126,3.31172938990004
2026-09-03 06:50:00,17.216131375405983,1001.1914205618788,89.6361352882235,4.250819994323001
2026-09-03 06:55:00,17.235489546463388,1001.0999327440036,90.39149132368982,4.872210552903831
2026-09-03 07:00:00,17.221266513479755,1001.5007441241613,91.62343679980667,1.7874423867528726
2026-09-03 07:05:00,17.390567123901,1001.2698446140101,89.9904007094554,9.02172467200984
2026-09-03 07:10:00,17.755790497171436,1001.5773808976977,87.48320551486418,3.7676475273011514
2026-09-03 07:15:00,17.71202422939821,1001.584265854176,87.96087833524729,1.596222233148401
2026-09-03 07:20:00,17.80559849614138,1001.7884880864343,88.71022954635552,3.849471389086848
2026-09-03 07:25:00,18.295410664118773,1001.7062099183005,86.79165070535882,5.26622408776483
2026-09-03 07:30:00,18.313626977586395,1001.7689995224439,83.75196744592314,4.669601199228009
2026-09-03 07:35:00,19.18059003490023,1001.9970272865221,79.63815337407623,5.989555313803539
2026-09-03 07:40:00,17.682493489765065,1002.0081925042487,86.94469897238275,1.3140579773103243
2026-09-03 07:45:00,19.343804040494287,1002.0778255792459,77.21612665691669,3.182549417454301
2026-09-03 07:50:00,19.57030412867279,1002.1749633106468,80.26237316977307,7.193303982994983
2026-09-03 07:55:00,18.407449005999418,1001.9500296185566,85.71627156590122,1.5870722355071252
2026-09-03 08:00:00,19.264848751014544,1002.3712134565848,81.17508729558072,7.649506647406896
2026-09-03 08:05:00,19.418567077941233,1002.4283464727262,79.6395012180803,1.7225286414686234
2026-09-03 08:10:00,19.169376627845743,1002.2641176103517,82.9575003636164,7.504658439763749
2026-09-03 08:15:00,19.58642809307854,1002.4614244901076,76.60000325723804,3.775586275159782
2026-09-03 08:20:00,19.61835088368425,1002.5747372867897,79.67069357073721,5.539702981587369
2026-09-03 08:25:00,20.928286369313838,1002.6441421269465,72.95421585598508,2.337898721099399
2026-09-03 08:30:00,20.76613471450557,1002.7990699625433,71.92756702169636,1.5141962869423229
2026-09-03 08:35:00,21.064576627982337,1003.0492646618557,72.6039513243342,2.877785358682574
2026-09-03 08:40:00,21.008238820518333,1003.083189846196,72.23350602607643,2.175540521603382
2026-09-03 08:45:00,20.4310072399113,1002.811154877188,76.25061480733783,3.628730561144232
2026-09-03 08:50:00,20.835239031021015,1003.1889593478329,73.9978121804914,5.079163901036553
2026-09-03 08:55:00,21.402496423352016,1003.3831479849787,70.0868541261043,5.67745669050888
2026-09-03 09:00:00,20.878794633556133,1003.3303859304729,76.4117252054892,7.5807288577301
2026-09-03 09:05:00,21.812863835754182,1003.5248651933827,70.14391510172175,6.319576945659976
2026-09-03 09:10:00,21.59059287566098,1003.752108261134,71.16439116360503,5.968855571024348
2026-09-03 09:15:00,21.694813967168823,1003.6929692347029,69.87604229853449,4.521688621507218
2026-09-03 09:20:00,22.286027576951728,1003.6659495710786,68.75437178505697,5.010115818398276
2026-09-03 09:25:00,22.3350541965502,1003.8743527876591,67.70698839759947,4.607521867714082
2026-09-03 09:30:00,22.167394224983155,1003.8281558139881,69.0926034740656,8.617084925430794
2026-09-03 09:35:00,22.928594176015736,1003.8985401699166,63.67413726028744,3.264794322406349
2026-09-03 09:40:00,22.184092127274415,1003.930376785424,66.62065531497896,0.48702446493281165
2026-09-03 09:45:00,23.013045166995855,1004.305241744895,60.28444715631711,6.6442493744160815
2026-09-03 09:50:00,23.1524885392367,1004.035018832996,63.246422516105724,3.0991468736400094
2026-09-03 09:55:00,22.938356399079744,1004.4740118689967,63.28026987411027,9.74572685997416
2026-09-03 10:00:00,23.337831962964234,1004.4047395350663,64.56207812063576,9.238406486061963
2026-09-03 10:05:00,22.850341824302856,1004.2046082678407,64.58525724628217,1.8764551485922085
2026-09-03 10:10:00,23.86194006776025,1004.5534505451465,59.329240980556385,2.241071946935193
2026-09-03 10:15:00,23.557973633947626,1004.266068747919,62.53856208651499,5.557709827443782
2026-09-03 10:20:00,23.56044442024303,1004.7565575370339,60.85622494349279,6.554539919353167
2026-09-03 10:25:00,24.324662060997223,1004.8759847655355,60.01825744014789,3.8559089444688004
2026-09-03 10:30:00,23.75670396492756,1004.7335493037232,62.44298224167345,7.681921381089994
2026-09-03 10:35:00,23.606232114639504,1004.9187982275046,62.99818273750153,6.5373804918622165
2026-09-03 10:40:00,23.67586716958136,1005.2698436293775,60.91807587148915,4.3332478077290135
2026-09-03 10:45:00,24.66748806132027,1004.9758355558336,58.63531160870732,-4.5
2026-09-03 10:50:00,24.0370778003428,1004.9662989401223,58.137819535752335,8.227521589015172
2026-09-03 10:55:00,25.372871266807216,1005.4192218799936,55.595846421618155,3.4523082148637303
2026-09-03 11:00:00,23.95736406898047,1005.5615408733732,61.776400606265575,9.462512531653022
2026-09-03 11:05:00,25.58531964519181,1005.3361777226982,56.12126315284788,5.234633113969087
2026-09-03 11:10:00,25.105106497381072,1005.5540543322473,57.994969545498236,6.606854293209127
2026-09-03 11:15:00,25.093281249248363,1005.6684633220837,57.54341829103903,10.275873760054296
2026-09-03 11:20:00,25.022515169378213,1005.4189304683407,59.45286047656591,10.142047621472011
2026-09-03 11:25:00,25.505849000421996,1005.5186850742568,55.23838229659389,4.9175739378386965
2026-09-03 11:30:00,25.433995362492738,1005.835373296146,56.18056393814305,3.507218113471333
2026-09-03 11:35:00,25.99031652991688,1005.9608095384531,53.79037081728105,8.886129339538924
2026-09-03 11:40:00,25.691675555089518,1005.8478338879237,53.070901035496064,5.501068913622228
2026-09-03 11:45:00,25.80008790064494,1005.6847822672669,55.00161804856677,3.384528403667823
2026-09-03 11:50:00,25.68545227066022,1006.1661580364564,57.31162534830209,11.270543450385775
2026-09-03 11:55:00,25.89595090411178,1005.8377772647286,54.25985345508859,3.468009792672878
2026-09-03 12:00:00,26.12654020128686,1005.9144479585858,54.23119648854386,1.197409856339595
2026-09-03 12:05:00,25.400858667237614,1006.0613331768767,55.25850265877229,1.0633420779702054
2026-09-03 12:10:00,25.623933989825574,1006.2863393839768,54.689234171232485,7.352768530609048
2026-09-03 12:15:00,26.535532532177648,1006.2225186100161,52.67691543907979,7.7797601845260305
2026-09-03 12:20:00,26.378291007998744,1006.1958424592816,50.242349390288034,4.574178991730963
2026-09-03 12:25:00,26.304732860284343,1006.2402936206532,53.808776422052034,4.666226256326753
2026-09-03 12:30:00,26.450710413616587,1006.2125305675689,51.39955215025263,4.851028211557967
2026-09-03 12:35:00,26.643976965454357,1006.3229649106934,53.148879258031585,8.06139165894417
2026-09-03 12:40:00,26.3472138351269,1005.891114641901,52.088017066396056,1.851939863332804
2026-09-03 12:45:00,26.306506090245215,1006.2554568619888,53.893376176522,12.336978070077272
2026-09-03 12:50:00,26.747385771454724,1006.3636749379233,52.75913083303093,3.8119738319376353
2026-09-03 12:55:00,26.325401941430275,1006.1805212339228,53.28142363777978,21.565495298981688
2026-09-03 13:00:00,26.92421523392295,1006.4350292010123,50.75979495987787,3.3075950231269062
2026-09-03 13:05:00,26.12048120257628,1006.3685745111995,53.859827246390786,9.27951772771554
2026-09-03 13:10:00,27.250194328650565,1006.6830384089507,49.03861405921352,3.8456299147294346
2026-09-03 13:15:00,27.06098665206963,1006.6745031367134,50.30678887090609,2.2234126006753447
2026-09-03 13:20:00,27.004156298022696,1006.3859311801366,52.19680711048353,11.053992599029062
2026-09-03 13:25:00,27.320983479634673,1006.4489078029774,50.44925491475613,10.736566342856277
2026-09-03 13:30:00,27.616612039095788,1006.4747165926187,49.52521807997704,5.52187565341147
2026-09-03 13:35:00,27.37502629960277,1006.4309463133013,48.22005656068497,8.462573686106287
2026-09-03 13:40:00,26.2481155661051,1006.5395172130194,53.213945085192776,6.940962028287645
2026-09-03 13:45:00,26.48414436239115,1006.4068445240365,52.71407480476082,10.654639668037621
2026-09-03 13:50:00,26.753874247301354,1006.3601492445321,49.21628151674446,4.735420917941623
2026-09-03 13:55:00,27.01837680385214,1006.6312131238302,51.23430319109428,6.6307175415840724
2026-09-03 14:00:00,27.21545221664411,1006.6392922895286,50.51576619399026,6.275909507257571
2026-09-03 14:05:00,26.7148479776409,1006.4303470766777,52.469802727093764,5.088707457409912
2026-09-03 14:10:00,27.0729187310321,1006.6905903496095,49.32649856387126,11.471148450290102
2026-09-03 14:15:00,26.685437767914053,1006.466091805554,49.25832893958653,3.2772856648709623
2026-09-03 14:20:00,26.728679699880416,1006.6026831773336,52.51425747231076,3.0952571329110854
2026-09-03 14:25:00,26.392641602293693,1006.6910697358546,53.557051685735274,7.129261464686173
2026-09-03 14:30:00,26.564363478180926,1006.5658086070039,50.12310925346153,7.950917055440364
2026-09-03 14:35:00,26.36767515840997,1006.6415107027713,52.1447294747763,3.5703687057199893
2026-09-03 14:40:00,26.48904517690428,1006.4979961304047,54.452383175476626,5.39649236555489
2026-09-03 14:45:00,27.268263479130738,1006.5479596926032,49.003202636851604,13.106280042932724
2026-09-03 14:50:00,26.430841623983767,1006.5484248649736,51.797431617144575,4.06979315163705
2026-09-03 14:55:00,27.823747665646433,1006.4691935892538,48.34561316187097,8.023189692416283
2026-09-03 15:00:00,26.9247337706649,1006.5566410792975,48.25435277406035,8.85177254408008
2026-09-03 15:05:00,26.754391565770764,1006.3530396448457,50.936928929156856,5.868933655864075
2026-09-03 15:10:00,26.286625616470406,1006.514130853475,51.847490817984905,12.652743898922736
2026-09-03 15:15:00,26.856089504986205,1006.5479382784334,50.76343187726377,8.759542032370431
2026-09-03 15:20:00,26.28821828978971,1006.5555999237636,52.20131989659209,5.9216430455079365
2026-09-03 15:25:00,26.506323797034952,1006.561748014234,51.41256131390507,6.930054280150384
2026-09-03 15:30:00,27.417167961032618,1006.5933383080935,49.14891803423188,8.181210969983672
2026-09-03 15:35:00,26.286923208320143,1006.6799291906407,50.43710878773054,7.1160364973403745
2026-09-03 15:40:00,26.713900863150705,1006.7454742912029,51.13564371337696,10.884114328605492
2026-09-03 15:45:00,25.8984309171577,1006.524082166816,50.53693590899008,4.965197504226344
2026-09-03 15:50:00,26.087917521813395,1006.4493747155127,50.1691925596721,4.449141083936551
2026-09-03 15:55:00,26.729183586177278,1006.4830032963359,51.74470071873992,3.6438506982650196
2026-09-03 16:00:00,25.685805015616864,1006.5769195618208,53.6796510083257,1.4533038504425044
2026-09-03 16:05:00,26.57411855571088,1006.6092224645838,50.52672600579001,1.54762110269571
2026-09-03 16:10:00,26.04164824641004,1006.5599260485375,51.52333352070691,10.5073618511
2026-09-03 16:15:00,25.439873951239253,1006.4959080609559,53.798437974275906,7.806322945038962
2026-09-03 16:20:00,25.82108712383794,1006.6383715172224,54.27044507528459,7.589924503620404
2026-09-03 16:25:00,25.85740618180751,1006.7521077142464,52.69007226395748,7.103355551980224
2026-09-03 16:30:00,25.614414077537035,1006.8339654405396,52.92454495157253,9.965825690120472
2026-09-03 16:35:00,24.632000979101257,1006.6826983594137,58.34414905906209,5.8373551870278995
2026-09-03 16:40:00,24.860783054821358,1006.7278136361153,58.46265144514532,10.271171559451309
2026-09-03 16:45:00,24.941376421489785,1006.6761247377584,55.45143873405695,4.774598338189612
2026-09-03 16:50:00,24.896609339601817,1006.8377551171764,56.38236067371188,11.513224604851366
2026-09-03 16:55:00,25.057958621263637,1006.744580737118,53.69594251937147,7.764231863718626
2026-09-03 17:00:00,24.761442171190293,1006.9892744048169,57.30363112464228,3.8470856296074345
2026-09-03 17:05:00,24.03431892016297,1006.6690215788855,58.015505552056446,6.397920992188802
2026-09-03 17:10:00,24.5961128647575,1006.9187357287261,57.691734910254496,6.096487042235362
2026-09-03 17:15:00,24.561387763359374,1007.0558495407018,56.55304078114206,2.6773884877982908
2026-09-03 17:20:00,24.41179379762811,1007.078524891617,58.5690697465943,6.5397396846016855
2026-09-03 17:25:00,24.48858139674162,1007.4974684112483,56.444029521929046,4.228247881370196
2026-09-03 17:30:00,24.25596087418946,1007.1908746544855,58.99774636434777,1.585897129869361
2026-09-03 17:35:00,23.969983580469876,1007.0350415091989,58.14619387179852,11.71886812137975
2026-09-03 17:40:00,23.620027742679277,1007.2209507810171,60.53316677617032,6.848539962232455
2026-09-03 17:45:00,22.843422453057475,1007.0208475220073,61.98159720088019,9.729664134696398
2026-09-03 17:50:00,23.537365647669716,1007.3296152748806,59.17190780026688,7.094272147363661
2026-09-03 17:55:00,23.304373118789616,1007.2735833667246,61.088990431187476,4.413269269524889
2026-09-03 18:00:00,23.18384779833268,1007.5951073529529,61.22942586784179,5.595814786905291
2026-09-03 18:05:00,22.41664490924361,1007.4370456824977,64.51148699623351,6.959798338944764
2026-09-03 18:10:00,22.34533187875964,1007.5660566491914,65.75010051243888,11.701713615950423
2026-09-03 18:15:00,23.047780960725,1007.5547412510043,62.47731588662904,3.501347762370383
2026-09-03 18:20:00,22.457892173695704,1007.979801939759,66.50678365352151,9.271477909204554
2026-09-03 18:25:00,22.592012740789354,1007.7420660773344,62.4928832876503,10.253618825737206
2026-09-03 18:30:00,22.175017330505696,1008.1387719899202,66.25863845868052,6.681376896681741
2026-09-03 18:35:00,22.01852545200603,1008.0619793161486,64.42118611020501,10.304458429425408
2026-09-03 18:40:00,22.223601928145712,1008.0904371442492,66.78666699668632,4.45328638762826
2026-09-03 18:45:00,21.482345865303042,1008.1539762923774,68.02922948876977,10.854473010716488
2026-09-03 18:50:00,21.566575522829613,1008.2405057492483,64.29108123995564,6.786922685716089
2026-09-03 18:55:00,21.181547398163666,1007.9772437774247,68.56932837801367,1.2668868855692208
2026-09-03 19:00:00,21.030035452488818,1008.3116634226981,68.78179064048533,9.351192170971402
2026-09-03 19:05:00,20.91666743697725,1008.5694638743847,67.91994325428064,4.902534059208536
2026-09-03 19:10:00,20.96489830057434,1008.5265892800791,71.35591126316561,4.693448418900252
2026-09-03 19:15:00,20.5195406874451,1008.4163612734714,71.31728146914922,5.420553920620601
2026-09-03 19:20:00,21.04770583306346,1008.7144164066193,68.01131014096255,2.365972325003168
2026-09-03 19:25:00,20.021373024343983,1009.0748874200696,73.39033459754407,4.6432622445192235
2026-09-03 19:30:00,20.137810889170765,1009.1050894928528,73.47709484382769,7.7180151799941585
2026-09-03 19:35:00,19.86962375925986,1009.0092581222375,74.19790468975341,0.7169460941919328
2026-09-03 19:40:00,20.456959233365033,1009.2634240915629,72.4334820430572,3.2132640193827964
2026-09-03 19:45:00,19.789219568813778,1009.1694468139151,75.83146554413538,0.27979132371421417
2026-09-03 19:50:00,19.955625308013044,1009.0740468909161,71.23557791539382,4.102111956865384
2026-09-03 19:55:00,18.780896120634498,1009.29756884214,78.08948931961122,6.33325631949322
2026-09-03 20:00:00,19.314198860415093,1009.7786047740459,75.26422441198513,6.9642159677568305
2026-09-03 20:05:00,19.39559806142313,1009.6122397403288,76.83326457621015,9.37242324147887
2026-09-03 20:10:00,18.905217626956553,1009.7271436165203,74.55265760653273,5.326151685746518
2026-09-03 20:15:00,19.131328518651134,1009.8300419928815,80.13844643298951,2.9815394781283557
2026-09-03 20:20:00,18.331410042367366,1010.2729656085311,81.08356477708098,8.83254542519417
2026-09-03 20:25:00,18.935692713058657,1010.344432468274,76.9920732365756,6.720494118181957
2026-09-03 20:30:00,19.12566294407736,1010.5473190244817,78.38909941268355,5.083625536287841
2026-09-03 20:35:00,17.89572205199098,1010.3052808385308,86.58575717807713,5.998643970699068
2026-09-03 20:40:00,17.698096013169227,1010.4886904928545,84.10744432502584,8.836350720934623
2026-09-03 20:45:00,18.293857782481425,1010.3325335586152,81.45432023957116,6.1397441049140244
2026-09-03 20:50:00,18.181388585677514,1010.8976267443137,80.19348682699257,3.7280857999828436
2026-09-03 20:55:00,17.178401201966594,1010.6172488310023,85.13585987803256,6.145179643384252
2026-09-03 21:00:00,17.058466308634234,1010.9414324703708,85.8459244367544,1.1151823294966485
2026-09-03 21:05:00,16.953913504459333,1010.8608907706855,85.07828038311025,3.843856276047243
2026-09-03 21:10:00,16.3701036255802,1011.0536942327744,88.64822930471296,3.9715177135572146
2026-09-03 21:15:00,16.382928871250197,1011.132839730687,86.6619471198303,2.349777786022861
2026-09-03 21:20:00,16.192567120259422,1011.2834183920957,90.73348078450938,0.8405490708888994
2026-09-03 21:25:00,16.132344168154074,1011.4095671902174,88.05302490838577,2.0809787543144136
2026-09-03 21:30:00,16.27231240561074,1011.5235968541492,90.04224535862699,5.670909016963582
2026-09-03 21:35:00,16.228155567273387,1011.8457057749673,90.04846360632294,7.002405047262723
2026-09-03 21:40:00,16.60458938308935,1011.6692141187525,88.29227699541264,11.589156203123041
2026-09-03 21:45:00,15.436678596226214,1011.9815356394258,90.36455057615731,3.586421320793302
2026-09-03 21:50:00,16.08316626032055,1012.2438374130518,90.07771157399782,5.260312225911836
2026-09-03 21:55:00,15.459118655017756,1012.0959382789904,91.676299381892,9.148740842643392
2026-09-03 22:00:00,15.38213830478571,1012.1759978597473,90.45163413799808,2.3513499997231397
2026-09-03 22:05:00,15.531065910821635,1012.3587794194536,90.73002711698211,6.184974889712604
2026-09-03 22:10:00,14.673339475196917,1012.6788066412158,91.2252206273066,6.522569327277193
2026-09-03 22:15:00,15.13882836788325,1012.6381862798513,92.5162019687559,1.6789467591216671
2026-09-03 22:20:00,14.918096747580385,1012.6352604892091,90.11433704133596,7.72955898686232
2026-09-03 22:25:00,14.916431156977474,1012.8919671924692,90.96137983850586,7.122889808147724
2026-09-03 22:30:00,14.70540342780851,1012.7569786309936,90.36822533141823,1.0137565332965717
2026-09-03 22:35:00,15.44455794105323,1013.1258829066155,90.5031258948392,1.6996962689962452
2026-09-03 22:40:00,14.082525359354845,1013.1846755149262,90.31900611872203,1.2344364651235038
2026-09-03 22:45:00,14.002951411179465,1013.1751998480746,90.11078441370421,3.5113209833099823
2026-09-03 22:50:00,13.846430845267468,1013.1917868893322,90.64213339729332,4.640578841127719
2026-09-03 22:55:00,13.756502545084281,1013.2789323294351,89.91929539379372,4.794884315328639
2026-09-03 23:00:00,13.609474576637028,1013.5846155342315,91.11974776978666,3.0697668604503896
2026-09-03 23:05:00,14.228560739445879,1013.7792435879903,90.71669528642458,8.566323874573236
2026-09-03 23:10:00,14.212526871847976,1013.5877991627335,90.89930517701498,3.7273682118223426
2026-09-03 23:15:00,13.31030041579061,1013.8386013526172,90.39243827721786,1.187543922272603
2026-09-03 23:20:00,13.102888208658918,1013.5411444437686,90.42746237900741,3.286218664309576
2026-09-03 23:25:00,13.524639571845489,1013.8487300473887,90.78423149347795,4.786535480343847
2026-09-03 23:30:00,13.018490720657725,1014.011823157755,90.02314238717338,3.983699071550501
2026-09-03 23:35:00,13.39897378618526,1013.9578940220024,90.45271284290898,3.111213308040438
2026-09-03 23:40:00,13.136555332359817,1014.0295147269815,90.1836083065933,2.0636671506049904
2026-09-03 23:45:00,12.361885434707041,1014.1432261206604,90.11382106991768,7.192535499634332
2026-09-03 23:50:00,13.503240469128237,1014.3583654490288,89.58404271920794,12.966997502258536
2026-09-03 23:55:00,13.521948066003015,1014.3553089906852,91.30992573679809,3.477611410177763
2026-09-04 00:00:00,12.481186846126645,1014.1142653150013,90.22423003106789,3.813106059751594
2026-09-04 00:05:00,12.497315605571396,1014.1962023654552,91.15032139577411,5.395701571344859
2026-09-04 00:10:00,12.696265166065505,1014.4853009589616,91.11700052842956,6.1918738824853765
2026-09-04 00:15:00,12.648692078015515,1014.7047276010745,89.93626652421152,3.8798552162494007
2026-09-04 00:20:00,12.714822083418994,1014.2814221976205,90.03970033335126,8.43696546531782
2026-09-04 00:25:00,13.19552132154193,1014.6738043561155,91.8977815985238,4.983466259627307
2026-09-04 00:30:00,12.264269679475728,1014.7228028069305,91.42769211034735,4.255118222419086
2026-09-04 00:35:00,11.96294482106989,1015.0607486415397,90.51519710474497,5.60989379134374
2026-09-04 00:40:00,11.681387733603719,1014.8433105215702,90.63970188597577,9.61075690789347
2026-09-04 00:45:00,11.895260453412888,1015.0049158786536,90.21074511316262,6.91899945677973
2026-09-04 00:50:00,12.132591138317185,1015.0129319351132,90.75911798857926,1.111431098044373
2026-09-04 00:55:00,12.825592299889314,1014.7143445150397,90.2330789234725,3.49555679796238
2026-09-04 01:00:00,11.866393254583503,1015.1892991177979,89.50794825898241,4.385906049771401
2026-09-04 01:05:00,12.132384847894283,1015.144514477992,89.88214917766857,3.3798491885486066
2026-09-04 01:10:00,12.009515802033611,1015.2246304431453,90.54479513496732,6.036480400788187
2026-09-04 01:15:00,12.46845932654501,1015.7716125539189,90.00107081770126,7.276331663231539
2026-09-04 01:20:00,12.984710398472627,1014.9025053037898,90.56916729523537,6.305427030930701
2026-09-04 01:25:00,11.746258494305595,1015.5044911257593,89.97828470519616,11.719811260279647
2026-09-04 01:30:00,11.751344988442586,1015.2316166934686,90.12479880080082,3.102540091340826
2026-09-04 01:35:00,12.357157292785065,1015.345130139147,90.98535523431588,7.930987614322836
2026-09-04 01:40:00,12.208488556858342,1015.3209207930523,90.67203671776525,6.634510897194582
2026-09-04 01:45:00,12.67452837629996,1015.288321844403,90.57624720015775,3.6882707166760955
2026-09-04 01:50:00,12.17341048602368,1015.2892606480449,90.98530411230638,6.330323885450911
2026-09-04 01:55:00,11.804000425841425,1015.4455872571377,90.7600111572227,1.823311323461396
2026-09-04 02:00:00,12.195743718964163,1015.1887382521398,91.27067921132894,6.863944649011655
2026-09-04 02:05:00,12.41861459274691,1015.5478658132249,90.33316862414864,4.794768802190822
2026-09-04 02:10:00,12.32286281586617,1015.3907111272389,90.34154000446308,3.233892980944043
2026-09-04 02:15:00,12.220998492678081,1015.3004754114463,89.89862399921698,5.6798424440416815
2026-09-04 02:20:00,12.47205477831112,1015.4184028775704,90.3523669139848,5.571479366607654
2026-09-04 02:25:00,12.54426936637097,1015.6895606131393,91.05431833863211,2.666633433014995
2026-09-04 02:30:00,12.664442471590164,1015.4350282718057,91.23036539100981,0.9663266384661079
2026-09-04 02:35:00,12.40994159984696,1015.5827875204931,91.04264056734371,4.146922005043601
2026-09-04 02:40:00,12.126327914715974,1015.4325125038462,89.64540360765137,5.0493340826775395
2026-09-04 02:45:00,12.298402769548462,1015.6685220434723,91.09620701755564,7.9557589218653595
2026-09-04 02:50:00,12.772671801941456,1015.6699756866277,89.66870252289597,8.926458915889185
2026-09-04 02:55:00,12.017435985402372,1015.856491704841,90.98386718364632,4.771020075099889
2026-09-04 03:00:00,12.549593307660412,1015.5647492723687,90.3884152002587,6.5114639497217395
2026-09-04 03:05:00,12.306452692000263,1015.7031959273444,90.9064681942909,4.18352687794886
2026-09-04 03:10:00,12.54067793881197,1015.6294497679405,89.905456863427,6.439333939906115
2026-09-04 03:15:00,13.10965542205591,1015.8210879649229,91.19712073477274,2.632906592528479
2026-09-04 03:20:00,12.747485429944263,1015.5310726959157,89.85370894401187,3.745362475647913
2026-09-04 03:25:00,12.766039870971069,1015.7631581033894,90.25326954047526,5.515776363301932
2026-09-04 03:30:00,12.283560726797235,1015.635127707872,90.05454132724347,0.7445310949818694
2026-09-04 03:35:00,13.209629491155697,1015.6681392236538,-12.0,6.226901053709589
2026-09-04 03:40:00,13.25650035945886,1015.7055694085905,90.66904664838034,7.389389791705006
2026-09-04 03:45:00,13.954306068521262,1015.744378099465,91.5732916863025,3.9254593943218805
2026-09-04 03:50:00,13.060072731539888,1015.7046306019275,91.94152622772756,4.239293971109797
2026-09-04 03:55:00,13.368468213290837,1015.7706716031082,90.67816213121658,7.592599721069576
2026-09-04 04:00:00,13.481590069017926,1015.9925462498645,91.19579695057902,6.7238902719547875
2026-09-04 04:05:00,14.117209532198764,1015.9220596524505,90.79755535807945,3.2064921986776023
2026-09-04 04:10:00,13.555821826438319,1015.924162112692,90.89205835733631,3.4414658885101956
2026-09-04 04:15:00,13.816536194234162,1015.7462187745051,90.48963362999424,5.861913544690764
2026-09-04 04:20:00,14.062303457977404,1015.7032169125138,90.77525328663722,5.005530291139727
2026-09-04 04:25:00,14.011187990082211,1016.0033198618157,90.94292079234903,2.3139982299961583
2026-09-04 04:30:00,13.8785036023039,1016.0162950085091,90.37577048490687,3.3498662209267733
2026-09-04 04:35:00,14.258328513306164,1016.1321634003872,90.65249974362222,8.345546161983982
2026-09-04 04:40:00,14.736791544853595,1015.848619168413,89.82823277528608,5.937227300881987
2026-09-04 04:45:00,14.026356598981236,1015.9343799345052,91.08843184268025,11.36101543266305
2026-09-04 04:50:00,14.6226973010627,1015.7541886117275,88.96218920801466,6.6383213811188515
2026-09-04 04:55:00,14.424874585839898,1015.9742996854328,87.51098306667036,9.279971125974285
2026-09-04 05:00:00,15.321164402077555,1016.2175286756835,85.44733532038468,2.714498327065487
2026-09-04 05:05:00,14.374844464740116,1016.0348050291614,91.28130663251142,6.682336757728159
2026-09-04 05:10:00,14.904214596838218,1016.2394971258764,87.51376745949003,0.7860323857710418
2026-09-04 05:15:00,15.42496156790954,1016.1554473357935,84.81750281572484,5.797136655183175
2026-09-04 05:20:00,16.049146798337468,1016.2752191291983,80.24960041660461,4.377685591510191
2026-09-04 05:25:00,15.548000654122854,1016.0990690579009,81.96119615516052,3.588979866807525
2026-09-04 05:30:00,15.50602287243377,1016.3306710009531,83.84106803831546,7.745898173653497
2026-09-04 05:35:00,16.636739801162477,1015.9179666950249,76.87551220745628,7.632890115144818
2026-09-04 05:40:00,15.463550976965644,1016.3894527320655,81.58589919871852,0.8259921214979798
2026-09-04 05:45:00,15.323950825795317,1016.2258864189306,84.24004772873604,5.33341334705675
2026-09-04 05:50:00,16.542363559936963,1016.7064603655012,76.03942076105088,3.724602486121993
2026-09-04 05:55:00,16.330518345560854,1016.6994186474311,79.98571091646447,4.031443677815712
2026-09-04 06:00:00,16.289855655795044,1016.712201835676,77.61569861969991,7.3462250977048384
2026-09-04 06:05:00,17.15065446680785,1016.9318934270027,76.31203685846424,3.349276439536245
2026-09-04 06:10:00,17.13567659440611,1016.6250900091811,75.99928691890814,9.310381910838478
2026-09-04 06:15:00,16.985176677669315,1017.0953523403629,75.99561324975302,2.447373219827503
2026-09-04 06:20:00,16.873070837214215,1017.0410197093294,74.03391858415472,5.73386281649591
2026-09-04 06:25:00,17.910217082558734,1016.935756591104,67.79063367891503,5.807807413929143
2026-09-04 06:30:00,17.998936939303526,1017.2137163881833,68.4946635190917,2.9649706057624075
2026-09-04 06:35:00,17.878312144562017,1016.9516219296912,69.27033153846266,3.446500245396837
2026-09-04 06:40:00,18.837189262989632,1017.0701108717161,68.79075665769415,7.380232118085675
2026-09-04 06:45:00,17.85240007394898,1017.1807172236639,71.36270393257485,6.587766478336803
2026-09-04 06:50:00,17.853391936732905,1017.2728344753084,70.82467368562573,3.4747163305620776
2026-09-04 06:55:00,18.371195693546255,1017.2757888012826,65.19479365311966,4.8057425200545145
2026-09-04 07:00:00,18.81519015953845,1017.701696258151,65.17773668983725,1.387750954965088
2026-09-04 07:05:00,19.117254046205186,1017.5651873377469,65.9296492387054,2.661318671999964
2026-09-04 07:10:00,19.110864456484904,1017.7444398462275,65.38347613352697,4.485731239948656
2026-09-04 07:15:00,19.536486988721013,1017.6952697942535,63.27925850792761,1.6490461335739932
2026-09-04 07:20:00,19.084138379011375,1017.5986395319953,66.13764339462357,7.488141691017187
2026-09-04 07:25:00,20.35205035260408,1018.0047311780344,61.1210152082209,6.188099421941367
2026-09-04 07:30:00,19.932092805017056,1017.7713944581751,61.6666580369969,9.327136200677455
2026-09-04 07:35:00,20.602815859718113,1018.1433946735802,58.992513804999724,5.980676721860766
2026-09-04 07:40:00,20.48438424581476,1018.0452728395838,59.9952021004972,9.236271573189248
2026-09-04 07:45:00,20.721760949983434,1018.6467384096701,61.71435374496125,4.945678217301186
2026-09-04 07:50:00,20.959017590370188,1018.5846955026167,56.075991923062126,5.266339489638421
2026-09-04 07:55:00,21.102446945217622,1018.5643333464019,58.51776511842352,10.680489297473063
2026-09-04 08:00:00,21.372823580714304,1018.8395560016481,56.633496247911054,5.575337556477875
2026-09-04 08:05:00,21.839800801750567,1018.6255459734438,55.80169545945536,0.9810763945012649
2026-09-04 08:10:00,21.579104171297793,1018.9373832348018,54.73698168800094,6.347509319055994
2026-09-04 08:15:00,21.976320002602,1018.9899843765385,53.904828134065085,8.66814341725437
2026-09-04 08:20:00,21.84883025983736,1019.1044579381354,55.53011152331822,7.171550094573905
2026-09-04 08:25:00,22.652477180229926,1019.3611461432781,55.326410551050216,5.373936142243655
2026-09-04 08:30:00,21.99719548162914,1019.3861051690984,54.475434747989254,6.104341719726535
2026-09-04 08:35:00,23.178983865405968,1019.4258808448577,49.38017117907165,12.547305164797214
2026-09-04 08:40:00,22.632850048006823,1019.2409843715274,51.21246452292593,1.813329629589812
2026-09-04 08:45:00,22.266276309054888,1019.452060591941,51.89617540901689,6.2195804518424875
2026-09-04 08:50:00,23.078786476065996,1019.6846159618199,49.11465279566118,3.44982890392514
2026-09-04 08:55:00,22.94328565127236,1019.8239869367893,50.30633217534583,6.088509727978983
2026-09-04 09:00:00,23.739246978546714,1019.7473122375341,49.93082444793945,5.8705068505316795
2026-09-04 09:05:00,23.328263678712673,1020.3852576897789,47.345889777398845,2.4961492572638213
2026-09-04 09:10:00,23.596123369711787,1020.3573291112768,49.30671381195267,2.9653180503794005
2026-09-04 09:15:00,23.202943484678034,1020.3261509292697,50.209077560977946,6.119276821217959
2026-09-04 09:20:00,23.960800189307527,1020.3521005786054,47.3513720360359,2.316187518040588
2026-09-04 09:25:00,23.353854758182823,1020.4143241620161,49.27418819524588,3.4956375880864896
2026-09-04 09:30:00,23.870171508037686,1020.4075274475333,49.36283678705992,8.51635023832553
2026-09-04 09:35:00,24.98678922609046,1020.6652978626253,44.66039973983795,4.019383230476989
2026-09-04 09:40:00,25.174321624385133,1020.7948028333752,43.48786604732735,5.2612105558660565
2026-09-04 09:45:00,25.205973876551788,1020.6713476864251,43.91221833701595,10.894330082015943
2026-09-04 09:50:00,24.82312516673017,1021.0081232557693,44.34045571624406,3.3075168186054156
2026-09-04 09:55:00,25.363216523265255,1021.0339133738137,42.808216974940905,4.607945067486755
2026-09-04 10:00:00,25.55143218583525,1020.8689660144231,41.50535317707141,6.373587270000534
2026-09-04 10:05:00,25.258213050909017,1021.1226548681705,45.05903426366042,7.880181354798988
2026-09-04 10:10:00,26.48964536255123,1021.2848010724564,41.5851307741153,10.1761797325255
2026-09-04 10:15:00,26.40392820372693,1021.7235937438525,41.784668239422146,10.566315239875758
2026-09-04 10:20:00,26.127194707334045,1021.6159097665127,40.677553827355865,8.278721713061506
2026-09-04 10:25:00,26.38676236508369,1021.4223990281873,39.80991270254505,3.462439210831942
2026-09-04 10:30:00,26.61755112693886,1021.7841529908003,39.01087150530435,1.0840255023722138
2026-09-04 10:35:00,25.87338918175494,1021.5658365502911,40.39914165212581,4.785057129250376
2026-09-04 10:40:00,26.744726384696627,1022.0451083060642,42.198413322557336,2.7011659543473265
2026-09-04 10:45:00,26.721881996242576,1021.8948291409951,38.85034536147161,7.737357174307723
2026-09-04 10:50:00,26.742606428724343,1022.0322024237793,39.38806940079251,7.26756545616313
2026-09-04 10:55:00,27.17683085706016,1022.3237637727349,37.85078073602197,1.4889141495405298
2026-09-04 11:00:00,28.15173857947292,1022.0083057304545,38.12896005785947,9.49636046099466
2026-09-04 11:05:00,27.82971046222978,1022.066084925395,37.20714009785156,3.7912832664812606
2026-09-04 11:10:00,27.482868607833318,1022.2601221422502,37.317631961939625,5.358259468557128
2026-09-04 11:15:00,28.075540230662707,1022.5731197248307,37.807777771832114,7.5114799293483285
2026-09-04 11:20:00,28.538560062604134,1022.2568117250095,35.828042141341264,5.382261750414924
2026-09-04 11:25:00,28.478071175812154,1022.1248533585637,35.87263771216541,5.505386132317266
2026-09-04 11:30:00,28.258505287468974,1022.54454478706,37.52763254368382,1.8877041699101074
2026-09-04 11:35:00,28.09929747790343,1022.7550711959391,38.84243672470549,5.211249023388893
2026-09-04 11:40:00,28.757713604543156,1022.9099652354627,37.5601570601538,8.78541985286162
2026-09-04 11:45:00,28.753054453296354,1022.7155712494512,35.16408773842252,11.51221838332911
2026-09-04 11:50:00,29.06780991072793,1022.775937963483,36.04369924879484,5.372899969605706
2026-09-04 11:55:00,29.07466385088026,1023.0608183402317,34.224709074182215,5.47837233239389
2026-09-04 12:00:00,29.348024316403244,1022.6548201192843,34.48089438529432,8.155094635887176
2026-09-04 12:05:00,28.818419796211934,1022.9220147161186,34.165034611058736,12.564802583167982
2026-09-04 12:10:00,29.66044323546575,1023.0513319892074,34.52804292707157,4.153410000040711
2026-09-04 12:15:00,29.31011837343117,1023.1300960551977,34.14918952819794,5.691731721766722
2026-09-04 12:20:00,30.155358720557523,1023.023665844353,34.030021832848085,9.44794592983821
2026-09-04 12:25:00,29.140301350873948,1023.140219172197,35.73793029519858,7.287976965696624
2026-09-04 12:30:00,30.19759536418537,1022.7942307609089,30.977315581657585,2.578645899235184
2026-09-04 12:35:00,29.666085429743458,1023.0987024703838,33.70955866591495,7.50552205623351
2026-09-04 12:40:00,29.406511421823577,1023.2929854935478,35.06151072867452,3.440529709252085
2026-09-04 12:45:00,29.55009804405069,1023.1027248381348,33.30566329414748,6.406791541383475
2026-09-04 12:50:00,29.68847517344264,1023.2816514451904,33.93139852710954,6.593871705494628
2026-09-04 12:55:00,30.05560359240327,1023.3602335028271,33.064070468421576,11.002369320211269
2026-09-04 13:00:00,30.160731086286017,1023.2599257941604,33.769702601157974,6.007909039996425
2026-09-04 13:05:00,29.78409002897427,1023.3527366659762,32.249409426777255,4.371979937718206
2026-09-04 13:10:00,30.06209344829805,1023.1964199433199,32.76349175179662,3.919257369814558
2026-09-04 13:15:00,30.98328121202944,1023.3213587632716,30.1030874536047,11.026793785415137
2026-09-04 13:20:00,30.868182831925395,1023.4533190746089,31.22963833216232,3.320152066795473
2026-09-04 13:25:00,30.39872619995951,1023.3927454793783,32.939740163410484,5.716764793102891
2026-09-04 13:30:00,30.282653710567686,1023.2866738873421,32.8391926501209,3.4967263693705535
2026-09-04 13:35:00,30.35493239388864,1023.4118489158341,32.79333151183637,9.364634469713238
2026-09-04 13:40:00,30.587995887768585,1023.487150397334,32.22383317026277,6.16848815677763
2026-09-04 13:45:00,29.965332936489624,1023.0724635137676,34.91476973334683,5.061043978254545
2026-09-04 13:50:00,30.299545982615747,1023.552141405788,32.63541852283255,5.152463173279255
2026-09-04 13:55:00,29.759289725786378,1023.3245766551693,32.65208948324835,10.646433907188092
2026-09-04 14:00:00,30.606816047570636,1023.4340635734809,32.670521549425764,6.916853153743834
2026-09-04 14:05:00,30.722583678153423,1023.5436270000158,32.319005134855374,8.661071578736108
2026-09-04 14:10:00,30.283184469633532,1023.1507496407058,32.28095596442329,11.606748269965383
2026-09-04 14:15:00,31.114984761139052,1023.2412943462417,31.822688730325385,11.721508284297958
2026-09-04 14:20:00,30.00019585253382,1023.2944771188193,33.04536666896177,4.853988813933095
2026-09-04 14:25:00,29.906050908931785,1023.2091761772176,32.547499327123994,13.415829724619154
2026-09-04 14:30:00,30.579074439903216,1023.574983555598,31.48432848127919,1.2191198340482636
2026-09-04 14:35:00,30.90182922222215,1023.173349742831,30.50326209903098,5.277757313526651
2026-09-04 14:40:00,31.146471530279005,1023.2048703277452,31.56386597597634,11.529043811685915
2026-09-04 14:45:00,30.275484483447308,1023.3045084132818,32.208244985187,4.339188321416305
2026-09-04 14:50:00,30.87289004336847,1023.0785836594042,31.570234417905407,4.319112337586399
2026-09-04 14:55:00,30.404652012520113,1023.1841162933088,33.46421443117288,4.584895204033305
2026-09-04 15:00:00,30.32591849220516,1023.2752533368181,32.02237008638472,7.4224082322793326
2026-09-04 15:05:00,30.71964363442917,1023.1615764226174,33.27097362305164,5.781424772839012
2026-09-04 15:10:00,30.594636958754325,1023.1811693392835,32.813274630455886,8.654296116706634
2026-09-04 15:15:00,29.667020399394065,1023.0993495656019,34.19693789080195,11.382309362865803
2026-09-04 15:20:00,44.84842929924851,1022.9351489901773,32.57087430113228,8.013755366851301
2026-09-04 15:25:00,30.76647889319906,1023.1942242636686,32.057906094857024,3.6111412777927137
2026-09-04 15:30:00,29.917268314794047,1023.393083284943,33.240267314497444,12.37338081123668
2026-09-04 15:35:00,30.27531795109612,1023.1167496812006,31.56637528521429,4.164473520099509
2026-09-04 15:40:00,30.260595775235313,1023.1323078936716,33.52690793423706,3.0198983981819483
2026-09-04 15:45:00,30.109757972865616,1023.1874316144327,34.81444068854733,2.2945609060194903
2026-09-04 15:50:00,29.72442399939309,1022.8786965177021,34.128565807069826,6.783254190739987
2026-09-04 15:55:00,29.611543989063733,1023.3107043733312,34.529990114466734,2.58165738712645
2026-09-04 16:00:00,29.80224712511164,1023.0726541648767,34.357303942527324,2.8623063360687513
2026-09-04 16:05:00,30.210503971600136,1023.2748940377932,32.56068980458201,4.408253964206683
2026-09-04 16:10:00,29.884505851140865,1022.9088884312533,31.707724810773108,4.230525666579728
2026-09-04 16:15:00,29.441226469422855,1023.2812796730942,34.22003861981047,7.056441930262023
2026-09-04 16:20:00,29.817355789326324,1023.1156492609714,31.94810237367137,9.512072686997614
2026-09-04 16:25:00,28.285307259989246,1023.0742928337214,38.69215556638012,8.70702955559946
2026-09-04 16:30:00,29.797170188344225,1023.0196307029094,33.58165546070824,3.997899905290805
2026-09-04 16:35:00,28.55165875273771,1022.9417383557205,36.56233668579985,3.8280798102633082
2026-09-04 16:40:00,29.009439598367578,1023.1549564151669,37.086124391390186,13.200786379154508
2026-09-04 16:45:00,28.610463095737042,1022.99322287719,35.38799050590128,0.650599440175046
2026-09-04 16:50:00,28.44147031306038,1022.6758953703869,37.03272511440644,10.364757430474684
2026-09-04 16:55:00,29.321837006343955,1022.8037175310785,35.074752592040134,3.3462548655659403
2026-09-04 17:00:00,28.565796842066806,1022.945365551022,38.4855738314075,12.103740464653594
2026-09-04 17:05:00,28.784114965203756,1023.0233472500928,36.60169243865029,4.54501544654386
2026-09-04 17:10:00,28.51670502823662,1022.9736692732869,36.7871073481166,5.322655622400833
2026-09-04 17:15:00,28.613633148785066,1023.1720616969368,37.2513953888763,7.702257620305912
2026-09-04 17:20:00,28.338334022740508,1022.7053970198909,37.55881449967311,6.507844496365868
2026-09-04 17:25:00,27.676704091453665,1023.0302696938801,38.7264186602454,4.253968935086679
2026-09-04 17:30:00,28.46827423280784,1022.7485580236992,36.279006031599565,6.144156329102858
2026-09-04 17:35:00,27.749766883527563,1023.1496164361076,38.912113010629255,7.789769979641966
2026-09-04 17:40:00,27.1998400407363,1023.0377996386525,40.04043338883595,1.4063579208753338
2026-09-04 17:45:00,27.524198148054435,1023.133141619525,38.58843913524901,0.7133984379765937
2026-09-04 17:50:00,28.166555568250416,1022.9607865630627,37.72762409654089,5.230019937360241
2026-09-04 17:55:00,27.775052722886358,1023.3044049162229,41.29913873960003,2.497123531312477
2026-09-04 18:00:00,27.162190363589527,1023.2928130897443,40.52553738474373,6.895876712751328
2026-09-04 18:05:00,27.026680969041667,1023.2501097177233,40.365880048008705,3.2186227300574104
2026-09-04 18:10:00,26.900580238703093,1023.1711257215667,41.02605708028833,4.906971000840121
2026-09-04 18:15:00,27.720973642576183,1023.3074514433538,39.58878996850117,3.037753740689754
2026-09-04 18:20:00,26.902352246877708,1023.1462912425808,42.92769001022868,5.733470009493156
2026-09-04 18:25:00,26.77923601745142,1023.4144276175655,41.16755314551337,2.2429350531425793
2026-09-04 18:30:00,26.87538672535264,1023.5691822636895,39.94082065670064,0.9696685744908373
2026-09-04 18:35:00,26.413331433855703,1023.5198899151958,43.543928898484175,1.4427039259924628
2026-09-04 18:40:00,26.06730622414102,1023.2892399340168,42.03098999752289,10.98144977245001
2026-09-04 18:45:00,25.94413244410702,1023.4940859407736,43.21124496576013,2.4317903843657347
2026-09-04 18:50:00,25.844500895596425,1023.2888694334702,43.71351182514154,6.840824020853959
2026-09-04 18:55:00,25.70751954473222,1023.6134000272217,45.22703393779188,1.6220046490495943
2026-09-04 19:00:00,25.86160417827496,1023.6415215813291,43.247922996752415,2.053476358348017
2026-09-04 19:05:00,25.4384308846387,1023.3414884134567,45.02464690214939,5.07877722309894
2026-09-04 19:10:00,25.55684481650611,1023.4973109660812,44.941404864747916,4.725509620482131
2026-09-04 19:15:00,25.076754765508113,1023.6802572897061,45.67665592674047,10.317229508300583
2026-09-04 19:20:00,24.984945107600378,1023.7302211151649,47.13297657135866,10.01229817824245
2026-09-04 19:25:00,23.99793843481659,1023.6479598900345,50.085478638041785,7.175342250308517
2026-09-04 19:30:00,25.006836837187414,1023.9431027007655,47.58733348606351,5.5555482220304775
2026-09-04 19:35:00,24.621429214215386,1023.9791250137247,47.51515484860541,4.471281145660537
2026-09-04 19:40:00,24.724088777522404,1023.9701127512104,48.85541244234781,3.776906858332521
2026-09-04 19:45:00,23.008038400217284,1023.9448591323612,53.17356024873389,9.675796057612107
2026-09-04 19:50:00,24.843233374938794,1024.2755559858344,46.464430446587265,5.377919051535849
2026-09-04 19:55:00,23.79316004333747,1024.4275494649594,51.1544941516884,5.160810532580719
2026-09-04 20:00:00,24.133233300885873,1024.168575692892,49.79981533489567,2.8250775908559818
2026-09-04 20:05:00,23.114896420987975,1024.2119537203641,54.07809034803042,1.2027701564817175
2026-09-04 20:10:00,23.616883772155475,1024.4408382000022,50.57927403045781,9.37238845880803
2026-09-04 20:15:00,22.79142262942881,1024.3774505125343,52.43786787166979,3.374741045027704
2026-09-04 20:20:00,22.804477490444786,1024.4747710856689,54.17192810067895,4.204722019661455
2026-09-04 20:25:00,23.661057645030617,1024.6715889079808,51.68126496214049,1.9191837894072534
2026-09-04 20:30:00,22.660978058654752,1024.339537484079,55.50191865575865,7.406727604310041
2026-09-04 20:35:00,22.666457853781562,1024.889229772581,54.22241383783782,0.9206673650374795
2026-09-04 20:40:00,22.770254901916488,1024.7680763508884,55.7011283319323,7.370229523264441
2026-09-04 20:45:00,22.46383446608618,1024.7611882969745,55.790182058551764,2.138321593018689
2026-09-04 20:50:00,22.169735034928753,1024.8752143715808,56.89994499666308,8.114163757735628
2026-09-04 20:55:00,22.100310210358465,1024.9485008780803,56.17368792509635,6.291412449483853
2026-09-04 21:00:00,22.761283278851344,1024.759743169322,55.33819939112774,2.3329904180367755
2026-09-04 21:05:00,21.623373556635276,1025.3086008754437,59.2407328823901,5.023675617556117
2026-09-04 21:10:00,21.574356950354222,1025.1550456361215,62.815313209242504,3.3676928985946075
2026-09-04 21:15:00,21.762746497776778,1025.279233821356,57.55009603490315,2.4368072571795403
2026-09-04 21:20:00,21.634412055637465,1025.4188033149328,60.26231175040524,7.700566515719222
2026-09-04 21:25:00,21.51795808740135,1025.1854356198223,59.02518081809274,3.9535559564749554
2026-09-04 21:30:00,21.15088686372532,1025.4713236239968,59.78777461881603,3.9216250470055076
2026-09-04 21:35:00,20.291822680066655,1025.420906109388,64.33018182529082,2.373255105716333
2026-09-04 21:40:00,21.25748403178542,1025.6477779138866,60.905586321546146,3.822372211756812
2026-09-04 21:45:00,20.002192054896526,1025.260254125363,69.96487660866646,7.880055010768052
2026-09-04 21:50:00,20.440009564173256,1025.6218227736304,64.59721806479226,3.6943778851890015
2026-09-04 21:55:00,19.877150131484136,1025.6022937377002,65.22994378338437,9.57115220171618
2026-09-04 22:00:00,20.01486287467556,1025.8121777790807,66.97705551516854,9.40565613680514
2026-09-04 22:05:00,20.035505420041705,1025.8709704122039,62.92422287894616,2.1760497514494763
2026-09-04 22:10:00,19.897921034857358,1025.7458638435066,66.36706398527161,2.429838399151104
2026-09-04 22:15:00,19.805489605622924,1025.7950609834174,66.82930319072265,7.74972860367458
2026-09-04 22:20:00,20.151583471073305,1025.933421385008,67.0221105862024,3.8845448818415287
2026-09-04 22:25:00,19.55899288596094,1025.8618358332146,69.5282635037657,0.3641471926442384
2026-09-04 22:30:00,19.15356625737362,1026.167042411808,69.91992425751772,3.111409466234885
2026-09-04 22:35:00,19.512749002627064,1026.0278059923319,68.11709541136317,5.247763007480856
2026-09-04 22:40:00,19.481087865856697,1025.6875414759454,68.01270309700311,6.96955360417407
2026-09-04 22:45:00,18.394806092753033,1026.1056635715663,72.69681698208977,2.081040652541018
2026-09-04 22:50:00,19.00778534959248,1026.0422344676738,70.68166906783179,1.8824329596710019
2026-09-04 22:55:00,18.93475842492139,1025.9872267337707,71.00695680785705,8.786643812996836
2026-09-04 23:00:00,18.423275964653104,1026.0779235676712,73.40655069063104,6.4864995990334835
2026-09-04 23:05:00,18.98320303927698,1026.3092338488532,69.30107412391682,5.191780649770483
2026-09-04 23:10:00,18.266181537253477,1026.5190212159584,75.97918863788762,6.659649535490811
2026-09-04 23:15:00,18.272438616206294,1026.3911785845553,77.86583799223473,4.116231170127031
2026-09-04 23:20:00,18.051759334237836,1026.275234295693,74.36921955052817,6.555627589867547
2026-09-04 23:25:00,18.02882908114187,1026.454101180781,74.31818796599956,3.750102527910638
2026-09-04 23:30:00,17.488578412348396,1026.3338224947304,79.48806076563034,2.909489636886915
2026-09-04 23:35:00,17.25849147383146,1026.3129032604686,80.75672397755596,6.28466395505386
2026-09-04 23:40:00,18.38271900033499,1026.2557592283385,75.72476367510875,4.057204730447156
2026-09-04 23:45:00,17.319567267970097,1026.1753531675504,79.75061489995426,10.977100984684329
2026-09-04 23:50:00,17.178305818513074,1026.3862311417279,81.90832646706086,3.606554293429702
2026-09-04 23:55:00,16.633138713969085,1026.4723874030594,84.18559796346017,8.778589155103022
2026-09-05 00:00:00,17.161706518052778,1026.4355064494978,83.39275370965387,9.041611644738834
2026-09-05 00:05:00,16.814058074828555,1026.3862843403792,80.49688387169465,2.8940554254164255
2026-09-05 00:10:00,17.92934944352948,1026.3028577886073,77.8597701925145,6.958278521317557
2026-09-05 00:15:00,17.609004924349254,1026.529364417316,79.62566520831311,4.143392744401495
2026-09-05 00:20:00,16.865675087304474,1026.2313438405815,81.31897219127798,8.688009946230558
2026-09-05 00:25:00,17.98112459595923,1026.5334975029195,80.83527333863206,4.253399233565594
2026-09-05 00:30:00,17.415463274006346,1026.2523534884242,80.18312654768778,6.42291906176307
2026-09-05 00:35:00,16.838855278300176,1026.2728502659024,84.84892763321594,4.362622433491972
2026-09-05 00:40:00,15.91851076491087,1026.146192025333,89.71597396017555,2.7964277896092047
2026-09-05 00:45:00,17.78761859995323,1026.2689905914426,79.16091604106958,2.5933625187150344
2026-09-05 00:50:00,16.27189154017572,1026.466021960493,85.72061144831773,4.094215008076235
2026-09-05 00:55:00,16.12957584264891,1026.3701667913447,87.63222976459369,6.527455327882546
2026-09-05 01:00:00,17.160337885439294,1026.4103008802088,84.08532724826101,5.301299632581172
2026-09-05 01:05:00,17.69436656502308,1026.31023948798,79.68305159775447,5.940944811554224
2026-09-05 01:10:00,17.242932353682082,1026.0324655665208,81.50809186147814,3.167829747244286
2026-09-05 01:15:00,16.889164690814358,1026.1122684964105,86.66917282405299,4.4570045526107425
2026-09-05 01:20:00,16.879517482020763,1026.006559839476,84.18007529934454,1.1720409474008027
2026-09-05 01:25:00,16.96464847720869,1026.2827733080048,84.62247042964373,7.173616799675868
2026-09-05 01:30:00,16.912185142609072,1025.8612265605263,84.7697598163674,11.789059981263259
2026-09-05 01:35:00,16.71009802552632,1026.1303868207203,86.72755936882837,3.975084655047186
2026-09-05 01:40:00,16.631995501743255,1026.0839642708079,91.40619041136576,0.5774789661459536
2026-09-05 01:45:00,16.561665029364917,1026.1763300933012,87.63102559982245,2.3725330914911287
2026-09-05 01:50:00,16.285203241202037,1025.7905547388355,90.72742131489979,5.654759577660563
2026-09-05 01:55:00,16.478309573374855,1025.9073121080357,88.76066453114248,5.352136980280301
2026-09-05 02:00:00,15.920893485675162,1026.0895861119666,89.5669302909995,6.848617784112302
2026-09-05 02:05:00,16.569943588579765,1025.6000705845277,87.33468691676332,2.9764819569017953
2026-09-05 02:10:00,16.228751577674586,1025.4064308815366,89.9975390871395,6.605417589035985
2026-09-05 02:15:00,16.201363152931126,1025.2973367333295,88.2264565454653,5.9356719587945435
2026-09-05 02:20:00,16.737064795838112,1025.6276691019332,86.9984340063375,3.433912291755141
2026-09-05 02:25:00,17.24790701563061,1025.1785797418138,85.53493643942744,4.883960635270557
2026-09-05 02:30:00,17.08811393192427,1025.3444549812007,85.60086278102973,2.195297821873072
2026-09-05 02:35:00,16.12594017434331,1025.4042069665122,91.66250784747275,4.2691857328386
2026-09-05 02:40:00,16.395302147708605,1025.3038471798711,90.23631672050395,8.027534939771021
2026-09-05 02:45:00,17.208120859700276,1025.2766002314165,84.74285337821152,4.066964172740448
2026-09-05 02:50:00,16.483106759597113,1025.182190269651,88.14416906970057,7.440012126608782
2026-09-05 02:55:00,16.83415072124363,1025.2761900133228,86.11952366524908,5.195146032509248
2026-09-05 03:00:00,17.195520833004533,1024.876575907728,88.48976274756207,2.5385979676824775
2026-09-05 03:05:00,16.64323103152983,1024.8525872040584,88.94596611402945,5.130465207462093
2026-09-05 03:10:00,17.13133795758252,1024.7727005779234,85.34658635913301,4.6186444954628705
2026-09-05 03:15:00,16.617722198308506,1024.9474410404382,87.06989716237736,3.922251038358372
2026-09-05 03:20:00,16.976429533067268,1024.8922340604981,91.22004146605853,1.9632265567865248
2026-09-05 03:25:00,17.414005253708456,1024.759168221751,83.01513980271125,4.038170635245256
2026-09-05 03:30:00,16.721453014106967,1024.8034649472386,87.74860098384848,1.511703890019669
2026-09-05 03:35:00,17.610809326428445,1024.3839348051158,84.50419097801598,1.7736432325578602
2026-09-05 03:40:00,17.506111219747353,1024.7457642825009,86.1494025455367,4.033084346378971
2026-09-05 03:45:00,17.817652647039214,1024.6596407127531,84.50341129709352,3.3200711574870376
2026-09-05 03:50:00,17.77221985803102,1024.4775003497773,86.51247442058389,8.86430635118461
2026-09-05 03:55:00,18.317577302879236,1024.571048594253,81.68780677546496,3.7751543105448904
2026-09-05 04:00:00,17.914507816716267,1023.9926164343174,80.42501079754635,6.549923772735545
2026-09-05 04:05:00,17.788341628593525,1024.1005711775567,82.67666979001885,4.7807288763576175
2026-09-05 04:10:00,18.107855041406932,1024.0079543977697,82.9156794486078,6.0691828075146805
2026-09-05 04:15:00,18.378189688826193,1024.1664497559486,83.89162329047772,3.0188028464764605
2026-09-05 04:20:00,18.28540553617607,1023.8417320100668,79.8929575903839,9.278021076539357
2026-09-05 04:25:00,18.39009865858789,1024.0550282447841,83.48602564210148,4.779657887627433
2026-09-05 04:30:00,18.20402659347252,1024.0903363129623,82.79502554177883,7.337453481480654
2026-09-05 04:35:00,18.333534912524115,1023.9336618653599,83.81749148479557,3.7066990419357024
2026-09-05 04:40:00,18.154384384829697,1023.8179127307852,82.39355606802049,1.787249313690319
2026-09-05 04:45:00,19.5347946774615,1033.0745471230825,74.95557946279195,5.820584731310352
2026-09-05 04:50:00,18.459708130946463,1023.5445508977492,82.10616433074703,0.4854326005067844
2026-09-05 04:55:00,18.805077076648278,1023.809403700181,81.80269449050263,4.416863761593748
2026-09-05 05:00:00,18.922501261638363,1023.6908334199858,81.55942067248428,2.54541382759301
2026-09-05 05:05:00,19.698039903121877,1023.5216885526387,75.41380116018311,5.464642572187402
2026-09-05 05:10:00,19.354817651738873,1023.420154233169,76.44501212752135,10.838530291219183
2026-09-05 05:15:00,20.107082274104243,1023.136002162216,72.19309309073981,4.345950530890454
2026-09-05 05:20:00,19.476175613660175,1023.2380524416852,77.87141375066277,7.173222112120637
2026-09-05 05:25:00,19.997091197478934,1023.6460111942699,74.64363432754953,4.630588508094912
2026-09-05 05:30:00,19.69354722549354,1023.1296917938906,74.89305737011405,4.551600300521197
2026-09-05 05:35:00,21.030143521230286,1023.3145162418956,69.232537548646,8.979208289567097
2026-09-05 05:40:00,19.843581000267058,1023.4034417237582,74.72697692362857,8.170720989313207
2026-09-05 05:45:00,20.59115612229417,1023.0322344503592,69.5325089573506,6.827197858908291
2026-09-05 05:50:00,20.87134829655557,1023.2182598798134,68.85345855866836,3.260067991988885
2026-09-05 05:55:00,20.9358993854798,1023.3032654028981,69.20117271794287,4.880692551066819
2026-09-05 06:00:00,20.850668672994388,1023.1384292884215,70.94234803430952,2.769021067429228
2026-09-05 06:05:00,21.029049590111327,1023.5427456348243,69.2387457041152,4.213291404825333
2026-09-05 06:10:00,21.256414189669286,1022.8400791183194,68.01077807129187,4.475193949612091
2026-09-05 06:15:00,21.33964471528954,1023.2290094032039,71.53718165192853,7.341317453534382
2026-09-05 06:20:00,21.945123016338,1023.0260481852093,67.79589631748513,8.274963692167209
2026-09-05 06:25:00,22.606401319896808,1023.1514476150105,63.136632644821155,4.024760718519401
2026-09-05 06:30:00,21.663235246776015,1023.0874509802621,68.30029346210424,0.735089834835396
2026-09-05 06:35:00,21.50369317285146,1022.8987580738378,69.6536053047528,7.736965737157084
2026-09-05 06:40:00,22.182949293090775,1023.0324117583656,67.12017846334687,2.4068263030860995
2026-09-05 06:45:00,23.417981068191146,1022.710530860758,60.997693473649015,5.42398407398306
2026-09-05 06:50:00,22.233571713348088,1023.0726446717075,68.27450619325214,0.8746204161307313
2026-09-05 06:55:00,23.380662392540835,1023.0215711725166,60.85288965753854,3.927798807756866
2026-09-05 07:00:00,23.567020443485795,1023.0690414391473,59.96015651208187,11.359685671874894
2026-09-05 07:05:00,22.846299478942097,1023.1300132490976,64.01166503370087,1.7917804804746986
2026-09-05 07:10:00,23.46791230340845,1023.0260988019564,63.42650456873287,4.0830417456551595
2026-09-05 07:15:00,24.06497065724382,1022.9943823096826,62.76678030264582,3.3316641287445203
2026-09-05 07:20:00,23.43588110207008,1022.8427164158967,60.594904828637084,8.439958209789399
2026-09-05 07:25:00,23.68056576412534,1022.8721845338844,61.527449431947765,7.846242199732721
2026-09-05 07:30:00,23.704254726339858,1023.162537227783,58.7223316682277,2.865354704129487
2026-09-05 07:35:00,23.706334741090178,1023.2067871316995,61.31396048231599,1.6004292730923464
2026-09-05 07:40:00,24.028135366088534,1022.9636593714193,57.61920002327348,5.462881631950308
2026-09-05 07:45:00,23.974095096277356,1023.0154707967986,57.908333949634184,3.5218410419403994
2026-09-05 07:50:00,24.65326238265624,1022.8831512243329,56.69680926014489,5.807643197726394
2026-09-05 07:55:00,24.507647460171523,1023.20602902972,57.91058496768005,0.9937651421364505
2026-09-05 08:00:00,25.08512575625984,1023.142117368967,55.00315467549321,2.0811297017292842
2026-09-05 08:05:00,24.545111535532026,1023.3465097900813,58.19149039604394,5.97420793955344
2026-09-05 08:10:00,25.475480939222063,1022.9373476306072,55.62259659426835,2.734174264054583
2026-09-05 08:15:00,25.851917063538167,1023.0268220163125,54.892991830577635,7.879296116126103
2026-09-05 08:20:00,24.896022448609454,1023.1332351644634,58.35428046531454,1.3985651804364332
2026-09-05 08:25:00,26.017702291500317,1023.210962867242,53.423348492731904,2.8274616882770993
2026-09-05 08:30:00,26.533179249114927,1023.0974931785638,50.26438227634815,14.803459540383738
2026-09-05 08:35:00,25.731673765128434,1023.0150411183996,55.837347761894705,4.395526429934382
2026-09-05 08:40:00,27.057281922072974,1023.2945306658929,49.82572176767464,6.480667545179874
2026-09-05 08:45:00,26.727805662613683,1023.286919686851,50.56889604830777,2.6628891802475265
2026-09-05 08:50:00,26.449279046644385,1023.0577362530339,54.171862501679634,5.798028028495789
2026-09-05 08:55:00,26.879121226340917,1023.4148219034406,51.95782006282291,6.853991959864457
2026-09-05 09:00:00,27.293883125828856,1023.40316515401,47.6652392123102,3.7294620084798784
2026-09-05 09:05:00,27.268975987607515,1023.2636128746593,48.34021447573133,8.125936463324267
2026-09-05 09:10:00,27.620915670455656,1023.270845767672,49.730605728365255,5.925579693599989
2026-09-05 09:15:00,27.202721767931784,1023.3569587242088,49.3995554419066,4.357677202153348
2026-09-05 09:20:00,27.80297302222223,1023.1589468841298,48.42275188923636,5.646745326944709
2026-09-05 09:25:00,27.332561590593205,1023.3063702787796,49.3611802123253,5.839316471189767
2026-09-05 09:30:00,28.014879148746434,1022.9918855375311,47.76966081843375,2.697843301888172
2026-09-05 09:35:00,27.857555127029556,1023.4582075522117,49.17695052763888,4.584582606478604
2026-09-05 09:40:00,28.083004880546454,1023.1035354398343,46.88584016034864,4.170564999802843
2026-09-05 09:45:00,29.028027236889635,1023.5732234708702,45.36964809896622,4.633225153221417
2026-09-05 09:50:00,29.124686701531573,1023.3069826811954,45.70363963282866,7.796598323616016
2026-09-05 09:55:00,29.08451611345496,1023.3322899141795,44.4795529921772,5.323121749375538
2026-09-05 10:00:00,28.554686285674507,1023.2760799975822,46.413682271637704,11.080717707861792
2026-09-05 10:05:00,29.013778518277718,1023.3318090348831,46.008265238895504,3.9160133073045196
2026-09-05 10:10:00,29.7722200410415,1023.5910599978168,42.86768342905173,4.898213038780083
2026-09-05 10:15:00,29.48814486643618,1023.006783407074,43.3402753067709,8.35903730527387
2026-09-05 10:20:00,30.501435632897252,1023.5715037366517,41.09340091141508,6.008985236391504
2026-09-05 10:25:00,29.870976754849448,1023.4289199773557,42.55053948261706,6.052116732208118
2026-09-05 10:30:00,29.928047708345503,1023.1936003305981,43.23373094180103,1.601258954568137
2026-09-05 10:35:00,29.86272618947709,1023.2079026762757,44.273711294214664,4.903928505104066
2026-09-05 10:40:00,30.172434859205744,1023.6132456032518,40.9553555477085,3.88495738097418
2026-09-05 10:45:00,30.188113170369768,1023.2105244232347,42.17954702535407,18.799832124050273
2026-09-05 10:50:00,30.65980111483988,1023.1678272515232,42.10101408501205,4.242027052552168
2026-09-05 10:55:00,30.884007287210665,1023.4977642816815,40.78861461779095,10.315511800596108
2026-09-05 11:00:00,30.30895094396459,1023.362091105732,41.98121634659576,7.4927169695453815
2026-09-05 11:05:00,30.21006629766608,1023.1525137912263,42.762882944815175,4.577367444119437
2026-09-05 11:10:00,30.124424481809836,1023.3052975582626,42.422045633358074,6.307069344474474
2026-09-05 11:15:00,31.175528046151545,1023.096206040727,40.551502171333134,9.693500398466576
2026-09-05 11:20:00,30.6414321615189,1023.3900823964279,41.387688800722856,10.532612695126359
2026-09-05 11:25:00,30.329038298514767,1023.3566453769648,40.15527534698589,3.0170309334354903
2026-09-05 11:30:00,31.449957583842135,1023.2472807937442,40.21286915911889,4.666770538740351
2026-09-05 11:35:00,32.39292227924314,1023.1893021796282,38.08633471560528,4.648102515872298
2026-09-05 11:40:00,31.49130545324161,1023.3643150670617,39.141218875544034,1.5133973156970755
2026-09-05 11:45:00,31.923908245893962,1023.0626661961131,38.5387954873228,6.99891805157501
2026-09-05 11:50:00,31.71274181668003,1022.8454872869055,38.84572835969307,10.217954247870612
2026-09-05 11:55:00,31.728627125466915,1023.0477139193209,38.47656249356505,5.116652294520167
2026-09-05 12:00:00,32.22061756001609,1023.2481884316692,37.82244086813621,8.59524037124827
2026-09-05 12:05:00,31.81827003976797,1022.7355193061154,36.79071883706426,7.384302333896366
2026-09-05 12:10:00,32.11927800201185,1022.7834325395463,37.117898208434276,5.11409921934748
2026-09-05 12:15:00,32.21545075710008,1022.8475123594792,36.883750616203415,2.914094978333699
2026-09-05 12:20:00,31.890457973523212,1022.721840245651,38.149135754887034,8.329826289280515
2026-09-05 12:25:00,32.62186982979977,1022.5249645388958,38.411818609354675,10.43300884763101
2026-09-05 12:30:00,32.21882983627934,1022.780497294256,36.684719411876834,8.105438149956951
2026-09-05 12:35:00,32.046646200527135,1022.8976828065828,37.76356463218555,1.0141263107916503
2026-09-05 12:40:00,32.620017644565465,1022.5141333551845,36.23171044995409,3.735249422608395
2026-09-05 12:45:00,32.098805809079735,1022.2817526537174,37.95099545065475,2.034963724652804
2026-09-05 12:50:00,32.51852725291443,1022.1153179624441,37.45489616516251,6.983995503694706
2026-09-05 12:55:00,32.54892583503201,1022.3143490503452,37.95769453261296,9.047038541282497
2026-09-05 13:00:00,33.0284832540036,1022.3669618672396,35.41589603676536,2.6102228475195917
2026-09-05 13:05:00,32.82176670390275,1022.1961694375779,36.58184049629717,10.309168708875502
2026-09-05 13:10:00,32.65582939304537,1022.0458872759523,34.95500497137208,108.0
2026-09-05 13:15:00,33.0230712029245,1021.8771070909994,36.558702228586,8.286931665022301
2026-09-05 13:20:00,33.27832708220598,1021.7188801030735,34.84824800526498,14.453913843189145
2026-09-05 13:25:00,32.96778735057038,1021.9231448475806,37.57338643336436,2.2686985724509245
2026-09-05 13:30:00,32.76734992985294,1021.8483132905955,36.80485707293827,11.686758400187603
2026-09-05 13:35:00,32.25313502908468,1021.3908617955487,35.69824084635338,2.82218387050423
2026-09-05 13:40:00,32.36258998186154,1021.7709026445597,36.401911841236476,5.43422456282387
2026-09-05 13:45:00,32.67340887979896,1021.5265512783855,37.0341278269712,10.626070959191887
2026-09-05 13:50:00,32.55464849848825,1021.5567810992416,38.16259466711063,11.84369522671913
2026-09-05 13:55:00,32.722706505872296,1021.0503934575146,36.531191177442146,6.469266812432912
2026-09-05 14:00:00,32.81528121589146,1020.9502635247924,35.773256179416784,7.311594519938103
2026-09-05 14:05:00,32.995708494931726,1021.0348568346723,36.474984898372874,8.544359097265827
2026-09-05 14:10:00,32.74292713126216,1021.0334144572168,36.1495539250242,10.294254736589444
2026-09-05 14:15:00,32.94911064097317,1021.1270658961863,36.63688337230138,2.769792117196844
2026-09-05 14:20:00,32.75977598626923,1020.8620517894261,35.03699521028191,9.913240988707786
2026-09-05 14:25:00,31.91937534343687,1020.6172735933256,36.49840767477478,6.22775402723076
2026-09-05 14:30:00,32.30551150107291,1020.3963598353868,36.231436671200036,5.944711990777161
2026-09-05 14:35:00,32.59141249576727,1020.6306555934092,37.44804718181494,5.699103274395969
2026-09-05 14:40:00,32.129101683896245,1020.1965892355502,37.80653735434678,6.467893415463849
2026-09-05 14:45:00,32.81302716746096,1020.4801034644267,36.5486909206964,13.043656468736204
2026-09-05 14:50:00,33.1415917510069,1020.0872123055478,35.81285746344133,6.816994562460727
2026-09-05 14:55:00,32.96920894774773,1020.2620934993347,35.377958542005516,13.362249631891379
2026-09-05 15:00:00,32.34493606564772,1020.018682489744,37.4068368374057,3.3998158865378745
2026-09-05 15:05:00,32.971429829575946,1019.7894317572315,34.951806568872975,8.638477535914246
2026-09-05 15:10:00,32.37567236283856,1019.6251128460854,37.79342834179885,9.826615119167402
2026-09-05 15:15:00,32.11870127524446,1019.544931354631,36.87547106864174,8.085019418229143
2026-09-05 15:20:00,31.9417953273053,1019.5534649908179,37.368917047009546,7.312352867843598
2026-09-05 15:25:00,31.996107579201805,1019.3941457698667,39.031077210454974,6.886953100835648
2026-09-05 15:30:00,31.888111713187634,1019.1871596424711,36.86382244337164,10.579877347930324
2026-09-05 15:35:00,32.034215128777106,1019.1454484067144,36.93311081330107,9.86552392602429
2026-09-05 15:40:00,31.94935660882383,1019.0766414803933,37.17011721172481,2.7064993864490003
2026-09-05 15:45:00,31.801870606049132,1018.6407026973184,38.396964446528614,10.267719954927367
2026-09-05 15:50:00,31.887435726514127,1018.9245865452197,38.776577007251326,5.447967239330434
2026-09-05 15:55:00,32.09744821151154,1018.6055351863561,37.920468064236715,4.018584469892377
2026-09-05 16:00:00,31.906101095805354,1018.4770001395191,38.979774360910696,10.572781747487108
2026-09-05 16:05:00,30.834011598764448,1018.2953686256446,38.20406885297628,5.551217686873929
2026-09-05 16:10:00,30.304737961945875,1018.1789072196103,41.78697955734916,9.454446517814121
2026-09-05 16:15:00,31.59505852934963,1018.1453298843188,36.992374176308445,4.0524441471944215
2026-09-05 16:20:00,30.566337519842232,1018.1441669517642,40.844261927132514,0.4581797877209545
2026-09-05 16:25:00,30.911722835099912,1018.446678651122,39.38047608482083,6.0165261424552385
2026-09-05 16:30:00,30.418954109590995,1017.9793507531039,40.36919976610776,2.354626875019518
2026-09-05 16:35:00,30.048458027149707,1017.9908850902159,43.78699368704729,8.549831239092569
2026-09-05 16:40:00,30.86501840568605,1017.9318022350536,40.12715785039021,4.084054429784003
2026-09-05 16:45:00,30.82826380997214,1017.8004822771479,40.149631386210174,5.478103552428584
2026-09-05 16:50:00,30.167205817427654,1017.679947581865,42.38085763428053,2.1491031443283437
2026-09-05 16:55:00,29.231696940613546,1017.4247214332624,42.2602235307822,4.120259437096637
2026-09-05 17:00:00,29.917072793139372,1017.7358729303286,40.43241399990281,8.701416256405954
2026-09-05 17:05:00,30.156960224938274,1017.7053519442424,40.40475071767348,2.846789987861383
2026-09-05 17:10:00,29.270613166282605,1017.0997823273996,42.62642493544963,7.130609725335254
2026-09-05 17:15:00,29.79479309558999,1017.1184013935168,42.5449252098171,10.976734909424945
2026-09-05 17:20:00,29.57199095497069,1017.1518164445887,41.71675279067089,7.378789826142261
2026-09-05 17:25:00,29.663955163278924,1016.9728852873164,43.01812486395434,8.876761591741642
2026-09-05 17:30:00,29.33171691873543,1017.1192681991243,42.456339122831835,2.3231298279093786
2026-09-05 17:35:00,28.743891717333124,1016.8619990538258,45.27900507944767,3.653904797812194
2026-09-05 17:40:00,29.458637613142937,1017.2259493848612,42.77539430884332,10.141478318559026
2026-09-05 17:45:00,28.761210055819735,1017.0118301498271,45.238926426012846,7.532635609034452
2026-09-05 17:50:00,28.656105095871332,1016.7993135918997,44.1810852151777,6.7499138604121525
2026-09-05 17:55:00,28.133986919506516,1016.8577904324268,45.3645690319051,6.933563337540825
2026-09-05 18:00:00,28.168181546927485,1016.8080862520346,45.186334963079084,4.826481178695794
2026-09-05 18:05:00,27.82777879053849,1016.4982154213077,45.89436795035118,1.4001325826655544
2026-09-05 18:10:00,27.94680480670958,1016.4031286013379,46.80512985249457,8.07156215632877
2026-09-05 18:15:00,28.533101619526736,1016.4821788649333,44.68892937024332,6.897416704360452
2026-09-05 18:20:00,27.13031896610999,1016.5467325744645,47.502297430902004,5.144546559354879
2026-09-05 18:25:00,26.862617620728233,1016.3874961504581,49.22568679934701,9.685300966926402
2026-09-05 18:30:00,27.923850759354522,1016.0813401111793,44.293761336675914,4.059381165551088
2026-09-05 18:35:00,27.077448162261213,1016.1507990997807,50.10495426093415,3.7180899855357765
2026-09-05 18:40:00,26.717875660044584,1016.2155146454259,48.396421222273254,8.978226446539738
2026-09-05 18:45:00,27.22440409203322,1016.1726729610442,49.29894219154912,7.83797928998323
2026-09-05 18:50:00,26.38782264668692,1016.4393064831147,49.68070845396126,5.241177591012233
2026-09-05 18:55:00,27.18086800809708,1015.8968811446858,46.93436122210627,2.2891307921730673
2026-09-05 19:00:00,26.54087832484535,1016.1438814853719,49.16212440970788,2.986753919058055
2026-09-05 19:05:00,25.89271634960629,1016.2565373175912,51.779294962021666,6.223669174902721
2026-09-05 19:10:00,26.767987179388843,1016.3408286979197,48.37072737989933,4.16706469523466
2026-09-05 19:15:00,25.479052346536072,1015.9081526193316,52.79265370210874,7.978635967005193
2026-09-05 19:20:00,25.83362411791833,1016.0129306802165,51.53344819770172,10.179190318509725
2026-09-05 19:25:00,25.47120603446612,1015.9967268526043,50.30656307867555,7.467530074662759
2026-09-05 19:30:00,25.686226397079572,1015.9142102493628,51.22111989626687,3.9846781224791137
2026-09-05 19:35:00,25.60359582977047,1015.8451979978942,51.181604523637255,7.155791663155888
2026-09-05 19:40:00,24.80475805586579,1015.901999345173,54.34169209931428,3.7453367900245293
2026-09-05 19:45:00,24.303141053788295,1015.4347127906258,54.98310031220423,2.413326278645477
2026-09-05 19:50:00,24.600718971550176,1015.8960993473269,55.4703964289061,1.0312903656601133
2026-09-05 19:55:00,23.957619453580126,1015.7931688851575,57.55040336131108,3.872876776159993
2026-09-05 20:00:00,24.84587311232341,1015.7224573067135,54.99304840232278,8.411273204481258
2026-09-05 20:05:00,23.90686567500359,1016.0454939549907,59.49847566226859,2.8742659893395013
2026-09-05 20:10:00,23.51786056451038,1015.6208248555772,59.80708969926841,2.6452560341189573
2026-09-05 20:15:00,23.549686822360833,1015.6460806416413,58.84651302462923,10.290442449101231
2026-09-05 20:20:00,22.748961054997437,1015.990539531254,59.50394353571703,0.8752092867537278
2026-09-05 20:25:00,22.71141754980876,1015.5529582544926,60.043600848624024,6.827008439762978
2026-09-05 20:30:00,23.392818259251722,1015.581815009849,58.42306771325126,3.4245137465353395
2026-09-05 20:35:00,22.462905470338924,1015.6293534929432,61.16224582265879,1.0750875275049834
2026-09-05 20:40:00,22.1204130146514,1015.7650077263763,64.12116671884895,8.693881994009487
2026-09-05 20:45:00,22.56793898668092,1015.6578775737464,61.051983612639376,2.133029348829463
2026-09-05 20:50:00,22.6423284780628,1015.4208458349368,61.82343688494343,4.926936401399259
2026-09-05 20:55:00,22.27114737335328,1015.5230724221616,62.04986622212239,3.112630393731862
2026-09-05 21:00:00,22.198336119078363,1015.4999806992117,62.1459879552985,1.4280416797773396
2026-09-05 21:05:00,21.314462800305648,1015.567617223063,68.18740502157974,1.2446501662105078
2026-09-05 21:10:00,20.86671372164522,1015.6310260746037,67.82459273317178,1.9273311395764823
2026-09-05 21:15:00,21.855302025383068,1015.6175646293669,63.22397866018475,1.4965830644833409
2026-09-05 21:20:00,20.94618014883423,1015.2757541820962,66.15647579882162,6.575765924164335
2026-09-05 21:25:00,20.796634281177376,1015.6886106258958,67.47720448884415,4.484063363995437
2026-09-05 21:30:00,21.251270754539412,1015.5532138617576,64.57808377167298,3.5640128564902698
2026-09-05 21:35:00,20.766898587189985,1015.708668037749,66.48718160922434,4.04883275496274
2026-09-05 21:40:00,20.552640031611418,1015.5525345553634,69.3889260018545,8.943760158345196
2026-09-05 21:45:00,21.06370530474784,1015.6351842559628,66.16068293122495,8.54950926205339
2026-09-05 21:50:00,19.769333111020813,1015.5231220846892,69.44721466732518,6.167956442265162
2026-09-05 21:55:00,20.22860377199207,1015.6372128015271,71.63774929798255,8.08343781594758
2026-09-05 22:00:00,19.7127654241497,1015.4946519020433,73.45777931260805,3.4133028724558967
2026-09-05 22:05:00,19.631727660584186,1015.381473659835,69.84189375010223,3.8098235957557502
2026-09-05 22:10:00,19.971918897894245,1015.7156007953478,69.84924829510437,5.364044133982381
2026-09-05 22:15:00,19.401887956012647,1015.4853128627548,73.03212837032846,5.436860051968859
2026-09-05 22:20:00,19.254345732408762,1015.4138092929982,75.89179151204041,4.458735518374439
2026-09-05 22:25:00,19.310424573055737,1015.1105851410058,72.02350893693594,3.9351823134078767
2026-09-05 22:30:00,18.58002370565909,1015.0814876787591,78.52538481140027,11.380696178570007
2026-09-05 22:35:00,18.237159974702028,1015.2896939506164,80.14036400186151,7.215405456636236
2026-09-05 22:40:00,18.00408105503777,1015.2369504243799,77.60866162448085,4.155665847856282
2026-09-05 22:45:00,17.48700966487157,1015.0905585132022,81.89634812822395,6.269409936329804
2026-09-05 22:50:00,18.950033065165908,1015.1695375521359,72.88867946463412,3.0825059238766825
2026-09-05 22:55:00,17.542777599159567,1015.35049904138,81.72900620858059,1.7868540447023935
2026-09-05 23:00:00,17.754644301073316,1015.1783784064856,78.81452122671934,3.6255387871150995
2026-09-05 23:05:00,17.59413931065461,1014.8627782105478,81.83283078273324,3.950028648285441
2026-09-05 23:10:00,17.692238987970516,1014.9750170400287,82.75649002309,0.7102327259837004
2026-09-05 23:15:00,17.76273308649962,1014.8267225588147,78.29038367007342,7.142117476088036
2026-09-05 23:20:00,17.650595786256034,1014.8429088058658,76.9455302386524,3.6690713427739055
2026-09-05 23:25:00,16.946004623804853,1014.7904556249641,83.71454033013744,5.1256243589153865
2026-09-05 23:30:00,16.988130476974742,1014.7300931480175,83.45782447978978,1.5246143903998173
2026-09-05 23:35:00,17.04672098576056,1014.5604935767421,83.08169238294316,2.4122880163164133
2026-09-05 23:40:00,16.71593916727414,1014.6743997218016,83.76859906688027,8.166147049073384
2026-09-05 23:45:00,17.343146259387474,1014.5519834676394,80.94877203571193,5.327478626997762
2026-09-05 23:50:00,16.784503767462,1014.1369134321399,86.98832074225643,9.528548768098988
2026-09-05 23:55:00,16.773130048450287,1014.8222531920256,84.66536833097047,14.220068109656646
2026-09-06 00:00:00,16.63860049454413,1014.6133154481325,83.92382378603845,3.7504692811377818
2026-09-06 00:05:00,16.740353458090855,1014.3269632347074,83.33945923668132,3.276848561558889
2026-09-06 00:10:00,16.244176743277805,1014.3173593972409,85.89495151649348,7.68906845649551
2026-09-06 00:15:00,15.55716763684014,1014.0676449020331,90.39308017040794,14.107772000630105
2026-09-06 00:20:00,16.143274193799687,1014.4243491148716,86.01388784055038,5.481497418985606
2026-09-06 00:25:00,15.633757739411122,1014.3789398387657,89.33287877475681,6.925266608713256
2026-09-06 00:30:00,15.597193140169026,1014.0399860569225,88.08262940285798,6.785527030065155
2026-09-06 00:35:00,15.960995856896265,1014.0899523036152,88.90411064143427,3.644271032087242
2026-09-06 00:40:00,16.14307665111027,1013.8804915133991,89.22514751883416,5.082520299723825
2026-09-06 00:45:00,15.58111789182885,1013.5693345312532,91.01167654418487,7.358709148582458
2026-09-06 00:50:00,15.624549197916789,1013.6216218194432,87.54637166811875,5.9367325744764
2026-09-06 00:55:00,78.5,1013.6146857076329,85.90466030343647,0.8044110231544164
2026-09-06 01:00:00,15.464917734582063,1013.4362107759681,86.23774194493112,3.524021507035317
2026-09-06 01:05:00,16.348531282080568,1013.3791364761623,85.71466658852731,2.1726098414894133
2026-09-06 01:10:00,15.476960010160894,1013.3038648254729,89.74157832024713,2.8325387074937205
2026-09-06 01:15:00,14.493025246867514,1013.2092393440656,90.7573236890531,8.4475489975993
2026-09-06 01:20:00,15.448935054321154,1013.1312231923455,87.47923198018994,1.066362805170527
2026-09-06 01:25:00,15.254039669716919,1012.8645882200897,88.24294475934072,2.740114652171189
2026-09-06 01:30:00,15.575179396508119,1012.8147700311,87.47608635054492,3.347506893765665
2026-09-06 01:35:00,15.28998930883085,1012.626698054936,90.37418689204692,5.38724270439597
2026-09-06 01:40:00,14.93051997242758,1012.8616149658533,90.33726305388026,4.806722750906073
2026-09-06 01:45:00,14.46512462341236,1012.2932230939324,90.45599754514352,2.729270498314946
2026-09-06 01:50:00,14.843939147230724,1012.6748864114592,91.60393176601242,2.3296578565190673
2026-09-06 01:55:00,14.56381300018983,1012.6013105228203,91.91469636196771,2.8591144879155457
2026-09-06 02:00:00,14.652056143310823,1012.238358605312,90.82694351917318,4.5957733928365165
2026-09-06 02:05:00,15.103714435707863,1011.7824471704934,88.5401766951747,3.0933549665550055
2026-09-06 02:10:00,15.524035424591185,1012.0069469559108,83.12873302809444,9.444793115222502
2026-09-06 02:15:00,15.005503760294918,1011.9388268011804,90.97683176619466,4.342457061745556
2026-09-06 02:20:00,14.364610594880979,1011.6833538047225,91.5900245009208,1.353887196972743
2026-09-06 02:25:00,15.01989506627508,1011.6434229291291,90.61987576929698,6.286911377344683
2026-09-06 02:30:00,15.32355083897534,1011.8353664532175,87.14562799362727,3.47309039442958
2026-09-06 02:35:00,14.607574151807851,1011.590174670035,89.9555486458586,5.662170581340866
2026-09-06 02:40:00,14.808203302304053,1011.2359150640403,90.41207313276351,3.1496366064781602
2026-09-06 02:45:00,14.88172926089276,1011.0187892199052,89.94116707612457,5.057910763658117
2026-09-06 02:50:00,14.579644819210788,1011.0929716591438,90.0932771189947,6.688955996680052
2026-09-06 02:55:00,15.17435643937852,1010.9934676329278,84.24916756042339,8.921553680351948
2026-09-06 03:00:00,14.891776932113286,1010.983346013911,89.37413956588347,3.0256470414826784
2026-09-06 03:05:00,15.136732984289695,1010.7121182568073,87.6478761303889,3.5120553516331423
2026-09-06 03:10:00,14.646317175929832,1010.7528115167001,91.22591409476303,4.345063682067559
2026-09-06 03:15:00,14.862331589278833,1010.8503030470374,90.53107130769432,8.902007407157754
2026-09-06 03:20:00,15.365850006442033,1010.5666719729091,87.00493230954845,8.371120565836168
2026-09-06 03:25:00,14.970901602336115,1010.3219243439912,88.19995385862532,1.687854300915245
2026-09-06 03:30:00,15.857484101891814,1010.1870294188064,86.36905265912634,2.0687803969821847
2026-09-06 03:35:00,15.057003848035748,1010.0470376608428,85.7775032810355,4.549419778002008
2026-09-06 03:40:00,15.360356127008346,1010.164441256963,87.14824749748723,1.8467427791563438
2026-09-06 03:45:00,15.70057307040194,1009.7809207054302,85.10061760240865,3.5813712188452906
2026-09-06 03:50:00,14.820640323299434,1009.7704346197766,86.66374412134667,2.204266450333173
2026-09-06 03:55:00,14.747471515180683,1009.6610183878854,86.24159252298828,5.529380305962098
2026-09-06 04:00:00,14.908661042424981,1009.4689038298479,86.84648895975214,9.50353447181572
2026-09-06 04:05:00,16.09436581468544,1009.2303689081767,79.66073915978492,13.158822073948633
2026-09-06 04:10:00,15.44223600007016,1009.3780738044827,86.05701985696786,3.772172165938773
2026-09-06 04:15:00,16.763101392507096,1009.2152722711919,77.08230077448802,5.2576817445290045
2026-09-06 04:20:00,15.594115720167569,1009.1957427704198,83.02917924612824,7.660223431636738
2026-09-06 04:25:00,15.976732844561738,1008.9385186776765,80.99515237778103,1.944182039170044
2026-09-06 04:30:00,16.605910687007192,1009.1011789303445,80.81944853015169,5.948597311502405
2026-09-06 04:35:00,16.880665938868407,1008.6877555254495,77.91851533770858,3.987688758530096
2026-09-06 04:40:00,16.994949425490187,1008.9790831168086,76.83625368488644,2.642610725784317
2026-09-06 04:45:00,16.74871885776429,1008.3649942740177,77.75936586198974,3.948622917205029
2026-09-06 04:50:00,16.77287354408657,1008.5991393672837,79.47804908510743,1.5458838639634567
2026-09-06 04:55:00,16.700932555246048,1008.514004781086,76.12117302324901,5.996713604473769
2026-09-06 05:00:00,16.87868046173355,1008.2341623716296,79.16648641374627,2.9687045025465166
2026-09-06 05:05:00,16.45295964596551,1008.3300537550059,79.9724491759909,3.3595183450259105
2026-09-06 05:10:00,16.45487727644036,1008.3733639549798,78.63132697652141,1.9758927020464798
2026-09-06 05:15:00,16.892095037946646,1007.7661434943767,81.26672554158586,7.778094090298663
2026-09-06 05:20:00,16.93916293047981,1008.0935388562725,73.82494009618546,4.53581952233624
2026-09-06 05:25:00,16.94217916489263,1007.5658659287814,74.95206405892081,5.067692104848293
2026-09-06 05:30:00,17.520637129741896,1007.7190387128699,71.91420795120231,5.048783105480746
2026-09-06 05:35:00,17.745129541673748,1008.0346274469872,73.63058141895841,3.998272575362182
2026-09-06 05:40:00,17.521543338922594,1007.6317069319722,76.20450804452211,2.543411186674775
2026-09-06 05:45:00,18.202546767557994,1007.4739929325536,72.26491180010753,6.430561924477711
2026-09-06 05:50:00,17.282326431358253,1007.553880877213,75.41009580626356,2.0274358973794984
2026-09-06 05:55:00,17.79104998618005,1007.8296626744116,71.242534194815,1.8214387198333997
2026-09-06 06:00:00,17.71327107175888,1007.183046474538,70.62464949691618,6.120525465613728
2026-09-06 06:05:00,17.386775366639576,1007.2408452885288,70.38812602260839,2.6619732386504182
2026-09-06 06:10:00,18.235539875996402,1007.566319989752,72.76129848632941,3.329192357910587
2026-09-06 06:15:00,18.356894875601967,1007.565939823558,69.92200338379533,4.416436235015003
2026-09-06 06:20:00,19.149641728157043,1007.219755734437,65.00254593431238,4.248401195267868
2026-09-06 06:25:00,18.93686650979782,1006.9997917933463,67.15648299632504,6.107196510700454
2026-09-06 06:30:00,18.416684228518626,1007.4527811760719,66.91333010378133,5.435425161039138
2026-09-06 06:35:00,19.71127455816805,1007.3326797204136,62.91826489018868,5.592550758894713
2026-09-06 06:40:00,19.602714674622703,1007.152791762333,63.76490496251928,6.153989922760507
2026-09-06 06:45:00,19.493112017250585,1006.8888230874825,64.28208722183851,3.2360244243135767
2026-09-06 06:50:00,19.316881473691332,1006.9653257784684,63.788735952179344,3.4307822137187145
2026-09-06 06:55:00,19.172053814307606,1006.9128475405189,63.11971261024967,4.175110179293958
2026-09-06 07:00:00,19.55637464799214,1006.952932928523,63.121470968064976,3.3337097449663378
2026-09-06 07:05:00,20.29117883722868,1007.0894952479663,62.476857834944234,11.26570192272423
2026-09-06 07:10:00,20.760850382626057,1006.9743835489032,58.29403067269447,7.133667115254362
2026-09-06 07:15:00,20.776484009821004,1006.6535230725378,58.791185997686156,2.3328695423748163
2026-09-06 07:20:00,20.1165712701626,1006.9962377769398,58.65392548226107,0.4119445577327651
2026-09-06 07:25:00,20.01786128881725,1006.813281638382,61.252809510745465,1.1500846303900483
2026-09-06 07:30:00,20.676251532694142,1006.8477708900431,57.80697316369342,2.909275605257318
2026-09-06 07:35:00,20.067220097536367,1006.9448748501212,61.20580218824027,1.9160783416713003
2026-09-06 07:40:00,21.058990029750195,1006.5400526039164,57.97910840769107,4.801567090389051
2026-09-06 07:45:00,21.026155354979235,1006.6849517237874,58.540838705758034,7.68406214317964
2026-09-06 07:50:00,21.05451947539979,1006.5957072757632,58.50445826499509,6.353992603563128
2026-09-06 07:55:00,20.758972554118664,1006.4268317484516,59.76846403246831,2.7103771142199586
2026-09-06 08:00:00,21.75831324409937,1006.7020064966407,55.405765430362365,3.9264699869086663
2026-09-06 08:05:00,21.49582965877867,1007.0160434409099,54.12856923881418,4.671731310823244
2026-09-06 08:10:00,21.396915082740154,1006.3538431821452,55.402861480667845,7.213834466039235
2026-09-06 08:15:00,20.871801478614277,1006.6167048591858,57.52430344337362,7.628870311245568
2026-09-06 08:20:00,22.16529544696022,1006.7103781703441,53.12423012069836,8.826460835621539
2026-09-06 08:25:00,23.04048548224646,1006.6264746931762,50.20678481357937,4.84235779897693
2026-09-06 08:30:00,23.150978402090818,1006.5856337301952,48.740499306948685,6.299948921294709
2026-09-06 08:35:00,22.458050769449613,1006.4030901765977,50.563701128174486,2.0090151848455178
2026-09-06 08:40:00,22.553862167592538,1006.6289448980789,50.85065094305262,5.368694144085153
2026-09-06 08:45:00,23.135476333190002,1006.4771550058865,50.22048219017317,3.1705379721718194
2026-09-06 08:50:00,22.701113082793025,1006.2593156597994,50.7573780034643,4.492613387539548
2026-09-06 08:55:00,23.37288505672287,1006.7645212227524,48.99394361309733,6.038728306032644
2026-09-06 09:00:00,23.709421670305098,1006.7269150767411,49.347140589124265,3.3079092743911365
2026-09-06 09:05:00,24.04362457745459,1006.5889294877625,47.7418671421577,1.4158165070715147
2026-09-06 09:10:00,23.661612564039064,1006.6136649828366,50.46892064715979,0.6249218721734674
2026-09-06 09:15:00,23.76790999612759,1006.7385773820247,48.54486637931123,0.9291850202836976
2026-09-06 09:20:00,23.644695918831843,1006.6091115255045,49.44172616121899,0.5725270034752914
2026-09-06 09:25:00,23.810372767375977,1006.7089021991642,46.94028292921956,2.1534114423794035
2026-09-06 09:30:00,24.194418766852547,1006.5262281615783,46.41118515250011,3.3182420448714796
2026-09-06 09:35:00,24.57441501683079,1006.7648156947488,42.84744913089338,3.1932041901662336
2026-09-06 09:40:00,24.93385853998988,1006.6128262505177,45.90652405158955,13.37526195832132
2026-09-06 09:45:00,24.38653140720533,1006.5899362564697,47.22205287758874,3.9122636324300872
2026-09-06 09:50:00,25.4426049379586,1006.3657778716882,42.404140663326864,2.4055906552622233
2026-09-06 09:55:00,24.87308142035918,1006.594037818772,44.25965205551323,5.824217172312553
2026-09-06 10:00:00,25.107187559027917,1006.4200696142711,43.32292793836976,9.220246432272653
2026-09-06 10:05:00,24.94918399511222,1006.4420640312659,44.88015533201213,7.070385669156052
2026-09-06 10:10:00,24.408766539865415,1006.4074352005254,47.165620577692856,3.9593302706986266
2026-09-06 10:15:00,25.860464718864307,1006.3606515945847,38.90992432348388,6.104534082543523
2026-09-06 10:20:00,25.92788909889029,1006.8289791758677,41.940990890919174,7.574381623991185
2026-09-06 10:25:00,25.644778689959953,1006.6983960940235,42.2735025659875,7.761165684209652
2026-09-06 10:30:00,25.906050533094213,1006.7738638527818,42.8800488515189,7.167311471554747
2026-09-06 10:35:00,26.20529506504822,1006.2880992067791,41.11975492302284,9.837940196014666
2026-09-06 10:40:00,25.491222104760688,1006.466490077991,42.979958017297264,9.877855301350293
2026-09-06 10:45:00,26.019532856106352,1006.2445240341505,42.381438687568945,6.464289713196263
2026-09-06 10:50:00,26.66130332390627,1006.3153628226238,39.331727957811346,5.236774635717148
2026-09-06 10:55:00,25.951794082075953,1006.261526146835,42.87571389813295,7.112099030622572
2026-09-06 11:00:00,26.678254349259852,1006.5630183043068,40.03336467927822,9.212709009894182
2026-09-06 11:05:00,26.122870008375372,1006.2937388947505,41.359830997365904,0.5337249397033996
2026-09-06 11:10:00,26.954039088591383,1006.4877335477399,38.060000682996716,15.648889245577784
2026-09-06 11:15:00,26.852411569817562,1006.3905661142876,39.01053184470752,3.215234417920494
2026-09-06 11:20:00,26.31699842976554,1006.6160944663709,43.03398604724294,5.727309617763051
2026-09-06 11:25:00,27.522458402869304,1006.0173273500446,38.582879477241804,10.346376523703375
2026-09-06 11:30:00,26.85331401865144,1006.3948883532404,40.72733854471168,3.6583371677099477
2026-09-06 11:35:00,26.91066352945068,1006.3427664716957,41.16709812149236,5.854616970079278
2026-09-06 11:40:00,27.399582723812482,1005.9876058085233,38.39045490312989,2.75392627099171
2026-09-06 11:45:00,27.860329489907866,1006.2454922140042,37.64053105699116,5.1962815059421
2026-09-06 11:50:00,27.072948053689633,1006.1036370653236,39.280297496531645,3.2477811955336304
2026-09-06 11:55:00,27.579188944565974,1005.9758610627102,35.688634557997176,4.962029749006807
2026-09-06 12:00:00,27.798078613055072,1005.8411283027157,37.86569248645057,5.063535015941738
2026-09-06 12:05:00,27.972582389151388,1005.8095564816832,37.241099594357124,16.58893571654396
2026-09-06 12:10:00,27.831417934226888,1006.1755706840694,38.651843887938284,17.092217286340595
2026-09-06 12:15:00,27.676205869228344,1005.8168568431358,37.45498544728379,2.6094586773525017
2026-09-06 12:20:00,27.550794235974223,1005.8807212591273,37.269907322902036,8.526284418548766
2026-09-06 12:25:00,27.971703546469033,1005.5894224893967,35.66915421223564,1.731938374774957
2026-09-06 12:30:00,27.56037477047687,1005.5337641772396,38.06024634241618,1.3188860232527075
2026-09-06 12:35:00,26.86921129688907,1005.7537786709496,39.08407086204252,2.5189972924805843
2026-09-06 12:40:00,28.25740295208638,1005.3278666714888,36.75796556854488,13.884297284267857
2026-09-06 12:45:00,28.485858311079603,1005.4049598695683,36.03137796349758,12.752278260842415
2026-09-06 12:50:00,27.217067628441217,1005.4074389885968,38.86792373437001,3.5278950633921617
2026-09-06 12:55:00,27.792730226115232,1005.352329262197,38.27200518490275,3.196598918848476
2026-09-06 13:00:00,28.475068314714623,1005.2402888020412,35.9946070400487,3.9996291318131934
2026-09-06 13:05:00,29.07756935468438,1005.2563453367886,34.84031102363532,6.501441579524954
2026-09-06 13:10:00,28.286413665914576,1005.2290634415535,35.04242762099158,7.023057224123858
2026-09-06 13:15:00,28.006762245311673,1005.1618931932917,38.78022823308884,3.832739018589263
2026-09-06 13:20:00,28.240997837517238,1004.8288494430149,36.23499106516217,9.113695600081913
2026-09-06 13:25:00,28.876611032291258,1004.8576428084219,34.98371841588667,4.670777909841359
2026-09-06 13:30:00,28.07707698979466,1005.0016171263525,36.97858337273311,12.27242650956249
2026-09-06 13:35:00,28.020875078077985,1004.8773971212231,37.45719579770842,7.948505065218084
2026-09-06 13:40:00,28.148821384263872,1004.4568024167871,38.3775924846028,5.8239590993967685
2026-09-06 13:45:00,27.95822442495173,1004.6337947091196,36.79166601450804,9.612118469156222
2026-09-06 13:50:00,28.382525504948966,1004.2015693637916,36.68590451868082,10.046518372602565
2026-09-06 13:55:00,28.973490785704048,1004.4215444293701,35.16684489531264,4.510400737305906
2026-09-06 14:00:00,28.439271535055546,1004.614424969017,37.621571150414624,4.9608741908745895
2026-09-06 14:05:00,28.191776943674085,1004.1019728027046,35.361305093541716,12.763892224493247
2026-09-06 14:10:00,28.15493195603551,1004.0326346760636,35.29112433303802,3.2660671422629526
2026-09-06 14:15:00,27.62158117389075,1004.1853342083062,38.72865782381747,1.5969260292735263
2026-09-06 14:20:00,28.57157047888846,1003.7516686934996,37.305276550326575,5.983857633461313
2026-09-06 14:25:00,28.57157047888846,1003.8000414589411,35.792223843005026,9.77027624174918
2026-09-06 14:30:00,28.57157047888846,1003.8958888096608,36.37858553270799,9.334939452610124
2026-09-06 14:35:00,28.57157047888846,1003.6224466393929,35.86756077610472,12.182431561723293
2026-09-06 14:40:00,28.57157047888846,1003.5931577836507,38.476324187150276,6.691722066715213
2026-09-06 14:45:00,28.57157047888846,1003.6510406593341,39.031805317519556,2.486491108105646
2026-09-06 14:50:00,28.57157047888846,1003.5134996068093,37.197477701347744,7.208502832652095
2026-09-06 14:55:00,28.57157047888846,1003.4012408890491,36.43163969552056,9.37468676702412
2026-09-06 15:00:00,28.57157047888846,1003.221496310479,37.55655401647669,2.3867054488662296
2026-09-06 15:05:00,28.57157047888846,1003.2393171543387,40.074172975647414,3.3139912239115907
2026-09-06 15:10:00,28.57157047888846,1003.077088947272,37.005507631555915,0.8449643228098662
2026-09-06 15:15:00,28.57157047888846,1003.0766585976914,37.2373956617747,7.196284049804617
2026-09-06 15:20:00,28.57157047888846,1002.8463850332773,37.702509338618135,11.167943748213624
2026-09-06 15:25:00,28.57157047888846,1002.807174298424,37.493125245368326,7.957275499182092
2026-09-06 15:30:00,28.57157047888846,1002.6004972986752,39.910743746181545,15.101958856701428
2026-09-06 15:35:00,28.57157047888846,1002.6590655031058,37.02833816159185,1.9172108776124388
2026-09-06 15:40:00,28.57157047888846,1002.4589832503895,39.06441972842085,11.446404840236221
2026-09-06 15:45:00,27.517051668454386,1002.3309295936343,36.22727954125579,9.693117233515126
2026-09-06 15:50:00,27.27703550838565,1002.4554192518165,38.95798998619526,4.576592599327266
2026-09-06 15:55:00,26.648500760816734,1002.3683871200028,39.19812879706282,14.156907066173767
2026-09-06 16:00:00,26.630265084035763,1002.375126214829,40.7592106648879,4.31536443140576
2026-09-06 16:05:00,27.19709277121155,1002.1156966016015,38.0618421411878,10.949928020598518
2026-09-06 16:10:00,26.545446418208634,1002.1657810992012,41.60888787172527,10.72617227274595
2026-09-06 16:15:00,26.409014345037942,1002.1130218215095,42.875242879891076,8.725801417666645
2026-09-06 16:20:00,26.076456868313976,1002.0246498710608,41.44310904408571,6.64814839154866
2026-09-06 16:25:00,26.512940108113234,1001.7633986284586,42.8742811535078,2.6008263768562694
2026-09-06 16:30:00,27.050516346467504,1001.8408212127366,41.83386462046847,6.313158797714504
2026-09-06 16:35:00,25.677560786257157,1001.8061377876322,43.79850275528341,4.793415901725141
2026-09-06 16:40:00,25.990442779841775,1001.6876934401548,42.068755028363356,9.006767673039354
2026-09-06 16:45:00,26.41899094238961,1001.3108114378326,43.96892652938398,8.523085023463338
2026-09-06 16:50:00,25.692815155404887,1001.5871527113775,42.64151547922947,11.067279528919972
2026-09-06 16:55:00,25.773466640722756,1001.836444685624,43.10401858928977,0.86654362197731
2026-09-06 17:00:00,25.03274122274415,1001.3942907267528,46.28704099221556,9.079652017287703
2026-09-06 17:05:00,25.491595274710846,1001.2851150330762,45.30020063221363,11.723939765496983
2026-09-06 17:10:00,25.10544148837598,1001.3987060484469,45.89433010057318,8.718391292578405
2026-09-06 17:15:00,25.432132024422998,1001.3403297750751,44.7243044140711,2.595879617064332
2026-09-06 17:20:00,25.367911689215013,1001.4255856854296,44.32822464204192,2.013104190737335
2026-09-06 17:25:00,25.78153990742758,1001.0136675914134,42.60134017774687,0.9981311750750641
2026-09-06 17:30:00,24.828029531918837,1001.2702301472852,45.503288286624105,6.807971026725156
2026-09-06 17:35:00,24.57472705253249,1001.2097933003148,47.40826653164246,6.778291783533634
2026-09-06 17:40:00,24.368231882082366,1001.063170966411,47.488789697914314,14.080590712983163
2026-09-06 17:45:00,23.993186641314757,1001.1011353066698,46.728762781098034,4.789197345671478
2026-09-06 17:50:00,24.11179607936059,1001.1731823396686,49.28187053486082,4.243643258216692
2026-09-06 17:55:00,23.698235776434416,1001.1206463987335,49.683029588104134,6.572193852747573
2026-09-06 18:00:00,23.721889943103758,1000.7919927130534,48.0428555470746,8.72212785415736
2026-09-06 18:05:00,24.017841127746667,1001.0627299239452,48.51127576407334,10.897309384887949
2026-09-06 18:10:00,22.922741834867708,1000.9088761252289,53.071175876847526,8.30657290151249
2026-09-06 18:15:00,23.61420092532993,1000.9109905968456,48.406656180595554,4.827950267819264
2026-09-06 18:20:00,23.516394599192775,1000.8951158136421,50.443696871072504,6.454220619595652
2026-09-06 18:25:00,22.77210400129638,1000.8482588658798,51.34056897757578,8.89478052179719
2026-09-06 18:30:00,21.79893216001728,1001.0387740119312,58.230310922740536,5.208632589162215
2026-09-06 18:35:00,22.23152472546583,1000.8392232930279,54.642433203913946,3.112085923041914
2026-09-06 18:40:00,22.81914494808222,1000.6781254863686,52.34076328951442,2.6965106204561224
2026-09-06 18:45:00,22.11568589062796,1000.7837863003947,54.61358498244746,0.07796286064198354
2026-09-06 18:50:00,21.548469370249244,1000.8688248535997,57.7951978033153,6.934669601926894
2026-09-06 18:55:00,21.568587967237548,1001.0280147374716,58.284316855083155,2.0987141950915924
2026-09-06 19:00:00,21.928084048474005,1000.9380721642597,55.69033909419693,3.2087630840971966
2026-09-06 19:05:00,21.630978404896478,1000.7263193738505,57.51415792593789,3.581710703933924
2026-09-06 19:10:00,21.1363527885996,1001.2352350385404,58.91464568074175,5.41773171121773
2026-09-06 19:15:00,20.904109525383895,1000.9129401557302,58.58967197554996,4.223599550863574
2026-09-06 19:20:00,20.712404392265608,1001.0774518699783,60.2029099626434,6.233081386840489
2026-09-06 19:25:00,20.317848678281276,1000.8783957962719,60.48040275826016,1.3960164442811878
2026-09-06 19:30:00,21.150187215863337,1000.9981917204955,60.44766663088583,2.1051240469502575
2026-09-06 19:35:00,20.191934649414055,1001.0630998050167,63.27861022539124,4.7730185367457425
2026-09-06 19:40:00,20.624236705414994,1001.1407858225082,61.212027119550555,3.6486120491323875
2026-09-06 19:45:00,20.562177788176577,1001.1393499588006,63.246975386471576,3.3423622687496235
2026-09-06 19:50:00,20.169104608778305,1001.1359961858966,62.685257505791235,1.473983085028467
2026-09-06 19:55:00,19.413195134428427,1000.9839795322921,64.19331692320812,8.341694040041345
2026-09-06 20:00:00,19.563415824781327,1000.9731281782377,67.10248782927069,5.967098672331575
2026-09-06 20:05:00,19.20842702123021,1001.137915696847,67.96681620458783,1.9805642713300138
2026-09-06 20:10:00,18.672990363595442,1001.2585283324833,71.04668451748557,1.4263770829398983
2026-09-06 20:15:00,18.980848413121237,1001.1169967377109,68.04218687658907,10.556266423423633
2026-09-06 20:20:00,18.196473421444132,1001.3432467851072,72.46672941489363,5.880385471937769
2026-09-06 20:25:00,18.960579949697582,1001.4355576577906,68.3995259494855,4.04297021125836
2026-09-06 20:30:00,18.117597362806404,1001.115445256688,73.42586219997236,6.049399099480344
2026-09-06 20:35:00,18.202444273295143,1001.1635223971259,68.7886005967881,6.535397442428486
2026-09-06 20:40:00,18.05451430084861,1001.3050138425248,73.78472380795081,6.767360429806647
2026-09-06 20:45:00,17.65762080665851,1001.4099667702413,77.82284673338528,4.433739204140074
2026-09-06 20:50:00,17.81669083511339,1001.3235416706264,73.33812153096004,4.122848028617167
2026-09-06 20:55:00,17.21381085899307,1001.644007397326,76.72677084589296,0.5791827586631404
2026-09-06 21:00:00,17.575059954455476,1001.544186664389,75.37579414373953,8.88764475893427
2026-09-06 21:05:00,16.51200836709066,1001.526243445587,79.08606864966619,5.288571928896847
2026-09-06 21:10:00,16.92598207467443,1001.3449405627333,75.39518236260467,2.620989580309589
2026-09-06 21:15:00,17.47728244496139,1001.403106987075,76.4096441211276,8.732336738984893
2026-09-06 21:20:00,16.1291887666174,1001.6828361645961,83.81360557389802,8.633954564680332
2026-09-06 21:25:00,16.08724227120662,1001.3609557410715,83.24356139111039,11.701880390778532
2026-09-06 21:30:00,16.394408913332924,1001.8727584805512,82.69737538325448,7.916795576202366
2026-09-06 21:35:00,16.092747929706086,1001.7369185691317,84.1482822521501,13.597604666544783
2026-09-06 21:40:00,15.994877310172606,1002.286549991817,86.64343975051104,2.913557040697021
2026-09-06 21:45:00,15.885726732773195,1002.1852894368532,85.6584995500324,7.474216997752505
2026-09-06 21:50:00,15.781158811713516,1001.850379549124,85.01987415328581,7.237810874217294
2026-09-06 21:55:00,15.810234608877627,1001.8995292853166,85.6141005775906,2.818377081791549
2026-09-06 22:00:00,15.371306216838791,1002.1019988906146,89.91188850370864,1.770504283234964
2026-09-06 22:05:00,14.953912062441217,1002.2445311674214,90.37660131914424,10.838573725127745
2026-09-06 22:10:00,15.1645650070094,1001.7788713608971,88.85970726477949,3.258543675014318
2026-09-06 22:15:00,15.502763534169272,1001.791184046774,88.35315983550707,7.869238074808798
2026-09-06 22:20:00,14.539257148280877,1001.9993638521229,90.23256038645972,0.3537015270292516
2026-09-06 22:25:00,14.054292274976895,1002.2124949684417,91.83597957130888,0.8017365699441404
2026-09-06 22:30:00,14.741090844719924,1002.2308424559336,90.02080325966573,4.355494672445906
2026-09-06 22:35:00,14.106688612658544,1002.3467442541931,90.03172942008864,2.8723855646701115
2026-09-06 22:40:00,13.144849265600676,1002.034962325387,91.27110732014894,5.950865608392722
2026-09-06 22:45:00,14.214519710041083,1001.8947395571939,91.04485830635302,5.0219168208691185
2026-09-06 22:50:00,13.525674945109184,1002.3966509947885,90.12753910420045,1.561966181105526
2026-09-06 22:55:00,13.570531388575503,1002.1679919229165,90.94728335020133,2.3171077453611564
2026-09-06 23:00:00,13.609219465376805,1002.0121502260198,91.38025149176721,3.8543327654532757
2026-09-06 23:05:00,13.425113576831333,1002.3577629834435,90.61839584048604,2.4921047039486126
2026-09-06 23:10:00,13.50804284839366,1002.4743899503997,91.93870718929851,6.894303745296129
2026-09-06 23:15:00,12.928335026104945,1002.3548013947334,89.73683181648947,4.0340712357098445
2026-09-06 23:20:00,13.189014033468576,1002.3203752280334,90.96398785256933,1.7225547888663695
2026-09-06 23:25:00,12.764224154161495,1002.3793007954686,91.17063389272185,4.476044741641351
2026-09-06 23:30:00,13.050919991157917,1002.3599485274704,91.05310605178954,1.697284155914107
2026-09-06 23:35:00,12.892029102435773,1002.2238100344539,90.4941440665963,2.0434652120297456
2026-09-06 23:40:00,12.165376306182994,1002.3274228771072,90.40003453983712,2.878574101077219
2026-09-06 23:45:00,12.870846245689481,1002.5195321644859,90.81691161158224,7.705390077783333
2026-09-06 23:50:00,12.122248644493975,1002.4943993589146,90.9500888320017,8.843059732362908
2026-09-06 23:55:00,12.563362342145515,1002.4742453231203,90.87451152359247,7.276195021916177
2026-09-07 00:00:00,12.293927958539554,1002.300727727722,91.07434807946217,3.5070061457430843
2026-09-07 00:05:00,12.792571403698185,1002.4218108779048,90.07992143595294,3.1018618249151335
2026-09-07 00:10:00,11.88164843486757,1002.1195878207418,90.41131946931888,4.908987130467347
2026-09-07 00:15:00,11.74853631159827,1002.4681116783166,90.04576871591723,6.221582168778472
2026-09-07 00:20:00,11.801252397806072,1002.6489536348278,90.32645580413529,12.318736777019271
2026-09-07 00:25:00,11.61207061578055,1002.2048972814387,91.01370697036508,2.065754276086977
2026-09-07 00:30:00,11.98124108098666,1002.3276467908329,90.58624200214682,1.2365622952966813
2026-09-07 00:35:00,10.946294131410271,1002.4525711470969,91.76209017251159,5.988017214975922
2026-09-07 00:40:00,11.106562807017568,1002.5769788811249,90.5668146024224,7.348494310111135
2026-09-07 00:45:00,11.039824739852769,1002.3058762721065,90.4951915376867,7.52730821713086
2026-09-07 00:50:00,11.78969949423345,1002.2515760477769,90.57178518795328,5.858582764856197
2026-09-07 00:55:00,12.040198731334195,1002.0406649501873,90.21751266544176,9.65161072864864
2026-09-07 01:00:00,11.264321223597078,1002.3304391250743,90.45244483842126,4.651980928741997
2026-09-07 01:05:00,11.192512837983225,1002.5985327698828,91.04013803077147,8.61106949874106
2026-09-07 01:10:00,11.245816825046646,1002.3095526347879,90.53702971147577,10.19529382295221
2026-09-07 01:15:00,11.644134493696003,1002.2388192897618,90.11164240921508,7.537904039054236
2026-09-07 01:20:00,10.773879102425589,1002.2632293012568,89.9837769910658,3.3487450614786085
2026-09-07 01:25:00,11.20947051166621,1002.1846147353533,90.25235232764976,2.5704735217575863
2026-09-07 01:30:00,11.47738353124276,1002.0343592615185,90.53345997764754,4.901912651101826
2026-09-07 01:35:00,11.264814530014343,1002.2485763183172,91.07819156551486,4.272099793688935
2026-09-07 01:40:00,11.12118273580933,1002.1265333014228,89.80091065120395,7.973587686886275
2026-09-07 01:45:00,11.430650814294626,1002.0617823543672,90.33329187860284,1.7855587688834855
2026-09-07 01:50:00,9.937737215870206,1001.8782708154208,90.45828951731313,3.002696656055109
2026-09-07 01:55:00,11.282898078301626,1002.1845814657241,89.56583392123531,6.492600684528126
2026-09-07 02:00:00,10.746758335205492,1002.0523670753142,90.02757674435821,1.7375611495465082
2026-09-07 02:05:00,10.276699910881158,1001.8325417100912,90.07065557571845,3.420572226213779
2026-09-07 02:10:00,11.217921519741534,1002.0278706375634,90.08007064580937,3.848600674647177
2026-09-07 02:15:00,11.571311587102906,1001.764466373503,90.5991472446301,5.429236094394938
2026-09-07 02:20:00,10.979192245758192,1001.682785522501,90.38073293245832,2.2818890447219804
2026-09-07 02:25:00,11.431554448357046,1001.6466861781655,90.21562624142226,7.720479893948233
2026-09-07 02:30:00,11.715450297839778,1001.4552025861412,90.72741238287408,4.236707844193592
2026-09-07 02:35:00,11.62053061460595,1001.7515764420575,91.3682344139308,8.677417985981185
2026-09-07 02:40:00,11.778456241648444,1001.366013045303,91.33752535993784,4.368493528973107
2026-09-07 02:45:00,11.451093270464675,1001.4162127848492,89.53327303980913,3.1192281811518727
2026-09-07 02:50:00,11.220038521158248,1001.2489887899518,90.76674285865553,2.150997186327367
2026-09-07 02:55:00,10.588535397940428,1001.5074159344323,90.34401471651205,0.3369002603080529
2026-09-07 03:00:00,11.174168394435474,1001.4580285661204,90.55251328684106,4.7936011795640585
2026-09-07 03:05:00,10.982360807991482,1001.392172563518,90.26209772092686,1.8516645554892204
2026-09-07 03:10:00,12.238874603570386,1001.2458400684909,90.60923334283758,3.87792023980938
2026-09-07 03:15:00,11.354729156327982,1001.1879898069975,90.56350614840635,5.188175108645941
2026-09-07 03:20:00,11.53267341042408,1001.3957255808925,90.21098193045184,3.1235455227722553
2026-09-07 03:25:00,11.765988113068216,1001.2064777129391,90.06882979866806,2.4140163471168177
2026-09-07 03:30:00,11.628502604093491,1001.3003471427794,90.28291505205573,6.714548150272949
2026-09-07 03:35:00,12.358383918471155,1001.0848778430491,90.67598857798507,9.42015454203303
2026-09-07 03:40:00,11.504207195356251,1001.2106304016658,90.79793313499293,1.7894027370763903
2026-09-07 03:45:00,11.907580604779941,1001.3458965484248,90.9537146061243,2.2618144290124294
2026-09-07 03:50:00,11.612751352881412,720.0,90.25904983692652,9.868159264239655
2026-09-07 03:55:00,11.465226236114669,1001.026162497566,90.63758618281409,1.0794098815968134
2026-09-07 04:00:00,11.835477741818838,1001.0974699300846,91.00318756763305,10.721669809930134
2026-09-07 04:05:00,12.155734482925597,1000.9951427657917,91.12737239145699,0.37526376300348285
2026-09-07 04:10:00,12.092563449414778,1001.0063486635898,90.51069931980636,7.910918086775343
2026-09-07 04:15:00,12.084378472806696,1000.9319030551716,90.42907188628597,3.332812243919662
2026-09-07 04:20:00,11.899164334123126,1000.9334063348621,90.62200669209997,9.187081197027386
2026-09-07 04:25:00,12.532028504625625,1000.9689935323,89.9962195017057,3.395689123509171
2026-09-07 04:30:00,12.070148498377991,1000.7691840288524,90.4417279919807,5.668475730458378
2026-09-07 04:35:00,13.085961523047166,1000.7487711372601,90.98217535696341,1.5885101817198424
2026-09-07 04:40:00,12.927902736421466,1000.6778618762038,90.91980603972925,2.897341822848755
2026-09-07 04:45:00,12.427926356260778,1000.633183193408,90.42861960730173,6.704142342463059
2026-09-07 04:50:00,13.006261691459905,1000.6798641472054,90.71317193964826,4.770217029293228
2026-09-07 04:55:00,12.951003827051048,1000.8778190416832,90.18812346637303,8.920619459120362
2026-09-07 05:00:00,13.504323075999906,1000.7136898341936,90.99078318663624,4.115568826404549
2026-09-07 05:05:00,14.040427949539959,1000.9206746894616,90.63729219113868,7.853219117644473
2026-09-07 05:10:00,12.88452141464626,1000.8472277083911,90.45782066849532,4.245841827097091
2026-09-07 05:15:00,13.813630855303712,1000.5475401467745,90.47964471749178,10.826936961539419
2026-09-07 05:20:00,13.839222745244406,1000.9443037432593,90.63083282435515,9.861338814599986
2026-09-07 05:25:00,14.310029582155012,1000.973400783844,90.47087229493901,3.474981205575159
2026-09-07 05:30:00,14.267487799525448,1000.71093848614,91.02094999085168,8.103662553502955
2026-09-07 05:35:00,14.024569442265651,1000.9338240456337,90.47746485662847,7.543869596725069
2026-09-07 05:40:00,14.343249471379352,1000.7556615293805,91.49358225308181,2.675194386130368
2026-09-07 05:45:00,14.300272755428841,1000.9147100386556,91.4267438964529,5.441773423201298
2026-09-07 05:50:00,15.199127481906933,1000.7289046549405,90.31001971337702,1.510839793791142
2026-09-07 05:55:00,14.929450572824807,1000.6707402280517,90.77220968538917,7.404054018320853
2026-09-07 06:00:00,15.835692537755731,1000.9060230314226,90.47376209253208,2.4088593556714613
2026-09-07 06:05:00,15.207259711335679,1000.971239749788,90.59302271978004,1.4905618966754088
2026-09-07 06:10:00,15.10641397639822,1000.9591117633867,91.75067381298638,3.9323686504379696
2026-09-07 06:15:00,14.944415018842689,1000.8727276252482,90.58459616332006,5.101080393695833
2026-09-07 06:20:00,14.990566176884792,1001.0245080876324,90.92165290144011,7.64173293679738
2026-09-07 06:25:00,15.241811046898318,1001.1616242040142,91.02936480787893,10.520725749467971
2026-09-07 06:30:00,16.14760572261667,1001.1537891548807,90.31988293819269,4.1847471263842255
2026-09-07 06:35:00,16.41110439296048,1001.2297229693896,90.41042534079469,1.3733596559638481
2026-09-07 06:40:00,15.743489831731765,1001.146158130549,90.18982614960436,6.467501707248431
2026-09-07 06:45:00,16.903747637369857,1001.4692307307126,89.17183600211965,5.019206155002117
2026-09-07 06:50:00,16.52360999931148,1001.1662777640071,89.42053213234698,4.238963905722595
2026-09-07 06:55:00,16.947910493944033,1001.4674606423175,88.20492402463805,3.3455403979020244
2026-09-07 07:00:00,17.707617473123584,1001.6255802810103,89.63140116395714,4.59490612702745
2026-09-07 07:05:00,17.59609773549215,1001.5767012436268,87.23162097058173,3.536790141700936
2026-09-07 07:10:00,17.305598709748878,1001.5327006337218,90.18980380129297,6.541862573292644
2026-09-07 07:15:00,17.233118093686322,1001.5445385295889,88.23735875083845,4.873103589194412
2026-09-07 07:20:00,16.90630637963144,1001.8420298177756,90.38293324611753,7.959497844051386
2026-09-07 07:25:00,17.657580438496154,1001.5380705044347,86.56115839005861,4.870723679292346
2026-09-07 07:30:00,18.039688375783406,1001.672898051339,86.82852626569111,2.869256524136916
2026-09-07 07:35:00,17.90877437407762,1001.8276130160551,86.39819386798494,7.590051457756515
2026-09-07 07:40:00,18.431173408824087,1002.1435818635128,84.45148074972467,4.964279675987037
2026-09-07 07:45:00,18.694888343710367,1002.0873673310746,81.53995580487157,2.647618087821791
2026-09-07 07:50:00,18.75503490165698,1001.9593663083991,81.06930815654164,5.435986916823119
2026-09-07 07:55:00,18.766081076966927,1002.13381928123,80.61704532940728,3.6595707902031265
2026-09-07 08:00:00,19.274840622854075,1002.1655466829723,78.0310279863023,7.502013581849426
2026-09-07 08:05:00,19.565560163554494,1002.2300078047891,77.34090232844997,4.311238732593603
2026-09-07 08:10:00,19.134054598114624,1002.5634535134217,81.71150302246377,6.3711436039778695
2026-09-07 08:15:00,20.315959388205794,1002.2922750917692,74.01665198631676,1.7884355090923865
2026-09-07 08:20:00,19.893382053456342,1002.821950508294,78.70575782335496,4.041623805945074
2026-09-07 08:25:00,20.12136358379379,1002.7885510981345,78.08393974667558,11.605797020973808
2026-09-07 08:30:00,20.577808539453105,1002.9126202181486,73.27080931800734,7.439728478380001
2026-09-07 08:35:00,20.568118107710905,1002.7651187177772,71.81098346364125,2.435812277172119
2026-09-07 08:40:00,21.035922517965723,1002.8984337291832,70.62331515460203,3.355351148105322
2026-09-07 08:45:00,20.948798809973123,1002.7930149840239,71.54319862254626,3.750904511622442
2026-09-07 08:50:00,20.7676186005387,1003.016949488227,73.07069880494545,6.126277143734264
2026-09-07 08:55:00,21.335120900129112,1003.2578562141948,69.90036622503753,7.16364769282955
2026-09-07 09:00:00,20.910155274184643,1003.4667741116367,71.9497376970136,7.141297032047965
2026-09-07 09:05:00,21.587315454810014,1003.1951446070843,69.58105269443105,5.164328008310591
2026-09-07 09:10:00,21.705884625804497,1003.395441803731,69.13403115999797,7.950693439555406
2026-09-07 09:15:00,21.81017435178544,1003.516717919752,68.43227003260436,4.705238606714771
2026-09-07 09:20:00,22.015130715595376,1003.4191849014035,68.92342313313412,2.2738005271943464
2026-09-07 09:25:00,21.48573218853589,1003.8062919028101,69.07910022077401,5.741064910630869
2026-09-07 09:30:00,22.1896313153105,1003.6978240892622,69.24633641991507,11.062673946016897
2026-09-07 09:35:00,22.615554672455016,1003.8656461607474,65.10438985876655,8.01443480333887
2026-09-07 09:40:00,22.81022393061387,1003.9152965149942,62.46735898387084,5.97798855831103
2026-09-07 09:45:00,22.501569199655364,1003.9523289652124,66.29399343914373,6.603564534895285
2026-09-07 09:50:00,23.58369824903634,1004.1567263850652,60.19732161198078,10.641639665851145
2026-09-07 09:55:00,22.894064556132363,1004.2118152735097,64.92908694074238,4.9042513590085735
2026-09-07 10:00:00,23.789706668857377,1004.2739812341633,59.30285295302286,4.187545471179309
2026-09-07 10:05:00,23.73238798927201,1004.305234950809,63.251443144918234,12.916979807583342
2026-09-07 10:10:00,23.4607310934335,1004.5462318518153,62.82835976891009,9.428605998836012
2026-09-07 10:15:00,24.58511255476707,1004.8291153143405,56.69934442636314,4.198845158023376
2026-09-07 10:20:00,23.55128411320931,1004.6837144194352,59.89253536115492,5.338073588819756
2026-09-07 10:25:00,24.54806669463553,1004.8926177753237,60.121666674272355,4.980348958770018
2026-09-07 10:30:00,24.7301517616021,1004.613869408298,57.5295481519078,2.7481258386810747
2026-09-07 10:35:00,24.208965356403155,1004.9239302890053,58.472730465188455,12.236079348490104
2026-09-07 10:40:00,25.17920922806573,1004.8121147664693,54.78488803921067,4.976441758631855
2026-09-07 10:45:00,24.664864628941714,1004.830158822343,57.99619464352152,10.029246600228898
2026-09-07 10:50:00,25.02060782939988,1005.014229367062,57.00081224367704,3.2009643406226638
2026-09-07 10:55:00,25.147031020773177,1005.3757572697863,57.43365064269893,6.255634779865797
2026-09-07 11:00:00,25.124414429956172,1005.409655169094,55.755346124963246,1.0988033849943009
2026-09-07 11:05:00,25.63510082922286,1005.3720740802291,53.987286288700766,8.521378985636618
2026-09-07 11:10:00,25.758158049834904,1005.1724297929526,55.43353786698766,6.641742761671138
2026-09-07 11:15:00,24.868623063658763,1005.4377998370459,59.186110233985026,7.090822278681011
2026-09-07 11:20:00,26.214277624955518,1005.5755581045568,51.65276444735889,1.6558392425927386
2026-09-07 11:25:00,25.14922828356277,1005.6178113839989,58.293584768060356,3.5130941972141074
2026-09-07 11:30:00,26.34605186476654,1005.3741730816507,52.810800126721865,2.0136208734916488
2026-09-07 11:35:00,26.49959678209381,1005.5745097194439,53.57748104576602,4.24753670934101
2026-09-07 11:40:00,25.725432260557085,1005.7537900942752,54.720888262245374,7.255818098721273
2026-09-07 11:45:00,26.10737116236482,1005.8971980567198,50.93464217442852,6.69789008616158
2026-09-07 11:50:00,25.936219654208003,1005.5386796965365,53.752129352655054,7.158402510823638
2026-09-07 11:55:00,26.396218515416457,1005.8931043030784,54.11541356388488,6.588564285618749
2026-09-07 12:00:00,26.45949506919713,1005.9861759412433,52.363376737845144,4.181632081692961
2026-09-07 12:05:00,26.99188853377365,1006.1374242999807,51.18524727980876,3.9336554196439906
2026-09-07 12:10:00,27.298215839074935,1006.1571439585052,49.27027589579397,2.860897967304766
2026-09-07 12:15:00,27.423146750859697,1006.1818079113546,47.64886198400073,10.27640939538789
2026-09-07 12:20:00,26.727461756304947,1006.0136215582221,53.29442786200198,7.3362027191358665
2026-09-07 12:25:00,26.95273442244873,1005.8846000205671,50.51014297868034,3.4137516672637322
2026-09-07 12:30:00,26.443745813765556,1006.1470454537132,52.69636367852094,3.3267338253672567
2026-09-07 12:35:00,26.87204160081157,1006.3894887572969,51.305305765530186,10.847005716048667
2026-09-07 12:40:00,27.654138010623047,1006.4795668326838,50.362632258774134,8.817255620236592
2026-09-07 12:45:00,27.984747670730645,1006.406530346194,47.700549847548864,7.869947685138889
2026-09-07 12:50:00,26.911573590686363,1006.391877771106,51.254568781974605,5.4913943632957185
2026-09-07 12:55:00,27.231581120995898,1006.4101192937236,50.03810514666121,4.195497266870303
2026-09-07 13:00:00,27.5176886920395,1006.2936628913264,50.04773355891113,15.029122569796753
2026-09-07 13:05:00,27.69640724777875,1006.3797361503144,47.80460159040942,9.647167530993237
2026-09-07 13:10:00,27.312979666412993,1006.6700774830773,50.478230018555564,4.583736464757814
2026-09-07 13:15:00,27.855290921403096,1006.2971664770623,47.79416685616243,10.502582965513811
2026-09-07 13:20:00,27.54132573749014,1006.6980188341108,49.35073659785223,9.144385154443036
2026-09-07 13:25:00,27.766609262606583,1006.4232292365386,49.967194139721016,4.556503618683076
2026-09-07 13:30:00,28.028752246632322,1006.6846235438243,49.1979452760528,5.727963198583418
2026-09-07 13:35:00,27.846963261438923,1006.2876729833006,48.286944419987144,3.486659585276843
2026-09-07 13:40:00,27.700292774265115,1006.5981490955899,46.15494505874279,2.6389912677534544
2026-09-07 13:45:00,27.857744296252875,1006.4100713139775,47.64625180951189,8.71601215930076
2026-09-07 13:50:00,27.889265573520884,1006.317451465984,48.09203189975742,4.295046171960217
2026-09-07 13:55:00,27.79590528348194,1006.5705865466068,48.813763749604774,10.08345816938313
2026-09-07 14:00:00,27.8559633616204,1006.6962836201848,49.559080489543554,17.939731917653116
2026-09-07 14:05:00,28.610784461994175,1006.4242532248377,46.043824954308874,2.173847700809562
2026-09-07 14:10:00,28.203809267873446,1006.3314346409263,46.93606494181908,6.1613137404104465
2026-09-07 14:15:00,27.865639524841153,1006.5470517502786,47.83911964456546,9.793912910335388
2026-09-07 14:20:00,28.263281833747676,1006.5515930923112,47.62375902100129,9.593481779052436
2026-09-07 14:25:00,27.847924745847415,1006.6502660780959,46.083496634020726,9.18291309413678
2026-09-07 14:30:00,28.443946512190777,1006.7132896774141,47.316914701095094,5.032419976053973
2026-09-07 14:35:00,28.112098689174513,1006.5643872887591,48.288636301591765,5.968625354630702
2026-09-07 14:40:00,27.90717833743635,1006.8537860742068,48.9495392973198,7.288451889766994
2026-09-07 14:45:00,28.111368551750928,1006.6110648917977,45.24133881757886,14.624808518801572
2026-09-07 14:50:00,27.282453868429652,1006.5273398037046,51.55642676689433,4.817681674959731
2026-09-07 14:55:00,27.434976383245523,1006.3394452373694,52.41097156226142,12.233006567950095
2026-09-07 15:00:00,27.37936720217672,1006.5437582757174,48.09076511487998,4.2715875385864805
2026-09-07 15:05:00,27.88176312501155,1006.5348743478636,49.68578155809259,16.177573505160243
2026-09-07 15:10:00,28.481657221403708,1006.7318496349885,46.26769141636022,8.003236263100732
2026-09-07 15:15:00,28.64167680741174,1006.6600421460489,44.23761627915184,5.984090065590691
2026-09-07 15:20:00,27.961348175887135,1006.417121518393,47.72604601398776,7.377034413708058
2026-09-07 15:25:00,27.859928950211167,1006.6238107890763,49.432905321793875,4.259025199012506
2026-09-07 15:30:00,26.88915260970869,1006.7033326138319,49.643746625235266,4.264005418112394
2026-09-07 15:35:00,27.339042210762354,1006.837217666836,50.745237516085325,2.6086199683112445
2026-09-07 15:40:00,27.18411777882553,1006.747422325195,47.83469951142373,2.6077734067397778
2026-09-07 15:45:00,27.190629004421638,1006.73567394899,47.99389506624615,4.8845136879277495
2026-09-07 15:50:00,27.30809982893872,1006.6388677430133,49.90149777127542,8.938868925807556
2026-09-07 15:55:00,27.119599942466532,1006.6975567589858,49.605631396568135,7.1887588400925075
2026-09-07 16:00:00,26.44652313193433,1006.8374257351059,50.8379127731877,2.4362772002042825
2026-09-07 16:05:00,27.463982253507538,1006.4620940526345,50.03675022843257,10.206196271356273
2026-09-07 16:10:00,26.65910596210334,1006.6230095593845,52.35212190916238,7.054020182227984
2026-09-07 16:15:00,27.104140126411206,1006.5744402482799,50.822330812597244,13.193632105073632
2026-09-07 16:20:00,27.75521063061465,1006.7636626091523,47.339060564148284,7.690589211386173
2026-09-07 16:25:00,26.471904172464814,1006.909427047577,51.826090325570924,3.192227891950391
2026-09-07 16:30:00,25.738615483685336,1006.655164877656,53.30625924173582,5.805542749193182
2026-09-07 16:35:00,26.544442556880913,1006.4077661622596,53.39903693382031,7.3782147591444325
2026-09-07 16:40:00,27.004433788812754,1006.7279301976831,48.50897484052592,1.2166692629470097
2026-09-07 16:45:00,27.24973862009754,1006.9521505438881,51.404436694132954,0.8768463579630105
2026-09-07 16:50:00,25.874126982584976,1006.9231154781751,53.20228915698484,2.6512259961810125
2026-09-07 16:55:00,26.461425994066257,1006.9360729694182,49.0688216803451,3.8170180684515964
2026-09-07 17:00:00,25.970730066780355,1006.8613062375495,53.670937434029156,5.2862115450697615
2026-09-07 17:05:00,26.00594877744828,1006.7450469422427,52.45236657397023,5.740074405272927
2026-09-07 17:10:00,26.994963996404227,1007.0499743278377,50.33329211029066,2.692509253584461
2026-09-07 17:15:00,25.222421728126772,1006.8855411683179,57.23850511014727,7.3524756066156165
2026-09-07 17:20:00,25.80903480622619,1007.3785642241756,53.5188602526422,6.583627598022591
2026-09-07 17:25:00,25.77615358220316,1007.1790894429043,52.086854702689756,4.061512364754203
2026-09-07 17:30:00,25.902600077226317,1007.0513074054172,53.77151276638524,0.8020938501819641
2026-09-07 17:35:00,25.38442460859192,1007.093941911617,54.08471925619982,1.9335116764007247
2026-09-07 17:40:00,25.34319973455052,1007.2213287870885,55.22605833069519,4.767373656470877
2026-09-07 17:45:00,24.93593750978826,1007.251359183724,53.65081386607985,2.748782412006618
2026-09-07 17:50:00,25.07080228996286,1007.5092303036046,56.206633779912025,4.595193553030071
2026-09-07 17:55:00,24.694435255671273,1007.4265042007363,55.623509007193896,6.605849646331043
2026-09-07 18:00:00,24.946977538589746,1007.3480540507826,58.034956850499704,5.875065596645388
2026-09-07 18:05:00,24.415288056180863,1007.8030428264605,58.304019334648345,3.3625796089704476
2026-09-07 18:10:00,24.576974278219044,1007.5909677862887,56.46063333062615,4.229401743169823
2026-09-07 18:15:00,24.275722047994034,1007.7654008786103,59.170459640150334,6.315767723950737
2026-09-07 18:20:00,24.597504884842632,1007.6277402608642,55.45615816011608,9.029725278857471
2026-09-07 18:25:00,23.984623699551076,1007.8447198364138,59.853213797276915,7.553993326886824
2026-09-07 18:30:00,23.152578398678735,1007.9105549320698,64.5821762265262,5.693927569664653
2026-09-07 18:35:00,24.22175970289859,1007.6564091580165,58.946263846881216,4.223819539440196
2026-09-07 18:40:00,23.208563837436216,1008.320418401718,62.9030979349228,4.2138461316060765
2026-09-07 18:45:00,23.161958889870494,1008.2922629894182,60.21063994785128,9.028002556250211
2026-09-07 18:50:00,23.036630279553776,1008.1218568570939,60.503080090931604,1.2328397641881232
2026-09-07 18:55:00,23.674998383262952,1008.1010542032584,59.539526528637595,12.859403790575861
2026-09-07 19:00:00,22.120259602129497,1008.4056301738913,66.09429072019488,6.341761291382477
2026-09-07 19:05:00,24.077991957158883,1008.4556948336192,57.43924722766942,6.439151457427846
2026-09-07 19:10:00,23.0928154262635,1008.5872741998846,61.73423355823745,1.1762363205462156
2026-09-07 19:15:00,22.606405548025005,1008.655876359921,63.92480855688964,5.718558770811717
2026-09-07 19:20:00,22.34116739111192,1008.7982132226018,62.377889396556284,4.789997519594478
2026-09-07 19:25:00,22.3227403199565,1009.03636744754,64.90642588907268,1.950929754873067
2026-09-07 19:30:00,22.261821323246643,1009.0032712162919,64.8415327655412,3.302343657935182
2026-09-07 19:35:00,22.15585375909432,1008.8611103988059,64.67980002039455,8.532656561582849
2026-09-07 19:40:00,21.964027777627596,1009.3250911279112,66.33337752400385,5.086016992928299
2026-09-07 19:45:00,21.621342002506307,1009.4705150514935,64.65828768977384,4.122125827073114
2026-09-07 19:50:00,21.350085507999754,1009.8024361391169,67.67792678056614,1.5371988015920897
2026-09-07 19:55:00,21.21189236830226,1009.2677146353734,66.90387326859006,6.208272005056879
2026-09-07 20:00:00,21.037771164626214,1009.5806037607423,66.56883884156184,6.058796076083834
2026-09-07 20:05:00,21.41260966789145,1009.341023897125,65.57628272486447,5.366463858235679
2026-09-07 20:10:00,21.04000819448417,1009.8466235868834,68.04530481373313,4.647047755234984
2026-09-07 20:15:00,19.470112978018598,1009.7927876775977,74.77723722995238,4.147964060119004
2026-09-07 20:20:00,20.752592964201625,1010.2758619893189,67.78353923365894,5.216622839158726
2026-09-07 20:25:00,20.412454774306216,1009.9843463854669,71.51147795960662,2.83548440985457
2026-09-07 20:30:00,20.171849824353664,1009.9611245337694,70.26197443668497,9.259978793577503
2026-09-07 20:35:00,19.869226131967423,1010.2584480589854,70.19475169740902,5.184788653099436
2026-09-07 20:40:00,20.320187473588074,1010.1480236538599,70.78419948200134,3.3581243333714412
2026-09-07 20:45:00,20.0961517824932,1010.6726948592044,70.45312525064548,4.2505254021504335
2026-09-07 20:50:00,19.25535981996259,1010.3663241234575,74.76350585041644,7.039728515783654
2026-09-07 20:55:00,19.575552951893357,1010.7966844008699,74.50679382431481,2.309208401298764
2026-09-07 21:00:00,18.873222143494377,1010.597244362828,76.52638687435442,3.2374970635681626
2026-09-07 21:05:00,18.560201780022183,1010.9774414791499,80.18115331401184,5.866976696301079
2026-09-07 21:10:00,18.71261706109334,1011.3885309801559,78.13072479045253,3.386190882645709
2026-09-07 21:15:00,19.160685721158778,1011.3125262790599,74.87713125996142,6.897254479297978
2026-09-07 21:20:00,19.050650441946896,1011.2450756404523,79.75604717495035,2.0563193937298
2026-09-07 21:25:00,18.72963204433409,1011.4857550723489,77.91023239274797,6.59626774127095
2026-09-07 21:30:00,18.670836034329735,1011.6085397041946,77.02404254186432,1.4634539067201278
2026-09-07 21:35:00,18.445147640738927,1011.7916002400768,80.87443044053835,0.6191488435237589
2026-09-07 21:40:00,17.841516734984435,1011.6299147832198,80.94550550640416,8.31387581084276
2026-09-07 21:45:00,18.131940826203362,1012.0373395164509,79.66516787316414,5.132105005313952
2026-09-07 21:50:00,18.14210162231238,1011.6554847954656,83.47475884283126,3.6216465725413904
2026-09-07 21:55:00,17.988197294937272,1012.0784350508128,80.95453813421656,2.8299096110247395
2026-09-07 22:00:00,18.028438550061335,1012.2104446169917,79.35046240287298,5.387255245155275
2026-09-07 22:05:00,17.70450833489812,1012.4883571371413,81.5721816127904,4.638674039976827
2026-09-07 22:10:00,17.432071591311814,1012.5052424878633,83.79477328684354,12.0238337649663
2026-09-07 22:15:00,17.591919654509596,1012.3982356771298,79.94757423823135,11.119428270939878
2026-09-07 22:20:00,17.02774889154955,1012.5671936645278,81.99273978349136,5.521751377317547
2026-09-07 22:25:00,16.562303795177474,1012.8491876962231,86.51971475804613,4.2065385819162895
2026-09-07 22:30:00,16.72878835404281,1012.9104623521894,83.06995714042334,4.520666287239165
2026-09-07 22:35:00,16.37734651625713,1012.9368103636037,86.82520123465082,5.890937851798028
2026-09-07 22:40:00,16.28892427273048,1013.0512593503441,88.49320080243955,1.800034479521705
2026-09-07 22:45:00,16.387335185554395,1013.3257963183194,86.13918245303059,3.469889782427514
2026-09-07 22:50:00,16.01684314243176,1013.2399208731689,86.57887943178673,1.5385840752016524
2026-09-07 22:55:00,16.101877469842616,1013.3987207811731,88.49278526890456,1.518149030773154
2026-09-07 23:00:00,15.361509602966828,1013.8298834219917,90.55501975592259,2.567717172391579
2026-09-07 23:05:00,16.100867407716063,1013.3813441170845,85.59393814084952,4.48201157258657
2026-09-07 23:10:00,15.915385004929337,1013.4056189150516,90.53550073834337,6.816601866321326
2026-09-07 23:15:00,15.490234746029328,1013.8873817968042,91.00885194783933,4.483602353515498
2026-09-07 23:20:00,15.985805065439054,1013.7524020373648,90.70055222594785,3.5160670339958604
2026-09-07 23:25:00,16.005094028211555,1013.8886870778259,90.66648467894392,1.61237716494257
2026-09-07 23:30:00,14.897975749093552,1013.8993085409659,90.82670900812415,4.9167804569275315
2026-09-07 23:35:00,15.14986860927946,1014.0553765134347,90.25666485843786,3.09396410759517
2026-09-07 23:40:00,15.064334630558923,1014.4097714000144,90.79922369646457,5.372970782906707
2026-09-07 23:45:00,14.916185261843387,1014.3637123229234,90.81175064268275,10.693868719452885
2026-09-07 23:50:00,15.547259426483368,1014.4438700665629,90.01010526928532,1.889405494326527
2026-09-07 23:55:00,15.0644747439312,1014.1709742850772,91.24444083920194,2.685534248702248
